timestamp,subject_id,session_id,camera_angle,angle_code,age_bracket,posture_class,x0,y0,z0,x1,y1,z1,x2,y2,z2,x3,y3,z3,x4,y4,z4,x5,y5,z5,x6,y6,z6,x7,y7,z7,x8,y8,z8,x9,y9,z9,x10,y10,z10,x11,y11,z11,x12,y12,z12,x13,y13,z13,x14,y14,z14,x15,y15,z15,x16,y16,z16,x17,y17,z17,x18,y18,z18,x19,y19,z19,x20,y20,z20,x21,y21,z21,x22,y22,z22,x23,y23,z23,x24,y24,z24,x25,y25,z25,x26,y26,z26,x27,y27,z27,x28,y28,z28,x29,y29,z29,x30,y30,z30,x31,y31,z31,x32,y32,z32,frame_quality,label
2026-09-21T21:54:20.260281,S006,S006_A1_O_20260921_2154,front,A1,older,class_0,0.5229030847549438,0.4207453727722168,-0.8172405362129211,0.565681517124176,0.3486260175704956,-0.7824949622154236,0.5882244110107422,0.35260093212127686,-0.7826991081237793,0.609727144241333,0.3555564880371094,-0.7833801507949829,0.5038959383964539,0.33779633045196533,-0.7582183480262756,0.4833570420742035,0.3336985409259796,-0.7581842541694641,0.46475642919540405,0.33001136779785156,-0.7586361765861511,0.6468502879142761,0.3748190701007843,-0.44620275497436523,0.4535585045814514,0.3391760587692261,-0.3129146695137024,0.5633959174156189,0.5103632211685181,-0.6832379102706909,0.49577251076698303,0.49569815397262573,-0.6471951603889465,0.7669730186462402,0.6968041062355042,-0.42191165685653687,0.35021209716796875,0.640015184879303,-0.09780696034431458,0.9086865186691284,1.1329352855682373,-0.9365589022636414,0.16852372884750366,0.9132090210914612,-0.8399922251701355,0.6910397410392761,0.8877391219139099,-1.2107179164886475,0.17181512713432312,0.662312924861908,-1.8900638818740845,0.6420941352844238,0.8482141494750977,-1.2988767623901367,0.1435883641242981,0.5958878397941589,-2.037449359893799,0.6327226161956787,0.7691420912742615,-1.1731626987457275,0.17055410146713257,0.5683495998382568,-1.9874709844589233,0.6371150016784668,0.7958290576934814,-1.1659842729568481,0.19568964838981628,0.6039422750473022,-1.9053184986114502,0.7329478859901428,1.4933586120605469,-0.16763199865818024,0.4329373836517334,1.4784423112869263,0.1702614426612854,0.7247501015663147,2.099163055419922,0.1736086905002594,0.4359961450099945,2.0884652137756348,0.6894621849060059,0.7318011522293091,2.669560432434082,0.9538319706916809,0.4500442147254944,2.6372032165527344,1.4597333669662476,0.7473364472389221,2.7623789310455322,1.0062147378921509,0.45041266083717346,2.718393564224243,1.5303735733032227,0.6826423406600952,2.850614070892334,0.4840635657310486,0.47982510924339294,2.847409963607788,0.9991282224655151,0.6162361103642704,0
2026-09-21T21:54:20.360168,S006,S006_A1_O_20260921_2154,front,A1,older,class_0,0.5138887166976929,0.42262718081474304,-0.9708297848701477,0.559424877166748,0.3486923575401306,-0.946700394153595,0.5823563933372498,0.3528191149234772,-0.9469931721687317,0.6069942712783813,0.35706767439842224,-0.9476007223129272,0.4918702244758606,0.33783456683158875,-0.9326709508895874,0.4677014946937561,0.33385977149009705,-0.9324921369552612,0.4548640251159668,0.3310546576976776,-0.9330394864082336,0.6447561383247375,0.38398852944374084,-0.5931887626647949,0.445769727230072,0.34539735317230225,-0.5222457647323608,0.5620183348655701,0.5125090479850769,-0.8174952268600464,0.48866182565689087,0.4957405626773834,-0.8000259399414062,0.7594473958015442,0.697723925113678,-0.42484158277511597,0.34706249833106995,0.6306276917457581,-0.17211748659610748,0.836834728717804,0.9889349341392517,-0.7102610468864441,0.16875620186328888,0.8546498417854309,-0.6410871744155884,0.6456912755966187,0.8485254049301147,-0.8217381238937378,0.20341774821281433,0.6142944693565369,-1.3212652206420898,0.5962128639221191,0.7967571020126343,-0.8577831387519836,0.19511276483535767,0.546256959438324,-1.4200905561447144,0.5952206254005432,0.728203535079956,-0.7695615887641907,0.2123597413301468,0.5251206755638123,-1.360521674156189,0.5987833142280579,0.7558631896972656,-0.7851295471191406,0.23192398250102997,0.560562789440155,-1.321753740310669,0.7113391160964966,1.4933693408966064,-0.12861809134483337,0.42777150869369507,1.4747314453125,0.1313783824443817,0.6947617530822754,2.10312819480896,-0.0031970255076885223,0.4338381886482239,2.0890848636627197,0.25631579756736755,0.6942420601844788,2.6775710582733154,0.5469316840171814,0.44571083784103394,2.6525719165802,0.6514983177185059,0.7059171795845032,2.766819477081299,0.5753474235534668,0.44769221544265747,2.733506441116333,0.6756848096847534,0.6395074129104614,2.855365753173828,0.047081515192985535,0.45859861373901367,2.852118968963623,0.13286802172660828,0.606928409830399,0
2026-09-21T21:54:20.428874,S006,S006_A1_O_20260921_2154,front,A1,older,class_0,0.5114625096321106,0.4239856004714966,-1.0170739889144897,0.5579695701599121,0.3486920893192291,-0.9945142865180969,0.5808331370353699,0.3528091311454773,-0.9948710203170776,0.6064594388008118,0.35714542865753174,-0.9954471588134766,0.4883028566837311,0.33794936537742615,-0.9799283742904663,0.4627763330936432,0.3342864215373993,-0.9797452688217163,0.4515966773033142,0.33250048756599426,-0.9802739024162292,0.6442726254463196,0.38518935441970825,-0.6372255086898804,0.44368529319763184,0.3495346009731293,-0.5631688833236694,0.562012791633606,0.5127542018890381,-0.8612949252128601,0.486825168132782,0.49579793214797974,-0.8432897329330444,0.7554899454116821,0.6930786967277527,-0.45067229866981506,0.3436749577522278,0.6228782534599304,-0.17070087790489197,0.8191118240356445,1.0273417234420776,-0.6822634339332581,0.17638881504535675,0.829762876033783,-0.4504610002040863,0.6038823127746582,0.8501747250556946,-0.7722874283790588,0.2181353121995926,0.602838397026062,-0.9813026189804077,0.5507786870002747,0.8088799118995667,-0.8094676733016968,0.21096110343933105,0.5394678115844727,-1.0598151683807373,0.5485683679580688,0.7425124645233154,-0.7341620326042175,0.22605808079242706,0.5192108154296875,-1.0129783153533936,0.5549783110618591,0.7626950144767761,-0.7396320700645447,0.24519535899162292,0.5527172088623047,-0.9830431938171387,0.7055603861808777,1.4897594451904297,-0.1264607012271881,0.4260012209415436,1.4685466289520264,0.129409521818161,0.690039336681366,2.1032934188842773,-0.07635906338691711,0.43369659781455994,2.087498903274536,0.15329553186893463,0.6879136562347412,2.6784796714782715,0.4461587965488434,0.444701611995697,2.653993844985962,0.49997296929359436,0.6991678476333618,2.7668874263763428,0.47124361991882324,0.4471021294593811,2.7351253032684326,0.5191737413406372,0.6323295831680298,2.8567681312561035,-0.07269112020730972,0.4541737139225006,2.852086067199707,-0.041453421115875244,0.5988460474375946,0
2026-09-21T21:54:20.498926,S006,S006_A1_O_20260921_2154,front,A1,older,class_0,0.5092285871505737,0.4244900047779083,-1.0467383861541748,0.5565940737724304,0.34866195917129517,-1.0248318910598755,0.579684853553772,0.3527539372444153,-1.0251966714859009,0.605896532535553,0.3571464717388153,-1.025812029838562,0.48542898893356323,0.33805838227272034,-1.0075494050979614,0.459329754114151,0.3347117006778717,-1.0074273347854614,0.4486629366874695,0.3336113691329956,-1.0079929828643799,0.6440894603729248,0.3854300081729889,-0.6708047389984131,0.44257688522338867,0.35190507769584656,-0.5812429189682007,0.5619438886642456,0.5127416253089905,-0.8922563791275024,0.4857470989227295,0.49577924609184265,-0.8701265454292297,0.7541725039482117,0.6868149638175964,-0.49170583486557007,0.3425954282283783,0.6139988303184509,-0.1877363920211792,0.8303074836730957,1.0449308156967163,-0.7393244504928589,0.17190691828727722,0.783983588218689,-0.47461041808128357,0.6060820817947388,0.866581380367279,-0.8623674511909485,0.2128276526927948,0.5378377437591553,-0.9761041402816772,0.5502897500991821,0.8435071110725403,-0.9062999486923218,0.20287808775901794,0.4674625098705292,-1.0546841621398926,0.5438222289085388,0.7716894745826721,-0.8255240321159363,0.22093570232391357,0.45421621203422546,-0.9995260238647461,0.5515457391738892,0.7854000329971313,-0.8284781575202942,0.2405516654253006,0.48978665471076965,-0.9751261472702026,0.7042609453201294,1.4866398572921753,-0.1295735388994217,0.4231274127960205,1.4638992547988892,0.1325170248746872,0.6898553371429443,2.1034770011901855,-0.05325666815042496,0.4336806833744049,2.0839345455169678,0.16287167370319366,0.6860527396202087,2.6783981323242188,0.5177114009857178,0.44373220205307007,2.6535534858703613,0.5667276978492737,0.696000874042511,2.765458106994629,0.5490192770957947,0.446027934551239,2.734975576400757,0.5929827094078064,0.6311627626419067,2.8569936752319336,-0.0001004397272481583,0.4531474709510803,2.8478174209594727,0.02407023124396801,0.5907566758229003,0
2026-09-21T21:54:20.568606,S006,S006_A1_O_20260921_2154,front,A1,older,class_0,0.506755530834198,0.4247627854347229,-1.0980000495910645,0.5543332695960999,0.3474311828613281,-1.0804835557937622,0.5768433809280396,0.35118070244789124,-1.080907940864563,0.6043066382408142,0.35612615942955017,-1.0814783573150635,0.4819808602333069,0.3376416563987732,-1.072454810142517,0.4545103907585144,0.3345259428024292,-1.072367548942566,0.4451362192630768,0.33364832401275635,-1.072898030281067,0.643212080001831,0.3851916193962097,-0.7172731161117554,0.4420703947544098,0.3523985743522644,-0.6724573373794556,0.5619848966598511,0.5127204060554504,-0.9357284307479858,0.48422837257385254,0.4957767724990845,-0.9262000322341919,0.7526592016220093,0.6814423203468323,-0.4817579388618469,0.3654946982860565,0.6147523522377014,-0.27531224489212036,0.8257544636726379,0.9763721823692322,-0.6347953081130981,0.23866674304008484,0.8147280812263489,-0.5589681267738342,0.608749270439148,0.8957359790802002,-0.7401711344718933,0.3135947585105896,0.6239405870437622,-1.1254124641418457,0.5581612586975098,0.8778453469276428,-0.7666598558425903,0.317984938621521,0.5664412379264832,-1.204117774963379,0.5612970590591431,0.8097544312477112,-0.697691798210144,0.32279467582702637,0.5427708029747009,-1.155980110168457,0.5647443532943726,0.8221109509468079,-0.7087124586105347,0.3370808959007263,0.5720832943916321,-1.1243760585784912,0.7051844000816345,1.4624897241592407,-0.11036969721317291,0.43608132004737854,1.4455206394195557,0.11298159509897232,0.6907629370689392,2.0786008834838867,-0.0077730817720294,0.45331794023513794,2.0605857372283936,0.21562090516090393,0.6890207529067993,2.652491569519043,0.5793358683586121,0.4761836528778076,2.6268649101257324,0.6130638718605042,0.7008225917816162,2.736572027206421,0.6120401620864868,0.48166361451148987,2.7026243209838867,0.6391973495483398,0.6362797617912292,2.827566385269165,0.08466880023479462,0.48799601197242737,2.8174352645874023,0.10289020836353302,0.5810184371728224,0
2026-09-21T21:54:20.633014,S006,S006_A1_O_20260921_2154,front,A1,older,class_0,0.5020049214363098,0.4245339035987854,-1.1470593214035034,0.5507422685623169,0.3434736430644989,-1.1452744007110596,0.5722893476486206,0.34647756814956665,-1.1455121040344238,0.6007622480392456,0.35165277123451233,-1.1460115909576416,0.4766136705875397,0.3355260193347931,-1.123733639717102,0.4460218846797943,0.3331969976425171,-1.123669981956482,0.4376094937324524,0.3332313299179077,-1.1241916418075562,0.6416192054748535,0.38122648000717163,-0.8395806550979614,0.4412027895450592,0.3522966206073761,-0.7350184321403503,0.5604298114776611,0.5111761093139648,-1.003321647644043,0.4744771122932434,0.49377039074897766,-0.9767755270004272,0.7515684366226196,0.6782026290893555,-0.6679776310920715,0.37707847356796265,0.6139341592788696,-0.28783249855041504,0.7832156419754028,1.006224274635315,-0.7674688100814819,0.2416120022535324,0.8477243185043335,-0.4671528935432434,0.5489413738250732,0.8357083797454834,-0.7657390832901001,0.3037152886390686,0.6997658610343933,-0.8860089182853699,0.4899696707725525,0.794070303440094,-0.7780808210372925,0.30250102281570435,0.6536263823509216,-0.9315420985221863,0.49733829498291016,0.7326329350471497,-0.6904476881027222,0.3097040057182312,0.6276575326919556,-0.8790878057479858,0.5077521204948425,0.7533162236213684,-0.7211633920669556,0.32525116205215454,0.6525124907493591,-0.8804146647453308,0.7064536809921265,1.4524604082107544,-0.11843540519475937,0.43930721282958984,1.4329924583435059,0.12066763639450073,0.6902384757995605,2.0540311336517334,-0.01776806078851223,0.4518667161464691,2.031553030014038,0.2890300452709198,0.6896349191665649,2.624685049057007,0.566575825214386,0.47304391860961914,2.5916764736175537,0.7188885807991028,0.7021523714065552,2.7117128372192383,0.6016020774841309,0.47827133536338806,2.670020818710327,0.7498885989189148,0.6360436677932739,2.796571969985962,0.09982617944478989,0.484841912984848,2.778099536895752,0.25178638100624084,0.5696444090942598,0
2026-09-21T21:54:20.700736,S006,S006_A1_O_20260921_2154,front,A1,older,class_0,0.5113862752914429,0.424390971660614,-1.0724992752075195,0.5514016151428223,0.3418296277523041,-1.0644500255584717,0.5768975019454956,0.34545257687568665,-1.0644630193710327,0.6010872721672058,0.34932082891464233,-1.0649131536483765,0.47741132974624634,0.33463796973228455,-1.0340056419372559,0.44690465927124023,0.33269670605659485,-1.0339114665985107,0.4374880790710449,0.33316680788993835,-1.034403920173645,0.6414839029312134,0.37786734104156494,-0.745128870010376,0.4388419985771179,0.35222527384757996,-0.627198338508606,0.5618064403533936,0.5102787017822266,-0.9556514024734497,0.474733829498291,0.4916350245475769,-0.8987549543380737,0.7492233514785767,0.6702073812484741,-0.42790526151657104,0.3758239150047302,0.6085816025733948,-0.2548665404319763,0.8007510900497437,1.0200753211975098,-0.52271568775177,0.23529675602912903,0.8223584890365601,-0.5429712533950806,0.5913392305374146,0.8902332782745361,-0.6058165431022644,0.2851889133453369,0.6294118165969849,-1.1513636112213135,0.5478016138076782,0.8793008923530579,-0.6305688619613647,0.27972573041915894,0.5736114978790283,-1.2343392372131348,0.5485377907752991,0.8135912418365479,-0.5646289587020874,0.29003244638442993,0.5545724034309387,-1.1900603771209717,0.5522199869155884,0.8227410912513733,-0.5763067603111267,0.30715590715408325,0.5822982788085938,-1.1539032459259033,0.7056528329849243,1.4479343891143799,-0.112376868724823,0.43908458948135376,1.4306902885437012,0.11467836797237396,0.6895668506622314,2.047149181365967,-0.022092647850513458,0.4509095549583435,2.0306854248046875,0.2556822896003723,0.6913012862205505,2.622973918914795,0.5508416295051575,0.47470831871032715,2.5927391052246094,0.671497106552124,0.7033079266548157,2.7099812030792236,0.5829759836196899,0.4804598391056061,2.6691393852233887,0.70020592212677,0.6367920637130737,2.7939136028289795,0.0768873319029808,0.4871601164340973,2.7828173637390137,0.17800113558769226,0.5615915628044273,0
2026-09-21T21:54:20.767205,S006,S006_A1_O_20260921_2154,front,A1,older,class_0,0.5190615057945251,0.42411431670188904,-0.842754065990448,0.5568866729736328,0.3400018513202667,-0.8180075883865356,0.5777770280838013,0.3426434099674225,-0.8185828328132629,0.6005958914756775,0.34524792432785034,-0.8191943168640137,0.4888366758823395,0.3339587450027466,-0.8178282976150513,0.45392918586730957,0.33243659138679504,-0.8177971839904785,0.44377970695495605,0.3331548869609833,-0.8186044692993164,0.6411516666412354,0.37538832426071167,-0.4866507053375244,0.442635715007782,0.35301315784454346,-0.4851716160774231,0.5660277605056763,0.5095183849334717,-0.700009286403656,0.4751557409763336,0.49040690064430237,-0.6979552507400513,0.745705246925354,0.6634212732315063,-0.2669500708580017,0.39992862939834595,0.6090880632400513,-0.15201710164546967,0.810686469078064,0.9607570171356201,-0.2748376429080963,0.3267371654510498,0.9285008907318115,-0.30753639340400696,0.6251543760299683,0.9390869140625,-0.3199867308139801,0.4114472270011902,0.8674086928367615,-0.7586758136749268,0.5890794992446899,0.9495581984519958,-0.35264816880226135,0.42896008491516113,0.8703196048736572,-0.8299616575241089,0.587928056716919,0.8930966258049011,-0.30935531854629517,0.42164063453674316,0.8307647705078125,-0.835820198059082,0.5912566781044006,0.893730103969574,-0.2986748516559601,0.4260563850402832,0.8361740112304688,-0.7734290957450867,0.710432231426239,1.4343608617782593,-0.10594917833805084,0.460644006729126,1.4222428798675537,0.10837464034557343,0.6904312968254089,1.996055245399475,-0.10719870030879974,0.4627830982208252,1.9904115200042725,0.24852505326271057,0.6925944089889526,2.5767314434051514,0.3828815817832947,0.4757556915283203,2.5636775493621826,0.5838292837142944,0.7044950127601624,2.6645116806030273,0.40730151534080505,0.47943371534347534,2.6450397968292236,0.6049782037734985,0.6374646425247192,2.7450456619262695,-0.04878823831677437,0.48633646965026855,2.743212938308716,0.14353086054325104,0.5493562187731379,0
2026-09-21T21:54:20.842783,S006,S006_A1_O_20260921_2154,front,A1,older,class_0,0.5240688920021057,0.4224599301815033,-0.6460257172584534,0.5560036301612854,0.3360599875450134,-0.6106097102165222,0.5779143571853638,0.34014958143234253,-0.611325740814209,0.5995548963546753,0.3423351049423218,-0.6118892431259155,0.48871177434921265,0.33132660388946533,-0.6119922399520874,0.4595703184604645,0.3309781849384308,-0.6121150255203247,0.44394293427467346,0.3317459225654602,-0.6129639148712158,0.6368273496627808,0.37508219480514526,-0.2813703417778015,0.4460363984107971,0.35356396436691284,-0.28309792280197144,0.5659089684486389,0.5072022080421448,-0.5064793825149536,0.4754754602909088,0.48799678683280945,-0.5093778967857361,0.7426521182060242,0.663739025592804,-0.1271032840013504,0.3981474041938782,0.6144464612007141,-0.04373009130358696,0.8152253031730652,0.9536762237548828,-0.2744866609573364,0.33934032917022705,0.9683200716972351,-0.3338472247123718,0.7031782865524292,0.980277419090271,-0.4508112072944641,0.4235604703426361,0.8580734729766846,-0.8746786117553711,0.6853075623512268,0.9888157248497009,-0.5097277164459229,0.44152602553367615,0.8396579027175903,-0.965674877166748,0.6784027814865112,0.9352942109107971,-0.4779052138328552,0.4318177103996277,0.8021147847175598,-0.9626140594482422,0.6751671433448792,0.936549186706543,-0.44123977422714233,0.4355390667915344,0.8165012001991272,-0.891209602355957,0.7089301347732544,1.4363903999328613,-0.07647395879030228,0.46172651648521423,1.4249725341796875,0.07902072370052338,0.6905800104141235,2.0024828910827637,-0.07652171701192856,0.46833428740501404,1.9968622922897339,0.14942091703414917,0.6968101263046265,2.5780980587005615,0.3947194516658783,0.48293107748031616,2.5690150260925293,0.4066535532474518,0.7046776413917542,2.666030168533325,0.41934555768966675,0.48139137029647827,2.6522767543792725,0.41937127709388733,0.674174427986145,2.7408738136291504,-0.009952296502888203,0.5028603076934814,2.7354722023010254,-0.024716952815651894,0.5399532442362133,0
2026-09-21T21:54:20.913584,S006,S006_A1_O_20260921_2154,front,A1,older,class_0,0.5260956287384033,0.4222298562526703,-0.7686047554016113,0.5551475286483765,0.3344329297542572,-0.7343720197677612,0.5780537128448486,0.3391405940055847,-0.7349541187286377,0.5990156531333923,0.34109964966773987,-0.7354578375816345,0.48792409896850586,0.3304395079612732,-0.7380202412605286,0.4613984525203705,0.3306652009487152,-0.7381030917167664,0.4432767331600189,0.33147794008255005,-0.7388316988945007,0.6343971490859985,0.37418678402900696,-0.3739303946495056,0.439786434173584,0.353531152009964,-0.3752329349517822,0.5657910704612732,0.5065228939056396,-0.6150873899459839,0.47605156898498535,0.4869576096534729,-0.6211729645729065,0.7302291393280029,0.6582320332527161,-0.16097621619701385,0.3977218270301819,0.6123551726341248,-0.07962970435619354,0.8168796300888062,0.9489434361457825,-0.21735449135303497,0.32232481241226196,0.9560742974281311,-0.42105960845947266,0.714525580406189,0.9792236089706421,-0.34729474782943726,0.4240262508392334,0.8134923577308655,-0.9129450917243958,0.6926113963127136,0.9894761443138123,-0.39015549421310425,0.4489259123802185,0.784514307975769,-0.9954026937484741,0.6845847368240356,0.9335340857505798,-0.3619340658187866,0.4385373592376709,0.7491998076438904,-0.9817197918891907,0.6820372939109802,0.9336320757865906,-0.3365958631038666,0.44034528732299805,0.7680015563964844,-0.9216818809509277,0.6998490691184998,1.4336341619491577,-0.0554075725376606,0.4615040719509125,1.4258761405944824,0.05802184343338013,0.686840832233429,1.978686809539795,-0.015175613574683666,0.4668760299682617,1.9742430448532104,0.21684019267559052,0.6970977187156677,2.5429675579071045,0.46696433424949646,0.4855164885520935,2.542724609375,0.5929485559463501,0.7046984434127808,2.6303200721740723,0.4999961256980896,0.48228639364242554,2.629077434539795,0.6185110807418823,0.6788142919540405,2.709444999694824,0.15938164293766022,0.509178876876831,2.706996202468872,0.1522863507270813,0.531967925345243,0
2026-09-21T21:54:20.984355,S006,S006_A1_O_20260921_2154,front,A1,older,class_0,0.5257879495620728,0.42217618227005005,-0.9405298233032227,0.5543556213378906,0.3334530293941498,-0.9096115231513977,0.5754430294036865,0.33773577213287354,-0.9102247953414917,0.5987474322319031,0.3409792184829712,-0.9107259511947632,0.4852690100669861,0.32861897349357605,-0.9193188548088074,0.4565238952636719,0.328079491853714,-0.9195625185966492,0.4421241283416748,0.32978999614715576,-0.9202665090560913,0.6335822343826294,0.3731101155281067,-0.5172622203826904,0.4342106878757477,0.35026177763938904,-0.5570605993270874,0.5644710659980774,0.5064246654510498,-0.7689307928085327,0.475536972284317,0.4860353469848633,-0.7840698957443237,0.730283260345459,0.6533693671226501,-0.24633172154426575,0.383139044046402,0.6015048623085022,-0.18750712275505066,0.8181126713752747,0.9473429918289185,-0.2672669291496277,0.3205394446849823,0.9443947672843933,-0.43399578332901,0.7022370100021362,1.0129752159118652,-0.3507613241672516,0.3960781991481781,0.814446747303009,-0.9715901613235474,0.6732384562492371,1.0420528650283813,-0.3855317234992981,0.3986402153968811,0.795924723148346,-1.0572888851165771,0.668229877948761,0.9806063175201416,-0.3592234253883362,0.4011220335960388,0.7569491863250732,-1.0505809783935547,0.6675881147384644,0.9735393524169922,-0.33550435304641724,0.4123765528202057,0.7717913389205933,-0.982979953289032,0.6935980319976807,1.429180383682251,-0.06842033565044403,0.4515913128852844,1.4234416484832764,0.07097823172807693,0.6802536845207214,1.9581443071365356,0.005747304763644934,0.46462923288345337,1.9584683179855347,0.32317644357681274,0.6972233057022095,2.520902156829834,0.5879782438278198,0.4850817322731018,2.52461576461792,0.7920249700546265,0.7061642408370972,2.6110103130340576,0.6275264024734497,0.4837523102760315,2.609388589859009,0.8275062441825867,0.6780486106872559,2.691628932952881,0.22735822200775146,0.5059123039245605,2.7022290229797363,0.3917774558067322,0.5276147845045974,0
2026-09-21T21:54:21.050296,S006,S006_A1_O_20260921_2154,front,A1,older,class_0,0.5235433578491211,0.42185863852500916,-0.9476453065872192,0.5490764379501343,0.3301704227924347,-0.9236096143722534,0.5744620561599731,0.3354592025279999,-0.9242170453071594,0.5949956178665161,0.33828482031822205,-0.9247756004333496,0.4805842339992523,0.3257392942905426,-0.9205657839775085,0.4567502439022064,0.325918585062027,-0.9206744432449341,0.4402519762516022,0.3266085684299469,-0.9213789105415344,0.633642852306366,0.37212079763412476,-0.5687016844749451,0.4442799687385559,0.3491843640804291,-0.5475828647613525,0.5594125986099243,0.5051904320716858,-0.7887676954269409,0.47571229934692383,0.48551520705223083,-0.7871471643447876,0.7309832572937012,0.6540277004241943,-0.33263421058654785,0.3865111172199249,0.6020494699478149,-0.1317996084690094,0.8185478448867798,0.9475541710853577,-0.36381301283836365,0.30713534355163574,0.944466769695282,-0.2016739547252655,0.6675577163696289,0.9953016638755798,-0.44451504945755005,0.3742685914039612,0.8480345010757446,-0.6792186498641968,0.6193967461585999,1.0103477239608765,-0.4836651384830475,0.3840900659561157,0.8446140885353088,-0.7416508793830872,0.6232188940048218,0.9464912414550781,-0.44418972730636597,0.3806476891040802,0.8007473349571228,-0.7561415433883667,0.630118727684021,0.9453877210617065,-0.42288637161254883,0.3904343247413635,0.8084017038345337,-0.6967939734458923,0.6962035894393921,1.430908441543579,-0.11508709192276001,0.455737441778183,1.4238861799240112,0.11748387664556503,0.6812773942947388,1.9474265575408936,-0.10493721812963486,0.4634992182254791,1.9462244510650635,0.32983359694480896,0.6982024908065796,2.51798677444458,0.45422178506851196,0.4839688837528229,2.511723756790161,0.7376777529716492,0.7122153043746948,2.6086044311523438,0.4854796826839447,0.4854227602481842,2.5931968688964844,0.7633510828018188,0.6718813180923462,2.6859166622161865,0.05028720572590828,0.48338764905929565,2.695725202560425,0.3724208176136017,0.5218075504314832,0
2026-09-21T21:54:21.121376,S006,S006_A1_O_20260921_2154,front,A1,older,class_0,0.522376537322998,0.42157813906669617,-0.9402082562446594,0.5463128685951233,0.32812201976776123,-0.9146577715873718,0.5738257765769958,0.33389848470687866,-0.9152222871780396,0.5927071571350098,0.3364453613758087,-0.9157915115356445,0.47809481620788574,0.3239156901836395,-0.9108567237854004,0.4569264352321625,0.3244718611240387,-0.9109435081481934,0.43895548582077026,0.32463228702545166,-0.9116263389587402,0.6337105631828308,0.3712572455406189,-0.5632410645484924,0.4836905598640442,0.36522480845451355,-0.5358135104179382,0.5565785765647888,0.5042296051979065,-0.7830027341842651,0.4758443832397461,0.4849437177181244,-0.7799657583236694,0.7313429713249207,0.6538006663322449,-0.33309268951416016,0.38960522413253784,0.6027304530143738,-0.12212379276752472,0.8185259699821472,0.9455402493476868,-0.3383387327194214,0.3122023642063141,0.946531355381012,-0.1851184368133545,0.659664511680603,0.9912706613540649,-0.4042443335056305,0.37734508514404297,0.8534300327301025,-0.6284247636795044,0.609047532081604,0.9959728121757507,-0.4433225095272064,0.3926706612110138,0.8492364883422852,-0.6895290613174438,0.6141714453697205,0.9312190413475037,-0.40576091408729553,0.3824206292629242,0.8048745393753052,-0.7098358273506165,0.6222911477088928,0.9359561204910278,-0.3836544156074524,0.389816015958786,0.812252938747406,-0.6477957963943481,0.6970834732055664,1.429429531097412,-0.11950354278087616,0.4593692421913147,1.4218660593032837,0.12191486358642578,0.6809792518615723,1.936031699180603,-0.1176764965057373,0.4632583260536194,1.9350193738937378,0.31183964014053345,0.698131799697876,2.507161855697632,0.42761263251304626,0.48321670293807983,2.504692792892456,0.6494792699813843,0.7123469114303589,2.597003221511841,0.4573277533054352,0.48487454652786255,2.5875158309936523,0.6701250076293945,0.666589081287384,2.675049304962158,0.02700086310505867,0.4745101034641266,2.687439441680908,0.25653940439224243,0.5168603544165804,0
2026-09-21T21:54:21.190904,S006,S006_A1_O_20260921_2154,front,A1,older,class_0,0.5141021013259888,0.4214375913143158,-0.7105176448822021,0.545515775680542,0.32800790667533875,-0.687151312828064,0.5680437684059143,0.33232736587524414,-0.6878281831741333,0.5909808874130249,0.3356013298034668,-0.6883118152618408,0.4780084490776062,0.32390448451042175,-0.6758031249046326,0.4577048718929291,0.324467271566391,-0.675809383392334,0.4385475218296051,0.3238380253314972,-0.6765304207801819,0.6305781602859497,0.3690316379070282,-0.3728424608707428,0.48198503255844116,0.35736769437789917,-0.3155830502510071,0.5565399527549744,0.5042245984077454,-0.570892333984375,0.4774058759212494,0.48491257429122925,-0.5574091076850891,0.7308396100997925,0.6536999344825745,-0.22980566322803497,0.38860008120536804,0.6028319001197815,0.03468920290470123,0.8192470669746399,0.9431533217430115,-0.3397921621799469,0.3127515912055969,0.9480048418045044,-0.1341036707162857,0.6629773378372192,0.9833628535270691,-0.4679868817329407,0.3708394467830658,0.8597599267959595,-0.6808592081069946,0.6182151436805725,0.9888917803764343,-0.48451536893844604,0.38376930356025696,0.8536832928657532,-0.7544302344322205,0.621156632900238,0.9272422194480896,-0.42633524537086487,0.3745794892311096,0.8131914734840393,-0.7782201170921326,0.6267105340957642,0.9292394518852234,-0.4414878785610199,0.3824906051158905,0.820900559425354,-0.7068794369697571,0.6963341236114502,1.4274529218673706,-0.12584951519966125,0.4587272107601166,1.4211491346359253,0.12846896052360535,0.6721593737602234,1.9079512357711792,-0.16804258525371552,0.4627099931240082,1.9062753915786743,0.25327304005622864,0.6962069272994995,2.487920045852661,0.31399303674697876,0.48437827825546265,2.491513967514038,0.512650191783905,0.7112026810646057,2.57843279838562,0.3396228849887848,0.4869329333305359,2.5779008865356445,0.5265505909919739,0.6634606122970581,2.6588821411132812,-0.06632791459560394,0.47490137815475464,2.6694600582122803,0.12114325910806656,0.5089449910658665,0
2026-09-21T21:54:21.301919,S006,S006_A1_O_20260921_2154,front,A1,older,class_0,0.5151600241661072,0.42084941267967224,-0.7765976190567017,0.5456565618515015,0.3280303180217743,-0.7475599646568298,0.5685833692550659,0.3323868215084076,-0.7482227683067322,0.5910083055496216,0.33553948998451233,-0.7488707304000854,0.4781429171562195,0.3238350749015808,-0.7425159811973572,0.4592396318912506,0.3244311213493347,-0.7425475716590881,0.4385264813899994,0.3222528100013733,-0.743321418762207,0.6299232244491577,0.36874210834503174,-0.3921797573566437,0.4553869664669037,0.3486100137233734,-0.3673751950263977,0.5565733909606934,0.5028856992721558,-0.6235054731369019,0.4777541756629944,0.4814518094062805,-0.6184624433517456,0.7311851382255554,0.6562777757644653,-0.21268096566200256,0.37909916043281555,0.6031148433685303,-0.027312207967042923,0.820205569267273,0.9445524215698242,-0.3522690534591675,0.29982951283454895,0.954615592956543,-0.3111788332462311,0.6843165159225464,1.0879709720611572,-0.5335967540740967,0.3702526390552521,0.8621295094490051,-1.0840001106262207,0.6532821655273438,1.1222708225250244,-0.589587390422821,0.3797360062599182,0.8532583713531494,-1.1890251636505127,0.6461342573165894,1.0647127628326416,-0.564545214176178,0.3703937530517578,0.8149711489677429,-1.1838099956512451,0.6462863683700562,1.0564485788345337,-0.525269091129303,0.3791965842247009,0.8261798620223999,-1.1019333600997925,0.6961206793785095,1.4288445711135864,-0.12560196220874786,0.4507290720939636,1.4228569269180298,0.1281595379114151,0.6735081076622009,1.9409754276275635,-0.12607915699481964,0.45239725708961487,1.9465575218200684,0.23103347420692444,0.692565381526947,2.538581371307373,0.4048556685447693,0.46673116087913513,2.5408213138580322,0.5497243404388428,0.7063707113265991,2.6336910724639893,0.43406185507774353,0.4678231179714203,2.628936290740967,0.5685234069824219,0.657386064529419,2.70941162109375,-0.015535230748355389,0.4655594229698181,2.7203376293182373,0.09234992414712906,0.5027621141140999,0
2026-09-21T21:54:21.382392,S006,S006_A1_O_20260921_2154,front,A1,older,class_0,0.5129923224449158,0.4208212196826935,-0.8429710268974304,0.5467020273208618,0.328547865152359,-0.8095064163208008,0.5687990784645081,0.33256059885025024,-0.8102688789367676,0.5922262072563171,0.33611080050468445,-0.8110069036483765,0.47986602783203125,0.3248611390590668,-0.7971658706665039,0.4601292610168457,0.32537972927093506,-0.7972622513771057,0.44350433349609375,0.3252677619457245,-0.7980302572250366,0.6307977437973022,0.36875879764556885,-0.407024621963501,0.4516471326351166,0.3492136299610138,-0.3902628421783447,0.5575417280197144,0.5032885074615479,-0.67899489402771,0.4772202968597412,0.4809745252132416,-0.666324257850647,0.7313117384910583,0.6635541319847107,-0.24300646781921387,0.37698787450790405,0.6033717393875122,-0.05265253782272339,0.8203378915786743,0.946969747543335,-0.4771363139152527,0.27787092328071594,0.9241905212402344,-0.38197195529937744,0.6977538466453552,1.1017369031906128,-0.7074604034423828,0.3051691949367523,0.7967225909233093,-1.1285220384597778,0.668067455291748,1.1372841596603394,-0.7684352993965149,0.2999395430088043,0.7727702856063843,-1.2269179821014404,0.6590808033943176,1.0819021463394165,-0.7304849028587341,0.30208244919776917,0.7467843294143677,-1.2173877954483032,0.6579257249832153,1.0730795860290527,-0.6942751407623291,0.3165142238140106,0.766318142414093,-1.1464409828186035,0.6964105367660522,1.4497712850570679,-0.13515400886535645,0.44979923963546753,1.4379985332489014,0.13774248957633972,0.6743701100349426,1.9682338237762451,-0.11452201753854752,0.4493378698825836,1.9625656604766846,0.29439276456832886,0.6951388716697693,2.557467460632324,0.46108970046043396,0.4666396677494049,2.5477261543273926,0.6990405917167664,0.7113862037658691,2.6544721126556396,0.49288278818130493,0.4681641161441803,2.6341776847839355,0.726189374923706,0.6573058366775513,2.7233457565307617,0.02547048032283783,0.4635213017463684,2.7297232151031494,0.2528654634952545,0.4975840701848607,0
2026-09-21T21:54:21.452569,S006,S006_A1_O_20260921_2154,front,A1,older,class_0,0.512027382850647,0.4208053648471832,-0.8570547103881836,0.5474532842636108,0.32921430468559265,-0.8247241973876953,0.568881630897522,0.332955539226532,-0.8255240321159363,0.5929641127586365,0.3371013402938843,-0.8263208270072937,0.4813794493675232,0.3256288468837738,-0.8071244955062866,0.4610191881656647,0.3260078728199005,-0.8072765469551086,0.4468345642089844,0.3272387683391571,-0.80804443359375,0.6312395930290222,0.3690313696861267,-0.41114315390586853,0.44823211431503296,0.3499719798564911,-0.4089760184288025,0.5582374930381775,0.5041946768760681,-0.6931833028793335,0.4769887328147888,0.48081931471824646,-0.674553632736206,0.7314619421958923,0.6782625317573547,-0.26789000630378723,0.374349445104599,0.6035447716712952,-0.050182878971099854,0.842398464679718,0.950527012348175,-0.4868076741695404,0.256597101688385,0.9008508920669556,-0.3786798119544983,0.7196459174156189,1.131096601486206,-0.7015358209609985,0.2530617117881775,0.7662860751152039,-1.0763417482376099,0.6946929097175598,1.1752839088439941,-0.7588784098625183,0.23706233501434326,0.7400515675544739,-1.168304204940796,0.6828681230545044,1.1216185092926025,-0.7270674109458923,0.24594609439373016,0.7177903652191162,-1.1605486869812012,0.6796767711639404,1.1091067790985107,-0.6903958320617676,0.2642848789691925,0.7382178902626038,-1.0946857929229736,0.6968487501144409,1.465631365776062,-0.14506015181541443,0.4485957622528076,1.450873851776123,0.1476469784975052,0.6748667359352112,1.979302167892456,-0.10799144208431244,0.44638046622276306,1.9682596921920776,0.3531935214996338,0.697510838508606,2.5620694160461426,0.5070663094520569,0.46653851866722107,2.5481443405151367,0.7960386872291565,0.7164562344551086,2.659858226776123,0.5417991876602173,0.4682420790195465,2.634321928024292,0.8278001546859741,0.6563681364059448,2.7254984378814697,0.08528894931077957,0.4593071937561035,2.7307276725769043,0.3739467263221741,0.4933830166630673,0
2026-09-21T21:54:21.525903,S006,S006_A1_O_20260921_2154,front,A1,older,class_0,0.5202151536941528,0.42254921793937683,-0.8602123260498047,0.5563262701034546,0.33652961254119873,-0.825160801410675,0.5795530676841736,0.34283238649368286,-0.8260427713394165,0.5999693274497986,0.34749332070350647,-0.8269835710525513,0.4892575740814209,0.32875287532806396,-0.809989333152771,0.47120556235313416,0.32986095547676086,-0.8101951479911804,0.4541455805301666,0.33025723695755005,-0.8110210299491882,0.6342095732688904,0.37725409865379333,-0.4364162087440491,0.4481676518917084,0.3532114326953888,-0.41580861806869507,0.5638839602470398,0.5062313079833984,-0.694360613822937,0.4821869730949402,0.4810757040977478,-0.6791239976882935,0.7317508459091187,0.6890048980712891,-0.2715940773487091,0.3720542788505554,0.6032809019088745,-0.060099005699157715,0.8508235812187195,0.9535537958145142,-0.4861142039299011,0.2287108451128006,0.8803425431251526,-0.38785824179649353,0.740589439868927,1.1536227464675903,-0.6979981660842896,0.2323198765516281,0.7497376799583435,-1.0594667196273804,0.7252577543258667,1.206518292427063,-0.7538784742355347,0.21783295273780823,0.7245128154754639,-1.1473844051361084,0.7093580365180969,1.1553988456726074,-0.7283083200454712,0.23212388157844543,0.7019668221473694,-1.1392300128936768,0.7030512094497681,1.1411603689193726,-0.6909690499305725,0.24893887341022491,0.7229400873184204,-1.0765883922576904,0.6961281299591064,1.4709852933883667,-0.15249842405319214,0.44445353746414185,1.4555189609527588,0.155037060379982,0.6750825643539429,2.0007033348083496,-0.09920422732830048,0.446336030960083,1.9872832298278809,0.3446195721626282,0.7002509832382202,2.58876633644104,0.5044376254081726,0.4698519706726074,2.5632128715515137,0.7649089097976685,0.719252347946167,2.6856260299682617,0.537979006767273,0.4738427698612213,2.646711587905884,0.794258713722229,0.6568657755851746,2.7523767948150635,0.06836040318012238,0.4614025056362152,2.7464072704315186,0.35359981656074524,0.487290994243019,0
2026-09-21T21:54:21.589068,S006,S006_A1_O_20260921_2154,front,A1,older,class_0,0.5283095836639404,0.42416396737098694,-0.536960780620575,0.5689517259597778,0.3428584933280945,-0.5147126317024231,0.5889401435852051,0.3483506739139557,-0.5153772234916687,0.6073472499847412,0.3528883159160614,-0.5159972906112671,0.5061795115470886,0.33501073718070984,-0.49346956610679626,0.4836062788963318,0.3350108563899994,-0.4935901165008545,0.4679374098777771,0.3373498320579529,-0.4944072663784027,0.639844536781311,0.3838925063610077,-0.24689392745494843,0.4565572142601013,0.361759752035141,-0.15213491022586823,0.5738307237625122,0.509037435054779,-0.4200911521911621,0.49204617738723755,0.48306313157081604,-0.39475101232528687,0.7325755953788757,0.6852372884750366,-0.19895386695861816,0.41880330443382263,0.6198751926422119,0.14037734270095825,0.8495590090751648,0.9569563269615173,-0.3784865438938141,0.322063148021698,0.9099453687667847,-0.05948616936802864,0.7356439232826233,0.9555812478065491,-0.3725176751613617,0.34593573212623596,0.7848260998725891,-0.46524763107299805,0.7157294750213623,0.9588907361030579,-0.4019564986228943,0.34310561418533325,0.7604509592056274,-0.5203083753585815,0.6969647407531738,0.9216163158416748,-0.3635384440422058,0.34875351190567017,0.7302684783935547,-0.5053273439407349,0.6913716793060303,0.9291162490844727,-0.3551653325557709,0.35941606760025024,0.7486012578010559,-0.4760192036628723,0.7210262417793274,1.4665992259979248,-0.15323665738105774,0.4869394898414612,1.4545314311981201,0.15575315058231354,0.6895778179168701,1.9711543321609497,-0.1565731316804886,0.4798380434513092,1.9603675603866577,0.2797498106956482,0.7176218032836914,2.546926975250244,0.2874779999256134,0.5117744207382202,2.530851125717163,0.5037640333175659,0.736737847328186,2.6409711837768555,0.31217724084854126,0.517785906791687,2.6152937412261963,0.5146387815475464,0.6784268617630005,2.696640729904175,-0.060692280530929565,0.4956267476081848,2.6995246410369873,0.14568547904491425,0.4813881780754662,0
2026-09-21T21:54:21.666955,S006,S006_A1_O_20260921_2154,front,A1,older,class_0,0.5268258452415466,0.42323917150497437,-0.9178272485733032,0.5687922835350037,0.3427901566028595,-0.891362190246582,0.5894324779510498,0.34810778498649597,-0.891980767250061,0.6091790795326233,0.3527916371822357,-0.8926806449890137,0.5048601031303406,0.33486148715019226,-0.8762527704238892,0.48332661390304565,0.33468711376190186,-0.8761401176452637,0.4663919508457184,0.3372263014316559,-0.8768256902694702,0.640247642993927,0.38255447149276733,-0.5219133496284485,0.45336413383483887,0.35924607515335083,-0.45019903779029846,0.5734536051750183,0.5067815184593201,-0.7565096020698547,0.49072161316871643,0.47993841767311096,-0.7394217252731323,0.731904149055481,0.673345148563385,-0.3482414484024048,0.40493807196617126,0.6111425161361694,0.08021504431962967,0.8460982441902161,0.9573720097541809,-0.5417735576629639,0.27682000398635864,0.8980012536048889,-0.20418445765972137,0.7238391637802124,0.9730404615402222,-0.7496852874755859,0.2882902920246124,0.8115209341049194,-0.5552962422370911,0.6934775114059448,0.98629230260849,-0.8146530389785767,0.28107303380966187,0.8106536865234375,-0.6612071394920349,0.6797009706497192,0.9424789547920227,-0.7585016489028931,0.2883986532688141,0.7820665836334229,-0.6567254066467285,0.676267683506012,0.9457563757896423,-0.7278357744216919,0.30170947313308716,0.7915058732032776,-0.5331975221633911,0.7197011709213257,1.4658350944519043,-0.16751296818256378,0.47846999764442444,1.454134225845337,0.1703365445137024,0.6892271041870117,1.9724185466766357,-0.14093685150146484,0.46736955642700195,1.9619852304458618,0.30140918493270874,0.7167822122573853,2.55363130569458,0.3065860867500305,0.5047684907913208,2.5343873500823975,0.6100708842277527,0.7362796664237976,2.649808168411255,0.338392436504364,0.5163871645927429,2.6191515922546387,0.6245509386062622,0.6755679845809937,2.7112722396850586,-0.017817985266447067,0.4832054674625397,2.7120940685272217,0.16329994797706604,0.47792033808813855,0
2026-09-21T21:54:21.734994,S006,S006_A1_O_20260921_2154,front,A1,older,class_0,0.523596465587616,0.4200415015220642,-0.8982874155044556,0.5681027173995972,0.3423920273780823,-0.8711050152778625,0.5890337228775024,0.3474704623222351,-0.8717480897903442,0.6091572642326355,0.35258668661117554,-0.8724446296691895,0.5043500661849976,0.33422034978866577,-0.8575080633163452,0.48207616806030273,0.3337267339229584,-0.8574470281600952,0.4655492305755615,0.3368373513221741,-0.8581493496894836,0.6402266025543213,0.38168400526046753,-0.5102059841156006,0.4501461386680603,0.35710233449935913,-0.4449528753757477,0.5725595951080322,0.5044438242912292,-0.7416142821311951,0.48857468366622925,0.47771555185317993,-0.7260679006576538,0.7314984202384949,0.6671434044837952,-0.3503795266151428,0.39743295311927795,0.6094791293144226,0.026098500937223434,0.8439559936523438,0.9575884342193604,-0.5487368106842041,0.27074843645095825,0.8998890519142151,-0.19335325062274933,0.7192228436470032,1.0328975915908813,-0.781448483467102,0.28589391708374023,0.8689595460891724,-0.7714070081710815,0.6879712343215942,1.0553128719329834,-0.8568412065505981,0.2808915972709656,0.8847202062606812,-0.8590256571769714,0.6759210824966431,1.0032858848571777,-0.8099848628044128,0.2870503067970276,0.85118168592453,-0.8497129678726196,0.6735125780105591,1.0015027523040771,-0.7643481492996216,0.2997826933860779,0.8548625707626343,-0.7752202749252319,0.717594563961029,1.4654183387756348,-0.1780177652835846,0.4757044315338135,1.4539364576339722,0.18088313937187195,0.6887935400009155,1.9734423160552979,-0.16292858123779297,0.46386876702308655,1.9653716087341309,0.3094332814216614,0.7164753079414368,2.5597176551818848,0.3738604187965393,0.503421425819397,2.5450100898742676,0.6314103603363037,0.7370857000350952,2.6567115783691406,0.40388360619544983,0.5119794607162476,2.6295998096466064,0.6514721512794495,0.6746944785118103,2.7213070392608643,-0.04064889997243881,0.4783550202846527,2.7289998531341553,0.1918676197528839,0.47415524108730484,0
2026-09-21T21:54:21.809247,S006,S006_A1_O_20260921_2154,front,A1,older,class_0,0.523984968662262,0.4200257658958435,-0.8405449986457825,0.5679484605789185,0.34234246611595154,-0.8182954788208008,0.5902536511421204,0.3472904562950134,-0.8190504908561707,0.6096750497817993,0.35224518179893494,-0.8198040127754211,0.5031576752662659,0.33413317799568176,-0.8044578433036804,0.4817675054073334,0.3338363468647003,-0.8045018315315247,0.46472224593162537,0.33667629957199097,-0.8052520751953125,0.6402977108955383,0.38014671206474304,-0.4781206548213959,0.4499486982822418,0.3551112115383148,-0.4135293960571289,0.5722345113754272,0.5025145411491394,-0.6909841299057007,0.4879061281681061,0.4759271442890167,-0.6764229536056519,0.7304269671440125,0.6603219509124756,-0.33239561319351196,0.3965083062648773,0.6033045053482056,0.011051108129322529,0.8495802879333496,0.9531172513961792,-0.47913509607315063,0.26541268825531006,0.8861834406852722,-0.230885311961174,0.7538701891899109,1.0633445978164673,-0.6176061034202576,0.28626713156700134,0.8005436658859253,-0.8181091547012329,0.7328919172286987,1.1010864973068237,-0.6705425977706909,0.2819119989871979,0.7876378297805786,-0.8941811323165894,0.7204135060310364,1.049679160118103,-0.6443578600883484,0.288192480802536,0.7619917988777161,-0.8828734159469604,0.7152620553970337,1.0419137477874756,-0.6077466011047363,0.3010334372520447,0.7779948711395264,-0.8306275606155396,0.7164090275764465,1.461450457572937,-0.17331761121749878,0.471747487783432,1.4528697729110718,0.1761007457971573,0.6946675181388855,1.9747446775436401,-0.13442856073379517,0.4722272455692291,1.9666839838027954,0.32112962007522583,0.7312375903129578,2.559497833251953,0.44374990463256836,0.5221172571182251,2.543952703475952,0.6833904981613159,0.7519966959953308,2.655613899230957,0.4781534671783447,0.5323553085327148,2.6272644996643066,0.7095974683761597,0.689184308052063,2.7220847606658936,0.0484943650662899,0.5070602893829346,2.7260079383850098,0.2729366421699524,0.4704799262002449,0
2026-09-21T21:54:21.876369,S006,S006_A1_O_20260921_2154,front,A1,older,class_0,0.5254805088043213,0.4201333820819855,-0.7309994697570801,0.568896472454071,0.34218379855155945,-0.7045472860336304,0.5926613211631775,0.34714165329933167,-0.7053312063217163,0.6115604043006897,0.3520032465457916,-0.7061094045639038,0.5025860071182251,0.3340628445148468,-0.6935060620307922,0.48196521401405334,0.33398833870887756,-0.6934518218040466,0.46412554383277893,0.3366104066371918,-0.6941912770271301,0.6412850022315979,0.37999576330184937,-0.3770241141319275,0.45009756088256836,0.35507550835609436,-0.3265529274940491,0.5718802213668823,0.5025586485862732,-0.5885186195373535,0.4872138500213623,0.4757506251335144,-0.5774761438369751,0.7305125594139099,0.6600362658500671,-0.26885971426963806,0.3944873511791229,0.6036012172698975,0.05003497749567032,0.8444894552230835,0.955295741558075,-0.43748098611831665,0.26970481872558594,0.9113025665283203,-0.21586874127388,0.7430910468101501,1.0642485618591309,-0.5752886533737183,0.30819815397262573,0.8365405797958374,-0.8356094360351562,0.7190869450569153,1.0966867208480835,-0.629496693611145,0.3098445236682892,0.8285579681396484,-0.9106155633926392,0.7095027565956116,1.0445305109024048,-0.5977885127067566,0.31398412585258484,0.7975437641143799,-0.9053829908370972,0.7055220603942871,1.0391545295715332,-0.5630298852920532,0.3254181146621704,0.8109332323074341,-0.8518397212028503,0.7135344743728638,1.4612300395965576,-0.17075106501579285,0.47132954001426697,1.452728509902954,0.17347392439842224,0.6942955255508423,1.9866337776184082,-0.17088551819324493,0.4705251157283783,1.985809564590454,0.257304847240448,0.7293795347213745,2.578125238418579,0.31553220748901367,0.5208643674850464,2.5678486824035645,0.5218954086303711,0.7488834857940674,2.6736133098602295,0.33763623237609863,0.5274235010147095,2.652722120285034,0.535237729549408,0.6887632012367249,2.7395217418670654,-0.10272051393985748,0.5037670135498047,2.7433366775512695,0.09175010025501251,0.46715012869346095,0
2026-09-21T21:54:21.947652,S006,S006_A1_O_20260921_2154,front,A1,older,class_0,0.5266290903091431,0.41910287737846375,-0.6546879410743713,0.569589376449585,0.34211599826812744,-0.6283933520317078,0.594146192073822,0.3469996154308319,-0.629172682762146,0.6127607822418213,0.35185909271240234,-0.629921555519104,0.5023805499076843,0.33401381969451904,-0.6139816045761108,0.4823232591152191,0.33409085869789124,-0.613899827003479,0.46381229162216187,0.3366222083568573,-0.6146395206451416,0.6418998837471008,0.3799881637096405,-0.3186114430427551,0.4503552317619324,0.35530051589012146,-0.2530785799026489,0.5715334415435791,0.5021921992301941,-0.5205342173576355,0.48710641264915466,0.4756167531013489,-0.5050002932548523,0.730573832988739,0.6595261693000793,-0.24241633713245392,0.39323896169662476,0.6051740646362305,0.0980265736579895,0.837496280670166,0.9502401947975159,-0.4345983564853668,0.2871891260147095,0.931269645690918,-0.14524857699871063,0.7416356801986694,1.0538203716278076,-0.5534223318099976,0.3413476347923279,0.8487177491188049,-0.708733081817627,0.7137534022331238,1.0784060955047607,-0.6068717241287231,0.34754735231399536,0.8389719128608704,-0.77559894323349,0.7040789127349854,1.0299140214920044,-0.5706679224967957,0.34938615560531616,0.806567907333374,-0.7676109075546265,0.7010408043861389,1.028825283050537,-0.5389211177825928,0.35911187529563904,0.819911539554596,-0.7236847281455994,0.7128242254257202,1.4600965976715088,-0.16868533194065094,0.46881428360939026,1.4526101350784302,0.1713697612285614,0.6942227482795715,1.9894667863845825,-0.18521109223365784,0.46936002373695374,1.9902243614196777,0.2376450002193451,0.728803277015686,2.581390857696533,0.26285091042518616,0.5203875303268433,2.573125123977661,0.471154123544693,0.7482907772064209,2.6762783527374268,0.2825794816017151,0.5240336656570435,2.6585640907287598,0.4811238646507263,0.6865472197532654,2.7416107654571533,-0.1516401171684265,0.5014988780021667,2.7455787658691406,0.04689140245318413,0.46408476602201437,0
2026-09-21T21:54:22.032190,S006,S006_A1_O_20260921_2154,front,A1,older,class_0,0.524124026298523,0.4190877079963684,-0.6340221166610718,0.5694066882133484,0.34198492765426636,-0.6105566620826721,0.5926357507705688,0.34695878624916077,-0.6112760901451111,0.6125553846359253,0.3516874611377716,-0.6119375824928284,0.5019998550415039,0.33425870537757874,-0.5955389142036438,0.48210087418556213,0.3343702554702759,-0.5955967307090759,0.4635114073753357,0.3368554413318634,-0.5963631868362427,0.6407343745231628,0.37987250089645386,-0.31595540046691895,0.45077070593833923,0.3564947545528412,-0.2445666790008545,0.5704426169395447,0.5021471381187439,-0.5057734847068787,0.487017959356308,0.47562459111213684,-0.4880995750427246,0.7306314706802368,0.6579193472862244,-0.21249839663505554,0.3943791687488556,0.6095901131629944,0.07329536229372025,0.8439262509346008,0.9485493302345276,-0.37211182713508606,0.31297725439071655,0.9498271346092224,-0.14179186522960663,0.7530070543289185,1.0565736293792725,-0.5102257132530212,0.383334755897522,0.8591665029525757,-0.6357535719871521,0.7371200323104858,1.0809653997421265,-0.5620587468147278,0.3973484933376312,0.8475202918052673,-0.6999770998954773,0.727443516254425,1.033693552017212,-0.5388596653938293,0.3936649560928345,0.8125299215316772,-0.6955350637435913,0.7215421795845032,1.031185507774353,-0.5021570324897766,0.3995969593524933,0.8251615166664124,-0.6497174501419067,0.7127171754837036,1.4509748220443726,-0.14964063465595245,0.4711095690727234,1.4484878778457642,0.1522189825773239,0.7005150318145752,1.9831262826919556,-0.17029476165771484,0.4827752709388733,1.9834445714950562,0.20554418861865997,0.7363954782485962,2.572265148162842,0.2872369885444641,0.5276870131492615,2.564171552658081,0.4380808472633362,0.7530688047409058,2.665107011795044,0.30936530232429504,0.5299527645111084,2.6497304439544678,0.4490375518798828,0.7064946889877319,2.731315851211548,-0.11325546354055405,0.5269368886947632,2.728497266769409,0.027181366458535194,0.4604393442189603,0
2026-09-21T21:54:22.094387,S006,S006_A1_O_20260921_2154,front,A1,older,class_0,0.5207540392875671,0.4192184507846832,-0.8085874319076538,0.5686367154121399,0.34153473377227783,-0.776795506477356,0.5907593965530396,0.34608858823776245,-0.7775874733924866,0.6121680736541748,0.3513907790184021,-0.778394341468811,0.5019025802612305,0.3342055380344391,-0.7731495499610901,0.48111429810523987,0.3343491554260254,-0.7731232047080994,0.4632616639137268,0.3369962275028229,-0.7738182544708252,0.6401646733283997,0.37981945276260376,-0.41190505027770996,0.4482007920742035,0.35604432225227356,-0.391824871301651,0.5696417093276978,0.502280592918396,-0.651556670665741,0.4804319739341736,0.4749407470226288,-0.6488254070281982,0.7276836633682251,0.6580943465232849,-0.24377179145812988,0.3766312003135681,0.6082479953765869,-0.01002007257193327,0.842160701751709,0.9574792981147766,-0.3793167471885681,0.29747575521469116,0.9478534460067749,-0.22069767117500305,0.7496955990791321,1.0567667484283447,-0.5801527500152588,0.37223124504089355,0.8535516858100891,-0.7926846742630005,0.7336826920509338,1.080804705619812,-0.6414389610290527,0.3768063187599182,0.842885434627533,-0.8660147786140442,0.723268985748291,1.0323306322097778,-0.6087592840194702,0.37803322076797485,0.8084737062454224,-0.8667945861816406,0.7183420658111572,1.0297996997833252,-0.567653238773346,0.38791948556900024,0.821001410484314,-0.8082149624824524,0.704526424407959,1.4508942365646362,-0.1476081758737564,0.45707017183303833,1.4486849308013916,0.1502193957567215,0.7001693248748779,1.9873472452163696,-0.12699881196022034,0.47879892587661743,1.9913580417633057,0.24630506336688995,0.7351682782173157,2.5751426219940186,0.4207889437675476,0.521287739276886,2.5672314167022705,0.5926237106323242,0.7521988153457642,2.668148994445801,0.44982266426086426,0.5245309472084045,2.6514575481414795,0.6148234605789185,0.7032688856124878,2.7373759746551514,-0.015099761076271534,0.5198308825492859,2.7363228797912598,0.14213038980960846,0.4587929328042788,0
2026-09-21T21:54:22.162184,S006,S006_A1_O_20260921_2154,front,A1,older,class_0,0.5247304439544678,0.42307955026626587,-0.809262752532959,0.5684967041015625,0.3428446352481842,-0.7799475789070129,0.5907066464424133,0.3480953276157379,-0.7807081341743469,0.6120855808258057,0.3527064621448517,-0.7815485000610352,0.5033000707626343,0.33667483925819397,-0.7748309969902039,0.48527631163597107,0.33824193477630615,-0.7748348712921143,0.4675728678703308,0.33919858932495117,-0.7755709886550903,0.6401569843292236,0.38169777393341064,-0.424081027507782,0.45173677802085876,0.36091411113739014,-0.39574185013771057,0.5698413252830505,0.5057486891746521,-0.6566576957702637,0.48630291223526,0.4793139100074768,-0.6508110761642456,0.7306200265884399,0.66219162940979,-0.23596835136413574,0.38133737444877625,0.617820143699646,-0.06754685938358307,0.8551862835884094,0.9599485993385315,-0.3371627628803253,0.3230128586292267,0.9801772236824036,-0.2963055670261383,0.7713042497634888,1.1329843997955322,-0.5425264239311218,0.39898404479026794,0.9029648303985596,-0.8779939413070679,0.761654257774353,1.168774962425232,-0.59986811876297,0.41198092699050903,0.8959470987319946,-0.9624061584472656,0.7510002851486206,1.1221832036972046,-0.5826850533485413,0.40661412477493286,0.8562203049659729,-0.9661251306533813,0.7413393259048462,1.1128329038619995,-0.5381397604942322,0.4137548506259918,0.8666744232177734,-0.8945907354354858,0.7131642699241638,1.4501879215240479,-0.1292341947555542,0.46428221464157104,1.4486305713653564,0.1316504329442978,0.7154964804649353,2.0204014778137207,-0.11368156969547272,0.4872860312461853,2.026625394821167,0.24327972531318665,0.7421384453773499,2.607429265975952,0.4171745777130127,0.52536940574646,2.60288143157959,0.600563645362854,0.7551690340042114,2.6970176696777344,0.4459349513053894,0.5269911289215088,2.684520721435547,0.6253600120544434,0.7169573307037354,2.773033618927002,-0.041642360389232635,0.5409548878669739,2.774465322494507,0.13480517268180847,0.4555565081325106,0
2026-09-21T21:54:22.237143,S006,S006_A1_O_20260921_2154,front,A1,older,class_0,0.5232405662536621,0.4234867990016937,-0.9345162510871887,0.5684188604354858,0.3449776768684387,-0.9032705426216125,0.5906348824501038,0.3510209321975708,-0.9041675329208374,0.6117452383041382,0.35493195056915283,-0.9052069783210754,0.503025472164154,0.3377675712108612,-0.8979464769363403,0.4849928915500641,0.338452011346817,-0.898006796836853,0.467470645904541,0.33980807662010193,-0.8986910581588745,0.639750063419342,0.3834629952907562,-0.5211889743804932,0.45165643095970154,0.3620964288711548,-0.4880127012729645,0.569692075252533,0.5065708756446838,-0.7719134092330933,0.4870443344116211,0.47998979687690735,-0.7648587822914124,0.7314490079879761,0.6777034401893616,-0.30638283491134644,0.37506103515625,0.6246978640556335,-0.1365492343902588,0.8616021871566772,0.9641698002815247,-0.35740751028060913,0.3207123279571533,0.9754945039749146,-0.3622071146965027,0.8295758366584778,1.2542287111282349,-0.552878737449646,0.3868931233882904,0.9021231532096863,-1.0120710134506226,0.8418627977371216,1.3322783708572388,-0.6081812977790833,0.39450281858444214,0.894753634929657,-1.1032034158706665,0.8210695385932922,1.2969831228256226,-0.6282273530960083,0.4032590389251709,0.8595454096794128,-1.1233255863189697,0.8031169772148132,1.2723052501678467,-0.5465421080589294,0.412656307220459,0.8704270124435425,-1.0377057790756226,0.7148836851119995,1.4647279977798462,-0.13052228093147278,0.46379581093788147,1.4671987295150757,0.13264523446559906,0.7268421649932861,2.0949981212615967,0.04406053200364113,0.4980028569698334,2.100257635116577,0.31550002098083496,0.7494392395019531,2.676382541656494,0.7672396898269653,0.5371044874191284,2.668649196624756,0.8894859552383423,0.7593377828598022,2.7655749320983887,0.8096456527709961,0.5385050773620605,2.7480156421661377,0.9356902241706848,0.7282086610794067,2.8462648391723633,0.290075421333313,0.5567367672920227,2.8438868522644043,0.374338835477829,0.452966681660407,0
2026-09-21T21:54:22.301819,S006,S006_A1_O_20260921_2154,front,A1,older,class_0,0.5263327360153198,0.42766401171684265,-1.111303448677063,0.5700139403343201,0.3500828742980957,-1.0905405282974243,0.5926752686500549,0.35626569390296936,-1.091304898262024,0.6126344799995422,0.36009418964385986,-1.0923177003860474,0.5038406252861023,0.3409923017024994,-1.0799055099487305,0.48585548996925354,0.34076881408691406,-1.0799899101257324,0.4676196575164795,0.34101903438568115,-1.080628514289856,0.6410214900970459,0.38649681210517883,-0.7138006687164307,0.4510866105556488,0.36254438757896423,-0.6593149900436401,0.569934070110321,0.5094835758209229,-0.9466501474380493,0.488678514957428,0.48365700244903564,-0.9339717626571655,0.7319520711898804,0.6959665417671204,-0.4790896475315094,0.3714351952075958,0.624045729637146,-0.20038652420043945,0.8637967109680176,0.9662359952926636,-0.4116991460323334,0.22818028926849365,0.9218161106109619,-0.273326575756073,0.8086174726486206,1.265310525894165,-0.5333545207977295,0.23887750506401062,0.8138741850852966,-0.5904892683029175,0.8093450665473938,1.3347053527832031,-0.5771615505218506,0.22594749927520752,0.7857517600059509,-0.621875524520874,0.7919718027114868,1.2882641553878784,-0.5861681699752808,0.23887303471565247,0.76496422290802,-0.6349018812179565,0.7783173322677612,1.2667795419692993,-0.5326741933822632,0.25724247097969055,0.786246120929718,-0.6067625284194946,0.7141597867012024,1.4852633476257324,-0.1534736305475235,0.45542627573013306,1.481121301651001,0.15537258982658386,0.7240565419197083,2.1073501110076904,0.09516813606023788,0.4865352511405945,2.1021344661712646,0.47131747007369995,0.7463120818138123,2.688239097595215,0.9231210947036743,0.5296269655227661,2.6701040267944336,1.1540096998214722,0.7564655542373657,2.7776949405670166,0.9777698516845703,0.5335741639137268,2.747114658355713,1.214186668395996,0.7172929048538208,2.86454701423645,0.4641023576259613,0.5445984601974487,2.8604319095611572,0.6584157943725586,0.4497444140724838,0
2026-09-21T21:54:22.367126,S006,S006_A1_O_20260921_2154,front,A1,older,class_0,0.5291742086410522,0.42905235290527344,-0.9849554300308228,0.5707297921180725,0.3500515818595886,-0.9603039622306824,0.5945214629173279,0.35633617639541626,-0.9610546231269836,0.6137555837631226,0.35996872186660767,-0.961938738822937,0.5037208795547485,0.3411102890968323,-0.950384259223938,0.4858365058898926,0.34172970056533813,-0.9504265785217285,0.46743616461753845,0.3421047031879425,-0.9511163830757141,0.6424684524536133,0.3863675892353058,-0.601317286491394,0.4496729373931885,0.3630833625793457,-0.551807165145874,0.5721065402030945,0.5108866691589355,-0.8289702534675598,0.49235859513282776,0.48608413338661194,-0.8174067735671997,0.732342004776001,0.6962320804595947,-0.40784454345703125,0.3663812279701233,0.6236055493354797,-0.15692545473575592,0.8520807027816772,0.9676206111907959,-0.36996230483055115,0.22851577401161194,0.9229475259780884,-0.03980197384953499,0.7954878211021423,1.24251389503479,-0.5254018306732178,0.2344117909669876,0.950625479221344,-0.4047420620918274,0.7920131087303162,1.310165524482727,-0.5817607641220093,0.22407266497612,0.9841009378433228,-0.44480299949645996,0.7756113409996033,1.2628133296966553,-0.5870175957679749,0.2344556599855423,0.9526007771492004,-0.4945756793022156,0.7641081213951111,1.2408798933029175,-0.5290342569351196,0.24835224449634552,0.9482225179672241,-0.4359920620918274,0.7107880115509033,1.4850385189056396,-0.15540197491645813,0.45227423310279846,1.4811373949050903,0.1574210673570633,0.7225965261459351,2.0890309810638428,0.03128448873758316,0.4863051474094391,2.0871214866638184,0.42590680718421936,0.7448196411132812,2.672290802001953,0.7013126015663147,0.5263227820396423,2.656109094619751,0.9195705652236938,0.7553809881210327,2.7634637355804443,0.7408243417739868,0.5305046439170837,2.7343828678131104,0.9559661746025085,0.7149010896682739,2.844238042831421,0.25627371668815613,0.5386847257614136,2.842695474624634,0.46618860960006714,0.4449546193407679,0
2026-09-21T21:54:22.432743,S006,S006_A1_O_20260921_2154,front,A1,older,class_0,0.5298554301261902,0.42900142073631287,-0.6434343457221985,0.5706338882446289,0.34961941838264465,-0.6403029561042786,0.5948299169540405,0.3560117483139038,-0.6412023305892944,0.6140478849411011,0.35966962575912476,-0.6420368552207947,0.5036682486534119,0.3414097726345062,-0.6012672185897827,0.48583167791366577,0.3431223928928375,-0.6011615991592407,0.4673575758934021,0.34372183680534363,-0.6019341945648193,0.6436577439308167,0.3865135610103607,-0.41020044684410095,0.44996339082717896,0.3668822944164276,-0.22605514526367188,0.5733864903450012,0.5114473104476929,-0.5355179905891418,0.4944607615470886,0.4872390329837799,-0.4861980080604553,0.7344664931297302,0.6885319352149963,-0.3908882737159729,0.4173378348350525,0.6276201009750366,0.21817901730537415,0.838880717754364,0.956947386264801,-0.5763952732086182,0.34925368428230286,0.9591450095176697,0.2030974179506302,0.6957598924636841,1.0564182996749878,-0.6082215905189514,0.38655930757522583,0.913395345211029,-0.1314016431570053,0.6684561967849731,1.0650391578674316,-0.6566444635391235,0.39164167642593384,0.8967223763465881,-0.15550541877746582,0.6681990027427673,1.012046217918396,-0.6186032295227051,0.38742536306381226,0.8596300482749939,-0.15585359930992126,0.6704381108283997,1.015944004058838,-0.587898850440979,0.3970731198787689,0.8704785108566284,-0.14574715495109558,0.7173559665679932,1.4830037355422974,-0.20898202061653137,0.48437920212745667,1.4794254302978516,0.2117329090833664,0.7199138402938843,2.0689444541931152,-0.140170618891716,0.4847770631313324,2.060758113861084,0.3869996666908264,0.7358115911483765,2.6431186199188232,0.3602532744407654,0.5246440172195435,2.6268346309661865,0.7535333633422852,0.750523030757904,2.734238624572754,0.3876372277736664,0.5285845994949341,2.7069790363311768,0.7686686515808105,0.6922317147254944,2.7914328575134277,-0.03209858387708664,0.5187163352966309,2.7977383136749268,0.4579482078552246,0.4437581494372959,0
2026-09-21T21:54:22.498046,S006,S006_A1_O_20260921_2154,front,A1,older,class_0,0.5241302251815796,0.42210766673088074,-0.6802257299423218,0.5681980848312378,0.34542953968048096,-0.6548594236373901,0.5896286964416504,0.3497943580150604,-0.6557016968727112,0.6118858456611633,0.35550355911254883,-0.6565577983856201,0.5031501054763794,0.3404889404773712,-0.6366316080093384,0.48369818925857544,0.3425064980983734,-0.6365255117416382,0.46670517325401306,0.3437640964984894,-0.6372597813606262,0.6421542763710022,0.3858169913291931,-0.3527548015117645,0.4437978267669678,0.36680060625076294,-0.2649044692516327,0.5724356770515442,0.5086596012115479,-0.5500654578208923,0.49231886863708496,0.4847339391708374,-0.5279730558395386,0.7292764782905579,0.6861569285392761,-0.33343422412872314,0.39970681071281433,0.6314891576766968,0.11271277815103531,0.8023935556411743,0.9536883234977722,-0.5438481569290161,0.3453696370124817,0.9694016575813293,-0.0969587117433548,0.6397122144699097,0.9596052169799805,-0.6150946021080017,0.36952295899391174,0.9150250554084778,-0.7639372944831848,0.6041671633720398,0.9569057822227478,-0.6747193336486816,0.3752104341983795,0.9074217677116394,-0.8495222330093384,0.6013208627700806,0.90487140417099,-0.6194742918014526,0.36997148394584656,0.8724453449249268,-0.8370434045791626,0.6059428453445435,0.9162454605102539,-0.5911005735397339,0.37978628277778625,0.8823358416557312,-0.7820268869400024,0.707065224647522,1.4816150665283203,-0.19792166352272034,0.4689238667488098,1.4790747165679932,0.2005821168422699,0.7074364423751831,2.065140962600708,-0.16694390773773193,0.47221440076828003,2.059941530227661,0.35243019461631775,0.7260395288467407,2.6427178382873535,0.31550273299217224,0.5101203322410583,2.6256024837493896,0.6467185616493225,0.7432993650436401,2.7344257831573486,0.33755701780319214,0.5147878527641296,2.7060234546661377,0.6641905307769775,0.6785195469856262,2.791778802871704,-0.11969564855098724,0.5030272603034973,2.79707407951355,0.23494763672351837,0.4433423598423939,0
2026-09-21T21:54:22.567424,S006,S006_A1_O_20260921_2154,front,A1,older,class_0,0.5269473791122437,0.42211559414863586,-0.6066468954086304,0.5697686076164246,0.34399449825286865,-0.6029592752456665,0.5901141166687012,0.3475944399833679,-0.6038007140159607,0.611930251121521,0.35262835025787354,-0.604694664478302,0.5042874217033386,0.33971989154815674,-0.565368115901947,0.4865554869174957,0.34236201643943787,-0.5651928186416626,0.4704608917236328,0.3438279926776886,-0.565878689289093,0.6431587934494019,0.38292768597602844,-0.3639078736305237,0.4461539685726166,0.3678106665611267,-0.18873490393161774,0.5749882459640503,0.5078908801078796,-0.49838027358055115,0.49688878655433655,0.4853092432022095,-0.44941577315330505,0.7299501895904541,0.6678635478019714,-0.3511682450771332,0.4395725131034851,0.631266176700592,0.22361092269420624,0.8076165318489075,0.9296477437019348,-0.5931605696678162,0.3862512409687042,0.97597736120224,0.13194304704666138,0.6415971517562866,0.8919275403022766,-0.6069831252098083,0.4321827292442322,0.9070642590522766,-0.2835404574871063,0.6048907041549683,0.8731618523597717,-0.6514391899108887,0.43461647629737854,0.9033263325691223,-0.32348889112472534,0.6068342328071594,0.8269091248512268,-0.5677521228790283,0.43932169675827026,0.8709273934364319,-0.3121749758720398,0.6119385957717896,0.844002902507782,-0.5648078918457031,0.45093122124671936,0.881298303604126,-0.29531607031822205,0.7314825057983398,1.4589811563491821,-0.22232213616371155,0.5013210773468018,1.4580738544464111,0.22515134513378143,0.7142620086669922,2.0587923526763916,-0.1662333458662033,0.48243218660354614,2.0481650829315186,0.3909901976585388,0.7251371741294861,2.6338050365448,0.3399559557437897,0.5117620229721069,2.61531662940979,0.726003110408783,0.7427206635475159,2.7229979038238525,0.36687391996383667,0.5177822113037109,2.6949312686920166,0.74635249376297,0.6733659505844116,2.7800533771514893,-0.07702226936817169,0.5018479228019714,2.7877449989318848,0.31925472617149353,0.4441556573146954,0
2026-09-21T21:54:22.621338,S006,S006_A1_O_20260921_2154,front,A1,older,class_0,0.5295404195785522,0.41811901330947876,-0.5824466943740845,0.5697454214096069,0.33973750472068787,-0.5583241581916809,0.5911238193511963,0.3446716070175171,-0.5591332912445068,0.6122951507568359,0.3492380678653717,-0.5599946975708008,0.5044437050819397,0.336277574300766,-0.544925332069397,0.4868859648704529,0.33968082070350647,-0.5447787046432495,0.4703220725059509,0.3421002924442291,-0.5455264449119568,0.6431415677070618,0.3814637362957001,-0.2717058062553406,0.4487159848213196,0.3658260405063629,-0.2045668065547943,0.5750085711479187,0.5017046332359314,-0.45717206597328186,0.4966101050376892,0.48235273361206055,-0.44095808267593384,0.725537121295929,0.6577367186546326,-0.23597374558448792,0.4318470358848572,0.6256589293479919,0.13783709704875946,0.8107226490974426,0.9221776127815247,-0.49660855531692505,0.35870683193206787,0.9727186560630798,-0.15032953023910522,0.6579000353813171,0.884052574634552,-0.5136951208114624,0.40719881653785706,0.889750599861145,-0.6704161167144775,0.628118097782135,0.8804014325141907,-0.5585855841636658,0.41574835777282715,0.880301296710968,-0.7331750988960266,0.6246117353439331,0.8339534401893616,-0.48430508375167847,0.4171353876590729,0.8496112823486328,-0.6954528093338013,0.626988410949707,0.8454561233520508,-0.4805322289466858,0.4259518086910248,0.8621326684951782,-0.6738458871841431,0.7221499085426331,1.4307334423065186,-0.19715110957622528,0.4870118498802185,1.4318126440048218,0.20022757351398468,0.7058679461479187,2.005781650543213,-0.19753777980804443,0.4770281910896301,2.006709575653076,0.3457091748714447,0.7191101312637329,2.587510824203491,0.23816700279712677,0.5022469162940979,2.5741169452667236,0.6003093719482422,0.7360621690750122,2.676285982131958,0.258990079164505,0.5066933035850525,2.6554055213928223,0.6168941259384155,0.6709054708480835,2.744346857070923,-0.16785100102424622,0.49407845735549927,2.7437565326690674,0.19820824265480042,0.4408447273767017,0
2026-09-21T21:54:22.677272,S006,S006_A1_O_20260921_2154,front,A1,older,class_0,0.5316838026046753,0.415165513753891,-0.5955101251602173,0.5711224675178528,0.33857837319374084,-0.577867865562439,0.5932493805885315,0.34388473629951477,-0.5786862373352051,0.6135265827178955,0.34848496317863464,-0.5795910358428955,0.5080745816230774,0.3357246220111847,-0.5523581504821777,0.4908680021762848,0.3394211232662201,-0.5522404909133911,0.47506803274154663,0.3420847952365875,-0.5530452728271484,0.6451091766357422,0.3814694583415985,-0.31048583984375,0.45781952142715454,0.36690613627433777,-0.18948867917060852,0.5793461799621582,0.5007052421569824,-0.47937077283859253,0.49764156341552734,0.48153889179229736,-0.4468678832054138,0.7297136187553406,0.657901406288147,-0.2622421085834503,0.43362003564834595,0.6289907693862915,0.152028888463974,0.8112190961837769,0.92579185962677,-0.5301374793052673,0.3639376759529114,0.9789873361587524,-0.06805136799812317,0.6579671502113342,0.9394659399986267,-0.5726503133773804,0.42500728368759155,0.9297389984130859,-0.5874888896942139,0.625389814376831,0.9483181238174438,-0.6212006211280823,0.43243247270584106,0.9359443783760071,-0.6453887224197388,0.6245060563087463,0.9009225964546204,-0.5211507081985474,0.4369685649871826,0.9002169966697693,-0.6262069940567017,0.6272214651107788,0.9061374068260193,-0.5337880849838257,0.44520053267478943,0.9055120348930359,-0.5964314341545105,0.7273131608963013,1.4325631856918335,-0.19695201516151428,0.48942598700523376,1.4324203729629517,0.19977448880672455,0.7061468362808228,2.0092153549194336,-0.20982865989208221,0.4767898619174957,2.009049654006958,0.34689727425575256,0.7183541655540466,2.591082811355591,0.24209734797477722,0.5011501908302307,2.577218532562256,0.6401527523994446,0.73567134141922,2.6802866458892822,0.2633485794067383,0.5053310990333557,2.6580631732940674,0.6615828275680542,0.6683188676834106,2.748873233795166,-0.18743863701820374,0.4939657151699066,2.7487030029296875,0.2193876951932907,0.4390920785460339,0
2026-09-21T21:54:22.755782,S006,S006_A1_O_20260921_2154,front,A1,older,class_0,0.5309532880783081,0.41532599925994873,-0.6183851957321167,0.5710945725440979,0.3379456102848053,-0.6007155776023865,0.5933892726898193,0.34331730008125305,-0.6014846563339233,0.6135179400444031,0.3477625548839569,-0.6027892231941223,0.5080080628395081,0.33514222502708435,-0.5729941129684448,0.49075037240982056,0.3389471471309662,-0.5732120275497437,0.4747942090034485,0.34186413884162903,-0.5742326974868774,0.6448062658309937,0.3798219561576843,-0.3769598603248596,0.45928868651390076,0.3670382499694824,-0.22984664142131805,0.5788775682449341,0.4987003207206726,-0.48887205123901367,0.4974592328071594,0.48133862018585205,-0.48206615447998047,0.7246263027191162,0.6491335034370422,-0.36022675037384033,0.4262174665927887,0.6251701712608337,0.150568887591362,0.788652777671814,0.9092267155647278,-0.6290680170059204,0.360560804605484,0.9691718220710754,0.05089934542775154,0.6307387948036194,0.8976477384567261,-0.7358170747756958,0.4018622040748596,0.9353700876235962,-0.4382859170436859,0.5949118137359619,0.8988810181617737,-0.806928813457489,0.39896994829177856,0.9511816501617432,-0.4888450503349304,0.5929965972900391,0.8510204553604126,-0.7354604005813599,0.4115280210971832,0.9168054461479187,-0.5002373456954956,0.5971491932868958,0.86067795753479,-0.706547200679779,0.4223664402961731,0.9174929857254028,-0.45869770646095276,0.7254482507705688,1.4307310581207275,-0.21423466503620148,0.48770871758461,1.427639365196228,0.21685364842414856,0.6972472667694092,2.003870964050293,-0.20263676345348358,0.4673735201358795,1.9991953372955322,0.40763068199157715,0.7047547101974487,2.5847320556640625,0.29173657298088074,0.4882846772670746,2.5700693130493164,0.768450140953064,0.7245649099349976,2.673375368118286,0.3168148398399353,0.4937567114830017,2.6501169204711914,0.7953509092330933,0.6466764807701111,2.743825674057007,-0.13936206698417664,0.4747491478919983,2.747204303741455,0.34310656785964966,0.43755757520469185,0
2026-09-21T21:54:22.823310,S006,S006_A1_O_20260921_2154,front,A1,older,class_0,0.5307620763778687,0.41566377878189087,-0.6852162480354309,0.5709401369094849,0.337899386882782,-0.678356409072876,0.5924912691116333,0.3429921269416809,-0.6791074275970459,0.6130000352859497,0.34747788310050964,-0.68031907081604,0.5079197883605957,0.33441734313964844,-0.6527912020683289,0.48984041810035706,0.3368704617023468,-0.6528385877609253,0.4745481014251709,0.3395915925502777,-0.6536387205123901,0.6431034803390503,0.3779642879962921,-0.4161442816257477,0.4572071433067322,0.36325445771217346,-0.29031652212142944,0.577204167842865,0.49899059534072876,-0.5521745085716248,0.49646082520484924,0.4811612069606781,-0.5325871706008911,0.7208319902420044,0.6464635729789734,-0.35917702317237854,0.41400346159935,0.6206179857254028,0.13304021954536438,0.7860991358757019,0.901945948600769,-0.5888519287109375,0.317355215549469,0.9448109269142151,0.06105857342481613,0.6450117230415344,0.8981226086616516,-0.7390189170837402,0.31083130836486816,0.93767249584198,-0.3796752393245697,0.6133203506469727,0.8980222344398499,-0.8108446002006531,0.2928665280342102,0.9590517282485962,-0.42740368843078613,0.6099576354026794,0.847593367099762,-0.7547397017478943,0.3075670897960663,0.925921618938446,-0.4560522139072418,0.6119305491447449,0.8577003479003906,-0.7178767919540405,0.32446810603141785,0.9253725409507751,-0.4063735008239746,0.7134562134742737,1.4319701194763184,-0.21391335129737854,0.4757402539253235,1.4273377656936646,0.21646025776863098,0.688660740852356,2.00337290763855,-0.15400902926921844,0.46003904938697815,1.9955562353134155,0.39788201451301575,0.7029324769973755,2.582641363143921,0.4179413914680481,0.487204372882843,2.5638608932495117,0.7759702801704407,0.723523736000061,2.671447277069092,0.45095476508140564,0.4937402307987213,2.6420695781707764,0.8038233518600464,0.6465862989425659,2.739455223083496,0.006921194493770599,0.473952054977417,2.743767261505127,0.3474138677120209,0.4369324523616921,0
2026-09-21T21:54:22.887495,S006,S006_A1_O_20260921_2154,front,A1,older,class_0,0.5305579900741577,0.4157528877258301,-0.9161158800125122,0.5710474252700806,0.3378828763961792,-0.8902649879455566,0.592501163482666,0.34269413352012634,-0.8909469842910767,0.6129893064498901,0.34686723351478577,-0.8918926119804382,0.5076697468757629,0.33406656980514526,-0.8770869970321655,0.4881707727909088,0.3354054391384125,-0.8769444227218628,0.4730820655822754,0.337415486574173,-0.8775876760482788,0.64262855052948,0.3752903938293457,-0.5244225859642029,0.45550841093063354,0.3606794774532318,-0.45594972372055054,0.5748957395553589,0.498838871717453,-0.7580311894416809,0.4940820336341858,0.48033607006073,-0.7421678900718689,0.7213000059127808,0.6470513939857483,-0.35783591866493225,0.38244321942329407,0.6200176477432251,-0.04231330007314682,0.8107630014419556,0.9340625405311584,-0.5310266613960266,0.21704621613025665,0.9257310032844543,-0.30105671286582947,0.7368738055229187,1.131346344947815,-0.7832052111625671,0.16774000227451324,0.9447572231292725,-1.1651711463928223,0.7268615961074829,1.1924903392791748,-0.8772808909416199,0.13800057768821716,0.9744287729263306,-1.2861335277557373,0.7070035934448242,1.141654372215271,-0.8667372465133667,0.15667590498924255,0.939062237739563,-1.3443012237548828,0.6972349882125854,1.123853087425232,-0.7858046889305115,0.17918336391448975,0.9378064870834351,-1.2147489786148071,0.7072665691375732,1.4430534839630127,-0.1996549814939499,0.45242875814437866,1.4306302070617676,0.2022087126970291,0.6884007453918457,2.0331475734710693,-0.1529393494129181,0.4525032937526703,2.026139497756958,0.3768864572048187,0.7038577795028687,2.624359369277954,0.42580825090408325,0.4826415181159973,2.6044907569885254,0.7817240953445435,0.724086344242096,2.7151479721069336,0.453524112701416,0.4892902970314026,2.683957576751709,0.8129762411117554,0.6493017077445984,2.7957851886749268,-0.04303782060742378,0.47504663467407227,2.797714948654175,0.31277427077293396,0.43863205696724245,0
2026-09-21T21:54:22.949615,S006,S006_A1_O_20260921_2154,front,A1,older,class_0,0.5310856699943542,0.41585826873779297,-0.9281176328659058,0.5716828107833862,0.3379460871219635,-0.8993535041809082,0.5933495163917542,0.34271129965782166,-0.9001427888870239,0.6133036613464355,0.34685197472572327,-0.901205837726593,0.507594883441925,0.3339174687862396,-0.8904473185539246,0.48740941286087036,0.33445701003074646,-0.8903274536132812,0.47232574224472046,0.33591336011886597,-0.8910276293754578,0.6426215767860413,0.3751223683357239,-0.5228956937789917,0.45336708426475525,0.35967764258384705,-0.4726283550262451,0.5743823051452637,0.49887362122535706,-0.7676968574523926,0.49385756254196167,0.48034998774528503,-0.7560275793075562,0.7222599387168884,0.6595903635025024,-0.3570951521396637,0.36664053797721863,0.6214084625244141,-0.08458904176950455,0.8463041186332703,0.9505835175514221,-0.4972720146179199,0.19373390078544617,0.927543044090271,-0.4485201835632324,0.8000067472457886,1.2479678392410278,-0.7756165266036987,0.17277757823467255,0.938443124294281,-1.3851994276046753,0.8087928891181946,1.335741400718689,-0.8684733510017395,0.15061049163341522,0.9603517055511475,-1.5153443813323975,0.7807556986808777,1.294468641281128,-0.882048487663269,0.1715773493051529,0.9255672693252563,-1.552919626235962,0.7647258639335632,1.2663105726242065,-0.7883911728858948,0.19208858907222748,0.9268293976783752,-1.4272630214691162,0.703896164894104,1.4624911546707153,-0.19455577433109283,0.4388582110404968,1.4477006196975708,0.19703462719917297,0.6885920763015747,2.0743236541748047,-0.15308739244937897,0.4493006765842438,2.070909023284912,0.3649793267250061,0.70449298620224,2.6724483966827393,0.4310411810874939,0.48019805550575256,2.6479406356811523,0.793104887008667,0.7241955995559692,2.7654221057891846,0.456718772649765,0.48627930879592896,2.7284812927246094,0.826790988445282,0.6503823399543762,2.845047950744629,-0.06656036525964737,0.4759766161441803,2.8404316902160645,0.3037261962890625,0.4406435515301189,0
2026-09-21T21:54:23.016061,S006,S006_A1_O_20260921_2154,front,A1,older,class_0,0.5300044417381287,0.4186813533306122,-0.9079008102416992,0.5712829828262329,0.3399714231491089,-0.8799408078193665,0.5921124219894409,0.3437666893005371,-0.8809793591499329,0.6116663217544556,0.3474540114402771,-0.8828657865524292,0.5075337886810303,0.334881991147995,-0.8593133687973022,0.4873794615268707,0.33462080359458923,-0.8587625622749329,0.4721193313598633,0.335891991853714,-0.8593019247055054,0.6399182677268982,0.37504932284355164,-0.5118697881698608,0.45399269461631775,0.35884204506874084,-0.4345426559448242,0.5711876749992371,0.49999889731407166,-0.7615259289741516,0.4935828149318695,0.4810679256916046,-0.7315855622291565,0.7225297689437866,0.6607533693313599,-0.3411654233932495,0.368643581867218,0.6175019145011902,-0.048026151955127716,0.8531246185302734,0.949776828289032,-0.5042158365249634,0.21959953010082245,0.8926984071731567,-0.32363322377204895,0.7720240354537964,1.1253482103347778,-0.7367721796035767,0.2207483947277069,0.8325902819633484,-0.8572287559509277,0.7648364305496216,1.1749523878097534,-0.8224498629570007,0.20697347819805145,0.8270444273948669,-0.9047833681106567,0.7466375231742859,1.1225254535675049,-0.8190439343452454,0.22161415219306946,0.8025680184364319,-0.8853161931037903,0.7372952699661255,1.110204815864563,-0.7367791533470154,0.23866775631904602,0.8157377243041992,-0.8671852946281433,0.7043694853782654,1.463156819343567,-0.1927533745765686,0.44002118706703186,1.4524295330047607,0.19529780745506287,0.6926708817481995,2.040194272994995,-0.13685296475887299,0.4633043706417084,2.0457139015197754,0.36373013257980347,0.7236034870147705,2.631230115890503,0.4388338029384613,0.5081220865249634,2.6138863563537598,0.7891680598258972,0.7456180453300476,2.7280936241149902,0.4678504467010498,0.5181101560592651,2.696035146713257,0.824074923992157,0.6732674837112427,2.795630693435669,0.007128273136913776,0.496683269739151,2.795905590057373,0.32003265619277954,0.4408123321287955,0
2026-09-21T21:54:23.071588,S006,S006_A1_O_20260921_2154,front,A1,older,class_0,0.532733678817749,0.418771892786026,-0.6288368105888367,0.5715781450271606,0.34004640579223633,-0.6066926121711731,0.5924005508422852,0.3437860608100891,-0.6073871850967407,0.6116663217544556,0.3473418354988098,-0.6080896854400635,0.5096604824066162,0.33495160937309265,-0.58860844373703,0.4909040331840515,0.33465898036956787,-0.588532567024231,0.4745197892189026,0.335712730884552,-0.5892322659492493,0.6399203538894653,0.374826043844223,-0.3094749450683594,0.45881420373916626,0.3588414490222931,-0.224849134683609,0.5718693137168884,0.4999341368675232,-0.49743741750717163,0.4986025393009186,0.48127803206443787,-0.4750518798828125,0.7228196859359741,0.6589668393135071,-0.26368188858032227,0.38990601897239685,0.6145668029785156,0.13633161783218384,0.8347175717353821,0.8966209292411804,-0.5070933699607849,0.2853083312511444,0.8931699991226196,-0.08653229475021362,0.7132771611213684,0.8750014901161194,-0.6328684091567993,0.3652873635292053,0.7860289216041565,-0.4592297077178955,0.6784248948097229,0.8708828687667847,-0.6956249475479126,0.38248464465141296,0.765775740146637,-0.4944874346256256,0.6732914447784424,0.8258334994316101,-0.6321660280227661,0.3801695704460144,0.7413082718849182,-0.4724811911582947,0.6786829233169556,0.8358990550041199,-0.6088167428970337,0.38375967741012573,0.7579429149627686,-0.46605783700942993,0.7077383399009705,1.4585661888122559,-0.1941528618335724,0.4651409983634949,1.4516443014144897,0.19680532813072205,0.6923488974571228,1.93989098072052,-0.1781601905822754,0.4861975312232971,1.9276652336120605,0.3516378104686737,0.7262346148490906,2.514047384262085,0.3196237087249756,0.5355486273765564,2.513152837753296,0.6421902775764465,0.75057452917099,2.6073455810546875,0.3479089140892029,0.5499425530433655,2.6014811992645264,0.6602882146835327,0.6765216588973999,2.6799910068511963,-0.021449649706482887,0.5053838491439819,2.6948421001434326,0.2834697365760803,0.43900774422482675,0
2026-09-21T21:54:23.135257,S006,S006_A1_O_20260921_2154,front,A1,older,class_0,0.5341857671737671,0.41880714893341064,-0.6005164980888367,0.5716675519943237,0.3401121199131012,-0.581281304359436,0.5924726128578186,0.3438054025173187,-0.5820253491401672,0.611594557762146,0.3472538888454437,-0.5827147364616394,0.5103008151054382,0.3349875509738922,-0.5642579793930054,0.49192285537719727,0.3346770107746124,-0.5642310380935669,0.4749949872493744,0.3355436623096466,-0.5649664402008057,0.6397957801818848,0.37456566095352173,-0.29419317841529846,0.46073731780052185,0.35884296894073486,-0.2126181572675705,0.5721074938774109,0.4998367428779602,-0.4712008833885193,0.5003481507301331,0.48135122656822205,-0.45088067650794983,0.7229410409927368,0.658201277256012,-0.2517492473125458,0.39084264636039734,0.6133060455322266,0.15390464663505554,0.8296252489089966,0.8976103663444519,-0.497861385345459,0.28866109251976013,0.897530734539032,-0.05136248469352722,0.7069725394248962,0.8802250623703003,-0.5936012268066406,0.3620758056640625,0.798781156539917,-0.47797292470932007,0.6718815565109253,0.8844600915908813,-0.6529622077941895,0.37448808550834656,0.7830418348312378,-0.5203140377998352,0.6670311689376831,0.8356980085372925,-0.5924851894378662,0.37554970383644104,0.7565452456474304,-0.5051916241645813,0.6727443337440491,0.8427448272705078,-0.569705069065094,0.38176268339157104,0.7709446549415588,-0.48834937810897827,0.7081214189529419,1.456721544265747,-0.1938399076461792,0.46691957116127014,1.4515933990478516,0.19651100039482117,0.6932722330093384,1.9483013153076172,-0.17307277023792267,0.49274054169654846,1.9439504146575928,0.3474385738372803,0.733451247215271,2.524310350418091,0.33285143971443176,0.5454264283180237,2.5211052894592285,0.6395195722579956,0.7587274312973022,2.617143154144287,0.3612385392189026,0.5584765076637268,2.6072158813476562,0.6591784358024597,0.684493899345398,2.6906023025512695,-0.019524797797203064,0.5172422528266907,2.7004714012145996,0.2810512185096741,0.4369098452787677,0
2026-09-21T21:54:23.216164,S006,S006_A1_O_20260921_2154,front,A1,older,class_0,0.5346716642379761,0.4189753830432892,-0.755986750125885,0.5717801451683044,0.34053924679756165,-0.7339822053909302,0.5924863219261169,0.3439435362815857,-0.7347230911254883,0.611456036567688,0.3472461998462677,-0.7356146574020386,0.5110304355621338,0.3353056311607361,-0.725394606590271,0.49275240302085876,0.3347500264644623,-0.7255194783210754,0.4754134714603424,0.3354488015174866,-0.7263255715370178,0.6393746137619019,0.37367871403694153,-0.392545223236084,0.460599809885025,0.35805490612983704,-0.3496747612953186,0.5715903639793396,0.4994266629219055,-0.6061223745346069,0.5004326701164246,0.48137375712394714,-0.5984451770782471,0.7230647206306458,0.6601632237434387,-0.257062166929245,0.3863753378391266,0.6108369827270508,0.016372639685869217,0.8436174392700195,0.9118589758872986,-0.4828994870185852,0.23900525271892548,0.8588647246360779,-0.283643901348114,0.7329323291778564,1.0181338787078857,-0.5886983871459961,0.2502126097679138,0.7195947170257568,-0.7975793480873108,0.7053338885307312,1.048641324043274,-0.6403820514678955,0.23208816349506378,0.6833924651145935,-0.8660508990287781,0.69386887550354,0.9922190308570862,-0.5928313732147217,0.24889449775218964,0.6688334345817566,-0.8375883102416992,0.6933143734931946,0.989378035068512,-0.5715441703796387,0.26948028802871704,0.6941536068916321,-0.809479832649231,0.7101478576660156,1.4586105346679688,-0.18778686225414276,0.46572989225387573,1.4540481567382812,0.19041191041469574,0.7067562341690063,2.0234177112579346,-0.07052268832921982,0.4931756556034088,2.022799491882324,0.33942753076553345,0.7423191070556641,2.606985569000244,0.5405994653701782,0.5431641340255737,2.591292142868042,0.7211071848869324,0.7631880044937134,2.6988320350646973,0.5760297775268555,0.5539864897727966,2.672689914703369,0.7544320821762085,0.6960633993148804,2.774716854095459,0.12140202522277832,0.5305032134056091,2.7702131271362305,0.2938312590122223,0.4381270021814006,0
2026-09-21T21:54:23.304340,S006,S006_A1_O_20260921_2154,front,A1,older,class_0,0.5356037616729736,0.4196695387363434,-0.9241192936897278,0.5722116231918335,0.3411470055580139,-0.9030936360359192,0.5926302671432495,0.3443205952644348,-0.9038341641426086,0.6114363074302673,0.34740230441093445,-0.9047050476074219,0.5117799043655396,0.3356817364692688,-0.8879016637802124,0.49325332045555115,0.33488303422927856,-0.887932300567627,0.4754532277584076,0.3353988230228424,-0.8886380195617676,0.6392326951026917,0.37355682253837585,-0.5288273692131042,0.4612331986427307,0.35712578892707825,-0.4527595639228821,0.5715824961662292,0.4997193217277527,-0.7622008919715881,0.5005857944488525,0.48210954666137695,-0.7442091107368469,0.7231082320213318,0.6621854305267334,-0.3566305637359619,0.3814901113510132,0.609927237033844,-0.029742542654275894,0.8509854078292847,0.9455474615097046,-0.5871773958206177,0.19964922964572906,0.8573572039604187,-0.4139433801174164,0.7363886833190918,1.0289298295974731,-0.793897807598114,0.2076321840286255,0.6902302503585815,-1.1439285278320312,0.7100954651832581,1.051020860671997,-0.8628801107406616,0.18592379987239838,0.6395833492279053,-1.2389765977859497,0.6992628574371338,0.993573784828186,-0.807867705821991,0.20810087025165558,0.6240876317024231,-1.208064317703247,0.6959885358810425,0.9932863712310791,-0.7769004702568054,0.232639342546463,0.6545081734657288,-1.158553957939148,0.71013343334198,1.4658081531524658,-0.1901315152645111,0.4569852948188782,1.4583529233932495,0.1927572786808014,0.7082996964454651,2.0904016494750977,-0.019480589777231216,0.4871996343135834,2.08752179145813,0.4378141760826111,0.7408653497695923,2.6758553981781006,0.6676211953163147,0.5355666279792786,2.6551730632781982,1.0495388507843018,0.7617199420928955,2.76522159576416,0.7061838507652283,0.5452685356140137,2.7325642108917236,1.101527214050293,0.6944411396980286,2.845716714859009,0.17804880440235138,0.5287874937057495,2.841041326522827,0.5433595776557922,0.44333568294744263,0
2026-09-21T21:54:23.365734,S006,S006_A1_O_20260921_2154,front,A1,older,class_0,0.5354087948799133,0.42234745621681213,-0.9071816205978394,0.5722094178199768,0.34312817454338074,-0.8886628150939941,0.5926445722579956,0.346340537071228,-0.8893620371818542,0.6114004254341125,0.3492591083049774,-0.8902045488357544,0.5112358927726746,0.33634939789772034,-0.8735474348068237,0.49112921953201294,0.3350188434123993,-0.8734718561172485,0.47392964363098145,0.3354323208332062,-0.8741059303283691,0.6388182044029236,0.37384232878685,-0.5275827050209045,0.45793643593788147,0.35661301016807556,-0.45473694801330566,0.5716249346733093,0.5024175047874451,-0.7489089965820312,0.5004844665527344,0.48484307527542114,-0.7316323518753052,0.7232532501220703,0.6644167304039001,-0.3661341369152069,0.37146082520484924,0.6078477501869202,-0.015732722356915474,0.8379270434379578,0.9449424147605896,-0.6077581644058228,0.19318780303001404,0.8646571040153503,-0.32334810495376587,0.7103413343429565,0.9875514507293701,-0.8307689428329468,0.17998237907886505,0.7314878702163696,-1.0323797464370728,0.6768239140510559,0.9857156276702881,-0.8953876495361328,0.15355630218982697,0.7005205750465393,-1.1125874519348145,0.6719812154769897,0.9237857460975647,-0.8332727551460266,0.17424938082695007,0.6790811419487,-1.1048943996429443,0.6696314811706543,0.9344292879104614,-0.8087166547775269,0.20002809166908264,0.7009825110435486,-1.052728295326233,0.7020286321640015,1.4742751121520996,-0.1899515986442566,0.4434623718261719,1.4643957614898682,0.19258853793144226,0.7027782201766968,2.102593421936035,-0.0519268698990345,0.4691549837589264,2.100789785385132,0.4149453043937683,0.7287599444389343,2.6935462951660156,0.5643011331558228,0.5105931162834167,2.6724183559417725,0.9248011708259583,0.7456504702568054,2.784660816192627,0.5974720120429993,0.5193129181861877,2.750194787979126,0.9635584950447083,0.6815727353096008,2.8610963821411133,0.16434618830680847,0.5086798071861267,2.8582468032836914,0.44213467836380005,0.4476656345015561,0
2026-09-21T21:54:23.447911,S006,S006_A1_O_20260921_2154,front,A1,older,class_0,0.5350379943847656,0.42448875308036804,-0.8660896420478821,0.5721678733825684,0.34521815180778503,-0.8482199907302856,0.5925579071044922,0.3481575548648834,-0.848892092704773,0.6113914847373962,0.3512553870677948,-0.8496969938278198,0.51042640209198,0.3377477824687958,-0.8321733474731445,0.4896323084831238,0.3358951807022095,-0.8321081399917603,0.47305113077163696,0.336295485496521,-0.832751452922821,0.6387544870376587,0.3750496208667755,-0.5034680366516113,0.45563679933547974,0.3589373528957367,-0.426199734210968,0.5720784664154053,0.5040332078933716,-0.714422881603241,0.5003573298454285,0.48666486144065857,-0.6962440609931946,0.7244998216629028,0.6808159351348877,-0.358619749546051,0.36805006861686707,0.6204456090927124,-0.004330884199589491,0.8377158045768738,0.9602776765823364,-0.5921387672424316,0.23061136901378632,0.9356654286384583,-0.18031178414821625,0.712861180305481,1.098182201385498,-0.7808060646057129,0.24507150053977966,0.9307040572166443,-0.7928189635276794,0.6842576265335083,1.1291919946670532,-0.8422443270683289,0.23877911269664764,0.9525526762008667,-0.8600856065750122,0.6770694255828857,1.0774586200714111,-0.7893502116203308,0.2451435774564743,0.9186830520629883,-0.8892852663993835,0.6739103198051453,1.071847915649414,-0.7599592208862305,0.25770872831344604,0.9186444878578186,-0.8217703104019165,0.7017626166343689,1.4803177118301392,-0.18990859389305115,0.4439121186733246,1.4749419689178467,0.19253940880298615,0.7026291489601135,2.0920913219451904,-0.06655717641115189,0.4660870432853699,2.093953847885132,0.36320820450782776,0.727550208568573,2.6804778575897217,0.5311450958251953,0.5019118189811707,2.665923595428467,0.7900896668434143,0.7444338202476501,2.7720253467559814,0.5628732442855835,0.5093482732772827,2.7454748153686523,0.8192280530929565,0.6808770298957825,2.8481621742248535,0.10706418752670288,0.5018701553344727,2.8493568897247314,0.31007131934165955,0.44464512716160354,0
2026-09-21T21:54:23.518469,S006,S006_A1_O_20260921_2154,front,A1,older,class_0,0.5352602005004883,0.4288618266582489,-0.8539541959762573,0.5726497173309326,0.35074561834335327,-0.8304041028022766,0.5933815836906433,0.3534252941608429,-0.8311784863471985,0.6118602752685547,0.3557721674442291,-0.8320568799972534,0.51038658618927,0.3429636061191559,-0.8149415850639343,0.4896581172943115,0.3411116302013397,-0.8149484395980835,0.4728942811489105,0.3392195403575897,-0.8156028985977173,0.6393265128135681,0.37706056237220764,-0.49370747804641724,0.4559973180294037,0.3611324727535248,-0.4156776964664459,0.5727485418319702,0.50766521692276,-0.7012563347816467,0.5003344416618347,0.4894806146621704,-0.683223307132721,0.7246507406234741,0.6806796789169312,-0.37380820512771606,0.37233760952949524,0.6123834252357483,0.022363608703017235,0.8295985460281372,0.9328190088272095,-0.5822399258613586,0.2323428839445114,0.8485652208328247,0.058186985552310944,0.6740310192108154,0.9294002056121826,-0.5891590118408203,0.25796496868133545,0.7367815375328064,-0.0799345001578331,0.6362128257751465,0.9204345941543579,-0.6215726733207703,0.2573072910308838,0.7167108654975891,-0.08240488171577454,0.6354092955589294,0.8679240345954895,-0.5470496416091919,0.261161744594574,0.6973638534545898,-0.07087305188179016,0.6366368532180786,0.8785062432289124,-0.5577168464660645,0.2700178325176239,0.7139485478401184,-0.08607862144708633,0.7018074989318848,1.4791191816329956,-0.2085767686367035,0.445370614528656,1.469741940498352,0.21150672435760498,0.6936460733413696,2.0256435871124268,-0.14096099138259888,0.460003137588501,2.0218605995178223,0.38161882758140564,0.7202409505844116,2.6105637550354004,0.4399324953556061,0.4926210343837738,2.58971905708313,0.7668643593788147,0.741532027721405,2.7070322036743164,0.47354140877723694,0.5024305582046509,2.6721699237823486,0.7910835146903992,0.663028359413147,2.7713279724121094,0.04116353020071983,0.47677063941955566,2.7765753269195557,0.31543058156967163,0.43946707761267934,0
2026-09-21T21:54:23.581494,S006,S006_A1_O_20260921_2154,front,A1,older,class_0,0.5354206562042236,0.43149569630622864,-0.8550041913986206,0.5729562044143677,0.354051411151886,-0.8362559080123901,0.5938599109649658,0.35647106170654297,-0.8369030952453613,0.6121083498001099,0.35838109254837036,-0.8376994132995605,0.5103613138198853,0.3463982045650482,-0.8216203451156616,0.4896462559700012,0.34453141689300537,-0.8215177655220032,0.47270655632019043,0.3416263461112976,-0.8222339749336243,0.6396894454956055,0.3781513571739197,-0.5052071809768677,0.4562142491340637,0.36263179779052734,-0.4335673749446869,0.5731719732284546,0.5097411274909973,-0.704854428768158,0.5003576278686523,0.4916099011898041,-0.6881103515625,0.7246874570846558,0.6803667545318604,-0.3803154528141022,0.37245863676071167,0.6071420907974243,0.019959039986133575,0.8286511301994324,0.9329099059104919,-0.5724743604660034,0.22987616062164307,0.8265230059623718,0.005296892486512661,0.6716554164886475,0.9190800786018372,-0.6121640205383301,0.2585415244102478,0.708134651184082,-0.20905634760856628,0.6349871158599854,0.9126356840133667,-0.6505953073501587,0.25713273882865906,0.6854333281517029,-0.22188131511211395,0.6331592798233032,0.8598034977912903,-0.5804736614227295,0.2619670033454895,0.6666448712348938,-0.20775671303272247,0.6341086626052856,0.8698202967643738,-0.5840640068054199,0.27200573682785034,0.6848765015602112,-0.2151884287595749,0.701921284198761,1.478607177734375,-0.21037352085113525,0.4459078311920166,1.4663206338882446,0.21331723034381866,0.6896629929542542,2.0115506649017334,-0.1386285126209259,0.4540952146053314,2.0061819553375244,0.3851860463619232,0.7170134782791138,2.595325469970703,0.44397035241127014,0.48572787642478943,2.571218967437744,0.7675153017044067,0.7397201061248779,2.6920361518859863,0.4764484763145447,0.49627503752708435,2.653165578842163,0.7926191091537476,0.6575318574905396,2.756422996520996,0.039325591176748276,0.4680553376674652,2.758664846420288,0.32172390818595886,0.43563178678353626,0
2026-09-21T21:54:23.643596,S006,S006_A1_O_20260921_2154,front,A1,older,class_0,0.5364145040512085,0.43146219849586487,-0.8724585771560669,0.573474109172821,0.3541121184825897,-0.8547435998916626,0.5944874286651611,0.3565823435783386,-0.8553942441940308,0.6124379634857178,0.35839638113975525,-0.8562634587287903,0.5104060769081116,0.34636130928993225,-0.8448746800422668,0.4896325469017029,0.3444742262363434,-0.8447784185409546,0.4727705121040344,0.3416184186935425,-0.8455156087875366,0.639751672744751,0.37812015414237976,-0.5188639163970947,0.45619502663612366,0.36176732182502747,-0.46969255805015564,0.5745396614074707,0.5097178220748901,-0.7207448482513428,0.5011738538742065,0.491691529750824,-0.7098416090011597,0.7250527143478394,0.6802234649658203,-0.3763507008552551,0.3687831461429596,0.5988236665725708,-0.027338068932294846,0.8286141157150269,0.9338930249214172,-0.5382295846939087,0.23057715594768524,0.8336261510848999,-0.05406833440065384,0.6740216016769409,0.98784339427948,-0.616757333278656,0.2591908872127533,0.775012195110321,-0.4143626093864441,0.6371787786483765,0.9940677285194397,-0.6722021698951721,0.26008644700050354,0.7792659401893616,-0.44270628690719604,0.6343231201171875,0.9378591179847717,-0.6125491261482239,0.2636794447898865,0.7500501275062561,-0.44144970178604126,0.6358343958854675,0.9424484372138977,-0.5964757800102234,0.2723614573478699,0.7596390247344971,-0.4256759285926819,0.6924275755882263,1.4740124940872192,-0.19694286584854126,0.43440327048301697,1.4613492488861084,0.19980165362358093,0.6849030256271362,2.0140748023986816,-0.10483987629413605,0.44522824883461,2.0086958408355713,0.37205761671066284,0.7123702764511108,2.5976483821868896,0.5092935562133789,0.4772135615348816,2.5743298530578613,0.769020676612854,0.7333090305328369,2.692342519760132,0.5448846817016602,0.4849730432033539,2.6552927494049072,0.7950268983840942,0.6573010087013245,2.760084867477417,0.07968004792928696,0.46785321831703186,2.761052131652832,0.3226171135902405,0.43312120200910914,0
2026-09-21T21:54:23.725326,S006,S006_A1_O_20260921_2154,front,A1,older,class_0,0.5357480645179749,0.43152278661727905,-0.6712794303894043,0.57343590259552,0.3548545241355896,-0.6504631638526917,0.594517707824707,0.35783836245536804,-0.6511366367340088,0.6124775409698486,0.3601609170436859,-0.6517884135246277,0.5104025602340698,0.3475239872932434,-0.6335363388061523,0.4899119734764099,0.3464681804180145,-0.6334325075149536,0.47277769446372986,0.3445582091808319,-0.634111225605011,0.6397033929824829,0.38314977288246155,-0.35674646496772766,0.4562646448612213,0.365884929895401,-0.27864301204681396,0.5748896598815918,0.5120837688446045,-0.5393911600112915,0.502206027507782,0.4933318495750427,-0.5197244882583618,0.7207238078117371,0.6789122819900513,-0.29290691018104553,0.3694687783718109,0.6026245951652527,0.12476687133312225,0.8255720138549805,0.9224069118499756,-0.5050044655799866,0.2706860601902008,0.8896776437759399,0.1371241956949234,0.6548383831977844,0.9332267045974731,-0.6159513592720032,0.3324243724346161,0.8632902503013611,-0.14636769890785217,0.6145053505897522,0.9310438632965088,-0.6762775182723999,0.3476884961128235,0.8804864883422852,-0.1680869162082672,0.6158703565597534,0.8786801099777222,-0.617660403251648,0.3450095057487488,0.8446974158287048,-0.18481305241584778,0.6200981736183167,0.8868666291236877,-0.5939416885375977,0.34805694222450256,0.8457779288291931,-0.16347584128379822,0.6885407567024231,1.4690721035003662,-0.19658656418323517,0.43520569801330566,1.459478497505188,0.1994946300983429,0.6629903316497803,1.9304022789001465,-0.21052172780036926,0.44008034467697144,1.9584693908691406,0.34077656269073486,0.700068473815918,2.5287821292877197,0.2683653235435486,0.4748801290988922,2.5292484760284424,0.5836832523345947,0.7246890664100647,2.6261391639709473,0.29443249106407166,0.48463693261146545,2.6122045516967773,0.5961147546768188,0.6459803581237793,2.6956377029418945,-0.10423392057418823,0.4516620635986328,2.7153306007385254,0.20191724598407745,0.4324398710371249,0
2026-09-21T21:54:23.788848,S006,S006_A1_O_20260921_2154,front,A1,older,class_0,0.5351130962371826,0.4309771955013275,-0.5454604625701904,0.5732294917106628,0.35463032126426697,-0.5312823057174683,0.5940717458724976,0.3574361801147461,-0.5319961905479431,0.6124800443649292,0.3600655794143677,-0.5326587557792664,0.5103910565376282,0.34748131036758423,-0.5081738233566284,0.489750474691391,0.34625688195228577,-0.5080294609069824,0.47275465726852417,0.34453117847442627,-0.5087453126907349,0.6396015882492065,0.3831360936164856,-0.27416759729385376,0.4550773501396179,0.3663994073867798,-0.1666293889284134,0.5750306844711304,0.5120632648468018,-0.4268866181373596,0.5021197199821472,0.49316471815109253,-0.3985988199710846,0.7174616456031799,0.6679927706718445,-0.2641337811946869,0.37229031324386597,0.6027238965034485,0.22245760262012482,0.8220239877700806,0.914567232131958,-0.5079790353775024,0.28981953859329224,0.9080770015716553,0.23849287629127502,0.6522799730300903,0.9114423394203186,-0.6208509206771851,0.3434351086616516,0.8797126412391663,0.0002361774240853265,0.6157773733139038,0.9173641800880432,-0.6959422826766968,0.3556286692619324,0.8952041864395142,-0.014118473045527935,0.6140702962875366,0.8659265041351318,-0.6404014229774475,0.3527413308620453,0.8590430617332458,-0.030119771137833595,0.6181796193122864,0.8721560835838318,-0.6006720662117004,0.3571268916130066,0.85988849401474,-0.01667630858719349,0.6846350431442261,1.4431040287017822,-0.2002744972705841,0.4355749487876892,1.4412027597427368,0.2032688856124878,0.6462197303771973,1.8850849866867065,-0.21190893650054932,0.4331008493900299,1.9171727895736694,0.34371674060821533,0.6820510029792786,2.4851391315460205,0.2591700255870819,0.46570006012916565,2.495354413986206,0.5876532196998596,0.7090529203414917,2.582350015640259,0.2871300280094147,0.4771645963191986,2.580000400543213,0.6009199619293213,0.623750627040863,2.6537492275238037,-0.09088275581598282,0.4320738911628723,2.680271863937378,0.22189001739025116,0.43123546290338377,0
2026-09-21T21:54:23.852678,S006,S006_A1_O_20260921_2154,front,A1,older,class_0,0.5350167751312256,0.430803507566452,-0.6430460214614868,0.5730708241462708,0.3534819781780243,-0.6269882917404175,0.5941806435585022,0.35653236508369446,-0.6277046799659729,0.6126350164413452,0.35908275842666626,-0.6284905672073364,0.5087514519691467,0.3464551568031311,-0.6073610186576843,0.48873844742774963,0.3450426161289215,-0.6072415709495544,0.47114720940589905,0.34352684020996094,-0.6079690456390381,0.639811098575592,0.38200458884239197,-0.3369617760181427,0.4553461968898773,0.3656139373779297,-0.24405309557914734,0.5750627517700195,0.5119692087173462,-0.5118934512138367,0.5013766288757324,0.49287182092666626,-0.4878354072570801,0.7157496213912964,0.6544358730316162,-0.2791655659675598,0.3794245719909668,0.600817084312439,0.16357241570949554,0.8180781602859497,0.9069370627403259,-0.5354946851730347,0.29908692836761475,0.9104028344154358,0.13529039919376373,0.6563845872879028,0.9224793910980225,-0.7084372043609619,0.37578898668289185,0.9049650430679321,-0.2058163434267044,0.6222470998764038,0.9275924563407898,-0.7836970686912537,0.3917713165283203,0.9285647869110107,-0.23593084514141083,0.6190699338912964,0.87230384349823,-0.7239058017730713,0.39302846789360046,0.8951830267906189,-0.24675412476062775,0.6215590238571167,0.8788798451423645,-0.6858407258987427,0.39562907814979553,0.8930652141571045,-0.2213737964630127,0.6848142743110657,1.423607587814331,-0.20421083271503448,0.4401736855506897,1.4169185161590576,0.2070896178483963,0.6511676907539368,1.9121743440628052,-0.207559272646904,0.4312003552913666,1.9201023578643799,0.3447651267051697,0.6785128116607666,2.5027883052825928,0.2786548137664795,0.45571866631507874,2.4990627765655518,0.6195157766342163,0.7043375968933105,2.5984413623809814,0.3060779273509979,0.4652021825313568,2.5836524963378906,0.6361844539642334,0.6165879964828491,2.6652746200561523,-0.11198791116476059,0.42739337682724,2.681067705154419,0.22377991676330566,0.42659129391805356,0
2026-09-21T21:54:23.940419,S006,S006_A1_O_20260921_2154,front,A1,older,class_0,0.5351754426956177,0.4309229850769043,-0.6132871508598328,0.5738284587860107,0.35342714190483093,-0.6009868383407593,0.5962585806846619,0.3565300703048706,-0.6016454100608826,0.614992618560791,0.359046071767807,-0.6024297475814819,0.50874924659729,0.3464161455631256,-0.5743170380592346,0.48892346024513245,0.3449893295764923,-0.5741655826568604,0.4712192118167877,0.34365007281303406,-0.5749364495277405,0.6431640982627869,0.38130220770835876,-0.3365399241447449,0.45823854207992554,0.3653489053249359,-0.21254189312458038,0.5756963491439819,0.5120064616203308,-0.49393391609191895,0.5013450384140015,0.49281251430511475,-0.46033763885498047,0.7177191972732544,0.6434541344642639,-0.2868579030036926,0.40844136476516724,0.6007696986198425,0.16258153319358826,0.8119127154350281,0.9008932113647461,-0.569931149482727,0.3391784429550171,0.9128759503364563,0.08175311237573624,0.6343570947647095,0.8633604049682617,-0.701701819896698,0.41145873069763184,0.8903335332870483,-0.2817932665348053,0.5979841947555542,0.8540384769439697,-0.7754140496253967,0.42420393228530884,0.9067830443382263,-0.316172331571579,0.5987281203269958,0.8088372945785522,-0.707654595375061,0.4270614981651306,0.8745461702346802,-0.3174562454223633,0.6025104522705078,0.8213428854942322,-0.6826412081718445,0.43288296461105347,0.8763853907585144,-0.29512113332748413,0.6989260315895081,1.4055931568145752,-0.20393237471580505,0.4603938162326813,1.3957005739212036,0.206802636384964,0.6521841883659363,1.9198276996612549,-0.2242557555437088,0.4316156804561615,1.9131568670272827,0.33580952882766724,0.674859881401062,2.5022192001342773,0.2157861292362213,0.44956618547439575,2.4854066371917725,0.5891811847686768,0.6978833079338074,2.5946767330169678,0.237840935587883,0.4575478434562683,2.567688465118408,0.6034184694290161,0.6135708689689636,2.6601316928863525,-0.1904108226299286,0.4280714988708496,2.6646058559417725,0.18264135718345642,0.4252548978424095,0
2026-09-21T21:54:24.018843,S006,S006_A1_O_20260921_2154,front,A1,older,class_0,0.5354524850845337,0.4306807816028595,-0.9998536109924316,0.5741794109344482,0.35332101583480835,-0.980904757976532,0.5966799259185791,0.3562147319316864,-0.9815360903739929,0.61532062292099,0.35839369893074036,-0.9824552536010742,0.5085328817367554,0.34610846638679504,-0.9674504399299622,0.4885585904121399,0.344687819480896,-0.9674553871154785,0.4699763357639313,0.3429751992225647,-0.9680843353271484,0.6434904336929321,0.37848156690597534,-0.608630359172821,0.4572064280509949,0.36312517523765564,-0.5442982912063599,0.575780987739563,0.5106099843978882,-0.8360987901687622,0.5013298988342285,0.4921989142894745,-0.820712685585022,0.7178457379341125,0.6405624151229858,-0.38929325342178345,0.4010513722896576,0.5923835039138794,-0.09163885563611984,0.8448482751846313,0.9372952580451965,-0.5666040182113647,0.2673611640930176,0.8700402975082397,-0.2951672375202179,0.7677377462387085,1.1039891242980957,-0.7531702518463135,0.3020981252193451,0.7504708766937256,-0.8781752586364746,0.7560733556747437,1.152403473854065,-0.8182299733161926,0.29831188917160034,0.7210978865623474,-0.9472104907035828,0.7396484613418579,1.1000372171401978,-0.7909177541732788,0.3090294599533081,0.7004842758178711,-0.9378209114074707,0.7318181991577148,1.0867536067962646,-0.7468967437744141,0.3245357871055603,0.7223042845726013,-0.8919989466667175,0.7005388140678406,1.4107449054718018,-0.19149520993232727,0.4594143033027649,1.4024614095687866,0.19409240782260895,0.6733503937721252,1.9525468349456787,-0.06375791132450104,0.44204121828079224,1.9305158853530884,0.3696916103363037,0.6943323016166687,2.5277328491210938,0.6014314889907837,0.45742177963256836,2.492220640182495,0.8595296740531921,0.7112588882446289,2.6160407066345215,0.6404796838760376,0.4629742205142975,2.5710344314575195,0.8984192609786987,0.643057107925415,2.6977179050445557,0.14181561768054962,0.4477717876434326,2.671222448348999,0.38530632853507996,0.4262123956648407,0
2026-09-21T21:54:24.099200,S006,S006_A1_O_20260921_2154,front,A1,older,class_0,0.5359005331993103,0.430549293756485,-0.8819414377212524,0.574409008026123,0.35325124859809875,-0.8641408681869507,0.5970641374588013,0.3560919165611267,-0.8648107647895813,0.6157004237174988,0.35815587639808655,-0.8656630516052246,0.5084582567214966,0.34570762515068054,-0.8478871583938599,0.48845118284225464,0.3443734049797058,-0.8478301167488098,0.4692029356956482,0.3423541486263275,-0.8485139608383179,0.6440539360046387,0.37779751420021057,-0.5322715044021606,0.45677343010902405,0.3611670434474945,-0.4531760811805725,0.5764337182044983,0.5103441476821899,-0.7340503931045532,0.5017651319503784,0.4920476973056793,-0.7146028280258179,0.7179659605026245,0.6379128098487854,-0.3835127651691437,0.3990325331687927,0.587468147277832,-0.03057241067290306,0.8497786521911621,0.9368144869804382,-0.5343789458274841,0.2704678177833557,0.8670429587364197,-0.16414448618888855,0.7648802995681763,1.0639069080352783,-0.7118781805038452,0.3206091523170471,0.7322785258293152,-0.6278781294822693,0.7486590147018433,1.094997763633728,-0.7736126184463501,0.3234958052635193,0.7010688185691833,-0.6779652833938599,0.7372329831123352,1.0444177389144897,-0.7586466073989868,0.32966703176498413,0.6788901090621948,-0.6702486276626587,0.7309245467185974,1.0387003421783447,-0.7088992595672607,0.3426854908466339,0.7004790902137756,-0.640222430229187,0.7014328241348267,1.414588451385498,-0.19155976176261902,0.4591890871524811,1.405774712562561,0.1941796839237213,0.6795094013214111,1.9536840915679932,-0.09136305004358292,0.44925278425216675,1.937302827835083,0.367341548204422,0.7022551894187927,2.529805898666382,0.5049025416374207,0.4642980694770813,2.5009310245513916,0.8262425661087036,0.7202950716018677,2.61972713470459,0.5384414792060852,0.46948304772377014,2.581573724746704,0.8585488200187683,0.6502426862716675,2.6982967853546143,0.07466033101081848,0.4518633484840393,2.6794817447662354,0.3649902641773224,0.42545291106922156,0
2026-09-21T21:54:24.176873,S006,S006_A1_O_20260921_2154,front,A1,older,class_0,0.5354264974594116,0.42979928851127625,-0.8702180981636047,0.5740674734115601,0.3522193729877472,-0.8419443368911743,0.5970396995544434,0.35528838634490967,-0.8427839279174805,0.6156962513923645,0.357484370470047,-0.843658447265625,0.5072216391563416,0.3442142605781555,-0.832685112953186,0.48746198415756226,0.3433972895145416,-0.8324182629585266,0.4668917655944824,0.34126800298690796,-0.8330693244934082,0.6441674828529358,0.3777615427970886,-0.48440390825271606,0.45467042922973633,0.3599247932434082,-0.4278024137020111,0.5759032368659973,0.5098437666893005,-0.7090177536010742,0.5008498430252075,0.49035483598709106,-0.6988484859466553,0.7180498242378235,0.6384350657463074,-0.35611164569854736,0.3979254364967346,0.587023913860321,-0.014585641212761402,0.837504506111145,0.936242938041687,-0.5591698884963989,0.2912713587284088,0.8909755945205688,-0.14828075468540192,0.7293599843978882,1.017871618270874,-0.7633823156356812,0.38274911046028137,0.7533900141716003,-0.6716142296791077,0.7028489708900452,1.025807499885559,-0.8298967480659485,0.40132346749305725,0.7207854986190796,-0.7273904085159302,0.6984280347824097,0.9682528972625732,-0.7783732414245605,0.4022369384765625,0.6853929162025452,-0.709469735622406,0.6963573694229126,0.972699761390686,-0.7437562942504883,0.4080594480037689,0.7096511721611023,-0.6789498925209045,0.7000804543495178,1.416849136352539,-0.19177302718162537,0.45602864027023315,1.4072788953781128,0.19443407654762268,0.6785233616828918,1.9550825357437134,-0.12808653712272644,0.44699031114578247,1.9419422149658203,0.36701008677482605,0.6972362399101257,2.5328073501586914,0.42316117882728577,0.4620535969734192,2.5068485736846924,0.8206976056098938,0.7155987620353699,2.62341570854187,0.4506382346153259,0.4675297141075134,2.587371349334717,0.8446289300918579,0.6443706750869751,2.700425624847412,-0.02259748801589012,0.4480307996273041,2.6866466999053955,0.33696895837783813,0.4256624162944993,0
2026-09-21T21:54:24.293823,S006,S006_A1_O_20260921_2154,front,A1,older,class_0,0.5354745388031006,0.42833372950553894,-0.7751415371894836,0.5745407342910767,0.3513120710849762,-0.747053325176239,0.5970941781997681,0.3543582558631897,-0.7478154897689819,0.6158161759376526,0.35670411586761475,-0.7485753893852234,0.5070368051528931,0.3414252996444702,-0.7389903664588928,0.4873683452606201,0.3410191833972931,-0.7387667298316956,0.4670082628726959,0.3396322429180145,-0.7394554018974304,0.644403338432312,0.3776276707649231,-0.40663498640060425,0.45338064432144165,0.35961559414863586,-0.3625212013721466,0.5762819051742554,0.5091975927352905,-0.6238687634468079,0.500659167766571,0.4883023202419281,-0.616075336933136,0.7184292674064636,0.6386619210243225,-0.2744845449924469,0.39701947569847107,0.5873803496360779,-0.0007476500468328595,0.831457793712616,0.9358316659927368,-0.4901272654533386,0.3155914545059204,0.9229366183280945,-0.18118241429328918,0.7252561450004578,1.0123114585876465,-0.6773279905319214,0.42555055022239685,0.7813249230384827,-0.7222128510475159,0.6987546682357788,1.0141080617904663,-0.7358171939849854,0.4510762095451355,0.7466420531272888,-0.7828068733215332,0.693085789680481,0.9548028111457825,-0.6836503148078918,0.44807976484298706,0.6973602175712585,-0.7593122720718384,0.6911708116531372,0.9605549573898315,-0.6561580896377563,0.4515891671180725,0.7241048216819763,-0.7269533276557922,0.7002002000808716,1.4183239936828613,-0.17712703347206116,0.45588964223861694,1.40885591506958,0.18005618453025818,0.6786715388298035,1.954176664352417,-0.14016668498516083,0.44712939858436584,1.9445160627365112,0.3167104721069336,0.6964222192764282,2.5331382751464844,0.3689187467098236,0.46188488602638245,2.5107126235961914,0.6491068005561829,0.7142459154129028,2.6238608360290527,0.39364418387413025,0.4671691060066223,2.590965986251831,0.6666438579559326,0.6442646980285645,2.7011818885803223,-0.06268864870071411,0.4476402699947357,2.6911168098449707,0.2058754712343216,0.4263978509662786,0
2026-09-21T21:54:24.417349,S006,S006_A1_O_20260921_2154,front,A1,older,class_0,0.5354688167572021,0.42645442485809326,-0.7028231620788574,0.5749119520187378,0.3498059809207916,-0.6783877015113831,0.5970916748046875,0.35281282663345337,-0.679068922996521,0.6157812476158142,0.35536426305770874,-0.6797611117362976,0.5070614218711853,0.33981287479400635,-0.6672118902206421,0.48744454979896545,0.33958154916763306,-0.6670722961425781,0.4675699770450592,0.33778104186058044,-0.6678071022033691,0.6443970203399658,0.3773556351661682,-0.35769185423851013,0.45338067412376404,0.3587501347064972,-0.30426740646362305,0.5762277245521545,0.507436215877533,-0.5616132020950317,0.49987298250198364,0.4847722053527832,-0.5497289896011353,0.7185654640197754,0.6390007138252258,-0.24207332730293274,0.40028658509254456,0.5876559615135193,0.010460028424859047,0.8227683305740356,0.9359188079833984,-0.4298308491706848,0.33664342761039734,0.9276508092880249,-0.2039932906627655,0.6655476093292236,0.9383729100227356,-0.490680992603302,0.44561854004859924,0.7789885401725769,-0.722841203212738,0.6286150217056274,0.9262906908988953,-0.5251395106315613,0.46891817450523376,0.7452152371406555,-0.7857881188392639,0.6327938437461853,0.8692704439163208,-0.46574798226356506,0.4627991318702698,0.707539439201355,-0.7555480003356934,0.6363591551780701,0.8809707760810852,-0.4633488655090332,0.4674849510192871,0.7301437258720398,-0.7260956764221191,0.7011792659759521,1.4179712533950806,-0.15971322357654572,0.4564541280269623,1.4077342748641968,0.16267110407352448,0.6789984107017517,1.9546691179275513,-0.14442625641822815,0.4475554823875427,1.9459335803985596,0.24466700851917267,0.6903306245803833,2.5345242023468018,0.3336876630783081,0.458176851272583,2.513683319091797,0.5122258067131042,0.7051389217376709,2.625213146209717,0.35659778118133545,0.46247434616088867,2.594701051712036,0.5244882106781006,0.6396658420562744,2.7019503116607666,-0.09278521686792374,0.4441125988960266,2.694312334060669,0.06851758062839508,0.4267027324143176,0
2026-09-21T21:54:24.510460,S006,S006_A1_O_20260921_2154,front,A1,older,class_0,0.5365732908248901,0.4263085722923279,-0.718753457069397,0.5756641626358032,0.3494068682193756,-0.6960934996604919,0.5983988046646118,0.35272088646888733,-0.6967689990997314,0.6170260310173035,0.35534074902534485,-0.6974729299545288,0.5073922872543335,0.3381066918373108,-0.6822620630264282,0.4876795709133148,0.337764710187912,-0.6821411848068237,0.4673883318901062,0.33497849106788635,-0.6828780770301819,0.6457640528678894,0.37736061215400696,-0.36734655499458313,0.4533505439758301,0.3584931492805481,-0.3063819408416748,0.5766092538833618,0.507417619228363,-0.5770547389984131,0.4999074339866638,0.48463666439056396,-0.5624756813049316,0.7190362811088562,0.6392887830734253,-0.26280078291893005,0.3995673358440399,0.5863831043243408,0.021790629252791405,0.8202441334724426,0.9357603788375854,-0.508076012134552,0.3260394036769867,0.9110973477363586,-0.26171228289604187,0.6585236191749573,0.9160252809524536,-0.6027718782424927,0.37078657746315,0.7504708766937256,-0.8870365023612976,0.6191970109939575,0.9069917798042297,-0.6405160427093506,0.3670676350593567,0.7146618366241455,-0.9624902009963989,0.6207175850868225,0.8497724533081055,-0.5364817976951599,0.37031289935112,0.6853089928627014,-0.938895046710968,0.624392032623291,0.8609883785247803,-0.5629714131355286,0.38686901330947876,0.7084206938743591,-0.8973206281661987,0.7013248801231384,1.4174885749816895,-0.16289301216602325,0.4563327729701996,1.4058070182800293,0.1658739447593689,0.679512083530426,1.9662612676620483,-0.14455032348632812,0.4475650191307068,1.9558511972427368,0.26150447130203247,0.6892858743667603,2.5441229343414307,0.3473161458969116,0.4587112069129944,2.5238683223724365,0.5903884172439575,0.7043169736862183,2.633009433746338,0.37239718437194824,0.4633495807647705,2.603630781173706,0.6116639375686646,0.6375464797019958,2.710204601287842,-0.08659166842699051,0.4446636736392975,2.70535945892334,0.09085249900817871,0.429168950900379,0
2026-09-21T21:54:24.618599,S006,S006_A1_O_20260921_2154,front,A1,older,class_0,0.537216067314148,0.42607301473617554,-0.7163361310958862,0.5761754512786865,0.34913843870162964,-0.6932343244552612,0.5992681384086609,0.3526877462863922,-0.6938894987106323,0.6177295446395874,0.35530874133110046,-0.694523811340332,0.5075803995132446,0.33697909116744995,-0.6792146563529968,0.4878528118133545,0.3367888629436493,-0.6791811585426331,0.4673486351966858,0.33389729261398315,-0.6799280047416687,0.6463476419448853,0.37754854559898376,-0.37022554874420166,0.45335644483566284,0.35848739743232727,-0.3068268895149231,0.5769468545913696,0.5073184967041016,-0.5760913491249084,0.5280731916427612,0.4814278781414032,-0.5610143542289734,0.7196900248527527,0.6394701600074768,-0.25782400369644165,0.39907577633857727,0.5865480899810791,0.027829620987176895,0.8181406855583191,0.9356672763824463,-0.46740812063217163,0.32162144780158997,0.910599410533905,-0.2976580858230591,0.6553413271903992,0.9010733366012573,-0.5482661128044128,0.36801594495773315,0.7575638294219971,-0.9282175302505493,0.6151772141456604,0.8922291994094849,-0.5884677171707153,0.3655853569507599,0.7262204885482788,-1.0082640647888184,0.6176087260246277,0.837201714515686,-0.5198396444320679,0.3676517605781555,0.6969318985939026,-0.9847432971000671,0.6218633651733398,0.8479549288749695,-0.5195258259773254,0.38344651460647583,0.7181442975997925,-0.9385892152786255,0.7015257477760315,1.417910099029541,-0.15970538556575775,0.45654988288879395,1.4063862562179565,0.16253450512886047,0.6801258325576782,1.9663124084472656,-0.14649958908557892,0.4497036933898926,1.9568779468536377,0.2542448937892914,0.6895211338996887,2.5442166328430176,0.33695679903030396,0.46093496680259705,2.524592399597168,0.5512471795082092,0.7047243714332581,2.63335919380188,0.3599325120449066,0.4655066132545471,2.6043589115142822,0.5673875212669373,0.6389432549476624,2.709561347961426,-0.09185958653688431,0.44701439142227173,2.705712080001831,0.10138969123363495,0.43081546493340284,0
2026-09-21T21:54:24.726441,S006,S006_A1_O_20260921_2154,front,A1,older,class_0,0.5372135639190674,0.4190278649330139,-0.4615045189857483,0.5759878158569336,0.34505459666252136,-0.4378272593021393,0.5992825031280518,0.3502417206764221,-0.43844693899154663,0.6177529096603394,0.3531912565231323,-0.4389142096042633,0.5077461004257202,0.3344084918498993,-0.42597389221191406,0.48851069808006287,0.3354201018810272,-0.42600980401039124,0.4695858955383301,0.33378612995147705,-0.4267677664756775,0.6467720866203308,0.3775467574596405,-0.16328230500221252,0.453866571187973,0.3584931194782257,-0.10829069465398788,0.5769295692443848,0.5032575130462646,-0.34016114473342896,0.518720269203186,0.4782876968383789,-0.32720109820365906,0.7171815037727356,0.6381524801254272,-0.13282355666160583,0.4166809618473053,0.586675226688385,0.14865900576114655,0.7844780683517456,0.9131956696510315,-0.2839488685131073,0.3723961412906647,0.9202648401260376,-0.15087732672691345,0.6292208433151245,0.8744031190872192,-0.29071393609046936,0.4580268859863281,0.761652410030365,-0.4945867955684662,0.5947009325027466,0.8705211877822876,-0.31867948174476624,0.4801371991634369,0.7314357161521912,-0.5298010110855103,0.5970041155815125,0.8197150826454163,-0.2744709551334381,0.46809735894203186,0.6996803879737854,-0.5062360167503357,0.6033819913864136,0.8278089761734009,-0.2705063223838806,0.4709998667240143,0.7193663120269775,-0.49620428681373596,0.6966780424118042,1.4069974422454834,-0.1521424949169159,0.4661501944065094,1.4020172357559204,0.1547124832868576,0.6515265703201294,1.8191832304000854,-0.21114012598991394,0.4480620324611664,1.8372822999954224,0.21538741886615753,0.6759783029556274,2.41439151763916,0.17784830927848816,0.46152544021606445,2.438737630844116,0.3866322636604309,0.6953399777412415,2.510638952255249,0.19760416448116302,0.46792715787887573,2.527813196182251,0.3900647759437561,0.6332485675811768,2.5735039710998535,-0.14531412720680237,0.44426703453063965,2.616391897201538,0.03396124765276909,0.43123022922681586,0
2026-09-21T21:54:24.867242,S006,S006_A1_O_20260921_2154,front,A1,older,class_0,0.5378127694129944,0.41898223757743835,-0.5493398904800415,0.5792056322097778,0.34505128860473633,-0.5220174193382263,0.6010152101516724,0.3502066433429718,-0.5226967334747314,0.6194044947624207,0.3531704843044281,-0.5232921838760376,0.5131343603134155,0.33464372158050537,-0.5113898515701294,0.4907935559749603,0.33547118306159973,-0.5113744139671326,0.4729759693145752,0.33458369970321655,-0.5121796131134033,0.6480245590209961,0.37857764959335327,-0.22782254219055176,0.45757871866226196,0.3610498011112213,-0.1758129596710205,0.5810002684593201,0.5033314228057861,-0.42261838912963867,0.5158188343048096,0.47832125425338745,-0.4101974368095398,0.7210774421691895,0.6382082104682922,-0.1417136937379837,0.42778974771499634,0.6057004928588867,0.0947713851928711,0.7880098819732666,0.914526641368866,-0.33997711539268494,0.40956825017929077,0.9879411458969116,-0.29345637559890747,0.6327051520347595,0.8823068141937256,-0.4336695075035095,0.5282799005508423,0.8165133595466614,-0.7921806573867798,0.599544107913971,0.8859919309616089,-0.47695112228393555,0.5613373517990112,0.782158613204956,-0.8699625134468079,0.6065288782119751,0.8334386944770813,-0.42654260993003845,0.5430957078933716,0.7400228381156921,-0.8364641070365906,0.6111862063407898,0.8391139507293701,-0.4135309159755707,0.5428824424743652,0.7610649466514587,-0.793282151222229,0.7119060754776001,1.4074996709823608,-0.11583124101161957,0.482292115688324,1.402469515800476,0.11842888593673706,0.6876140236854553,1.8991010189056396,-0.17131774127483368,0.4693136215209961,1.9079089164733887,0.16280795633792877,0.6880545020103455,2.465893507003784,0.24579226970672607,0.4721599221229553,2.478335380554199,0.36103567481040955,0.6991691589355469,2.5491816997528076,0.2669297158718109,0.472630113363266,2.562560558319092,0.3679722547531128,0.6575906276702881,2.614717721939087,-0.13508756458759308,0.4763944149017334,2.6319937705993652,-0.0673501193523407,0.43206412951236195,0
2026-09-21T21:54:24.970021,S006,S006_A1_O_20260921_2154,front,A1,older,class_0,0.5378363132476807,0.41005560755729675,-0.4425315856933594,0.577336311340332,0.3360793888568878,-0.41926807165145874,0.6004442572593689,0.34354326128959656,-0.4198318421840668,0.6186894178390503,0.3472873866558075,-0.4203108847141266,0.5129730701446533,0.32804569602012634,-0.4143260419368744,0.4911268353462219,0.3309314548969269,-0.41427478194236755,0.4743092656135559,0.33244654536247253,-0.41496071219444275,0.647819995880127,0.3772098124027252,-0.15111154317855835,0.4576564431190491,0.360686331987381,-0.127454936504364,0.5806862115859985,0.4987442195415497,-0.3247085213661194,0.5130581259727478,0.47328680753707886,-0.3206124007701874,0.7173194289207458,0.6363965272903442,-0.09939678013324738,0.4404517114162445,0.6042850017547607,0.09420455992221832,0.7380395531654358,0.9096542000770569,-0.14645329117774963,0.4239569306373596,0.9704601764678955,-0.2595076858997345,0.6284266114234924,0.8225181698799133,-0.005887170322239399,0.5211371183395386,0.7826350331306458,-0.5359789133071899,0.6041301488876343,0.7492498755455017,-0.008684271015226841,0.5430977940559387,0.747252345085144,-0.5663444995880127,0.6064013242721558,0.7740918397903442,0.02955796755850315,0.532768726348877,0.7122759222984314,-0.5449007153511047,0.61004239320755,0.7824339270591736,0.013709899969398975,0.5344086289405823,0.7305759191513062,-0.5368487238883972,0.7015396356582642,1.3910220861434937,-0.11103041470050812,0.4863995909690857,1.3932040929794312,0.11329711973667145,0.6645229458808899,1.8081390857696533,-0.17031680047512054,0.46762815117836,1.7959961891174316,0.2001487761735916,0.6790058016777039,2.3653411865234375,0.24483990669250488,0.4763571619987488,2.3871779441833496,0.39771538972854614,0.6909899711608887,2.4539194107055664,0.26704785227775574,0.4787049889564514,2.4778048992156982,0.40480130910873413,0.6566161513328552,2.516021490097046,-0.07873864471912384,0.4738427698612213,2.553741455078125,0.03321545943617821,0.43116988892187225,0
2026-09-21T21:54:25.068306,S006,S006_A1_O_20260921_2154,front,A1,older,class_0,0.5373277068138123,0.4061453640460968,-0.40972012281417847,0.5772134065628052,0.3321368396282196,-0.39172932505607605,0.5993655920028687,0.33810707926750183,-0.39242345094680786,0.6177390813827515,0.34201890230178833,-0.39297276735305786,0.5134112238883972,0.3272968530654907,-0.3681361675262451,0.4911196231842041,0.33036378026008606,-0.36811113357543945,0.47451820969581604,0.3324522376060486,-0.36886829137802124,0.6478133797645569,0.3760422170162201,-0.15782319009304047,0.4605686664581299,0.36123380064964294,-0.05095989629626274,0.5807024836540222,0.4964217245578766,-0.3072319030761719,0.5100757479667664,0.4723115861415863,-0.2788674831390381,0.7223368287086487,0.6373743414878845,-0.14097663760185242,0.4577462077140808,0.6119915246963501,0.18469172716140747,0.7746388912200928,0.9096248745918274,-0.26729869842529297,0.4410170912742615,0.9682967662811279,-0.1110810860991478,0.7411798238754272,0.9441163539886475,-0.26219096779823303,0.5289545655250549,0.7879378795623779,-0.522659420967102,0.7446545958518982,0.9571530222892761,-0.2882987856864929,0.5501964092254639,0.7490062117576599,-0.5701669454574585,0.7372390031814575,0.9328548908233643,-0.1020774394273758,0.5373765230178833,0.7136497497558594,-0.5433084964752197,0.7299422025680542,0.9288120269775391,-0.20674797892570496,0.5409008860588074,0.7314907312393188,-0.5271120071411133,0.7267962694168091,1.391051173210144,-0.11815736442804337,0.5180855393409729,1.394157886505127,0.12055741250514984,0.6968329548835754,1.81184720993042,-0.16969743371009827,0.49735331535339355,1.8122230768203735,0.20349368453025818,0.7068648338317871,2.4023866653442383,0.2308167666196823,0.5122303366661072,2.410780191421509,0.3831230103969574,0.7188673615455627,2.49593186378479,0.25025686621665955,0.5143835544586182,2.5026276111602783,0.38874727487564087,0.6783145666122437,2.5653879642486572,-0.10347841680049896,0.5090951323509216,2.5936388969421387,0.017426639795303345,0.43060355308239884,0
2026-09-21T21:54:25.160532,S006,S006_A1_O_20260921_2154,front,A1,older,class_0,0.5368611216545105,0.41091158986091614,-0.5990460515022278,0.573363184928894,0.3330775201320648,-0.5816898941993713,0.5975102186203003,0.3393823206424713,-0.5824339985847473,0.6156046390533447,0.34353724122047424,-0.5831860303878784,0.5107195377349854,0.33086350560188293,-0.5655811429023743,0.4907217025756836,0.33550217747688293,-0.5655323266983032,0.47361356019973755,0.3406140208244324,-0.5663089752197266,0.6472259163856506,0.3773631751537323,-0.3111139237880707,0.46103087067604065,0.3686545193195343,-0.23730559647083282,0.5790507793426514,0.49830520153045654,-0.47995251417160034,0.507137656211853,0.4751291573047638,-0.46162644028663635,0.7216895818710327,0.6538856625556946,-0.24163873493671417,0.44693654775619507,0.6142639517784119,0.09703819453716278,0.7818595170974731,1.0120009183883667,-0.42371463775634766,0.4080342650413513,0.9613026976585388,-0.12746116518974304,0.71668541431427,0.9561268091201782,-0.5115160346031189,0.4887576699256897,0.8168479800224304,-0.5610312223434448,0.7013229727745056,0.96174556016922,-0.5538025498390198,0.5019709467887878,0.7904931306838989,-0.6110440492630005,0.6968922019004822,0.9225034713745117,-0.47087350487709045,0.4947662353515625,0.7563489079475403,-0.5879310369491577,0.6913284063339233,0.9244861602783203,-0.4792420268058777,0.5026435256004333,0.7737938165664673,-0.5663531422615051,0.723844051361084,1.3967384099960327,-0.13444599509239197,0.515734076499939,1.398516297340393,0.1367907077074051,0.7017655372619629,1.92097806930542,-0.18896247446537018,0.49060893058776855,1.9213212728500366,0.21247074007987976,0.713262140750885,2.4997611045837402,0.2377813309431076,0.5075570344924927,2.4810879230499268,0.4276847839355469,0.7271034121513367,2.586557149887085,0.2584347426891327,0.510455846786499,2.5609164237976074,0.437502384185791,0.6771189570426941,2.6562016010284424,-0.15459772944450378,0.5033137798309326,2.6476404666900635,0.04645960032939911,0.43165274134441983,0
2026-09-21T21:54:25.227633,S006,S006_A1_O_20260921_2154,front,A1,older,class_0,0.5298601388931274,0.4110659062862396,-0.6070586442947388,0.5709525346755981,0.33340197801589966,-0.5873894095420837,0.5935382843017578,0.33960291743278503,-0.5881624817848206,0.6141068935394287,0.34481650590896606,-0.5890390276908875,0.5076137185096741,0.33090466260910034,-0.5715330839157104,0.4895303249359131,0.33549079298973083,-0.5715059041976929,0.47223591804504395,0.34042850136756897,-0.5723132491111755,0.6443866491317749,0.3780163526535034,-0.3093903660774231,0.4609774053096771,0.3684638738632202,-0.2367747724056244,0.5766040086746216,0.4983442723751068,-0.48590773344039917,0.5030211806297302,0.47471922636032104,-0.4676755368709564,0.7203711271286011,0.6604169011116028,-0.23754358291625977,0.42293137311935425,0.61577308177948,0.08329758793115616,0.7882546186447144,1.0403226613998413,-0.4116377830505371,0.3629625141620636,0.9593858122825623,-0.13080540299415588,0.708592414855957,1.0256716012954712,-0.5131385922431946,0.4291223883628845,0.8771725296974182,-0.5737262964248657,0.6914815306663513,1.044249415397644,-0.5665148496627808,0.43611207604408264,0.8707094192504883,-0.6422206163406372,0.6861211657524109,0.9982437491416931,-0.5203961133956909,0.4361923635005951,0.8376827836036682,-0.6504735350608826,0.6818269491195679,0.9980639815330505,-0.4943608343601227,0.4448712468147278,0.8495364785194397,-0.5939400792121887,0.7192987203598022,1.4009037017822266,-0.14046688377857208,0.4976758062839508,1.4026044607162476,0.14260131120681763,0.7028536200523376,1.987099289894104,-0.22388553619384766,0.4867662787437439,1.9911881685256958,0.19593791663646698,0.7188397645950317,2.573371410369873,0.17647185921669006,0.5060166120529175,2.556842565536499,0.3940763771533966,0.7329311370849609,2.659637928009033,0.1923483908176422,0.5084070563316345,2.6347084045410156,0.4022361636161804,0.6822322607040405,2.728302001953125,-0.2578366994857788,0.5072768926620483,2.7172160148620605,-0.05423359200358391,0.43285466063852335,0
2026-09-21T21:54:25.300505,S006,S006_A1_O_20260921_2154,front,A1,older,class_0,0.5232568383216858,0.4130440950393677,-0.6616181135177612,0.5679153203964233,0.3364943265914917,-0.6415448784828186,0.5922878384590149,0.3432144820690155,-0.642308235168457,0.6120213270187378,0.3483262360095978,-0.6432470083236694,0.5032976269721985,0.33347928524017334,-0.6274446249008179,0.4866207540035248,0.337697297334671,-0.6273602247238159,0.46844881772994995,0.34235620498657227,-0.6281567811965942,0.6426302790641785,0.38009825348854065,-0.34678855538368225,0.4602053761482239,0.3694862723350525,-0.2792196571826935,0.5729392766952515,0.5001797676086426,-0.5329571962356567,0.49715811014175415,0.47509974241256714,-0.5160167217254639,0.7190173864364624,0.6655319929122925,-0.24435994029045105,0.4096452593803406,0.6168063282966614,0.05702964588999748,0.811465859413147,1.0215471982955933,-0.41059279441833496,0.35363367199897766,0.9686896204948425,-0.08312611281871796,0.7033401131629944,1.046221375465393,-0.5219348669052124,0.4260637164115906,0.9231303334236145,-0.5008543729782104,0.6841191649436951,1.0629303455352783,-0.5784945487976074,0.4357861578464508,0.9278520345687866,-0.551703691482544,0.6795010566711426,1.0161148309707642,-0.5371507406234741,0.4344046711921692,0.8928120136260986,-0.5648765563964844,0.6772663593292236,1.0165836811065674,-0.5054993629455566,0.441946417093277,0.9002755880355835,-0.516673743724823,0.7103198766708374,1.4095546007156372,-0.14482715725898743,0.47864478826522827,1.4087446928024292,0.14696207642555237,0.7015148401260376,2.0020201206207275,-0.23405973613262177,0.4783007502555847,2.0044727325439453,0.19635909795761108,0.7180444002151489,2.586447238922119,0.17498601973056793,0.4991361200809479,2.571017026901245,0.4025210440158844,0.7327229380607605,2.672919988632202,0.19124875962734222,0.4988129734992981,2.649379014968872,0.41123729944229126,0.6809976100921631,2.7441115379333496,-0.2627812325954437,0.5036866664886475,2.7345898151397705,-0.05249981954693794,0.4334219939950289,0
2026-09-21T21:54:25.377653,S006,S006_A1_O_20260921_2154,front,A1,older,class_0,0.5192250609397888,0.4135921597480774,-0.7008190751075745,0.5655684471130371,0.3365745544433594,-0.6805668473243713,0.5882554054260254,0.34313806891441345,-0.6813524961471558,0.6098954081535339,0.3483438789844513,-0.682291567325592,0.5010619759559631,0.33403337001800537,-0.6647689342498779,0.4827553629875183,0.33794504404067993,-0.6646446585655212,0.46723026037216187,0.3427586555480957,-0.6653750538825989,0.6409276127815247,0.3790884017944336,-0.37115222215652466,0.45610731840133667,0.36897292733192444,-0.29597049951553345,0.5693211555480957,0.5004360675811768,-0.5654977560043335,0.4899108409881592,0.47475460171699524,-0.5465254187583923,0.7175087332725525,0.6628047227859497,-0.27577319741249084,0.3900487720966339,0.6090700626373291,0.05727113038301468,0.8156099319458008,0.9808234572410583,-0.46646109223365784,0.31709522008895874,0.9506254196166992,-0.15101931989192963,0.7014932632446289,1.0606077909469604,-0.6007667183876038,0.4072349965572357,0.9050062298774719,-0.7276279926300049,0.6832596063613892,1.0952507257461548,-0.6593562960624695,0.4220443367958069,0.8926804661750793,-0.7923000454902649,0.6762222051620483,1.0478830337524414,-0.6217896342277527,0.4245554506778717,0.8577394485473633,-0.7795839905738831,0.6737185120582581,1.0428869724273682,-0.5851181149482727,0.4312657415866852,0.8688281178474426,-0.7365842461585999,0.7009223699569702,1.411907434463501,-0.16384494304656982,0.45869749784469604,1.409908652305603,0.16608749330043793,0.7001687288284302,1.9986763000488281,-0.223353311419487,0.47417503595352173,2.002058506011963,0.24236440658569336,0.7163004279136658,2.5823919773101807,0.21477735042572021,0.49887752532958984,2.5675675868988037,0.5157678127288818,0.7316094636917114,2.6712749004364014,0.23055991530418396,0.4985791742801666,2.646693229675293,0.5315303206443787,0.6783961057662964,2.7435381412506104,-0.2171962559223175,0.5003965497016907,2.7364208698272705,0.04271549731492996,0.43336018880081334,0
2026-09-21T21:54:25.456683,S006,S006_A1_O_20260921_2154,front,A1,older,class_0,0.5197141170501709,0.41880854964256287,-0.5235165953636169,0.5656968355178833,0.33822375535964966,-0.5038172006607056,0.5879835486412048,0.3434465527534485,-0.5044406652450562,0.6086822748184204,0.3483618199825287,-0.5050346851348877,0.5010970234870911,0.3388802111148834,-0.48971477150917053,0.482072651386261,0.3425745666027069,-0.48954033851623535,0.46709808707237244,0.3459246754646301,-0.49023255705833435,0.6407870054244995,0.3783166706562042,-0.22385697066783905,0.45544153451919556,0.3697131872177124,-0.1577434539794922,0.5687286853790283,0.5057927966117859,-0.39600586891174316,0.49012652039527893,0.48091837763786316,-0.38035356998443604,0.7198415994644165,0.6593049168586731,-0.17039591073989868,0.4150593876838684,0.5985289812088013,0.13283327221870422,0.7934193015098572,0.9295178055763245,-0.334396094083786,0.39652198553085327,0.9208299517631531,-0.03666510805487633,0.6982235908508301,0.8788069486618042,-0.3444373309612274,0.523655891418457,0.7541629672050476,-0.261573851108551,0.6717048287391663,0.8193283677101135,-0.3836568593978882,0.5556206107139587,0.7174966335296631,-0.2867533564567566,0.6648968458175659,0.7680081725120544,-0.3381749987602234,0.5443599224090576,0.6834188103675842,-0.2634868323802948,0.6717424392700195,0.8255374431610107,-0.3255408704280853,0.5419711470603943,0.7053322196006775,-0.26086172461509705,0.7073408365249634,1.405707836151123,-0.1672169268131256,0.48381900787353516,1.4023200273513794,0.16969729959964752,0.7063109278678894,1.840445876121521,-0.24664311110973358,0.48768821358680725,1.8338894844055176,0.24228480458259583,0.7198863625526428,2.4044251441955566,0.17963208258152008,0.5295642614364624,2.419252634048462,0.4844696521759033,0.7377222180366516,2.4928231239318848,0.20315377414226532,0.5445876717567444,2.503462553024292,0.49739956855773926,0.6770784258842468,2.5675971508026123,-0.1981040984392166,0.49990424513816833,2.603447437286377,0.10857822000980377,0.43382044401810027,0
2026-09-21T21:54:25.541441,S006,S006_A1_O_20260921_2154,front,A1,older,class_0,0.5198777914047241,0.42025190591812134,-0.5537124872207642,0.5651451945304871,0.3382759392261505,-0.5341095924377441,0.588046133518219,0.3434421718120575,-0.5347739458084106,0.6084033250808716,0.3479209542274475,-0.5354458689689636,0.5004147887229919,0.3404189944267273,-0.5198191404342651,0.48202475905418396,0.34361502528190613,-0.5196847319602966,0.46598249673843384,0.3468499779701233,-0.520397961139679,0.6407855749130249,0.37631067633628845,-0.24844977259635925,0.4549957811832428,0.36963942646980286,-0.18093302845954895,0.5687406063079834,0.5078765749931335,-0.4255245327949524,0.49030250310897827,0.4830406904220581,-0.40952277183532715,0.7169802188873291,0.6557565927505493,-0.18031775951385498,0.4140223562717438,0.5898413062095642,0.14209777116775513,0.7879105806350708,0.9276415109634399,-0.35032159090042114,0.38849300146102905,0.8974082469940186,0.1382279247045517,0.6966246366500854,0.8757367730140686,-0.37548404932022095,0.5093997716903687,0.7102029323577881,0.09990191459655762,0.6792327165603638,0.7785041928291321,-0.4165481626987457,0.5378390550613403,0.6692840456962585,0.10000542551279068,0.6695700883865356,0.801359236240387,-0.3746955096721649,0.5287333726882935,0.6409816145896912,0.12452250719070435,0.6712062954902649,0.8239021897315979,-0.35854822397232056,0.5288501381874084,0.664868175983429,0.10422879457473755,0.7043510675430298,1.4046128988265991,-0.17795559763908386,0.48197823762893677,1.3994312286376953,0.1808430552482605,0.6984769105911255,1.8700025081634521,-0.23546020686626434,0.48575085401535034,1.8654537200927734,0.30287885665893555,0.7190600633621216,2.4374327659606934,0.19943691790103912,0.5229719281196594,2.4392592906951904,0.5479209423065186,0.7363117337226868,2.5259859561920166,0.22898773849010468,0.5345140695571899,2.522313117980957,0.5616875290870667,0.6720039248466492,2.597947597503662,-0.12926705181598663,0.4942721426486969,2.6157944202423096,0.18699923157691956,0.43349242731082166,0
2026-09-21T21:54:25.616199,S006,S006_A1_O_20260921_2154,front,A1,older,class_0,0.5201862454414368,0.42257407307624817,-0.5527976751327515,0.5633894801139832,0.3384932577610016,-0.5344976782798767,0.5876930356025696,0.3435239791870117,-0.5351794958114624,0.6076524257659912,0.34793388843536377,-0.5358380675315857,0.49886050820350647,0.3422998785972595,-0.5205107927322388,0.4815555214881897,0.345044881105423,-0.5203872323036194,0.4659806191921234,0.3491632342338562,-0.5210561156272888,0.6408507227897644,0.37631091475486755,-0.2516314685344696,0.4549362063407898,0.36967623233795166,-0.18683311343193054,0.5688011050224304,0.5107900500297546,-0.42526692152023315,0.4904450476169586,0.48371273279190063,-0.4100716710090637,0.7151322364807129,0.6541603207588196,-0.18305037915706635,0.41705626249313354,0.58798748254776,0.15341202914714813,0.8064576387405396,0.9288434982299805,-0.35096603631973267,0.4039791226387024,0.8993088006973267,0.07494305819272995,0.6975523829460144,0.876304566860199,-0.4013303220272064,0.5336657762527466,0.7312410473823547,-0.12098599970340729,0.6858431100845337,0.7717320919036865,-0.4453323483467102,0.5676900744438171,0.6950488686561584,-0.13499830663204193,0.6746912598609924,0.8086621761322021,-0.40086227655410767,0.5527125597000122,0.6631411910057068,-0.11275923252105713,0.6740387678146362,0.8225052952766418,-0.38326212763786316,0.5509345531463623,0.68520587682724,-0.11906574666500092,0.7047045826911926,1.399882197380066,-0.17729172110557556,0.4854402542114258,1.3969591856002808,0.1801053136587143,0.6982446908950806,1.8797050714492798,-0.2249903380870819,0.49451857805252075,1.8738561868667603,0.29287394881248474,0.720386266708374,2.440793514251709,0.2134082317352295,0.5267123579978943,2.440861463546753,0.5327008366584778,0.7388699054718018,2.527635097503662,0.24427196383476257,0.5375806093215942,2.523918390274048,0.5458483695983887,0.6739940643310547,2.6010971069335938,-0.10169289261102676,0.4960452914237976,2.6118669509887695,0.1623932123184204,0.4350496334813987,0
2026-09-21T21:54:25.691424,S006,S006_A1_O_20260921_2154,front,A1,older,class_0,0.5197659134864807,0.42256954312324524,-0.5386492013931274,0.5631505250930786,0.3385120928287506,-0.5204940438270569,0.587743878364563,0.34341898560523987,-0.521243691444397,0.6075851321220398,0.34752699732780457,-0.521940290927887,0.49889177083969116,0.342215359210968,-0.5101435780525208,0.4816502630710602,0.3452007472515106,-0.5100800395011902,0.46566063165664673,0.3495526611804962,-0.5107554793357849,0.6402968764305115,0.375711053609848,-0.2468075007200241,0.45501232147216797,0.3722027838230133,-0.19310304522514343,0.5691632032394409,0.5107988715171814,-0.41592344641685486,0.5181848406791687,0.4801563024520874,-0.4050379693508148,0.7147544622421265,0.6525270342826843,-0.18225714564323425,0.41685763001441956,0.5889166593551636,0.14067788422107697,0.7935594320297241,0.9297329187393188,-0.3501490652561188,0.41159588098526,0.911047101020813,0.0017747089732438326,0.6971524357795715,0.8893747925758362,-0.3957993686199188,0.5276477336883545,0.7389729022979736,-0.24809639155864716,0.6839712858200073,0.8035094141960144,-0.4309970438480377,0.5572885274887085,0.7084337472915649,-0.28930070996284485,0.6749255061149597,0.8284492492675781,-0.3885495066642761,0.5420420169830322,0.6772846579551697,-0.2745109796524048,0.6732961535453796,0.8407844305038452,-0.37743011116981506,0.5422734022140503,0.6981678605079651,-0.25624001026153564,0.7017260789871216,1.3969427347183228,-0.15721771121025085,0.4844535291194916,1.3971450328826904,0.159747913479805,0.6975586414337158,1.883316159248352,-0.13785509765148163,0.4923703074455261,1.8841665983200073,0.2874927818775177,0.719822347164154,2.4515695571899414,0.3124294877052307,0.5237504243850708,2.4498116970062256,0.5259852409362793,0.7364910840988159,2.539163827896118,0.3395489752292633,0.5352637767791748,2.5333669185638428,0.538460373878479,0.6748941540718079,2.6116065979003906,-0.016947614029049873,0.4983455538749695,2.6216251850128174,0.14606186747550964,0.43437738839367573,0
2026-09-21T21:54:25.757293,S006,S006_A1_O_20260921_2154,front,A1,older,class_0,0.5179719924926758,0.42425647377967834,-0.6321665048599243,0.5631033778190613,0.34060943126678467,-0.6118592023849487,0.5870837569236755,0.34452682733535767,-0.6126600503921509,0.607570469379425,0.3485579788684845,-0.6135097742080688,0.49744144082069397,0.3428916931152344,-0.600894570350647,0.4778820872306824,0.34577676653862,-0.6008129715919495,0.4634416997432709,0.35072067379951477,-0.6014016270637512,0.6396516561508179,0.37555307149887085,-0.3161284029483795,0.4510013163089752,0.37230023741722107,-0.26539483666419983,0.5691708326339722,0.513267993927002,-0.5016483068466187,0.5192953944206238,0.47918733954429626,-0.49044936895370483,0.7145726680755615,0.6523914933204651,-0.2470427006483078,0.39503249526023865,0.5911933779716492,0.12891511619091034,0.7872414588928223,0.9311802983283997,-0.4111994802951813,0.37161412835121155,0.9125363230705261,0.037557922303676605,0.6857145428657532,0.9687248468399048,-0.4614405632019043,0.45502346754074097,0.7771555781364441,-0.21812796592712402,0.6711188554763794,0.9728021025657654,-0.5049728155136108,0.47080716490745544,0.7539793252944946,-0.23944814503192902,0.6646782159805298,0.9344820380210876,-0.46570372581481934,0.46417298913002014,0.7304568886756897,-0.22571472823619843,0.6608503460884094,0.9361851811408997,-0.44434961676597595,0.4708448052406311,0.7468543648719788,-0.22269225120544434,0.6862160563468933,1.4029921293258667,-0.16918788850307465,0.46303361654281616,1.40518057346344,0.17178095877170563,0.686981737613678,1.925283432006836,-0.1454169750213623,0.47346338629722595,1.930794358253479,0.29220786690711975,0.7125624418258667,2.493544340133667,0.30080756545066833,0.5078657865524292,2.4840686321258545,0.552741289138794,0.730833888053894,2.5810930728912354,0.3261386752128601,0.5158626437187195,2.5637145042419434,0.5669938325881958,0.6692894697189331,2.651554584503174,-0.05141158029437065,0.49158257246017456,2.651010036468506,0.1532641351222992,0.4340758117720146,0
2026-09-21T21:54:25.830908,S006,S006_A1_O_20260921_2154,front,A1,older,class_0,0.5182726383209229,0.4269362688064575,-0.7638420462608337,0.5614097118377686,0.3412969708442688,-0.7445864081382751,0.586850643157959,0.34565460681915283,-0.7451223731040955,0.6069887280464172,0.3492651879787445,-0.7458393573760986,0.4929050803184509,0.3432612121105194,-0.7331731915473938,0.47506874799728394,0.3467778265476227,-0.7328639030456543,0.4569971561431885,0.3523402512073517,-0.7333680987358093,0.6396719813346863,0.3756875693798065,-0.4354228973388672,0.45072728395462036,0.37315693497657776,-0.38304275274276733,0.5681121945381165,0.5139349102973938,-0.6272006034851074,0.5256905555725098,0.48501822352409363,-0.6145325303077698,0.7153711318969727,0.6597121357917786,-0.31166887283325195,0.3861544728279114,0.5973098874092102,0.015111936256289482,0.7790465354919434,0.956280529499054,-0.49516192078590393,0.3411428928375244,0.9245370626449585,-0.07985999435186386,0.6264435052871704,0.9402246475219727,-0.5827255845069885,0.41162627935409546,0.8008198142051697,-0.4545947015285492,0.5927348732948303,0.9266411066055298,-0.6233950853347778,0.4207083582878113,0.7727698683738708,-0.4899960458278656,0.5953145623207092,0.8590810298919678,-0.5509986281394958,0.4113900065422058,0.7480381727218628,-0.4672466218471527,0.5943225622177124,0.8733576536178589,-0.5513527393341064,0.42305436730384827,0.7658386826515198,-0.45751556754112244,0.687152624130249,1.4099464416503906,-0.15914198756217957,0.44986167550086975,1.407045841217041,0.1619640737771988,0.6833693981170654,1.9782835245132446,-0.1289050579071045,0.4517695903778076,1.977156162261963,0.27300184965133667,0.6982871294021606,2.5403573513031006,0.3481202721595764,0.46821218729019165,2.52987003326416,0.5454769730567932,0.7151107788085938,2.6250336170196533,0.37272217869758606,0.47098875045776367,2.607877254486084,0.5597606897354126,0.6476017236709595,2.708630084991455,-0.06763037294149399,0.46959829330444336,2.70524263381958,0.10832200944423676,0.4360467639582401,0
2026-09-21T21:54:25.899434,S006,S006_A1_O_20260921_2154,front,A1,older,class_0,0.5176609754562378,0.4269118309020996,-0.7341925501823425,0.5605649352073669,0.34159958362579346,-0.7204254865646362,0.5863785743713379,0.34611767530441284,-0.7210325598716736,0.6059561967849731,0.3496115803718567,-0.7216810584068298,0.49157676100730896,0.3431781530380249,-0.7002153992652893,0.4744802415370941,0.34664198756217957,-0.7000531554222107,0.4561134874820709,0.352062851190567,-0.7007098197937012,0.6394110321998596,0.3756833076477051,-0.4319295883178711,0.45300307869911194,0.3729940354824066,-0.3391991853713989,0.5644241571426392,0.5134598016738892,-0.6035631895065308,0.4964640140533447,0.4843781292438507,-0.5798954963684082,0.7185262441635132,0.6670299172401428,-0.3488848805427551,0.3875747323036194,0.5995197892189026,0.024420933797955513,0.7882347106933594,0.9498881697654724,-0.5673062801361084,0.32409387826919556,0.9021168947219849,0.025691140443086624,0.6048595905303955,0.9022983908653259,-0.6501882076263428,0.3570683002471924,0.7646411657333374,-0.25311654806137085,0.5542853474617004,0.8904463052749634,-0.6953619718551636,0.3559260666370392,0.7377644777297974,-0.27673399448394775,0.5591240525245667,0.8185463547706604,-0.6255978941917419,0.3518616259098053,0.7103138566017151,-0.26785945892333984,0.5664749145507812,0.8311898112297058,-0.6196118593215942,0.36441248655319214,0.7282678484916687,-0.26221963763237,0.696222186088562,1.4196484088897705,-0.1750454604625702,0.45079904794692993,1.4103505611419678,0.17793318629264832,0.6831665635108948,1.965385913848877,-0.14036746323108673,0.45336151123046875,1.9491339921951294,0.33024412393569946,0.6985945105552673,2.5229387283325195,0.3680150508880615,0.4704386591911316,2.507140874862671,0.6574767231941223,0.7161243557929993,2.611957550048828,0.3985207974910736,0.4757886826992035,2.5886521339416504,0.6770921349525452,0.6463072896003723,2.6824731826782227,-0.025937143713235855,0.45760053396224976,2.6863086223602295,0.2560243606567383,0.4364705938337879,0
2026-09-21T21:54:25.971527,S006,S006_A1_O_20260921_2154,front,A1,older,class_0,0.5110522508621216,0.42710480093955994,-0.6536581516265869,0.5591961145401001,0.34306052327156067,-0.638803243637085,0.5831645727157593,0.34702056646347046,-0.6395105123519897,0.6052473783493042,0.3511117398738861,-0.6401823163032532,0.48982229828834534,0.34423843026161194,-0.6225700974464417,0.4735395014286041,0.34837648272514343,-0.6224450469017029,0.454822301864624,0.35214537382125854,-0.6231595277786255,0.6381726264953613,0.37727299332618713,-0.3691765069961548,0.4530949592590332,0.3757721781730652,-0.2945214509963989,0.5627049803733826,0.5144049525260925,-0.5299745798110962,0.5121042132377625,0.4842940866947174,-0.5121005177497864,0.7167540192604065,0.6631999611854553,-0.3168265223503113,0.3873596489429474,0.6000787615776062,0.0643724724650383,0.7789850234985352,0.94548100233078,-0.5496125221252441,0.330390989780426,0.9032235741615295,0.08869422972202301,0.6174975633621216,0.9048505425453186,-0.5870054960250854,0.3718548119068146,0.7868821620941162,-0.11505065113306046,0.5793848633766174,0.8907968401908875,-0.6317729949951172,0.37474924325942993,0.7668535113334656,-0.1325240433216095,0.580524206161499,0.8290336728096008,-0.5758711099624634,0.36759740114212036,0.7390202283859253,-0.13369344174861908,0.5840897560119629,0.8407636880874634,-0.5621782541275024,0.378495991230011,0.7536922097206116,-0.12523840367794037,0.6901636123657227,1.4165130853652954,-0.17382891476154327,0.4498707354068756,1.408996343612671,0.17684292793273926,0.6715496778488159,1.93819260597229,-0.1365540325641632,0.4486296772956848,1.9258354902267456,0.31884726881980896,0.6919049024581909,2.4933907985687256,0.35630184412002563,0.465995728969574,2.4848217964172363,0.6183258295059204,0.7110047936439514,2.5802347660064697,0.38548168540000916,0.47181615233421326,2.5663259029388428,0.6354274749755859,0.6409793496131897,2.6508901119232178,-0.011669350787997246,0.4483991265296936,2.65806245803833,0.22812239825725555,0.43683712815894093,0
2026-09-21T21:54:26.042475,S006,S006_A1_O_20260921_2154,front,A1,older,class_0,0.5107710361480713,0.4269891381263733,-0.5909014344215393,0.5592234134674072,0.34322136640548706,-0.5771653056144714,0.5835009813308716,0.3474842309951782,-0.5779561996459961,0.6052441000938416,0.35142409801483154,-0.5787209272384644,0.4899784028530121,0.34425652027130127,-0.5569434762001038,0.4738553464412689,0.3482198119163513,-0.5568400621414185,0.4549362063407898,0.35205191373825073,-0.5576076507568359,0.6372837424278259,0.3777381181716919,-0.3190106153488159,0.45402398705482483,0.37684473395347595,-0.22420895099639893,0.5628051161766052,0.5144907832145691,-0.47341999411582947,0.5223862528800964,0.48300808668136597,-0.44972673058509827,0.7146071195602417,0.6578112840652466,-0.272466242313385,0.3890267014503479,0.6020806431770325,0.12176873534917831,0.7956335544586182,0.9415563941001892,-0.45889925956726074,0.33311036229133606,0.9236165285110474,0.10777715593576431,0.6637369990348816,0.9682689905166626,-0.5470622181892395,0.38670021295547485,0.8171107172966003,-0.14582906663417816,0.6413848996162415,0.982010543346405,-0.5957571268081665,0.3931926488876343,0.7995458841323853,-0.16960938274860382,0.6365678906440735,0.9280649423599243,-0.5654376745223999,0.38652461767196655,0.768412172794342,-0.16961292922496796,0.6339985132217407,0.9295914173126221,-0.538993239402771,0.3961479961872101,0.7822045683860779,-0.15587228536605835,0.6904008984565735,1.4154382944107056,-0.1735289990901947,0.45042330026626587,1.4089679718017578,0.176514133810997,0.6719859838485718,1.9385255575180054,-0.14470013976097107,0.4497830271720886,1.9299558401107788,0.2934114336967468,0.6889070868492126,2.4958059787750244,0.3155770003795624,0.4664708971977234,2.4889891147613525,0.5665454864501953,0.7069281935691833,2.5819666385650635,0.3404875695705414,0.4714457392692566,2.5700860023498535,0.5810773372650146,0.6399272084236145,2.6526379585266113,-0.05332738161087036,0.4500652849674225,2.6593096256256104,0.16920098662376404,0.43810996706738614,0
2026-09-21T21:54:26.109658,S006,S006_A1_O_20260921_2154,front,A1,older,class_0,0.5102952718734741,0.42685234546661377,-0.5936876535415649,0.5590536594390869,0.3429708778858185,-0.5806514024734497,0.5822388529777527,0.3469967842102051,-0.5814186930656433,0.6050509214401245,0.3514464497566223,-0.5820842981338501,0.4900357127189636,0.34306415915489197,-0.5596906542778015,0.47340941429138184,0.34635311365127563,-0.5595530271530151,0.4550691545009613,0.350860059261322,-0.5602783560752869,0.6363486051559448,0.3776032626628876,-0.319438636302948,0.45071619749069214,0.37582075595855713,-0.22467954456806183,0.5627163648605347,0.5143255591392517,-0.4748692512512207,0.5215349793434143,0.48084327578544617,-0.45045018196105957,0.713687002658844,0.6537584662437439,-0.27004241943359375,0.3834492564201355,0.602128267288208,0.10406122356653214,0.803019642829895,0.9562693238258362,-0.45875072479248047,0.3226357698440552,0.9198170900344849,-0.002891423413529992,0.6655592918395996,0.9916585683822632,-0.5524044036865234,0.35957106947898865,0.7977880239486694,-0.34484681487083435,0.6431613564491272,1.0084844827651978,-0.5971019864082336,0.35817545652389526,0.7718737125396729,-0.3839067220687866,0.6374574899673462,0.9552286863327026,-0.561474084854126,0.3574923574924469,0.7456395626068115,-0.36923182010650635,0.6348545551300049,0.9562358856201172,-0.5387614965438843,0.3710295855998993,0.7630200982093811,-0.3521128296852112,0.689678430557251,1.415284276008606,-0.17137622833251953,0.448943555355072,1.4090760946273804,0.17427942156791687,0.6720910668373108,1.9455902576446533,-0.13940706849098206,0.44660133123397827,1.9417693614959717,0.2852499783039093,0.6859036684036255,2.5079832077026367,0.3259042799472809,0.45972561836242676,2.498457431793213,0.5612109899520874,0.7039379477500916,2.5939972400665283,0.3509461283683777,0.46397536993026733,2.578716278076172,0.5757178664207458,0.6346410512924194,2.667527198791504,-0.05365431308746338,0.446826308965683,2.6686809062957764,0.15498991310596466,0.4394383952233263,0
2026-09-21T21:54:26.190545,S006,S006_A1_O_20260921_2154,front,A1,older,class_0,0.5105856657028198,0.423517644405365,-0.5826461315155029,0.5595091581344604,0.3428887724876404,-0.5656107664108276,0.5822778940200806,0.3467177748680115,-0.5662391781806946,0.6052950024604797,0.3511294722557068,-0.5669079422950745,0.49146193265914917,0.34218284487724304,-0.5506662726402283,0.47358790040016174,0.3445979356765747,-0.5505717992782593,0.4566904902458191,0.3487604558467865,-0.5513201951980591,0.6362065672874451,0.37664589285850525,-0.29736047983169556,0.4500371813774109,0.3684397339820862,-0.22624647617340088,0.5631046891212463,0.5121356844902039,-0.4616938531398773,0.5207726359367371,0.4740387201309204,-0.4448016583919525,0.7128162384033203,0.6521707773208618,-0.24118629097938538,0.38108986616134644,0.5970831513404846,0.10239063203334808,0.7728263139724731,0.9519402384757996,-0.4383637309074402,0.3045059144496918,0.8572092056274414,0.05069001391530037,0.6480013728141785,0.9718659520149231,-0.5179604887962341,0.33847829699516296,0.6986450552940369,-0.056949786841869354,0.6176437735557556,0.9971128702163696,-0.5494784712791443,0.3367859423160553,0.6630550622940063,-0.06910105794668198,0.6151965856552124,0.9227936267852783,-0.5106867551803589,0.3363502025604248,0.6438995003700256,-0.0473109595477581,0.6154630780220032,0.9262275099754333,-0.5019038319587708,0.34876203536987305,0.6659619212150574,-0.05777593329548836,0.6886931657791138,1.414065957069397,-0.15682260692119598,0.44681277871131897,1.4073486328125,0.1597374826669693,0.6675573587417603,1.9211673736572266,-0.11049914360046387,0.4388408660888672,1.9176536798477173,0.2745557725429535,0.6809060573577881,2.4787867069244385,0.3448556363582611,0.4462527632713318,2.4760122299194336,0.5292373895645142,0.7003012299537659,2.565870761871338,0.3718684911727905,0.4524589478969574,2.557969093322754,0.5409216284751892,0.6255909204483032,2.6415302753448486,-0.007544784341007471,0.4286046028137207,2.6521756649017334,0.14910516142845154,0.4392550120581732,0
2026-09-21T21:54:26.263063,S006,S006_A1_O_20260921_2154,front,A1,older,class_0,0.5107837319374084,0.42102915048599243,-0.5907099843025208,0.5598834753036499,0.3423513174057007,-0.5732731819152832,0.582309365272522,0.3458794355392456,-0.5739079117774963,0.6055037975311279,0.3502717614173889,-0.574586033821106,0.49227243661880493,0.34122809767723083,-0.5582571625709534,0.4736393392086029,0.34325599670410156,-0.558144211769104,0.45726513862609863,0.3474256098270416,-0.5588685274124146,0.6362125873565674,0.37575435638427734,-0.2989901006221771,0.4492972791194916,0.3650752305984497,-0.23479127883911133,0.5637396574020386,0.5101305246353149,-0.4677453637123108,0.5202251672744751,0.47138020396232605,-0.45050758123397827,0.7124881744384766,0.6521685123443604,-0.2352500855922699,0.3765674829483032,0.5958251953125,0.0791735127568245,0.7615472078323364,0.9511281847953796,-0.4544530510902405,0.28213635087013245,0.8511741757392883,0.016330335289239883,0.6237793564796448,0.9388015270233154,-0.5866796374320984,0.30673474073410034,0.6911166310310364,-0.15270937979221344,0.5843852758407593,0.948594331741333,-0.6225075721740723,0.30193963646888733,0.6569940447807312,-0.17282599210739136,0.5857830047607422,0.8716449737548828,-0.5730135440826416,0.30218762159347534,0.6353899240493774,-0.15342019498348236,0.5893340706825256,0.8803979158401489,-0.5663277506828308,0.315471351146698,0.6573222279548645,-0.1555376499891281,0.6856464147567749,1.4159150123596191,-0.13986298441886902,0.44054049253463745,1.4079830646514893,0.14272212982177734,0.6640052795410156,1.9041930437088013,-0.09359601885080338,0.42732667922973633,1.9005337953567505,0.25756651163101196,0.6776947975158691,2.460909128189087,0.370652437210083,0.4361100196838379,2.462920904159546,0.5195351243019104,0.6978601217269897,2.54884934425354,0.39983466267585754,0.4440027177333832,2.5449020862579346,0.5318687558174133,0.620083212852478,2.626386880874634,0.030133357271552086,0.41662707924842834,2.646183967590332,0.14905723929405212,0.43975699448139605,0
2026-09-21T21:54:26.342352,S006,S006_A1_O_20260921_2154,front,A1,older,class_0,0.5109753012657166,0.41792401671409607,-0.6756342053413391,0.560021162033081,0.3400418162345886,-0.6514649391174316,0.582364022731781,0.34244874119758606,-0.6520859599113464,0.6056426763534546,0.3466394543647766,-0.6527575850486755,0.4926072061061859,0.3398694694042206,-0.6417456865310669,0.47370439767837524,0.3416236639022827,-0.6417257785797119,0.457667738199234,0.34596937894821167,-0.642440676689148,0.636215090751648,0.3724178373813629,-0.34114527702331543,0.44921278953552246,0.3614601492881775,-0.2966828942298889,0.565534770488739,0.5076639652252197,-0.5385408401489258,0.5199010372161865,0.469192773103714,-0.5288339853286743,0.7124823331832886,0.6521565914154053,-0.24401883780956268,0.37017542123794556,0.5934790372848511,0.04177897796034813,0.7827478051185608,0.9617109298706055,-0.45256009697914124,0.2883448004722595,0.8595916628837585,-0.04146849364042282,0.6429712176322937,0.9903180599212646,-0.5760735273361206,0.330655038356781,0.6863730549812317,-0.2284657210111618,0.6107107996940613,1.0005897283554077,-0.6163395643234253,0.32877370715141296,0.6474859118461609,-0.2533261477947235,0.6124445796012878,0.9343060255050659,-0.571689248085022,0.3273492753505707,0.6234187483787537,-0.22077588737010956,0.6115246415138245,0.9376107454299927,-0.5580811500549316,0.3401656448841095,0.6465291380882263,-0.22680678963661194,0.6822550892829895,1.4171435832977295,-0.14205299317836761,0.4355250895023346,1.408987045288086,0.14487633109092712,0.6622149348258972,1.905112385749817,-0.09049095213413239,0.43025296926498413,1.9000630378723145,0.2883681654930115,0.6795808672904968,2.4638102054595947,0.4354982376098633,0.43839532136917114,2.4603774547576904,0.6138840913772583,0.7015675902366638,2.5520882606506348,0.4694612920284271,0.44480687379837036,2.5424885749816895,0.6344140768051147,0.6214780807495117,2.628467559814453,0.07732930034399033,0.41988125443458557,2.6426360607147217,0.236559197306633,0.43947694142998167,0
2026-09-21T21:54:26.430963,S006,S006_A1_O_20260921_2154,front,A1,older,class_0,0.5115095973014832,0.4148912727832794,-0.43535327911376953,0.5598782300949097,0.3345858156681061,-0.4101741909980774,0.5811325311660767,0.33605387806892395,-0.41094106435775757,0.605607271194458,0.3415166139602661,-0.41146668791770935,0.49398747086524963,0.3347390294075012,-0.3973836898803711,0.47823649644851685,0.33960503339767456,-0.39733514189720154,0.46035295724868774,0.3448888659477234,-0.3980897068977356,0.6360817551612854,0.3699057400226593,-0.1480637490749359,0.4564981460571289,0.3648115396499634,-0.0869322419166565,0.5671619176864624,0.5024372339248657,-0.3205852806568146,0.5212434530258179,0.46888384222984314,-0.30587515234947205,0.7122088670730591,0.6483590602874756,-0.13403895497322083,0.39581000804901123,0.6078850030899048,0.15382470190525055,0.7579594850540161,0.9748528003692627,-0.4159244894981384,0.3930339515209198,0.9491134881973267,-0.09128561615943909,0.6455647945404053,0.918537437915802,-0.5674667954444885,0.5054555535316467,0.7421081066131592,-0.4226914048194885,0.6246118545532227,0.9142046570777893,-0.6111449003219604,0.5392377972602844,0.6996084451675415,-0.454883337020874,0.6274932622909546,0.8604457378387451,-0.5644551515579224,0.5154188871383667,0.6550995707511902,-0.421224445104599,0.6262035965919495,0.8679765462875366,-0.5493783950805664,0.5116863250732422,0.6774572134017944,-0.41994887590408325,0.6805683374404907,1.4139059782028198,-0.13701194524765015,0.44873595237731934,1.409509539604187,0.13961848616600037,0.6587308645248413,1.8690075874328613,-0.11944426596164703,0.4380671977996826,1.8633019924163818,0.2613500654697418,0.6801956295967102,2.419222116470337,0.317149817943573,0.4579736590385437,2.4277918338775635,0.4920879304409027,0.7007272839546204,2.5065009593963623,0.34266406297683716,0.46329230070114136,2.510996103286743,0.5023371577262878,0.6355480551719666,2.575817584991455,0.027916457504034042,0.4491061568260193,2.601409673690796,0.15810911357402802,0.43808654676699504,0
2026-09-21T21:54:26.497400,S006,S006_A1_O_20260921_2154,front,A1,older,class_0,0.5134544968605042,0.41477763652801514,-0.4107460081577301,0.5600298643112183,0.3321544826030731,-0.3926531672477722,0.5831854939460754,0.3342876732349396,-0.39340266585350037,0.6058297157287598,0.3385671377182007,-0.3939218521118164,0.4982914924621582,0.33466145396232605,-0.3708416521549225,0.48497000336647034,0.33984944224357605,-0.3707996904850006,0.4654325544834137,0.3463216722011566,-0.37157338857650757,0.6387420296669006,0.36869707703590393,-0.15720239281654358,0.46200817823410034,0.3692420721054077,-0.05587488412857056,0.5701384544372559,0.5013201236724854,-0.30628329515457153,0.5191246271133423,0.4699610471725464,-0.2798667550086975,0.7122505903244019,0.6473454833030701,-0.16506174206733704,0.4236394762992859,0.6244430541992188,0.20712073147296906,0.7526339292526245,0.9855163097381592,-0.4717097878456116,0.4274064004421234,0.9749727249145508,-0.07079633325338364,0.6389926671981812,0.8782281875610352,-0.6064883470535278,0.5134959816932678,0.7601757049560547,-0.40604496002197266,0.6156896948814392,0.8625287413597107,-0.6506029963493347,0.5386143922805786,0.7143396735191345,-0.4376373887062073,0.6220084428787231,0.8116381168365479,-0.5921841263771057,0.5162771940231323,0.6639500856399536,-0.40652602910995483,0.6227003931999207,0.8230865597724915,-0.5834311246871948,0.5164794921875,0.6869479417800903,-0.40651756525039673,0.689421534538269,1.4135525226593018,-0.14720675349235535,0.4752820134162903,1.4112870693206787,0.1495724618434906,0.66299968957901,1.8716731071472168,-0.1401190608739853,0.45796656608581543,1.8660142421722412,0.26883870363235474,0.6841007471084595,2.4209818840026855,0.29444655776023865,0.48193231225013733,2.4256937503814697,0.5045521855354309,0.7040733098983765,2.507751226425171,0.32046833634376526,0.4915502071380615,2.506873846054077,0.5165721774101257,0.6428254842758179,2.5735018253326416,0.004927454516291618,0.4623595178127289,2.5980613231658936,0.17258404195308685,0.438681560977729,0
2026-09-21T21:54:26.558835,S006,S006_A1_O_20260921_2154,front,A1,older,class_0,0.5135361552238464,0.40540656447410583,-0.3004891276359558,0.560062050819397,0.3273751139640808,-0.2844844460487366,0.5827241539955139,0.32902178168296814,-0.2851770222187042,0.6059169769287109,0.3336745798587799,-0.2856755554676056,0.4990934729576111,0.32951638102531433,-0.26176735758781433,0.48620548844337463,0.3352508842945099,-0.26170700788497925,0.465785413980484,0.34082263708114624,-0.26237809658050537,0.6383844017982483,0.365925133228302,-0.06498784571886063,0.4630424380302429,0.3674091398715973,0.039182376116514206,0.5710009932518005,0.4936639368534088,-0.19924192130565643,0.5207998156547546,0.4611957371234894,-0.17193329334259033,0.6995779275894165,0.6427522301673889,-0.12862244248390198,0.4310430884361267,0.6226074695587158,0.31397563219070435,0.7332780957221985,0.9697248339653015,-0.45529159903526306,0.4495467245578766,0.9699090719223022,0.06778420507907867,0.6399940848350525,0.8787325620651245,-0.6362252235412598,0.5455331206321716,0.7652490139007568,-0.2069046050310135,0.6235052943229675,0.8683656454086304,-0.6963523626327515,0.5763360261917114,0.7202612161636353,-0.21158599853515625,0.626495897769928,0.8193317651748657,-0.645900309085846,0.549904465675354,0.6650592684745789,-0.1855064034461975,0.6262387037277222,0.828935444355011,-0.619796872138977,0.5450910329818726,0.6874456405639648,-0.20510435104370117,0.6752930879592896,1.3985544443130493,-0.16557618975639343,0.47674059867858887,1.4055616855621338,0.16795971989631653,0.6587527990341187,1.6958731412887573,-0.23054783046245575,0.4588659703731537,1.7090040445327759,0.2681877017021179,0.674089789390564,2.2597289085388184,0.17951306700706482,0.4933384358882904,2.2929811477661133,0.475783109664917,0.6935203671455383,2.3480286598205566,0.20830993354320526,0.5065380930900574,2.37941312789917,0.4840758442878723,0.6375840306282043,2.4146218299865723,-0.051012225449085236,0.46438536047935486,2.464951276779175,0.1888781040906906,0.4384905591211987,0
2026-09-21T21:54:26.633944,S006,S006_A1_O_20260921_2154,front,A1,older,class_0,0.5205329656600952,0.40527859330177307,-0.27583423256874084,0.5602606534957886,0.32595109939575195,-0.26403889060020447,0.58472740650177,0.3284134864807129,-0.2647075355052948,0.6062780618667603,0.33223769068717957,-0.26523739099502563,0.49928927421569824,0.32818329334259033,-0.23726913332939148,0.48628106713294983,0.33383074402809143,-0.23721738159656525,0.4677509665489197,0.3393043279647827,-0.23799657821655273,0.639806866645813,0.36536112427711487,-0.05608692765235901,0.46294355392456055,0.3673050105571747,0.06662607938051224,0.5717520713806152,0.49212825298309326,-0.17817223072052002,0.5134695768356323,0.462255597114563,-0.1454102098941803,0.700859546661377,0.6393255591392517,-0.12851181626319885,0.4590030610561371,0.6216012835502625,0.34484633803367615,0.7334454655647278,0.9671440124511719,-0.43474096059799194,0.46659979224205017,0.9623553156852722,0.15533001720905304,0.6373046636581421,0.865631103515625,-0.5619927048683167,0.566696047782898,0.7650129199028015,-0.0372757725417614,0.6222516298294067,0.8522950410842896,-0.6110262274742126,0.5963911414146423,0.7204282283782959,-0.03526880964636803,0.6252254843711853,0.8069649338722229,-0.5593997240066528,0.5743134021759033,0.6690315008163452,-0.003938452340662479,0.6253944635391235,0.8180333971977234,-0.542791485786438,0.5700622200965881,0.6908754706382751,-0.032204218208789825,0.6809981465339661,1.391187071800232,-0.18240225315093994,0.4950049817562103,1.398537278175354,0.1847892552614212,0.6584001779556274,1.7043989896774292,-0.230857253074646,0.4586698114871979,1.7089450359344482,0.2655847668647766,0.6739249229431152,2.2672195434570312,0.1867319792509079,0.5054680705070496,2.2964274883270264,0.4819127023220062,0.6941729784011841,2.3554561138153076,0.21555940806865692,0.5257202386856079,2.378986358642578,0.49183377623558044,0.6334598660469055,2.4213192462921143,-0.060253579169511795,0.46589550375938416,2.4785079956054688,0.20674988627433777,0.43866046907549555,0
2026-09-21T21:54:26.700342,S006,S006_A1_O_20260921_2154,front,A1,older,class_0,0.5178789496421814,0.4076124131679535,-0.6239336729049683,0.5602800846099854,0.3293551206588745,-0.6107333898544312,0.5852564573287964,0.3338119685649872,-0.611528217792511,0.6062877178192139,0.33743539452552795,-0.6123162508010864,0.4983088970184326,0.32829123735427856,-0.5922632217407227,0.4849070608615875,0.33309799432754517,-0.5921646952629089,0.4654245376586914,0.336610347032547,-0.5929049253463745,0.6392416954040527,0.3665744960308075,-0.3294638991355896,0.45407238602638245,0.36257535219192505,-0.2440323829650879,0.5695453882217407,0.4948395788669586,-0.4957871437072754,0.5174015760421753,0.4683981239795685,-0.4743317663669586,0.701805830001831,0.6393811702728271,-0.2811794877052307,0.415025532245636,0.6098566055297852,0.19002175331115723,0.7399740815162659,0.966610848903656,-0.5166336297988892,0.3257734477519989,0.9023447036743164,0.19735759496688843,0.6634352803230286,0.9626729488372803,-0.6989555954933167,0.36802372336387634,0.7515024542808533,0.06631608307361603,0.6473585367202759,0.975603461265564,-0.758267343044281,0.37147411704063416,0.7174319624900818,0.06647836416959763,0.6459404230117798,0.9249035716056824,-0.7234371900558472,0.370598703622818,0.671890139579773,0.0656774714589119,0.6417866945266724,0.9269374012947083,-0.6864361763000488,0.37871769070625305,0.6931183934211731,0.05998314172029495,0.6770790219306946,1.4039990901947021,-0.1895841658115387,0.46229368448257446,1.4009439945220947,0.19214753806591034,0.6544160842895508,1.850814700126648,-0.21092729270458221,0.4402070641517639,1.8388762474060059,0.35576480627059937,0.6738545298576355,2.409005641937256,0.3003244400024414,0.47626882791519165,2.3980233669281006,0.6807605028152466,0.6947674751281738,2.4986445903778076,0.3323374390602112,0.4907056391239166,2.475783109664917,0.7023682594299316,0.6261306405067444,2.5644655227661133,-0.0437174029648304,0.4444216787815094,2.5816304683685303,0.3140468895435333,0.4386038741407295,0
2026-09-21T21:54:26.763228,S006,S006_A1_O_20260921_2154,front,A1,older,class_0,0.5161669850349426,0.4077942967414856,-0.7074984312057495,0.5603576302528381,0.33114326000213623,-0.6809248924255371,0.5858764052391052,0.336434543132782,-0.6815057396888733,0.6063507795333862,0.3394436538219452,-0.6821187138557434,0.49733343720436096,0.3283848464488983,-0.6698876619338989,0.47992849349975586,0.33228832483291626,-0.6698073744773865,0.46330952644348145,0.3353443443775177,-0.6704888343811035,0.6390596628189087,0.36674925684928894,-0.36258846521377563,0.448231041431427,0.35515081882476807,-0.3142886757850647,0.5685930848121643,0.49717190861701965,-0.5679947733879089,0.4858413636684418,0.4673618674278259,-0.5577322244644165,0.7019640803337097,0.6394514441490173,-0.2925693988800049,0.37699002027511597,0.5937203168869019,0.09392897039651871,0.7418329119682312,0.9465933442115784,-0.4986177980899811,0.2342679500579834,0.799866795539856,0.015108895488083363,0.662437915802002,0.9560466408729553,-0.678689181804657,0.26665642857551575,0.6119851469993591,-0.23115965723991394,0.6469430923461914,0.962697446346283,-0.7282746434211731,0.26289722323417664,0.5662487745285034,-0.265288770198822,0.6450563669204712,0.9115621447563171,-0.6836047768592834,0.2667634189128876,0.5442209243774414,-0.2531549334526062,0.6413231492042542,0.9157041907310486,-0.6599024534225464,0.2790624797344208,0.5703719854354858,-0.24228699505329132,0.6732414960861206,1.4060672521591187,-0.1878339946269989,0.4399612843990326,1.4008647203445435,0.19047491252422333,0.6464329361915588,1.8485386371612549,-0.2252129316329956,0.40571388602256775,1.8349010944366455,0.2515716552734375,0.6693295836448669,2.409641742706299,0.3011670708656311,0.4481487274169922,2.39896559715271,0.6550973653793335,0.6936686038970947,2.502932548522949,0.335197776556015,0.46631795167922974,2.47658109664917,0.6859424114227295,0.6016577482223511,2.565077304840088,-0.04404079169034958,0.4063774049282074,2.590053081512451,0.2783098816871643,0.44054966648532584,0
2026-09-21T21:54:26.843516,S006,S006_A1_O_20260921_2154,front,A1,older,class_0,0.5157355070114136,0.4079657196998596,-0.459933340549469,0.560039222240448,0.33096519112586975,-0.4513128697872162,0.5839976072311401,0.33565348386764526,-0.4522024989128113,0.6062601804733276,0.3390306830406189,-0.45289182662963867,0.4972364902496338,0.3291435241699219,-0.42090731859207153,0.4799846112728119,0.3344569504261017,-0.4208070635795593,0.46290820837020874,0.34006720781326294,-0.42162078619003296,0.6388031244277954,0.36695951223373413,-0.24046583473682404,0.4503036141395569,0.3626391291618347,-0.09949187189340591,0.5686136484146118,0.4969412684440613,-0.36284902691841125,0.4998500943183899,0.4691292941570282,-0.32539230585098267,0.7024627923965454,0.6404309868812561,-0.27310243248939514,0.4007118344306946,0.607243001461029,0.2578648030757904,0.7438935041427612,0.9342966079711914,-0.513211190700531,0.35160911083221436,0.916492223739624,0.2154376208782196,0.6640403866767883,0.9401634931564331,-0.6502121686935425,0.40990597009658813,0.714943528175354,0.04568126052618027,0.6486868262290955,0.9403174519538879,-0.6986068487167358,0.4271029531955719,0.6707229018211365,0.04659024998545647,0.6481901407241821,0.889568567276001,-0.6528476476669312,0.4060632586479187,0.6339939832687378,0.060737304389476776,0.6457468271255493,0.8968470692634583,-0.6316611170768738,0.41058269143104553,0.6562166213989258,0.0417867973446846,0.6736637949943542,1.4073108434677124,-0.18597832322120667,0.4518333971500397,1.4138548374176025,0.1886158287525177,0.6530226469039917,1.9008084535598755,-0.14378395676612854,0.43531250953674316,1.9033249616622925,0.25439661741256714,0.6702631711959839,2.4518349170684814,0.3359529376029968,0.4695254862308502,2.4546403884887695,0.6454585194587708,0.6939858198165894,2.53749942779541,0.365073561668396,0.4802719056606293,2.5312564373016357,0.661385178565979,0.6157678961753845,2.6072545051574707,0.0039022229611873627,0.4481692910194397,2.627615451812744,0.245265930891037,0.4404634042981673,0
2026-09-21T21:54:26.915949,S006,S006_A1_O_20260921_2154,front,A1,older,class_0,0.519776463508606,0.40966275334358215,-0.4384898543357849,0.5603266954421997,0.3310176730155945,-0.4307331442832947,0.5858455896377563,0.3356618583202362,-0.4315813183784485,0.6071025729179382,0.3389824628829956,-0.4322551190853119,0.4970925748348236,0.3292017877101898,-0.3989991247653961,0.4799359440803528,0.334805428981781,-0.39889582991600037,0.4631006717681885,0.3406676650047302,-0.3996810019016266,0.6406762003898621,0.36731618642807007,-0.2164398729801178,0.4503799080848694,0.3665136396884918,-0.06592781841754913,0.5687836408615112,0.4970220923423767,-0.33711689710617065,0.49935418367385864,0.46999454498291016,-0.29745620489120483,0.7046202421188354,0.6411089301109314,-0.26530879735946655,0.420573890209198,0.6084358096122742,0.30474990606307983,0.7458776235580444,0.927509605884552,-0.565696120262146,0.398841917514801,0.9366997480392456,0.25776010751724243,0.6764904260635376,0.9170998930931091,-0.7209978103637695,0.49389487504959106,0.7271749377250671,0.1034555584192276,0.6632629632949829,0.9134318828582764,-0.7809471487998962,0.5246937870979309,0.6824530959129333,0.111321821808815,0.6639580726623535,0.8640100359916687,-0.7295129299163818,0.5023511648178101,0.6406095027923584,0.1277380883693695,0.6622357368469238,0.8721535801887512,-0.7021752595901489,0.49888595938682556,0.6628588438034058,0.1024242490530014,0.6749877333641052,1.411266803741455,-0.21101689338684082,0.464366614818573,1.4186153411865234,0.2138964831829071,0.6546888947486877,1.8959105014801025,-0.16919970512390137,0.45115670561790466,1.894831895828247,0.3149426579475403,0.6724590063095093,2.4477713108062744,0.2985544502735138,0.486458957195282,2.4513885974884033,0.6163525581359863,0.6961031556129456,2.53424334526062,0.3263983130455017,0.49853047728538513,2.5297677516937256,0.6304703950881958,0.6210074424743652,2.6029250621795654,-0.02452888712286949,0.4568079113960266,2.625020742416382,0.25619542598724365,0.4380790738981556,0
2026-09-21T21:54:26.990685,S006,S006_A1_O_20260921_2154,front,A1,older,class_0,0.5254987478256226,0.40861383080482483,-0.338148295879364,0.561831533908844,0.3307453989982605,-0.3245113492012024,0.5878509283065796,0.33503061532974243,-0.32536453008651733,0.6080254316329956,0.33781346678733826,-0.3259613811969757,0.5025440454483032,0.32965561747550964,-0.2936970591545105,0.48695462942123413,0.3357098400592804,-0.29366201162338257,0.47175613045692444,0.3421449363231659,-0.2945287525653839,0.6420688033103943,0.3670644462108612,-0.11705859750509262,0.4589773118495941,0.3689160943031311,0.029739324003458023,0.5702979564666748,0.4937635660171509,-0.24382725358009338,0.5002800822257996,0.4703747630119324,-0.20493952929973602,0.7057220935821533,0.6413519978523254,-0.18271219730377197,0.4401319921016693,0.6268635392189026,0.310250461101532,0.7838912010192871,0.9287455081939697,-0.5380700826644897,0.4519612789154053,0.9817570447921753,0.13967585563659668,0.7067834138870239,0.9128187298774719,-0.7096735239028931,0.5622426271438599,0.7413341999053955,-0.2249264419078827,0.695857048034668,0.9082053899765015,-0.7658556699752808,0.5967093110084534,0.6902076601982117,-0.24891796708106995,0.6978045701980591,0.8603116869926453,-0.7094385027885437,0.5705386996269226,0.6424853205680847,-0.21068930625915527,0.6957049369812012,0.8682238459587097,-0.6896300911903381,0.566490650177002,0.6656835079193115,-0.2227512151002884,0.6852795481681824,1.4111329317092896,-0.20488007366657257,0.48430338501930237,1.4208712577819824,0.2075267732143402,0.6685408353805542,1.8936272859573364,-0.15921680629253387,0.4735950529575348,1.896499752998352,0.2979486286640167,0.6840108633041382,2.447498083114624,0.29589515924453735,0.5011828541755676,2.4536936283111572,0.5519993901252747,0.7041131258010864,2.5330545902252197,0.3222067654132843,0.5101755261421204,2.5324409008026123,0.5621334314346313,0.6400715112686157,2.603523015975952,-0.028258632868528366,0.48194512724876404,2.62487530708313,0.19504225254058838,0.43691741413380386,0
2026-09-21T21:54:27.066443,S006,S006_A1_O_20260921_2154,front,A1,older,class_0,0.5267517566680908,0.4093732237815857,-0.5320831537246704,0.5618582367897034,0.33114516735076904,-0.5094078779220581,0.5878473520278931,0.33542901277542114,-0.5101151466369629,0.6075921058654785,0.33796802163124084,-0.5106335878372192,0.5035601854324341,0.330142617225647,-0.49755343794822693,0.48868805170059204,0.3357016444206238,-0.4976719915866852,0.4729401171207428,0.34148889780044556,-0.49860692024230957,0.6415758728981018,0.3670590817928314,-0.2128288745880127,0.4629230499267578,0.3682122230529785,-0.15263637900352478,0.5702993869781494,0.4933260679244995,-0.4018063545227051,0.5206526517868042,0.4712766706943512,-0.3873467743396759,0.7165709137916565,0.6414332985877991,-0.13706983625888824,0.4251207709312439,0.6223235726356506,0.11109058558940887,0.8418472409248352,0.9397838115692139,-0.32768431305885315,0.3918997347354889,0.9729734063148499,-0.0953148901462555,0.7452951073646545,1.0465140342712402,-0.5330155491828918,0.4714621901512146,0.7581551671028137,-0.5374203324317932,0.7274197340011597,1.074960470199585,-0.5842283964157104,0.4917357563972473,0.7207912802696228,-0.5932206511497498,0.7222527265548706,1.0257490873336792,-0.564673662185669,0.47984474897384644,0.6791559457778931,-0.5848488807678223,0.7184453010559082,1.019131064414978,-0.5265203714370728,0.48421818017959595,0.6999492645263672,-0.5468732118606567,0.6932506561279297,1.4111028909683228,-0.1254570484161377,0.4835846424102783,1.4166218042373657,0.12788964807987213,0.6755508184432983,1.8939775228500366,-0.12901344895362854,0.47213873267173767,1.8923999071121216,0.20788486301898956,0.6931483745574951,2.44663405418396,0.3207308351993561,0.49922624230384827,2.4515750408172607,0.4700234830379486,0.708763599395752,2.5323216915130615,0.3453678488731384,0.507158637046814,2.5319583415985107,0.4823165535926819,0.6592302322387695,2.604806661605835,-0.029079804196953773,0.48294392228126526,2.6238789558410645,0.07844246923923492,0.436944142372037,0
2026-09-21T21:54:27.128602,S006,S006_A1_O_20260921_2154,front,A1,older,class_0,0.5269626379013062,0.41047441959381104,-0.8979736566543579,0.561969518661499,0.3316394090652466,-0.8693218231201172,0.5878918170928955,0.33603349328041077,-0.8698727488517761,0.6074504852294922,0.3383135497570038,-0.8704017400741577,0.5034534931182861,0.33020052313804626,-0.8652307391166687,0.48761382699012756,0.33536407351493835,-0.8653599619865417,0.47284626960754395,0.3408733010292053,-0.8661566972732544,0.6413314342498779,0.3670596480369568,-0.510722815990448,0.46046334505081177,0.3662624955177307,-0.48824343085289,0.5703007578849792,0.4935063123703003,-0.741655170917511,0.52690190076828,0.47447720170021057,-0.738079309463501,0.7216058969497681,0.6421737670898438,-0.27515774965286255,0.3999948799610138,0.6117432117462158,-0.14271263778209686,0.8456575274467468,0.9434680342674255,-0.35418498516082764,0.31064045429229736,0.8677157759666443,-0.31841546297073364,0.7360591888427734,1.0494505167007446,-0.4778903126716614,0.35122206807136536,0.6593561768531799,-0.7159618139266968,0.7131246328353882,1.0727503299713135,-0.5096468329429626,0.35704153776168823,0.6161829829216003,-0.7686058878898621,0.7099831104278564,1.01960027217865,-0.4840930998325348,0.34956100583076477,0.5897150039672852,-0.763342559337616,0.7070348858833313,1.0127595663070679,-0.4662405848503113,0.3595157265663147,0.6129367351531982,-0.7263912558555603,0.693805992603302,1.4124222993850708,-0.1092645525932312,0.47129184007644653,1.4140657186508179,0.11157281696796417,0.6749292612075806,1.8791135549545288,-0.12034137547016144,0.45271897315979004,1.8603659868240356,0.21053080260753632,0.6927939653396606,2.422942876815796,0.48940086364746094,0.4847998023033142,2.4216055870056152,0.6115058660507202,0.7086813449859619,2.5073180198669434,0.530056357383728,0.4952027201652527,2.498669385910034,0.6418163180351257,0.656576931476593,2.590728521347046,0.11819950491189957,0.47385185956954956,2.6115195751190186,0.21389298141002655,0.43698619544562517,0
2026-09-21T21:54:27.224736,S006,S006_A1_O_20260921_2154,front,A1,older,class_0,0.5274606943130493,0.41221773624420166,-0.729456901550293,0.5621351599693298,0.3328999876976013,-0.7053705453872681,0.5879930257797241,0.33725056052207947,-0.7060229778289795,0.6074169278144836,0.3393688499927521,-0.7065763473510742,0.5034443140029907,0.3310316205024719,-0.6971694827079773,0.4876500070095062,0.33539673686027527,-0.6972300410270691,0.4726142883300781,0.3404405415058136,-0.6980306506156921,0.6404660940170288,0.36714377999305725,-0.39197421073913574,0.46054163575172424,0.3654417395591736,-0.3473367393016815,0.570451021194458,0.4948853552341461,-0.5899173617362976,0.5301011800765991,0.4759991765022278,-0.580337405204773,0.723615288734436,0.6422672271728516,-0.22849389910697937,0.39317232370376587,0.6065474152565002,-0.013921335339546204,0.8317963480949402,0.9459635615348816,-0.30537647008895874,0.31473615765571594,0.8732330799102783,-0.3101504445075989,0.7264223098754883,1.0304722785949707,-0.4658823609352112,0.3553885817527771,0.6730205416679382,-0.3674982190132141,0.708961546421051,1.0496643781661987,-0.5107991099357605,0.362699031829834,0.6193394064903259,-0.40505632758140564,0.7081736326217651,0.9953493475914001,-0.48868900537490845,0.3525148928165436,0.5932583212852478,-0.4788638651371002,0.7055978178977966,0.9906213879585266,-0.45764726400375366,0.3602212071418762,0.6210370659828186,-0.3934805989265442,0.693202555179596,1.4130078554153442,-0.11593667417764664,0.4634326100349426,1.4128278493881226,0.11840494722127914,0.6703051328659058,1.858514428138733,-0.11328784376382828,0.44563931226730347,1.8319443464279175,0.21965134143829346,0.6916298866271973,2.4015252590179443,0.43912672996520996,0.4760884642601013,2.4007482528686523,0.599551260471344,0.707629382610321,2.4872567653656006,0.4743627607822418,0.4871518611907959,2.481290340423584,0.6237359046936035,0.6564121246337891,2.5670721530914307,0.08645829558372498,0.461327463388443,2.5897114276885986,0.21884915232658386,0.43637087004202785,0
2026-09-21T21:54:27.322680,S006,S006_A1_O_20260921_2154,front,A1,older,class_0,0.5273877382278442,0.4122696816921234,-0.5254175662994385,0.5633230805397034,0.33287903666496277,-0.5082536935806274,0.5889350771903992,0.33709630370140076,-0.5089353322982788,0.6078239679336548,0.33905068039894104,-0.5095111727714539,0.5043797492980957,0.33098211884498596,-0.49360060691833496,0.4889375567436218,0.33540087938308716,-0.49371713399887085,0.4730776846408844,0.34040597081184387,-0.49459925293922424,0.6404191255569458,0.36673080921173096,-0.24939768016338348,0.46219682693481445,0.36553651094436646,-0.17639309167861938,0.5716565251350403,0.49477821588516235,-0.4067917764186859,0.5318709015846252,0.4756653904914856,-0.3882564902305603,0.7280088663101196,0.6422170400619507,-0.1478479653596878,0.39531150460243225,0.6065168976783752,0.11373279988765717,0.8242661356925964,0.9368528723716736,-0.2762904465198517,0.3208751082420349,0.8865671753883362,0.15691475570201874,0.7229214310646057,1.025628685951233,-0.4289091229438782,0.3713720738887787,0.7443723678588867,0.0795445442199707,0.7040606141090393,1.0346497297286987,-0.4720512330532074,0.3796580135822296,0.7196882963180542,0.07242521643638611,0.7019680142402649,0.9790319800376892,-0.45618540048599243,0.3659122586250305,0.6828652024269104,0.06831375509500504,0.699668288230896,0.9778764247894287,-0.4226870536804199,0.3747161328792572,0.7000505924224854,0.07457602769136429,0.6932485699653625,1.41128408908844,-0.12203077226877213,0.46502938866615295,1.4090749025344849,0.1246969923377037,0.6680911779403687,1.8483033180236816,-0.11946841329336166,0.45000505447387695,1.8247240781784058,0.22260785102844238,0.6921097040176392,2.3901491165161133,0.41790834069252014,0.481194406747818,2.3933072090148926,0.5713127851486206,0.7097090482711792,2.475322961807251,0.4549441337585449,0.49214786291122437,2.4753239154815674,0.5924608111381531,0.6555074453353882,2.5526235103607178,0.0633668452501297,0.46308866143226624,2.5749828815460205,0.215818852186203,0.4364069973146825,0
2026-09-21T21:54:27.405111,S006,S006_A1_O_20260921_2154,front,A1,older,class_0,0.5287891626358032,0.41467908024787903,-0.6946786642074585,0.5654982328414917,0.3343777060508728,-0.6693392992019653,0.590859055519104,0.338922917842865,-0.6698998212814331,0.6091527342796326,0.3406680226325989,-0.6704641580581665,0.5044180154800415,0.33128172159194946,-0.657874584197998,0.4888378977775574,0.33565881848335266,-0.6579173803329468,0.4726227819919586,0.34034091234207153,-0.658737063407898,0.6413918137550354,0.3674396276473999,-0.3554767966270447,0.4621504843235016,0.36477476358413696,-0.29883483052253723,0.5719009637832642,0.49869653582572937,-0.5557013750076294,0.5339223146438599,0.4755886197090149,-0.542624831199646,0.7287989854812622,0.6444063782691956,-0.2090315818786621,0.3931799530982971,0.6032713055610657,0.04893048107624054,0.838923454284668,0.9449664354324341,-0.32394224405288696,0.3006853461265564,0.829725444316864,0.15194709599018097,0.722137451171875,1.013439416885376,-0.4604662358760834,0.32616183161735535,0.6396018266677856,-0.06714356690645218,0.700425922870636,1.0226918458938599,-0.4980880618095398,0.32512298226356506,0.5973889827728271,-0.08330444991588593,0.6990699768066406,0.9684471487998962,-0.46851468086242676,0.3206872045993805,0.5738199949264526,-0.0766216591000557,0.6962809562683105,0.968092679977417,-0.44946661591529846,0.33162012696266174,0.5969406962394714,-0.07277612388134003,0.6946356296539307,1.415458083152771,-0.14090098440647125,0.4631269872188568,1.4091969728469849,0.14349018037319183,0.6680244207382202,1.8478074073791504,-0.13383449614048004,0.44050949811935425,1.8273942470550537,0.2481752634048462,0.6920126676559448,2.391972303390503,0.4394047260284424,0.4706699848175049,2.3940443992614746,0.655105471611023,0.709719717502594,2.4783599376678467,0.4812053143978119,0.48437660932540894,2.4752683639526367,0.6841986775398254,0.6457370519638062,2.5539448261260986,0.10154954344034195,0.4420991837978363,2.5766327381134033,0.30725419521331787,0.43696606135221594,0
2026-09-21T21:54:27.525285,S006,S006_A1_O_20260921_2154,front,A1,older,class_0,0.5306140184402466,0.41652247309684753,-0.7786823511123657,0.56815505027771,0.33616748452186584,-0.7510699033737183,0.5931817293167114,0.3410976827144623,-0.7516981363296509,0.6109718084335327,0.34282875061035156,-0.7523270845413208,0.504754900932312,0.3314996361732483,-0.7405690550804138,0.4888758659362793,0.33573752641677856,-0.7406171560287476,0.472470223903656,0.34010928869247437,-0.7414600849151611,0.6421643495559692,0.3686070144176483,-0.41639479994773865,0.46200841665267944,0.36370930075645447,-0.3663119971752167,0.5726904273033142,0.501899003982544,-0.6330541968345642,0.5370503664016724,0.4755929708480835,-0.6221149563789368,0.7293888330459595,0.6477242112159729,-0.24981865286827087,0.39014407992362976,0.6024972200393677,0.0032143655698746443,0.8437414169311523,0.9515877962112427,-0.32663434743881226,0.2835903763771057,0.8331186771392822,-0.09199899435043335,0.7285357713699341,1.053405523300171,-0.4709435999393463,0.3084588646888733,0.6416761875152588,-0.4117414951324463,0.705367922782898,1.0731223821640015,-0.5197721719741821,0.30669182538986206,0.5989509224891663,-0.45167651772499084,0.7038534879684448,1.0187588930130005,-0.48839277029037476,0.30487674474716187,0.5753491520881653,-0.43468576669692993,0.6997852325439453,1.0141801834106445,-0.4588645398616791,0.3172786831855774,0.5991749167442322,-0.4185526371002197,0.6963793039321899,1.4212607145309448,-0.1438685953617096,0.45921558141708374,1.4107264280319214,0.1464524269104004,0.6679588556289673,1.8829032182693481,-0.1123163104057312,0.4404558539390564,1.8691476583480835,0.33095499873161316,0.6917951107025146,2.430748701095581,0.49664416909217834,0.4635801911354065,2.419053792953491,0.7647306323051453,0.7097033262252808,2.5205166339874268,0.5366878509521484,0.47454363107681274,2.499239206314087,0.7966057062149048,0.6435455679893494,2.5933191776275635,0.1273055225610733,0.4399983882904053,2.6041066646575928,0.37912359833717346,0.43698114882025757,0
2026-09-21T21:54:27.626224,S006,S006_A1_O_20260921_2154,front,A1,older,class_0,0.5321338772773743,0.41961750388145447,-0.7267943620681763,0.5724049806594849,0.33901962637901306,-0.7046681642532349,0.5946691632270813,0.3432428538799286,-0.7053135633468628,0.6120157837867737,0.34522926807403564,-0.7058992385864258,0.5048403739929199,0.3319847881793976,-0.6912866234779358,0.4888421893119812,0.335723876953125,-0.6913547515869141,0.47235503792762756,0.3400946259498596,-0.6921564936637878,0.6428528428077698,0.371389240026474,-0.3955259919166565,0.4618324637413025,0.3639056086540222,-0.3314892053604126,0.5753458738327026,0.5068549513816833,-0.589847981929779,0.5443521738052368,0.4765963554382324,-0.574571430683136,0.7314823269844055,0.664483368396759,-0.24556808173656464,0.39532744884490967,0.6044383645057678,0.02983417734503746,0.8550975918769836,0.9573354125022888,-0.3219887912273407,0.3112545907497406,0.8800829648971558,0.04355659335851669,0.7439182996749878,1.0672718286514282,-0.46835678815841675,0.3113367557525635,0.7211102247238159,-0.17302638292312622,0.7203191518783569,1.085817813873291,-0.51318359375,0.3217412233352661,0.6913549900054932,-0.19786211848258972,0.7196527719497681,1.0316760540008545,-0.4913049638271332,0.3211916387081146,0.6558718085289001,-0.2097683697938919,0.7156785726547241,1.0262024402618408,-0.46018877625465393,0.3307318389415741,0.6734751462936401,-0.18629984557628632,0.7022697925567627,1.4252513647079468,-0.15228155255317688,0.4634299874305725,1.4125449657440186,0.15487030148506165,0.668443500995636,1.88382089138031,-0.11263644695281982,0.4475688934326172,1.8715901374816895,0.3619532287120819,0.6957874894142151,2.434201955795288,0.46787580847740173,0.4652649760246277,2.424682140350342,0.7616502046585083,0.7160677313804626,2.524414300918579,0.5055655241012573,0.47616228461265564,2.5069143772125244,0.7892383337020874,0.6448072195053101,2.594815731048584,0.11291609704494476,0.4404660165309906,2.6058387756347656,0.3915533423423767,0.4367871665480462,0
2026-09-21T21:54:27.714565,S006,S006_A1_O_20260921_2154,front,A1,older,class_0,0.5340692400932312,0.42222386598587036,-0.7679258584976196,0.5758670568466187,0.34222811460494995,-0.748203694820404,0.5966938734054565,0.34664031863212585,-0.7487116456031799,0.6140483021736145,0.3496840298175812,-0.7491427659988403,0.5056679844856262,0.33260399103164673,-0.7370297312736511,0.48909249901771545,0.33601874113082886,-0.7370660305023193,0.47274675965309143,0.34022101759910583,-0.7377942204475403,0.6447120904922485,0.37617385387420654,-0.44284787774086,0.4617489278316498,0.3643697202205658,-0.38782259821891785,0.5777940154075623,0.5102280378341675,-0.6306928396224976,0.5521196722984314,0.48267820477485657,-0.6176154017448425,0.7320863604545593,0.6637346148490906,-0.2845650911331177,0.41550642251968384,0.6104827523231506,-0.03897767513990402,0.8394232988357544,0.9449188709259033,-0.34591132402420044,0.3587861657142639,0.8986609578132629,-0.06386266648769379,0.6911881566047668,0.9412273168563843,-0.4752255976200104,0.40936213731765747,0.7396534085273743,-0.3035324215888977,0.6525948643684387,0.9283446073532104,-0.514605700969696,0.42730870842933655,0.7117130756378174,-0.3321170210838318,0.66124427318573,0.8753992319107056,-0.48091134428977966,0.4119681417942047,0.6736046075820923,-0.33766552805900574,0.6641484498977661,0.8819210529327393,-0.46152955293655396,0.41447943449020386,0.6903104186058044,-0.31420809030532837,0.7086568474769592,1.4250463247299194,-0.1491815149784088,0.48049435019493103,1.4123921394348145,0.15169058740139008,0.6693834066390991,1.8379918336868286,-0.11431984603404999,0.45190510153770447,1.8112232685089111,0.34889304637908936,0.6955894231796265,2.3793156147003174,0.44898682832717896,0.47494059801101685,2.377288818359375,0.7282764911651611,0.7157882452011108,2.4650917053222656,0.48567867279052734,0.48926854133605957,2.458423614501953,0.7518190741539001,0.6450996994972229,2.536489963531494,0.1025761216878891,0.4428226947784424,2.5612924098968506,0.34585854411125183,0.43566982501722645,0
2026-09-21T21:54:27.824466,S006,S006_A1_O_20260921_2154,front,A1,older,class_0,0.5339962840080261,0.4224400520324707,-0.5906208157539368,0.5749788880348206,0.3415178656578064,-0.5714935064315796,0.5966312289237976,0.3465127646923065,-0.5720594525337219,0.6139611601829529,0.3496485948562622,-0.572527289390564,0.5050686597824097,0.33251604437828064,-0.5517956018447876,0.4884280562400818,0.3360271453857422,-0.5517269968986511,0.4699994623661041,0.3401504456996918,-0.5524625182151794,0.6449713110923767,0.3767108917236328,-0.30124810338020325,0.46166133880615234,0.366213858127594,-0.20481690764427185,0.5775795578956604,0.5092552304267883,-0.4680352210998535,0.551174521446228,0.4807789921760559,-0.4430442452430725,0.732487142086029,0.6608898639678955,-0.24774809181690216,0.4175025522708893,0.6062063574790955,0.10785132646560669,0.8389222025871277,0.9401260018348694,-0.40040072798728943,0.3568215072154999,0.8906757235527039,0.043848659843206406,0.6749222278594971,0.9007927179336548,-0.5082472562789917,0.41316860914230347,0.7244841456413269,-0.19285058975219727,0.6369227766990662,0.8919970989227295,-0.5608642101287842,0.42979922890663147,0.6954348087310791,-0.2238491028547287,0.6406556367874146,0.8402955532073975,-0.5182786583900452,0.4174892008304596,0.6578809022903442,-0.22441363334655762,0.6447054743766785,0.8480474948883057,-0.49076026678085327,0.41994571685791016,0.6764079928398132,-0.2034977227449417,0.7083619832992554,1.4182662963867188,-0.16164706647396088,0.4815142750740051,1.4044348001480103,0.1643742471933365,0.6725391745567322,1.800428867340088,-0.2001202404499054,0.45299220085144043,1.7782398462295532,0.2824743390083313,0.6953772306442261,2.351048231124878,0.2810215950012207,0.48129802942276,2.3595330715179443,0.5540065169334412,0.7155688405036926,2.439152479171753,0.31222954392433167,0.49825185537338257,2.4436957836151123,0.5701802968978882,0.6448091268539429,2.5089125633239746,-0.04448327049612999,0.443211168050766,2.5450737476348877,0.2254880964756012,0.43578474641297804,0
2026-09-21T21:54:27.933225,S006,S006_A1_O_20260921_2154,front,A1,older,class_0,0.533881664276123,0.4216189980506897,-0.4915877878665924,0.5730249285697937,0.3377225697040558,-0.47475606203079224,0.5961366891860962,0.3429964780807495,-0.475292831659317,0.6135448217391968,0.3465871214866638,-0.4756837785243988,0.5042692422866821,0.3322887420654297,-0.4507894515991211,0.4879768490791321,0.33606159687042236,-0.45076805353164673,0.47007855772972107,0.3401397168636322,-0.4514942169189453,0.6453276872634888,0.375850111246109,-0.22780859470367432,0.46224695444107056,0.3680310845375061,-0.11318337917327881,0.5778266787528992,0.5047696828842163,-0.3785111904144287,0.5560450553894043,0.4794861376285553,-0.3479563593864441,0.7330429553985596,0.6568659543991089,-0.22872726619243622,0.44444894790649414,0.6084002256393433,0.21098923683166504,0.7950559854507446,0.9112447500228882,-0.43191927671432495,0.40147656202316284,0.9050732254981995,0.15121246874332428,0.6428693532943726,0.8714755773544312,-0.6008833050727844,0.4610244631767273,0.7486389875411987,-0.05011807009577751,0.606332004070282,0.8578958511352539,-0.6654936075210571,0.4795048236846924,0.7237710952758789,-0.06208958104252815,0.6102124452590942,0.8055633306503296,-0.6204415559768677,0.46154361963272095,0.6832526922225952,-0.06648759543895721,0.6162091493606567,0.8144355416297913,-0.5835564136505127,0.4610115885734558,0.6987699866294861,-0.05976742506027222,0.7106294631958008,1.4008013010025024,-0.1883111447095871,0.5037776827812195,1.3903224468231201,0.1908065378665924,0.6724549531936646,1.713806390762329,-0.2884597182273865,0.4584196209907532,1.6714298725128174,0.2614299952983856,0.6926643252372742,2.2609779834747314,0.1776401698589325,0.494483083486557,2.274071455001831,0.5344358682632446,0.7139056324958801,2.349308490753174,0.20891959965229034,0.5166134834289551,2.360767126083374,0.5495874881744385,0.6421712636947632,2.405996084213257,-0.11940290033817291,0.44358038902282715,2.460698127746582,0.23005768656730652,0.4374554038866226,0
2026-09-21T21:54:28.058460,S006,S006_A1_O_20260921_2154,front,A1,older,class_0,0.5302998423576355,0.4195682406425476,-0.5442484617233276,0.5720446109771729,0.3359503149986267,-0.5252924561500549,0.5937830805778503,0.3403962552547455,-0.5258287787437439,0.6128820180892944,0.34469759464263916,-0.5262633562088013,0.5032948851585388,0.3313940763473511,-0.5036667585372925,0.4870036542415619,0.3352307081222534,-0.5036718845367432,0.4678272604942322,0.33800143003463745,-0.5044475793838501,0.6442822217941284,0.3742297887802124,-0.25955870747566223,0.46121057868003845,0.36561232805252075,-0.15379610657691956,0.5762715339660645,0.5034958720207214,-0.42383289337158203,0.5537608861923218,0.47957295179367065,-0.3971531093120575,0.7328602075576782,0.6551974415779114,-0.20623202621936798,0.4260685443878174,0.6078154444694519,0.20003268122673035,0.8120090365409851,0.9408401846885681,-0.37196674942970276,0.3901597261428833,0.9198783040046692,0.07061474770307541,0.6782551407814026,1.0030324459075928,-0.5463846921920776,0.4466715455055237,0.7707763314247131,-0.28255516290664673,0.6524702310562134,1.0227051973342896,-0.6080502271652222,0.46268242597579956,0.7460331320762634,-0.3232799768447876,0.6495792865753174,0.9688787460327148,-0.5950872302055359,0.44745928049087524,0.7053273320198059,-0.32540804147720337,0.6497979164123535,0.9637258648872375,-0.5392510890960693,0.449518620967865,0.7208122611045837,-0.293899804353714,0.7086435556411743,1.4011445045471191,-0.177615687251091,0.4919637143611908,1.3913090229034424,0.18007493019104004,0.6715432405471802,1.7904917001724243,-0.21650190651416779,0.45867887139320374,1.7755532264709473,0.2616972327232361,0.6935997605323792,2.3434948921203613,0.2321004867553711,0.4919908046722412,2.334338903427124,0.5493380427360535,0.7145176529884338,2.431410551071167,0.2748866081237793,0.5078099370002747,2.418827533721924,0.5656432509422302,0.6458605527877808,2.495339870452881,-0.06462610512971878,0.4445984959602356,2.493664503097534,0.2076290100812912,0.438843073069372,0
2026-09-21T21:54:28.152640,S006,S006_A1_O_20260921_2154,front,A1,older,class_0,0.5303717851638794,0.41652563214302063,-0.5678377151489258,0.5712755918502808,0.3323691487312317,-0.548420786857605,0.5935782194137573,0.33736303448677063,-0.549003005027771,0.6122207641601562,0.34177878499031067,-0.5494843125343323,0.5032147169113159,0.32873642444610596,-0.5297056436538696,0.4869810938835144,0.3329467475414276,-0.5297141075134277,0.4684712290763855,0.33702269196510315,-0.5304853916168213,0.6442714333534241,0.3729763627052307,-0.2740436792373657,0.46185988187789917,0.36463314294815063,-0.18167348206043243,0.5749706029891968,0.49982449412345886,-0.44404593110084534,0.5564855337142944,0.48010072112083435,-0.42101162672042847,0.7331655025482178,0.6545782089233398,-0.20476257801055908,0.43300962448120117,0.6096097826957703,0.17155112326145172,0.8178606033325195,0.946491003036499,-0.3698026239871979,0.39966505765914917,0.9350702166557312,-0.008785833604633808,0.6790405511856079,1.0040560960769653,-0.544529139995575,0.4740792214870453,0.7887911200523376,-0.40561145544052124,0.6539356708526611,1.0189951658248901,-0.6029671430587769,0.49631136655807495,0.7654368281364441,-0.44601207971572876,0.6523267030715942,0.9671587347984314,-0.5813259482383728,0.47897452116012573,0.7243896126747131,-0.4481099545955658,0.6525513529777527,0.9635092616081238,-0.5356810092926025,0.4796413779258728,0.7385628819465637,-0.41649341583251953,0.7104775905609131,1.3960703611373901,-0.17683938145637512,0.49633684754371643,1.388179063796997,0.1795068085193634,0.6712234616279602,1.7934895753860474,-0.22213423252105713,0.46791189908981323,1.777831792831421,0.26125195622444153,0.696062445640564,2.347883939743042,0.2314871996641159,0.5010426044464111,2.341845989227295,0.5158616900444031,0.7172597050666809,2.4356706142425537,0.2598608136177063,0.5153766870498657,2.425161600112915,0.5280669331550598,0.6534329652786255,2.5003740787506104,-0.10236857086420059,0.4633481502532959,2.50956392288208,0.16397394239902496,0.43918919662070094,0
2026-09-21T21:54:28.262397,S006,S006_A1_O_20260921_2154,front,A1,older,class_0,0.5300464630126953,0.41630271077156067,-0.6426929235458374,0.5712704062461853,0.3321007788181305,-0.6309804320335388,0.5932871103286743,0.3364836275577545,-0.6317094564437866,0.6116791367530823,0.3404887914657593,-0.6324081420898438,0.5020662546157837,0.32877200841903687,-0.6085683107376099,0.4855019152164459,0.33296191692352295,-0.608512282371521,0.4681350290775299,0.3371225893497467,-0.6093411445617676,0.644149899482727,0.37175044417381287,-0.35662955045700073,0.4598883092403412,0.36404862999916077,-0.24794650077819824,0.5743645429611206,0.49900469183921814,-0.5173546075820923,0.5128645896911621,0.4798961579799652,-0.4889320731163025,0.733441948890686,0.6522718071937561,-0.26995837688446045,0.43238377571105957,0.6085774302482605,0.16167804598808289,0.8236236572265625,0.9547722935676575,-0.4292590022087097,0.39251792430877686,0.9314764738082886,0.011631665751338005,0.6837763786315918,1.0544894933700562,-0.5758240222930908,0.46134552359580994,0.7817814350128174,-0.33745115995407104,0.6557615995407104,1.0802841186523438,-0.6322706937789917,0.48043012619018555,0.7568501234054565,-0.3712710738182068,0.6538790464401245,1.0266376733779907,-0.6003454327583313,0.46570563316345215,0.7176350355148315,-0.3709374964237213,0.6545104384422302,1.0198746919631958,-0.5613992214202881,0.46836861968040466,0.7334268093109131,-0.3469619154930115,0.7186535596847534,1.3967249393463135,-0.1854962855577469,0.4960115849971771,1.3886668682098389,0.18794101476669312,0.6819270253181458,1.8611500263214111,-0.2116008996963501,0.47049275040626526,1.8484654426574707,0.3039851784706116,0.6982055902481079,2.4141194820404053,0.26539483666419983,0.49971333146095276,2.3968539237976074,0.5853217840194702,0.7188772559165955,2.50217342376709,0.29443198442459106,0.510297417640686,2.4779040813446045,0.6021829843521118,0.6530768871307373,2.56472110748291,-0.0936097651720047,0.4626314640045166,2.560142755508423,0.18927696347236633,0.43762351617668616,0
2026-09-21T21:54:28.613733,S006,S006_A1_O_20260921_2154,front,A1,older,class_0,0.5300599336624146,0.4171907305717468,-0.6680778861045837,0.5712318420410156,0.3325853645801544,-0.6486438512802124,0.5936902761459351,0.33712881803512573,-0.6494442224502563,0.6119155883789062,0.3413456976413727,-0.6502317190170288,0.501554548740387,0.32904550433158875,-0.6316200494766235,0.48450785875320435,0.33340129256248474,-0.6316403150558472,0.46549510955810547,0.33770430088043213,-0.632513701915741,0.644324779510498,0.37383607029914856,-0.3525160551071167,0.4577241539955139,0.36511659622192383,-0.2651214003562927,0.5745257139205933,0.4999639689922333,-0.5356433987617493,0.5017830729484558,0.48055678606033325,-0.5151288509368896,0.73380047082901,0.6645876169204712,-0.26054444909095764,0.42770466208457947,0.6090722680091858,0.09456954896450043,0.8436776995658875,0.9629587531089783,-0.4232363700866699,0.3626246154308319,0.9300457239151001,-0.1450277715921402,0.7187156081199646,1.0898274183273315,-0.5703341960906982,0.42964833974838257,0.7798799276351929,-0.6293522119522095,0.695288360118866,1.1210166215896606,-0.6289215683937073,0.44061118364334106,0.752404510974884,-0.688621997833252,0.6906609535217285,1.0697295665740967,-0.5987902879714966,0.43868398666381836,0.7156369686126709,-0.6688712239265442,0.6883342266082764,1.0632266998291016,-0.556195855140686,0.4469318985939026,0.7339819073677063,-0.6361976861953735,0.7204660177230835,1.4051010608673096,-0.18308062851428986,0.49552518129348755,1.3986176252365112,0.18541570007801056,0.7002409100532532,1.93100905418396,-0.14662814140319824,0.47966980934143066,1.9297171831130981,0.3029433488845825,0.7157500982284546,2.484840154647827,0.3442152142524719,0.5065414309501648,2.4673237800598145,0.6265295743942261,0.7325423955917358,2.572739362716675,0.3696953058242798,0.5142962336540222,2.5452539920806885,0.6489167809486389,0.6739153265953064,2.6386725902557373,-0.09066615998744965,0.490242063999176,2.630765676498413,0.19994856417179108,0.4370387819539191,0
2026-09-21T21:54:28.716059,S006,S006_A1_O_20260921_2154,front,A1,older,class_0,0.5300527811050415,0.4171566665172577,-0.5643892884254456,0.5722125172615051,0.3326602578163147,-0.5412269830703735,0.5939096212387085,0.3371443748474121,-0.5420349836349487,0.6121166944503784,0.34140491485595703,-0.5428816080093384,0.5028437376022339,0.32984790205955505,-0.5259754061698914,0.48399725556373596,0.33460208773612976,-0.5260010957717896,0.46550384163856506,0.3400701582431793,-0.5269418358802795,0.6449781060218811,0.37487906217575073,-0.2607497572898865,0.45740070939064026,0.36681607365608215,-0.1870729923248291,0.5751577019691467,0.4999748766422272,-0.44283023476600647,0.4975396692752838,0.48059433698654175,-0.425358384847641,0.7339881658554077,0.668218731880188,-0.17635731399059296,0.4327434003353119,0.616740882396698,0.09595790505409241,0.8565273284912109,0.9679124355316162,-0.34124255180358887,0.3770723044872284,0.9503453969955444,-0.16949626803398132,0.7354272603988647,1.093221664428711,-0.4650515913963318,0.4546736776828766,0.8098339438438416,-0.659119725227356,0.7152032852172852,1.1205954551696777,-0.5064576268196106,0.46958041191101074,0.784845769405365,-0.7246901988983154,0.7123186588287354,1.0697615146636963,-0.48433440923690796,0.46669912338256836,0.7449266314506531,-0.6999418139457703,0.7089324593544006,1.0647274255752563,-0.4551266133785248,0.4736027121543884,0.763235330581665,-0.6636856198310852,0.7293125987052917,1.4051358699798584,-0.15969714522361755,0.4993817210197449,1.398673415184021,0.16191759705543518,0.7129086256027222,1.9301774501800537,-0.1498216688632965,0.4891567826271057,1.9276741743087769,0.24258950352668762,0.7239208221435547,2.486539125442505,0.2843806743621826,0.508128821849823,2.4723944664001465,0.4853881895542145,0.7394136786460876,2.5723049640655518,0.30392009019851685,0.5140731334686279,2.551318883895874,0.49837860465049744,0.6815265417098999,2.639138698577881,-0.11428017914295197,0.497279554605484,2.6325621604919434,0.081629678606987,0.4382688545791263,0
2026-09-21T21:54:28.767609,S006,S006_A1_O_20260921_2154,front,A1,older,class_0,0.532384991645813,0.4167344272136688,-0.5701820850372314,0.5743579268455505,0.33262211084365845,-0.5530976057052612,0.5948196053504944,0.337102472782135,-0.5538614392280579,0.6129244565963745,0.34141767024993896,-0.554594099521637,0.5088292360305786,0.32987067103385925,-0.5284082293510437,0.48749202489852905,0.33481135964393616,-0.5285240411758423,0.47105899453163147,0.3409927487373352,-0.529568612575531,0.6460663080215454,0.37562236189842224,-0.2729095220565796,0.46191006898880005,0.36807695031166077,-0.2094005048274994,0.5795319080352783,0.49943485856056213,-0.44710367918014526,0.5010522603988647,0.4805179536342621,-0.44592365622520447,0.7349323630332947,0.6723030805587769,-0.1572202444076538,0.4436943531036377,0.6282309889793396,-0.0072076632641255856,0.8545562624931335,0.9671705961227417,-0.31061825156211853,0.4073004722595215,0.962009608745575,-0.35791027545928955,0.7320485711097717,1.0750030279159546,-0.43910712003707886,0.5020211338996887,0.8097882866859436,-0.8767886161804199,0.7106472253799438,1.0984448194503784,-0.47945910692214966,0.5237864255905151,0.7802990674972534,-0.9572054147720337,0.7090492248535156,1.0463817119598389,-0.4484883248806,0.5127316117286682,0.741108238697052,-0.9345289468765259,0.7056732773780823,1.042328119277954,-0.4274422228336334,0.5164944529533386,0.7610868811607361,-0.8827756643295288,0.7450252771377563,1.4021027088165283,-0.12181515991687775,0.5143426060676575,1.3978962898254395,0.12388549000024796,0.735657811164856,1.9379628896713257,-0.13188117742538452,0.5141441822052002,1.9337546825408936,0.18009425699710846,0.7465778589248657,2.49540638923645,0.2864342927932739,0.5366436839103699,2.4772331714630127,0.43600648641586304,0.7583701014518738,2.5790717601776123,0.3119162619113922,0.5388546586036682,2.5539958477020264,0.4500180184841156,0.7146896719932556,2.6453135013580322,-0.1021275520324707,0.5447332859039307,2.6368062496185303,0.0013049270492047071,0.43981719282314635,0
2026-09-21T21:54:28.821608,S006,S006_A1_O_20260921_2154,front,A1,older,class_0,0.5333799123764038,0.41812464594841003,-0.7728813886642456,0.5743204355239868,0.3329809308052063,-0.7545564770698547,0.595791220664978,0.3375468850135803,-0.7553143501281738,0.6138781905174255,0.3418315649032593,-0.7561338543891907,0.5083271265029907,0.3313468396663666,-0.741611123085022,0.48745274543762207,0.3364472985267639,-0.7415493726730347,0.47011303901672363,0.3419209420681,-0.7421970367431641,0.6468080282211304,0.37561914324760437,-0.4390627443790436,0.4617865979671478,0.3680723011493683,-0.37989455461502075,0.5794931650161743,0.49992427229881287,-0.6328055262565613,0.5005083084106445,0.48095738887786865,-0.6202676296234131,0.7349096536636353,0.6663483381271362,-0.29818254709243774,0.4305579662322998,0.624094545841217,-0.007042961660772562,0.8277703523635864,1.0046827793121338,-0.4105371832847595,0.3734023869037628,0.9569867253303528,-0.21874693036079407,0.6642521619796753,1.0132242441177368,-0.4626621603965759,0.49649733304977417,0.8494881391525269,-0.6349397897720337,0.6266982555389404,1.0245634317398071,-0.5105093717575073,0.5161918997764587,0.8372901082038879,-0.6889686584472656,0.6263619661331177,0.9696808457374573,-0.4700959324836731,0.49705004692077637,0.7999056577682495,-0.6771735548973083,0.6290206909179688,0.9732075333595276,-0.4357479214668274,0.5010576248168945,0.8120736479759216,-0.6420222520828247,0.7393596172332764,1.4008235931396484,-0.1394348293542862,0.5034394860267639,1.397712230682373,0.14160500466823578,0.7264302968978882,1.9458084106445312,-0.12837006151676178,0.5068657994270325,1.947827696800232,0.3296527564525604,0.7403265833854675,2.503373622894287,0.3747458755970001,0.5321835279464722,2.4882397651672363,0.7228507995605469,0.7543332576751709,2.5880494117736816,0.4020155072212219,0.5367380976676941,2.5629336833953857,0.7515802979469299,0.7043066620826721,2.6584079265594482,-0.06611419469118118,0.5327758193016052,2.6563446521759033,0.28089040517807007,0.4402382599443875,0
2026-09-21T21:54:28.869880,S006,S006_A1_O_20260921_2154,front,A1,older,class_0,0.5337592363357544,0.4181387722492218,-0.6809157133102417,0.5741496086120605,0.33282309770584106,-0.6526971459388733,0.5958548188209534,0.33754903078079224,-0.653454601764679,0.6139204502105713,0.34187954664230347,-0.6541962027549744,0.5077227354049683,0.3312864899635315,-0.6559407114982605,0.48732656240463257,0.3364270031452179,-0.6560758352279663,0.4689863622188568,0.34192582964897156,-0.6566488742828369,0.646255373954773,0.3756955862045288,-0.33215993642807007,0.46131548285484314,0.36742928624153137,-0.3558937609195709,0.5794641375541687,0.49994561076164246,-0.5394470691680908,0.49928387999534607,0.48035871982574463,-0.5472338199615479,0.7280780076980591,0.6609327793121338,-0.2061057984828949,0.4186840057373047,0.6187989711761475,0.014190991409122944,0.7992458343505859,0.9990377426147461,-0.3201368749141693,0.36275115609169006,0.9554998278617859,-0.24418354034423828,0.653618574142456,0.9574665427207947,-0.3440392017364502,0.48203593492507935,0.8562113642692566,-0.70595782995224,0.62284255027771,0.9637959003448486,-0.3827584385871887,0.5001680850982666,0.8441044688224792,-0.7668662071228027,0.6219114065170288,0.9138255715370178,-0.33548301458358765,0.4896339774131775,0.8090524077415466,-0.7420691847801208,0.6238682270050049,0.920536458492279,-0.3226718306541443,0.49339184165000916,0.8213571310043335,-0.7082816958427429,0.7251157164573669,1.3922613859176636,-0.13401012122631073,0.49134984612464905,1.393751621246338,0.13636168837547302,0.7236862778663635,1.9346675872802734,-0.10806896537542343,0.5027579665184021,1.9362585544586182,0.2810700535774231,0.7368744015693665,2.490699052810669,0.37521374225616455,0.5287845134735107,2.4807252883911133,0.5783160924911499,0.7530223727226257,2.5759854316711426,0.4011959135532379,0.5335903167724609,2.5576469898223877,0.5974801778793335,0.7002075910568237,2.6455657482147217,-0.02084384858608246,0.5306452512741089,2.647810459136963,0.15572413802146912,0.44013970146294346,0
2026-09-21T21:54:28.950392,S006,S006_A1_O_20260921_2154,front,A1,older,class_0,0.5313273072242737,0.4140341877937317,-0.6716938614845276,0.5739148855209351,0.33205321431159973,-0.6478486061096191,0.5958749651908875,0.33719560503959656,-0.6486057639122009,0.6139227747917175,0.3415490686893463,-0.6492897868156433,0.5069310069084167,0.32911691069602966,-0.6429470777511597,0.48716506361961365,0.33365944027900696,-0.6430321931838989,0.4683057367801666,0.3387298882007599,-0.6436915993690491,0.6458572745323181,0.3754422962665558,-0.31664469838142395,0.45909684896469116,0.3629443347454071,-0.32193899154663086,0.5793833136558533,0.4973328411579132,-0.5357336401939392,0.49775975942611694,0.47821035981178284,-0.5333412289619446,0.7234160304069519,0.6590549945831299,-0.1705041378736496,0.40729111433029175,0.6153176426887512,-0.013152031227946281,0.8036853671073914,0.957945704460144,-0.30308473110198975,0.3577425181865692,0.9571689963340759,-0.3372787833213806,0.661901593208313,0.9686459302902222,-0.3791108727455139,0.476177841424942,0.8584450483322144,-0.8576110005378723,0.6309748291969299,0.9770635962486267,-0.4227903485298157,0.49794358015060425,0.8437781929969788,-0.9335172772407532,0.6315407156944275,0.9268493056297302,-0.375642329454422,0.4932112693786621,0.8084885478019714,-0.9075136184692383,0.6330126523971558,0.931331992149353,-0.360049307346344,0.4958389699459076,0.8225488066673279,-0.8603140115737915,0.7172201871871948,1.3875949382781982,-0.12662604451179504,0.4809742867946625,1.390520453453064,0.12898556888103485,0.7194507122039795,1.9427152872085571,-0.10518129914999008,0.49994879961013794,1.9484474658966064,0.2432841956615448,0.7346389293670654,2.5017640590667725,0.37174123525619507,0.5277442932128906,2.493600368499756,0.5335976481437683,0.7505425810813904,2.586916923522949,0.3966149091720581,0.5320776700973511,2.5706684589385986,0.5518633127212524,0.7014714479446411,2.6578474044799805,-0.02424008585512638,0.5350632071495056,2.6587753295898438,0.08991588652133942,0.44032056849788537,0
2026-09-21T21:54:29.002280,S006,S006_A1_O_20260921_2154,front,A1,older,class_0,0.5244525671005249,0.4112500250339508,-0.564878523349762,0.5695824027061462,0.33127397298812866,-0.5380932092666626,0.5902542471885681,0.3358227014541626,-0.5388042330741882,0.6114956140518188,0.3408043086528778,-0.5394574999809265,0.5018209218978882,0.32914379239082336,-0.5293886065483093,0.4786771833896637,0.33379602432250977,-0.5294591188430786,0.46345382928848267,0.3396412432193756,-0.5302613973617554,0.6426551938056946,0.3753599226474762,-0.244303897023201,0.45794790983200073,0.36344364285469055,-0.20858164131641388,0.5770412087440491,0.4944525361061096,-0.43917566537857056,0.49098992347717285,0.4764224886894226,-0.4304113984107971,0.718184769153595,0.6512778997421265,-0.13697169721126556,0.4057973027229309,0.6084165573120117,0.027202000841498375,0.8093749284744263,0.9422358274459839,-0.29992184042930603,0.3588084578514099,0.9557651281356812,-0.26815077662467957,0.6688028573989868,0.9740762114524841,-0.39542844891548157,0.4869081974029541,0.8577814102172852,-0.7370936870574951,0.6450077891349792,0.9843429923057556,-0.4378843903541565,0.5177628397941589,0.8413293957710266,-0.8028647303581238,0.6438475251197815,0.933868944644928,-0.39875727891921997,0.5118078589439392,0.8051084280014038,-0.7729139924049377,0.6438244581222534,0.9373918175697327,-0.37970709800720215,0.5112305879592896,0.8188803195953369,-0.7374963164329529,0.7087889313697815,1.3775449991226196,-0.12429982423782349,0.4772116541862488,1.3805038928985596,0.12660294771194458,0.707922101020813,1.9097596406936646,-0.11066801846027374,0.4896259903907776,1.9190802574157715,0.23129253089427948,0.7319327592849731,2.4620614051818848,0.34875887632369995,0.5237231254577637,2.456678867340088,0.4830784201622009,0.7476402521133423,2.547240734100342,0.3711857795715332,0.5273211598396301,2.5333452224731445,0.4972110390663147,0.6990071535110474,2.614548444747925,-0.025143718346953392,0.530289888381958,2.6181108951568604,0.08601055294275284,0.4391216009177945,0
2026-09-21T21:54:29.043873,S006,S006_A1_O_20260921_2154,front,A1,older,class_0,0.5245999693870544,0.41140809655189514,-0.5606844425201416,0.5670848488807678,0.33124786615371704,-0.5424147248268127,0.5894913673400879,0.3358188271522522,-0.5431591272354126,0.6095987558364868,0.3406440317630768,-0.5439274907112122,0.4991796016693115,0.3292269706726074,-0.5247250199317932,0.4779924750328064,0.33400288224220276,-0.5247355699539185,0.46100664138793945,0.34002673625946045,-0.5255576968193054,0.6418284177780151,0.37513402104377747,-0.2623734474182129,0.45702752470970154,0.36346879601478577,-0.18719634413719177,0.5738752484321594,0.49326369166374207,-0.440396785736084,0.4909926950931549,0.47608721256256104,-0.41883397102355957,0.7196933627128601,0.6477518677711487,-0.1752990335226059,0.4112263321876526,0.603672444820404,0.11185856908559799,0.8160519599914551,0.938737690448761,-0.37062710523605347,0.3638814389705658,0.9496148228645325,-0.10197523981332779,0.6697784662246704,0.9762966632843018,-0.4107586741447449,0.4845961034297943,0.844899594783783,-0.5113352537155151,0.6473610401153564,0.9870288372039795,-0.44175514578819275,0.5127942562103271,0.8294861912727356,-0.5576920509338379,0.6463072299957275,0.9395006895065308,-0.4099673628807068,0.508472740650177,0.7926427721977234,-0.5239683389663696,0.6451885104179382,0.9412640333175659,-0.3840826153755188,0.5091650485992432,0.8059706091880798,-0.5087872743606567,0.708831250667572,1.3740806579589844,-0.15554724633693695,0.4781709313392639,1.3749167919158936,0.15785977244377136,0.70728600025177,1.8976376056671143,-0.13357232511043549,0.4872382581233978,1.9026732444763184,0.31228283047676086,0.7314950227737427,2.447836399078369,0.32850271463394165,0.522558867931366,2.4363131523132324,0.6244532465934753,0.7464948892593384,2.532123565673828,0.35300880670547485,0.526896059513092,2.511693000793457,0.6463474631309509,0.6957683563232422,2.600285053253174,-0.04210558906197548,0.5250608325004578,2.599961996078491,0.24754396080970764,0.43729149001989176,0
2026-09-21T21:54:29.088966,S006,S006_A1_O_20260921_2154,front,A1,older,class_0,0.5246580839157104,0.410981684923172,-0.5756641626358032,0.5665031671524048,0.3313468098640442,-0.5537554025650024,0.5894943475723267,0.3359845280647278,-0.5543873906135559,0.6092025637626648,0.3406916856765747,-0.5548829436302185,0.4981135427951813,0.3298493027687073,-0.5393895506858826,0.4776895046234131,0.3350893259048462,-0.5393563508987427,0.45930710434913635,0.3417752981185913,-0.5401322841644287,0.6417263150215149,0.3751313388347626,-0.30320218205451965,0.4551944136619568,0.3646151125431061,-0.18448299169540405,0.5723423361778259,0.4931124448776245,-0.45061197876930237,0.49053746461868286,0.47587496042251587,-0.4296113848686218,0.7186411023139954,0.6442648768424988,-0.2832392454147339,0.41634640097618103,0.6023133397102356,0.1867767870426178,0.8191544413566589,0.9401880502700806,-0.4747334420681,0.36397218704223633,0.9457475543022156,0.02943292260169983,0.689816951751709,1.0394947528839111,-0.5165337324142456,0.4813595414161682,0.8397105932235718,-0.4296761155128479,0.674679160118103,1.0730146169662476,-0.5671643018722534,0.5101139545440674,0.8227478861808777,-0.47157174348831177,0.667319118976593,1.0307679176330566,-0.5247068405151367,0.5028964281082153,0.788352906703949,-0.4475814402103424,0.664509654045105,1.0255242586135864,-0.49407535791397095,0.5050451159477234,0.8023195862770081,-0.43224281072616577,0.7086871862411499,1.3742656707763672,-0.21602356433868408,0.47906693816185,1.3745677471160889,0.218150332570076,0.7069069147109985,1.9345762729644775,-0.2042444497346878,0.48691612482070923,1.935194730758667,0.3791147768497467,0.727764368057251,2.4999160766601562,0.267479807138443,0.5207290649414062,2.484239339828491,0.7273844480514526,0.7441815137863159,2.582737684249878,0.2905362546443939,0.5244554877281189,2.559908866882324,0.7532699108123779,0.6822847723960876,2.653602123260498,-0.1494790017604828,0.5195034146308899,2.6467339992523193,0.3079691529273987,0.43686434500991844,0
2026-09-21T21:54:29.158137,S006,S006_A1_O_20260921_2154,front,A1,older,class_0,0.525553822517395,0.4107736349105835,-0.556102454662323,0.5664207339286804,0.33115828037261963,-0.5372503995895386,0.5895183086395264,0.3358525335788727,-0.5379406213760376,0.6091968417167664,0.34026405215263367,-0.5386626720428467,0.4981883466243744,0.3299136459827423,-0.5202993154525757,0.4783415198326111,0.3354276716709137,-0.5203236937522888,0.45953577756881714,0.3422611355781555,-0.5211928486824036,0.641717791557312,0.37480610609054565,-0.27894532680511475,0.4551425874233246,0.3669511079788208,-0.18187543749809265,0.5723509788513184,0.49312880635261536,-0.4370003640651703,0.4914456903934479,0.4758375883102417,-0.415943443775177,0.719650149345398,0.6413863897323608,-0.21928730607032776,0.4180520474910736,0.6007394194602966,0.15443624556064606,0.8256961703300476,0.9512174725532532,-0.37151187658309937,0.3640475869178772,0.9396060705184937,-0.011145657859742641,0.7035001516342163,1.068365454673767,-0.44661110639572144,0.47403058409690857,0.8364730477333069,-0.5113856196403503,0.6833717823028564,1.1014512777328491,-0.4801866412162781,0.498352587223053,0.8216431140899658,-0.5667445063591003,0.6769381761550903,1.0540651082992554,-0.44775620102882385,0.4950439929962158,0.7863219380378723,-0.5305799245834351,0.6749305725097656,1.0473175048828125,-0.4292615056037903,0.4986429214477539,0.7998707890510559,-0.509903609752655,0.713211715221405,1.3672270774841309,-0.19979307055473328,0.48244982957839966,1.3659054040908813,0.20158949494361877,0.7068132758140564,1.9123846292495728,-0.16528421640396118,0.4867543578147888,1.9127615690231323,0.3143971860408783,0.7276448011398315,2.468712568283081,0.27701422572135925,0.5160461664199829,2.451202630996704,0.6004413366317749,0.7440499067306519,2.5506112575531006,0.29901301860809326,0.5197633504867554,2.526278257369995,0.6196112036705017,0.6810211539268494,2.6210997104644775,-0.11749855428934097,0.5151026248931885,2.611096143722534,0.20591339468955994,0.4371585904789919,0
2026-09-21T21:54:29.198132,S006,S006_A1_O_20260921_2154,front,A1,older,class_0,0.5256565809249878,0.4106186628341675,-0.5554775595664978,0.5662919282913208,0.3305303454399109,-0.535254955291748,0.5895633101463318,0.33511143922805786,-0.5360104441642761,0.6092000007629395,0.33895930647850037,-0.5367786884307861,0.4973646104335785,0.3300143778324127,-0.5185524821281433,0.47806429862976074,0.33613625168800354,-0.5185741186141968,0.4588371217250824,0.3437487781047821,-0.519429087638855,0.6420115232467651,0.3739030957221985,-0.26559966802597046,0.4548570215702057,0.3699243366718292,-0.17811152338981628,0.5723826289176941,0.49309760332107544,-0.4356490671634674,0.4921175539493561,0.4758768081665039,-0.41492271423339844,0.7211090326309204,0.6408540606498718,-0.18635718524456024,0.4252304434776306,0.600864827632904,0.12216915190219879,0.8288969993591309,0.9554471969604492,-0.34757739305496216,0.39991405606269836,0.9473799467086792,-0.19938431680202484,0.7383291125297546,1.0851266384124756,-0.4481666684150696,0.5170804858207703,0.8104273080825806,-0.7371780276298523,0.7271935939788818,1.1193320751190186,-0.48352736234664917,0.5457741618156433,0.7764550447463989,-0.811279296875,0.7232676148414612,1.0732368230819702,-0.4601200520992279,0.5365337133407593,0.7373793721199036,-0.7785724997520447,0.7178446650505066,1.0645217895507812,-0.43250784277915955,0.5379053950309753,0.7576013803482056,-0.7386692762374878,0.7175397276878357,1.3668136596679688,-0.17025771737098694,0.4895515441894531,1.3655272722244263,0.17205527424812317,0.7111064791679382,1.9118428230285645,-0.14733628928661346,0.49156007170677185,1.9119096994400024,0.23965761065483093,0.7281988263130188,2.4681010246276855,0.28857091069221497,0.5201123952865601,2.4502007961273193,0.5014083385467529,0.7436213493347168,2.549367666244507,0.3118031620979309,0.5240620970726013,2.524890661239624,0.5172210931777954,0.6871013641357422,2.6199212074279785,-0.10218930244445801,0.5213347673416138,2.6087045669555664,0.0931565910577774,0.43714010646340973,0
2026-09-21T21:54:29.243564,S006,S006_A1_O_20260921_2154,front,A1,older,class_0,0.5260482430458069,0.41256824135780334,-0.5930103063583374,0.5663794279098511,0.3304888606071472,-0.5691880583763123,0.5900812745094299,0.3349628746509552,-0.5700317025184631,0.6093933582305908,0.33877265453338623,-0.5709505081176758,0.4966689944267273,0.33077532052993774,-0.5534238219261169,0.4776638150215149,0.3377377390861511,-0.5534294247627258,0.45807328820228577,0.3458702862262726,-0.5541990995407104,0.6421075463294983,0.3728788197040558,-0.2756214141845703,0.45498165488243103,0.3713441491127014,-0.18807613849639893,0.572554886341095,0.49312248826026917,-0.466907262802124,0.4925669729709625,0.4768785834312439,-0.445453941822052,0.72149658203125,0.640845000743866,-0.182405024766922,0.42509013414382935,0.6012733578681946,0.05502506345510483,0.8314211964607239,0.9569104313850403,-0.3298109769821167,0.4125247001647949,0.9676980376243591,-0.2595284879207611,0.7874909043312073,1.1158066987991333,-0.4557980000972748,0.5468243360519409,0.7979148626327515,-0.8113724589347839,0.7926591038703918,1.159184217453003,-0.5019989013671875,0.5804058313369751,0.7504042387008667,-0.8918992877006531,0.7842108011245728,1.1195522546768188,-0.5013374090194702,0.5701644420623779,0.7117661237716675,-0.8640605807304382,0.7714448571205139,1.107163906097412,-0.4546526372432709,0.5707865357398987,0.7365135550498962,-0.8139436841011047,0.7178627252578735,1.367743968963623,-0.15462902188301086,0.4895211160182953,1.3663599491119385,0.1565254032611847,0.7147682905197144,1.9408308267593384,-0.1506962925195694,0.4932847023010254,1.939871072769165,0.20174837112426758,0.7277183532714844,2.501997709274292,0.28337112069129944,0.5201733112335205,2.4868874549865723,0.4836292266845703,0.7424865961074829,2.582763433456421,0.3034050464630127,0.5237454175949097,2.5608506202697754,0.5008153915405273,0.6908828020095825,2.659449815750122,-0.15130086243152618,0.5262638330459595,2.648118734359741,0.02414899878203869,0.4370269516807501,0
2026-09-21T21:54:29.304710,S006,S006_A1_O_20260921_2154,front,A1,older,class_0,0.5265505313873291,0.41409042477607727,-0.5931239128112793,0.5665000677108765,0.3304740786552429,-0.5697639584541321,0.590589165687561,0.3349585235118866,-0.5705954432487488,0.6095887422561646,0.3386777341365814,-0.5714975595474243,0.49626046419143677,0.3314381241798401,-0.5539406538009644,0.4774242043495178,0.33899542689323425,-0.5539458990097046,0.45756587386131287,0.34743064641952515,-0.5547191500663757,0.6422260403633118,0.3723202645778656,-0.27772456407546997,0.4552338123321533,0.37255990505218506,-0.1927611380815506,0.5728411674499512,0.49316251277923584,-0.4672309458255768,0.49273625016212463,0.4778538942337036,-0.4459734857082367,0.7219401597976685,0.6407438516616821,-0.1743209809064865,0.42567020654678345,0.6014492511749268,0.04895080253481865,0.8326605558395386,0.9579147100448608,-0.3234114646911621,0.4210963249206543,0.9741557836532593,-0.255770206451416,0.7906179428100586,1.112657070159912,-0.4593447744846344,0.5544866323471069,0.7891935706138611,-0.7933500409126282,0.7939939498901367,1.153391718864441,-0.5087623596191406,0.5881485342979431,0.7389562726020813,-0.8715103268623352,0.7866002321243286,1.1127899885177612,-0.5093745589256287,0.576532244682312,0.6996437907218933,-0.8443832397460938,0.7747199535369873,1.1015307903289795,-0.4619004726409912,0.5768319964408875,0.7249773144721985,-0.7960957288742065,0.7182037234306335,1.3681042194366455,-0.1458626091480255,0.4902442991733551,1.3667913675308228,0.14783701300621033,0.7157032489776611,1.9405803680419922,-0.15349173545837402,0.4940630793571472,1.93915855884552,0.18865953385829926,0.7273401021957397,2.500933885574341,0.2721284329891205,0.5202088952064514,2.4863603115081787,0.4599497318267822,0.741152286529541,2.5821776390075684,0.2906326651573181,0.5235471129417419,2.5604822635650635,0.47573938965797424,0.6922520399093628,2.6578705310821533,-0.16193698346614838,0.5279339551925659,2.648209810256958,0.0051608020439744,0.43658857736877643,0
2026-09-21T21:54:29.371622,S006,S006_A1_O_20260921_2154,front,A1,older,class_0,0.52401202917099,0.41318780183792114,-0.6129316091537476,0.5662884712219238,0.32999199628829956,-0.5869351625442505,0.5895054936408997,0.3338913023471832,-0.5877774953842163,0.6095885038375854,0.3380153775215149,-0.5886540412902832,0.49604201316833496,0.3317681550979614,-0.5712555050849915,0.47563689947128296,0.34021902084350586,-0.57127445936203,0.4575421214103699,0.35022416710853577,-0.5720018744468689,0.6421416997909546,0.37211477756500244,-0.287323921918869,0.455392450094223,0.37959545850753784,-0.20577247440814972,0.5729988813400269,0.4931652247905731,-0.48659271001815796,0.4931076169013977,0.4784618616104126,-0.4660979211330414,0.7227903604507446,0.63968825340271,-0.17711879312992096,0.42549872398376465,0.6055650115013123,0.044918306171894073,0.8314005136489868,1.0202008485794067,-0.32792848348617554,0.41660889983177185,0.9778106808662415,-0.23622775077819824,0.7771189212799072,1.1056327819824219,-0.5053905248641968,0.550652801990509,0.7978876829147339,-0.7846561074256897,0.7742548584938049,1.1425445079803467,-0.5628427267074585,0.5772569179534912,0.7471737265586853,-0.8644218444824219,0.7676769495010376,1.0989676713943481,-0.5606301426887512,0.5597742795944214,0.7071506381034851,-0.8486537933349609,0.7581800222396851,1.089584469795227,-0.5082882642745972,0.5670117735862732,0.73307865858078,-0.7932028770446777,0.7208335995674133,1.3685840368270874,-0.14370591938495636,0.4931374192237854,1.3669129610061646,0.14575955271720886,0.7188330888748169,1.9406471252441406,-0.15901896357536316,0.49761876463890076,1.9399126768112183,0.20055103302001953,0.7299178838729858,2.500450849533081,0.269735187292099,0.5242408514022827,2.4867396354675293,0.48375052213668823,0.7424951195716858,2.5823378562927246,0.2879660427570343,0.5270575284957886,2.5608644485473633,0.5003973245620728,0.6980191469192505,2.655531883239746,-0.16798536479473114,0.5330520868301392,2.6488518714904785,0.033385954797267914,0.43864051939806703,0
2026-09-21T21:54:29.429768,S006,S006_A1_O_20260921_2154,front,A1,older,class_0,0.5242820978164673,0.41569235920906067,-0.6993062496185303,0.5663630962371826,0.3309721350669861,-0.681144654750824,0.5898090600967407,0.33453604578971863,-0.6819749474525452,0.609612226486206,0.33825913071632385,-0.6829516291618347,0.4959673285484314,0.3328157961368561,-0.6615445017814636,0.47565141320228577,0.34058523178100586,-0.6614344716072083,0.457531601190567,0.3503343462944031,-0.6620798110961914,0.6421594619750977,0.3717411458492279,-0.37949925661087036,0.4556204676628113,0.3794528543949127,-0.28113409876823425,0.5728498697280884,0.49516257643699646,-0.5678881406784058,0.49339190125465393,0.4808289110660553,-0.5421708822250366,0.7232365012168884,0.6397320032119751,-0.2561057507991791,0.4268316328525543,0.6064274311065674,0.044803839176893234,0.8314334154129028,1.0037049055099487,-0.41897130012512207,0.4135913848876953,0.9754005670547485,-0.16847766935825348,0.7739014625549316,1.110642671585083,-0.5865956544876099,0.5394967198371887,0.8052709102630615,-0.689266562461853,0.7728400230407715,1.1456855535507202,-0.6488634943962097,0.5644741654396057,0.7605332136154175,-0.7598082423210144,0.7646010518074036,1.1007477045059204,-0.6261899471282959,0.5496441125869751,0.7230521440505981,-0.745312511920929,0.7551004886627197,1.092806339263916,-0.5791927576065063,0.5552817583084106,0.7472734451293945,-0.6962295174598694,0.722859263420105,1.3725993633270264,-0.15774865448474884,0.49386197328567505,1.3701329231262207,0.16000881791114807,0.7217786312103271,1.953596591949463,-0.13371257483959198,0.49923259019851685,1.9491664171218872,0.269980251789093,0.7324584722518921,2.5097391605377197,0.3882921040058136,0.5259740352630615,2.494126558303833,0.6511001586914062,0.7450899481773376,2.5914788246154785,0.41529566049575806,0.5291928052902222,2.568359375,0.6782174110412598,0.6986608505249023,2.6668009757995605,-0.05924385040998459,0.5321778059005737,2.6590394973754883,0.18654949963092804,0.4389377124960337,0
2026-09-21T21:54:29.487850,S006,S006_A1_O_20260921_2154,front,A1,older,class_0,0.5262899994850159,0.41645053029060364,-0.7064757943153381,0.5671602487564087,0.3316616415977478,-0.6842950582504272,0.5909640192985535,0.3349755108356476,-0.6850990653038025,0.6101328134536743,0.33844906091690063,-0.6859712600708008,0.4960438311100006,0.33312419056892395,-0.67069011926651,0.475810706615448,0.3406510055065155,-0.6706560850143433,0.4575102925300598,0.3502754271030426,-0.6713229417800903,0.6421298980712891,0.3713068962097168,-0.36998993158340454,0.4552284777164459,0.37773171067237854,-0.29863065481185913,0.5728596448898315,0.49563026428222656,-0.5693612098693848,0.4935247302055359,0.48088008165359497,-0.5520726442337036,0.7233646512031555,0.6397184133529663,-0.2459968626499176,0.4141816198825836,0.6046422719955444,0.02402816340327263,0.8313542604446411,1.0380680561065674,-0.4159751832485199,0.37833455204963684,0.9726905226707458,-0.24907799065113068,0.7670386433601379,1.1061999797821045,-0.605803906917572,0.5089327692985535,0.8043566942214966,-0.8287127614021301,0.7616297006607056,1.140115737915039,-0.6689057350158691,0.5360666513442993,0.761172890663147,-0.9089807271957397,0.7546943426132202,1.0941102504730225,-0.6462808847427368,0.5279980301856995,0.7240186333656311,-0.8856608271598816,0.7469109892845154,1.086880087852478,-0.5994900465011597,0.5323745012283325,0.7476711273193359,-0.8347105979919434,0.7184557318687439,1.3731645345687866,-0.15768684446811676,0.48549994826316833,1.3709625005722046,0.159961998462677,0.7213743925094604,1.951216459274292,-0.12253819406032562,0.49896225333213806,1.9484447240829468,0.2673390507698059,0.7329242825508118,2.5074095726013184,0.4032084345817566,0.5286398530006409,2.492377281188965,0.6154177784919739,0.7453476190567017,2.589873790740967,0.43012183904647827,0.5325164198875427,2.567000150680542,0.6385331153869629,0.7001552581787109,2.664747476577759,-0.038812585175037384,0.5337924957275391,2.6573216915130615,0.16916197538375854,0.4388605045352244,0
2026-09-21T21:54:29.527024,S006,S006_A1_O_20260921_2154,front,A1,older,class_0,0.5233665108680725,0.4155884087085724,-0.6439164876937866,0.5670098662376404,0.3316640257835388,-0.6234610080718994,0.5902181267738342,0.3349313735961914,-0.6242920160293579,0.6099933981895447,0.3384200632572174,-0.6251963973045349,0.49567312002182007,0.33303800225257874,-0.6091578006744385,0.4741295278072357,0.3397797644138336,-0.6091430187225342,0.4572380483150482,0.3484285771846771,-0.609767735004425,0.6414823532104492,0.37052857875823975,-0.32953181862831116,0.448455274105072,0.37139642238616943,-0.2612402141094208,0.571732759475708,0.49536770582199097,-0.5154526829719543,0.4894743859767914,0.4797055423259735,-0.4990628659725189,0.7189546823501587,0.6387287378311157,-0.2425152063369751,0.4025534987449646,0.5978459119796753,0.04902194067835808,0.8311455845832825,1.0050326585769653,-0.4149305820465088,0.36736786365509033,0.9639306664466858,-0.24641041457653046,0.762985348701477,1.1034349203109741,-0.5719518065452576,0.4886957108974457,0.8040176630020142,-0.7763559222221375,0.756729245185852,1.1386547088623047,-0.6381670832633972,0.5135219693183899,0.7618439793586731,-0.8497233390808105,0.7499756813049316,1.0929802656173706,-0.6403810381889343,0.5103822946548462,0.7244656682014465,-0.8267664909362793,0.742203414440155,1.0851060152053833,-0.5765154361724854,0.5153168439865112,0.7479202747344971,-0.7813444137573242,0.7085204720497131,1.3716399669647217,-0.15917864441871643,0.4781208634376526,1.3703913688659668,0.1614719182252884,0.7179045677185059,1.9494006633758545,-0.12231962382793427,0.4978312849998474,1.947866678237915,0.2570219933986664,0.7310656905174255,2.5061373710632324,0.3812409043312073,0.5285381078720093,2.4911341667175293,0.5867745876312256,0.743441104888916,2.588762044906616,0.40649348497390747,0.5323668122291565,2.5659358501434326,0.6082989573478699,0.6985316872596741,2.662810802459717,-0.04386226087808609,0.5325115919113159,2.655438184738159,0.1462022364139557,0.4395738133497423,0
2026-09-21T21:54:29.593602,S006,S006_A1_O_20260921_2154,front,A1,older,class_0,0.5186719298362732,0.40730947256088257,-0.5458732843399048,0.5654112100601196,0.3289971351623535,-0.5275043249130249,0.5870881676673889,0.3325194716453552,-0.528247058391571,0.6091700792312622,0.3373242914676666,-0.5289229154586792,0.5350461602210999,0.33598268032073975,-0.5104098320007324,0.47613152861595154,0.3336585760116577,-0.510368287563324,0.5018755197525024,0.3464042544364929,-0.5110555291175842,0.6408880352973938,0.36984845995903015,-0.2690795361995697,0.45280155539512634,0.3646673262119293,-0.1915818750858307,0.5701210498809814,0.4905278980731964,-0.4312770366668701,0.4841591417789459,0.47150346636772156,-0.4117255210876465,0.716827392578125,0.6334964632987976,-0.22845546901226044,0.40328750014305115,0.5905070900917053,0.12617529928684235,0.7928619384765625,0.9290993213653564,-0.38355088233947754,0.36896494030952454,0.9414790868759155,-0.04589270055294037,0.6750611066818237,0.9618746638298035,-0.4507847726345062,0.45685848593711853,0.8146536350250244,-0.45052188634872437,0.6520090103149414,0.9786306619644165,-0.5045387148857117,0.47221097350120544,0.7951762676239014,-0.5002666115760803,0.6468209028244019,0.9288406372070312,-0.47443118691444397,0.4668452739715576,0.759077250957489,-0.4976406991481781,0.6477504372596741,0.9286581873893738,-0.43849754333496094,0.4733930230140686,0.7717559337615967,-0.4621513783931732,0.7010077834129333,1.3522380590438843,-0.1579165905714035,0.4776109755039215,1.3561586141586304,0.16034634411334991,0.6997295022010803,1.8668843507766724,-0.14508722722530365,0.48192301392555237,1.8690717220306396,0.2551170885562897,0.7212782502174377,2.409299373626709,0.2802659869194031,0.5122352838516235,2.4012582302093506,0.4921998083591461,0.7366445064544678,2.491913318634033,0.3017847537994385,0.5179816484451294,2.4763424396514893,0.5028538107872009,0.6861676573753357,2.5592334270477295,-0.07619921863079071,0.5066415071487427,2.562605142593384,0.11703778803348541,0.4410638750925886,0
2026-09-21T21:54:29.634577,S006,S006_A1_O_20260921_2154,front,A1,older,class_0,0.5619680881500244,0.4084893465042114,-0.5054675936698914,0.5659006834030151,0.3285641074180603,-0.4874410629272461,0.5891833305358887,0.33252742886543274,-0.48815545439720154,0.6103432178497314,0.33733394742012024,-0.48878899216651917,0.5548964738845825,0.34407714009284973,-0.46904364228248596,0.5293992161750793,0.3407004177570343,-0.4690350592136383,0.5234031677246094,0.34712255001068115,-0.46973881125450134,0.642467737197876,0.36964288353919983,-0.23725076019763947,0.45881399512290955,0.36154037714004517,-0.1535373032093048,0.570289671421051,0.4898631274700165,-0.3944021761417389,0.5298895239830017,0.46758192777633667,-0.3730629086494446,0.7167043685913086,0.628467321395874,-0.18956826627254486,0.41403037309646606,0.5902006030082703,0.15013495087623596,0.7958102822303772,0.9298775792121887,-0.3262994885444641,0.3696835935115814,0.9287378787994385,0.014832369983196259,0.6877136826515198,0.9549179673194885,-0.4063507616519928,0.4465715289115906,0.8198854923248291,-0.35975855588912964,0.6688406467437744,0.9722836017608643,-0.4565681517124176,0.4581776559352875,0.806800127029419,-0.40708670020103455,0.6632283329963684,0.9249389171600342,-0.4328491687774658,0.4535949230194092,0.7715629935264587,-0.4045347273349762,0.6618908643722534,0.9241793155670166,-0.39720404148101807,0.46084538102149963,0.7819822430610657,-0.37099528312683105,0.702178955078125,1.340415120124817,-0.1518968641757965,0.4849186837673187,1.3443537950515747,0.15439660847187042,0.6994584798812866,1.8333946466445923,-0.1705332249403,0.48229438066482544,1.8289028406143188,0.23265966773033142,0.7214199304580688,2.374891757965088,0.215056374669075,0.5123298764228821,2.366440534591675,0.4196314215660095,0.7373162508010864,2.4566450119018555,0.234824538230896,0.5183939933776855,2.4421017169952393,0.42685970664024353,0.6862488985061646,2.5224952697753906,-0.13462182879447937,0.5073679089546204,2.5253419876098633,0.05114100128412247,0.4418353791292192,0
2026-09-21T21:54:29.696947,S006,S006_A1_O_20260921_2154,front,A1,older,class_0,0.5576407313346863,0.4094552993774414,-0.565771222114563,0.5665187835693359,0.33130720257759094,-0.5483300089836121,0.5898808240890503,0.33620303869247437,-0.5489744544029236,0.6103986501693726,0.3408927321434021,-0.5494310855865479,0.5368119478225708,0.34019702672958374,-0.5374931693077087,0.523115336894989,0.33763158321380615,-0.5375276803970337,0.5015454888343811,0.3386514484882355,-0.5381289124488831,0.642378032207489,0.3705357611179352,-0.27774256467819214,0.45880427956581116,0.35979267954826355,-0.22602128982543945,0.5698522329330444,0.4936695694923401,-0.4408024251461029,0.5125274062156677,0.4676870107650757,-0.4307754933834076,0.7146848440170288,0.6272016763687134,-0.21651780605316162,0.40996861457824707,0.58902907371521,0.13103175163269043,0.7822023630142212,0.9275208711624146,-0.3333316445350647,0.35391753911972046,0.9114896655082703,0.1362699568271637,0.6335899233818054,0.9140151739120483,-0.3999707102775574,0.4280148446559906,0.8084948062896729,-0.05214665085077286,0.6022440195083618,0.9214345216751099,-0.44874119758605957,0.4424971044063568,0.7976406216621399,-0.07177566736936569,0.5998902916908264,0.8705654740333557,-0.41761642694473267,0.43852806091308594,0.7657195925712585,-0.07504451274871826,0.6030245423316956,0.8751539587974548,-0.3861023187637329,0.44409045577049255,0.7753055691719055,-0.05928600952029228,0.6936147212982178,1.3415169715881348,-0.15701332688331604,0.475315660238266,1.3456299304962158,0.15970413386821747,0.6804739236831665,1.8395158052444458,-0.14232663810253143,0.46992167830467224,1.8280665874481201,0.29247456789016724,0.7095751762390137,2.373380184173584,0.3357474207878113,0.5062340497970581,2.3671669960021973,0.5738908648490906,0.7282735109329224,2.455782175064087,0.3669544756412506,0.5150710344314575,2.443307638168335,0.590134859085083,0.67039555311203,2.5233302116394043,-0.0013968448620289564,0.49063143134117126,2.5327234268188477,0.21209271252155304,0.4422389778703677,0
2026-09-21T21:54:29.755965,S006,S006_A1_O_20260921_2154,front,A1,older,class_0,0.568631649017334,0.41636422276496887,-0.5895437002182007,0.5668154954910278,0.3319517970085144,-0.5710164308547974,0.5902050137519836,0.33717334270477295,-0.5716784596443176,0.6103939414024353,0.3416502773761749,-0.5721330642700195,0.5241753458976746,0.33474522829055786,-0.5622996091842651,0.5156790018081665,0.3332459032535553,-0.5623327493667603,0.4876754879951477,0.3330897390842438,-0.5629044771194458,0.6404054164886475,0.3704269826412201,-0.2889067232608795,0.4585956931114197,0.3557249903678894,-0.2452837973833084,0.5696368217468262,0.4943022131919861,-0.4594132900238037,0.5042575597763062,0.46791037917137146,-0.45305508375167847,0.7116676568984985,0.6254358887672424,-0.21746070683002472,0.4006980359554291,0.5846295952796936,0.1288433074951172,0.7757490873336792,0.9275309443473816,-0.3349872827529907,0.34389975666999817,0.9115216732025146,0.0190273504704237,0.6390258073806763,0.9442848563194275,-0.42003822326660156,0.4304630756378174,0.8072015643119812,-0.34417736530303955,0.6096978783607483,0.9594293236732483,-0.4686667323112488,0.4488980174064636,0.7971694469451904,-0.3909168839454651,0.6061183214187622,0.9089124798774719,-0.4431322515010834,0.44470351934432983,0.7645273804664612,-0.3827740550041199,0.6076234579086304,0.9102925062179565,-0.4092313349246979,0.44933944940567017,0.7749599814414978,-0.35157251358032227,0.6832624673843384,1.3433159589767456,-0.15418966114521027,0.4633048474788666,1.3469722270965576,0.15694144368171692,0.6753561496734619,1.8505915403366089,-0.13243649899959564,0.4693368375301361,1.841398000717163,0.2897246778011322,0.7080472707748413,2.3891923427581787,0.348235160112381,0.5076919794082642,2.3807127475738525,0.570900559425354,0.7259999513626099,2.4719913005828857,0.37698644399642944,0.5170952081680298,2.456712245941162,0.5881556272506714,0.6714231371879578,2.540809392929077,-0.009388955309987068,0.49180588126182556,2.5455241203308105,0.1822246015071869,0.44323905839965766,0
2026-09-21T21:54:29.816270,S006,S006_A1_O_20260921_2154,front,A1,older,class_0,0.5527037978172302,0.4151749610900879,-0.7954626679420471,0.5671854615211487,0.33194616436958313,-0.784018874168396,0.5905658602714539,0.3371722996234894,-0.7847243547439575,0.6103955507278442,0.34160536527633667,-0.7854418754577637,0.5191196203231812,0.3305111229419708,-0.7649829387664795,0.5083316564559937,0.3262692093849182,-0.7649478316307068,0.48298192024230957,0.3268241584300995,-0.7656243443489075,0.6399375200271606,0.3682926893234253,-0.4858480393886566,0.45824575424194336,0.3479316830635071,-0.39904704689979553,0.5696423649787903,0.49417176842689514,-0.6593197584152222,0.49836841225624084,0.46697577834129333,-0.6379216313362122,0.7091413140296936,0.6255456805229187,-0.38655710220336914,0.3912239074707031,0.5830081105232239,0.07413100451231003,0.7758907079696655,0.939218282699585,-0.5257409811019897,0.2908540964126587,0.8860800862312317,0.016303716227412224,0.6169320940971375,0.9719043970108032,-0.6462708711624146,0.3152483105659485,0.7870023250579834,-0.3855855464935303,0.5721986889839172,0.9962282180786133,-0.7013527154922485,0.31090712547302246,0.7740058302879333,-0.4250248968601227,0.5667198896408081,0.9257027506828308,-0.652267336845398,0.31199318170547485,0.7497051358222961,-0.4290420413017273,0.5730181932449341,0.9240759611129761,-0.6220797300338745,0.32610058784484863,0.7624619007110596,-0.3988017141819,0.681128978729248,1.3682136535644531,-0.1769028604030609,0.45338454842567444,1.3589967489242554,0.17941966652870178,0.6697149872779846,1.8643497228622437,-0.12865225970745087,0.45697450637817383,1.8455549478530884,0.34409961104393005,0.6955227255821228,2.3971359729766846,0.42427000403404236,0.4909117817878723,2.38935923576355,0.7111623287200928,0.7156917452812195,2.4860544204711914,0.45806440711021423,0.5001385807991028,2.464813709259033,0.7357769012451172,0.6465415954589844,2.5442826747894287,0.03728730231523514,0.47237634658813477,2.5528552532196045,0.31736472249031067,0.4448800721826653,0
2026-09-21T21:54:29.883206,S006,S006_A1_O_20260921_2154,front,A1,older,class_0,0.5515663027763367,0.41635367274284363,-1.3323302268981934,0.5723587274551392,0.3350408673286438,-1.322264313697815,0.5936756134033203,0.3392336666584015,-1.3225791454315186,0.6118429899215698,0.3427313566207886,-1.3232122659683228,0.5183376669883728,0.3306911289691925,-1.3065216541290283,0.5056650042533875,0.32651111483573914,-1.3067470788955688,0.48222780227661133,0.3272067606449127,-1.3073283433914185,0.6404064893722534,0.36730241775512695,-0.9534141421318054,0.4581972658634186,0.3464389145374298,-0.8875077366828918,0.5711161494255066,0.495780348777771,-1.165732979774475,0.49867454171180725,0.47121480107307434,-1.1503798961639404,0.7116135358810425,0.6498851776123047,-0.704164981842041,0.378825306892395,0.5732031464576721,-0.3293491005897522,0.8228837251663208,0.9695532917976379,-0.7585495710372925,0.1637096256017685,0.7843321561813354,-0.3503260612487793,0.6364303827285767,1.0410170555114746,-0.9034464955329895,0.19511589407920837,0.6907618045806885,-0.7372446060180664,0.6021348834037781,1.0683605670928955,-0.960769772529602,0.20567986369132996,0.6730430722236633,-0.7772235870361328,0.5960966944694519,0.9955639243125916,-0.9124401807785034,0.21102511882781982,0.6557506322860718,-0.7805525064468384,0.5994633436203003,0.9907150864601135,-0.8816784620285034,0.2296913117170334,0.6801934838294983,-0.7501763701438904,0.6818389892578125,1.383119821548462,-0.1745239645242691,0.4436205327510834,1.3649532794952393,0.17701254785060883,0.6673476099967957,1.8785169124603271,-0.018477320671081543,0.44205865263938904,1.8523638248443604,0.42825913429260254,0.686707615852356,2.402721405029297,0.8120695948600769,0.4625065326690674,2.38811993598938,1.0346752405166626,0.7052514553070068,2.4894025325775146,0.8741313219070435,0.4703409671783447,2.464705467224121,1.0872583389282227,0.6350731253623962,2.5506536960601807,0.4338041841983795,0.44783225655555725,2.55830979347229,0.6331498622894287,0.45104436285680893,0
2026-09-21T21:54:29.938388,S006,S006_A1_O_20260921_2154,front,A1,older,class_0,0.5507606863975525,0.41634923219680786,-1.0160828828811646,0.5726668834686279,0.33502355217933655,-0.9992552995681763,0.5942058563232422,0.3392092287540436,-0.999799370765686,0.6120942234992981,0.34244486689567566,-1.0004459619522095,0.5162683725357056,0.32944557070732117,-0.9839190244674683,0.5046436190605164,0.326406329870224,-0.9839938282966614,0.4799116551876068,0.32685714960098267,-0.9846070408821106,0.6407310366630554,0.3649950623512268,-0.6627073287963867,0.4584936201572418,0.3466857671737671,-0.5949165225028992,0.5715035796165466,0.49566322565078735,-0.8656767010688782,0.49861231446266174,0.4713355004787445,-0.8496049046516418,0.7131136059761047,0.6492652297019958,-0.4989398419857025,0.3801593482494354,0.5699441432952881,-0.14216946065425873,0.8205304145812988,0.9676204919815063,-0.6084221601486206,0.23369571566581726,0.8159148693084717,-0.26205867528915405,0.6403074860572815,1.041131615638733,-0.7514128088951111,0.26636430621147156,0.6761729121208191,-0.7201451063156128,0.6148347854614258,1.066559910774231,-0.8073336482048035,0.26285821199417114,0.6417749524116516,-0.7719423770904541,0.6069703102111816,0.9965940117835999,-0.7666816711425781,0.26483872532844543,0.6184804439544678,-0.77192223072052,0.609098494052887,0.9920642375946045,-0.7337548136711121,0.281088262796402,0.6426764726638794,-0.7345959544181824,0.6831624507904053,1.3843142986297607,-0.17728552222251892,0.4469366669654846,1.366337537765503,0.17972667515277863,0.6699115037918091,1.846936821937561,-0.052157290279865265,0.4461490213871002,1.8249874114990234,0.469082772731781,0.6877894997596741,2.3713722229003906,0.6297389268875122,0.4689773619174957,2.354457378387451,0.9924520254135132,0.7109708189964294,2.4565515518188477,0.6779471635818481,0.473131000995636,2.4322385787963867,1.0356519222259521,0.641440749168396,2.5281436443328857,0.27147215604782104,0.45605507493019104,2.527667760848999,0.636433482170105,0.45392230295604374,0
2026-09-21T21:54:30.002626,S006,S006_A1_O_20260921_2154,front,A1,older,class_0,0.5492292642593384,0.41770896315574646,-1.116471529006958,0.5777891874313354,0.3377162516117096,-1.0998029708862305,0.5978484153747559,0.341042160987854,-1.1000889539718628,0.6146553754806519,0.3437717854976654,-1.1005175113677979,0.5163342952728271,0.3315542936325073,-1.0898478031158447,0.5021852254867554,0.3284294307231903,-1.0899765491485596,0.47961241006851196,0.3277955651283264,-1.090578317642212,0.6419637799263,0.3650010824203491,-0.7479315996170044,0.45561298727989197,0.3466588854789734,-0.7051458954811096,0.5751646757125854,0.49662601947784424,-0.9574521780014038,0.4996562898159027,0.4759924113750458,-0.9484898447990417,0.7171384692192078,0.6604054570198059,-0.5428546667098999,0.3791621923446655,0.5704786777496338,-0.2664784789085388,0.8177577257156372,0.965960681438446,-0.6219707131385803,0.257571280002594,0.823520839214325,-0.41939622163772583,0.6121233701705933,0.9238774180412292,-0.6989599466323853,0.3018808364868164,0.6876577138900757,-0.8212432861328125,0.5521346926689148,0.9149654507637024,-0.7402702569961548,0.3061208724975586,0.6578410863876343,-0.8598775863647461,0.5566095113754272,0.843560516834259,-0.7058677673339844,0.30216461420059204,0.6321406960487366,-0.847339928150177,0.5680772066116333,0.850687563419342,-0.6714416742324829,0.31346121430397034,0.6539710164070129,-0.826583743095398,0.6833068132400513,1.390317678451538,-0.15843477845191956,0.4473820626735687,1.3726012706756592,0.16038265824317932,0.6700720191001892,1.7932592630386353,-0.16747327148914337,0.43865227699279785,1.7785723209381104,0.2398168295621872,0.6898175477981567,2.3318591117858887,0.5837924480438232,0.4709494709968567,2.3347792625427246,0.7604146003723145,0.7117503881454468,2.4145989418029785,0.5987929105758667,0.4794008135795593,2.4111316204071045,0.8093804121017456,0.6406734585762024,2.5048866271972656,0.17726092040538788,0.4474288523197174,2.5241918563842773,0.5830167531967163,0.4586813639087433,0
2026-09-21T21:54:30.070556,S006,S006_A1_O_20260921_2154,front,A1,older,class_0,0.5485113859176636,0.41775235533714294,-0.9773070216178894,0.5779443383216858,0.33773791790008545,-0.9619941711425781,0.5982552766799927,0.3410281240940094,-0.9626033902168274,0.614955723285675,0.34373295307159424,-0.963351845741272,0.5149579644203186,0.33165374398231506,-0.9466068148612976,0.49985066056251526,0.32901859283447266,-0.9466797113418579,0.4736974239349365,0.3278927505016327,-0.9473189115524292,0.6421358585357666,0.36451366543769836,-0.6523318886756897,0.4527226984500885,0.34702879190444946,-0.5745192766189575,0.5757761001586914,0.49665987491607666,-0.8337655067443848,0.5271083116531372,0.47605425119400024,-0.8168095350265503,0.7183252573013306,0.6615362763404846,-0.46752724051475525,0.38618534803390503,0.571613609790802,-0.1833905428647995,0.8169897794723511,0.9657005071640015,-0.5445867776870728,0.30829480290412903,0.82767254114151,-0.3236984312534332,0.6196786165237427,0.9114400744438171,-0.6472380757331848,0.3723161518573761,0.7012779116630554,-0.7294099926948547,0.5648187398910522,0.9037696719169617,-0.6758468747138977,0.3914501667022705,0.6685399413108826,-0.8012644052505493,0.5693138241767883,0.8406198024749756,-0.6200999021530151,0.37171921133995056,0.6469805240631104,-0.7868749499320984,0.5784722566604614,0.846591591835022,-0.6129615306854248,0.37233203649520874,0.6683577299118042,-0.742775559425354,0.6839975714683533,1.391345739364624,-0.140478253364563,0.45379725098609924,1.3765031099319458,0.1424233615398407,0.6711335778236389,1.6763808727264404,-0.1899939626455307,0.43577972054481506,1.696304440498352,0.20960959792137146,0.6862860321998596,2.2341530323028564,0.41075238585472107,0.4716870188713074,2.2679967880249023,0.594267725944519,0.7049498558044434,2.3176767826080322,0.4471733570098877,0.48311513662338257,2.3457977771759033,0.6224545836448669,0.6381608247756958,2.411892890930176,0.1112460121512413,0.43757447600364685,2.4632835388183594,0.3434496521949768,0.4627575915109253,0
2026-09-21T21:54:30.119552,S006,S006_A1_O_20260921_2154,front,A1,older,class_0,0.543657124042511,0.41774851083755493,-0.9823916554450989,0.577570378780365,0.33770090341567993,-0.962375283241272,0.598034143447876,0.34093666076660156,-0.9626428484916687,0.6146819591522217,0.3435097634792328,-0.9629753828048706,0.5111011862754822,0.3316352665424347,-0.9533588290214539,0.49494871497154236,0.3291395306587219,-0.95348060131073,0.46794289350509644,0.3281906545162201,-0.954088568687439,0.6421289443969727,0.36362868547439575,-0.6278282403945923,0.451291561126709,0.3472719192504883,-0.5832444429397583,0.5757158994674683,0.49673178791999817,-0.830830454826355,0.5308569669723511,0.47606223821640015,-0.8215900659561157,0.7198399901390076,0.6628355383872986,-0.4440123438835144,0.3865639865398407,0.5719968676567078,-0.20547425746917725,0.816389262676239,0.9653070569038391,-0.5390644073486328,0.31435835361480713,0.8371427655220032,-0.343814492225647,0.6215869188308716,0.9065232872962952,-0.6486476063728333,0.3802230954170227,0.7094979882240295,-0.7028132677078247,0.5663167238235474,0.8960358500480652,-0.6809875965118408,0.40074586868286133,0.6806765794754028,-0.7500554919242859,0.572043776512146,0.8329736590385437,-0.6249839067459106,0.3798837959766388,0.6536367535591125,-0.7401684522628784,0.5809756517410278,0.8397314548492432,-0.6183983087539673,0.3784121572971344,0.6735365390777588,-0.7100648283958435,0.6833231449127197,1.3913553953170776,-0.13394413888454437,0.4548323154449463,1.3771897554397583,0.13584932684898376,0.6705911159515381,1.6083731651306152,-0.2144051492214203,0.4245428442955017,1.627448320388794,0.14563430845737457,0.6755677461624146,2.1599154472351074,0.3963894844055176,0.4649968147277832,2.1940019130706787,0.5674554705619812,0.6910432577133179,2.242361545562744,0.4406958222389221,0.48215922713279724,2.2704076766967773,0.5996308922767639,0.6283143758773804,2.3365423679351807,0.10734210908412933,0.4220298230648041,2.389744758605957,0.29996371269226074,0.4672313801605593,0
2026-09-21T21:54:30.181265,S006,S006_A1_O_20260921_2154,front,A1,older,class_0,0.5434340834617615,0.4172900915145874,-0.6714669466018677,0.5774020552635193,0.3376380205154419,-0.6449319124221802,0.5980163216590881,0.3408457934856415,-0.6454510688781738,0.614670991897583,0.34331950545310974,-0.6458062529563904,0.5102876424789429,0.3316096067428589,-0.6377727389335632,0.49464645981788635,0.3291865885257721,-0.6378743648529053,0.46743136644363403,0.32866576313972473,-0.6386725306510925,0.6421817541122437,0.36337700486183167,-0.3328794836997986,0.45162883400917053,0.34913089871406555,-0.29266157746315,0.5759469270706177,0.49619734287261963,-0.5338903069496155,0.5446869134902954,0.4768301546573639,-0.525047779083252,0.7210279107093811,0.6619152426719666,-0.18616072833538055,0.4090491831302643,0.5838921666145325,-0.03747326508164406,0.8337324261665344,0.965038001537323,-0.392741322517395,0.3932703733444214,0.8710708618164062,-0.2622930705547333,0.6893348097801208,0.91111159324646,-0.585470974445343,0.4862040877342224,0.7123621106147766,-0.588720440864563,0.6589006185531616,0.8978564739227295,-0.6343629956245422,0.5126619338989258,0.684459388256073,-0.6351353526115417,0.6609381437301636,0.8620423674583435,-0.5912153720855713,0.49270716309547424,0.6580386757850647,-0.6261427402496338,0.6608866453170776,0.8641746640205383,-0.5690910816192627,0.4898296892642975,0.6782492995262146,-0.5947797298431396,0.6912394165992737,1.393968105316162,-0.12369021028280258,0.47227829694747925,1.3814276456832886,0.12577494978904724,0.6711121201515198,1.6769880056381226,-0.1805473119020462,0.44103097915649414,1.6915054321289062,0.19198322296142578,0.6784284710884094,2.228863000869751,0.37889420986175537,0.4697224199771881,2.2377748489379883,0.5429797768592834,0.6950625777244568,2.3117854595184326,0.413369745016098,0.4857970178127289,2.3056800365448,0.5624803304672241,0.6378003358840942,2.4009079933166504,0.061795175075531006,0.42710942029953003,2.427001714706421,0.20876696705818176,0.4632227515632456,0
2026-09-21T21:54:30.234561,S006,S006_A1_O_20260921_2154,front,A1,older,class_0,0.5437185168266296,0.41726285219192505,-0.7358404994010925,0.5778726935386658,0.33773598074913025,-0.7084394693374634,0.5986706018447876,0.3408980965614319,-0.7089517712593079,0.6152556538581848,0.34330353140830994,-0.7093369960784912,0.5103604197502136,0.3316134214401245,-0.7035384774208069,0.4939177930355072,0.32928404211997986,-0.7036122679710388,0.4675278067588806,0.3288731575012207,-0.7043067216873169,0.6425000429153442,0.3630642294883728,-0.3789902329444885,0.4522767663002014,0.34921133518218994,-0.3520980179309845,0.5769366025924683,0.4963211417198181,-0.5911518335342407,0.5472046136856079,0.4793834686279297,-0.5858743190765381,0.721565842628479,0.661340594291687,-0.20624251663684845,0.4090515971183777,0.5896187424659729,-0.04569980129599571,0.8314211964607239,0.9647810459136963,-0.3449345529079437,0.38592562079429626,0.8869954347610474,-0.18222792446613312,0.6959612965583801,0.9606403112411499,-0.5529884099960327,0.47821012139320374,0.7327834367752075,-0.4862978458404541,0.6677685379981995,0.9694343209266663,-0.6103922128677368,0.5051969289779663,0.7122289538383484,-0.5281654000282288,0.6669994592666626,0.9310583472251892,-0.5812853574752808,0.4873160421848297,0.6780370473861694,-0.5333752632141113,0.6663461923599243,0.9264166355133057,-0.5437783002853394,0.4850734770298004,0.6933920383453369,-0.4957607686519623,0.6887627840042114,1.3956763744354248,-0.11901289224624634,0.4721720814704895,1.3861005306243896,0.12122245877981186,0.6688977479934692,1.6992634534835815,-0.14206081628799438,0.44639506936073303,1.7090107202529907,0.24684970080852509,0.6805709600448608,2.2428250312805176,0.4087084233760834,0.4743245244026184,2.2613253593444824,0.5651884078979492,0.6969534158706665,2.326627492904663,0.44376006722450256,0.4896778464317322,2.337200880050659,0.5945206880569458,0.6417967677116394,2.4070494174957275,0.10506235063076019,0.433183491230011,2.441910982131958,0.22573859989643097,0.461712174145787,0
2026-09-21T21:54:30.297066,S006,S006_A1_O_20260921_2154,front,A1,older,class_0,0.5443751215934753,0.4154583215713501,-0.549235463142395,0.579522967338562,0.33732864260673523,-0.5267525911331177,0.5994573831558228,0.34024789929389954,-0.5272880792617798,0.6162062287330627,0.3424948751926422,-0.5276809930801392,0.5140811800956726,0.33134523034095764,-0.5155548453330994,0.49478012323379517,0.3293379843235016,-0.5155930519104004,0.4714406430721283,0.3289366364479065,-0.5163148045539856,0.6432644128799438,0.36220136284828186,-0.2468613088130951,0.4542394280433655,0.3502890169620514,-0.18778860569000244,0.5796270370483398,0.49482399225234985,-0.4250604510307312,0.5322313904762268,0.4774189591407776,-0.4101678431034088,0.722709596157074,0.648385763168335,-0.1282801628112793,0.4379740357398987,0.5982054471969604,0.061772607266902924,0.830313503742218,0.9440348148345947,-0.301914244890213,0.42456597089767456,0.9007709622383118,-0.12433739006519318,0.715144693851471,0.9614201188087463,-0.5037735104560852,0.5094860792160034,0.7385286092758179,-0.4691648483276367,0.6962372064590454,0.9723672270774841,-0.5598001480102539,0.5341384410858154,0.7168130278587341,-0.5125997066497803,0.6924802660942078,0.9372060298919678,-0.5380114912986755,0.5142282247543335,0.6794498562812805,-0.5124092698097229,0.6905081868171692,0.9315360188484192,-0.49780288338661194,0.5121570229530334,0.6937868595123291,-0.4784483313560486,0.6993658542633057,1.385205626487732,-0.11227686703205109,0.49366816878318787,1.380319595336914,0.1144510880112648,0.6738872528076172,1.704918384552002,-0.17103753983974457,0.4700292944908142,1.7022147178649902,0.20814338326454163,0.6823016405105591,2.2439565658569336,0.2745830714702606,0.48872700333595276,2.2675275802612305,0.43714818358421326,0.698143720626831,2.3270745277404785,0.30162638425827026,0.4999421238899231,2.348689079284668,0.4476760923862457,0.6558347940444946,2.4035451412200928,-0.031225088983774185,0.4651084840297699,2.4423041343688965,0.09902825206518173,0.4578784102235328,0
2026-09-21T21:54:30.338092,S006,S006_A1_O_20260921_2154,front,A1,older,class_0,0.5427410006523132,0.4135674238204956,-0.3641219437122345,0.5794423818588257,0.33524090051651,-0.33965247869491577,0.599261462688446,0.33787932991981506,-0.34025856852531433,0.6160207986831665,0.3403795063495636,-0.340677946805954,0.5141669511795044,0.330693781375885,-0.33326512575149536,0.4944109320640564,0.3293450176715851,-0.33335450291633606,0.4721214771270752,0.3290261924266815,-0.33440279960632324,0.6438077092170715,0.36219385266304016,-0.07947848737239838,0.46368885040283203,0.3517443537712097,-0.03832877054810524,0.5796315670013428,0.491932213306427,-0.24987439811229706,0.5231699347496033,0.473135381937027,-0.24079611897468567,0.7273432612419128,0.6385977864265442,0.035443417727947235,0.466647207736969,0.5986051559448242,0.06635497510433197,0.8258292078971863,0.911018431186676,-0.10086824744939804,0.45298975706100464,0.9045472741127014,-0.26990923285484314,0.7189821600914001,0.9608286023139954,-0.1863286793231964,0.5467275381088257,0.7704988718032837,-0.6840311288833618,0.7044368982315063,0.9740869998931885,-0.21809963881969452,0.5683961510658264,0.754266619682312,-0.7490133047103882,0.7015278339385986,0.938804030418396,-0.19974291324615479,0.5528369545936584,0.7218409776687622,-0.7373108267784119,0.698602557182312,0.9326056838035583,-0.18083485960960388,0.5541639924049377,0.733775794506073,-0.6925755739212036,0.7252143621444702,1.3450278043746948,-0.05174698680639267,0.5223647356033325,1.3399521112442017,0.05337207764387131,0.6882139444351196,1.7124661207199097,-0.16248473525047302,0.49671927094459534,1.7144056558609009,0.09696443378925323,0.7046352624893188,2.2510058879852295,0.1932189166545868,0.5090839266777039,2.2737832069396973,0.2323589324951172,0.7156409025192261,2.3368000984191895,0.20880118012428284,0.509363055229187,2.3504738807678223,0.23610863089561462,0.6895843744277954,2.4181783199310303,-0.1374225616455078,0.5227414965629578,2.448540210723877,-0.12270060926675797,0.452244636264037,0
2026-09-21T21:54:30.381515,S006,S006_A1_O_20260921_2154,front,A1,older,class_0,0.5398995876312256,0.40853872895240784,-0.35359251499176025,0.5776300430297852,0.33282947540283203,-0.3304831385612488,0.5962778329849243,0.33601662516593933,-0.33109813928604126,0.6142948865890503,0.339736670255661,-0.3315598964691162,0.5137932896614075,0.32898053526878357,-0.31598931550979614,0.49394553899765015,0.32896411418914795,-0.3160873353481293,0.4721580445766449,0.32876116037368774,-0.3170176148414612,0.6408441066741943,0.3632945418357849,-0.08092372119426727,0.46349239349365234,0.3524283766746521,-0.010458189062774181,0.5778712630271912,0.4896527826786041,-0.2417687177658081,0.5138236284255981,0.47063425183296204,-0.22449028491973877,0.720526933670044,0.6369883418083191,-0.049261242151260376,0.45509713888168335,0.5987558364868164,0.20862741768360138,0.8255876302719116,0.9166241884231567,-0.25152578949928284,0.4261144697666168,0.9072873592376709,-0.014704612083733082,0.7178186774253845,0.952411949634552,-0.37021374702453613,0.5126723647117615,0.7690218687057495,-0.29466772079467773,0.6956149339675903,0.9611435532569885,-0.41492971777915955,0.5339034199714661,0.7514210343360901,-0.3209307789802551,0.6926319599151611,0.9218685626983643,-0.38806983828544617,0.5201900005340576,0.7185907363891602,-0.2984790802001953,0.6908155679702759,0.9209830164909363,-0.36066755652427673,0.5215402841567993,0.7316008806228638,-0.29462385177612305,0.7178196907043457,1.3501700162887573,-0.11293978989124298,0.519217312335968,1.344614863395691,0.11488230526447296,0.6790353655815125,1.70188307762146,-0.1943509429693222,0.4683215022087097,1.6894376277923584,0.15036900341510773,0.7001569867134094,2.2462964057922363,0.2276976853609085,0.5027220249176025,2.2655322551727295,0.4047781825065613,0.715553343296051,2.330336570739746,0.25400310754776,0.5092399716377258,2.3431808948516846,0.41985124349594116,0.6651051640510559,2.4077441692352295,-0.08010349422693253,0.4747021198272705,2.447911024093628,0.030551645904779434,0.4511119141666727,0
2026-09-21T21:54:30.443650,S006,S006_A1_O_20260921_2154,front,A1,older,class_0,0.5367290377616882,0.4046911299228668,-0.3796211779117584,0.5753433704376221,0.32961857318878174,-0.3555940091609955,0.5937885046005249,0.3338184356689453,-0.356218546628952,0.6130133867263794,0.33853036165237427,-0.35673239827156067,0.5127942562103271,0.32640352845191956,-0.34709247946739197,0.49284952878952026,0.3272591531276703,-0.34718063473701477,0.47213488817214966,0.3286634087562561,-0.3481067717075348,0.6401018500328064,0.3635251224040985,-0.10580025613307953,0.46278756856918335,0.3537863790988922,-0.06039516255259514,0.5771738886833191,0.48811066150665283,-0.26762792468070984,0.5053742527961731,0.4684773087501526,-0.25809523463249207,0.7181428074836731,0.6367799043655396,-0.06521764397621155,0.43882662057876587,0.5986213684082031,0.1665993332862854,0.8251849412918091,0.9204315543174744,-0.2624953091144562,0.4184071123600006,0.8967142701148987,0.1483418345451355,0.7125462293624878,0.9464241862297058,-0.37761712074279785,0.489213764667511,0.7557899951934814,0.16617849469184875,0.6876792311668396,0.951736330986023,-0.413256973028183,0.5073866248130798,0.738000750541687,0.17489121854305267,0.6870076060295105,0.906518816947937,-0.37516510486602783,0.497126042842865,0.7072058320045471,0.18411937355995178,0.6870931386947632,0.90826016664505,-0.36231714487075806,0.4958636164665222,0.720236599445343,0.1683780401945114,0.6969795823097229,1.3520114421844482,-0.12234938144683838,0.4940294623374939,1.3453840017318726,0.12424568831920624,0.662300705909729,1.7149245738983154,-0.18767958879470825,0.46245068311691284,1.6918243169784546,0.2034320831298828,0.6992196440696716,2.2561986446380615,0.2740923762321472,0.4972912669181824,2.2681829929351807,0.4355812966823578,0.7167043089866638,2.339303731918335,0.3038635849952698,0.5066890716552734,2.3462650775909424,0.43807253241539,0.6579576134681702,2.410102367401123,-0.07232394814491272,0.4606937766075134,2.4495813846588135,0.13181540369987488,0.4507235199438803,0
2026-09-21T21:54:30.513614,S006,S006_A1_O_20260921_2154,front,A1,older,class_0,0.5355725884437561,0.4049823582172394,-0.3962554335594177,0.5752460956573486,0.32964077591896057,-0.3659934103488922,0.5936360359191895,0.3338264226913452,-0.36646515130996704,0.6129297018051147,0.33858588337898254,-0.3668572008609772,0.5125917792320251,0.32668834924697876,-0.36748698353767395,0.49261975288391113,0.32804134488105774,-0.36761730909347534,0.4721148908138275,0.33070653676986694,-0.3684895634651184,0.63990318775177,0.3650588095188141,-0.08044134080410004,0.4632534384727478,0.3567187488079071,-0.08268426358699799,0.5771074295043945,0.4881463944911957,-0.2699415385723114,0.5042529702186584,0.46850427985191345,-0.2733473777770996,0.7177490592002869,0.6407821178436279,0.02819834277033806,0.4368223547935486,0.5963665843009949,0.1113583892583847,0.8000885844230652,0.9187557697296143,-0.09544558823108673,0.408595472574234,0.8786051869392395,-0.11965946108102798,0.7097609639167786,0.9918082356452942,-0.23801477253437042,0.48713040351867676,0.7466803789138794,-0.3654976487159729,0.6908717155456543,1.0161173343658447,-0.27571043372154236,0.5066319704055786,0.7316611409187317,-0.4015164375305176,0.6878871321678162,0.9733047485351562,-0.2617458403110504,0.4974302649497986,0.7018234133720398,-0.39771708846092224,0.6862758994102478,0.9666975736618042,-0.2343306988477707,0.4960513114929199,0.7141790986061096,-0.3691042363643646,0.692116916179657,1.3542523384094238,-0.08977557718753815,0.4938634932041168,1.3452814817428589,0.09166377782821655,0.658649742603302,1.6455146074295044,-0.1828603446483612,0.4562070369720459,1.6090112924575806,0.14983230829238892,0.6849702596664429,2.156766653060913,0.27167201042175293,0.49310460686683655,2.1554765701293945,0.41216325759887695,0.700769305229187,2.238797903060913,0.3006807565689087,0.5029495358467102,2.2369384765625,0.4263693690299988,0.6512749195098877,2.2964675426483154,-0.04616730660200119,0.4605247378349304,2.314058780670166,0.12487012147903442,0.4475747527498187,0
2026-09-21T21:54:30.568889,S006,S006_A1_O_20260921_2154,front,A1,older,class_0,0.5351604223251343,0.40658482909202576,-0.4090607762336731,0.5747667551040649,0.33017227053642273,-0.3874971866607666,0.5927342176437378,0.3340599834918976,-0.3880569338798523,0.6121805310249329,0.33883655071258545,-0.3884872496128082,0.5127189755439758,0.3291610777378082,-0.3717629015445709,0.4935687482357025,0.3319551646709442,-0.3718235194683075,0.4733644425868988,0.337319016456604,-0.372667521238327,0.639106273651123,0.3668499290943146,-0.1329919397830963,0.4646262526512146,0.3626820743083954,-0.05857297033071518,0.577096700668335,0.4882896840572357,-0.2950804829597473,0.5391066074371338,0.4672366976737976,-0.27578723430633545,0.7219238877296448,0.6389797925949097,-0.053176891058683395,0.43795785307884216,0.5974403619766235,0.1947961151599884,0.8074128031730652,0.9205480813980103,-0.29612404108047485,0.404308557510376,0.8897162675857544,0.060643404722213745,0.7073794603347778,0.9715638756752014,-0.5572224259376526,0.48333939909935,0.7646237015724182,-0.18573929369449615,0.6872407793998718,0.9879911541938782,-0.6151335835456848,0.502050518989563,0.7515489459037781,-0.21007759869098663,0.6849558353424072,0.947743833065033,-0.5893609523773193,0.4918909966945648,0.7175225615501404,-0.1965026557445526,0.6836823225021362,0.9453235864639282,-0.5501800179481506,0.4915742874145508,0.7293986678123474,-0.18801988661289215,0.6938218474388123,1.3544224500656128,-0.13142965734004974,0.49287542700767517,1.3472435474395752,0.13368001580238342,0.659342885017395,1.6705608367919922,-0.2032133787870407,0.45251035690307617,1.6451053619384766,0.15123632550239563,0.6824780702590942,2.1947619915008545,0.25263506174087524,0.4828529357910156,2.1982433795928955,0.4440179765224457,0.7002047896385193,2.277055501937866,0.2829049825668335,0.49745315313339233,2.279348850250244,0.4608635902404785,0.6398719549179077,2.343099355697632,-0.045878928154706955,0.4356967806816101,2.3585867881774902,0.14503662288188934,0.4463339429630926,0
2026-09-21T21:54:30.620883,S006,S006_A1_O_20260921_2154,front,A1,older,class_0,0.5359394550323486,0.40647438168525696,-0.3630737364292145,0.5744360089302063,0.32940590381622314,-0.34273087978363037,0.5922588109970093,0.3330385982990265,-0.34324806928634644,0.611998438835144,0.3380252718925476,-0.34365302324295044,0.512686014175415,0.32904088497161865,-0.3244176506996155,0.49392327666282654,0.3319501578807831,-0.32444143295288086,0.47395843267440796,0.3375159204006195,-0.32520294189453125,0.6390911340713501,0.36684054136276245,-0.10660356283187866,0.46650487184524536,0.36276495456695557,-0.01920342817902565,0.5771096348762512,0.48752301931381226,-0.2546007037162781,0.5287634134292603,0.4672790467739105,-0.2318321168422699,0.7207207083702087,0.6352933645248413,-0.08194071054458618,0.44137564301490784,0.5973367691040039,0.25957295298576355,0.7918215394020081,0.897750735282898,-0.37586379051208496,0.4015715718269348,0.8848238587379456,0.21913883090019226,0.6691688299179077,0.9012638926506042,-0.6300631761550903,0.4797905385494232,0.7638453841209412,0.11322637647390366,0.6449853181838989,0.904195249080658,-0.6906672716140747,0.4988195300102234,0.7502585053443909,0.11712850630283356,0.641209602355957,0.8581958413124084,-0.65284264087677,0.48840752243995667,0.7160908579826355,0.12317607551813126,0.642905592918396,0.8623141646385193,-0.6167158484458923,0.4890568256378174,0.7282484769821167,0.11156493425369263,0.6924938559532166,1.3546264171600342,-0.16876932978630066,0.4931127429008484,1.3464194536209106,0.1712058186531067,0.659213125705719,1.5446105003356934,-0.2834565043449402,0.4366583824157715,1.5339986085891724,0.16149353981018066,0.6638431549072266,2.059293270111084,0.15643629431724548,0.4784180521965027,2.0631840229034424,0.44861680269241333,0.6832302212715149,2.143598794937134,0.190072700381279,0.4970608353614807,2.138017416000366,0.4667550027370453,0.6145325899124146,2.1942663192749023,-0.08595530688762665,0.4228094518184662,2.2288625240325928,0.18654969334602356,0.4453429833731868,0
2026-09-21T21:54:30.664302,S006,S006_A1_O_20260921_2154,front,A1,older,class_0,0.5354432463645935,0.40644004940986633,-0.3746940493583679,0.5740637183189392,0.3284931778907776,-0.35327261686325073,0.5918745398521423,0.33201202750205994,-0.35377413034439087,0.6118751764297485,0.33727458119392395,-0.35416895151138306,0.5125303864479065,0.3286428451538086,-0.3368043303489685,0.4934234619140625,0.3311781883239746,-0.3368145823478699,0.4739720821380615,0.33702608942985535,-0.3375322222709656,0.6390400528907776,0.36678406596183777,-0.11066596210002899,0.4666033685207367,0.362743079662323,-0.032133735716342926,0.5771011710166931,0.48716840147972107,-0.26326948404312134,0.5216909646987915,0.467305988073349,-0.24332840740680695,0.7193499803543091,0.6335451006889343,-0.08581682294607162,0.4410664439201355,0.5967961549758911,0.2642323970794678,0.7851327657699585,0.8902314901351929,-0.3805984854698181,0.3893154263496399,0.8778907656669617,0.25721341371536255,0.6398573517799377,0.8776440024375916,-0.5996605157852173,0.4550905227661133,0.7632529735565186,0.17950376868247986,0.6111739873886108,0.87851881980896,-0.6584619283676147,0.4732343256473541,0.7490530610084534,0.1873837411403656,0.6073116660118103,0.8292800188064575,-0.6212355494499207,0.46266722679138184,0.7150306105613708,0.18793317675590515,0.6110900640487671,0.8345568776130676,-0.5856362581253052,0.461617648601532,0.7279032468795776,0.17606821656227112,0.6854706406593323,1.3558181524276733,-0.1846545934677124,0.49123597145080566,1.3474774360656738,0.18718771636486053,0.6540938019752502,1.5036083459854126,-0.3148466944694519,0.4226512312889099,1.515738606452942,0.1657736599445343,0.6563447117805481,2.032970666885376,0.1220814436674118,0.4773428440093994,2.0399467945098877,0.44837766885757446,0.6775901913642883,2.120988607406616,0.155109703540802,0.4971514344215393,2.1138103008270264,0.4667387902736664,0.6044527888298035,2.168318510055542,-0.11647317558526993,0.419272243976593,2.2046468257904053,0.2036134898662567,0.4457136106987794,0
2026-09-21T21:54:30.731140,S006,S006_A1_O_20260921_2154,front,A1,older,class_0,0.5354979634284973,0.4064885377883911,-0.3627411127090454,0.5740936994552612,0.328503280878067,-0.34042033553123474,0.5919068455696106,0.33202093839645386,-0.3409162163734436,0.611884593963623,0.337365061044693,-0.3412843644618988,0.5125826597213745,0.32843077182769775,-0.32327625155448914,0.4937782287597656,0.331065833568573,-0.3233132064342499,0.47428369522094727,0.33693787455558777,-0.32405367493629456,0.6390436291694641,0.3670109808444977,-0.09648706763982773,0.46673256158828735,0.36265215277671814,-0.016380850225687027,0.5772010087966919,0.48832574486732483,-0.2516116201877594,0.5173108577728271,0.46789661049842834,-0.23124292492866516,0.7180453538894653,0.6320660710334778,-0.09577006101608276,0.4398735463619232,0.5974521040916443,0.2617003619670868,0.8001517057418823,0.8927247524261475,-0.4120560586452484,0.3874817490577698,0.8778239488601685,0.15733380615711212,0.6564663648605347,0.8803424835205078,-0.7035177946090698,0.45127248764038086,0.7627021670341492,-0.03042023442685604,0.635862410068512,0.8788182139396667,-0.7712360620498657,0.4693191647529602,0.7481982111930847,-0.03854072839021683,0.6296204328536987,0.8311605453491211,-0.7298719882965088,0.45860153436660767,0.7141668200492859,-0.030629461631178856,0.6300500631332397,0.8371837735176086,-0.6903570890426636,0.45765990018844604,0.7271708846092224,-0.03343268111348152,0.6857286691665649,1.358430027961731,-0.1807592362165451,0.49155640602111816,1.3505555391311646,0.18319600820541382,0.6562798023223877,1.5610004663467407,-0.2903045415878296,0.43043550848960876,1.5510385036468506,0.16607359051704407,0.6595722436904907,2.0810792446136475,0.1345212608575821,0.4845374524593353,2.0854575634002686,0.42967215180397034,0.6800922155380249,2.1651229858398438,0.16525693237781525,0.5060346126556396,2.16227650642395,0.44581490755081177,0.6104591488838196,2.220385789871216,-0.11492608487606049,0.42254042625427246,2.2493886947631836,0.19356665015220642,0.44721658172255213,0
2026-09-21T21:54:30.788365,S006,S006_A1_O_20260921_2154,front,A1,older,class_0,0.535614550113678,0.4066745340824127,-0.3735860586166382,0.5741747617721558,0.32878291606903076,-0.3512205481529236,0.5919800400733948,0.3323926329612732,-0.3517223298549652,0.6119049787521362,0.33791273832321167,-0.3521032929420471,0.5127372741699219,0.32842934131622314,-0.3351571261882782,0.49420323967933655,0.3310622572898865,-0.335204541683197,0.4746866226196289,0.33692458271980286,-0.3359595239162445,0.6390474438667297,0.3675374686717987,-0.10418133437633514,0.46684661507606506,0.362598717212677,-0.028728121891617775,0.577251672744751,0.4900502860546112,-0.26116713881492615,0.5149601697921753,0.4689527750015259,-0.24210789799690247,0.7172784805297852,0.6314567923545837,-0.09697900712490082,0.4392770230770111,0.5978338718414307,0.24888858199119568,0.8117762804031372,0.8990252614021301,-0.39442163705825806,0.38520288467407227,0.8776006698608398,0.18204310536384583,0.6755041480064392,0.890265703201294,-0.6690886616706848,0.4470697343349457,0.7624015808105469,0.0368049219250679,0.6583763957023621,0.890697717666626,-0.7341592311859131,0.4646313190460205,0.7479493618011475,0.034685324877500534,0.651828944683075,0.8434998989105225,-0.6990131139755249,0.4541296362876892,0.7140803933143616,0.03935583308339119,0.6502335667610168,0.8483265042304993,-0.658318042755127,0.45347920060157776,0.727103054523468,0.03387274965643883,0.6858248114585876,1.361159086227417,-0.17621541023254395,0.4916406273841858,1.3527684211730957,0.1786140352487564,0.6585615873336792,1.5865322351455688,-0.2738187313079834,0.4397526681423187,1.5696319341659546,0.16992847621440887,0.6609010100364685,2.1042630672454834,0.15836645662784576,0.4876548647880554,2.1073834896087646,0.43822598457336426,0.68072509765625,2.1870338916778564,0.18952864408493042,0.5088130235671997,2.185539484024048,0.4545063078403473,0.6139987707138062,2.245109796524048,-0.09763907641172409,0.425311803817749,2.2714316844940186,0.1929793357849121,0.44799581082594214,0
2026-09-21T21:54:30.858214,S006,S006_A1_O_20260921_2154,front,A1,older,class_0,0.5351306796073914,0.4082552194595337,-0.3996768593788147,0.5724050402641296,0.32944875955581665,-0.3769593834877014,0.5914407968521118,0.3333687484264374,-0.37747228145599365,0.6101767420768738,0.3383018672466278,-0.3778713643550873,0.5106459856033325,0.3297322988510132,-0.3619060814380646,0.49267610907554626,0.3332204222679138,-0.36195456981658936,0.47276321053504944,0.3385130763053894,-0.3627198338508606,0.6386143565177917,0.36783847212791443,-0.1133844256401062,0.46189063787460327,0.3627100884914398,-0.04515713080763817,0.5769497156143188,0.49100425839424133,-0.2834760248661041,0.517210841178894,0.4630727767944336,-0.2664531171321869,0.7158859372138977,0.630973219871521,-0.07558882981538773,0.40565091371536255,0.5929944515228271,0.21017742156982422,0.8166400194168091,0.9056195616722107,-0.32568350434303284,0.34316033124923706,0.8756013512611389,0.07797663658857346,0.676256537437439,0.8971985578536987,-0.5184552073478699,0.4069247841835022,0.7576947808265686,-0.10527829080820084,0.6583419442176819,0.9109671711921692,-0.5685041546821594,0.42193737626075745,0.7444031834602356,-0.13214422762393951,0.6516534686088562,0.8644410371780396,-0.5414585471153259,0.419053852558136,0.7112387418746948,-0.10596172511577606,0.6502636671066284,0.866658091545105,-0.509822428226471,0.4215599596500397,0.7249470949172974,-0.10294823348522186,0.6755452156066895,1.3675651550292969,-0.16705328226089478,0.4639512598514557,1.3548282384872437,0.16963884234428406,0.6435438394546509,1.6031277179718018,-0.22812700271606445,0.4093175530433655,1.620754599571228,0.15952801704406738,0.6548126935958862,2.1751513481140137,0.2260768860578537,0.44949260354042053,2.1959831714630127,0.44449806213378906,0.6784103512763977,2.2688279151916504,0.2572968304157257,0.46945446729660034,2.2764604091644287,0.4613037109375,0.5931139588356018,2.3316450119018555,-0.04056845232844353,0.38813287019729614,2.383559465408325,0.19000056385993958,0.44793750311840663,0
2026-09-21T21:54:30.918357,S006,S006_A1_O_20260921_2154,front,A1,older,class_0,0.5351971387863159,0.4131474196910858,-0.5361799001693726,0.5752678513526917,0.3338097035884857,-0.5152716040611267,0.5939491987228394,0.3377794325351715,-0.5156792402267456,0.6128780841827393,0.343304842710495,-0.51597660779953,0.5129164457321167,0.33680015802383423,-0.49671682715415955,0.4929342269897461,0.3439735770225525,-0.49668088555336,0.4732457995414734,0.3520744740962982,-0.49720603227615356,0.6391113996505737,0.37530815601348877,-0.2535874545574188,0.4621097147464752,0.3732975125312805,-0.17061564326286316,0.5778132081031799,0.49577945470809937,-0.4185526371002197,0.5314851403236389,0.464327335357666,-0.3973320722579956,0.7159116268157959,0.6315314769744873,-0.26658356189727783,0.42009010910987854,0.6107152104377747,0.19169361889362335,0.7483870387077332,0.9434540271759033,-0.5161758661270142,0.35100090503692627,0.9052844643592834,0.01567077822983265,0.5817573666572571,0.8652514815330505,-0.6938491463661194,0.4100549817085266,0.7625054717063904,-0.32353729009628296,0.5407868027687073,0.8571379780769348,-0.7568986415863037,0.4218108057975769,0.7456222176551819,-0.3539581000804901,0.545330286026001,0.8022928237915039,-0.712243914604187,0.41213029623031616,0.7110680937767029,-0.34967106580734253,0.554324746131897,0.811997652053833,-0.6759545207023621,0.41505709290504456,0.724695086479187,-0.3344297409057617,0.6760412454605103,1.3836225271224976,-0.1781577616930008,0.47415047883987427,1.3738447427749634,0.18056067824363708,0.6456475257873535,1.5516568422317505,-0.23596283793449402,0.41092419624328613,1.5248726606369019,0.17640262842178345,0.6560095548629761,2.059992551803589,0.24119623005390167,0.4834660589694977,2.0550129413604736,0.5177209377288818,0.6786724925041199,2.1470894813537598,0.27663829922676086,0.5074710845947266,2.133258581161499,0.5413410067558289,0.5981857776641846,2.1848254203796387,-0.0017239972949028015,0.4239412248134613,2.214909553527832,0.3038780093193054,0.45063228106521297,0
2026-09-21T21:54:30.970834,S006,S006_A1_O_20260921_2154,front,A1,older,class_0,0.5324008464813232,0.41313210129737854,-0.5552371740341187,0.5750044584274292,0.3341507017612457,-0.532136082649231,0.5937715768814087,0.33791494369506836,-0.5325062274932861,0.6127999424934387,0.3433803915977478,-0.5327533483505249,0.5121198892593384,0.33840957283973694,-0.509361207485199,0.49142369627952576,0.34591710567474365,-0.5093289017677307,0.47269493341445923,0.35411933064460754,-0.5098135471343994,0.6391192674636841,0.3764288127422333,-0.2736864984035492,0.46201053261756897,0.3772931396961212,-0.17136147618293762,0.5774734020233154,0.49625352025032043,-0.4399387240409851,0.5365127325057983,0.46445944905281067,-0.4125921130180359,0.7171297669410706,0.6355441808700562,-0.3075864911079407,0.4316975474357605,0.6255033016204834,0.1872580349445343,0.7321996092796326,0.9496373534202576,-0.5707142353057861,0.3566390872001648,0.9086825251579285,0.05035639926791191,0.5463587045669556,0.8398230075836182,-0.7324734926223755,0.3988683521747589,0.7616645693778992,-0.26563528180122375,0.49795621633529663,0.8251292109489441,-0.7955939173698425,0.4036179184913635,0.7424085736274719,-0.2904910743236542,0.5051984786987305,0.7692187428474426,-0.7489764094352722,0.39096206426620483,0.7029731273651123,-0.28732195496559143,0.5172082185745239,0.7801529765129089,-0.7128955125808716,0.3955163061618805,0.7170435190200806,-0.27489393949508667,0.6803313493728638,1.3956273794174194,-0.18979176878929138,0.4911826550960541,1.3859751224517822,0.19209729135036469,0.6510393619537354,1.4609628915786743,-0.2688462436199188,0.41327133774757385,1.4276093244552612,0.1648191213607788,0.656213641166687,1.940024733543396,0.24191084504127502,0.49697795510292053,1.9190318584442139,0.5466101765632629,0.6778775453567505,2.0269362926483154,0.27941861748695374,0.5216229557991028,1.9925352334976196,0.577038049697876,0.5995028018951416,2.041809558868408,0.014038853347301483,0.43524169921875,2.060950994491577,0.36397165060043335,0.45323326565663924,0
2026-09-21T21:54:31.027002,S006,S006_A1_O_20260921_2154,front,A1,older,class_0,0.5354939699172974,0.4131633937358856,-0.5345953702926636,0.5759007334709167,0.3347107768058777,-0.5138329863548279,0.595577597618103,0.3384981155395508,-0.5142102241516113,0.6139601469039917,0.34365540742874146,-0.5144528746604919,0.5162836909294128,0.3383530378341675,-0.4922729432582855,0.49778303503990173,0.34564337134361267,-0.4922720491886139,0.48136061429977417,0.35399311780929565,-0.4928623139858246,0.6408290266990662,0.3764082193374634,-0.26014089584350586,0.4696164131164551,0.37683722376823425,-0.16007409989833832,0.5794760584831238,0.49508851766586304,-0.41971421241760254,0.5279251337051392,0.4662478566169739,-0.39367371797561646,0.7237848043441772,0.6365078091621399,-0.25562575459480286,0.46151202917099,0.6240370869636536,0.1858178675174713,0.7447165250778198,0.9469408392906189,-0.5135406851768494,0.39542296528816223,0.9031893610954285,0.09955098479986191,0.5729334354400635,0.8136289119720459,-0.6992409229278564,0.42397624254226685,0.7461207509040833,-0.07628965377807617,0.5247048139572144,0.7925759553909302,-0.7600767016410828,0.4266641139984131,0.7250469923019409,-0.0877033993601799,0.5372525453567505,0.7461289167404175,-0.716340959072113,0.4131545126438141,0.6843099594116211,-0.09300905466079712,0.5485414266586304,0.7582886219024658,-0.6830852031707764,0.4148116707801819,0.6989728212356567,-0.08668392896652222,0.7053057551383972,1.3943984508514404,-0.18764440715312958,0.5204949378967285,1.3850821256637573,0.19000741839408875,0.6609044671058655,1.4953192472457886,-0.30458950996398926,0.4361991286277771,1.4763621091842651,0.126118466258049,0.667224109172821,2.0118191242218018,0.15377803146839142,0.5088585615158081,2.004625082015991,0.45380082726478577,0.6894749402999878,2.0981528759002686,0.18510642647743225,0.532037079334259,2.0812745094299316,0.47500842809677124,0.6114972829818726,2.1355834007263184,-0.10878461599349976,0.45491155982017517,2.161400079727173,0.23336486518383026,0.4538480146421176,0
2026-09-21T21:54:31.080673,S006,S006_A1_O_20260921_2154,front,A1,older,class_0,0.5389205813407898,0.4157727062702179,-0.6267517805099487,0.5764094591140747,0.3384757936000824,-0.6140831708908081,0.5962721705436707,0.34266531467437744,-0.614424467086792,0.6142536401748657,0.3478034436702728,-0.6146759390830994,0.5202071070671082,0.33997341990470886,-0.591312825679779,0.5030956864356995,0.3460474908351898,-0.5913273692131042,0.4859529435634613,0.353794664144516,-0.5919694304466248,0.6424527764320374,0.38049134612083435,-0.37566977739334106,0.47513848543167114,0.37672320008277893,-0.26850974559783936,0.5801263451576233,0.4965410530567169,-0.5163305997848511,0.5233587622642517,0.46952250599861145,-0.48799052834510803,0.7268637418746948,0.6387214660644531,-0.34868839383125305,0.47124800086021423,0.6226640343666077,0.07474774122238159,0.7390910387039185,0.9696680307388306,-0.5557323694229126,0.41680288314819336,0.90296471118927,0.17670698463916779,0.5738755464553833,0.7675093412399292,-0.6880720257759094,0.45761042833328247,0.7299469113349915,0.23759615421295166,0.5309448838233948,0.7180158495903015,-0.7280805110931396,0.4673025608062744,0.7031399607658386,0.2574757933616638,0.5451647639274597,0.6702751517295837,-0.6683210134506226,0.4544842839241028,0.6658751368522644,0.25307369232177734,0.5535929799079895,0.6907923817634583,-0.6745098233222961,0.4537387490272522,0.6808351874351501,0.23347792029380798,0.7101351022720337,1.3955012559890747,-0.184732586145401,0.5219961404800415,1.384403944015503,0.1870974600315094,0.6609422564506531,1.5274609327316284,-0.2998853921890259,0.44244128465652466,1.5067657232284546,0.13203540444374084,0.6659067869186401,2.055556058883667,0.17388710379600525,0.5008703470230103,2.0494816303253174,0.49951380491256714,0.6881948709487915,2.148172616958618,0.20652642846107483,0.5219582319259644,2.129967451095581,0.5229112505912781,0.6110638976097107,2.1671125888824463,-0.09040198475122452,0.441733181476593,2.2193312644958496,0.2492610663175583,0.45368222265758296,0
2026-09-21T21:54:31.144450,S006,S006_A1_O_20260921_2154,front,A1,older,class_0,0.5569769144058228,0.4161781072616577,-0.6425906419754028,0.5895167589187622,0.33969953656196594,-0.6225577592849731,0.6067270040512085,0.34440135955810547,-0.6227654218673706,0.6227442026138306,0.34982872009277344,-0.6229196786880493,0.536207377910614,0.3394818902015686,-0.6130679845809937,0.515993595123291,0.3442653715610504,-0.6131327152252197,0.4979998469352722,0.3500947654247284,-0.6137054562568665,0.6462658643722534,0.3821779191493988,-0.3573102355003357,0.47697514295578003,0.3747447431087494,-0.3131212294101715,0.5934889316558838,0.4965270459651947,-0.5220741033554077,0.526155412197113,0.47037389874458313,-0.5114927887916565,0.7294482588768005,0.6398689150810242,-0.29091212153434753,0.48842906951904297,0.6226912140846252,-0.03621320053935051,0.7460978627204895,0.9651223421096802,-0.4654533863067627,0.44679149985313416,0.8803737759590149,0.026936370879411697,0.5891119241714478,0.7543375492095947,-0.5182546377182007,0.49139395356178284,0.7009770274162292,0.061271023005247116,0.5504516363143921,0.7089661955833435,-0.5473232269287109,0.5026416778564453,0.6737947463989258,0.06750728189945221,0.5599764585494995,0.6648975014686584,-0.49502116441726685,0.48985522985458374,0.6386167407035828,0.06046196073293686,0.5667420625686646,0.6845014691352844,-0.49768486618995667,0.48745137453079224,0.6537603735923767,0.055616337805986404,0.7120471596717834,1.3953852653503418,-0.11616679280996323,0.5351431965827942,1.3850229978561401,0.1179279312491417,0.667983889579773,1.4861794710159302,-0.20530998706817627,0.49433866143226624,1.4063011407852173,0.051131825894117355,0.6659690141677856,1.927660346031189,0.3056095242500305,0.5256777405738831,1.8974426984786987,0.4788689613342285,0.6862218976020813,2.0075879096984863,0.3460427522659302,0.5342706441879272,1.9705958366394043,0.5118787884712219,0.6217126250267029,2.0259485244750977,0.11734332144260406,0.49349579215049744,2.0434377193450928,0.2860468029975891,0.4538957754883802,0
2026-09-21T21:54:31.195206,S006,S006_A1_O_20260921_2154,front,A1,older,class_0,0.556184709072113,0.42504435777664185,-0.8580092191696167,0.5886819362640381,0.3406819999217987,-0.8477870225906372,0.6061450242996216,0.3444625735282898,-0.8479758501052856,0.6224895715713501,0.3497958183288574,-0.8482227325439453,0.5353089570999146,0.3452397882938385,-0.8235526084899902,0.5150124430656433,0.3527683913707733,-0.8236028552055359,0.49783235788345337,0.3596956133842468,-0.8242038488388062,0.6490285396575928,0.3811661899089813,-0.5840704441070557,0.4765607416629791,0.37940701842308044,-0.4689791202545166,0.5926219820976257,0.5005590915679932,-0.733757734298706,0.5516846776008606,0.4820222854614258,-0.703381359577179,0.7386372685432434,0.6512638926506042,-0.5386909246444702,0.48414960503578186,0.6273807287216187,-0.08652748167514801,0.7490522861480713,0.9937229752540588,-0.7236427664756775,0.41967812180519104,0.8778929114341736,0.0034286021254956722,0.5398937463760376,0.7624938488006592,-0.7253051996231079,0.4429613947868347,0.698844850063324,-7.347330392803997e-05,0.47479310631752014,0.7173280715942383,-0.7594854831695557,0.44794338941574097,0.670352578163147,-0.000829528842587024,0.4751935601234436,0.6215788722038269,-0.6949684023857117,0.4321819841861725,0.6352059245109558,-0.0013531155418604612,0.5099263191223145,0.68074631690979,-0.6928975582122803,0.4353713095188141,0.6512658596038818,-0.006064210087060928,0.7196008563041687,1.4107091426849365,-0.1645447164773941,0.5296250581741333,1.393973708152771,0.16639123857021332,0.6699274778366089,1.5110002756118774,-0.23684124648571014,0.473008930683136,1.4344382286071777,0.2223753035068512,0.6676425933837891,1.9806236028671265,0.30140599608421326,0.5213394165039062,1.968839168548584,0.7305792570114136,0.6902270913124084,2.0616917610168457,0.3460767865180969,0.5325222015380859,2.0458478927612305,0.7724642753601074,0.6143164038658142,2.0950653553009033,0.06142035126686096,0.4739781320095062,2.123286485671997,0.5232077240943909,0.4560294102764491,0
2026-09-21T21:54:31.267710,S006,S006_A1_O_20260921_2154,front,A1,older,class_0,0.5557367205619812,0.42959973216056824,-0.7314807176589966,0.5884411334991455,0.3426705300807953,-0.7184146642684937,0.6057977676391602,0.3456914722919464,-0.7187706232070923,0.6222354769706726,0.3504275977611542,-0.7190371751785278,0.5349846482276917,0.3479343354701996,-0.6924082636833191,0.5148430466651917,0.35523030161857605,-0.6923917531967163,0.4967319369316101,0.36182844638824463,-0.6930280327796936,0.6506385803222656,0.38127368688583374,-0.4648783802986145,0.47719091176986694,0.38157957792282104,-0.3464434742927551,0.5920364260673523,0.5049492716789246,-0.614869236946106,0.5641483068466187,0.490246444940567,-0.5820768475532532,0.7466898560523987,0.662439227104187,-0.4541938900947571,0.4873415529727936,0.6433177590370178,-0.02189398929476738,0.7415663599967957,1.0002366304397583,-0.6548439264297485,0.42670589685440063,0.8921617269515991,0.14474651217460632,0.5400763154029846,0.7605388164520264,-0.6589459180831909,0.45471692085266113,0.7033652663230896,0.16393350064754486,0.48250827193260193,0.7105175256729126,-0.6795957684516907,0.4589674472808838,0.6733009219169617,0.17650192975997925,0.49763768911361694,0.6506865620613098,-0.6084413528442383,0.4452590048313141,0.63962322473526,0.19007787108421326,0.5169726610183716,0.683380126953125,-0.6193127632141113,0.4499754011631012,0.6563524007797241,0.1628197878599167,0.7370848655700684,1.4290885925292969,-0.20981016755104065,0.5397976636886597,1.4120022058486938,0.21204833686351776,0.6846209764480591,1.7283085584640503,-0.26370978355407715,0.4844491481781006,1.6627082824707031,0.3194122910499573,0.6944653391838074,2.2473931312561035,0.29767298698425293,0.5264249444007874,2.2454779148101807,0.7335193753242493,0.722275972366333,2.3345696926116943,0.3434946835041046,0.5450616478919983,2.3288912773132324,0.7628953456878662,0.6235814094543457,2.3806662559509277,-0.025353088974952698,0.4699915945529938,2.4323770999908447,0.46714481711387634,0.4565927569443981,0
2026-09-21T21:54:31.329128,S006,S006_A1_O_20260921_2154,front,A1,older,class_0,0.5548340678215027,0.43501704931259155,-0.7000911831855774,0.5881948471069336,0.34688907861709595,-0.7045572996139526,0.6061235666275024,0.34813547134399414,-0.7055492997169495,0.6229432225227356,0.351327508687973,-0.7061141133308411,0.5338574051856995,0.3535138666629791,-0.6695412993431091,0.5144189596176147,0.359601229429245,-0.6694182753562927,0.49655500054359436,0.3653632700443268,-0.669889509677887,0.6510525941848755,0.3811923563480377,-0.3422040343284607,0.47130924463272095,0.38681426644325256,-0.30263155698776245,0.592305064201355,0.5088937282562256,-0.5902408361434937,0.5411202907562256,0.5000709891319275,-0.5613337159156799,0.7485039830207825,0.6728697419166565,-0.23018161952495575,0.4642450213432312,0.6498056650161743,-0.005468087270855904,0.8215535283088684,0.9962700009346008,-0.42306065559387207,0.40845027565956116,0.9158952236175537,0.019521014764904976,0.6787516474723816,0.9370563626289368,-0.5476700663566589,0.43676096200942993,0.7231806516647339,-0.182743102312088,0.643095850944519,0.9309046268463135,-0.588301956653595,0.44118237495422363,0.6870316863059998,-0.21275213360786438,0.6456109881401062,0.8832294940948486,-0.5397582650184631,0.4302414357662201,0.6521576642990112,-0.197882741689682,0.6473357081413269,0.8896484375,-0.529382586479187,0.4367429316043854,0.6725949048995972,-0.18860794603824615,0.7322663068771362,1.4438133239746094,-0.20334777235984802,0.525326132774353,1.4281179904937744,0.20542407035827637,0.6832786798477173,1.8148179054260254,-0.19872477650642395,0.48397284746170044,1.7826881408691406,0.3000252842903137,0.7054560780525208,2.3414907455444336,0.3374679982662201,0.5228081941604614,2.3458797931671143,0.6570274233818054,0.7340319752693176,2.4300355911254883,0.37329572439193726,0.5416632294654846,2.4303395748138428,0.6829178929328918,0.6392149925231934,2.4868271350860596,0.017677558586001396,0.4674258828163147,2.528416395187378,0.4072437286376953,0.45678169370600674,0
2026-09-21T21:54:31.390955,S006,S006_A1_O_20260921_2154,front,A1,older,class_0,0.5526422262191772,0.43569761514663696,-0.8171631097793579,0.5880386829376221,0.34712129831314087,-0.7990381121635437,0.6059042811393738,0.34823042154312134,-0.7994533777236938,0.6227924823760986,0.3512781262397766,-0.7997639775276184,0.5326391458511353,0.3536035418510437,-0.7768561840057373,0.5123664140701294,0.3592625856399536,-0.7768785953521729,0.49489516019821167,0.36473986506462097,-0.7774713635444641,0.6510934829711914,0.3809005320072174,-0.5000353455543518,0.4700259268283844,0.386330246925354,-0.40433353185653687,0.5899197459220886,0.5088604092597961,-0.6887373328208923,0.5197652578353882,0.500169575214386,-0.6617558598518372,0.7503787279129028,0.6751698851585388,-0.4122107923030853,0.4612483084201813,0.6496707201004028,-0.03764922544360161,0.8171283602714539,0.9780248999595642,-0.6243900656700134,0.4035225808620453,0.9090481996536255,0.03854382783174515,0.6193925142288208,0.8619817495346069,-0.7148299217224121,0.41504812240600586,0.7127951383590698,0.006086199544370174,0.5549976229667664,0.8237398862838745,-0.7613093852996826,0.41748523712158203,0.676715075969696,0.008039036765694618,0.56820148229599,0.7701241970062256,-0.6956188082695007,0.40165606141090393,0.6428558826446533,0.004063515458256006,0.5800524950027466,0.7828191518783569,-0.6871230602264404,0.4088960289955139,0.6621367931365967,-0.0020789424888789654,0.7333057522773743,1.443066954612732,-0.19814962148666382,0.5239202380180359,1.4280494451522827,0.20030029118061066,0.683006227016449,1.7486566305160522,-0.2301468402147293,0.48220062255859375,1.7310569286346436,0.3107810616493225,0.7097019553184509,2.2833895683288574,0.3130015730857849,0.5207372903823853,2.288900852203369,0.7306597828865051,0.7389779686927795,2.3750789165496826,0.34828221797943115,0.5401579141616821,2.370380163192749,0.7602701783180237,0.6439031958580017,2.4241960048675537,-0.012326227501034737,0.4661770462989807,2.4720988273620605,0.43383437395095825,0.4580856047740037,0
2026-09-21T21:54:31.473369,S006,S006_A1_O_20260921_2154,front,A1,older,class_0,0.54825359582901,0.4357186555862427,-1.0517852306365967,0.5877110958099365,0.34704700112342834,-1.034651517868042,0.6057662963867188,0.3482092618942261,-1.0349911451339722,0.622681736946106,0.35113534331321716,-1.0353535413742065,0.5294331312179565,0.35330134630203247,-1.007873296737671,0.5105856657028198,0.3591015934944153,-1.0079339742660522,0.49162039160728455,0.36454787850379944,-1.0084587335586548,0.6518516540527344,0.38053837418556213,-0.7219926714897156,0.4685691297054291,0.38613179326057434,-0.5932866334915161,0.5856131315231323,0.5087360143661499,-0.912842869758606,0.507276177406311,0.49931398034095764,-0.8790332674980164,0.7532516121864319,0.6893335580825806,-0.5864618420600891,0.44325312972068787,0.6484140157699585,-0.16974948346614838,0.8452418446540833,0.9780776500701904,-0.8404339551925659,0.3759597837924957,0.9121444821357727,-0.16237995028495789,0.6078130006790161,0.8581960201263428,-0.974218487739563,0.39997580647468567,0.7186717987060547,-0.400590181350708,0.5354380011558533,0.8048179149627686,-1.023313045501709,0.4075966477394104,0.6788531541824341,-0.41839608550071716,0.5508110523223877,0.7436997294425964,-0.9378682971000671,0.3895009160041809,0.6451558470726013,-0.4014498293399811,0.564913809299469,0.7604367733001709,-0.9369274377822876,0.3966529965400696,0.6655206680297852,-0.4040699899196625,0.7309635281562805,1.4452301263809204,-0.1942220777273178,0.5090378522872925,1.430335521697998,0.19630518555641174,0.6826598048210144,1.8384960889816284,-0.11421363055706024,0.48446664214134216,1.8326219320297241,0.47765034437179565,0.7168089151382446,2.3721909523010254,0.529833197593689,0.5193138718605042,2.3780312538146973,0.9800935983657837,0.7447100877761841,2.4594461917877197,0.5749175548553467,0.5398067831993103,2.4572207927703857,1.01716947555542,0.6549999117851257,2.5255160331726074,0.1690196692943573,0.4693527817726135,2.56169056892395,0.6248506307601929,0.460620472884991,0
2026-09-21T21:54:31.523269,S006,S006_A1_O_20260921_2154,front,A1,older,class_0,0.5466091632843018,0.4357852637767792,-1.1308486461639404,0.5875672101974487,0.34709376096725464,-1.1194360256195068,0.605586588382721,0.3482002019882202,-1.119672179222107,0.6227139234542847,0.3510962724685669,-1.119977355003357,0.5277267098426819,0.3530362844467163,-1.0904099941253662,0.5097976326942444,0.358868271112442,-1.090465784072876,0.4902239739894867,0.3641708493232727,-1.09096097946167,0.6527010798454285,0.3798990845680237,-0.8107924461364746,0.46773290634155273,0.38506948947906494,-0.6735094785690308,0.5839065313339233,0.5089610815048218,-0.9910243153572083,0.5028343796730042,0.4989519715309143,-0.9549219012260437,0.7545364499092102,0.6946908235549927,-0.6712811589241028,0.428814560174942,0.6477051973342896,-0.23702923953533173,0.8320057988166809,0.9782100319862366,-0.935880184173584,0.34118232131004333,0.9108511805534363,-0.2866974174976349,0.5883558392524719,0.84203040599823,-1.055387258529663,0.37157750129699707,0.7234503626823425,-0.5934263467788696,0.5122729539871216,0.7806829810142517,-1.1012376546859741,0.379472941160202,0.6826809644699097,-0.6150428056716919,0.5282069444656372,0.7161165475845337,-1.0070552825927734,0.36513271927833557,0.6513230800628662,-0.5883595943450928,0.5442636609077454,0.7356274724006653,-1.0130772590637207,0.3734143376350403,0.6719123721122742,-0.5942223072052002,0.7306629419326782,1.4439277648925781,-0.19188788533210754,0.4934140145778656,1.4278417825698853,0.19392582774162292,0.6764845848083496,1.8148324489593506,-0.13158521056175232,0.4806970953941345,1.8180428743362427,0.46803775429725647,0.7129448652267456,2.3619909286499023,0.5129884481430054,0.5052610635757446,2.3663151264190674,0.9876408576965332,0.7401465773582458,2.4515914916992188,0.5590980648994446,0.5221986174583435,2.4451487064361572,1.0273674726486206,0.6519541144371033,2.521364450454712,0.14969906210899353,0.4627378582954407,2.5544331073760986,0.6279703378677368,0.46272896300775535,0
2026-09-21T21:54:31.569356,S006,S006_A1_O_20260921_2154,front,A1,older,class_0,0.5449377298355103,0.43561407923698425,-1.1801340579986572,0.5872483253479004,0.3470015227794647,-1.1610769033432007,0.6054271459579468,0.3481375277042389,-1.1613433361053467,0.6227155327796936,0.3509356677532196,-1.1616884469985962,0.5250592827796936,0.3518977761268616,-1.139904260635376,0.507573127746582,0.35616105794906616,-1.1400163173675537,0.48695802688598633,0.35980382561683655,-1.1405094861984253,0.6529985666275024,0.3794790506362915,-0.8151750564575195,0.4641752243041992,0.3788224160671234,-0.7145932912826538,0.5816312432289124,0.5094320178031921,-1.0262556076049805,0.49829620122909546,0.49852630496025085,-1.0007330179214478,0.7543047666549683,0.6948827505111694,-0.6326311230659485,0.4100721478462219,0.6430210471153259,-0.2635398507118225,0.8474483489990234,0.9780553579330444,-0.8953588604927063,0.30673354864120483,0.9048851728439331,-0.336093008518219,0.6040143370628357,0.8553754091262817,-1.119799256324768,0.31214606761932373,0.7235575914382935,-0.712826132774353,0.5252318382263184,0.8025721311569214,-1.180487036705017,0.309494286775589,0.6842647194862366,-0.7481792569160461,0.5373666882514954,0.7338874936103821,-1.0971306562423706,0.29935964941978455,0.6518768668174744,-0.7346815466880798,0.5522630214691162,0.7515967488288879,-1.0851420164108276,0.31209295988082886,0.6725006699562073,-0.7200548648834229,0.7187259197235107,1.4444726705551147,-0.17994512617588043,0.47552943229675293,1.4272096157073975,0.1820666640996933,0.6739771366119385,1.8107386827468872,-0.1158064603805542,0.4649592339992523,1.8044930696487427,0.4377053380012512,0.7111574411392212,2.3428101539611816,0.588910698890686,0.4887104630470276,2.34472918510437,0.9962974786758423,0.7381665706634521,2.429640054702759,0.6419485807418823,0.5050959587097168,2.421828508377075,1.0406835079193115,0.6507984399795532,2.5022928714752197,0.2418651133775711,0.45035019516944885,2.5349669456481934,0.6542140245437622,0.46602698508650064,0
2026-09-21T21:54:31.620451,S006,S006_A1_O_20260921_2154,front,A1,older,class_0,0.5427299737930298,0.4357796013355255,-1.094847321510315,0.5858457088470459,0.3469542860984802,-1.0840615034103394,0.6050542593002319,0.3481074273586273,-1.084099531173706,0.6224852204322815,0.35068023204803467,-1.08430016040802,0.5219705700874329,0.351803183555603,-1.0646833181381226,0.5049090385437012,0.35573428869247437,-1.0648176670074463,0.4835960865020752,0.35873594880104065,-1.065341591835022,0.6529678702354431,0.37876996397972107,-0.7693654298782349,0.4629599153995514,0.37632086873054504,-0.6820582747459412,0.5794746279716492,0.5105580687522888,-0.9478662610054016,0.49741941690444946,0.49900975823402405,-0.9258677363395691,0.7536684274673462,0.6923207640647888,-0.6353429555892944,0.41091933846473694,0.6260735988616943,-0.25932806730270386,0.7800663113594055,1.0027709007263184,-0.8175649642944336,0.2895286977291107,0.8457108736038208,-0.30926427245140076,0.5206198692321777,0.8152844905853271,-0.9484384655952454,0.2592049539089203,0.7127512693405151,-0.5772649645805359,0.43965744972229004,0.7660242319107056,-1.005236268043518,0.24389255046844482,0.6833283305168152,-0.6018730998039246,0.4573959708213806,0.6971846222877502,-0.9350117444992065,0.23639795184135437,0.6508517861366272,-0.6076169013977051,0.4751121401786804,0.7155798077583313,-0.919986367225647,0.25058668851852417,0.6701927781105042,-0.591446578502655,0.7063814997673035,1.4433574676513672,-0.17811623215675354,0.47833091020584106,1.4201451539993286,0.18004219233989716,0.6638312935829163,1.534019947052002,-0.21746809780597687,0.42811235785484314,1.5190551280975342,0.22304043173789978,0.6855888962745667,2.0353591442108154,0.41635236144065857,0.4896257817745209,2.0083630084991455,0.8564866185188293,0.7112448215484619,2.126490592956543,0.4720224440097809,0.5100721716880798,2.078383684158325,0.9461959600448608,0.6219626665115356,2.150947332382202,0.2256891429424286,0.44296637177467346,2.1641948223114014,0.5666542053222656,0.4710403734987432,0
2026-09-21T21:54:31.670411,S006,S006_A1_O_20260921_2154,front,A1,older,class_0,0.5415880084037781,0.4325428307056427,-0.81245356798172,0.5844112038612366,0.34599366784095764,-0.7975185513496399,0.6033545136451721,0.346833735704422,-0.7977746725082397,0.621529221534729,0.34895560145378113,-0.7979825735092163,0.5218061804771423,0.35146740078926086,-0.7675052285194397,0.5047737956047058,0.3556738495826721,-0.7674940824508667,0.4835103452205658,0.3586152195930481,-0.7680463194847107,0.6520335674285889,0.3772691488265991,-0.5284087657928467,0.467024564743042,0.37658587098121643,-0.3861686587333679,0.5791047811508179,0.5082796812057495,-0.6881166696548462,0.4988645613193512,0.49774855375289917,-0.6498919129371643,0.7533324360847473,0.6832857728004456,-0.533271312713623,0.4474453032016754,0.6260947585105896,0.011486350558698177,0.7408607006072998,0.9991655349731445,-0.6785521507263184,0.37217146158218384,0.8517982363700867,0.11477599292993546,0.5069504976272583,0.790571928024292,-0.707198441028595,0.34410029649734497,0.7132121324539185,0.016832437366247177,0.43933647871017456,0.7466230988502502,-0.7652499675750732,0.3272968530654907,0.6843088269233704,0.011393438093364239,0.45788612961769104,0.6857683658599854,-0.7194885015487671,0.31379711627960205,0.6513782739639282,-0.01583445444703102,0.4746728837490082,0.7030280828475952,-0.686876118183136,0.3241114318370819,0.669609010219574,-0.004215697292238474,0.7169080972671509,1.4371733665466309,-0.20545890927314758,0.5123628973960876,1.4132193326950073,0.2079305350780487,0.6640231013298035,1.5882840156555176,-0.3126979470252991,0.4515121579170227,1.5602977275848389,0.24970364570617676,0.6856777667999268,2.099515438079834,0.22148080170154572,0.5095423460006714,2.0811686515808105,0.6979660391807556,0.711408257484436,2.1895108222961426,0.2600465714931488,0.5337707996368408,2.1583800315856934,0.7322473526000977,0.6197373867034912,2.220569133758545,-0.05787389725446701,0.44477254152297974,2.240100622177124,0.43266230821609497,0.4704322436203559,0
2026-09-21T21:54:31.722566,S006,S006_A1_O_20260921_2154,front,A1,older,class_0,0.5406664609909058,0.43141964077949524,-0.7640573382377625,0.5831912755966187,0.34588155150413513,-0.7375555038452148,0.6024116277694702,0.3467697203159332,-0.7381221055984497,0.6212214231491089,0.3489374816417694,-0.7384809255599976,0.5210621953010559,0.3512743413448334,-0.7152236700057983,0.5034893155097961,0.3555261790752411,-0.7152010202407837,0.48345524072647095,0.3584384620189667,-0.7158631086349487,0.6520177125930786,0.3775017559528351,-0.43672800064086914,0.46683597564697266,0.37906983494758606,-0.3267512321472168,0.5785170793533325,0.5082355737686157,-0.6335399150848389,0.49839648604393005,0.4975639879703522,-0.6046158671379089,0.7543148994445801,0.6891199946403503,-0.38287320733070374,0.4474177360534668,0.6370036005973816,0.04429269954562187,0.7747699022293091,0.9755532145500183,-0.6059115529060364,0.3887511193752289,0.8826344013214111,0.07209604978561401,0.5739105939865112,0.8301717638969421,-0.7344136834144592,0.3948970437049866,0.7227560877799988,-0.11989258229732513,0.5205701589584351,0.7994965314865112,-0.7935191988945007,0.3953969180583954,0.695616602897644,-0.13893236219882965,0.5350455045700073,0.7397962212562561,-0.7402529120445251,0.3761117160320282,0.6594417095184326,-0.15191522240638733,0.5459074378013611,0.7518855929374695,-0.7129486203193665,0.38169118762016296,0.6759814023971558,-0.13658973574638367,0.7191215753555298,1.4443122148513794,-0.20129819214344025,0.5113298892974854,1.426669716835022,0.20375172793865204,0.666189968585968,1.8006548881530762,-0.22781160473823547,0.4716230034828186,1.7797871828079224,0.3706805408000946,0.7038119435310364,2.3447182178497314,0.3205231726169586,0.5140374302864075,2.3412253856658936,0.7411189079284668,0.731939435005188,2.436448812484741,0.3485094904899597,0.535423219203949,2.4245080947875977,0.7614454030990601,0.6449358463287354,2.4845499992370605,-0.022069385275244713,0.4605329930782318,2.519648313522339,0.4283842444419861,0.4690754779924949,0
2026-09-21T21:54:31.779207,S006,S006_A1_O_20260921_2154,front,A1,older,class_0,0.5398690104484558,0.4313744902610779,-0.784350574016571,0.5819493532180786,0.34630683064460754,-0.7542000412940979,0.6016169786453247,0.3472879230976105,-0.7543653249740601,0.6204444169998169,0.3492933511734009,-0.7546491026878357,0.5194702744483948,0.35111597180366516,-0.7442692518234253,0.5029499530792236,0.35540512204170227,-0.7443044781684875,0.4833267331123352,0.3583887815475464,-0.744843602180481,0.6518105864524841,0.37781113386154175,-0.4725460112094879,0.4666678011417389,0.37958747148513794,-0.369381844997406,0.5780312418937683,0.5088921189308167,-0.6350412964820862,0.4980081617832184,0.4974049925804138,-0.6273232698440552,0.7539883852005005,0.6883652806282043,-0.474170058965683,0.4470265805721283,0.6441174149513245,0.012271976098418236,0.7512352466583252,1.0165339708328247,-0.6370431184768677,0.3852902352809906,0.9090508818626404,0.05932469293475151,0.5225447416305542,0.8300949931144714,-0.7218645811080933,0.3829277753829956,0.746536374092102,-0.13061483204364777,0.454089879989624,0.7991134524345398,-0.7747520208358765,0.37818577885627747,0.7204540371894836,-0.14911524951457977,0.47287505865097046,0.739702045917511,-0.7193698883056641,0.3600119948387146,0.6820327043533325,-0.16026706993579865,0.4910600185394287,0.7513355016708374,-0.6962990760803223,0.3691953420639038,0.6971933841705322,-0.14688481390476227,0.7194604873657227,1.4500914812088013,-0.20707249641418457,0.5109682679176331,1.4320812225341797,0.20946833491325378,0.66617751121521,1.8134413957595825,-0.2276807576417923,0.47368431091308594,1.7851959466934204,0.44184622168540955,0.7055627703666687,2.353196144104004,0.33440545201301575,0.513790488243103,2.3482933044433594,0.8580572009086609,0.7351440191268921,2.4443392753601074,0.36271676421165466,0.5345735549926758,2.4326331615448,0.885021984577179,0.6440551280975342,2.4931528568267822,-0.0005668710800819099,0.4579339027404785,2.5268287658691406,0.5249584317207336,0.4698645020693992,0
2026-09-21T21:54:31.846773,S006,S006_A1_O_20260921_2154,front,A1,older,class_0,0.5383625030517578,0.4377947747707367,-0.9951578378677368,0.5805625915527344,0.35019636154174805,-0.9902207255363464,0.6010932922363281,0.3506927788257599,-0.9902831315994263,0.6197384595870972,0.3517790138721466,-0.990516185760498,0.5170329809188843,0.3538111746311188,-0.9645146131515503,0.5011026859283447,0.3567861020565033,-0.9646073579788208,0.48118048906326294,0.35915833711624146,-0.9651325345039368,0.6504162549972534,0.3777841627597809,-0.7090540528297424,0.46642351150512695,0.3790965676307678,-0.5835692882537842,0.5747204422950745,0.513323962688446,-0.8565762639045715,0.4976397156715393,0.5003529787063599,-0.8261721730232239,0.7529088258743286,0.6806990504264832,-0.644166111946106,0.43634071946144104,0.6302571892738342,-0.14840194582939148,0.7260367274284363,1.0129475593566895,-0.774413526058197,0.3226812481880188,0.8526917695999146,-0.1571415364742279,0.48253774642944336,0.7665672898292542,-0.7337488532066345,0.33092576265335083,0.7174400687217712,-0.339074045419693,0.408331960439682,0.7226659059524536,-0.7737399935722351,0.32781508564949036,0.6967706084251404,-0.35056236386299133,0.38364920020103455,0.6090359091758728,-0.7116457223892212,0.3209066092967987,0.664032518863678,-0.34165430068969727,0.44791561365127563,0.6813465356826782,-0.702852725982666,0.32996833324432373,0.6789343953132629,-0.3463152050971985,0.7122566103935242,1.4470202922821045,-0.20588143169879913,0.5037642121315002,1.4213954210281372,0.20813922584056854,0.6525043249130249,1.5905547142028809,-0.26534372568130493,0.43083280324935913,1.5663763284683228,0.3624592423439026,0.6889790296554565,2.1126487255096436,0.3138543963432312,0.5099144577980042,2.0798251628875732,0.8657970428466797,0.7212028503417969,2.2079813480377197,0.3540741205215454,0.5341768860816956,2.152297019958496,0.9105474352836609,0.6174834370613098,2.2301323413848877,0.00871032290160656,0.44403815269470215,2.246926784515381,0.6363791823387146,0.4713656971739097,0
2026-09-21T21:54:31.900674,S006,S006_A1_O_20260921_2154,front,A1,older,class_0,0.5381864309310913,0.43761906027793884,-0.9555422067642212,0.5802592039108276,0.3501676917076111,-0.9595364332199097,0.6008332967758179,0.35067757964134216,-0.9594475626945496,0.6193979978561401,0.35174742341041565,-0.9594945907592773,0.5164045691490173,0.35373327136039734,-0.9241045117378235,0.5008253455162048,0.3564050495624542,-0.924126148223877,0.4808403551578522,0.3583925664424896,-0.9246536493301392,0.6499729752540588,0.3776267468929291,-0.6777864098548889,0.4663695693016052,0.3786785900592804,-0.5488861203193665,0.5746793746948242,0.5132741332054138,-0.8300108909606934,0.49774742126464844,0.5001989006996155,-0.7864425778388977,0.7526363730430603,0.6770967841148376,-0.5837610960006714,0.4372762143611908,0.630324125289917,-0.11953462660312653,0.729978621006012,1.0083671808242798,-0.7580106258392334,0.335021048784256,0.8571212291717529,-0.014723588712513447,0.48101121187210083,0.7612174153327942,-0.7404085397720337,0.3550967574119568,0.7180026769638062,-0.08164146542549133,0.407487690448761,0.7190611362457275,-0.7844339609146118,0.3565284311771393,0.6980817914009094,-0.08418730646371841,0.3739321827888489,0.5821071267127991,-0.7229851484298706,0.34570077061653137,0.6659210324287415,-0.08917146176099777,0.4461847245693207,0.6803029179573059,-0.710519015789032,0.3516243100166321,0.6802449822425842,-0.0926886722445488,0.7127003073692322,1.4462577104568481,-0.20623168349266052,0.5042186379432678,1.420580267906189,0.2085520476102829,0.6534343957901001,1.6174392700195312,-0.31682246923446655,0.43516165018081665,1.596300721168518,0.3164169192314148,0.6890465617179871,2.1441988945007324,0.22726598381996155,0.5097063183784485,2.1231610774993896,0.7645984888076782,0.7212976813316345,2.2375106811523438,0.2668021321296692,0.5338698625564575,2.1990675926208496,0.7997556328773499,0.6183205246925354,2.2688522338867188,-0.08380112051963806,0.44238466024398804,2.292133331298828,0.506108820438385,0.4708969843940753,0
2026-09-21T21:54:31.944080,S006,S006_A1_O_20260921_2154,front,A1,older,class_0,0.5380100011825562,0.4397936463356018,-0.9783309698104858,0.5798851251602173,0.3522092401981354,-0.9696860313415527,0.6007739901542664,0.3527461588382721,-0.9697805643081665,0.6193426847457886,0.35357144474983215,-0.9699845314025879,0.5160030126571655,0.35467296838760376,-0.9418405294418335,0.5005961656570435,0.3567450940608978,-0.9418822526931763,0.4805287718772888,0.3584180772304535,-0.9424001574516296,0.6499987244606018,0.3783823549747467,-0.675470769405365,0.46574869751930237,0.37861186265945435,-0.5546449422836304,0.5745729804039001,0.5190823674201965,-0.8426583409309387,0.4979856014251709,0.5029891133308411,-0.8090099096298218,0.7524470686912537,0.6776089072227478,-0.6060415506362915,0.4260075092315674,0.6303282380104065,-0.13956311345100403,0.7333488464355469,1.0138379335403442,-0.8108606338500977,0.3077363669872284,0.8541575074195862,-0.24382641911506653,0.47960978746414185,0.769064724445343,-0.8225294947624207,0.30756479501724243,0.7150347828865051,-0.5903812646865845,0.40257319808006287,0.7270243763923645,-0.8660218119621277,0.3015912175178528,0.6938755512237549,-0.6242762207984924,0.40458202362060547,0.6055374145507812,-0.7914157509803772,0.2932150363922119,0.6620802283287048,-0.6181808710098267,0.44059762358665466,0.6860368847846985,-0.7852071523666382,0.3040803074836731,0.6776950359344482,-0.6036654710769653,0.7075655460357666,1.4483592510223389,-0.20046818256378174,0.4960019588470459,1.423589825630188,0.20260444283485413,0.6541749238967896,1.5958250761032104,-0.29515010118484497,0.4278450906276703,1.5996922254562378,0.2643432319164276,0.6886863112449646,2.120530843734741,0.25324100255966187,0.506994366645813,2.103645086288452,0.7555164694786072,0.7202070951461792,2.213505268096924,0.31063002347946167,0.5331448316574097,2.1748411655426025,0.7944115400314331,0.6190751194953918,2.2452380657196045,-0.011871179565787315,0.439593642950058,2.265601396560669,0.5041722059249878,0.474799414165318,0
2026-09-21T21:54:31.991082,S006,S006_A1_O_20260921_2154,front,A1,older,class_0,0.5379766225814819,0.440588116645813,-0.9613152742385864,0.5798315405845642,0.3532356023788452,-0.9616986513137817,0.6007255911827087,0.353904128074646,-0.961955726146698,0.6193103790283203,0.3546038866043091,-0.9622648358345032,0.5158732533454895,0.3548932373523712,-0.9392224550247192,0.5004820823669434,0.3567325472831726,-0.9394079446792603,0.4804992079734802,0.3583596348762512,-0.9399226307868958,0.6498663425445557,0.37836953997612,-0.6499034762382507,0.465799480676651,0.3777458071708679,-0.5343133211135864,0.5743690729141235,0.5197448134422302,-0.8362199068069458,0.49817195534706116,0.5034999251365662,-0.7972728610038757,0.7516355514526367,0.6769459247589111,-0.5805269479751587,0.42452946305274963,0.6276768445968628,-0.12636461853981018,0.7258094549179077,1.0105695724487305,-0.7473328709602356,0.3164203464984894,0.8520537614822388,-0.09530115127563477,0.47752898931503296,0.7572607398033142,-0.6394416093826294,0.3206431567668915,0.7096186280250549,-0.16366709768772125,0.40315014123916626,0.7088862657546997,-0.6611351370811462,0.31699445843696594,0.6859382390975952,-0.1605350226163864,0.37721771001815796,0.5847862958908081,-0.5912114381790161,0.30706021189689636,0.6574730277061462,-0.15038125216960907,0.44263091683387756,0.6718616485595703,-0.6034960150718689,0.3166830837726593,0.6735408306121826,-0.1689460575580597,0.7076865434646606,1.4475127458572388,-0.19977536797523499,0.49457234144210815,1.423262119293213,0.20193588733673096,0.6542037725448608,1.6479460000991821,-0.24999384582042694,0.428762286901474,1.6451562643051147,0.30542370676994324,0.6917074918746948,2.2099363803863525,0.3248157799243927,0.5069383382797241,2.203810453414917,0.7708088159561157,0.723823606967926,2.3052728176116943,0.3749052882194519,0.5330433249473572,2.284018039703369,0.80840003490448,0.6212446093559265,2.3579838275909424,0.030633756890892982,0.43981942534446716,2.3867716789245605,0.5047318935394287,0.47276601206624147,0
2026-09-21T21:54:32.035329,S006,S006_A1_O_20260921_2154,front,A1,older,class_0,0.5379332304000854,0.44094425439834595,-0.9497663378715515,0.5797914862632751,0.35346633195877075,-0.9566630125045776,0.6006844639778137,0.3541725277900696,-0.9570809602737427,0.6192835569381714,0.35478442907333374,-0.9574896693229675,0.5156378149986267,0.3548737168312073,-0.9365087747573853,0.5003434419631958,0.3566617965698242,-0.9367950558662415,0.4804111421108246,0.35830897092819214,-0.937350869178772,0.6497530937194824,0.3781152665615082,-0.6377593278884888,0.46579837799072266,0.37747687101364136,-0.5225425362586975,0.5743986964225769,0.5200845003128052,-0.828364372253418,0.4982529580593109,0.5037717819213867,-0.7875832319259644,0.7512388229370117,0.6767070889472961,-0.5688263177871704,0.4249676764011383,0.627634584903717,-0.12171993404626846,0.7227538824081421,1.0096462965011597,-0.7104463577270508,0.3217403292655945,0.8538716435432434,-0.02306596376001835,0.48050403594970703,0.7594773173332214,-0.627051830291748,0.32936662435531616,0.7101742029190063,-0.07237692177295685,0.4078817367553711,0.7112922668457031,-0.6543567180633545,0.3274264931678772,0.6861734390258789,-0.06888682395219803,0.37239211797714233,0.5784560441970825,-0.59170001745224,0.3177531063556671,0.657837450504303,-0.06584315001964569,0.4475931227207184,0.6742063760757446,-0.5951498746871948,0.32681170105934143,0.673850417137146,-0.07932228595018387,0.7081215977668762,1.44731867313385,-0.20069575309753418,0.4952191412448883,1.423825979232788,0.2029324769973755,0.6540228724479675,1.6503071784973145,-0.2338866889476776,0.43444186449050903,1.6442900896072388,0.33684486150741577,0.6941371560096741,2.2094004154205322,0.356701135635376,0.5129546523094177,2.202228546142578,0.8106800317764282,0.7269190549850464,2.304015874862671,0.4048014283180237,0.539560079574585,2.28192400932312,0.8493232727050781,0.6227918863296509,2.354619026184082,0.066862091422081,0.444962739944458,2.3826992511749268,0.5531092882156372,0.4706611893506664,0
2026-09-21T21:54:32.096875,S006,S006_A1_O_20260921_2154,front,A1,older,class_0,0.538316011428833,0.4417423903942108,-0.8624526858329773,0.5798203945159912,0.35403236746788025,-0.8541979789733887,0.6009613275527954,0.35481026768684387,-0.85462886095047,0.6194666624069214,0.35538560152053833,-0.8549671173095703,0.515586793422699,0.3552919030189514,-0.827360987663269,0.500191330909729,0.3570447266101837,-0.8273881673812866,0.4803617000579834,0.3587902784347534,-0.8279688954353333,0.6497531533241272,0.37812817096710205,-0.5620439052581787,0.46578773856163025,0.3779568672180176,-0.4305804669857025,0.5756363868713379,0.520608127117157,-0.7350059747695923,0.49859341979026794,0.5052021741867065,-0.6974815130233765,0.7508760690689087,0.6764644384384155,-0.5126858353614807,0.4247097969055176,0.628325879573822,-0.022437240928411484,0.7353501319885254,1.0106801986694336,-0.7091569900512695,0.33002907037734985,0.8649114966392517,-0.008497153408825397,0.5016432404518127,0.7605964541435242,-0.6623957753181458,0.35923656821250916,0.7219911217689514,-0.12454015016555786,0.43162375688552856,0.7144239544868469,-0.6906696557998657,0.3623729348182678,0.6982148289680481,-0.11660860478878021,0.39076754450798035,0.5925753116607666,-0.6365519762039185,0.35173147916793823,0.6696488857269287,-0.12488154321908951,0.46891045570373535,0.6755710244178772,-0.6332454085350037,0.35880008339881897,0.6854602098464966,-0.13163405656814575,0.709553062915802,1.4494277238845825,-0.20706918835639954,0.49497565627098083,1.4273761510849,0.20952320098876953,0.6573442220687866,1.7483081817626953,-0.2418934851884842,0.4417101740837097,1.7176003456115723,0.35279473662376404,0.7000668048858643,2.307403087615967,0.3301395773887634,0.5135911107063293,2.30046010017395,0.8081516027450562,0.7324880361557007,2.4027297496795654,0.3711783289909363,0.5393582582473755,2.3851892948150635,0.8411005139350891,0.6293607950210571,2.4543063640594482,-0.00680078798905015,0.4480086863040924,2.4871315956115723,0.5095853209495544,0.4690906261799462,0
2026-09-21T21:54:32.139724,S006,S006_A1_O_20260921_2154,front,A1,older,class_0,0.5385681390762329,0.44219568371772766,-0.8062914609909058,0.5802069902420044,0.3546295464038849,-0.7914099097251892,0.6012911796569824,0.3554712235927582,-0.7917322516441345,0.6199982166290283,0.3562830090522766,-0.7919450402259827,0.5155521631240845,0.3559769093990326,-0.764246940612793,0.5000157952308655,0.3573547303676605,-0.7642387747764587,0.48062753677368164,0.3592677116394043,-0.7648251056671143,0.6497614979743958,0.3787733018398285,-0.5079461932182312,0.46601811051368713,0.37894997000694275,-0.37761253118515015,0.5768097639083862,0.521060585975647,-0.6778296232223511,0.4988016188144684,0.5056810975074768,-0.6425772905349731,0.7505673170089722,0.6763979196548462,-0.47864046692848206,0.438375324010849,0.6338549852371216,0.015944235026836395,0.7339124083518982,1.0098170042037964,-0.6904204487800598,0.3672158718109131,0.8745579123497009,0.05125667527318001,0.5026905536651611,0.7670980095863342,-0.6805306673049927,0.3888166844844818,0.7276955246925354,-0.07924653589725494,0.43347758054733276,0.7249657511711121,-0.6949602365493774,0.3910415768623352,0.7050043344497681,-0.08450429886579514,0.4271438717842102,0.6563593149185181,-0.6537355184555054,0.37863045930862427,0.6738570928573608,-0.09468112140893936,0.4702216684818268,0.6863888502120972,-0.6453324556350708,0.38439351320266724,0.6890329718589783,-0.092930369079113,0.7171987295150757,1.4518263339996338,-0.21431131660938263,0.5090156197547913,1.4304102659225464,0.21686124801635742,0.6607822775840759,1.7356877326965332,-0.305674284696579,0.45229047536849976,1.690946102142334,0.2841565012931824,0.699957013130188,2.2850794792175293,0.2267383337020874,0.518277108669281,2.2782552242279053,0.6588767766952515,0.732135534286499,2.3791756629943848,0.26307690143585205,0.544538676738739,2.357612371444702,0.6839704513549805,0.6291472911834717,2.432539224624634,-0.08853531628847122,0.4491235613822937,2.4584403038024902,0.3807489275932312,0.46767350125380536,0
2026-09-21T21:54:32.192044,S006,S006_A1_O_20260921_2154,front,A1,older,class_0,0.5389989614486694,0.4402602016925812,-0.6685301065444946,0.5802972316741943,0.35466712713241577,-0.658293604850769,0.6012793779373169,0.35566064715385437,-0.6586042642593384,0.6199916005134583,0.3567451536655426,-0.6588346362113953,0.5161688923835754,0.3553568720817566,-0.6357536315917969,0.4998980164527893,0.35645103454589844,-0.6357371807098389,0.4811241626739502,0.3585171103477478,-0.6363652944564819,0.6486063599586487,0.3792242109775543,-0.40693482756614685,0.466305673122406,0.37896469235420227,-0.2989242970943451,0.5768423080444336,0.5201565623283386,-0.5504313707351685,0.4988790452480316,0.5041278600692749,-0.5223522186279297,0.7431715130805969,0.6723722219467163,-0.3984503149986267,0.44451603293418884,0.6314870715141296,0.06991031020879745,0.7333077192306519,0.9981986284255981,-0.5903027057647705,0.3797115683555603,0.8733031153678894,0.16255977749824524,0.5037379860877991,0.7694658041000366,-0.5731950998306274,0.40822044014930725,0.7274028658866882,0.17365509271621704,0.44011902809143066,0.7272442579269409,-0.6102728247642517,0.41285043954849243,0.704852819442749,0.18627361953258514,0.45333200693130493,0.6733391880989075,-0.5532883405685425,0.40149736404418945,0.673667848110199,0.17647501826286316,0.47320398688316345,0.6881675720214844,-0.5451971888542175,0.404736191034317,0.6888361573219299,0.16289222240447998,0.7151791453361511,1.4371411800384521,-0.2142999917268753,0.5087566375732422,1.4205073118209839,0.21686573326587677,0.6559156179428101,1.6835010051727295,-0.33185452222824097,0.4511115550994873,1.6552681922912598,0.2539026439189911,0.6895791292190552,2.258619785308838,0.15966859459877014,0.5102706551551819,2.2739787101745605,0.582049548625946,0.720540463924408,2.355999231338501,0.19382300972938538,0.535967230796814,2.350878953933716,0.6035171747207642,0.6207481622695923,2.4118471145629883,-0.13385140895843506,0.43836110830307007,2.4494829177856445,0.31303179264068604,0.4652456034144217,0
2026-09-21T21:54:32.243152,S006,S006_A1_O_20260921_2154,front,A1,older,class_0,0.5393661856651306,0.4402235150337219,-0.6820200681686401,0.5803979635238647,0.35474076867103577,-0.6727155447006226,0.6012781858444214,0.35589176416397095,-0.6730130314826965,0.6199988126754761,0.35722678899765015,-0.6732407808303833,0.5166550874710083,0.35499122738838196,-0.6502734422683716,0.4998231828212738,0.3559007942676544,-0.6502584218978882,0.48152294754981995,0.35805466771125793,-0.6508779525756836,0.6480017900466919,0.37973421812057495,-0.42189040780067444,0.4665219187736511,0.3789930045604706,-0.314464271068573,0.5769484043121338,0.5197567343711853,-0.5636400580406189,0.49892672896385193,0.5034096240997314,-0.5357298851013184,0.7391728162765503,0.6703318357467651,-0.40625134110450745,0.44777220487594604,0.630725622177124,0.05803601071238518,0.7337542772293091,0.9941333532333374,-0.5915358066558838,0.3850099742412567,0.8726819753646851,0.16827793419361115,0.505829930305481,0.7710638046264648,-0.5746124386787415,0.4155518412590027,0.727074384689331,0.20046010613441467,0.44540858268737793,0.728845477104187,-0.6135661602020264,0.42094868421554565,0.7047851085662842,0.21568801999092102,0.4647842347621918,0.6807079315185547,-0.5541372895240784,0.4093385338783264,0.6734902858734131,0.20650963485240936,0.4766925275325775,0.689353346824646,-0.5469540357589722,0.41210851073265076,0.6887139081954956,0.19052335619926453,0.71455979347229,1.4313205480575562,-0.2140001803636551,0.5087484121322632,1.416313648223877,0.21656382083892822,0.6536425948143005,1.6687959432601929,-0.3317379355430603,0.4507133960723877,1.6431925296783447,0.2548895478248596,0.6850017309188843,2.247497320175171,0.16490377485752106,0.5059229731559753,2.272219181060791,0.5938266515731812,0.7153607606887817,2.345921277999878,0.19983385503292084,0.5310181379318237,2.343566417694092,0.6165682077407837,0.616970419883728,2.4036176204681396,-0.12925274670124054,0.4338153898715973,2.4402198791503906,0.3244202435016632,0.4630008822758541,0
2026-09-21T21:54:32.286326,S006,S006_A1_O_20260921_2154,front,A1,older,class_0,0.5391086339950562,0.43792444467544556,-0.5815688967704773,0.5802209973335266,0.3546484112739563,-0.563787043094635,0.6009348034858704,0.3558788597583771,-0.5641903281211853,0.6198630332946777,0.35727402567863464,-0.5644881725311279,0.5166770219802856,0.35446634888648987,-0.5388308167457581,0.4997557997703552,0.35556790232658386,-0.5387911796569824,0.4817269742488861,0.35798802971839905,-0.5394343733787537,0.6469302773475647,0.38012492656707764,-0.3148551285266876,0.46701812744140625,0.3798710107803345,-0.1935594081878662,0.5765630602836609,0.5182194113731384,-0.4679597020149231,0.4991615414619446,0.5025010704994202,-0.4358789324760437,0.7395043969154358,0.6679723858833313,-0.3143746852874756,0.45087164640426636,0.6298211812973022,0.13530953228473663,0.7464186549186707,0.9899758696556091,-0.5311330556869507,0.3943482041358948,0.8721548318862915,0.2585756778717041,0.5272902846336365,0.7669897079467773,-0.5421348214149475,0.42195025086402893,0.7263108491897583,0.27029529213905334,0.46887239813804626,0.7232727408409119,-0.5856559872627258,0.42755770683288574,0.7042067050933838,0.2780364751815796,0.4627012312412262,0.6076664328575134,-0.5280601382255554,0.4144198000431061,0.6728144884109497,0.26001474261283875,0.49715352058410645,0.6878761649131775,-0.5160670876502991,0.4168972969055176,0.6874760985374451,0.25551050901412964,0.7183162569999695,1.4140654802322388,-0.21046333014965057,0.5126511454582214,1.4012619256973267,0.21319517493247986,0.6629433631896973,1.6554219722747803,-0.3569243550300598,0.4611538350582123,1.6346757411956787,0.2449609786272049,0.6858283877372742,2.2196543216705322,0.10096696764230728,0.5067129135131836,2.236018419265747,0.5345622301101685,0.7155593633651733,2.3148903846740723,0.13163310289382935,0.5310197472572327,2.3161160945892334,0.5501038432121277,0.6209965944290161,2.3667588233947754,-0.20005019009113312,0.4372425079345703,2.401796817779541,0.24958956241607666,0.4601077318022197,0
2026-09-21T21:54:32.326396,S006,S006_A1_O_20260921_2154,front,A1,older,class_0,0.5413678288459778,0.43693986535072327,-0.6573288440704346,0.5806719064712524,0.35449129343032837,-0.6357550621032715,0.6019458770751953,0.3558698296546936,-0.6361538767814636,0.6203532218933105,0.35727253556251526,-0.6364573240280151,0.5179072618484497,0.3543007969856262,-0.6096448302268982,0.5014078617095947,0.3555390238761902,-0.6096051335334778,0.4833250939846039,0.3580389618873596,-0.6101884841918945,0.6482211351394653,0.38075366616249084,-0.3704891800880432,0.47210702300071716,0.38065105676651,-0.24388201534748077,0.578283429145813,0.5174993872642517,-0.5383525490760803,0.5007635951042175,0.5024040937423706,-0.5049487352371216,0.7415930032730103,0.6683057546615601,-0.3578992784023285,0.4705820679664612,0.6416547894477844,0.10813985019922256,0.7600175142288208,0.9922539591789246,-0.5764641761779785,0.42334628105163574,0.8812279105186462,0.2283850908279419,0.5566513538360596,0.7776031494140625,-0.6838938593864441,0.45324745774269104,0.7280886173248291,0.17941680550575256,0.5027609467506409,0.7344081401824951,-0.7571477890014648,0.4629342555999756,0.7048890590667725,0.18136461079120636,0.5146342515945435,0.6630637049674988,-0.7080370783805847,0.4431987702846527,0.6727062463760376,0.1586175262928009,0.5286996960639954,0.6961219310760498,-0.6665993928909302,0.4434611201286316,0.6873595714569092,0.1618019938468933,0.7369418740272522,1.4156492948532104,-0.20876021683216095,0.538486897945404,1.402200698852539,0.21159839630126953,0.6813239455223083,1.651574730873108,-0.33918219804763794,0.5003832578659058,1.6300761699676514,0.3007425367832184,0.6958633661270142,2.1784415245056152,0.15747126936912537,0.5296074151992798,2.169090986251831,0.6022253632545471,0.7227424383163452,2.269148826599121,0.1921355128288269,0.5493761301040649,2.250530481338501,0.6060329675674438,0.6381245851516724,2.297617197036743,-0.1465204954147339,0.46747833490371704,2.3115549087524414,0.255796879529953,0.45836358497653046,0
2026-09-21T21:54:32.381016,S006,S006_A1_O_20260921_2154,front,A1,older,class_0,0.5378230214118958,0.44061610102653503,-1.0909366607666016,0.5801008939743042,0.35577869415283203,-1.080734372138977,0.6017695665359497,0.35718297958374023,-1.0809866189956665,0.6201993823051453,0.3585726022720337,-1.0813685655593872,0.51565021276474,0.3552108705043793,-1.0505422353744507,0.49654141068458557,0.3562423884868622,-1.0506118535995483,0.4784088730812073,0.35854190587997437,-1.0510716438293457,0.64790940284729,0.38206246495246887,-0.7778728604316711,0.4585510194301605,0.38041988015174866,-0.6399010419845581,0.5743399858474731,0.5194453597068787,-0.9535980224609375,0.49928197264671326,0.503609299659729,-0.9172852635383606,0.7407277822494507,0.6902602314949036,-0.6831411123275757,0.4150334894657135,0.6416884660720825,-0.1600661724805832,0.74653559923172,1.0390578508377075,-0.905814528465271,0.3149276077747345,0.9131088852882385,-0.2249184399843216,0.5307241678237915,0.777696967124939,-0.9298070669174194,0.35336777567863464,0.7604803442955017,-0.5704043507575989,0.4691949784755707,0.7311463952064514,-0.9685022234916687,0.3603646755218506,0.7311618328094482,-0.5918810367584229,0.5050157308578491,0.6631680727005005,-0.8825153112411499,0.35123100876808167,0.7000088095664978,-0.5556243062019348,0.4989386200904846,0.6934234499931335,-0.8882787823677063,0.36051538586616516,0.7173936367034912,-0.569396436214447,0.7140995860099792,1.4361002445220947,-0.2012907713651657,0.4751046299934387,1.4216022491455078,0.20385947823524475,0.6795915961265564,1.8512382507324219,-0.13752560317516327,0.4716559946537018,1.8612656593322754,0.5226620435714722,0.6991658806800842,2.4007863998413086,0.5438452363014221,0.4944747984409332,2.3974006175994873,1.0309441089630127,0.7249752879142761,2.4902939796447754,0.5938747525215149,0.5061229467391968,2.4776530265808105,1.0705430507659912,0.6400801539421082,2.567288398742676,0.18588294088840485,0.4622218608856201,2.5757088661193848,0.6789414882659912,0.4610959431438735,0
2026-09-21T21:54:32.419216,S006,S006_A1_O_20260921_2154,front,A1,older,class_0,0.5377503633499146,0.4381891191005707,-0.8647599220275879,0.5800449252128601,0.35555216670036316,-0.8678609132766724,0.6015236973762512,0.35705432295799255,-0.8679842948913574,0.620155930519104,0.35854753851890564,-0.8681332468986511,0.515952467918396,0.35463330149650574,-0.8401638269424438,0.4967852532863617,0.3557685315608978,-0.8402121663093567,0.47941717505455017,0.35821613669395447,-0.84077388048172,0.6479219198226929,0.38195618987083435,-0.6347752213478088,0.46266356110572815,0.38039496541023254,-0.5081873536109924,0.5744011402130127,0.5176184177398682,-0.7429875135421753,0.49921655654907227,0.5008240938186646,-0.7097018957138062,0.7361685633659363,0.675767183303833,-0.6329552531242371,0.44075363874435425,0.6345716714859009,-0.050643790513277054,0.7158411741256714,0.9939132332801819,-0.6951234340667725,0.36794430017471313,0.9117672443389893,0.04423320293426514,0.50006103515625,0.7714383006095886,-0.6530598402023315,0.40520524978637695,0.7578743100166321,-0.02080374024808407,0.4390537142753601,0.7291015386581421,-0.6890503168106079,0.413399875164032,0.7339813113212585,-0.012668570503592491,0.4030988812446594,0.5985921025276184,-0.6412255167961121,0.40355682373046875,0.7006915211677551,-0.025628525763750076,0.47240084409713745,0.6925460696220398,-0.6270291805267334,0.4080049395561218,0.7157397866249084,-0.0319238007068634,0.7140637040138245,1.4256821870803833,-0.2076873779296875,0.49675631523132324,1.4100805521011353,0.21015354990959167,0.6757222414016724,1.5746629238128662,-0.2791534662246704,0.4563247263431549,1.5391587018966675,0.2205168753862381,0.6849192976951599,2.107631206512451,0.2667969763278961,0.508935272693634,2.09397029876709,0.6388999223709106,0.7110399007797241,2.200030565261841,0.30848145484924316,0.5336415767669678,2.171783447265625,0.6716029047966003,0.6230792999267578,2.2342002391815186,0.03427534177899361,0.4613642692565918,2.2684717178344727,0.44034725427627563,0.4609407639187394,0
2026-09-21T21:54:32.468695,S006,S006_A1_O_20260921_2154,front,A1,older,class_0,0.5376761555671692,0.4381609261035919,-0.7791224718093872,0.5800272226333618,0.3555174171924591,-0.7727704644203186,0.6014541387557983,0.35704687237739563,-0.7730361223220825,0.6201450228691101,0.35857006907463074,-0.7732352018356323,0.5161402225494385,0.3545137047767639,-0.7470771670341492,0.49692344665527344,0.35569295287132263,-0.7471049427986145,0.479976087808609,0.3581928014755249,-0.7477277517318726,0.6479207277297974,0.38205528259277344,-0.5251747369766235,0.46423181891441345,0.3804536759853363,-0.405242383480072,0.574425220489502,0.517315149307251,-0.6573432683944702,0.49947190284729004,0.5002301335334778,-0.6254620552062988,0.7340678572654724,0.6706839203834534,-0.5433577299118042,0.45053616166114807,0.6343889236450195,0.010159900411963463,0.7136493921279907,0.9818723201751709,-0.6653435826301575,0.3882733881473541,0.9080501794815063,0.12764199078083038,0.49325594305992126,0.7715067267417908,-0.6570013165473938,0.4272737503051758,0.7574864625930786,0.0957823321223259,0.4314577579498291,0.729336678981781,-0.6997755765914917,0.4368166923522949,0.736396074295044,0.10234056413173676,0.4055917263031006,0.6451600193977356,-0.6487187743186951,0.4243069589138031,0.7012993693351746,0.08836836367845535,0.465341717004776,0.692959189414978,-0.6320176124572754,0.42687565088272095,0.7152022123336792,0.08404762297868729,0.7149841785430908,1.4248058795928955,-0.21019096672534943,0.5072397589683533,1.4091887474060059,0.21268124878406525,0.6753941178321838,1.5799776315689087,-0.3268342912197113,0.4527353346347809,1.5517992973327637,0.20340657234191895,0.6849015355110168,2.118337869644165,0.1970246136188507,0.5176844596862793,2.1074342727661133,0.5954030752182007,0.7115503549575806,2.2121074199676514,0.23535194993019104,0.5467666387557983,2.1850759983062744,0.6237630844116211,0.6228102445602417,2.2447495460510254,-0.07172996550798416,0.462052583694458,2.2846925258636475,0.35878151655197144,0.46054739338543377,0
2026-09-21T21:54:32.524454,S006,S006_A1_O_20260921_2154,front,A1,older,class_0,0.5376930236816406,0.4376353919506073,-0.7822594046592712,0.5800105929374695,0.3554682433605194,-0.774062991142273,0.6013699769973755,0.35702311992645264,-0.7743143439292908,0.6201333999633789,0.358571320772171,-0.7745095491409302,0.5161718726158142,0.35430657863616943,-0.7474081516265869,0.4969407618045807,0.35547956824302673,-0.747418224811554,0.48020729422569275,0.3580334484577179,-0.7480146884918213,0.6477002501487732,0.38205665349960327,-0.526079535484314,0.4645017087459564,0.38044852018356323,-0.40878763794898987,0.5745419263839722,0.5171617269515991,-0.6591012477874756,0.4998464584350586,0.5001699328422546,-0.6261311769485474,0.732825756072998,0.6682730913162231,-0.531437337398529,0.4540792405605316,0.6321259140968323,0.009507045149803162,0.7165511846542358,0.9801428318023682,-0.630480170249939,0.39670974016189575,0.905756950378418,0.17094093561172485,0.4977920949459076,0.7717939615249634,-0.6012157201766968,0.4418482184410095,0.755998432636261,0.23194649815559387,0.4393633008003235,0.7299172878265381,-0.6387848258018494,0.4546400010585785,0.7358185648918152,0.2532399892807007,0.4447259306907654,0.6659210920333862,-0.5903065800666809,0.4405922293663025,0.6992253065109253,0.24069979786872864,0.4722917973995209,0.6936777234077454,-0.5766321420669556,0.44113725423812866,0.7119064331054688,0.22398574650287628,0.7149952054023743,1.4203827381134033,-0.21468286216259003,0.5101228356361389,1.4047759771347046,0.21719300746917725,0.6627024412155151,1.6013908386230469,-0.33238863945007324,0.45394858717918396,1.5790252685546875,0.23518407344818115,0.6849416494369507,2.138826847076416,0.19954122602939606,0.5186365246772766,2.1328506469726562,0.660671055316925,0.7117857933044434,2.230473041534424,0.23723261058330536,0.5469728708267212,2.211890459060669,0.6907165050506592,0.6223640441894531,2.273149013519287,-0.09319408237934113,0.46190962195396423,2.306290864944458,0.41215333342552185,0.4588445066333269,0
2026-09-21T21:54:32.575205,S006,S006_A1_O_20260921_2154,front,A1,older,class_0,0.5376924276351929,0.43811413645744324,-0.7836276292800903,0.5799965858459473,0.3554879128932953,-0.7743349075317383,0.6013332605361938,0.3570585548877716,-0.7746268510818481,0.6201236248016357,0.3586542010307312,-0.7748558521270752,0.5161828398704529,0.3542764484882355,-0.7485388517379761,0.4969503879547119,0.3554551899433136,-0.7485542893409729,0.4803760051727295,0.3580183982849121,-0.7491570711135864,0.6475090384483337,0.3821185529232025,-0.5229625701904297,0.46666574478149414,0.38042983412742615,-0.40767303109169006,0.5746363401412964,0.5171982049942017,-0.6605134010314941,0.5000821352005005,0.50019371509552,-0.6281679272651672,0.7321162223815918,0.6674207448959351,-0.5233101844787598,0.45790213346481323,0.6321036219596863,0.01090983860194683,0.7178231477737427,0.979077160358429,-0.6150313019752502,0.40285974740982056,0.9045476317405701,0.19967308640480042,0.49888914823532104,0.7719621062278748,-0.5803405046463013,0.4477616250514984,0.7554953694343567,0.2747534215450287,0.44005101919174194,0.730122447013855,-0.6190133094787598,0.4607275128364563,0.7350271344184875,0.2953426241874695,0.4551572799682617,0.6738989353179932,-0.5710484385490417,0.4460880160331726,0.6972997188568115,0.28177180886268616,0.4731389582157135,0.693810224533081,-0.5563463568687439,0.44636669754981995,0.7094144821166992,0.2662624716758728,0.7161715030670166,1.4197750091552734,-0.21683616936206818,0.5139363408088684,1.4041640758514404,0.21938946843147278,0.658242404460907,1.613525152206421,-0.3346785008907318,0.45858049392700195,1.5851287841796875,0.27337324619293213,0.6851454973220825,2.1511425971984863,0.19946956634521484,0.519446074962616,2.1358397006988525,0.702194333076477,0.7128230333328247,2.2463810443878174,0.23661355674266815,0.5468375086784363,2.2146658897399902,0.7319899797439575,0.6224485039710999,2.2778539657592773,-0.10445623099803925,0.4615333676338196,2.307684898376465,0.436757892370224,0.45717741255507327,0
2026-09-21T21:54:32.640592,S006,S006_A1_O_20260921_2154,front,A1,older,class_0,0.5365639328956604,0.4394146502017975,-0.8624964952468872,0.5791146755218506,0.3555120825767517,-0.8484710454940796,0.6003029346466064,0.35705944895744324,-0.8487673997879028,0.6195290684700012,0.35865700244903564,-0.8490175008773804,0.5145917534828186,0.35472363233566284,-0.8248567581176758,0.49636441469192505,0.35629597306251526,-0.8248468637466431,0.48022517561912537,0.3591657876968384,-0.8253993988037109,0.6469360589981079,0.38203856348991394,-0.5645660758018494,0.46639958024024963,0.3807125985622406,-0.4524264931678772,0.5742154121398926,0.517672598361969,-0.7291097640991211,0.49882984161376953,0.5004974007606506,-0.6993771195411682,0.7314155101776123,0.6674193143844604,-0.5149416327476501,0.453998863697052,0.63214510679245,-0.029762843623757362,0.7350284457206726,0.9868598580360413,-0.6197091341018677,0.4005246162414551,0.9033704996109009,0.18675819039344788,0.5293527841567993,0.7788906097412109,-0.6523364782333374,0.4446282386779785,0.7483062148094177,0.17828424274921417,0.4717751443386078,0.7377262711524963,-0.7005518674850464,0.456190824508667,0.7238502502441406,0.18845994770526886,0.4895727038383484,0.6846799850463867,-0.6529971361160278,0.444568932056427,0.6851478815078735,0.19479037821292877,0.49992260336875916,0.6990118026733398,-0.6305020451545715,0.4448876976966858,0.699171245098114,0.17249608039855957,0.7161707282066345,1.4248485565185547,-0.21658262610435486,0.5138034224510193,1.4090421199798584,0.21911874413490295,0.658423125743866,1.623553991317749,-0.29808881878852844,0.4587979316711426,1.5937435626983643,0.3017699420452118,0.6861558556556702,2.1564741134643555,0.2850978970527649,0.5200651288032532,2.138979911804199,0.7497627139091492,0.714163064956665,2.252573251724243,0.32778722047805786,0.5472316741943359,2.219367742538452,0.7825524806976318,0.6234065890312195,2.284998893737793,-0.015422971919178963,0.46078458428382874,2.3102867603302,0.48042693734169006,0.45784696216949006,0
2026-09-21T21:54:32.719482,S006,S006_A1_O_20260921_2154,front,A1,older,class_0,0.5328317880630493,0.43941065669059753,-0.9796096682548523,0.5772840976715088,0.35555532574653625,-0.9581631422042847,0.5996602773666382,0.3570689857006073,-0.9583585858345032,0.6188082695007324,0.3586159944534302,-0.9585434198379517,0.5108486413955688,0.3550429344177246,-0.9342729449272156,0.491621196269989,0.3565801978111267,-0.934282660484314,0.4759177267551422,0.35936349630355835,-0.9347435235977173,0.6467888951301575,0.381276935338974,-0.6282459497451782,0.4648773670196533,0.3795994818210602,-0.5166906118392944,0.5720716714859009,0.5177528858184814,-0.8300929069519043,0.49698352813720703,0.5005863904953003,-0.8013017773628235,0.7313656210899353,0.6689333319664001,-0.5407558679580688,0.4159477651119232,0.6244592070579529,-0.09360004216432571,0.7350698709487915,0.9936972856521606,-0.7153854966163635,0.3299054503440857,0.8851814270019531,-0.19525130093097687,0.5288680791854858,0.7800513505935669,-0.76951664686203,0.3842742443084717,0.7075541615486145,-0.5200658440589905,0.4707394540309906,0.7382097244262695,-0.820589542388916,0.3971327543258667,0.6733822226524353,-0.5524861812591553,0.48415857553482056,0.6840400695800781,-0.7563649415969849,0.3886478543281555,0.6399513483047485,-0.5352970957756042,0.4975776672363281,0.6990865468978882,-0.7399524450302124,0.39310580492019653,0.6594693660736084,-0.5265517830848694,0.7000458240509033,1.4274203777313232,-0.21640785038471222,0.48877111077308655,1.409422516822815,0.2189524620771408,0.6475313901901245,1.6133514642715454,-0.2653936743736267,0.4394156038761139,1.596070647239685,0.3014441430568695,0.6852720975875854,2.1573381423950195,0.35671454668045044,0.5179165601730347,2.141828775405884,0.7927594184875488,0.7142964005470276,2.25447154045105,0.40213528275489807,0.5466155409812927,2.2207133769989014,0.8333128094673157,0.6218527555465698,2.2878434658050537,0.05020374804735184,0.4556041359901428,2.3167309761047363,0.5302037000656128,0.4611607761206952,0
2026-09-21T21:54:32.805888,S006,S006_A1_O_20260921_2154,front,A1,older,class_0,0.533079981803894,0.435190886259079,-0.6949070692062378,0.5773741602897644,0.3522266149520874,-0.6691630482673645,0.5997797846794128,0.35339927673339844,-0.6694937944412231,0.6192618012428284,0.3548204302787781,-0.6696959137916565,0.5110142827033997,0.3533627390861511,-0.650355339050293,0.49176710844039917,0.3555293083190918,-0.6503751873970032,0.476457417011261,0.3586864173412323,-0.650932788848877,0.6471193432807922,0.37776172161102295,-0.36106714606285095,0.46635550260543823,0.3792433738708496,-0.2729673981666565,0.5751570463180542,0.512434184551239,-0.5573959946632385,0.49715691804885864,0.4976971745491028,-0.5354527831077576,0.7330260872840881,0.6687747240066528,-0.3169247508049011,0.41970938444137573,0.619784414768219,0.09064064919948578,0.77629554271698,0.9333681464195251,-0.513142466545105,0.3385221064090729,0.873089075088501,-0.06726003438234329,0.5583597421646118,0.8457940220832825,-0.6616170406341553,0.36975789070129395,0.7095187306404114,-0.39336666464805603,0.4994771480560303,0.8283319473266602,-0.7309509515762329,0.37352046370506287,0.6785911917686462,-0.43105849623680115,0.5106793642044067,0.7717238664627075,-0.6817363500595093,0.36334097385406494,0.6447059512138367,-0.4429801404476166,0.5217386484146118,0.7783665060997009,-0.6423513293266296,0.37036699056625366,0.6629550457000732,-0.413020521402359,0.7011371850967407,1.4276776313781738,-0.21623829007148743,0.4905872344970703,1.4094394445419312,0.2187553197145462,0.6481462717056274,1.6168190240859985,-0.29439398646354675,0.4407755434513092,1.5913535356521606,0.24670331180095673,0.6853465437889099,2.161471366882324,0.22672109305858612,0.5176517367362976,2.148254632949829,0.5889471769332886,0.7144486904144287,2.2568254470825195,0.25961819291114807,0.5463513731956482,2.228404998779297,0.6104071140289307,0.6216613054275513,2.293872594833374,-0.08601871132850647,0.45225095748901367,2.3226771354675293,0.3020856976509094,0.462338902648877,0
2026-09-21T21:54:32.909909,S006,S006_A1_O_20260921_2154,front,A1,older,class_0,0.5332565307617188,0.435070663690567,-0.8718658685684204,0.5772926211357117,0.35186153650283813,-0.8500186204910278,0.599838137626648,0.3526322543621063,-0.8502082824707031,0.6192900538444519,0.3534686863422394,-0.8503236770629883,0.5108836889266968,0.3537253141403198,-0.8280113935470581,0.4918433725833893,0.3563619554042816,-0.8280130624771118,0.4762852191925049,0.3600975275039673,-0.8284755945205688,0.6478701829910278,0.375895619392395,-0.5306572318077087,0.4666820466518402,0.3793864846229553,-0.43027186393737793,0.5773893594741821,0.5119555592536926,-0.7291785478591919,0.4972478747367859,0.4976649582386017,-0.7027676105499268,0.7323483228683472,0.668010950088501,-0.44376999139785767,0.4221598207950592,0.621564507484436,-0.013226876966655254,0.7415716052055359,0.9463852643966675,-0.5344749093055725,0.3434678912162781,0.891983151435852,-0.028705129399895668,0.5214638710021973,0.8221364617347717,-0.6571084260940552,0.37555405497550964,0.7248516082763672,-0.2357340157032013,0.4592452049255371,0.7939347624778748,-0.7152764797210693,0.38042333722114563,0.693744957447052,-0.2512337267398834,0.47981563210487366,0.7544963359832764,-0.6709483861923218,0.3694280982017517,0.6563682556152344,-0.2598521411418915,0.48992401361465454,0.7520936727523804,-0.6369766592979431,0.37565475702285767,0.6743925213813782,-0.2502087652683258,0.7016526460647583,1.4297860860824585,-0.21352045238018036,0.49200043082237244,1.412839651107788,0.21609587967395782,0.6485751867294312,1.6070657968521118,-0.270779550075531,0.4417549669742584,1.584257960319519,0.25483042001724243,0.6849698424339294,2.1386818885803223,0.29519936442375183,0.5207648873329163,2.1208887100219727,0.6238030195236206,0.7139588594436646,2.2314746379852295,0.3364868760108948,0.549268364906311,2.198770046234131,0.6433389782905579,0.620317280292511,2.2661635875701904,0.017488528043031693,0.45616474747657776,2.286245822906494,0.36844512820243835,0.4633575954728506,0
2026-09-21T21:54:32.977770,S006,S006_A1_O_20260921_2154,front,A1,older,class_0,0.5330492258071899,0.43456730246543884,-0.8717252612113953,0.5761546492576599,0.35139042139053345,-0.851760745048523,0.5991244316101074,0.3519028425216675,-0.8519854545593262,0.6184744834899902,0.3523429036140442,-0.852153480052948,0.5097652077674866,0.3535674512386322,-0.8289726376533508,0.4912472665309906,0.356116384267807,-0.8290014266967773,0.4740220010280609,0.3594430088996887,-0.8295198678970337,0.6478129625320435,0.37469035387039185,-0.536857545375824,0.4660133421421051,0.37820929288864136,-0.43498244881629944,0.576258659362793,0.511552095413208,-0.7319852113723755,0.4970312714576721,0.4970449209213257,-0.7054184675216675,0.7318094968795776,0.6690927147865295,-0.4495994448661804,0.40217918157577515,0.6208956241607666,-0.026479071006178856,0.7414425611495972,0.9865077137947083,-0.5775631666183472,0.2845095098018646,0.87947016954422,-0.19182902574539185,0.5208825469017029,0.8198556900024414,-0.6650432348251343,0.29527801275253296,0.7189971804618835,-0.6256728172302246,0.45675128698349,0.7870556712150574,-0.7167386412620544,0.2904186546802521,0.6878772974014282,-0.6690689921379089,0.47815924882888794,0.7489911317825317,-0.6658168435096741,0.2869510054588318,0.6539607644081116,-0.656449019908905,0.4872495234012604,0.7406004667282104,-0.6386542320251465,0.2995690405368805,0.6726241707801819,-0.6382777094841003,0.697222113609314,1.432792067527771,-0.20641812682151794,0.47636547684669495,1.4163062572479248,0.20890650153160095,0.6482456922531128,1.6622428894042969,-0.2711573541164398,0.4340735971927643,1.6847405433654785,0.2681507468223572,0.6848809719085693,2.242039442062378,0.2910408079624176,0.5063704252243042,2.2459800243377686,0.6277408003807068,0.7137776017189026,2.3405046463012695,0.328632652759552,0.5319122672080994,2.325787305831909,0.6473621726036072,0.6203398704528809,2.3914425373077393,-0.03952111676335335,0.44959521293640137,2.425873041152954,0.3819931447505951,0.46735869839110156,0
2026-09-21T21:54:33.058756,S006,S006_A1_O_20260921_2154,front,A1,older,class_0,0.5330783724784851,0.43380287289619446,-0.6027930378913879,0.5754637122154236,0.3504226803779602,-0.5667152404785156,0.5976843237876892,0.3513258993625641,-0.5669711232185364,0.6164363622665405,0.35200235247612,-0.5670849680900574,0.5091980695724487,0.35090550780296326,-0.5532798767089844,0.49124401807785034,0.3536991775035858,-0.5532459616661072,0.47422105073928833,0.35718509554862976,-0.5537164807319641,0.647466242313385,0.37470871210098267,-0.24655616283416748,0.4678887724876404,0.3769262433052063,-0.18406084179878235,0.5764168500900269,0.5114735960960388,-0.4642105996608734,0.4973507821559906,0.4969841241836548,-0.44944295287132263,0.7309384346008301,0.6686222553253174,-0.2344110906124115,0.4022675156593323,0.6161728501319885,0.1036481261253357,0.7773616313934326,0.9337723255157471,-0.5740017294883728,0.303957462310791,0.8590213060379028,-0.18624287843704224,0.5775419473648071,0.8261560797691345,-0.8444215655326843,0.32227209210395813,0.7026547193527222,-0.6566791534423828,0.5248382091522217,0.8006129860877991,-0.9315167665481567,0.3204035758972168,0.6755387783050537,-0.7162853479385376,0.5320258140563965,0.7503291964530945,-0.8728731274604797,0.3121466636657715,0.6400834321975708,-0.7121906280517578,0.5384928584098816,0.7546210885047913,-0.8252275586128235,0.32312262058258057,0.6591737866401672,-0.6726219058036804,0.6955111622810364,1.4279745817184448,-0.19754698872566223,0.4796507954597473,1.413230538368225,0.2000925987958908,0.6670851707458496,1.5411068201065063,-0.2722582221031189,0.4385884404182434,1.5171195268630981,0.17472657561302185,0.688740074634552,2.0724306106567383,0.26513177156448364,0.5263723731040955,2.071197509765625,0.5529149770736694,0.7145730257034302,2.163193941116333,0.30138540267944336,0.555808424949646,2.154780149459839,0.5804185271263123,0.6297492980957031,2.2111120223999023,-0.03593768551945686,0.4632726311683655,2.23834228515625,0.3252599239349365,0.47092374174319435,0
2026-09-21T21:54:33.132398,S006,S006_A1_O_20260921_2154,front,A1,older,class_0,0.5333770513534546,0.4335925281047821,-0.6763414144515991,0.5750496983528137,0.3502510190010071,-0.6579163670539856,0.5974218845367432,0.35131072998046875,-0.6582750082015991,0.6159089803695679,0.3520127534866333,-0.658495306968689,0.508953332901001,0.3498607575893402,-0.6339472532272339,0.49114474654197693,0.352108359336853,-0.6339707374572754,0.47352418303489685,0.35449451208114624,-0.634609043598175,0.6468276381492615,0.3744511306285858,-0.36482951045036316,0.46760615706443787,0.3728126883506775,-0.26798883080482483,0.5759783387184143,0.5114697813987732,-0.5520888566970825,0.49737635254859924,0.4968869388103485,-0.5232511758804321,0.72662752866745,0.6641032695770264,-0.32821887731552124,0.3955352008342743,0.5994729399681091,0.07589203119277954,0.7442892789840698,0.9415175914764404,-0.5782788395881653,0.29317551851272583,0.8372448682785034,-0.18838588893413544,0.5419999957084656,0.8030442595481873,-0.695609450340271,0.33468538522720337,0.6794777512550354,-0.573104202747345,0.48596644401550293,0.7766420245170593,-0.7620646357536316,0.3376314342021942,0.6509649753570557,-0.6175450086593628,0.49844640493392944,0.7288130521774292,-0.706015944480896,0.32784372568130493,0.6178858280181885,-0.6002355217933655,0.504599392414093,0.7330940961837769,-0.6717463731765747,0.337007999420166,0.6380384564399719,-0.5815490484237671,0.6854184865951538,1.4177207946777344,-0.19792471826076508,0.47680073976516724,1.4037286043167114,0.2004760205745697,0.6601110696792603,1.5157488584518433,-0.2709146738052368,0.4323907792568207,1.5084507465362549,0.20702040195465088,0.6824907064437866,2.057067394256592,0.2780803143978119,0.52538001537323,2.054138422012329,0.5898679494857788,0.709204375743866,2.1522634029388428,0.318460613489151,0.5550970435142517,2.13627290725708,0.6104394197463989,0.620012640953064,2.19071364402771,0.014687550254166126,0.4577971398830414,2.218336582183838,0.38829976320266724,0.47410656099743914,0
2026-09-21T21:54:33.249628,S006,S006_A1_O_20260921_2154,front,A1,older,class_0,0.5387099981307983,0.4281975030899048,-0.6250829100608826,0.5768594741821289,0.34743624925613403,-0.6187474727630615,0.6000964045524597,0.3487182855606079,-0.619247317314148,0.618082582950592,0.34906381368637085,-0.6196576356887817,0.5153501033782959,0.3482763469219208,-0.594214141368866,0.49896854162216187,0.3513641655445099,-0.5942368507385254,0.4835485517978668,0.3544055223464966,-0.5949626564979553,0.6509636044502258,0.3722671866416931,-0.386793315410614,0.48109903931617737,0.3758944869041443,-0.27407315373420715,0.5832875370979309,0.5064775943756104,-0.5201302766799927,0.5629709362983704,0.49391934275627136,-0.48907899856567383,0.7350493669509888,0.658553957939148,-0.35885944962501526,0.4594925343990326,0.6066958904266357,0.0784277394413948,0.7393980622291565,0.9484713673591614,-0.4535089135169983,0.41030120849609375,0.881106436252594,0.15934033691883087,0.5406382083892822,0.8059368133544922,-0.3232131898403168,0.43523484468460083,0.7365598678588867,0.13257554173469543,0.48619040846824646,0.7813663482666016,-0.34080928564071655,0.43588200211524963,0.713362991809845,0.13429072499275208,0.4983455240726471,0.7316420674324036,-0.2999702990055084,0.4273409843444824,0.6796087026596069,0.1227784976363182,0.507064163684845,0.7392396926879883,-0.2981979250907898,0.4343404173851013,0.6922978758811951,0.12091101706027985,0.7276040315628052,1.3924661874771118,-0.1974300593137741,0.5164249539375305,1.3841403722763062,0.19992750883102417,0.6783322095870972,1.753919243812561,-0.16530370712280273,0.49168699979782104,1.7268651723861694,0.3749593496322632,0.7120696902275085,2.2917258739471436,0.3752138018608093,0.5356142520904541,2.283604860305786,0.7192913889884949,0.7364274263381958,2.380195379257202,0.41172680258750916,0.5571523904800415,2.3664162158966064,0.7385182976722717,0.6612492799758911,2.4278321266174316,0.06528592854738235,0.4885160028934479,2.4516029357910156,0.41319170594215393,0.4710376482795585,0
2026-09-21T21:54:33.353152,S006,S006_A1_O_20260921_2154,front,A1,older,class_0,0.5385674238204956,0.42402979731559753,-0.547812283039093,0.5766779184341431,0.3466377258300781,-0.5379626750946045,0.5984017848968506,0.34821632504463196,-0.5385137796401978,0.6171384453773499,0.3490825891494751,-0.5389586687088013,0.5167984366416931,0.3454917073249817,-0.5144435167312622,0.5002537965774536,0.3479124903678894,-0.5143946409225464,0.5167052745819092,0.3549949824810028,-0.5151354670524597,0.6489822268486023,0.3722919225692749,-0.3131215274333954,0.502658486366272,0.3763904869556427,-0.1990465223789215,0.5830674171447754,0.5045979022979736,-0.4423128664493561,0.5620321035385132,0.48091232776641846,-0.41232800483703613,0.7374873757362366,0.6552852392196655,-0.3010815680027008,0.4586413502693176,0.6070640683174133,0.13149133324623108,0.7817384600639343,0.9366627931594849,-0.48274707794189453,0.4107181429862976,0.8834765553474426,0.19287128746509552,0.5810885429382324,0.8076790571212769,-0.4914780259132385,0.44620394706726074,0.7415996789932251,0.12699362635612488,0.5311671495437622,0.7810394167900085,-0.5298393964767456,0.45341747999191284,0.7215041518211365,0.1295137107372284,0.5436712503433228,0.7285460829734802,-0.4766637682914734,0.4409293532371521,0.6860779523849487,0.12485645711421967,0.5530320405960083,0.7390153408050537,-0.4658989906311035,0.44455599784851074,0.6982094645500183,0.11784236133098602,0.7262805700302124,1.3908697366714478,-0.19451819360256195,0.5155177712440491,1.383191704750061,0.19695685803890228,0.6766769886016846,1.7681829929351807,-0.15463759005069733,0.4946466088294983,1.7355598211288452,0.3813803791999817,0.7144980430603027,2.301757574081421,0.37526583671569824,0.5340330600738525,2.3012137413024902,0.7231943607330322,0.7405513525009155,2.388390064239502,0.4118568003177643,0.5567692518234253,2.3854663372039795,0.7438193559646606,0.6619232892990112,2.4488024711608887,0.07099014520645142,0.48569387197494507,2.4783437252044678,0.41340717673301697,0.4676626280063029,0
2026-09-21T21:54:33.459405,S006,S006_A1_O_20260921_2154,front,A1,older,class_0,0.536841094493866,0.42020416259765625,-0.5823909640312195,0.5747874975204468,0.34550830721855164,-0.5675736665725708,0.594367504119873,0.3472493886947632,-0.5680403709411621,0.6113213300704956,0.3483200967311859,-0.568399965763092,0.5161278247833252,0.34154441952705383,-0.5494099855422974,0.5001014471054077,0.34405577182769775,-0.549352765083313,0.5189242362976074,0.35516050457954407,-0.5500339865684509,0.6431547403335571,0.3715671896934509,-0.31654250621795654,0.5019620060920715,0.37645280361175537,-0.2261415272951126,0.5810975432395935,0.500113308429718,-0.4659998416900635,0.5561665296554565,0.47435462474823,-0.44319862127304077,0.7332078218460083,0.6514710783958435,-0.2800508141517639,0.45430293679237366,0.6072263121604919,0.1066528931260109,0.7758148908615112,0.9776816964149475,-0.5041298866271973,0.3987881541252136,0.8845096230506897,0.13975904881954193,0.5791640877723694,0.8072978854179382,-0.5729045867919922,0.4370938837528229,0.7418007254600525,0.05117928236722946,0.5276520252227783,0.7805347442626953,-0.6298008561134338,0.4458432197570801,0.722433865070343,0.05002231523394585,0.5400992631912231,0.7275983691215515,-0.5681828260421753,0.43345189094543457,0.6864619851112366,0.04347061365842819,0.5504271984100342,0.7384823560714722,-0.5495986938476562,0.4361255168914795,0.6984722018241882,0.04164343327283859,0.7214251756668091,1.3935630321502686,-0.18102534115314484,0.5120077729225159,1.3845057487487793,0.18347379565238953,0.6750347018241882,1.7461440563201904,-0.13143189251422882,0.48955512046813965,1.7114759683609009,0.3754369914531708,0.7119967937469482,2.275747537612915,0.4133087694644928,0.5319668650627136,2.28486967086792,0.7361132502555847,0.7387396097183228,2.361854314804077,0.4521496295928955,0.5514202117919922,2.3719282150268555,0.7590639591217041,0.6579360365867615,2.4271514415740967,0.11621533334255219,0.4822046160697937,2.4650354385375977,0.4243849813938141,0.46699669274191064,0
2026-09-21T21:54:33.570913,S006,S006_A1_O_20260921_2154,front,A1,older,class_0,0.5346664190292358,0.4148353338241577,-0.6310442090034485,0.5728282928466797,0.34295856952667236,-0.614702582359314,0.5915075540542603,0.34488117694854736,-0.6151243448257446,0.6079978942871094,0.346170037984848,-0.615452766418457,0.5137913227081299,0.3360525667667389,-0.5945891737937927,0.4990983009338379,0.338626891374588,-0.5945546627044678,0.5014979839324951,0.345175564289093,-0.5951730608940125,0.6400868892669678,0.3699842393398285,-0.34703952074050903,0.4991188049316406,0.3750516474246979,-0.2314552515745163,0.5790693163871765,0.4957605004310608,-0.5091196298599243,0.5514039397239685,0.4693378806114197,-0.4837866723537445,0.7323443293571472,0.6514416337013245,-0.2969236373901367,0.4358981251716614,0.6073841452598572,0.05735202506184578,0.7635495066642761,0.9995623826980591,-0.5162559747695923,0.3700551986694336,0.894232988357544,-0.10208497941493988,0.5756638646125793,0.8021180033683777,-0.584097683429718,0.4305686056613922,0.7541821599006653,-0.4043019413948059,0.521180272102356,0.7659938335418701,-0.6369877457618713,0.4373960494995117,0.733137309551239,-0.43637722730636597,0.5314307808876038,0.7143616080284119,-0.5710853338241577,0.4256320893764496,0.7016340494155884,-0.40976113080978394,0.5447279214859009,0.7302631735801697,-0.5605119466781616,0.42942357063293457,0.7154139280319214,-0.4060487747192383,0.7143862843513489,1.3943780660629272,-0.15868185460567474,0.48979559540748596,1.3846701383590698,0.16117626428604126,0.6738755702972412,1.8244024515151978,-0.05327274277806282,0.4853319525718689,1.7844308614730835,0.3701760172843933,0.7102495431900024,2.3559439182281494,0.5141921639442444,0.5209309458732605,2.353083372116089,0.7634168863296509,0.7373296618461609,2.439790964126587,0.5522768497467041,0.5341759920120239,2.4379894733428955,0.7905014753341675,0.6554893255233765,2.51016902923584,0.18401029706001282,0.48033222556114197,2.5299596786499023,0.4261661469936371,0.4659629426332134,0
