timestamp,subject_id,session_id,camera_angle,angle_code,age_bracket,posture_class,x0,y0,z0,x1,y1,z1,x2,y2,z2,x3,y3,z3,x4,y4,z4,x5,y5,z5,x6,y6,z6,x7,y7,z7,x8,y8,z8,x9,y9,z9,x10,y10,z10,x11,y11,z11,x12,y12,z12,x13,y13,z13,x14,y14,z14,x15,y15,z15,x16,y16,z16,x17,y17,z17,x18,y18,z18,x19,y19,z19,x20,y20,z20,x21,y21,z21,x22,y22,z22,x23,y23,z23,x24,y24,z24,x25,y25,z25,x26,y26,z26,x27,y27,z27,x28,y28,z28,x29,y29,z29,x30,y30,z30,x31,y31,z31,x32,y32,z32,frame_quality,label
2026-09-24T12:26:09.276821,S012,S012_A5_Y_20260924_1226,elevated_20,A5,young,class_1,0.4787672162055969,0.25012415647506714,-1.8827463388442993,0.5224984884262085,0.15275010466575623,-1.7866837978363037,0.5517849922180176,0.15046872198581696,-1.7869049310684204,0.5814112424850464,0.15021371841430664,-1.7867730855941772,0.42839932441711426,0.15784099698066711,-1.7930257320404053,0.3964661955833435,0.1612451821565628,-1.7936233282089233,0.3712558448314667,0.1659565418958664,-1.7943893671035767,0.638069212436676,0.18697026371955872,-1.2641571760177612,0.3472605347633362,0.20928651094436646,-1.2659963369369507,0.5338006019592285,0.35981860756874084,-1.6877765655517578,0.42967337369918823,0.3607502579689026,-1.6901880502700806,0.830089271068573,0.7285912036895752,-0.847943127155304,0.2268591672182083,0.7723800539970398,-0.9426831007003784,0.9422613978385925,1.2197916507720947,-0.8335369825363159,0.1249561682343483,1.3749339580535889,-0.7176042795181274,0.8587368726730347,1.5588926076889038,-1.3461089134216309,0.16045644879341125,1.7274154424667358,-1.1185777187347412,0.8901094198226929,1.6890952587127686,-1.4944549798965454,0.15360531210899353,1.8754671812057495,-1.2494680881500244,0.8236376643180847,1.671718716621399,-1.5366151332855225,0.20698201656341553,1.845781922340393,-1.3347300291061401,0.8067620992660522,1.609001874923706,-1.3838714361190796,0.2194119691848755,1.7798384428024292,-1.163130283355713,0.7250829935073853,1.6546809673309326,-0.0623195543885231,0.3622678816318512,1.6688772439956665,0.06841589510440826,0.7535459995269775,2.360649585723877,0.006482309196144342,0.4245421886444092,2.376183032989502,0.169982448220253,0.7254477739334106,2.9990475177764893,1.135178565979004,0.42820674180984497,3.0004472732543945,1.0037041902542114,0.7202925682067871,3.127532958984375,1.2075700759887695,0.4188966155052185,3.1301827430725098,1.0580658912658691,0.6894751191139221,3.240036725997925,0.5732825994491577,0.5014829039573669,3.2375802993774414,0.36978012323379517,0.43163921078159934,1
2026-09-24T12:26:09.354785,S012,S012_A5_Y_20260924_1226,elevated_20,A5,young,class_1,0.48894333839416504,0.2210804671049118,-1.649722695350647,0.5359885692596436,0.12400675565004349,-1.5633381605148315,0.5675588846206665,0.12113849818706512,-1.5635693073272705,0.5968032479286194,0.12035451829433441,-1.5634502172470093,0.43066295981407166,0.13170982897281647,-1.5643527507781982,0.39714333415031433,0.1363503783941269,-1.5642398595809937,0.3740978240966797,0.14226818084716797,-1.5647168159484863,0.6637063026428223,0.16688518226146698,-1.1058368682861328,0.35142651200294495,0.19390220940113068,-1.0777404308319092,0.5571447610855103,0.3506185710430145,-1.4829072952270508,0.43806886672973633,0.35362228751182556,-1.4761707782745361,0.8618782162666321,0.7424543499946594,-0.819810688495636,0.20710161328315735,0.7995672225952148,-0.8440898060798645,1.0074130296707153,1.30267333984375,-0.8000096082687378,0.10196439921855927,1.4169360399246216,-0.7159808278083801,0.9154642224311829,1.6866904497146606,-1.1769516468048096,0.16710267961025238,1.8020555973052979,-1.248253583908081,0.9279508590698242,1.855713963508606,-1.3165199756622314,0.1622517853975296,1.9653873443603516,-1.3940017223358154,0.8308919668197632,1.8323726654052734,-1.3539999723434448,0.22797653079032898,1.932798981666565,-1.4671251773834229,0.824524998664856,1.7565439939498901,-1.2112514972686768,0.24019908905029297,1.8619377613067627,-1.2963815927505493,0.7639844417572021,1.7005008459091187,-0.07675560563802719,0.36632564663887024,1.7314929962158203,0.08358538150787354,0.7865196466445923,2.4801113605499268,0.15802136063575745,0.4338456690311432,2.5158534049987793,0.37900033593177795,0.7744945883750916,3.1226813793182373,1.400163173675537,0.4473544955253601,3.1483237743377686,1.327893853187561,0.7804478406906128,3.25575590133667,1.4817328453063965,0.44699734449386597,3.2878358364105225,1.399134874343872,0.7167388796806335,3.40480375289917,0.8328315019607544,0.5120841264724731,3.4130444526672363,0.6720693707466125,0.43052065082277596,1
2026-09-24T12:26:09.416372,S012,S012_A5_Y_20260924_1226,elevated_20,A5,young,class_1,0.4998449683189392,0.23818761110305786,-1.3451310396194458,0.5488777160644531,0.14091745018959045,-1.2309229373931885,0.5805109143257141,0.139588862657547,-1.2305647134780884,0.6088696718215942,0.14043830335140228,-1.2299840450286865,0.436358779668808,0.14361953735351562,-1.2246547937393188,0.40097108483314514,0.1465786248445511,-1.2239128351211548,0.37646082043647766,0.15070557594299316,-1.2241193056106567,0.6755223870277405,0.1894160807132721,-0.7919277548789978,0.355211466550827,0.20506320893764496,-0.7331994771957397,0.5661380290985107,0.3520635664463043,-1.1982829570770264,0.45054417848587036,0.3588748574256897,-1.18526029586792,0.8689983487129211,0.768543541431427,-0.7279830574989319,0.19852043688297272,0.8218904733657837,-0.655531644821167,1.0204927921295166,1.3473827838897705,-0.6302902102470398,0.10382179915904999,1.4223488569259644,-0.6470344066619873,0.9270801544189453,1.7560040950775146,-1.0258581638336182,0.16496625542640686,1.8387982845306396,-1.447540521621704,0.9333715438842773,1.9319572448730469,-1.141071081161499,0.15288376808166504,2.0099704265594482,-1.624424695968628,0.8400130271911621,1.904281735420227,-1.2801270484924316,0.21928951144218445,1.972227692604065,-1.6950973272323608,0.8274580240249634,1.8327397108078003,-1.10775887966156,0.23704154789447784,1.9043303728103638,-1.5046932697296143,0.7665828466415405,1.7681337594985962,-0.07327380031347275,0.3623614013195038,1.7887901067733765,0.0799252837896347,0.7767893671989441,2.5615923404693604,0.23473258316516876,0.42132502794265747,2.5955934524536133,0.510185182094574,0.7722687721252441,3.227358102798462,1.4300051927566528,0.4361112713813782,3.2422916889190674,1.4899179935455322,0.7825911641120911,3.3636481761932373,1.5068483352661133,0.43499112129211426,3.3735148906707764,1.568533182144165,0.7183233499526978,3.490583896636963,0.8480793833732605,0.5050818920135498,3.511990547180176,0.8352007865905762,0.4316714633199753,1
2026-09-24T12:26:09.482259,S012,S012_A5_Y_20260924_1226,elevated_20,A5,young,class_1,0.49658188223838806,0.26314935088157654,-1.4180034399032593,0.5432544946670532,0.14580479264259338,-1.3318445682525635,0.573689341545105,0.14392945170402527,-1.3317220211029053,0.6005679368972778,0.1439947634935379,-1.331473708152771,0.435535192489624,0.15667210519313812,-1.323171854019165,0.4015319347381592,0.16262753307819366,-1.3225266933441162,0.37786877155303955,0.1692662239074707,-1.322862982749939,0.6616771221160889,0.191518172621727,-0.8575429916381836,0.35764163732528687,0.22204473614692688,-0.7899960279464722,0.5612727403640747,0.38298073410987854,-1.248611330986023,0.449773371219635,0.38984718918800354,-1.2314536571502686,0.8694650530815125,0.7882540225982666,-0.640288233757019,0.19987772405147552,0.829309344291687,-0.6459116339683533,1.0069019794464111,1.3592703342437744,-0.7246434688568115,0.10645977407693863,1.4087249040603638,-0.8265470266342163,0.9283196330070496,1.7523894309997559,-1.2536380290985107,0.16332882642745972,1.8180941343307495,-1.7908214330673218,0.935502827167511,1.9226219654083252,-1.424304485321045,0.15211144089698792,1.9856065511703491,-2.0043320655822754,0.8458002805709839,1.9016664028167725,-1.460800290107727,0.21209163963794708,1.9593175649642944,-2.085210084915161,0.830930233001709,1.829633116722107,-1.2939939498901367,0.23117771744728088,1.8921802043914795,-1.856156349182129,0.7674379348754883,1.784753441810608,-0.07225749641656876,0.3610767126083374,1.7990747690200806,0.07929055392742157,0.7692031860351562,2.5671744346618652,0.24547764658927917,0.4204784035682678,2.5974109172821045,0.6412737965583801,0.7689117789268494,3.2353029251098633,1.4369895458221436,0.42942601442337036,3.251938819885254,1.7337045669555664,0.7830884456634521,3.3745429515838623,1.5121338367462158,0.42922359704971313,3.385042428970337,1.8215805292129517,0.7077163457870483,3.4905266761779785,0.7754412889480591,0.49905410408973694,3.517613172531128,1.0340237617492676,0.43151869832036027,1
2026-09-24T12:26:09.547586,S012,S012_A5_Y_20260924_1226,elevated_20,A5,young,class_1,0.4940759241580963,0.29400354623794556,-1.3483588695526123,0.5381351709365845,0.17336034774780273,-1.2786848545074463,0.5674093961715698,0.1713353842496872,-1.2787166833877563,0.5931164622306824,0.16951029002666473,-1.2787245512008667,0.4348828196525574,0.17725366353988647,-1.2710251808166504,0.4020008444786072,0.17919358611106873,-1.2707957029342651,0.3789791464805603,0.18024782836437225,-1.2712352275848389,0.6501531600952148,0.20925050973892212,-0.8176582455635071,0.35931387543678284,0.22653892636299133,-0.74384605884552,0.557440996170044,0.4051508605480194,-1.2013206481933594,0.4491760730743408,0.41176366806030273,-1.1861015558242798,0.8697357177734375,0.8054932355880737,-0.6262093782424927,0.19746430218219757,0.8482626080513,-0.6269940137863159,1.0156428813934326,1.3722316026687622,-0.6393724679946899,0.10851447284221649,1.4275139570236206,-0.7595452666282654,0.9451748132705688,1.7932850122451782,-1.1078405380249023,0.1625891774892807,1.8527246713638306,-1.6518968343734741,0.9646413922309875,1.9745084047317505,-1.2681400775909424,0.1425526738166809,2.0167429447174072,-1.8587592840194702,0.864079475402832,1.9603707790374756,-1.309673547744751,0.20858462154865265,1.9970322847366333,-1.9521961212158203,0.8494906425476074,1.8899770975112915,-1.1497907638549805,0.22729070484638214,1.9324843883514404,-1.7226831912994385,0.7644622921943665,1.8193612098693848,-0.07073680311441422,0.3561874032020569,1.8357843160629272,0.07763258367776871,0.759929895401001,2.6192374229431152,0.28251078724861145,0.4104648232460022,2.646428108215332,0.5065236687660217,0.7593410015106201,3.302067756652832,1.4890272617340088,0.4265383183956146,3.314910650253296,1.464570164680481,0.7733289003372192,3.4427947998046875,1.567484974861145,0.4257519841194153,3.4489104747772217,1.5430094003677368,0.6988351941108704,3.551950216293335,0.8642976880073547,0.4913783669471741,3.57509183883667,0.7765325307846069,0.4315093634151818,1
2026-09-24T12:26:09.617505,S012,S012_A5_Y_20260924_1226,elevated_20,A5,young,class_1,0.4928656220436096,0.32050415873527527,-1.2544500827789307,0.5350955724716187,0.2134501338005066,-1.195804238319397,0.5637452602386475,0.2123401015996933,-1.1955748796463013,0.5887681841850281,0.21049778163433075,-1.1957995891571045,0.43537062406539917,0.21606065332889557,-1.1772140264511108,0.4035176634788513,0.21804267168045044,-1.1764500141143799,0.3815344274044037,0.21922652423381805,-1.1768121719360352,0.6431809663772583,0.2428334802389145,-0.7716315984725952,0.3613522946834564,0.2581310272216797,-0.659737765789032,0.5561974048614502,0.4224921464920044,-1.10288405418396,0.4489457607269287,0.4292515516281128,-1.0700843334197998,0.8655861616134644,0.8028953671455383,-0.6162156462669373,0.19965533912181854,0.8390470147132874,-0.5453688502311707,1.0200464725494385,1.377875804901123,-0.6484765410423279,0.10907617956399918,1.4068652391433716,-0.7038700580596924,0.9451217651367188,1.815739393234253,-1.0765013694763184,0.15261276066303253,1.8334126472473145,-1.5668563842773438,0.9671465158462524,1.970603108406067,-1.233534812927246,0.11899322271347046,1.9937896728515625,-1.761914849281311,0.8643039464950562,1.9583091735839844,-1.2624132633209229,0.1985994577407837,1.9770159721374512,-1.8467073440551758,0.8497494459152222,1.8922655582427979,-1.1121060848236084,0.22307495772838593,1.9157958030700684,-1.633177399635315,0.7606760263442993,1.8202556371688843,-0.07719306647777557,0.3535507321357727,1.8258800506591797,0.08465544879436493,0.7536720037460327,2.6316640377044678,0.27729588747024536,0.383070170879364,2.6407008171081543,0.5849277973175049,0.7465885877609253,3.324223518371582,1.408003330230713,0.38711613416671753,3.3184618949890137,1.563871145248413,0.7633984684944153,3.4633209705352783,1.4807791709899902,0.38395220041275024,3.450819253921509,1.6469790935516357,0.666804850101471,3.575456380844116,0.7808478474617004,0.45140209794044495,3.5857465267181396,0.8936951756477356,0.431092496605164,1
2026-09-24T12:26:09.692867,S012,S012_A5_Y_20260924_1226,elevated_20,A5,young,class_1,0.49363651871681213,0.3515843152999878,-1.0355287790298462,0.5345169305801392,0.25188854336738586,-0.9896397590637207,0.5621410012245178,0.25090059638023376,-0.989166259765625,0.5861207842826843,0.25064268708229065,-0.9890645146369934,0.4399816393852234,0.25616946816444397,-0.9741834402084351,0.40916961431503296,0.2591840624809265,-0.9732493162155151,0.38854557275772095,0.2624201774597168,-0.9735353589057922,0.6423012018203735,0.28021329641342163,-0.6447033882141113,0.3669988811016083,0.29941806197166443,-0.5466747879981995,0.5547290444374084,0.4487505853176117,-0.9031018018722534,0.4495273232460022,0.45748665928840637,-0.8751415014266968,0.8593665957450867,0.8006038665771484,-0.447049617767334,0.20184218883514404,0.8334387540817261,-0.45116108655929565,1.0072219371795654,1.3617770671844482,-0.4873062074184418,0.10961021482944489,1.4037055969238281,-0.47339925169944763,0.9351876974105835,1.7797361612319946,-0.8612179756164551,0.15238909423351288,1.8165563344955444,-1.0873819589614868,0.9538019299507141,1.929426670074463,-1.0140211582183838,0.11797133833169937,1.9756230115890503,-1.2491624355316162,0.859306812286377,1.9188076257705688,-1.0427786111831665,0.19693493843078613,1.9749079942703247,-1.3434137105941772,0.8422116041183472,1.8542484045028687,-0.8998080492019653,0.2216588705778122,1.9104914665222168,-1.1534942388534546,0.7585021257400513,1.7931935787200928,-0.07313494384288788,0.3498791456222534,1.8015793561935425,0.08099214732646942,0.7283263206481934,2.5850989818573,0.16772040724754333,0.3576076626777649,2.5940089225769043,0.25253790616989136,0.7127946615219116,3.2768471240997314,1.0343643426895142,0.3606104254722595,3.269514322280884,0.8954296112060547,0.7265405058860779,3.4057748317718506,1.0833137035369873,0.3599594533443451,3.3950347900390625,0.9417188763618469,0.6349335312843323,3.5159780979156494,0.4198940396308899,0.4113849997520447,3.516832113265991,0.20956778526306152,0.4311978856252553,1
2026-09-24T12:26:09.746851,S012,S012_A5_Y_20260924_1226,elevated_20,A5,young,class_1,0.4937985837459564,0.36424386501312256,-1.0664540529251099,0.533302366733551,0.269243448972702,-1.0116605758666992,0.5605341196060181,0.26815253496170044,-1.0112665891647339,0.5844959020614624,0.26843827962875366,-1.0111770629882812,0.4420834183692932,0.27627086639404297,-1.0014946460723877,0.4126611649990082,0.28055107593536377,-1.0005383491516113,0.3931679129600525,0.28512656688690186,-1.0008357763290405,0.6381101608276367,0.30269211530685425,-0.6489374041557312,0.3698848783969879,0.324476033449173,-0.5752923488616943,0.553572416305542,0.4580625891685486,-0.9284777641296387,0.449862003326416,0.4683336317539215,-0.9080731272697449,0.8556154370307922,0.7979539632797241,-0.44281917810440063,0.20045912265777588,0.8322824239730835,-0.4781433641910553,1.0041580200195312,1.3536391258239746,-0.4963058531284332,0.10940905660390854,1.3922885656356812,-0.4979479908943176,0.9409515261650085,1.771386981010437,-0.8852950930595398,0.1505991369485855,1.8023179769515991,-1.1169286966323853,0.9669371843338013,1.9200074672698975,-1.0373404026031494,0.11444400250911713,1.9548869132995605,-1.315009593963623,0.8710905313491821,1.911108136177063,-1.0734018087387085,0.19458457827568054,1.947825312614441,-1.4126943349838257,0.8501619100570679,1.849711537361145,-0.9263437390327454,0.22127099335193634,1.8862709999084473,-1.197914719581604,0.7570757269859314,1.783711552619934,-0.06952009350061417,0.3460703492164612,1.7914515733718872,0.07805304229259491,0.724929928779602,2.581496238708496,0.14575491845607758,0.34870585799217224,2.587341547012329,0.22996023297309875,0.7126554846763611,3.2799158096313477,1.0340896844863892,0.358808696269989,3.267141580581665,0.8985322713851929,0.7264767289161682,3.4102723598480225,1.086094856262207,0.3582177758216858,3.3925559520721436,0.9474388360977173,0.636863112449646,3.5146632194519043,0.41854172945022583,0.41410398483276367,3.509653329849243,0.2183125764131546,0.4310071651346913,1
2026-09-24T12:26:09.816690,S012,S012_A5_Y_20260924_1226,elevated_20,A5,young,class_1,0.49448341131210327,0.37326350808143616,-1.076477289199829,0.5330833792686462,0.27801188826560974,-1.016561508178711,0.5597373843193054,0.2767272889614105,-1.0162522792816162,0.5831779837608337,0.2772027552127838,-1.0162949562072754,0.4444437623023987,0.2874298691749573,-1.0119984149932861,0.4157969057559967,0.29267433285713196,-1.0111030340194702,0.3966757655143738,0.29802119731903076,-1.0114623308181763,0.6365270614624023,0.3141067326068878,-0.6383472681045532,0.37159961462020874,0.33856967091560364,-0.5899688005447388,0.5532907247543335,0.46633973717689514,-0.9330376386642456,0.45025891065597534,0.47797146439552307,-0.919796347618103,0.8548480272293091,0.7981351017951965,-0.42876261472702026,0.2003755271434784,0.8332127332687378,-0.49127158522605896,1.002333641052246,1.3511544466018677,-0.49221426248550415,0.10308990627527237,1.3913440704345703,-0.5141600966453552,0.9506290555000305,1.7806472778320312,-0.898566722869873,0.14002636075019836,1.8051838874816895,-1.105600118637085,0.983171284198761,1.934935450553894,-1.0498826503753662,0.10290686786174774,1.9537464380264282,-1.2804851531982422,0.8855165243148804,1.929585337638855,-1.088320016860962,0.1829242706298828,1.9485337734222412,-1.3793259859085083,0.8626440763473511,1.8662145137786865,-0.9413549304008484,0.2104722261428833,1.8884377479553223,-1.175366997718811,0.7540462017059326,1.7943440675735474,-0.06378912180662155,0.342861533164978,1.802633285522461,0.07244495302438736,0.7210774421691895,2.6027939319610596,0.10660497844219208,0.3430631756782532,2.6110215187072754,0.18663667142391205,0.7121122479438782,3.313136577606201,0.9704364538192749,0.3577694296836853,3.303534507751465,0.8099514245986938,0.725841224193573,3.4461259841918945,1.0196902751922607,0.3577154576778412,3.431504011154175,0.8528796434402466,0.6381880044937134,3.5483901500701904,0.35824185609817505,0.41333192586898804,3.5427396297454834,0.13239839673042297,0.43069079205490585,1
2026-09-24T12:26:09.883696,S012,S012_A5_Y_20260924_1226,elevated_20,A5,young,class_1,0.49512094259262085,0.4094703793525696,-1.104204535484314,0.5329858660697937,0.3132314682006836,-1.0432991981506348,0.559230387210846,0.31070759892463684,-1.0430524349212646,0.5822430849075317,0.3095795810222626,-1.0430465936660767,0.4471939504146576,0.3225223124027252,-1.03711998462677,0.41961780190467834,0.3265351951122284,-1.0363105535507202,0.40117985010147095,0.3312416970729828,-1.0366854667663574,0.6329533457756042,0.34671255946159363,-0.6545487642288208,0.3751906752586365,0.3723984658718109,-0.6037720441818237,0.5526767373085022,0.49671900272369385,-0.9576390385627747,0.4507550597190857,0.5089145302772522,-0.9431792497634888,0.8528318405151367,0.8092474341392517,-0.40763869881629944,0.20116467773914337,0.843891441822052,-0.4987866282463074,1.000733494758606,1.356682300567627,-0.44939273595809937,0.1019425243139267,1.3930697441101074,-0.4888046681880951,0.9573951959609985,1.7790796756744385,-0.8804030418395996,0.1305803507566452,1.8053780794143677,-1.0681583881378174,0.9926508665084839,1.9289333820343018,-1.0336846113204956,0.09120554476976395,1.9522119760513306,-1.2416813373565674,0.8998103141784668,1.9254931211471558,-1.0840257406234741,0.1707286536693573,1.9467487335205078,-1.3476145267486572,0.8741586804389954,1.8641918897628784,-0.929649829864502,0.19940650463104248,1.8871344327926636,-1.1383440494537354,0.7440366148948669,1.8006458282470703,-0.06362609565258026,0.3384755253791809,1.8061100244522095,0.07213841378688812,0.7055653929710388,2.601526975631714,0.012447038665413857,0.33490294218063354,2.6067283153533936,0.12813019752502441,0.698879599571228,3.3030028343200684,0.8180764317512512,0.35250747203826904,3.2940945625305176,0.6911676526069641,0.7123904824256897,3.4305801391601562,0.8594075441360474,0.35365745425224304,3.4187638759613037,0.7265034914016724,0.6232848167419434,3.534356117248535,0.17224201560020447,0.40608492493629456,3.5275967121124268,-0.009423001669347286,0.4310845183510647,1
2026-09-24T12:26:09.965651,S012,S012_A5_Y_20260924_1226,elevated_20,A5,young,class_1,0.4970727860927582,0.4551723301410675,-1.1072230339050293,0.5333856344223022,0.3588963747024536,-1.0488414764404297,0.5593481659889221,0.355631947517395,-1.0484161376953125,0.5816816091537476,0.3538495600223541,-1.0483211278915405,0.44951048493385315,0.36504971981048584,-1.0405352115631104,0.42229729890823364,0.3663922846317291,-1.0391180515289307,0.4040681719779968,0.3694573938846588,-1.0394988059997559,0.6317884922027588,0.383694589138031,-0.6597188711166382,0.37645038962364197,0.40140724182128906,-0.6109742522239685,0.5529084801673889,0.5429931879043579,-0.9705097079277039,0.4523378014564514,0.551734209060669,-0.9541345834732056,0.8515011668205261,0.8275595307350159,-0.397545725107193,0.20084206759929657,0.8564680218696594,-0.48164743185043335,0.9990538358688354,1.3676841259002686,-0.4278760552406311,0.09396299719810486,1.409690499305725,-0.4160323143005371,0.9553759694099426,1.79241943359375,-0.8681930303573608,0.1291528344154358,1.823573350906372,-0.9735434651374817,0.989374041557312,1.943254828453064,-1.027031660079956,0.0921490341424942,1.9719436168670654,-1.1484023332595825,0.8985238075256348,1.9384944438934326,-1.0814012289047241,0.17078235745429993,1.9601726531982422,-1.2526094913482666,0.8735302686691284,1.8772263526916504,-0.9203094244003296,0.19875851273536682,1.900307059288025,-1.0409517288208008,0.7420874238014221,1.8150584697723389,-0.06493960320949554,0.3362621068954468,1.8204983472824097,0.07335232198238373,0.7049915194511414,2.6165266036987305,0.026222344487905502,0.3367866575717926,2.6184816360473633,0.14788976311683655,0.699411153793335,3.3188092708587646,0.8799665570259094,0.35446763038635254,3.309199333190918,0.762377142906189,0.7127105593681335,3.4447014331817627,0.9246471524238586,0.35505416989326477,3.4324800968170166,0.8038963079452515,0.6258722543716431,3.55407977104187,0.2049332559108734,0.4083040654659271,3.54388689994812,0.03060537576675415,0.4304659832846069,1
2026-09-24T12:26:10.023392,S012,S012_A5_Y_20260924_1226,elevated_20,A5,young,class_1,0.5006690621376038,0.4692547619342804,-1.1555123329162598,0.53468257188797,0.37494781613349915,-1.0756728649139404,0.5598812699317932,0.37196269631385803,-1.075689435005188,0.5814414620399475,0.37024763226509094,-1.075812578201294,0.45465612411499023,0.3794488310813904,-1.0820938348770142,0.42778176069259644,0.38021695613861084,-1.0805286169052124,0.4084402620792389,0.3831219971179962,-1.0809742212295532,0.6313323378562927,0.40002596378326416,-0.6465100646018982,0.3789934813976288,0.41773515939712524,-0.6144067049026489,0.5543414354324341,0.5593366026878357,-0.9798364639282227,0.455512672662735,0.5686912536621094,-0.9808440208435059,0.8484452366828918,0.8387458920478821,-0.36006104946136475,0.1948675811290741,0.8646278977394104,-0.47110995650291443,0.9987664222717285,1.379597783088684,-0.3676925003528595,0.08558434993028641,1.4322501420974731,-0.4353826642036438,0.9657120704650879,1.7997599840164185,-0.8274133801460266,0.12070003896951675,1.8419219255447388,-1.0230293273925781,1.004822850227356,1.9487937688827515,-0.981744110584259,0.08626358211040497,1.989888072013855,-1.153104543685913,0.9172941446304321,1.9450515508651733,-1.0389699935913086,0.16421659290790558,1.9738742113113403,-1.2998931407928467,0.8896160125732422,1.8861515522003174,-0.8809124231338501,0.19046084582805634,1.9147027730941772,-1.0774312019348145,0.7311862707138062,1.8358440399169922,-0.06802786141633987,0.3234070837497711,1.8402403593063354,0.07659316062927246,0.700365424156189,2.640754461288452,-0.013071805238723755,0.3313900828361511,2.643285036087036,0.17450068891048431,0.6952873468399048,3.345905303955078,0.8480580449104309,0.34814101457595825,3.3365018367767334,0.790678858757019,0.7080549597740173,3.474198579788208,0.8896708488464355,0.34709638357162476,3.4609999656677246,0.8298410177230835,0.6209966540336609,3.580361843109131,0.13064433634281158,0.4043167233467102,3.574683904647827,0.03258315473794937,0.42976572366354626,1
2026-09-24T12:26:10.086684,S012,S012_A5_Y_20260924_1226,elevated_20,A5,young,class_1,0.5005608201026917,0.5088752508163452,-1.3245948553085327,0.5349726676940918,0.41845595836639404,-1.253320336341858,0.5601209402084351,0.4158111810684204,-1.2533924579620361,0.5812598466873169,0.4151603579521179,-1.2535325288772583,0.4554252624511719,0.4239760637283325,-1.2564196586608887,0.4287942349910736,0.4278820753097534,-1.2552928924560547,0.40928488969802856,0.43254658579826355,-1.2557775974273682,0.6294192671775818,0.439558207988739,-0.7486225962638855,0.3800359070301056,0.46400249004364014,-0.7289606332778931,0.5546343326568604,0.5953201651573181,-1.126928687095642,0.4574365019798279,0.6064983606338501,-1.1232950687408447,0.8492159843444824,0.8809648752212524,-0.3778800070285797,0.19761046767234802,0.8753435015678406,-0.5301176309585571,0.9974513053894043,1.3967365026474,-0.40318551659584045,0.07071558386087418,1.422973871231079,-0.5268134474754333,0.9634852409362793,1.812742829322815,-0.9638576507568359,0.1023825854063034,1.8472462892532349,-1.181217908859253,1.0009088516235352,1.9630582332611084,-1.1204103231430054,0.06720872223377228,2.001840829849243,-1.3644384145736694,0.9148451089859009,1.965915322303772,-1.1954805850982666,0.14890587329864502,1.9993194341659546,-1.4744969606399536,0.8884100914001465,1.9057704210281372,-1.0259979963302612,0.1728551685810089,1.9379230737686157,-1.2421619892120361,0.7265823483467102,1.867994785308838,-0.061479441821575165,0.32361653447151184,1.8649182319641113,0.06974903494119644,0.6963021755218506,2.67299747467041,0.012747883796691895,0.33181074261665344,2.6670022010803223,0.08700332045555115,0.6957987546920776,3.3848626613616943,0.8701494932174683,0.3498302102088928,3.374488115310669,0.6949785947799683,0.7083998322486877,3.5139546394348145,0.9098323583602905,0.3486638367176056,3.4983668327331543,0.729128360748291,0.6228057146072388,3.6182119846343994,0.12344106286764145,0.40462931990623474,3.6133530139923096,-0.13131383061408997,0.42939378788860544,1
2026-09-24T12:26:10.139620,S012,S012_A5_Y_20260924_1226,elevated_20,A5,young,class_1,0.4986034035682678,0.5217778086662292,-1.3821858167648315,0.5320796370506287,0.4327278435230255,-1.3088631629943848,0.55726158618927,0.42997339367866516,-1.3094217777252197,0.5783226490020752,0.4289751648902893,-1.3097798824310303,0.45474153757095337,0.44236084818840027,-1.2901952266693115,0.4286840856075287,0.44695553183555603,-1.2895491123199463,0.4091857373714447,0.4525910019874573,-1.290037989616394,0.6232474446296692,0.4540471136569977,-0.75462806224823,0.38343435525894165,0.483384907245636,-0.6873894929885864,0.552946150302887,0.6076683402061462,-1.1693865060806274,0.45816659927368164,0.6206458210945129,-1.141049861907959,0.8486394882202148,0.8849881887435913,-0.4067192077636719,0.2428484857082367,0.8739873766899109,-0.3640501797199249,0.9979249835014343,1.3885449171066284,-0.6301239728927612,0.07186838239431381,1.339282751083374,-1.022340178489685,0.9529517292976379,1.793388843536377,-1.1373379230499268,0.12079280614852905,1.1926239728927612,-2.47686505317688,0.9736630320549011,1.9475921392440796,-1.2818547487258911,0.11422023922204971,1.181366205215454,-2.750253200531006,0.9013937711715698,1.9192750453948975,-1.3435693979263306,0.161102294921875,1.1289976835250854,-2.736823797225952,0.8813605308532715,1.86390221118927,-1.1818482875823975,0.1786653697490692,1.142320990562439,-2.517428159713745,0.7365754246711731,1.8771437406539917,-0.07829487323760986,0.33802440762519836,1.8715850114822388,0.0850292295217514,0.7188421487808228,2.6794486045837402,-0.08046986162662506,0.33983713388442993,2.666029453277588,0.23773285746574402,0.7233424782752991,3.3887581825256348,0.655490517616272,0.36453646421432495,3.371678113937378,0.8040561676025391,0.7367464303970337,3.5103423595428467,0.6777963042259216,0.36458227038383484,3.4877092838287354,0.818932831287384,0.6547062993049622,3.6149656772613525,-0.18054474890232086,0.41730326414108276,3.610440254211426,0.013119883835315704,0.43691451796009706,1
2026-09-24T12:26:10.203564,S012,S012_A5_Y_20260924_1226,elevated_20,A5,young,class_1,0.49622052907943726,0.5279577970504761,-1.3995494842529297,0.5295361280441284,0.4380924105644226,-1.3269693851470947,0.5546747446060181,0.43542513251304626,-1.327730417251587,0.5761317014694214,0.434196412563324,-1.3281186819076538,0.45413175225257874,0.44719043374061584,-1.3022515773773193,0.4286136031150818,0.4510006606578827,-1.3018410205841064,0.40907588601112366,0.4562823474407196,-1.3024108409881592,0.6187166571617126,0.45887187123298645,-0.7555735111236572,0.3863268494606018,0.48547127842903137,-0.6551963090896606,0.5503517389297485,0.6120828986167908,-1.1800059080123901,0.45807451009750366,0.6245052218437195,-1.145888090133667,0.8481063842773438,0.887165904045105,-0.4138994812965393,0.2624458372592926,0.8712571263313293,-0.30022817850112915,0.9863790273666382,1.383489966392517,-0.6646830439567566,0.06607213616371155,1.2168792486190796,-0.989791750907898,0.9286251068115234,1.7869888544082642,-1.1510636806488037,0.12237536907196045,1.0831907987594604,-2.3914389610290527,0.943215012550354,1.944862723350525,-1.2909984588623047,0.12005291879177094,1.079110860824585,-2.656000852584839,0.8812945485115051,1.9021011590957642,-1.364377737045288,0.16378043591976166,1.0359835624694824,-2.641472101211548,0.8640155792236328,1.8485872745513916,-1.1980730295181274,0.1788485199213028,1.049067497253418,-2.4317445755004883,0.739690363407135,1.8773351907730103,-0.08853352814912796,0.3503405451774597,1.870090126991272,0.09449146687984467,0.7328935265541077,2.6848933696746826,-0.13875840604305267,0.36054226756095886,2.6674320697784424,0.17250287532806396,0.7453066110610962,3.403836965560913,0.530924916267395,0.3931742310523987,3.385082483291626,0.652340829372406,0.7590369582176208,3.523118019104004,0.5447415113449097,0.3952730894088745,3.496609687805176,0.6690754294395447,0.6808035373687744,3.623657464981079,-0.3366050720214844,0.4426752030849457,3.6203553676605225,-0.1998460292816162,0.4438672594667217,1
2026-09-24T12:26:10.268388,S012,S012_A5_Y_20260924_1226,elevated_20,A5,young,class_1,0.4940701425075531,0.5322598814964294,-1.3504995107650757,0.5263950228691101,0.441494882106781,-1.2763090133666992,0.5517646670341492,0.4393785297870636,-1.276551365852356,0.5741341710090637,0.438422828912735,-1.2766873836517334,0.4531036913394928,0.4511984884738922,-1.2800168991088867,0.42829665541648865,0.4555087387561798,-1.2791874408721924,0.4089718759059906,0.46177518367767334,-1.2802702188491821,0.6173850893974304,0.46719834208488464,-0.7473575472831726,0.3882632255554199,0.49716076254844666,-0.554370105266571,0.5497929453849792,0.6200825572013855,-1.1598790884017944,0.4584212303161621,0.6335154175758362,-1.1023833751678467,0.8477908372879028,0.8814826607704163,-0.45721039175987244,0.2791719436645508,0.8956668972969055,-0.2486650049686432,1.0052738189697266,1.3823233842849731,-0.6709571480751038,0.06797377020120621,1.3038054704666138,-1.0168087482452393,0.9655131101608276,1.794060230255127,-1.1163049936294556,0.1368950605392456,1.024545669555664,-2.5171828269958496,0.9907920956611633,1.9499539136886597,-1.2292016744613647,0.1512388437986374,0.9202569127082825,-2.787691116333008,0.9226022958755493,1.919432520866394,-1.2735202312469482,0.18376289308071136,0.8853042125701904,-2.749173879623413,0.8994714617729187,1.868952989578247,-1.184699296951294,0.2121841162443161,0.9157225489616394,-2.5492701530456543,0.7701843976974487,1.90147066116333,-0.1641307771205902,0.3897322416305542,1.9077199697494507,0.1694875955581665,0.7749392986297607,2.7229042053222656,-0.2525307536125183,0.4164283275604248,2.729200601577759,0.3601868748664856,0.8027315139770508,3.458754062652588,0.4490438997745514,0.46823006868362427,3.439805746078491,0.9132914543151855,0.8288125991821289,3.5797486305236816,0.46498093008995056,0.47703489661216736,3.5440621376037598,0.946700930595398,0.7270914316177368,3.6619837284088135,-0.38590577244758606,0.4993894696235657,3.681565761566162,0.11182235181331635,0.4532590152822112,1
2026-09-24T12:26:10.335422,S012,S012_A5_Y_20260924_1226,elevated_20,A5,young,class_1,0.49199023842811584,0.5255101919174194,-1.35551118850708,0.5237805843353271,0.4319572150707245,-1.2823764085769653,0.5495551228523254,0.4299148619174957,-1.2828342914581299,0.572716236114502,0.4289586842060089,-1.2829735279083252,0.4523128569126129,0.44125619530677795,-1.2598204612731934,0.4281681478023529,0.4456024169921875,-1.2590961456298828,0.4092330038547516,0.45166581869125366,-1.2596964836120605,0.6163250207901001,0.45812004804611206,-0.7496375441551208,0.3953709006309509,0.48819950222969055,-0.5557724833488464,0.5488677620887756,0.6131868362426758,-1.160327672958374,0.4584132134914398,0.628484308719635,-1.1049385070800781,0.8540717959403992,0.891004741191864,-0.4789639413356781,0.2930377721786499,0.8979056477546692,-0.3033515214920044,1.0258945226669312,1.3923965692520142,-0.6449472308158875,0.06961976736783981,1.3066221475601196,-1.1005756855010986,0.9856270551681519,1.8178009986877441,-0.9793626070022583,0.16465415060520172,0.9955140948295593,-2.5419323444366455,1.0121262073516846,1.9759117364883423,-1.0741028785705566,0.1874847710132599,0.8794350028038025,-2.804673910140991,0.9391179084777832,1.948585867881775,-1.1064364910125732,0.23633494973182678,0.8501224517822266,-2.7551825046539307,0.9153682589530945,1.8969669342041016,-1.0118861198425293,0.2536419630050659,0.8859804272651672,-2.5655863285064697,0.7857984304428101,1.924456000328064,-0.1776856929063797,0.3998051881790161,1.92495596408844,0.18301348388195038,0.7750684022903442,2.75054931640625,-0.18694442510604858,0.41012826561927795,2.7567107677459717,0.4718993604183197,0.7951617240905762,3.4873220920562744,0.6078357696533203,0.45573991537094116,3.465406894683838,1.158376693725586,0.8191633224487305,3.608140707015991,0.6348233222961426,0.4651428163051605,3.5667097568511963,1.2097679376602173,0.721942663192749,3.6947147846221924,-0.2167162150144577,0.4890252649784088,3.7138688564300537,0.36436861753463745,0.46293219811647734,1
2026-09-24T12:26:10.390969,S012,S012_A5_Y_20260924_1226,elevated_20,A5,young,class_1,0.4877167344093323,0.5296351313591003,-1.3363525867462158,0.520039975643158,0.43385571241378784,-1.2664461135864258,0.546664834022522,0.4308178126811981,-1.2666871547698975,0.570942759513855,0.42897242307662964,-1.2667787075042725,0.4490731358528137,0.44557657837867737,-1.248043179512024,0.42737212777137756,0.4497838318347931,-1.2474008798599243,0.40917330980300903,0.4554835855960846,-1.2480931282043457,0.6158497333526611,0.4580221474170685,-0.738119900226593,0.3983626961708069,0.49266621470451355,-0.5295413732528687,0.5467716455459595,0.6141119599342346,-1.1472370624542236,0.4573690891265869,0.6296350359916687,-1.0909972190856934,0.862343966960907,0.9047561883926392,-0.4807474613189697,0.29996150732040405,0.9010793566703796,-0.28778231143951416,1.030731439590454,1.406919240951538,-0.6331426501274109,0.057726193219423294,1.2909832000732422,-1.0450270175933838,0.9890799522399902,1.8377025127410889,-0.9149727821350098,0.16156256198883057,1.1227219104766846,-2.4601736068725586,1.0155426263809204,1.9990785121917725,-1.0061452388763428,0.17326653003692627,1.1009294986724854,-2.7103114128112793,0.9426344037055969,1.973056435585022,-1.0538811683654785,0.22773811221122742,0.9201194643974304,-2.669959545135498,0.9212848544120789,1.9188518524169922,-0.9471303820610046,0.2456084042787552,1.080770492553711,-2.4896745681762695,0.7875813245773315,1.921051025390625,-0.17048552632331848,0.39659634232521057,1.916595220565796,0.1763032227754593,0.7716529369354248,2.752997636795044,-0.26632604002952576,0.4049467146396637,2.749086618423462,0.38974711298942566,0.7841343879699707,3.496159076690674,0.457584947347641,0.45393794775009155,3.472057342529297,0.9667266011238098,0.8068425059318542,3.616574764251709,0.47434988617897034,0.4582396149635315,3.5768773555755615,0.9908574819564819,0.7155547142028809,3.704336404800415,-0.3991520404815674,0.4736053943634033,3.7205121517181396,0.11375971883535385,0.4688659031501932,1
2026-09-24T12:26:10.456329,S012,S012_A5_Y_20260924_1226,elevated_20,A5,young,class_1,0.48731285333633423,0.5377423763275146,-1.3951786756515503,0.5195692777633667,0.43974611163139343,-1.312278151512146,0.5461728572845459,0.4358625113964081,-1.3127193450927734,0.5705687403678894,0.43305301666259766,-1.312976598739624,0.4489378333091736,0.4516920745372772,-1.2875864505767822,0.427284300327301,0.4558875262737274,-1.28717839717865,0.4094999432563782,0.46149465441703796,-1.2877918481826782,0.6148208975791931,0.46018558740615845,-0.742571234703064,0.40011683106422424,0.49864137172698975,-0.5578064918518066,0.545418918132782,0.6199972033500671,-1.1826317310333252,0.4573291838169098,0.6360199451446533,-1.1420936584472656,0.861214280128479,0.9010022878646851,-0.47749051451683044,0.30115583539009094,0.8985727429389954,-0.3162127137184143,1.0157217979431152,1.3909372091293335,-0.6219756603240967,0.05983741953969002,1.0101293325424194,-1.1992710828781128,0.9850910902023315,1.776238203048706,-0.7919265031814575,0.24840430915355682,0.9559131264686584,-2.439197063446045,1.0119965076446533,1.9190431833267212,-0.8666939735412598,0.299966037273407,0.93602454662323,-2.6742746829986572,0.9448339343070984,1.8940094709396362,-0.9154192805290222,0.34747934341430664,0.8956498503684998,-2.583214282989502,0.923751175403595,1.842828631401062,-0.8226131200790405,0.34110766649246216,0.9301602840423584,-2.444892406463623,0.7827102541923523,1.9156380891799927,-0.15845981240272522,0.39727890491485596,1.907411813735962,0.16431617736816406,0.7684236168861389,2.7343881130218506,-0.3003232777118683,0.4001614451408386,2.7348039150238037,0.10251675546169281,0.7793059349060059,3.473454475402832,0.3722371757030487,0.4441072344779968,3.446523427963257,0.4724445939064026,0.8012067079544067,3.5956740379333496,0.3852819502353668,0.44846147298812866,3.5551698207855225,0.4815363883972168,0.7083534002304077,3.68428373336792,-0.48732098937034607,0.47327932715415955,3.6916816234588623,-0.3804963231086731,0.46878451013837935,1
2026-09-24T12:26:10.522491,S012,S012_A5_Y_20260924_1226,elevated_20,A5,young,class_1,0.4958675503730774,0.5325759649276733,-1.7388732433319092,0.5274004340171814,0.4376761317253113,-1.6595051288604736,0.5541557669639587,0.4349185526371002,-1.6598306894302368,0.5775875449180603,0.43360435962677,-1.6598608493804932,0.4559146761894226,0.44829386472702026,-1.6597225666046143,0.4335289001464844,0.45240893959999084,-1.659227728843689,0.4157668650150299,0.4582313001155853,-1.6600544452667236,0.6211699843406677,0.466170996427536,-1.073880672454834,0.4013129770755768,0.49805977940559387,-1.04461669921875,0.553025484085083,0.6160513162612915,-1.50875723361969,0.4628938138484955,0.6310644745826721,-1.5028983354568481,0.8616424798965454,0.9061135053634644,-0.5730321407318115,0.25545838475227356,0.9005956649780273,-0.6551981568336487,1.0173454284667969,1.3796437978744507,-0.676722526550293,0.04914553090929985,1.345413327217102,-0.7413294911384583,0.9845832586288452,1.6956690549850464,-1.352812647819519,0.15781012177467346,1.7502977848052979,-1.343156099319458,1.01030695438385,1.8222604990005493,-1.5251224040985107,0.1618299037218094,1.909406304359436,-1.5279723405838013,0.9427801370620728,1.795396327972412,-1.5971349477767944,0.22638118267059326,1.8718907833099365,-1.6098464727401733,0.9230293035507202,1.7473253011703491,-1.4124748706817627,0.23592150211334229,1.8132119178771973,-1.3971103429794312,0.7673726677894592,1.9340592622756958,-0.08492077887058258,0.35525962710380554,1.9197667837142944,0.09234816581010818,0.7410545349121094,2.73978328704834,-0.4509403705596924,0.3752553462982178,2.722271203994751,-0.37351277470588684,0.7443237900733948,3.479675769805908,0.3306744694709778,0.3843044638633728,3.4529712200164795,0.12105047702789307,0.7542541027069092,3.6044726371765137,0.3554604649543762,0.377866268157959,3.577249765396118,0.13636727631092072,0.6632158160209656,3.7247538566589355,-0.5524927973747253,0.45182910561561584,3.705364942550659,-0.8111362457275391,0.4650267027346038,1
2026-09-24T12:26:10.589403,S012,S012_A5_Y_20260924_1226,elevated_20,A5,young,class_1,0.4975692331790924,0.5412973761558533,-1.5578862428665161,0.5288762450218201,0.4525507688522339,-1.4824950695037842,0.5555736422538757,0.4510597586631775,-1.482881784439087,0.5790907144546509,0.45093265175819397,-1.4830244779586792,0.45760422945022583,0.4614418148994446,-1.4726333618164062,0.4348866045475006,0.46608126163482666,-1.4719809293746948,0.4177788197994232,0.4726150631904602,-1.4726970195770264,0.6223206520080566,0.48572927713394165,-0.9334465861320496,0.4024541974067688,0.5140668749809265,-0.8614462018013,0.5552286505699158,0.6277734041213989,-1.3451751470565796,0.4645763039588928,0.6414804458618164,-1.3266925811767578,0.861280620098114,0.9272146224975586,-0.5641534924507141,0.2528364360332489,0.9032981395721436,-0.5517674088478088,0.9885527491569519,1.4110393524169922,-0.6385151147842407,0.05370328575372696,1.3657760620117188,-0.6545385122299194,0.95965576171875,1.7810105085372925,-1.194707989692688,0.14608219265937805,1.6913666725158691,-1.5013926029205322,0.9890477061271667,1.9222080707550049,-1.3580454587936401,0.14134642481803894,1.827297329902649,-1.7255452871322632,0.9251864552497864,1.9105154275894165,-1.4391038417816162,0.20299966633319855,1.7942302227020264,-1.8048579692840576,0.9011467099189758,1.848589539527893,-1.2549779415130615,0.2134583294391632,1.7453826665878296,-1.566939353942871,0.7415086030960083,1.9365324974060059,-0.07658082991838455,0.33890435099601746,1.9214415550231934,0.08405762910842896,0.7115218043327332,2.7454915046691895,-0.3273307681083679,0.3436673879623413,2.7160654067993164,-0.29803138971328735,0.7103989124298096,3.481818675994873,0.38572877645492554,0.34548547863960266,3.454798936843872,0.11022617667913437,0.7216646075248718,3.6073434352874756,0.39908367395401,0.341654896736145,3.5847623348236084,0.11942701041698456,0.6249404549598694,3.721216917037964,-0.4833434522151947,0.4075431823730469,3.693744421005249,-0.8068038821220398,0.46062657687489816,1
2026-09-24T12:26:10.661741,S012,S012_A5_Y_20260924_1226,elevated_20,A5,young,class_1,0.5031152367591858,0.5560008883476257,-1.4467092752456665,0.5340458154678345,0.47150498628616333,-1.362558364868164,0.5601440668106079,0.47106754779815674,-1.363033652305603,0.5826091766357422,0.47249215841293335,-1.3634406328201294,0.4630095362663269,0.47853678464889526,-1.3827893733978271,0.43981966376304626,0.4838509261608124,-1.382251501083374,0.4216844141483307,0.4910198748111725,-1.3832566738128662,0.6226205229759216,0.5066860914230347,-0.808552622795105,0.40420374274253845,0.5311557054519653,-0.8055537343025208,0.5589510798454285,0.6421517729759216,-1.2295050621032715,0.470132052898407,0.6528276205062866,-1.249225378036499,0.8437156677246094,0.9344955682754517,-0.37973421812057495,0.25287824869155884,0.9065044522285461,-0.5225175619125366,0.9716558456420898,1.4055380821228027,-0.40894532203674316,0.0631888136267662,1.3941991329193115,-0.4986546039581299,0.9525311589241028,1.7370561361312866,-0.9962422251701355,0.14992548525333405,1.7413569688796997,-1.1707683801651,0.9845600128173828,1.860384464263916,-1.1612826585769653,0.14366358518600464,1.8802913427352905,-1.3708381652832031,0.9246535301208496,1.8452441692352295,-1.2747379541397095,0.20491060614585876,1.8520774841308594,-1.4563040733337402,0.9010657072067261,1.7935320138931274,-1.074947714805603,0.214559406042099,1.7990328073501587,-1.2323429584503174,0.7291058301925659,1.935834288597107,-0.05765727162361145,0.3375484049320221,1.9281197786331177,0.06499926000833511,0.7116982936859131,2.7437021732330322,-0.3446745276451111,0.3459112048149109,2.7188618183135986,-0.3472718596458435,0.7133427858352661,3.4856765270233154,0.1939053237438202,0.3495382070541382,3.4704983234405518,-0.0835704579949379,0.7260620594024658,3.6116204261779785,0.19664821028709412,0.3491252064704895,3.602612018585205,-0.09001483023166656,0.6273896098136902,3.715688467025757,-0.646070122718811,0.4139595925807953,3.692660331726074,-0.9753791689872742,0.45627822579935484,1
2026-09-24T12:26:10.732285,S012,S012_A5_Y_20260924_1226,elevated_20,A5,young,class_1,0.5061110854148865,0.5778210163116455,-1.443922996520996,0.5382280349731445,0.5015530586242676,-1.3588851690292358,0.5644804835319519,0.5009856820106506,-1.3595256805419922,0.5865011215209961,0.5019078254699707,-1.359952688217163,0.46673426032066345,0.5109028220176697,-1.374030351638794,0.44380754232406616,0.5167990326881409,-1.373057246208191,0.4249572157859802,0.5237602591514587,-1.3735562562942505,0.6258624196052551,0.5356143116950989,-0.7984172701835632,0.40878844261169434,0.5602807402610779,-0.7763534188270569,0.5613616704940796,0.6625308990478516,-1.2183011770248413,0.47392886877059937,0.6758197546005249,-1.2477370500564575,0.8409930467605591,0.9552230834960938,-0.37821850180625916,0.26347237825393677,0.9208274483680725,-0.4550272524356842,0.9730925559997559,1.3866468667984009,-0.45063185691833496,0.09071207046508789,1.387220859527588,-0.44055479764938354,0.9466804265975952,1.6621392965316772,-1.0327244997024536,0.1514127403497696,1.6616250276565552,-1.1285114288330078,0.9701309204101562,1.7708438634872437,-1.2015184164047241,0.1438816785812378,1.7823201417922974,-1.3306884765625,0.921022891998291,1.7379828691482544,-1.2978637218475342,0.20154254138469696,1.7506365776062012,-1.4184362888336182,0.8997772932052612,1.6929662227630615,-1.1064929962158203,0.21167059242725372,1.708099603652954,-1.194288969039917,0.7253378629684448,1.9539790153503418,-0.056828439235687256,0.338163822889328,1.940276861190796,0.06367835402488708,0.7063099145889282,2.7462594509124756,-0.3426423668861389,0.34770065546035767,2.7158968448638916,-0.44178715348243713,0.7118723392486572,3.4837496280670166,0.16385117173194885,0.35510656237602234,3.4635117053985596,-0.17362405359745026,0.7220556139945984,3.60799241065979,0.1647985875606537,0.3549080193042755,3.5934436321258545,-0.1794871687889099,0.6333081126213074,3.707855701446533,-0.6657896637916565,0.41351836919784546,3.6915993690490723,-1.046609878540039,0.4522430641026762,1
2026-09-24T12:26:10.799137,S012,S012_A5_Y_20260924_1226,elevated_20,A5,young,class_1,0.5092023611068726,0.5903960466384888,-1.348541498184204,0.5416538715362549,0.5167528986930847,-1.262291669845581,0.5675225257873535,0.5163626074790955,-1.262927770614624,0.5889955759048462,0.5174903273582458,-1.263283133506775,0.47082704305648804,0.52565997838974,-1.2729783058166504,0.44817566871643066,0.5313680171966553,-1.2726190090179443,0.4283955991268158,0.5382851362228394,-1.2734653949737549,0.6273946166038513,0.552668035030365,-0.708525538444519,0.4120716154575348,0.5748058557510376,-0.7221267819404602,0.5633472800254822,0.6769885420799255,-1.1328747272491455,0.4780614972114563,0.6891958713531494,-1.1477752923965454,0.8296047449111938,0.969941258430481,-0.3261047303676605,0.2662206292152405,0.9405778646469116,-0.4121813178062439,0.9738787412643433,1.38050377368927,-0.46322911977767944,0.1179077997803688,1.3771998882293701,-0.5145373344421387,0.9164876937866211,1.5168341398239136,-1.1178427934646606,0.1797483265399933,1.61113703250885,-1.217512607574463,0.9220187067985535,1.5769952535629272,-1.2728826999664307,0.178448885679245,1.7114213705062866,-1.4049960374832153,0.8869683146476746,1.533245325088501,-1.315961241722107,0.21435537934303284,1.6742585897445679,-1.4654362201690674,0.8719732165336609,1.509987711906433,-1.1659274101257324,0.22080807387828827,1.6457785367965698,-1.2721062898635864,0.7229766249656677,1.971838355064392,-0.05277273803949356,0.3393150568008423,1.9588534832000732,0.059202779084444046,0.7051517963409424,2.7584304809570312,-0.32264596223831177,0.34874066710472107,2.718183755874634,-0.4082779288291931,0.7134959101676941,3.4902608394622803,0.17524921894073486,0.3571165204048157,3.4648375511169434,-0.15180936455726624,0.7232996225357056,3.6111226081848145,0.17728035151958466,0.35778751969337463,3.5913281440734863,-0.15719881653785706,0.6352346539497375,3.7098066806793213,-0.6251242160797119,0.4154816269874573,3.686342477798462,-0.9943320155143738,0.4475923976620613,1
2026-09-24T12:26:10.858363,S012,S012_A5_Y_20260924_1226,elevated_20,A5,young,class_1,0.5099384784698486,0.6037653088569641,-1.3533563613891602,0.5424491167068481,0.5311115384101868,-1.2698415517807007,0.5684794187545776,0.5309699773788452,-1.2704615592956543,0.5901414155960083,0.5321942567825317,-1.2708094120025635,0.47128191590309143,0.5392049551010132,-1.2751729488372803,0.4486270546913147,0.545013964176178,-1.2748632431030273,0.42903098464012146,0.552022397518158,-1.2757227420806885,0.6284271478652954,0.5659873485565186,-0.7197038531303406,0.4128141403198242,0.5897552967071533,-0.7199105620384216,0.5642011165618896,0.6918522715568542,-1.1396195888519287,0.47877711057662964,0.7039339542388916,-1.1452529430389404,0.8294144868850708,0.9790761470794678,-0.33933937549591064,0.2666662633419037,0.9671956300735474,-0.40930357575416565,0.9788174629211426,1.373476266860962,-0.5248700380325317,0.137925922870636,1.4014308452606201,-0.4836777150630951,0.9149802923202515,1.543051838874817,-1.2142977714538574,0.21239309012889862,1.6533063650131226,-1.1328649520874023,0.9199259877204895,1.6226037740707397,-1.3827474117279053,0.21697108447551727,1.7646141052246094,-1.3262579441070557,0.8816537857055664,1.5825780630111694,-1.4274266958236694,0.24828335642814636,1.7239296436309814,-1.3918683528900146,0.8681475520133972,1.5518641471862793,-1.2645751237869263,0.2520920932292938,1.6839218139648438,-1.187996506690979,0.7237545251846313,2.0000245571136475,-0.05303493142127991,0.34023746848106384,1.9908769130706787,0.05944428965449333,0.7067144513130188,2.780583143234253,-0.3079662621021271,0.3613722026348114,2.730039358139038,-0.42779773473739624,0.7300845384597778,3.5088694095611572,0.21968407928943634,0.3863547146320343,3.473973274230957,-0.12859922647476196,0.737521767616272,3.6308391094207764,0.22422972321510315,0.387066513299942,3.599444627761841,-0.12937523424625397,0.6743997931480408,3.7244179248809814,-0.5863290429115295,0.44682130217552185,3.687411069869995,-0.9793297052383423,0.4429662449498816,1
2026-09-24T12:26:10.914882,S012,S012_A5_Y_20260924_1226,elevated_20,A5,young,class_1,0.509682297706604,0.6214577555656433,-1.3400667905807495,0.5422846674919128,0.546794593334198,-1.2575199604034424,0.5684059858322144,0.5476170778274536,-1.2581288814544678,0.5899207592010498,0.5498731136322021,-1.2583812475204468,0.4711712896823883,0.5524405837059021,-1.2586454153060913,0.44849643111228943,0.5572723150253296,-1.258415937423706,0.4287938177585602,0.5638012290000916,-1.259234070777893,0.6282154321670532,0.5852442979812622,-0.6907781362533569,0.4118979871273041,0.6020014882087708,-0.6776718497276306,0.5630916953086853,0.7087510824203491,-1.1197521686553955,0.4769919514656067,0.717471182346344,-1.119395136833191,0.8132656216621399,0.9772927165031433,-0.3246021270751953,0.2669161260128021,0.9589988589286804,-0.35115861892700195,0.9782376289367676,1.3722540140151978,-0.6346560120582581,0.14255385100841522,1.394365668296814,-0.5487456917762756,0.8808507919311523,1.4047024250030518,-1.3191444873809814,0.22586767375469208,1.509390115737915,-1.2686562538146973,0.8675010800361633,1.4340928792953491,-1.4805089235305786,0.2372947633266449,1.57597017288208,-1.4698164463043213,0.8405628204345703,1.3751877546310425,-1.491300344467163,0.25732213258743286,1.5099895000457764,-1.566283941268921,0.8325007557868958,1.3665472269058228,-1.35274338722229,0.2597008943557739,1.4888551235198975,-1.335689663887024,0.7172313928604126,2.009098529815674,-0.05589926242828369,0.34129801392555237,2.000269889831543,0.06233388930559158,0.701678454875946,2.7772600650787354,-0.29927152395248413,0.36149755120277405,2.728572368621826,-0.36989375948905945,0.7257644534111023,3.5049965381622314,0.24952535331249237,0.3874790072441101,3.473675489425659,-0.06323529779911041,0.7318986058235168,3.6248788833618164,0.256529837846756,0.38930848240852356,3.5962166786193848,-0.06335814297199249,0.6739413142204285,3.721498727798462,-0.547575831413269,0.4455040991306305,3.6864736080169678,-0.8984380960464478,0.44032233696722844,1
2026-09-24T12:26:10.990881,S012,S012_A5_Y_20260924_1226,elevated_20,A5,young,class_1,0.5037468075752258,0.6139777302742004,-1.36387038230896,0.5368778109550476,0.5347331166267395,-1.27972412109375,0.5629333853721619,0.5348449945449829,-1.2803218364715576,0.5859333872795105,0.5362505316734314,-1.2804224491119385,0.46532687544822693,0.5406894683837891,-1.2743598222732544,0.44305676221847534,0.5453540682792664,-1.2744323015213013,0.4237259030342102,0.5516480207443237,-1.2752259969711304,0.6258507370948792,0.5704914331436157,-0.7062218189239502,0.40632694959640503,0.5896018147468567,-0.6700738072395325,0.5563672184944153,0.7006447315216064,-1.1246615648269653,0.4682278037071228,0.7094005942344666,-1.1198561191558838,0.8140629529953003,0.9703042507171631,-0.34222733974456787,0.263208270072937,0.956287145614624,-0.3315173387527466,0.9939702153205872,1.2473427057266235,-0.8453709483146667,0.12069901078939438,1.3374558687210083,-0.8211032152175903,0.8893753886222839,1.3070409297943115,-1.6650043725967407,0.19613267481327057,1.3843276500701904,-1.935198187828064,0.8808344006538391,1.3561666011810303,-1.8496284484863281,0.21493050456047058,1.437265396118164,-2.1713573932647705,0.844388484954834,1.2993606328964233,-1.8640916347503662,0.2272222340106964,1.371819019317627,-2.172977924346924,0.8362617492675781,1.2871595621109009,-1.7008168697357178,0.23136568069458008,1.360892653465271,-1.9767986536026,0.7147916555404663,1.997753381729126,-0.05665042996406555,0.34193024039268494,1.989013433456421,0.06282376497983932,0.6978458762168884,2.6978464126586914,-0.38355493545532227,0.3574275076389313,2.6637866497039795,-0.3694029748439789,0.7214440107345581,3.440849781036377,0.13342434167861938,0.3854562044143677,3.4339535236358643,-0.11345275491476059,0.7276318669319153,3.5581612586975098,0.13676883280277252,0.3886493146419525,3.5539464950561523,-0.12095023691654205,0.6726655960083008,3.6616768836975098,-0.6495500802993774,0.4323844015598297,3.6580212116241455,-0.9414728283882141,0.4391134067760008,1
2026-09-24T12:26:11.065761,S012,S012_A5_Y_20260924_1226,elevated_20,A5,young,class_1,0.5008543729782104,0.6092014312744141,-1.6026242971420288,0.5332978367805481,0.5261520147323608,-1.519450306892395,0.558750331401825,0.5228974223136902,-1.5200328826904297,0.5821458697319031,0.5215011835098267,-1.5201518535614014,0.461780309677124,0.5375035405158997,-1.5086876153945923,0.43994396924972534,0.5409673452377319,-1.5089815855026245,0.4204889237880707,0.5464127659797668,-1.5097272396087646,0.6222226023674011,0.5592724084854126,-0.8769359588623047,0.40371260046958923,0.5842233300209045,-0.8121774792671204,0.5531162023544312,0.6932674646377563,-1.3472387790679932,0.4647906720638275,0.7076602578163147,-1.329935073852539,0.8155534863471985,0.9309125542640686,-0.427784264087677,0.26210707426071167,0.9262939691543579,-0.3452194631099701,1.0008708238601685,1.1731362342834473,-0.8527306318283081,0.11813302338123322,1.131147027015686,-0.7138521075248718,0.8895648121833801,1.242845892906189,-1.7700315713882446,0.1254754364490509,1.4099551439285278,-1.7364387512207031,0.8765307664871216,1.2977725267410278,-1.989628553390503,0.1269746869802475,1.4814026355743408,-1.9686534404754639,0.8363299369812012,1.2385271787643433,-2.0350794792175293,0.14944294095039368,1.4177271127700806,-2.0185256004333496,0.8315352201461792,1.2217391729354858,-1.822119116783142,0.15832941234111786,1.39762282371521,-1.791208028793335,0.7107977271080017,1.9576982259750366,-0.08101449906826019,0.34287506341934204,1.943519115447998,0.08699256926774979,0.681352972984314,2.5974016189575195,-0.5322439670562744,0.34068769216537476,2.5503320693969727,-0.37431660294532776,0.7182313203811646,3.364102363586426,0.020593058317899704,0.3824637830257416,3.3561527729034424,-0.11302802711725235,0.7262809872627258,3.4864888191223145,0.02542915567755699,0.3883659541606903,3.4764621257781982,-0.12249119579792023,0.6723999381065369,3.575932025909424,-0.7920140624046326,0.423209011554718,3.5942068099975586,-0.9732407331466675,0.44093509083287435,1
2026-09-24T12:26:11.136227,S012,S012_A5_Y_20260924_1226,elevated_20,A5,young,class_1,0.5008488893508911,0.6068428158760071,-1.7096744775772095,0.5332866907119751,0.5206525325775146,-1.6455961465835571,0.5587626695632935,0.5180186033248901,-1.6461431980133057,0.5821791887283325,0.5177779793739319,-1.6462911367416382,0.4616859555244446,0.5321581363677979,-1.6300890445709229,0.43986812233924866,0.53621506690979,-1.6299396753311157,0.42046627402305603,0.542120099067688,-1.63083815574646,0.6229947805404663,0.5588741302490234,-1.084029197692871,0.40370821952819824,0.5788811445236206,-0.986502468585968,0.5542824864387512,0.6892939209938049,-1.481097936630249,0.4652424454689026,0.7040807604789734,-1.4548001289367676,0.845798671245575,0.9311048984527588,-0.5784339904785156,0.2595185935497284,0.9264024496078491,-0.5613484382629395,1.0114974975585938,1.3005567789077759,-0.7879419326782227,0.12328876554965973,1.3867757320404053,-0.6431617140769958,0.934561550617218,1.6776025295257568,-1.6701908111572266,0.1332685649394989,1.7907958030700684,-1.3812757730484009,0.9478772282600403,1.8217054605484009,-1.7913163900375366,0.13391032814979553,1.942384958267212,-1.5999006032943726,0.8874323964118958,1.80238938331604,-1.7322940826416016,0.16172626614570618,1.9113582372665405,-1.706681251525879,0.8698506355285645,1.742369294166565,-1.611305832862854,0.18237502872943878,1.8515400886535645,-1.4526877403259277,0.7294526696205139,1.959466814994812,-0.07269217073917389,0.3506041169166565,1.9437452554702759,0.07918129116296768,0.6912380456924438,2.6218101978302,-0.48371362686157227,0.36332806944847107,2.5710556507110596,-0.4506591260433197,0.7239888906478882,3.400491952896118,0.1319233477115631,0.3949269652366638,3.3690972328186035,-0.08080180734395981,0.7325448989868164,3.532099962234497,0.137905552983284,0.3977912366390228,3.502326726913452,-0.07902702689170837,0.672127902507782,3.6427037715911865,-0.6883029937744141,0.4467291235923767,3.6287503242492676,-0.9644213914871216,0.4390721024308622,1
2026-09-24T12:26:11.209151,S012,S012_A5_Y_20260924_1226,elevated_20,A5,young,class_1,0.5014054775238037,0.6115728616714478,-1.7024719715118408,0.5333408713340759,0.5223640203475952,-1.635959267616272,0.5588897466659546,0.5192185044288635,-1.6365702152252197,0.5824541449546814,0.5180338025093079,-1.6368026733398438,0.46187639236450195,0.5349599123001099,-1.6205384731292725,0.43998903036117554,0.53982013463974,-1.6205253601074219,0.42081037163734436,0.5465561747550964,-1.6214029788970947,0.6246324777603149,0.5549923181533813,-1.0550291538238525,0.4041309356689453,0.5816338062286377,-0.9613420367240906,0.556766152381897,0.6937700510025024,-1.4669567346572876,0.4667702317237854,0.7103809714317322,-1.4414870738983154,0.8571990132331848,0.9354584813117981,-0.5871042609214783,0.2597159147262573,0.9296272397041321,-0.5261144042015076,1.0124388933181763,1.356421947479248,-0.7966321110725403,0.12809103727340698,1.4336912631988525,-0.6256899237632751,0.94197016954422,1.6890861988067627,-1.5787070989608765,0.13584841787815094,1.7635016441345215,-1.430456280708313,0.9535642862319946,1.814950704574585,-1.7635252475738525,0.13892702758312225,1.8956291675567627,-1.7005611658096313,0.8991813659667969,1.7766127586364746,-1.8369510173797607,0.16964110732078552,1.8507996797561646,-1.8173469305038452,0.882683277130127,1.7251909971237183,-1.630922555923462,0.1868956983089447,1.7999866008758545,-1.531377911567688,0.7356157302856445,1.9679417610168457,-0.0759604200720787,0.3562066853046417,1.954357624053955,0.08256934583187103,0.7083104848861694,2.6648764610290527,-0.43802961707115173,0.37505441904067993,2.595270872116089,-0.49694377183914185,0.7456375360488892,3.4404563903808594,0.16163991391658783,0.41883569955825806,3.4118590354919434,-0.15718500316143036,0.7566663026809692,3.5724334716796875,0.16834697127342224,0.42505010962486267,3.547858715057373,-0.15758325159549713,0.6919494867324829,3.675379753112793,-0.6807234287261963,0.470367431640625,3.653855323791504,-1.0554014444351196,0.4362350341349763,1
2026-09-24T12:26:11.318237,S012,S012_A5_Y_20260924_1226,elevated_20,A5,young,class_1,0.5024933218955994,0.609989583492279,-1.6300938129425049,0.533774197101593,0.5204375386238098,-1.5608927011489868,0.5595375895500183,0.5173550248146057,-1.5614656209945679,0.583264946937561,0.5160388350486755,-1.5616891384124756,0.46249499917030334,0.5329105257987976,-1.5487135648727417,0.44063395261764526,0.5379752516746521,-1.548612356185913,0.4219256341457367,0.5449178814888,-1.5494381189346313,0.6255026459693909,0.5515138506889343,-0.9928253889083862,0.40538421273231506,0.5796693563461304,-0.9162673950195312,0.5584088563919067,0.691314160823822,-1.4019993543624878,0.46880751848220825,0.7074827551841736,-1.3813681602478027,0.8564726710319519,0.9355494976043701,-0.5462487936019897,0.2597721219062805,0.9273930788040161,-0.5012792348861694,1.0189063549041748,1.3546142578125,-0.6106599569320679,0.12643952667713165,1.4253381490707397,-0.5541844964027405,0.9736098051071167,1.688504695892334,-1.2924048900604248,0.1369805634021759,1.7411582469940186,-1.3870279788970947,0.9905084371566772,1.816521406173706,-1.4658887386322021,0.14195561408996582,1.8710979223251343,-1.6225665807724,0.9363605380058289,1.789069652557373,-1.5825059413909912,0.17361144721508026,1.8308430910110474,-1.7195460796356201,0.916115403175354,1.7369499206542969,-1.3646694421768188,0.19243262708187103,1.780657172203064,-1.4610731601715088,0.7357878684997559,1.9630197286605835,-0.06450719386339188,0.35863521695137024,1.9486936330795288,0.07107498496770859,0.7201777696609497,2.6668076515197754,-0.49984484910964966,0.3948571979999542,2.610534429550171,-0.5474367737770081,0.7542718648910522,3.434871196746826,0.08483235538005829,0.4306010603904724,3.4113717079162598,-0.2469087392091751,0.7632877230644226,3.5645196437835693,0.09544254094362259,0.43283024430274963,3.5464744567871094,-0.25151553750038147,0.698813259601593,3.6725411415100098,-0.7444235682487488,0.48790472745895386,3.6505141258239746,-1.1289477348327637,0.4349387466107587,1
2026-09-24T12:26:11.408839,S012,S012_A5_Y_20260924_1226,elevated_20,A5,young,class_1,0.508584201335907,0.5810877084732056,-1.6380239725112915,0.5429112315177917,0.4866587221622467,-1.561294674873352,0.5684857368469238,0.48463955521583557,-1.5618270635604858,0.5903829336166382,0.48402783274650574,-1.5619175434112549,0.4687501788139343,0.4977327883243561,-1.552433729171753,0.4453236162662506,0.5021680593490601,-1.552303433418274,0.42596435546875,0.5076097846031189,-1.5531580448150635,0.6315110921859741,0.5249986052513123,-0.9773722887039185,0.4072503447532654,0.5486419796943665,-0.9174277186393738,0.5627484321594238,0.662348747253418,-1.4058403968811035,0.4709494113922119,0.672010064125061,-1.3901466131210327,0.8557213544845581,0.9249797463417053,-0.5247698426246643,0.259448766708374,0.8995307087898254,-0.5030342936515808,1.0151002407073975,1.3349782228469849,-0.7159692645072937,0.12618319690227509,1.4156761169433594,-0.5901384353637695,0.9574988484382629,1.6415642499923706,-1.6014719009399414,0.1414041966199875,1.740728735923767,-1.4838063716888428,0.9656902551651001,1.766583800315857,-1.8197664022445679,0.1409594565629959,1.8751474618911743,-1.7332780361175537,0.9166173934936523,1.7096410989761353,-1.9076969623565674,0.17916768789291382,1.823142409324646,-1.833012580871582,0.8967186808586121,1.6667964458465576,-1.6700903177261353,0.1955651342868805,1.7750126123428345,-1.5584909915924072,0.7295263409614563,1.938988447189331,-0.05540654808282852,0.3536880910396576,1.914290189743042,0.0621606707572937,0.7115668654441833,2.61325740814209,-0.5710532665252686,0.3824462294578552,2.5709025859832764,-0.5987457633018494,0.7220207452774048,3.384446382522583,0.010671017691493034,0.3929169178009033,3.3697845935821533,-0.2822282314300537,0.7232987284660339,3.505793571472168,0.02073284611105919,0.3883301615715027,3.4999477863311768,-0.28680291771888733,0.6597944498062134,3.6350772380828857,-0.8021945953369141,0.4482758939266205,3.6184072494506836,-1.1432868242263794,0.4357854756531059,1
2026-09-24T12:26:11.508603,S012,S012_A5_Y_20260924_1226,elevated_20,A5,young,class_1,0.5217612981796265,0.587110698223114,-1.7173925638198853,0.554493248462677,0.4944238066673279,-1.6137349605560303,0.5782688856124878,0.4939064383506775,-1.6143150329589844,0.5982053875923157,0.4941825568675995,-1.614436149597168,0.4806815981864929,0.501030445098877,-1.6213687658309937,0.4552817940711975,0.5040413737297058,-1.6217906475067139,0.4329071044921875,0.5086911916732788,-1.622563123703003,0.6353908181190491,0.5328163504600525,-0.9583768844604492,0.4090765416622162,0.5494573712348938,-0.9628270268440247,0.5687836408615112,0.671744167804718,-1.4582501649856567,0.48016080260276794,0.6780966520309448,-1.4662091732025146,0.8555747270584106,0.9265996813774109,-0.5200220346450806,0.24781671166419983,0.9001280069351196,-0.5817915797233582,1.043408751487732,1.2470048666000366,-1.0664033889770508,0.1235416978597641,1.4126116037368774,-0.9568522572517395,0.9562358856201172,1.2889467477798462,-2.141629695892334,0.1580958217382431,1.6792031526565552,-1.9447364807128906,0.9472797513008118,1.324884295463562,-2.3858163356781006,0.1679985523223877,1.7813665866851807,-2.1806557178497314,0.9012123346328735,1.263413667678833,-2.382028102874756,0.20278994739055634,1.697008490562439,-2.225442886352539,0.8879462480545044,1.2583796977996826,-2.179239511489868,0.21170692145824432,1.6644755601882935,-1.995195746421814,0.7172247767448425,1.9601281881332397,-0.05296456068754196,0.35012194514274597,1.958694577217102,0.05937487632036209,0.711894154548645,2.497471570968628,-0.7472718954086304,0.34260308742523193,2.5342204570770264,-0.7964605093002319,0.7223255038261414,3.315612316131592,-0.1734917014837265,0.400615394115448,3.3457982540130615,-0.41794830560684204,0.7215605974197388,3.4449968338012695,-0.16031017899513245,0.400336354970932,3.463080883026123,-0.41602039337158203,0.6807461977005005,3.5583014488220215,-0.9261859655380249,0.47250691056251526,3.6093389987945557,-1.218135118484497,0.4374001273456749,1
2026-09-24T12:26:11.593981,S012,S012_A5_Y_20260924_1226,elevated_20,A5,young,class_1,0.5388843417167664,0.5932995080947876,-1.7956691980361938,0.5692673325538635,0.4989498257637024,-1.6855186223983765,0.591045618057251,0.4973950684070587,-1.6861718893051147,0.6112185120582581,0.49656957387924194,-1.6863491535186768,0.49454084038734436,0.5062316656112671,-1.698683500289917,0.46781033277511597,0.5097237825393677,-1.6993341445922852,0.4427669942378998,0.5146594643592834,-1.7001739740371704,0.6442697048187256,0.5333081483840942,-0.9816291928291321,0.41279131174087524,0.5527828931808472,-1.0262126922607422,0.5805696845054626,0.6784608960151672,-1.5232212543487549,0.49480003118515015,0.6871454119682312,-1.5387825965881348,0.8575819134712219,0.9333630800247192,-0.5202007293701172,0.2471800148487091,0.9140602946281433,-0.633504331111908,1.0447927713394165,1.2491573095321655,-1.0142812728881836,0.11617857217788696,1.4375289678573608,-1.0170657634735107,0.9550962448120117,1.355808973312378,-2.1367440223693848,0.169778972864151,1.6465604305267334,-2.060823440551758,0.9393548965454102,1.4034321308135986,-2.384216547012329,0.18830862641334534,1.7229331731796265,-2.294710159301758,0.8979007601737976,1.3293286561965942,-2.400934934616089,0.2178463488817215,1.6313871145248413,-2.3455471992492676,0.8864567875862122,1.3158029317855835,-2.180511951446533,0.22335343062877655,1.6048057079315186,-2.1136343479156494,0.7176999449729919,1.9751911163330078,-0.016693884506821632,0.35177308320999146,1.9874264001846313,0.022717271000146866,0.7244376540184021,2.3868625164031982,-0.7446786165237427,0.3450925648212433,2.4216275215148926,-0.8502302169799805,0.7403371334075928,3.1799216270446777,-0.16964666545391083,0.45075955986976624,3.181178092956543,-0.37636449933052063,0.7336517572402954,3.319119691848755,-0.15564382076263428,0.4439982771873474,3.2947838306427,-0.3660968244075775,0.7446296811103821,3.370004415512085,-0.8986433148384094,0.5666577219963074,3.40275239944458,-1.1406041383743286,0.4383436938594307,1
2026-09-24T12:26:11.683549,S012,S012_A5_Y_20260924_1226,elevated_20,A5,young,class_1,0.5493093729019165,0.6071158051490784,-1.7212425470352173,0.5769537687301636,0.513557493686676,-1.6242262125015259,0.596281111240387,0.5113566517829895,-1.6248483657836914,0.6156469583511353,0.5097221732139587,-1.6250324249267578,0.5063365697860718,0.5206584334373474,-1.633523941040039,0.4792872369289398,0.524471640586853,-1.6339619159698486,0.4534592628479004,0.5303453207015991,-1.6348167657852173,0.6450358033180237,0.5422122478485107,-0.9658350944519043,0.4178808331489563,0.5637223720550537,-0.9959813952445984,0.5856554508209229,0.6919440627098083,-1.4664442539215088,0.5056120157241821,0.7031621336936951,-1.473474383354187,0.8556290864944458,0.9410390257835388,-0.47795963287353516,0.24730053544044495,0.9229225516319275,-0.5950855016708374,1.0414106845855713,1.2634645700454712,-0.8705072402954102,0.12555624544620514,1.4622917175292969,-0.8896086812019348,0.9601839780807495,1.4054977893829346,-1.8293590545654297,0.19150274991989136,1.721325397491455,-2.023996353149414,0.9502995610237122,1.467678189277649,-2.0531277656555176,0.2045665681362152,1.8319226503372192,-2.235668897628784,0.9083572626113892,1.4162907600402832,-2.1047327518463135,0.237005352973938,1.756845235824585,-2.2401976585388184,0.8956934809684753,1.392907977104187,-1.8838056325912476,0.24616289138793945,1.716689944267273,-2.105720043182373,0.7178851366043091,1.984207034111023,-0.021494295448064804,0.3518252968788147,1.9947516918182373,0.027560243383049965,0.7439035773277283,2.474062442779541,-0.8011314272880554,0.35398584604263306,2.479372262954712,-0.9001450538635254,0.775536060333252,3.2354276180267334,-0.25438380241394043,0.4784511625766754,3.215764284133911,-0.5354387164115906,0.7704032063484192,3.3742823600769043,-0.24425776302814484,0.47809576988220215,3.3194780349731445,-0.5348498225212097,0.7651298642158508,3.3897488117218018,-1.0124469995498657,0.571569561958313,3.525026798248291,-1.3134472370147705,0.4380856275974745,1
2026-09-24T12:26:11.776124,S012,S012_A5_Y_20260924_1226,elevated_20,A5,young,class_1,0.6182470917701721,0.6017042994499207,-1.8354400396347046,0.6236864328384399,0.5059345364570618,-1.7221746444702148,0.6389085054397583,0.503139853477478,-1.72279953956604,0.6545743346214294,0.500860869884491,-1.723019003868103,0.563418984413147,0.5120307803153992,-1.7746553421020508,0.5336120128631592,0.5144628286361694,-1.7752081155776978,0.5019171833992004,0.5189592838287354,-1.7760066986083984,0.6583535671234131,0.5319784879684448,-0.9862220883369446,0.43391767144203186,0.5559893250465393,-1.2026467323303223,0.6419513821601868,0.6847760677337646,-1.54215407371521,0.5762046575546265,0.7006791234016418,-1.607149362564087,0.8475891947746277,0.9195086359977722,-0.4835180640220642,0.24621212482452393,0.9160177707672119,-0.8290593028068542,1.040584921836853,1.2533077001571655,-0.9990065693855286,0.16848807036876678,1.4511044025421143,-1.4141253232955933,0.9550941586494446,1.2481883764266968,-2.0152957439422607,0.40046459436416626,1.2819759845733643,-2.270674467086792,0.8977268934249878,1.1328790187835693,-2.2098515033721924,0.4746725559234619,1.2507317066192627,-2.4520163536071777,0.8513123393058777,1.0646532773971558,-2.1961424350738525,0.4646221697330475,1.1695020198822021,-2.4088857173919678,0.8920854330062866,1.1967283487319946,-2.042266368865967,0.4499210715293884,1.1862690448760986,-2.2796225547790527,0.7218494415283203,1.9542593955993652,0.028033500537276268,0.3570220470428467,1.9889347553253174,-0.02195541001856327,0.7685036063194275,2.4411256313323975,-0.6977975368499756,0.38816526532173157,2.4866394996643066,-0.7579231262207031,0.7833655476570129,3.249938726425171,-0.12718355655670166,0.4858943521976471,3.25590443611145,-0.3899953067302704,0.772691547870636,3.3861565589904785,-0.11609546095132828,0.4740142226219177,3.373640537261963,-0.38734057545661926,0.7982993721961975,3.456637144088745,-0.8935424089431763,0.5997607111930847,3.505206823348999,-1.2873427867889404,0.43787274383639946,1
2026-09-24T12:26:11.884662,S012,S012_A5_Y_20260924_1226,elevated_20,A5,young,class_1,0.6563997268676758,0.5938569903373718,-1.797083854675293,0.6554511785507202,0.4978726804256439,-1.6788896322250366,0.6690705418586731,0.4953867495059967,-1.6794822216033936,0.6825587749481201,0.49276936054229736,-1.6795742511749268,0.5979343056678772,0.5009630918502808,-1.7437711954116821,0.566168487071991,0.5016070604324341,-1.7443968057632446,0.5331302881240845,0.5037027597427368,-1.7453409433364868,0.666283130645752,0.522085428237915,-0.9420164227485657,0.4539923667907715,0.5422545671463013,-1.2179110050201416,0.6753298044204712,0.6760140657424927,-1.5044770240783691,0.610974133014679,0.6942905783653259,-1.5865401029586792,0.841385006904602,0.9187915325164795,-0.4324095845222473,0.2451247274875641,0.9160836338996887,-0.8997055888175964,1.0278717279434204,1.2608691453933716,-0.9261407852172852,0.18867802619934082,1.4620394706726074,-1.547013282775879,0.9066122770309448,1.2264512777328491,-1.8696224689483643,0.46117621660232544,1.2149543762207031,-2.3493783473968506,0.8569613695144653,1.107637643814087,-2.0595755577087402,0.5487161874771118,1.1718026399612427,-2.5310299396514893,0.804886519908905,1.0398085117340088,-2.1042044162750244,0.5333361625671387,1.085832118988037,-2.4782354831695557,0.8454715013504028,1.1713677644729614,-1.901328682899475,0.5124528408050537,1.1070870161056519,-2.34895396232605,0.7352396249771118,1.9541451930999756,0.06366975605487823,0.3715352714061737,1.9923515319824219,-0.05764248967170715,0.7831813097000122,2.4696810245513916,-0.3739249110221863,0.4255808889865875,2.5016443729400635,-0.6922193169593811,0.8024067878723145,3.2754456996917725,0.233559250831604,0.5123084783554077,3.279301643371582,-0.19916166365146637,0.7879983186721802,3.4084131717681885,0.24965953826904297,0.48906582593917847,3.395355224609375,-0.18421582877635956,0.8355841636657715,3.491931915283203,-0.4446808695793152,0.6481807231903076,3.5182478427886963,-0.9195588231086731,0.43772629948392877,1
2026-09-24T12:26:11.984207,S012,S012_A5_Y_20260924_1226,elevated_20,A5,young,class_1,0.6858199834823608,0.5882642865180969,-1.4601023197174072,0.6808271408081055,0.49579906463623047,-1.3261505365371704,0.6923577189445496,0.4937018156051636,-1.326890230178833,0.703614354133606,0.49136683344841003,-1.3268176317214966,0.629756510257721,0.4973784387111664,-1.4308263063430786,0.6028273701667786,0.4981141686439514,-1.4314632415771484,0.5716808438301086,0.5004082918167114,-1.4327176809310913,0.673915684223175,0.5219148397445679,-0.6154693365097046,0.48412495851516724,0.541824996471405,-1.1862530708312988,0.700648307800293,0.6692566275596619,-1.1885396242141724,0.6377223134040833,0.6892410516738892,-1.3248635530471802,0.8186498880386353,0.9243601560592651,-0.1281508058309555,0.2446906566619873,0.9249528646469116,-0.8338195085525513,1.0228289365768433,1.245980143547058,-0.31175562739372253,0.17739403247833252,1.5022051334381104,-1.2065114974975586,0.9081687927246094,1.2622145414352417,-1.140429973602295,0.38080525398254395,1.6641677618026733,-1.7271236181259155,0.8715535402297974,1.2611918449401855,-1.330815076828003,0.4275892376899719,1.7715622186660767,-1.9000698328018188,0.8167535662651062,1.1980558633804321,-1.3621994256973267,0.43270301818847656,1.6921688318252563,-1.9624122381210327,0.8480273485183716,1.2269409894943237,-1.1918002367019653,0.4286987781524658,1.6506747007369995,-1.7656652927398682,0.7125506401062012,1.9594109058380127,0.14409783482551575,0.3536812961101532,2.0025269985198975,-0.13761387765407562,0.776191771030426,2.4773244857788086,-0.26863786578178406,0.4151450991630554,2.5413410663604736,-0.5907891988754272,0.7702885270118713,3.3040642738342285,0.30192914605140686,0.45296311378479004,3.3635785579681396,-0.1746378093957901,0.7413325309753418,3.444039821624756,0.31427231431007385,0.3993168771266937,3.5081725120544434,-0.17050352692604065,0.8109102249145508,3.523749351501465,-0.3432823419570923,0.6110351085662842,3.5737411975860596,-0.9104002118110657,0.4370684791665002,1
2026-09-24T12:26:12.098029,S012,S012_A5_Y_20260924_1226,elevated_20,A5,young,class_1,0.7155215740203857,0.576420783996582,-1.2242095470428467,0.7048455476760864,0.4897800385951996,-1.0949344635009766,0.7110349535942078,0.48820260167121887,-1.0954841375350952,0.71690833568573,0.48621878027915955,-1.0953232049942017,0.6657732129096985,0.4888804256916046,-1.2219010591506958,0.6418348550796509,0.488199919462204,-1.222348928451538,0.6143947839736938,0.4889940619468689,-1.2233788967132568,0.671660840511322,0.5155259370803833,-0.4336965084075928,0.5115442276000977,0.5298150777816772,-1.0936517715454102,0.7128021717071533,0.6552836894989014,-0.97111976146698,0.6624615788459778,0.6704689264297485,-1.1372740268707275,0.7713367342948914,0.9230095148086548,0.024881305173039436,0.24781835079193115,0.92122882604599,-0.8632766008377075,0.979903519153595,1.1997723579406738,-0.18047937750816345,0.17228157818317413,1.4907515048980713,-1.2599716186523438,0.8845441937446594,1.1484951972961426,-0.9371856451034546,0.37330371141433716,1.5859229564666748,-1.7324731349945068,0.8604248762130737,1.0670596361160278,-1.110451102256775,0.4214351773262024,1.6877692937850952,-1.9076616764068604,0.8079649806022644,1.0161195993423462,-1.1254870891571045,0.4433901906013489,1.586158275604248,-1.9527664184570312,0.8241292238235474,1.1143265962600708,-0.98448646068573,0.4301738739013672,1.5520203113555908,-1.7658414840698242,0.6771936416625977,1.9388726949691772,0.2030261754989624,0.3327564299106598,1.9884296655654907,-0.19585442543029785,0.7708295583724976,2.358024835586548,-0.3253301978111267,0.4036934971809387,2.4108266830444336,-0.6810795664787292,0.7361375689506531,3.182343006134033,0.2336140125989914,0.43073153495788574,3.252516746520996,-0.3816072344779968,0.693612277507782,3.3121888637542725,0.24864561855793,0.36886557936668396,3.4038245677948,-0.38236746191978455,0.7972789406776428,3.4258904457092285,-0.42772459983825684,0.601867139339447,3.4636735916137695,-0.9856274724006653,0.43782157842845965,1
2026-09-24T12:26:12.207834,S012,S012_A5_Y_20260924_1226,elevated_20,A5,young,class_1,0.72303706407547,0.5766519904136658,-1.3940582275390625,0.7121244668960571,0.49007081985473633,-1.2704102993011475,0.7167068123817444,0.4885234832763672,-1.2711471319198608,0.721134603023529,0.48651883006095886,-1.2713086605072021,0.6764646768569946,0.4894409477710724,-1.3654396533966064,0.6551990509033203,0.488787442445755,-1.3659038543701172,0.6303418874740601,0.48907744884490967,-1.3669201135635376,0.670340359210968,0.5151897072792053,-0.5871623754501343,0.5233907699584961,0.5278141498565674,-1.1001864671707153,0.7169812917709351,0.6557871103286743,-1.1322863101959229,0.67158043384552,0.6706889271736145,-1.2474565505981445,0.7771281003952026,0.9256465435028076,-0.1344364881515503,0.24608001112937927,0.9231754541397095,-0.88994961977005,0.9838895797729492,1.2939555644989014,-0.31207171082496643,0.16803018748760223,1.4914913177490234,-1.2997164726257324,0.9396244287490845,1.4722243547439575,-1.1760361194610596,0.34688544273376465,1.5808546543121338,-1.955834984779358,0.9448933601379395,1.558140516281128,-1.376720905303955,0.3891640603542328,1.6769191026687622,-2.1598525047302246,0.8964017033576965,1.4904838800430298,-1.436637282371521,0.41090959310531616,1.5823416709899902,-2.225658416748047,0.8845028877258301,1.465745449066162,-1.2404261827468872,0.4022304117679596,1.5507748126983643,-2.0028529167175293,0.6829391121864319,1.9448903799057007,0.1790742129087448,0.33463793992996216,1.9982402324676514,-0.17212827503681183,0.7865608930587769,2.2699785232543945,-0.38924112915992737,0.40157976746559143,2.34145450592041,-0.9130188226699829,0.7471351027488708,3.0862693786621094,0.06110722944140434,0.4611636698246002,3.132758855819702,-0.4659898281097412,0.6976464986801147,3.2245683670043945,0.0720340833067894,0.404526948928833,3.2672994136810303,-0.4559505581855774,0.821219801902771,3.293398380279541,-0.4407011568546295,0.6451301574707031,3.3358404636383057,-1.1149591207504272,0.43570849711382337,1
2026-09-24T12:26:12.305506,S012,S012_A5_Y_20260924_1226,elevated_20,A5,young,class_1,0.7519380450248718,0.5690686702728271,-1.3982399702072144,0.7377699613571167,0.48323923349380493,-1.2689883708953857,0.7407652735710144,0.4815049171447754,-1.269924283027649,0.7436708807945251,0.47948843240737915,-1.2700977325439453,0.7070836424827576,0.4829184412956238,-1.3851842880249023,0.6842952966690063,0.48207587003707886,-1.3856903314590454,0.660211980342865,0.4823439419269562,-1.386789083480835,0.6739434599876404,0.504761278629303,-0.5680680871009827,0.5498003363609314,0.5179506540298462,-1.1072145700454712,0.7369018793106079,0.6488429307937622,-1.1285566091537476,0.6962199807167053,0.6626853942871094,-1.2745193243026733,0.77825528383255,0.9181968569755554,-0.10965226590633392,0.2450522482395172,0.9234029650688171,-0.871497631072998,0.9872579574584961,1.2771252393722534,-0.2830280661582947,0.1650729924440384,1.5148612260818481,-1.2051796913146973,0.9448431134223938,1.4286125898361206,-1.2415307760238647,0.33379513025283813,1.690072774887085,-1.938942313194275,0.9483222961425781,1.5153820514678955,-1.4638736248016357,0.37253910303115845,1.7979296445846558,-2.1340863704681396,0.901583194732666,1.4771530628204346,-1.5271533727645874,0.39563432335853577,1.706693172454834,-2.1771388053894043,0.8886256217956543,1.4083305597305298,-1.3109122514724731,0.38904550671577454,1.665206789970398,-1.9819624423980713,0.6855869889259338,1.9428925514221191,0.15967769920825958,0.3360639214515686,1.9973195791244507,-0.15249893069267273,0.7831627130508423,2.3329336643218994,-0.38558506965637207,0.4029625952243805,2.3954832553863525,-0.8132566213607788,0.7747461795806885,3.136981964111328,0.14516723155975342,0.4753141403198242,3.184555768966675,-0.396719753742218,0.7392557859420776,3.2699835300445557,0.15731137990951538,0.4213942587375641,3.3116161823272705,-0.3924465775489807,0.839990496635437,3.360069990158081,-0.4608248770236969,0.6575015783309937,3.401233673095703,-1.0935289859771729,0.43422670843905176,1
2026-09-24T12:26:12.408115,S012,S012_A5_Y_20260924_1226,elevated_20,A5,young,class_1,0.7677360773086548,0.5670409798622131,-1.4399052858352661,0.7480989694595337,0.48328909277915955,-1.3105690479278564,0.749549925327301,0.48138827085494995,-1.3113243579864502,0.7506097555160522,0.4792115390300751,-1.3115578889846802,0.7197809815406799,0.4835558533668518,-1.4141161441802979,0.6978696584701538,0.4829619526863098,-1.4145737886428833,0.6739521622657776,0.48354393243789673,-1.4156535863876343,0.6727912425994873,0.5052846670150757,-0.6026639938354492,0.5684643387794495,0.519354522228241,-1.1453406810760498,0.7511576414108276,0.6472222805023193,-1.169467568397522,0.7135769128799438,0.6616144180297852,-1.277069330215454,0.7879443168640137,0.9206182956695557,-0.1749441772699356,0.24399304389953613,0.9319400787353516,-0.986230194568634,1.0255205631256104,1.2723795175552368,-0.29019489884376526,0.1645001918077469,1.5095438957214355,-1.5381869077682495,0.9807121157646179,1.379820704460144,-1.3807414770126343,0.3450649380683899,1.4741636514663696,-2.216393232345581,0.9839369654655457,1.481058955192566,-1.6227880716323853,0.3993021249771118,1.5027680397033691,-2.4267208576202393,0.9285897016525269,1.398215651512146,-1.6709270477294922,0.4114301800727844,1.4061139822006226,-2.4650051593780518,0.9179819226264954,1.33719801902771,-1.4471569061279297,0.39951154589653015,1.3979718685150146,-2.254791736602783,0.6871200203895569,1.946286916732788,0.18583767116069794,0.35028016567230225,2.0098717212677,-0.1793178915977478,0.797875702381134,1.9982534646987915,-0.46936139464378357,0.4037857949733734,2.1054556369781494,-0.9986627697944641,0.7905800342559814,2.7537600994110107,0.07061250507831573,0.5511530637741089,2.7614638805389404,-0.38052916526794434,0.7577474117279053,2.9009382724761963,0.08853071928024292,0.519075870513916,2.8802428245544434,-0.36343950033187866,0.8654385805130005,2.885195732116699,-0.5074194073677063,0.7275663614273071,2.8741273880004883,-1.0341917276382446,0.433317784826751,1
2026-09-24T12:26:12.509115,S012,S012_A5_Y_20260924_1226,elevated_20,A5,young,class_1,0.7739694714546204,0.5660651326179504,-1.253110408782959,0.75343257188797,0.48273342847824097,-1.1191587448120117,0.7540715932846069,0.48049837350845337,-1.1196532249450684,0.75422203540802,0.478021502494812,-1.1197311878204346,0.7256973385810852,0.483765184879303,-1.2579541206359863,0.703930139541626,0.4833073616027832,-1.2583472728729248,0.6794278621673584,0.4840446710586548,-1.259116768836975,0.6721266508102417,0.5050186514854431,-0.4424673020839691,0.5763243436813354,0.5201674103736877,-1.1157479286193848,0.7560639977455139,0.6467600464820862,-0.9932891130447388,0.7194939851760864,0.6613880395889282,-1.169897437095642,0.7936673760414124,0.9215540289878845,-0.09478982537984848,0.24395766854286194,0.9317220449447632,-0.988146960735321,1.0294888019561768,1.2088598012924194,-0.387452632188797,0.17202763259410858,1.4536765813827515,-1.6478145122528076,0.9672861099243164,1.1857706308364868,-1.2794041633605957,0.38825446367263794,1.3056292533874512,-2.2408576011657715,0.9266265034675598,1.1005960702896118,-1.4865901470184326,0.45245957374572754,1.3133604526519775,-2.442638874053955,0.8714873194694519,1.047835111618042,-1.4879552125930786,0.4591847062110901,1.2222177982330322,-2.456625461578369,0.853195071220398,1.0088893175125122,-1.3227514028549194,0.44086137413978577,1.2229704856872559,-2.267669200897217,0.6875667572021484,1.9522323608398438,0.2229045331478119,0.3542320132255554,2.021872043609619,-0.2165936529636383,0.7997444868087769,1.957407832145691,-0.441450834274292,0.4047459661960602,2.0517945289611816,-1.0205638408660889,0.7911097407341003,2.710561513900757,0.11433323472738266,0.5655714273452759,2.7251768112182617,-0.3623557984828949,0.7588485479354858,2.856144905090332,0.1356637179851532,0.5348679423332214,2.8387303352355957,-0.3573923707008362,0.8687090873718262,2.8478293418884277,-0.4229729175567627,0.7428107857704163,2.8630592823028564,-0.9212075471878052,0.43310273708387587,1
2026-09-24T12:26:12.611641,S012,S012_A5_Y_20260924_1226,elevated_20,A5,young,class_1,0.7781092524528503,0.5654075145721436,-1.313849687576294,0.758061945438385,0.4819129705429077,-1.1894410848617554,0.7587189674377441,0.4795723557472229,-1.1902081966400146,0.7586992979049683,0.4770803153514862,-1.190372109413147,0.7290146350860596,0.48375803232192993,-1.309589147567749,0.7065861821174622,0.48357656598091125,-1.310131311416626,0.6812425255775452,0.4845796227455139,-1.3111686706542969,0.6726195216178894,0.5052509307861328,-0.5127007961273193,0.5773321390151978,0.5207945704460144,-1.1019705533981323,0.7606422305107117,0.6464404463768005,-1.0520298480987549,0.7225150465965271,0.6611708402633667,-1.2084472179412842,0.7966614961624146,0.9218526482582092,-0.12806518375873566,0.24916669726371765,0.928687334060669,-0.9448591470718384,1.0252821445465088,1.2250910997390747,-0.3595653176307678,0.17103716731071472,1.4489915370941162,-1.4389123916625977,0.963763415813446,1.232704520225525,-1.2070664167404175,0.36902594566345215,1.3802211284637451,-2.192772626876831,0.9377026557922363,1.2941651344299316,-1.407137155532837,0.4183352589607239,1.415171504020691,-2.414254665374756,0.8868292570114136,1.2020270824432373,-1.4599723815917969,0.43406447768211365,1.3314173221588135,-2.4498729705810547,0.8730993270874023,1.1354477405548096,-1.2673022747039795,0.42009133100509644,1.32151198387146,-2.2343697547912598,0.69147789478302,1.9527510404586792,0.20144391059875488,0.3542538583278656,2.021101951599121,-0.19605819880962372,0.7960799336433411,2.2494683265686035,-0.4181685447692871,0.39411213994026184,2.2651655673980713,-0.918875515460968,0.789025068283081,3.044135332107544,0.11599087715148926,0.529026985168457,3.054727792739868,-0.38635703921318054,0.7587684392929077,3.181901454925537,0.13287560641765594,0.49138909578323364,3.1856954097747803,-0.37677326798439026,0.8551589846611023,3.247870922088623,-0.4700268805027008,0.7190428972244263,3.25736141204834,-1.0268304347991943,0.4304495851586883,1
2026-09-24T12:26:12.709181,S012,S012_A5_Y_20260924_1226,elevated_20,A5,young,class_1,0.7832754850387573,0.5595604777336121,-1.1395381689071655,0.7629309892654419,0.478158175945282,-1.0285027027130127,0.7630403637886047,0.47606784105300903,-1.029278039932251,0.7624068260192871,0.47384387254714966,-1.0295668840408325,0.7348238229751587,0.48063167929649353,-1.1737219095230103,0.7132256627082825,0.48090288043022156,-1.174243688583374,0.6874682903289795,0.4823620617389679,-1.1755040884017944,0.674372673034668,0.5039984583854675,-0.4216592311859131,0.5828333497047424,0.5197019577026367,-1.095515251159668,0.7671810388565063,0.638986349105835,-0.900948166847229,0.7296921014785767,0.6518107056617737,-1.088634967803955,0.7981885671615601,0.9204621911048889,0.0072989375330507755,0.25524863600730896,0.9247068166732788,-0.9307376146316528,1.0251686573028564,1.2298836708068848,-0.014590403065085411,0.16869841516017914,1.4658678770065308,-1.350541114807129,0.9684222340583801,1.2596155405044556,-0.6285573840141296,0.33899420499801636,1.6592904329299927,-1.89983332157135,0.9645447731018066,1.304582118988037,-0.7833806872367859,0.365529865026474,1.7776769399642944,-2.1006975173950195,0.8868752717971802,1.1203597784042358,-0.8617488741874695,0.40195736289024353,1.7105149030685425,-2.1823477745056152,0.865754246711731,1.0735217332839966,-0.6964949369430542,0.3938925862312317,1.667120337486267,-1.9511133432388306,0.692284107208252,1.9513773918151855,0.18801277875900269,0.3535967469215393,1.9999139308929443,-0.1817687600851059,0.7885683178901672,2.5782206058502197,-0.14341352880001068,0.39973029494285583,2.595050573348999,-0.5469899773597717,0.7878734469413757,3.386164426803589,0.4448173940181732,0.4689877927303314,3.4004647731781006,-0.1482696384191513,0.7578089237213135,3.508964776992798,0.46198686957359314,0.42462068796157837,3.5331857204437256,-0.14597931504249573,0.8476755023002625,3.6118366718292236,-0.20119881629943848,0.6437681913375854,3.6140553951263428,-0.920830249786377,0.43006663672647183,1
2026-09-24T12:26:12.808865,S012,S012_A5_Y_20260924_1226,elevated_20,A5,young,class_1,0.7830010652542114,0.5577584505081177,-1.2214703559875488,0.7628740668296814,0.4763574004173279,-1.1100685596466064,0.7634726166725159,0.4741306006908417,-1.110923409461975,0.7633404731750488,0.47173288464546204,-1.1112875938415527,0.7339876890182495,0.47905033826828003,-1.245537281036377,0.7120576500892639,0.47929587960243225,-1.2460739612579346,0.6859610676765442,0.48078009486198425,-1.2473633289337158,0.6771681308746338,0.5012854337692261,-0.4794926643371582,0.5804882645606995,0.5182893872261047,-1.1115877628326416,0.7672081589698792,0.6370514631271362,-0.9721382856369019,0.7287601232528687,0.649562656879425,-1.1479079723358154,0.7995129823684692,0.9166101813316345,-0.0024137331638485193,0.25587326288223267,0.9079079031944275,-0.9223410487174988,1.018672227859497,1.2704743146896362,0.12093698978424072,0.15211394429206848,1.4664146900177002,-1.1837379932403564,0.9803919792175293,1.4524425268173218,-0.44114166498184204,0.258286714553833,1.7685112953186035,-1.7576175928115845,0.9920750856399536,1.5458621978759766,-0.5859866738319397,0.2656678259372711,1.9089664220809937,-1.9615552425384521,0.9483291506767273,1.4799948930740356,-0.7000695466995239,0.3118135929107666,1.8578299283981323,-2.0660173892974854,0.9268767237663269,1.4515881538391113,-0.5209278464317322,0.3143799901008606,1.807227373123169,-1.8183000087738037,0.6930683255195618,1.951226830482483,0.18236729502677917,0.35123494267463684,1.9878761768341064,-0.17570573091506958,0.778803825378418,2.629185438156128,-0.16591422259807587,0.39972537755966187,2.6341302394866943,-0.6183138489723206,0.7860621809959412,3.4374008178710938,0.4180525243282318,0.43756383657455444,3.447556734085083,-0.20513638854026794,0.7571367621421814,3.560462474822998,0.4322088360786438,0.3923572599887848,3.582831859588623,-0.19817303121089935,0.8438526391983032,3.6659884452819824,-0.25650301575660706,0.6032487154006958,3.6650912761688232,-1.0077036619186401,0.4274827648751494,1
2026-09-24T12:26:12.901548,S012,S012_A5_Y_20260924_1226,elevated_20,A5,young,class_1,0.7865608930587769,0.55791836977005,-1.259700894355774,0.763649582862854,0.47643718123435974,-1.1328580379486084,0.7637103796005249,0.47425320744514465,-1.1335066556930542,0.7630401849746704,0.4718657433986664,-1.1337167024612427,0.7346863746643066,0.47946348786354065,-1.2680933475494385,0.713047981262207,0.47993019223213196,-1.2685739994049072,0.6876198649406433,0.4816053509712219,-1.2695902585983276,0.676831841468811,0.5016489028930664,-0.4627363085746765,0.583621621131897,0.5199095606803894,-1.103805661201477,0.7700627446174622,0.6374571323394775,-1.0015203952789307,0.7325217723846436,0.6498619914054871,-1.174201250076294,0.8021547198295593,0.9210937023162842,-0.05373530834913254,0.2541118264198303,0.915747344493866,-0.9843829870223999,1.0302321910858154,1.267077088356018,-0.1266527622938156,0.1496187150478363,1.4590662717819214,-1.6194860935211182,0.9848283529281616,1.3468661308288574,-1.0642507076263428,0.3180004954338074,1.409136176109314,-2.3261470794677734,0.9901862144470215,1.4260393381118774,-1.2758219242095947,0.3691679835319519,1.430145263671875,-2.544489622116089,0.9397960901260376,1.357306718826294,-1.3084574937820435,0.3888585567474365,1.3396905660629272,-2.5667688846588135,0.9263262748718262,1.3319653272628784,-1.1220033168792725,0.3760846257209778,1.3353430032730103,-2.3593287467956543,0.6938512325286865,1.9701098203659058,0.2237773835659027,0.35585513710975647,2.0242512226104736,-0.21727724373340607,0.7992905378341675,2.059499502182007,-0.35503441095352173,0.40341129899024963,2.158267021179199,-0.9802749752998352,0.7876999974250793,2.8300325870513916,0.24771448969841003,0.5184783339500427,2.8548903465270996,-0.2802146077156067,0.7573304176330566,2.9761741161346436,0.2732386887073517,0.4774991571903229,2.9775803089141846,-0.24110989272594452,0.8605201840400696,2.9744820594787598,-0.33732762932777405,0.706628680229187,2.9905099868774414,-0.9434182047843933,0.4272959810120731,1
2026-09-24T12:26:13.010080,S012,S012_A5_Y_20260924_1226,elevated_20,A5,young,class_1,0.7879399657249451,0.5546931624412537,-1.2339495420455933,0.7651101350784302,0.47281721234321594,-1.1062655448913574,0.765310525894165,0.47058984637260437,-1.1069586277008057,0.7647997736930847,0.46818622946739197,-1.1069825887680054,0.7359454035758972,0.47667619585990906,-1.2455614805221558,0.7138447761535645,0.4775411784648895,-1.2460572719573975,0.687757134437561,0.4796546697616577,-1.247098684310913,0.6777039170265198,0.4993245005607605,-0.41551321744918823,0.5831472277641296,0.5191209316253662,-1.0616828203201294,0.7732405662536621,0.6343669891357422,-0.9661944508552551,0.7348268628120422,0.6469473242759705,-1.1477371454238892,0.8041685819625854,0.912952721118927,0.04925208538770676,0.26065316796302795,0.9075686931610107,-0.9346843957901001,1.030625820159912,1.259867548942566,-0.19770458340644836,0.15082527697086334,1.445441484451294,-1.4878493547439575,0.9820740818977356,1.2052353620529175,-1.068070650100708,0.31779736280441284,1.4275801181793213,-2.1832661628723145,0.9522859454154968,1.0990186929702759,-1.294173002243042,0.3689078390598297,1.494992971420288,-2.3990495204925537,0.9008947610855103,1.0402783155441284,-1.3236377239227295,0.38780152797698975,1.4106513261795044,-2.4428389072418213,0.8858564496040344,1.0153653621673584,-1.131862998008728,0.3757854700088501,1.39144766330719,-2.224470853805542,0.694403350353241,1.9645081758499146,0.2085590809583664,0.35437625646591187,2.0084714889526367,-0.20179930329322815,0.7903815507888794,2.3732247352600098,-0.29572999477386475,0.40309685468673706,2.412273645401001,-0.6933494210243225,0.7825182676315308,3.234454870223999,0.26438218355178833,0.4736647605895996,3.2830557823181152,-0.2680909335613251,0.7527682185173035,3.371859312057495,0.28020066022872925,0.4183195233345032,3.434166193008423,-0.24721291661262512,0.8585890531539917,3.4623491764068604,-0.35898545384407043,0.6806669235229492,3.4903948307037354,-0.9477429389953613,0.4303411749512606,1
2026-09-24T12:26:13.103037,S012,S012_A5_Y_20260924_1226,elevated_20,A5,young,class_1,0.783145546913147,0.5543241500854492,-1.2436763048171997,0.7612140774726868,0.471062034368515,-1.1146858930587769,0.7619664669036865,0.4687325358390808,-1.1153018474578857,0.7620285153388977,0.46628668904304504,-1.1153203248977661,0.7317798137664795,0.47533905506134033,-1.2509665489196777,0.7095363140106201,0.47637999057769775,-1.25139582157135,0.6840718388557434,0.4787577688694,-1.2523717880249023,0.6766839027404785,0.49911338090896606,-0.4291650354862213,0.5797169804573059,0.5192901492118835,-1.0547856092453003,0.7694563269615173,0.6343487501144409,-0.9783443212509155,0.730259358882904,0.6470498442649841,-1.155832052230835,0.8045814633369446,0.9133393168449402,-0.010560743510723114,0.26195862889289856,0.9078806042671204,-0.9388739466667175,1.0229814052581787,1.2600208520889282,-0.4992308020591736,0.15085628628730774,1.4262639284133911,-1.669510841369629,0.9408265352249146,1.1636823415756226,-1.4783446788787842,0.3701407015323639,1.3247767686843872,-2.425182580947876,0.9103807210922241,1.0286885499954224,-1.7015607357025146,0.4357733130455017,1.3421971797943115,-2.637723445892334,0.861629843711853,0.9846169352531433,-1.6822426319122314,0.4514760971069336,1.2596186399459839,-2.6345908641815186,0.8460674285888672,0.9843723177909851,-1.5169904232025146,0.4335950016975403,1.2600499391555786,-2.4491524696350098,0.6945585608482361,1.964420199394226,0.20726998150348663,0.35683223605155945,2.007910966873169,-0.20015624165534973,0.7886453866958618,2.259674549102783,-0.39956846833229065,0.38868266344070435,2.317378282546997,-0.8236898183822632,0.7690662145614624,3.083198308944702,0.10416392982006073,0.4731641411781311,3.1242547035217285,-0.3449998199939728,0.737683892250061,3.2296595573425293,0.11679657548666,0.4212014079093933,3.263599157333374,-0.32893106341362,0.8534728288650513,3.2696564197540283,-0.49815067648887634,0.6728335022926331,3.318319797515869,-1.0056469440460205,0.4324262429903628,1
2026-09-24T12:26:13.207575,S012,S012_A5_Y_20260924_1226,elevated_20,A5,young,class_1,0.780900776386261,0.5525809526443481,-1.2620340585708618,0.7600535750389099,0.4689064919948578,-1.1351327896118164,0.7612537145614624,0.4664403796195984,-1.135787844657898,0.7617632150650024,0.46379798650741577,-1.135852575302124,0.7296640276908875,0.4738961458206177,-1.2655779123306274,0.7068448662757874,0.4754166305065155,-1.2660247087478638,0.6811578869819641,0.4783531725406647,-1.2670197486877441,0.6776841878890991,0.4969129264354706,-0.4449850022792816,0.5774259567260742,0.5193817615509033,-1.0443501472473145,0.7688139081001282,0.6329735517501831,-0.9969450235366821,0.7276860475540161,0.6465795636177063,-1.167450189590454,0.8049809336662292,0.8997630476951599,-0.020362935960292816,0.2679213881492615,0.9069187641143799,-0.9113699197769165,1.0306766033172607,1.2074331045150757,-0.45547038316726685,0.15128210186958313,1.4165257215499878,-1.5425851345062256,0.9458324313163757,1.1292102336883545,-1.366430640220642,0.3615604043006897,1.3833692073822021,-2.2662739753723145,0.9149976968765259,1.0014996528625488,-1.6092984676361084,0.41942015290260315,1.425013780593872,-2.482861042022705,0.8647692799568176,0.9439791440963745,-1.5667774677276611,0.4375641345977783,1.3444229364395142,-2.5080296993255615,0.8494684100151062,0.927493155002594,-1.400907278060913,0.4230140745639801,1.3337403535842896,-2.3010873794555664,0.7009087800979614,1.9605389833450317,0.20602670311927795,0.3623630404472351,2.0047991275787354,-0.19877544045448303,0.7876647710800171,2.366580009460449,-0.2936660647392273,0.40277591347694397,2.356504201889038,-0.8076432943344116,0.795333206653595,3.187670946121216,0.2486361563205719,0.5041376948356628,3.216895580291748,-0.33969831466674805,0.7733341455459595,3.3287570476531982,0.26038801670074463,0.46028274297714233,3.35842227935791,-0.3240489065647125,0.8721782565116882,3.3864762783050537,-0.395895391702652,0.6924741268157959,3.427997350692749,-1.0139631032943726,0.43460287640019407,1
2026-09-24T12:26:13.307371,S012,S012_A5_Y_20260924_1226,elevated_20,A5,young,class_1,0.7779406905174255,0.5527133345603943,-1.2950111627578735,0.7579903602600098,0.4690098166465759,-1.1649219989776611,0.7595632076263428,0.4665575325489044,-1.1658210754394531,0.7604963779449463,0.4639216959476471,-1.1659982204437256,0.7270914316177368,0.47365161776542664,-1.2886427640914917,0.7044090628623962,0.47483116388320923,-1.2892491817474365,0.6793538928031921,0.477328360080719,-1.2904200553894043,0.6793200969696045,0.49690553545951843,-0.47939029335975647,0.5767596364021301,0.518334150314331,-1.0485541820526123,0.7670097351074219,0.6331402063369751,-1.0341535806655884,0.7250009179115295,0.6468283534049988,-1.1954600811004639,0.8123677372932434,0.9043601751327515,-0.04483763128519058,0.2656497657299042,0.9132435321807861,-0.8571556806564331,1.0303757190704346,1.2668282985687256,-0.18664106726646423,0.14769873023033142,1.4232219457626343,-1.2675256729125977,0.9734713435173035,1.4068843126296997,-0.9327718615531921,0.28795042634010315,1.5297526121139526,-2.0671417713165283,0.9737507700920105,1.486816167831421,-1.1213767528533936,0.3119448125362396,1.6204694509506226,-2.2970924377441406,0.9290158152580261,1.4195787906646729,-1.209154486656189,0.3445388674736023,1.5391485691070557,-2.377743721008301,0.9151350855827332,1.3926604986190796,-1.0064351558685303,0.3404510021209717,1.5079439878463745,-2.127703905105591,0.7066709399223328,1.964226484298706,0.16536208987236023,0.36226651072502136,2.0056426525115967,-0.1578826755285263,0.7916553616523743,2.4449586868286133,-0.3655482232570648,0.4004526138305664,2.4621331691741943,-0.7930930256843567,0.7945595979690552,3.2899863719940186,0.15358519554138184,0.47380486130714417,3.332949638366699,-0.37159866094589233,0.7698264718055725,3.4219613075256348,0.16366532444953918,0.43274402618408203,3.475040912628174,-0.3648231625556946,0.8541361689567566,3.529141426086426,-0.4885336756706238,0.6369781494140625,3.56325101852417,-1.0613019466400146,0.4330173304646671,1
2026-09-24T12:26:13.388993,S012,S012_A5_Y_20260924_1226,elevated_20,A5,young,class_1,0.7751647233963013,0.5532864332199097,-1.3277093172073364,0.7578265070915222,0.4702659547328949,-1.1978425979614258,0.7590311765670776,0.46787187457084656,-1.198817491531372,0.7596459984779358,0.46540895104408264,-1.1990710496902466,0.7265759706497192,0.47411665320396423,-1.3089137077331543,0.7037951350212097,0.4750255048274994,-1.3094868659973145,0.6780048608779907,0.47741082310676575,-1.310608148574829,0.6805189847946167,0.4971906244754791,-0.508093535900116,0.575849175453186,0.5184337496757507,-1.036350965499878,0.7632879018783569,0.6334452033042908,-1.064657211303711,0.721354067325592,0.6469528079032898,-1.2098699808120728,0.8153129816055298,0.9045858383178711,-0.07424108684062958,0.26637667417526245,0.9149074554443359,-0.7891309857368469,1.0313920974731445,1.2599669694900513,-0.2001664936542511,0.14919160306453705,1.4325038194656372,-1.1468757390975952,0.9919344186782837,1.3851882219314575,-0.9649279713630676,0.2837194502353668,1.578040361404419,-1.927433729171753,1.0022315979003906,1.4584696292877197,-1.1575827598571777,0.3074796497821808,1.6723575592041016,-2.1498122215270996,0.9553545713424683,1.3911501169204712,-1.2401149272918701,0.3387961983680725,1.589629054069519,-2.235701560974121,0.9408410787582397,1.3701064586639404,-1.0362566709518433,0.3351678252220154,1.5569490194320679,-1.989290475845337,0.7112839818000793,1.964043140411377,0.13334022462368011,0.36229002475738525,2.0043857097625732,-0.12579196691513062,0.7918318510055542,2.487848997116089,-0.4057582914829254,0.4003876745700836,2.5275449752807617,-0.6889709830284119,0.7929272651672363,3.328735589981079,0.08881474286317825,0.4607657492160797,3.3742616176605225,-0.37645336985588074,0.7682968974113464,3.457134246826172,0.09606149792671204,0.4238649308681488,3.5117766857147217,-0.37878695130348206,0.8453143835067749,3.5722804069519043,-0.5663585066795349,0.607904314994812,3.606424570083618,-1.100338339805603,0.4320051722602467,1
2026-09-24T12:26:13.489431,S012,S012_A5_Y_20260924_1226,elevated_20,A5,young,class_1,0.7339721918106079,0.5611266493797302,-1.4995172023773193,0.7294818758964539,0.4739188253879547,-1.368250846862793,0.7381677031517029,0.47271496057510376,-1.3691911697387695,0.7456651926040649,0.47144606709480286,-1.3694592714309692,0.6839557886123657,0.4747442603111267,-1.465491533279419,0.6585920453071594,0.4750831723213196,-1.46603524684906,0.6304571032524109,0.4774465262889862,-1.4673242568969727,0.6831699013710022,0.5022854208946228,-0.6505097150802612,0.5326036810874939,0.5184599161148071,-1.0865777730941772,0.7391796708106995,0.6436609029769897,-1.2246133089065552,0.6835482716560364,0.6550281047821045,-1.350303292274475,0.8215285539627075,0.9241983890533447,-0.15023170411586761,0.25224074721336365,0.9317728281021118,-0.8055809140205383,1.0308927297592163,1.3132580518722534,-0.22441034018993378,0.12780246138572693,1.4944573640823364,-1.050229549407959,0.9949442744255066,1.5578395128250122,-1.0158966779708862,0.25912418961524963,1.7412712574005127,-1.7619327306747437,1.0066664218902588,1.6624557971954346,-1.2088792324066162,0.2834201455116272,1.8572940826416016,-1.9730889797210693,0.9634819030761719,1.6094233989715576,-1.2902390956878662,0.31919342279434204,1.7844692468643188,-2.0640761852264404,0.9455418586730957,1.5777043104171753,-1.0613819360733032,0.31764471530914307,1.7409999370574951,-1.8193461894989014,0.7112857699394226,1.97878897190094,0.11912129074335098,0.3524925112724304,2.0116262435913086,-0.11201504617929459,0.7796293497085571,2.6129865646362305,-0.40089622139930725,0.3906298279762268,2.6543147563934326,-0.6824632883071899,0.7667964696884155,3.435016393661499,0.1091003268957138,0.4143013060092926,3.470205783843994,-0.3726654648780823,0.7441893815994263,3.563847780227661,0.11100031435489655,0.3841836452484131,3.6071369647979736,-0.3671642243862152,0.7943254709243774,3.6805410385131836,-0.5616658926010132,0.5426143407821655,3.7023231983184814,-1.1551162004470825,0.42966772477445897,1
2026-09-24T12:26:13.578943,S012,S012_A5_Y_20260924_1226,elevated_20,A5,young,class_1,0.6552776098251343,0.5747487545013428,-1.5372116565704346,0.6744981408119202,0.49274131655693054,-1.4203016757965088,0.6933438181877136,0.49326688051223755,-1.42110276222229,0.7113121151924133,0.49435192346572876,-1.4214558601379395,0.6114515066146851,0.4894437789916992,-1.481349229812622,0.5822972059249878,0.4884898066520691,-1.4815179109573364,0.551944375038147,0.4904692471027374,-1.4826695919036865,0.6850348114967346,0.527509868144989,-0.7255472540855408,0.4824248254299164,0.5281086564064026,-1.012418270111084,0.675715982913971,0.6602842807769775,-1.2680355310440063,0.6039385795593262,0.6637920141220093,-1.3479018211364746,0.8255431056022644,0.9337825179100037,-0.20772817730903625,0.2507731318473816,0.9319904446601868,-0.6776331663131714,1.0254058837890625,1.3261399269104004,-0.2390950471162796,0.11680358648300171,1.4918612241744995,-0.8288860321044922,0.9933217167854309,1.6254209280014038,-1.0103501081466675,0.2183891236782074,1.8107110261917114,-1.594454050064087,1.0015827417373657,1.744018316268921,-1.1985247135162354,0.2282370626926422,1.947245478630066,-1.8283312320709229,0.9578143358230591,1.7017459869384766,-1.2975573539733887,0.2751201391220093,1.8920542001724243,-1.9156043529510498,0.938859760761261,1.665697455406189,-1.0794137716293335,0.28293320536613464,1.8424869775772095,-1.6550827026367188,0.710163414478302,1.9805899858474731,0.07814227044582367,0.3418876528739929,2.006754159927368,-0.07130526751279831,0.7357202172279358,2.7388033866882324,-0.2198835164308548,0.3868353068828583,2.7110860347747803,-0.6384862661361694,0.7545026540756226,3.524761915206909,0.38879022002220154,0.40698495507240295,3.5147767066955566,-0.2527960240840912,0.7424899935722351,3.6466615200042725,0.3985312581062317,0.38418224453926086,3.646890163421631,-0.2478407323360443,0.7439528107643127,3.7709243297576904,-0.4018416404724121,0.5044686198234558,3.7432901859283447,-1.1270347833633423,0.42841333669264603,1
2026-09-24T12:26:13.673947,S012,S012_A5_Y_20260924_1226,elevated_20,A5,young,class_1,0.6297768950462341,0.5816248655319214,-1.56778883934021,0.6506842374801636,0.49959346652030945,-1.4545049667358398,0.6708235144615173,0.5000550746917725,-1.4553203582763672,0.6913901567459106,0.5010697841644287,-1.4556005001068115,0.5845767259597778,0.4963268041610718,-1.5035074949264526,0.5573157668113708,0.495362788438797,-1.5036827325820923,0.5264531970024109,0.49792930483818054,-1.504767656326294,0.6853035688400269,0.5343416333198547,-0.7540708780288696,0.46434250473976135,0.5351995229721069,-0.9824016690254211,0.653594434261322,0.6677570939064026,-1.296196460723877,0.581571102142334,0.6693407893180847,-1.3595298528671265,0.8311231732368469,0.9370365738868713,-0.220427006483078,0.25198304653167725,0.9319108128547668,-0.6233028173446655,1.025090217590332,1.3358702659606934,-0.2422037124633789,0.11874093860387802,1.488031029701233,-0.774227499961853,0.9989323616027832,1.6229076385498047,-1.0153158903121948,0.20815691351890564,1.774320125579834,-1.5849422216415405,1.0146762132644653,1.7364590167999268,-1.2025755643844604,0.21514160931110382,1.8986986875534058,-1.8140264749526978,0.9727540016174316,1.689652919769287,-1.3495078086853027,0.2574259638786316,1.840645432472229,-1.9062442779541016,0.9504501223564148,1.652585744857788,-1.1067339181900024,0.2671201527118683,1.7955862283706665,-1.64836847782135,0.7108495831489563,1.9801362752914429,0.06802325695753098,0.34243035316467285,2.000232458114624,-0.06142390891909599,0.731481671333313,2.7121145725250244,-0.2224949598312378,0.38877251744270325,2.685992956161499,-0.5978387594223022,0.7553931474685669,3.495115041732788,0.3824775815010071,0.41478094458580017,3.4889674186706543,-0.20659300684928894,0.7461110353469849,3.6178650856018066,0.392993301153183,0.3890392482280731,3.6191933155059814,-0.20398621261119843,0.7464079260826111,3.736302614212036,-0.3968285024166107,0.5207359790802002,3.717700719833374,-1.122544527053833,0.4278353093858724,1
2026-09-24T12:26:13.796785,S012,S012_A5_Y_20260924_1226,elevated_20,A5,young,class_1,0.6050444841384888,0.5842376947402954,-1.5224583148956299,0.629376232624054,0.5027197599411011,-1.3979747295379639,0.6497973203659058,0.5040801763534546,-1.3987798690795898,0.6701324582099915,0.5061171054840088,-1.3989794254302979,0.5632303953170776,0.49934121966362,-1.469991683959961,0.5349591970443726,0.49882522225379944,-1.4702908992767334,0.5056912899017334,0.5018951892852783,-1.4715981483459473,0.6840915083885193,0.544916033744812,-0.6974704265594482,0.4495786726474762,0.5447409749031067,-0.8585836291313171,0.634018063545227,0.6724942326545715,-1.251741647720337,0.5599994659423828,0.6732193827629089,-1.342928171157837,0.8323979377746582,0.9456357359886169,-0.23009952902793884,0.24880829453468323,0.9368455410003662,-0.5363885760307312,1.021159052848816,1.3080421686172485,-0.6752927899360657,0.11963953822851181,1.481619954109192,-0.8481577038764954,0.9801581501960754,1.3158458471298218,-1.7807750701904297,0.21261410415172577,1.6826822757720947,-1.6974046230316162,0.9913263320922852,1.3436790704727173,-2.036963939666748,0.2255144566297531,1.7656676769256592,-1.914397954940796,0.9197735786437988,1.1208078861236572,-2.0604848861694336,0.2576144337654114,1.6912729740142822,-1.987657904624939,0.911345362663269,1.1000480651855469,-1.8355226516723633,0.26319432258605957,1.6615163087844849,-1.7551307678222656,0.7050492763519287,1.9956109523773193,0.0493331104516983,0.34161442518234253,2.0103509426116943,-0.04287277162075043,0.7273664474487305,2.590965509414673,-0.6919771432876587,0.3503219485282898,2.656731128692627,-0.6059298515319824,0.7311925292015076,3.434997320175171,-0.23847702145576477,0.4006589353084564,3.483292579650879,-0.41390055418014526,0.7210376858711243,3.567206859588623,-0.23606733977794647,0.3838130831718445,3.5766255855560303,-0.42849335074424744,0.7238762378692627,3.656658887863159,-0.9764872789382935,0.4994080662727356,3.674443483352661,-1.232097864151001,0.4299160825965263,1
2026-09-24T12:26:13.904851,S012,S012_A5_Y_20260924_1226,elevated_20,A5,young,class_1,0.5765739679336548,0.5843626260757446,-1.664231300354004,0.605261504650116,0.5020208954811096,-1.5606775283813477,0.6270702481269836,0.5031778216362,-1.5614596605300903,0.6489373445510864,0.504938006401062,-1.5616896152496338,0.5351311564445496,0.4999045729637146,-1.5765128135681152,0.5069559812545776,0.5001428723335266,-1.5767992734909058,0.480874627828598,0.5040678381919861,-1.577790379524231,0.6814490556716919,0.5430828332901001,-0.8803292512893677,0.4376559853553772,0.5478762984275818,-0.9126240015029907,0.6147423386573792,0.6721919178962708,-1.4008605480194092,0.5319710969924927,0.6738958358764648,-1.4183595180511475,0.8538748025894165,0.9458307027816772,-0.4377765655517578,0.24890878796577454,0.937990128993988,-0.5340612530708313,1.0290359258651733,1.3130491971969604,-0.8498215675354004,0.11503460258245468,1.4802005290985107,-0.8312382698059082,0.977975070476532,1.424497365951538,-1.9296010732650757,0.1908835470676422,1.7354226112365723,-1.7572647333145142,0.98356693983078,1.5064061880111694,-2.176490306854248,0.1985379308462143,1.8530460596084595,-2.0347588062286377,0.9200533032417297,1.4027975797653198,-2.231534004211426,0.23831287026405334,1.7790541648864746,-2.106814384460449,0.9113478660583496,1.3758606910705566,-1.991140365600586,0.2482728660106659,1.7367128133773804,-1.831336259841919,0.7300773859024048,2.0108566284179688,-0.036538735032081604,0.35218626260757446,2.0141525268554688,0.04276224225759506,0.7313048243522644,2.672130584716797,-0.6197178959846497,0.3538423180580139,2.6598753929138184,-0.6234517097473145,0.7538396120071411,3.469817638397217,-0.04212410748004913,0.40259861946105957,3.4722800254821777,-0.3307097852230072,0.7594142556190491,3.594376564025879,-0.033684346824884415,0.4082028865814209,3.5846025943756104,-0.340210497379303,0.7352110743522644,3.706740617752075,-0.8363121747970581,0.5066031217575073,3.7116177082061768,-1.1835144758224487,0.4305091373530696,1
2026-09-24T12:26:14.007497,S012,S012_A5_Y_20260924_1226,elevated_20,A5,young,class_1,0.5691596269607544,0.5870972871780396,-1.7531967163085938,0.5985778570175171,0.5024912357330322,-1.6475549936294556,0.6208049058914185,0.5031951665878296,-1.6483207941055298,0.6431417465209961,0.5047610998153687,-1.6485048532485962,0.5271414518356323,0.5026078820228577,-1.6554473638534546,0.49912482500076294,0.5037156343460083,-1.655932068824768,0.47348785400390625,0.5086814165115356,-1.6568149328231812,0.6800142526626587,0.5437324643135071,-0.9495240449905396,0.4325157701969147,0.5524431467056274,-0.9228308796882629,0.6087113618850708,0.6753852963447571,-1.484198808670044,0.5240985751152039,0.6790564060211182,-1.4916728734970093,0.8655291795730591,0.9497634768486023,-0.5141088366508484,0.24893005192279816,0.9372568130493164,-0.5536436438560486,1.0470848083496094,1.31172776222229,-1.019628882408142,0.1136016696691513,1.4610402584075928,-0.9147160649299622,0.9781789779663086,1.4210799932479858,-2.139281749725342,0.1904900074005127,1.6445668935775757,-2.17933988571167,0.9825112223625183,1.504390835762024,-2.383984088897705,0.20135636627674103,1.734168529510498,-2.450397253036499,0.9213038682937622,1.4026122093200684,-2.422053098678589,0.23719438910484314,1.6511205434799194,-2.486814260482788,0.9125922918319702,1.3769034147262573,-2.1933932304382324,0.24562978744506836,1.6200389862060547,-2.2356808185577393,0.7338352799415588,2.012772560119629,-0.06316791474819183,0.3538255989551544,2.014575242996216,0.06965410709381104,0.7339327335357666,2.6426432132720947,-0.6494697332382202,0.34884095191955566,2.6349761486053467,-0.6813972592353821,0.757887065410614,3.4372291564941406,-0.08931659162044525,0.4041663706302643,3.4477314949035645,-0.36507928371429443,0.7649713158607483,3.564175605773926,-0.08365540951490402,0.42588019371032715,3.576948404312134,-0.3705542981624603,0.7389932870864868,3.668287992477417,-0.8987080454826355,0.5077670812606812,3.6777918338775635,-1.2118594646453857,0.43013225346768386,1
2026-09-24T12:26:14.117707,S012,S012_A5_Y_20260924_1226,elevated_20,A5,young,class_1,0.5573088526725769,0.5873815417289734,-1.717172384262085,0.5889214277267456,0.5022742748260498,-1.610696792602539,0.6101842522621155,0.5028576254844666,-1.6114323139190674,0.6333711743354797,0.504397988319397,-1.6115602254867554,0.514039158821106,0.5032083988189697,-1.620147705078125,0.48675671219825745,0.5047765374183655,-1.620534896850586,0.4616808295249939,0.5097783803939819,-1.6213891506195068,0.6751218438148499,0.5447435975074768,-0.9097320437431335,0.4255698323249817,0.5526247024536133,-0.9225540161132812,0.5982155203819275,0.6757583022117615,-1.4466712474822998,0.512167751789093,0.679217517375946,-1.458190679550171,0.8629558682441711,0.9493852853775024,-0.4850667119026184,0.24856793880462646,0.929523229598999,-0.4833144247531891,1.0455987453460693,1.3097003698349,-0.9716547131538391,0.11193438619375229,1.429419755935669,-0.862270712852478,0.9513229131698608,1.378996729850769,-2.025312900543213,0.18916155397891998,1.5894649028778076,-2.0608441829681396,0.9393817782402039,1.440638780593872,-2.2617716789245605,0.20183689892292023,1.6747257709503174,-2.316063165664673,0.8928748369216919,1.3571516275405884,-2.290839195251465,0.23673474788665771,1.59355628490448,-2.360290765762329,0.8864870071411133,1.3399978876113892,-2.0730597972869873,0.2437291145324707,1.564913034439087,-2.1152150630950928,0.7336050271987915,2.0069103240966797,-0.07929275929927826,0.35259464383125305,1.999422311782837,0.08560285717248917,0.7203700542449951,2.6481118202209473,-0.5780839920043945,0.3470664322376251,2.6221208572387695,-0.6817569136619568,0.7543256878852844,3.4326798915863037,-0.015535315498709679,0.4093969464302063,3.431717872619629,-0.3634730279445648,0.7641540765762329,3.558544158935547,-0.0077927010133862495,0.42914360761642456,3.558849334716797,-0.36781954765319824,0.7210522294044495,3.662627935409546,-0.8018244504928589,0.48864683508872986,3.667407989501953,-1.1898049116134644,0.4311676225801365,1
2026-09-24T12:26:14.226179,S012,S012_A5_Y_20260924_1226,elevated_20,A5,young,class_1,0.5430080890655518,0.5879574418067932,-1.7056467533111572,0.5764261484146118,0.5020369291305542,-1.6034719944000244,0.5981909036636353,0.502600371837616,-1.604235053062439,0.6202808618545532,0.50355464220047,-1.6043983697891235,0.5024376511573792,0.5046879053115845,-1.6057853698730469,0.4770108759403229,0.5073855519294739,-1.6062250137329102,0.45352229475975037,0.5128155946731567,-1.6070795059204102,0.6662864089012146,0.5440815091133118,-0.915442168712616,0.42409658432006836,0.5536621809005737,-0.90191251039505,0.5900105237960815,0.6755697727203369,-1.4389690160751343,0.5040748715400696,0.6807011365890503,-1.440663456916809,0.8636229634284973,0.9495145678520203,-0.5079363584518433,0.2495690882205963,0.9277238249778748,-0.4637146592140198,1.048276662826538,1.2979973554611206,-1.0051846504211426,0.11234508454799652,1.4202100038528442,-0.876048743724823,0.9481563568115234,1.3904926776885986,-2.0399885177612305,0.1930115520954132,1.4757379293441772,-2.2782552242279053,0.9351478815078735,1.4690742492675781,-2.2725706100463867,0.20624399185180664,1.5267374515533447,-2.558797836303711,0.8887308835983276,1.3918707370758057,-2.3210339546203613,0.2434251755475998,1.4418421983718872,-2.5729117393493652,0.8829073905944824,1.3700356483459473,-2.093555450439453,0.2495681792497635,1.4275702238082886,-2.3269338607788086,0.7367316484451294,2.005823850631714,-0.08977942168712616,0.35872024297714233,1.9983242750167847,0.09615616500377655,0.7229636907577515,2.6325650215148926,-0.6345295906066895,0.3496168851852417,2.602369785308838,-0.7111725807189941,0.7598044276237488,3.425381898880005,-0.10491123050451279,0.4268200397491455,3.4132888317108154,-0.40325284004211426,0.7694012522697449,3.554034948348999,-0.10179191827774048,0.45332226157188416,3.5318291187286377,-0.4072697162628174,0.7279873490333557,3.6596288681030273,-0.9267668724060059,0.494274765253067,3.6535847187042236,-1.2384979724884033,0.43150326790231647,1
2026-09-24T12:26:14.328799,S012,S012_A5_Y_20260924_1226,elevated_20,A5,young,class_1,0.5321482419967651,0.5872967839241028,-1.689119577407837,0.5694692730903625,0.49847978353500366,-1.5856680870056152,0.5923778414726257,0.4997953176498413,-1.5863608121871948,0.614298403263092,0.5019034147262573,-1.586490511894226,0.4924796223640442,0.5027652978897095,-1.5929009914398193,0.4664793610572815,0.5066485404968262,-1.5934531688690186,0.4428379535675049,0.5126497149467468,-1.5942974090576172,0.6603327393531799,0.5433529615402222,-0.8961116075515747,0.4184279441833496,0.5538012385368347,-0.9036418199539185,0.5825896263122559,0.6753537058830261,-1.4226354360580444,0.49099135398864746,0.680578887462616,-1.4301193952560425,0.8625469207763672,0.9496659636497498,-0.47414302825927734,0.24952808022499084,0.9255604147911072,-0.5082244873046875,1.0507099628448486,1.2733943462371826,-1.0451600551605225,0.10967621952295303,1.4074393510818481,-1.0332413911819458,0.944752037525177,1.3180431127548218,-2.099647045135498,0.19656553864479065,1.3972582817077637,-2.27296781539917,0.930351734161377,1.364118218421936,-2.325117588043213,0.21386639773845673,1.4261046648025513,-2.521299123764038,0.885043740272522,1.296902060508728,-2.3374922275543213,0.24345120787620544,1.3489887714385986,-2.5312445163726807,0.8790400624275208,1.286100149154663,-2.1394810676574707,0.24791495501995087,1.3441689014434814,-2.3153066635131836,0.7318259477615356,2.006772041320801,-0.05775480717420578,0.35830822587013245,2.0031328201293945,0.06417706608772278,0.7220589518547058,2.520172119140625,-0.6406387686729431,0.3463731110095978,2.541435718536377,-0.7383889555931091,0.7564324736595154,3.347371816635132,-0.1425827443599701,0.43176978826522827,3.3605103492736816,-0.4114556908607483,0.7638242244720459,3.4865105152130127,-0.1396409571170807,0.4520781934261322,3.47709584236145,-0.4143223762512207,0.7322022914886475,3.559468984603882,-0.9254852533340454,0.5016630291938782,3.5982437133789062,-1.2319532632827759,0.43269386902014073,1
2026-09-24T12:26:14.420661,S012,S012_A5_Y_20260924_1226,elevated_20,A5,young,class_1,0.5260294675827026,0.5852270126342773,-1.6849673986434937,0.5644270181655884,0.49435147643089294,-1.5819170475006104,0.588373064994812,0.49577653408050537,-1.5826362371444702,0.6106864809989929,0.49854010343551636,-1.5827885866165161,0.4873923361301422,0.5001944899559021,-1.5838935375213623,0.4621095061302185,0.5050364136695862,-1.5844488143920898,0.4392975866794586,0.5118472576141357,-1.5852668285369873,0.6549227237701416,0.5428077578544617,-0.8990503549575806,0.4160938262939453,0.5536050200462341,-0.8792582750320435,0.5790480971336365,0.6744405627250671,-1.421109676361084,0.4852987229824066,0.6800759434700012,-1.422288417816162,0.8617815971374512,0.9511768221855164,-0.5108724236488342,0.2486899197101593,0.9252766966819763,-0.48364123702049255,1.0527793169021606,1.2705879211425781,-1.1320933103561401,0.11026275157928467,1.4023144245147705,-1.0806330442428589,0.9368856549263,1.2983111143112183,-2.1543564796447754,0.2065383493900299,1.3549140691757202,-2.3525123596191406,0.9186485409736633,1.33501398563385,-2.371882200241089,0.234408900141716,1.372938632965088,-2.607327461242676,0.8766117095947266,1.264111042022705,-2.3833632469177246,0.2490156590938568,1.2965617179870605,-2.598637104034424,0.8719884157180786,1.2554733753204346,-2.1906821727752686,0.25107136368751526,1.2954039573669434,-2.3909852504730225,0.7312687635421753,2.009243965148926,-0.07093726843595505,0.35860002040863037,2.0082881450653076,0.07711037993431091,0.7239102125167847,2.5018224716186523,-0.721817672252655,0.34735438227653503,2.528085231781006,-0.739395022392273,0.7602177858352661,3.328516721725464,-0.24097716808319092,0.4431917667388916,3.340771198272705,-0.4302263855934143,0.7671958208084106,3.468330144882202,-0.23930485546588898,0.4643479883670807,3.456501007080078,-0.4356257915496826,0.7360169291496277,3.534881591796875,-1.0490286350250244,0.5063207149505615,3.5735692977905273,-1.2638033628463745,0.4331497719518445,1
2026-09-24T12:26:14.503155,S012,S012_A5_Y_20260924_1226,elevated_20,A5,young,class_1,0.5290104150772095,0.5851826071739197,-1.7398446798324585,0.5651832222938538,0.49359893798828125,-1.6346166133880615,0.5886719822883606,0.4946138560771942,-1.6353117227554321,0.6104542016983032,0.49708834290504456,-1.6354408264160156,0.4880043864250183,0.5001251697540283,-1.633798360824585,0.46229714155197144,0.5049284100532532,-1.6344209909439087,0.4388917088508606,0.5118643045425415,-1.6352428197860718,0.6536668539047241,0.5424293875694275,-0.9399182200431824,0.4143781065940857,0.5548489093780518,-0.8850963711738586,0.5802193284034729,0.6741908192634583,-1.4723256826400757,0.4878060817718506,0.6805530190467834,-1.4687268733978271,0.8639413118362427,0.952678382396698,-0.5268903970718384,0.25061455368995667,0.92527836561203,-0.5130482912063599,1.0521329641342163,1.2727710008621216,-1.0821266174316406,0.11112996190786362,1.4043246507644653,-1.0792042016983032,0.9332459568977356,1.3099733591079712,-2.1288976669311523,0.20656827092170715,1.40450918674469,-2.2489445209503174,0.9146417379379272,1.3487017154693604,-2.3582866191864014,0.23100896179676056,1.4475765228271484,-2.496614694595337,0.8748686909675598,1.2761403322219849,-2.3704817295074463,0.24738352000713348,1.3734009265899658,-2.5200533866882324,0.8693944811820984,1.2649257183074951,-2.1680705547332764,0.24973411858081818,1.3629372119903564,-2.2974750995635986,0.7314733862876892,2.010518789291382,-0.05762788653373718,0.3623872399330139,2.0126402378082275,0.06375469267368317,0.7247024178504944,2.492389678955078,-0.6672049760818481,0.34819135069847107,2.513441801071167,-0.654146671295166,0.7621200680732727,3.2852225303649902,-0.19872936606407166,0.46022287011146545,3.2701025009155273,-0.27031540870666504,0.7690111398696899,3.4237356185913086,-0.20287016034126282,0.4754105508327484,3.377070903778076,-0.26851561665534973,0.7437089681625366,3.469444990158081,-0.9848788976669312,0.5331709384918213,3.487105131149292,-1.0786919593811035,0.4332383277466182,1
2026-09-24T12:26:14.620731,S012,S012_A5_Y_20260924_1226,elevated_20,A5,young,class_1,0.5329343676567078,0.5835468769073486,-1.751015305519104,0.5674476623535156,0.4896294176578522,-1.644923448562622,0.5904227495193481,0.4903934895992279,-1.645667314529419,0.6118822693824768,0.49312660098075867,-1.645776391029358,0.48995494842529297,0.4985213875770569,-1.652025580406189,0.4637935757637024,0.5042785406112671,-1.6525278091430664,0.4397318363189697,0.5117381811141968,-1.653455138206482,0.6538594961166382,0.5415269732475281,-0.9486618041992188,0.4134945273399353,0.5555863976478577,-0.9342765808105469,0.5830702781677246,0.6727481484413147,-1.4820618629455566,0.4923957884311676,0.6802946925163269,-1.4873640537261963,0.8633163571357727,0.951927125453949,-0.5054872632026672,0.25145184993743896,0.9238992929458618,-0.5229518413543701,1.0486247539520264,1.2629469633102417,-0.9920989274978638,0.11206076294183731,1.4162027835845947,-0.8495312929153442,0.931551456451416,1.2883003950119019,-2.0169832706451416,0.19882071018218994,1.6203875541687012,-1.7636325359344482,0.9146068692207336,1.3253300189971924,-2.2482476234436035,0.21285347640514374,1.7268260717391968,-1.9871253967285156,0.8756260871887207,1.2589232921600342,-2.2701973915100098,0.23872368037700653,1.6595782041549683,-2.0542707443237305,0.8691290020942688,1.2483640909194946,-2.062575578689575,0.24357430636882782,1.6209348440170288,-1.821860909461975,0.7311432361602783,2.0079879760742188,-0.051404766738414764,0.36230334639549255,2.0085957050323486,0.05748141556978226,0.7250460386276245,2.5759527683258057,-0.5844208598136902,0.3490103781223297,2.55194091796875,-0.6074727773666382,0.7626866102218628,3.34138560295105,0.010817782953381538,0.4601145386695862,3.318438768386841,-0.2130698412656784,0.7693166136741638,3.469369411468506,0.020051604136824608,0.47169870138168335,3.4254238605499268,-0.20979690551757812,0.7446390390396118,3.545593738555908,-0.7770403623580933,0.5330421924591064,3.552359104156494,-1.025953769683838,0.4328046340308378,1
2026-09-24T12:26:14.715244,S012,S012_A5_Y_20260924_1226,elevated_20,A5,young,class_1,0.5348322987556458,0.5822309851646423,-1.8250255584716797,0.5684416890144348,0.48797711730003357,-1.7312424182891846,0.5910521745681763,0.48842525482177734,-1.7319800853729248,0.6122448444366455,0.4909957945346832,-1.7321571111679077,0.49172887206077576,0.49769458174705505,-1.7362416982650757,0.4656168818473816,0.503828227519989,-1.7364652156829834,0.4412553310394287,0.511619508266449,-1.7373886108398438,0.6529695987701416,0.5403814315795898,-1.0700284242630005,0.4131407141685486,0.5555301904678345,-1.0659407377243042,0.5836116075515747,0.6705812215805054,-1.567054033279419,0.49295005202293396,0.679571270942688,-1.5691834688186646,0.8628771901130676,0.952197790145874,-0.5986712574958801,0.2512882351875305,0.9216216206550598,-0.6233307123184204,1.0255377292633057,1.3209071159362793,-0.9556525349617004,0.11404071748256683,1.4309488534927368,-0.7943695187568665,0.9380197525024414,1.5638328790664673,-1.9941680431365967,0.18438203632831573,1.799865484237671,-1.6620028018951416,0.939433217048645,1.667559266090393,-2.2346463203430176,0.18306127190589905,1.9450136423110962,-1.897334337234497,0.9012091755867004,1.611128330230713,-2.2277190685272217,0.22096022963523865,1.8938937187194824,-1.9950100183486938,0.8859160542488098,1.5757498741149902,-2.024994373321533,0.23434224724769592,1.8413751125335693,-1.7316124439239502,0.7309008836746216,1.9974462985992432,-0.05821206420660019,0.3574712872505188,1.9864777326583862,0.06432880461215973,0.7059413194656372,2.660064458847046,-0.5547886490821838,0.3495292067527771,2.6161484718322754,-0.5000567436218262,0.7450370788574219,3.442251443862915,0.0450877770781517,0.42417463660240173,3.407780170440674,-0.16424235701560974,0.7540669441223145,3.5685741901397705,0.051577161997556686,0.4318097233772278,3.5275254249572754,-0.16886144876480103,0.702685534954071,3.668511152267456,-0.7829859852790833,0.4815155863761902,3.649737596511841,-1.0435030460357666,0.4326018738352242,1
2026-09-24T12:26:14.791092,S012,S012_A5_Y_20260924_1226,elevated_20,A5,young,class_1,0.5335272550582886,0.5803453922271729,-1.8132339715957642,0.5683646202087402,0.48575547337532043,-1.7006431818008423,0.5908942818641663,0.48610159754753113,-1.7014381885528564,0.6118084788322449,0.488691508769989,-1.7015291452407837,0.49149996042251587,0.49586719274520874,-1.7000213861465454,0.46557706594467163,0.5022434592247009,-1.6994575262069702,0.44123196601867676,0.5103195309638977,-1.70012629032135,0.6529408693313599,0.5384902358055115,-0.9975903630256653,0.41390568017959595,0.5552629232406616,-0.983547031879425,0.5827382206916809,0.6672821044921875,-1.5329750776290894,0.4915478229522705,0.6772332787513733,-1.522406816482544,0.8626038432121277,0.9541484117507935,-0.5555944442749023,0.25157278776168823,0.9202001094818115,-0.5344318151473999,0.9503275752067566,1.1317603588104248,-0.9070026278495789,0.1146058589220047,1.4500927925109863,-0.6857699155807495,0.9623785018920898,1.5130902528762817,-1.9584267139434814,0.18214526772499084,1.8161866664886475,-1.5767353773117065,0.9717493057250977,1.5854830741882324,-2.1897060871124268,0.17895138263702393,1.9577580690383911,-1.8095804452896118,0.9321011304855347,1.5178214311599731,-2.2225966453552246,0.22237510979175568,1.9028682708740234,-1.8954484462738037,0.9138451814651489,1.490892767906189,-1.9984571933746338,0.2365695983171463,1.851505160331726,-1.6414754390716553,0.7313059568405151,1.9944921731948853,-0.06081530451774597,0.3571229875087738,1.9801356792449951,0.06718216836452484,0.7092230916023254,2.65818190574646,-0.7157610654830933,0.35637810826301575,2.6200366020202637,-0.5469882488250732,0.7459806203842163,3.4522716999053955,-0.11500261723995209,0.42220503091812134,3.43104887008667,-0.2662961781024933,0.7546811699867249,3.5760562419891357,-0.10666380822658539,0.4267306327819824,3.5532233715057373,-0.2802655100822449,0.7048839330673218,3.6956474781036377,-0.9688242673873901,0.4827613830566406,3.691049098968506,-1.1787693500518799,0.4337766830047423,1
2026-09-24T12:26:14.896052,S012,S012_A5_Y_20260924_1226,elevated_20,A5,young,class_1,0.5340480804443359,0.579944372177124,-1.732145071029663,0.5686831474304199,0.48549526929855347,-1.6296284198760986,0.5911512970924377,0.4857693314552307,-1.6303861141204834,0.6119118332862854,0.48832792043685913,-1.630544900894165,0.4922190308570862,0.4957207441329956,-1.617902159690857,0.4664173126220703,0.5022010803222656,-1.6176162958145142,0.4421304166316986,0.51019287109375,-1.6183338165283203,0.652826726436615,0.5382557511329651,-0.9638659358024597,0.4149603843688965,0.5553070902824402,-0.9150659441947937,0.5831834077835083,0.666438639163971,-1.4715834856033325,0.4925743043422699,0.6770612001419067,-1.4507763385772705,0.8638676404953003,0.9613111019134521,-0.5141755938529968,0.251600444316864,0.9203770756721497,-0.4769076704978943,0.986343502998352,1.2532073259353638,-0.9292886853218079,0.11257835477590561,1.4577713012695312,-0.7033777236938477,0.9621404409408569,1.4154223203659058,-2.0234086513519287,0.16901668906211853,1.7836432456970215,-1.6590532064437866,0.9650955200195312,1.2724801301956177,-2.2660834789276123,0.16498301923274994,1.9121487140655518,-1.8873622417449951,0.9160231351852417,1.1659698486328125,-2.2877612113952637,0.20988202095031738,1.8528639078140259,-1.9618183374404907,0.9050508737564087,1.1404458284378052,-2.0684573650360107,0.22497275471687317,1.8077117204666138,-1.7209333181381226,0.7322312593460083,1.998360514640808,-0.064115509390831,0.35744616389274597,1.9839389324188232,0.07051246613264084,0.7177034020423889,2.6521148681640625,-0.7207036018371582,0.357713520526886,2.626237392425537,-0.5884212255477905,0.750275194644928,3.455333709716797,-0.1468055695295334,0.42269572615623474,3.443648099899292,-0.32643088698387146,0.7581254839897156,3.580559253692627,-0.14010091125965118,0.427516371011734,3.565335750579834,-0.33672627806663513,0.7098715901374817,3.698910713195801,-0.9818471670150757,0.4876163899898529,3.705169439315796,-1.205904483795166,0.4351132385623218,1
2026-09-24T12:26:14.995569,S012,S012_A5_Y_20260924_1226,elevated_20,A5,young,class_1,0.5319798588752747,0.5804601907730103,-1.729876160621643,0.5678985118865967,0.4861755669116974,-1.6276099681854248,0.5906964540481567,0.4864400625228882,-1.6283817291259766,0.611522912979126,0.48892122507095337,-1.628558874130249,0.4913480281829834,0.4961175322532654,-1.6219987869262695,0.46569138765335083,0.5024484395980835,-1.6220686435699463,0.4418356418609619,0.510334312915802,-1.622865915298462,0.652480959892273,0.5380652546882629,-0.9542209506034851,0.4154551923274994,0.5554293990135193,-0.9208230972290039,0.5817475318908691,0.6667812466621399,-1.4682328701019287,0.49087315797805786,0.6775198578834534,-1.4557944536209106,0.8637482523918152,0.9643263220787048,-0.5195411443710327,0.2492174357175827,0.9208120703697205,-0.4842051565647125,0.9898096323013306,1.309044599533081,-0.9389088749885559,0.10860922187566757,1.450049638748169,-0.7641693353652954,0.9436932802200317,1.46427321434021,-1.9876457452774048,0.1720927506685257,1.7676656246185303,-1.7194324731826782,0.9359609484672546,1.4913238286972046,-2.2252297401428223,0.17298729717731476,1.8757660388946533,-1.911724328994751,0.8947909474372864,1.4103362560272217,-2.261274814605713,0.21461765468120575,1.8238292932510376,-1.9835517406463623,0.8861689567565918,1.3828177452087402,-2.037990093231201,0.22712662816047668,1.789219617843628,-1.7734333276748657,0.7282503843307495,2.0006604194641113,-0.08657337725162506,0.35269349813461304,1.9851981401443481,0.09264836460351944,0.7129520177841187,2.6433520317077637,-0.7295981645584106,0.3452732563018799,2.614762783050537,-0.6586485505104065,0.7477213144302368,3.4446208477020264,-0.19241110980510712,0.42140597105026245,3.433361768722534,-0.3750659227371216,0.755212664604187,3.5708441734313965,-0.18882305920124054,0.42825189232826233,3.554553508758545,-0.38173869252204895,0.7081003189086914,3.680732011795044,-1.0327860116958618,0.47652125358581543,3.688227891921997,-1.2372395992279053,0.43480670869801985,1
2026-09-24T12:26:15.070574,S012,S012_A5_Y_20260924_1226,elevated_20,A5,young,class_1,0.532741367816925,0.5808386206626892,-1.7228975296020508,0.5688992738723755,0.48707154393196106,-1.6235191822052002,0.5916286706924438,0.4874650835990906,-1.624319076538086,0.612197995185852,0.48992112278938293,-1.6244821548461914,0.49313393235206604,0.49664053320884705,-1.6198527812957764,0.4675561785697937,0.5030159950256348,-1.6199203729629517,0.443610280752182,0.5110882520675659,-1.6207540035247803,0.6526370644569397,0.5389242172241211,-0.9293770790100098,0.41585642099380493,0.5569299459457397,-0.9244316816329956,0.5820183753967285,0.6681597232818604,-1.463247537612915,0.4922800660133362,0.6788194179534912,-1.4546805620193481,0.8625688552856445,0.9660832285881042,-0.5103045105934143,0.24281077086925507,0.9227011799812317,-0.4981723427772522,1.0049762725830078,1.3369841575622559,-1.020499348640442,0.1069573163986206,1.4378269910812378,-0.9748369455337524,0.9317830204963684,1.367675542831421,-2.0776848793029785,0.17596417665481567,1.4736982583999634,-2.101243495941162,0.9145725965499878,1.3795955181121826,-2.3045287132263184,0.19151191413402557,1.5048255920410156,-2.3273379802703857,0.8796601295471191,1.300350308418274,-2.3076071739196777,0.21486146748065948,1.4322636127471924,-2.3426308631896973,0.8727690577507019,1.2958893775939941,-2.1122546195983887,0.22906896471977234,1.4257714748382568,-2.1442906856536865,0.7268790006637573,2.002609968185425,-0.07359528541564941,0.353065550327301,1.9952378273010254,0.0794941633939743,0.7164257764816284,2.557957887649536,-0.7380481958389282,0.3458724021911621,2.5947988033294678,-0.66898512840271,0.7480262517929077,3.377457618713379,-0.22200694680213928,0.43664759397506714,3.382673740386963,-0.3818574845790863,0.7550166845321655,3.5109028816223145,-0.21688294410705566,0.4438585340976715,3.4958059787750244,-0.3895285725593567,0.7207406759262085,3.591888666152954,-1.0242664813995361,0.5065054893493652,3.617377281188965,-1.2267817258834839,0.4368333315572024,1
2026-09-24T12:26:15.162113,S012,S012_A5_Y_20260924_1226,elevated_20,A5,young,class_1,0.5346731543540955,0.580859363079071,-1.7266607284545898,0.5699118375778198,0.48717454075813293,-1.6209213733673096,0.5924325585365295,0.4874952733516693,-1.6217005252838135,0.6129951477050781,0.48989352583885193,-1.6219158172607422,0.4943642020225525,0.4969140291213989,-1.6202499866485596,0.4686269760131836,0.5033879280090332,-1.6204780340194702,0.4445456862449646,0.5115926861763,-1.6212669610977173,0.6527327299118042,0.5387359261512756,-0.9285762906074524,0.41630011796951294,0.5578831434249878,-0.9183651208877563,0.5831634402275085,0.668367326259613,-1.4613345861434937,0.49380311369895935,0.6790235638618469,-1.457536220550537,0.8631709814071655,0.9696146249771118,-0.5057514309883118,0.23995187878608704,0.9255084991455078,-0.47214847803115845,1.0217562913894653,1.3739687204360962,-1.0832080841064453,0.0989990383386612,1.4352508783340454,-0.9488494992256165,0.932723879814148,1.3530755043029785,-2.199211359024048,0.16441455483436584,1.485765814781189,-2.129941463470459,0.9160701036453247,1.3598840236663818,-2.4360413551330566,0.17852984368801117,1.5314429998397827,-2.372333288192749,0.8790366053581238,1.117957353591919,-2.43658709526062,0.20185430347919464,1.4608304500579834,-2.3977184295654297,0.873275637626648,1.2795847654342651,-2.233065366744995,0.21197888255119324,1.4477832317352295,-2.1800625324249268,0.7283059358596802,2.007082462310791,-0.07249807566404343,0.3563942015171051,2.0064797401428223,0.07843051850795746,0.7243474721908569,2.5460636615753174,-0.8287926912307739,0.3454585373401642,2.588859796524048,-0.7803788781166077,0.7508374452590942,3.3654913902282715,-0.26801151037216187,0.4447728097438812,3.375633478164673,-0.44060319662094116,0.7560870051383972,3.499114990234375,-0.2581668496131897,0.45769134163856506,3.4874343872070312,-0.44336944818496704,0.7288487553596497,3.578540325164795,-1.0807381868362427,0.5103042125701904,3.608532667160034,-1.3008092641830444,0.4398294144299474,1
2026-09-24T12:26:15.246624,S012,S012_A5_Y_20260924_1226,elevated_20,A5,young,class_1,0.5349117517471313,0.59100741147995,-1.739628791809082,0.5701159834861755,0.4967706799507141,-1.6313390731811523,0.5929054021835327,0.49644947052001953,-1.6320960521697998,0.6134011149406433,0.49762898683547974,-1.6323354244232178,0.4948905110359192,0.5052115321159363,-1.6377975940704346,0.4689384400844574,0.5106183886528015,-1.6382278203964233,0.44483885169029236,0.5177101492881775,-1.6390184164047241,0.652804970741272,0.5426418781280518,-0.9306204915046692,0.4166620671749115,0.5602409243583679,-0.9471856355667114,0.5840274095535278,0.6797993183135986,-1.4697442054748535,0.49417680501937866,0.687748908996582,-1.4760093688964844,0.8592330813407898,0.9680519700050354,-0.5086703896522522,0.2401001751422882,0.9233404994010925,-0.4881187379360199,1.0220272541046143,1.3608551025390625,-1.0383555889129639,0.10073045641183853,1.424414038658142,-0.9905217885971069,0.925715446472168,1.3339442014694214,-2.1240930557250977,0.19566842913627625,1.4339981079101562,-2.1232314109802246,0.9082603454589844,1.3488671779632568,-2.3713645935058594,0.22380828857421875,1.4702218770980835,-2.363661766052246,0.873022198677063,1.1787205934524536,-2.4263391494750977,0.23642146587371826,1.394120693206787,-2.384010076522827,0.8667713403701782,1.269025444984436,-2.176865816116333,0.23843280971050262,1.3846287727355957,-2.168727397918701,0.7238367199897766,2.0014493465423584,-0.07110819965600967,0.3561796545982361,2.003221035003662,0.07711510360240936,0.7245120406150818,2.540285587310791,-0.7788069248199463,0.3458317518234253,2.5668466091156006,-0.765750527381897,0.7513993978500366,3.3469626903533936,-0.23558728396892548,0.45152124762535095,3.347595691680908,-0.42352110147476196,0.7561975717544556,3.477936029434204,-0.23000124096870422,0.46426454186439514,3.4571690559387207,-0.42943310737609863,0.7318675518035889,3.555326223373413,-1.0395821332931519,0.5165996551513672,3.5782573223114014,-1.2694196701049805,0.44088810530427675,1
2026-09-24T12:26:15.330146,S012,S012_A5_Y_20260924_1226,elevated_20,A5,young,class_1,0.5358022451400757,0.5975219011306763,-1.7435766458511353,0.571098268032074,0.5044389963150024,-1.6351954936981201,0.5933250188827515,0.5033395886421204,-1.6359260082244873,0.6140748858451843,0.5034396648406982,-1.6361541748046875,0.4962595999240875,0.5126174092292786,-1.644780158996582,0.4698532223701477,0.5175801515579224,-1.6452986001968384,0.44546613097190857,0.524207353591919,-1.6460962295532227,0.6529505252838135,0.5450026988983154,-0.9300607442855835,0.41681766510009766,0.5631653070449829,-0.9592965841293335,0.5846431255340576,0.6859068274497986,-1.4709539413452148,0.4949552118778229,0.693562388420105,-1.481442928314209,0.8580425977706909,0.9678899049758911,-0.5085331797599792,0.24016697704792023,0.9207716584205627,-0.5102158784866333,1.0220637321472168,1.3592777252197266,-1.0410702228546143,0.10111451148986816,1.410431146621704,-1.0397520065307617,0.9138730764389038,1.3085218667984009,-2.0830883979797363,0.20123633742332458,1.4007267951965332,-2.172063112258911,0.895240306854248,1.325178623199463,-2.3201212882995605,0.2303301990032196,1.4329808950424194,-2.41058087348938,0.8605993986129761,1.2116715908050537,-2.369807720184326,0.24247637391090393,1.3569663763046265,-2.4260711669921875,0.8544831275939941,1.2487515211105347,-2.1304874420166016,0.2427060902118683,1.3493504524230957,-2.215632438659668,0.718377947807312,2.0020735263824463,-0.06833994388580322,0.3546631932258606,2.004024028778076,0.07432181388139725,0.7189557552337646,2.510093927383423,-0.7567833662033081,0.3390315771102905,2.5237767696380615,-0.7514744997024536,0.7487761974334717,3.3122901916503906,-0.2518223524093628,0.45183461904525757,3.2990028858184814,-0.4278441369533539,0.7526131272315979,3.445331573486328,-0.24854835867881775,0.46406036615371704,3.4070980548858643,-0.43351858854293823,0.7310888171195984,3.5101020336151123,-1.0528206825256348,0.5180892944335938,3.52664852142334,-1.2623016834259033,0.44124039055807796,1
2026-09-24T12:26:15.419677,S012,S012_A5_Y_20260924_1226,elevated_20,A5,young,class_1,0.5483627915382385,0.6038779616355896,-1.7080532312393188,0.5785613059997559,0.514946699142456,-1.608346700668335,0.5993289947509766,0.5125840902328491,-1.6091352701187134,0.6205618977546692,0.5115708112716675,-1.6093467473983765,0.508579671382904,0.5220506191253662,-1.6209936141967773,0.4823214113712311,0.5251308679580688,-1.6214001178741455,0.45802316069602966,0.5307218432426453,-1.6222171783447266,0.6549496054649353,0.54793781042099,-0.9188334345817566,0.4208776354789734,0.5651232600212097,-0.9575812220573425,0.5877082943916321,0.6900937557220459,-1.439428687095642,0.5037347078323364,0.6980025172233582,-1.454054594039917,0.85801762342453,0.966738760471344,-0.49043774604797363,0.2505839467048645,0.917458713054657,-0.5090572237968445,1.0190505981445312,1.3527629375457764,-0.7859306335449219,0.11973518133163452,1.3963919878005981,-0.89295893907547,0.9158814549446106,1.421809434890747,-1.6172373294830322,0.23641367256641388,1.3950996398925781,-1.8983052968978882,0.8968680500984192,1.4831753969192505,-1.8120990991592407,0.27151837944984436,1.4334098100662231,-2.12604022026062,0.8646652102470398,1.4125100374221802,-1.8685214519500732,0.27661997079849243,1.3564032316207886,-2.1488053798675537,0.8572221994400024,1.3924766778945923,-1.6691974401474,0.27289706468582153,1.345159649848938,-1.942337989807129,0.7184461355209351,1.9985724687576294,-0.06679824739694595,0.3557295501232147,1.9981896877288818,0.07281629741191864,0.7131407260894775,2.61614990234375,-0.493959903717041,0.34350499510765076,2.591606855392456,-0.4496769905090332,0.745128333568573,3.3885834217071533,0.08665432035923004,0.44230252504348755,3.3697903156280518,-0.15357878804206848,0.7489360570907593,3.5138959884643555,0.09587817639112473,0.4522930979728699,3.4840404987335205,-0.15986354649066925,0.7259868383407593,3.6008970737457275,-0.7048347592353821,0.5007504224777222,3.596447706222534,-1.0014652013778687,0.43904895984892256,1
2026-09-24T12:26:15.492677,S012,S012_A5_Y_20260924_1226,elevated_20,A5,young,class_1,0.5544829368591309,0.6096831560134888,-1.7176120281219482,0.5822160243988037,0.5212962031364441,-1.6187784671783447,0.6023712158203125,0.5184555649757385,-1.6194915771484375,0.6239719390869141,0.516923189163208,-1.6196632385253906,0.5136317014694214,0.5285788774490356,-1.6361255645751953,0.4869724214076996,0.5314731001853943,-1.6365983486175537,0.46240782737731934,0.5370784401893616,-1.6374244689941406,0.6559747457504272,0.5506842136383057,-0.9228653907775879,0.42289265990257263,0.5694895386695862,-0.988357663154602,0.5897200107574463,0.6944259405136108,-1.4444011449813843,0.5088661909103394,0.7029497623443604,-1.4653083086013794,0.8563408851623535,0.9646279811859131,-0.4899663031101227,0.2556779682636261,0.9144008159637451,-0.5861515998840332,1.0174009799957275,1.314900517463684,-0.8860902786254883,0.12748312950134277,1.3696998357772827,-1.0694234371185303,0.9010059237480164,1.2745541334152222,-1.7523607015609741,0.26119744777679443,1.299884557723999,-2.061577796936035,0.8827763795852661,1.2871042490005493,-1.9897950887680054,0.2997390627861023,1.311240315437317,-2.2715678215026855,0.8513196110725403,1.2317638397216797,-2.0377821922302246,0.30175843834877014,1.2391663789749146,-2.2623515129089355,0.8450731039047241,1.2231234312057495,-1.8239762783050537,0.29570287466049194,1.2387149333953857,-2.0923352241516113,0.7106870412826538,1.9910924434661865,-0.028762806206941605,0.3553856313228607,1.9927188158035278,0.03458217903971672,0.7014478445053101,2.5405051708221436,-0.5102030038833618,0.33184319734573364,2.5331599712371826,-0.5313572883605957,0.7327359318733215,3.2948548793792725,0.03981327265501022,0.43398991227149963,3.269859552383423,-0.17965087294578552,0.7355865836143494,3.4274532794952393,0.048749636858701706,0.4382689595222473,3.378342628479004,-0.17991554737091064,0.7248049378395081,3.4719836711883545,-0.7219800353050232,0.5012078881263733,3.474832773208618,-0.995529055595398,0.4383167695751498,1
2026-09-24T12:26:15.565686,S012,S012_A5_Y_20260924_1226,elevated_20,A5,young,class_1,0.5646899342536926,0.6173621416091919,-1.74069082736969,0.5877643823623657,0.5266551375389099,-1.6382337808609009,0.6075790524482727,0.5233570337295532,-1.6389639377593994,0.6291429400444031,0.5212445259094238,-1.6392427682876587,0.5209769606590271,0.5341256260871887,-1.6564762592315674,0.4935566782951355,0.5371520519256592,-1.657035231590271,0.4682319164276123,0.5430256128311157,-1.657804250717163,0.6570936441421509,0.5522331595420837,-0.9289118647575378,0.42495036125183105,0.5738696455955505,-0.9993420839309692,0.594150185585022,0.7008028626441956,-1.4616435766220093,0.5185207724571228,0.7106383442878723,-1.4847123622894287,0.8562094569206238,0.9645410776138306,-0.4919070303440094,0.25646477937698364,0.9142467379570007,-0.5869022011756897,1.024359941482544,1.315107822418213,-0.9614162445068359,0.12726335227489471,1.3751308917999268,-1.1231398582458496,0.9114502668380737,1.27964186668396,-1.9747127294540405,0.25284263491630554,1.3455233573913574,-2.233459949493408,0.8965028524398804,1.3061063289642334,-2.196312427520752,0.2859758734703064,1.3681187629699707,-2.45546555519104,0.8626368641853333,1.2604000568389893,-2.208589553833008,0.2936278283596039,1.2938119173049927,-2.4600086212158203,0.8541285395622253,1.2381314039230347,-2.016227960586548,0.29024553298950195,1.2897298336029053,-2.2714061737060547,0.7108414173126221,1.99117910861969,-0.019980566576123238,0.35572463274002075,1.9962029457092285,0.025754239410161972,0.7057183980941772,2.435227870941162,-0.7170141339302063,0.33262187242507935,2.4807116985321045,-0.705810010433197,0.7371658682823181,3.219486951828003,-0.24701590836048126,0.46275416016578674,3.2006545066833496,-0.36169058084487915,0.7386206388473511,3.3568856716156006,-0.24128107726573944,0.4675995409488678,3.303443670272827,-0.36289966106414795,0.7371598482131958,3.3983371257781982,-0.9921979904174805,0.5522826313972473,3.408745527267456,-1.13341224193573,0.4378239619228142,1
2026-09-24T12:26:15.631234,S012,S012_A5_Y_20260924_1226,elevated_20,A5,young,class_1,0.5661325454711914,0.6230872273445129,-1.7385265827178955,0.5892176032066345,0.5297548770904541,-1.6365522146224976,0.609037458896637,0.5257298350334167,-1.6372969150543213,0.6309184432029724,0.5228625535964966,-1.637595772743225,0.5218936204910278,0.5384078621864319,-1.6530044078826904,0.49451494216918945,0.5418014526367188,-1.6535240411758423,0.46925854682922363,0.5479486584663391,-1.654301404953003,0.6584115028381348,0.5524584650993347,-0.9357601404190063,0.42584148049354553,0.5763055682182312,-0.9946429133415222,0.5950829386711121,0.7054059505462646,-1.4609311819076538,0.5198270082473755,0.7165572047233582,-1.4842990636825562,0.8574342727661133,0.9643184542655945,-0.46957987546920776,0.2592698037624359,0.9123755693435669,-0.5494665503501892,1.0301437377929688,1.325023889541626,-0.7364093661308289,0.13007274270057678,1.3879761695861816,-0.8229671716690063,0.9567805528640747,1.4887547492980957,-1.686109185218811,0.22752909362316132,1.551353931427002,-1.86409592628479,0.956318199634552,1.5818655490875244,-1.9034467935562134,0.24018704891204834,1.6456751823425293,-2.0911736488342285,0.9164608716964722,1.515601634979248,-1.9761813879013062,0.26061105728149414,1.5685456991195679,-2.1648430824279785,0.902507483959198,1.4784481525421143,-1.748242735862732,0.26645269989967346,1.5359376668930054,-1.9270694255828857,0.7129676342010498,1.9902660846710205,-0.022052278742194176,0.3557329475879669,1.9921449422836304,0.027902815490961075,0.7253631949424744,2.529449462890625,-0.7370737791061401,0.3482220470905304,2.5396032333374023,-0.663166344165802,0.7457558512687683,3.333162784576416,-0.2059907615184784,0.46139416098594666,3.3427248001098633,-0.3606549799442291,0.7448025941848755,3.4559035301208496,-0.1984880566596985,0.46309131383895874,3.461756706237793,-0.36641713976860046,0.7381283640861511,3.5766921043395996,-0.9733818173408508,0.5495620965957642,3.595679759979248,-1.169650912284851,0.4371036136607555,1
2026-09-24T12:26:15.728157,S012,S012_A5_Y_20260924_1226,elevated_20,A5,young,class_1,0.5684179067611694,0.6270944476127625,-1.7367703914642334,0.5918325185775757,0.5332372784614563,-1.6361773014068604,0.6120544672012329,0.5295565724372864,-1.6369253396987915,0.6341167688369751,0.5270166993141174,-1.6372325420379639,0.5237092971801758,0.5411693453788757,-1.6507635116577148,0.4960460066795349,0.5445984601974487,-1.6512569189071655,0.47061997652053833,0.550724446773529,-1.6520335674285889,0.6607340574264526,0.5545982718467712,-0.9406372904777527,0.42680391669273376,0.5779913663864136,-0.9918729662895203,0.5965964794158936,0.7090758085250854,-1.4603581428527832,0.5212979912757874,0.7206693291664124,-1.4832450151443481,0.858558177947998,0.9641321301460266,-0.4696839451789856,0.25983577966690063,0.9123460054397583,-0.5275039672851562,1.0334807634353638,1.3308359384536743,-0.7920664548873901,0.12978622317314148,1.3910850286483765,-0.8539938926696777,0.9646350741386414,1.5053988695144653,-1.7580074071884155,0.2261555939912796,1.5447654724121094,-1.9199548959732056,0.964462399482727,1.5904641151428223,-1.9746124744415283,0.23859861493110657,1.6260086297988892,-2.1450371742248535,0.9238288998603821,1.5184086561203003,-2.034454107284546,0.2601853013038635,1.549143671989441,-2.197359800338745,0.910281777381897,1.487597942352295,-1.8144376277923584,0.2663091719150543,1.522135615348816,-1.9748237133026123,0.7131725549697876,1.990324854850769,-0.03181213140487671,0.354981005191803,1.9912470579147339,0.037687767297029495,0.7252687215805054,2.5662448406219482,-0.7465927004814148,0.3482353985309601,2.5681161880493164,-0.6527446508407593,0.7437243461608887,3.375408887863159,-0.21555471420288086,0.4476912021636963,3.3829152584075928,-0.3788831830024719,0.742337703704834,3.498863697052002,-0.20807714760303497,0.4502933621406555,3.5032310485839844,-0.38951432704925537,0.7278293371200562,3.6198666095733643,-1.0033166408538818,0.528182327747345,3.6374573707580566,-1.2175346612930298,0.43655588203744794,1
2026-09-24T12:26:15.818191,S012,S012_A5_Y_20260924_1226,elevated_20,A5,young,class_1,0.5688911080360413,0.6305002570152283,-1.737626314163208,0.5926636457443237,0.5366567373275757,-1.6435661315917969,0.6130689382553101,0.5329166650772095,-1.6443397998809814,0.6353812217712402,0.5302140712738037,-1.6446492671966553,0.5239402651786804,0.5448818206787109,-1.6533565521240234,0.49627670645713806,0.5484723448753357,-1.6537290811538696,0.4709009528160095,0.5546163320541382,-1.6544853448867798,0.6617245674133301,0.5558509230613708,-0.9540691375732422,0.4273993968963623,0.580659806728363,-0.990381121635437,0.5971364974975586,0.7126166224479675,-1.4614722728729248,0.5220924615859985,0.7249823808670044,-1.4821141958236694,0.8609960675239563,0.9614942669868469,-0.4699340760707855,0.2612772583961487,0.9122495055198669,-0.4767725467681885,1.0307977199554443,1.3461376428604126,-0.7243057489395142,0.13287706673145294,1.3914296627044678,-0.7667487263679504,0.9629098176956177,1.5391267538070679,-1.574453592300415,0.2308378517627716,1.5388528108596802,-1.8644670248031616,0.9643217325210571,1.6240441799163818,-1.7749462127685547,0.2474650889635086,1.6231330633163452,-2.104102373123169,0.9257668256759644,1.5549931526184082,-1.8540703058242798,0.2678218483924866,1.548175573348999,-2.1512255668640137,0.9117746353149414,1.5232681035995483,-1.6355717182159424,0.272927850484848,1.5180550813674927,-1.9206438064575195,0.7203805446624756,1.9901859760284424,-0.058689773082733154,0.3573567867279053,1.9888291358947754,0.06515881419181824,0.7280154824256897,2.6556918621063232,-0.6241838335990906,0.35877370834350586,2.6210696697235107,-0.5976150035858154,0.7477506399154663,3.4519433975219727,-0.10665680468082428,0.44680944085121155,3.4391252994537354,-0.366157591342926,0.7486414909362793,3.5774903297424316,-0.10626044124364853,0.45026105642318726,3.56268310546875,-0.3811464011669159,0.7265673875808716,3.6853721141815186,-0.9658624529838562,0.5119643211364746,3.6824426651000977,-1.2188700437545776,0.4357270063588988,1
2026-09-24T12:26:15.919746,S012,S012_A5_Y_20260924_1226,elevated_20,A5,young,class_1,0.5687493085861206,0.6365858912467957,-1.945110559463501,0.5928630828857422,0.5419556498527527,-1.8585271835327148,0.613247275352478,0.5383051037788391,-1.859256386756897,0.6356924772262573,0.5355159640312195,-1.8596121072769165,0.5236846208572388,0.5519060492515564,-1.8671013116836548,0.49579328298568726,0.556326687335968,-1.8675838708877563,0.4703405797481537,0.5628954768180847,-1.8683351278305054,0.6623576283454895,0.5585386753082275,-1.1635668277740479,0.4274389147758484,0.5858877897262573,-1.189851999282837,0.5972457528114319,0.7181000113487244,-1.665271520614624,0.5218038558959961,0.7312208414077759,-1.675519347190857,0.8609819412231445,0.9568580985069275,-0.6431918740272522,0.2581062912940979,0.9187648296356201,-0.6233656406402588,1.030767798423767,1.3594021797180176,-0.7699326872825623,0.125080868601799,1.4031078815460205,-0.7815827131271362,0.9661288261413574,1.6219611167907715,-1.686195969581604,0.1886204034090042,1.633456826210022,-1.7723112106323242,0.9697175025939941,1.7258347272872925,-1.8971179723739624,0.19426694512367249,1.7359395027160645,-2.0046842098236084,0.9283199310302734,1.6596038341522217,-1.9596830606460571,0.22115978598594666,1.665845513343811,-2.087606191635132,0.9139114618301392,1.6198947429656982,-1.7459080219268799,0.23030312359333038,1.628070592880249,-1.8393232822418213,0.7203769087791443,1.9900214672088623,-0.06538848578929901,0.3570302724838257,1.9885039329528809,0.07164832204580307,0.7277349233627319,2.636809825897217,-0.6877979636192322,0.35375648736953735,2.614060640335083,-0.6498833298683167,0.7464042901992798,3.4338555335998535,-0.1464109718799591,0.44288569688796997,3.4269461631774902,-0.3819717764854431,0.7469894289970398,3.560865879058838,-0.14205041527748108,0.44966307282447815,3.5473074913024902,-0.39246270060539246,0.7212352752685547,3.661897897720337,-0.9884458780288696,0.49878183007240295,3.6695425510406494,-1.2457329034805298,0.4346626738675475,1
2026-09-24T12:26:16.005315,S012,S012_A5_Y_20260924_1226,elevated_20,A5,young,class_1,0.5689279437065125,0.6428347826004028,-2.0182747840881348,0.5935101509094238,0.5476478934288025,-1.9319242238998413,0.6138209104537964,0.5436704754829407,-1.9326452016830444,0.636379599571228,0.5406402945518494,-1.9330393075942993,0.5236570835113525,0.5590659976005554,-1.942601203918457,0.4957922101020813,0.5638724565505981,-1.943145513534546,0.470329612493515,0.5704166293144226,-1.94386887550354,0.6628126502037048,0.5607450604438782,-1.2271054983139038,0.42747682332992554,0.5904635787010193,-1.2632638216018677,0.5980281829833984,0.7233205437660217,-1.733691930770874,0.5218878984451294,0.7371951341629028,-1.7459514141082764,0.8610650300979614,0.9519739747047424,-0.6842133402824402,0.2554650902748108,0.9226958751678467,-0.6903683543205261,1.0332101583480835,1.3634413480758667,-0.7959016561508179,0.12232320010662079,1.4065299034118652,-0.8131226301193237,0.9697571992874146,1.6414319276809692,-1.7034603357315063,0.177638977766037,1.633276343345642,-1.8047733306884766,0.9741095304489136,1.7485607862472534,-1.9148283004760742,0.18242953717708588,1.7306629419326782,-2.033418655395508,0.9297788739204407,1.6824520826339722,-1.9940032958984375,0.20855441689491272,1.659844994544983,-2.116806745529175,0.9153745770454407,1.640560507774353,-1.7677268981933594,0.21775846183300018,1.6237410306930542,-1.8713022470474243,0.7203772664070129,1.9893836975097656,-0.06436629593372345,0.35686904191970825,1.9881492853164673,0.07059092819690704,0.7259871959686279,2.6193432807922363,-0.7317436933517456,0.35205405950546265,2.611388921737671,-0.6641939878463745,0.7447742223739624,3.4298977851867676,-0.17466798424720764,0.44084659218788147,3.42328143119812,-0.37662607431411743,0.74522465467453,3.559004783630371,-0.1663416177034378,0.4483267664909363,3.545161247253418,-0.3866786062717438,0.7186421155929565,3.6611506938934326,-0.9991463422775269,0.4985419809818268,3.661947011947632,-1.2360659837722778,0.4336061150604633,1
2026-09-24T12:26:16.104837,S012,S012_A5_Y_20260924_1226,elevated_20,A5,young,class_1,0.5689383745193481,0.6490880846977234,-1.9993515014648438,0.5936167240142822,0.5510895848274231,-1.9067834615707397,0.6138548851013184,0.5464183688163757,-1.9074236154556274,0.6364120244979858,0.5426033139228821,-1.9077644348144531,0.523237943649292,0.563827395439148,-1.9168970584869385,0.49521905183792114,0.5686166882514954,-1.9174573421478271,0.4695560932159424,0.5748888254165649,-1.9180902242660522,0.6628357768058777,0.5612419843673706,-1.1809422969818115,0.42709779739379883,0.5934144258499146,-1.2135052680969238,0.5988395810127258,0.7289214730262756,-1.7073074579238892,0.5221072435379028,0.745503842830658,-1.7190097570419312,0.8619016408920288,0.9515806436538696,-0.6726746559143066,0.2541951537132263,0.9308649897575378,-0.6641340851783752,1.0489857196807861,1.3622288703918457,-1.0215404033660889,0.11758208274841309,1.4104745388031006,-1.0182299613952637,0.9669327735900879,1.4731847047805786,-1.9852721691131592,0.18211576342582703,1.4738109111785889,-2.1441962718963623,0.9605987668037415,1.5179839134216309,-2.186896324157715,0.20108988881111145,1.5018715858459473,-2.3634896278381348,0.921582043170929,1.4424926042556763,-2.20863938331604,0.21295015513896942,1.4273629188537598,-2.3807055950164795,0.9107829332351685,1.4249699115753174,-2.021320343017578,0.21922099590301514,1.418752908706665,-2.186755657196045,0.7309601902961731,1.9958807229995728,-0.06562844663858414,0.36640220880508423,2.005581855773926,0.07176896184682846,0.7379952669143677,2.5134663581848145,-0.7952351570129395,0.35223764181137085,2.582050323486328,-0.7028247714042664,0.7664767503738403,3.330864906311035,-0.1561708152294159,0.4714341163635254,3.32615065574646,-0.2776389420032501,0.7693701982498169,3.4683516025543213,-0.13431145250797272,0.48457521200180054,3.4300620555877686,-0.26696521043777466,0.7492910623550415,3.542748212814331,-0.9532020688056946,0.5386136174201965,3.554823637008667,-1.115392804145813,0.4335760435505742,1
2026-09-24T12:26:16.192748,S012,S012_A5_Y_20260924_1226,elevated_20,A5,young,class_1,0.5690512657165527,0.6520768404006958,-1.9827430248260498,0.5937010645866394,0.5528672337532043,-1.8863599300384521,0.6139056086540222,0.5477651953697205,-1.8870275020599365,0.6364463567733765,0.5433871746063232,-1.8873558044433594,0.5230658054351807,0.5663225650787354,-1.9040902853012085,0.4949955940246582,0.5712757110595703,-1.9046666622161865,0.46921223402023315,0.5776708126068115,-1.9053208827972412,0.6627963185310364,0.5613897442817688,-1.147505521774292,0.426838219165802,0.5961360931396484,-1.2107322216033936,0.5998484492301941,0.7321914434432983,-1.6852476596832275,0.5226117372512817,0.7498781681060791,-1.705972671508789,0.8604043126106262,0.9459772109985352,-0.6395623087882996,0.2541368305683136,0.9311936497688293,-0.6873014569282532,1.0485947132110596,1.337181806564331,-0.974190354347229,0.11763062328100204,1.4111883640289307,-1.0816038846969604,0.9544316530227661,1.4169219732284546,-1.9421783685684204,0.19155997037887573,1.427939534187317,-2.1506385803222656,0.9450494050979614,1.4646583795547485,-2.1490416526794434,0.21633028984069824,1.4524728059768677,-2.361741542816162,0.9060211181640625,1.3903371095657349,-2.177281379699707,0.21902894973754883,1.3770363330841064,-2.390108108520508,0.8965145945549011,1.372470736503601,-1.9825737476348877,0.2241561859846115,1.370096206665039,-2.194864511489868,0.7297505140304565,1.9957720041275024,-0.023459022864699364,0.36614465713500977,2.0055155754089355,0.029189780354499817,0.734917163848877,2.450662851333618,-0.8082035779953003,0.35227641463279724,2.4995248317718506,-0.7842864990234375,0.7633767127990723,3.2574808597564697,-0.1990259289741516,0.47166967391967773,3.25073504447937,-0.31941795349121094,0.7652198076248169,3.3958981037139893,-0.17963549494743347,0.48041337728500366,3.360196113586426,-0.30123651027679443,0.748753547668457,3.4540250301361084,-0.960375189781189,0.5656147003173828,3.4722530841827393,-1.1309291124343872,0.43416084410185274,1
2026-09-24T12:26:16.268768,S012,S012_A5_Y_20260924_1226,elevated_20,A5,young,class_1,0.5681456327438354,0.6544787287712097,-1.9465354681015015,0.5935434103012085,0.5549694299697876,-1.854854941368103,0.6138545870780945,0.5498999357223511,-1.8555647134780884,0.6363705396652222,0.5455232858657837,-1.8559662103652954,0.5213271379470825,0.568427324295044,-1.8648525476455688,0.49342289566993713,0.5732488036155701,-1.865382432937622,0.4676452577114105,0.5794254541397095,-1.8660831451416016,0.662632167339325,0.5635591149330139,-1.111879587173462,0.42628082633018494,0.5980980396270752,-1.1812660694122314,0.5998901128768921,0.7361295223236084,-1.6686159372329712,0.5223758816719055,0.752417266368866,-1.6757316589355469,0.8564943075180054,0.945722758769989,-0.5739086866378784,0.2506036162376404,0.9320619106292725,-0.6696463227272034,1.0368428230285645,1.322313904762268,-0.9535671472549438,0.11714688688516617,1.4130780696868896,-1.0318849086761475,0.9322376251220703,1.3273794651031494,-1.9308550357818604,0.1917131096124649,1.4398541450500488,-2.1440796852111816,0.9194117784500122,1.3507791757583618,-2.1399149894714355,0.21438205242156982,1.4751300811767578,-2.313978672027588,0.8853416442871094,1.2816113233566284,-2.1609017848968506,0.21942372620105743,1.400856614112854,-2.331822633743286,0.8758068084716797,1.273268222808838,-1.969482183456421,0.224798321723938,1.3895182609558105,-2.1803476810455322,0.724421501159668,1.9974634647369385,-0.02333332970738411,0.3633233308792114,2.0067038536071777,0.02915399707853794,0.7259981036186218,2.4562392234802246,-0.7588531374931335,0.34470683336257935,2.5056326389312744,-0.7613177299499512,0.748241662979126,3.2662882804870605,-0.14519330859184265,0.4617808759212494,3.258387804031372,-0.3219316601753235,0.7490478157997131,3.401463031768799,-0.12934745848178864,0.46617889404296875,3.367988109588623,-0.30246028304100037,0.7384306192398071,3.4715511798858643,-0.9078620076179504,0.5604589581489563,3.4800326824188232,-1.1367385387420654,0.43461069426407584,1
2026-09-24T12:26:16.346291,S012,S012_A5_Y_20260924_1226,elevated_20,A5,young,class_1,0.5679720044136047,0.6564559936523438,-1.9444525241851807,0.593542218208313,0.5561317801475525,-1.8542883396148682,0.6139134168624878,0.5511366724967957,-1.855013132095337,0.6364415884017944,0.546867311000824,-1.8553869724273682,0.5202518701553345,0.569442629814148,-1.8688199520111084,0.4922555088996887,0.5741750597953796,-1.869301199913025,0.466422975063324,0.580227792263031,-1.869999885559082,0.6627355813980103,0.5648239850997925,-1.1180938482284546,0.4255344867706299,0.5988143086433411,-1.1805953979492188,0.6000391244888306,0.7396001219749451,-1.6545393466949463,0.5223645567893982,0.7554333209991455,-1.6690171957015991,0.8543760180473328,0.9446853399276733,-0.573168933391571,0.2504473924636841,0.9320098161697388,-0.6603232026100159,1.024665355682373,1.338748812675476,-0.8056021928787231,0.12423443794250488,1.4133355617523193,-0.8620635867118835,0.9319642782211304,1.4477957487106323,-1.7024224996566772,0.19356195628643036,1.482698917388916,-1.8551549911499023,0.9210284948348999,1.5138218402862549,-1.9009298086166382,0.21469934284687042,1.5428977012634277,-2.0521304607391357,0.8860983848571777,1.44515860080719,-1.9591184854507446,0.22161409258842468,1.4708378314971924,-2.1159329414367676,0.8765945434570312,1.4171690940856934,-1.7539594173431396,0.22672779858112335,1.4482685327529907,-1.910799264907837,0.7226418852806091,1.995226263999939,-0.02536098286509514,0.3614330589771271,2.0005335807800293,0.031243300065398216,0.7259680032730103,2.5419013500213623,-0.7700352668762207,0.3466354012489319,2.553142786026001,-0.7524434328079224,0.7439001798629761,3.3380675315856934,-0.11839018762111664,0.4536035656929016,3.348633289337158,-0.31105488538742065,0.7440871000289917,3.46124005317688,-0.09745075553655624,0.45598411560058594,3.4653480052948,-0.30070143938064575,0.7283666133880615,3.5736138820648193,-0.8953849077224731,0.5413148403167725,3.5918400287628174,-1.1442259550094604,0.4341330436238257,1
2026-09-24T12:26:16.445869,S012,S012_A5_Y_20260924_1226,elevated_20,A5,young,class_1,0.5652967691421509,0.661769688129425,-1.9711014032363892,0.5931141376495361,0.5594470500946045,-1.875488519668579,0.613773763179779,0.5542793273925781,-1.876003623008728,0.63629150390625,0.5498691201210022,-1.8762187957763672,0.5168163776397705,0.5738089680671692,-1.889946699142456,0.4877639710903168,0.5786454081535339,-1.8905179500579834,0.4612249433994293,0.5841586589813232,-1.8911962509155273,0.6627582311630249,0.566737711429596,-1.1296457052230835,0.4229493737220764,0.6010118722915649,-1.1846888065338135,0.5998244881629944,0.7452757954597473,-1.6723964214324951,0.5213295221328735,0.7607420682907104,-1.6885864734649658,0.8544161915779114,0.9447400569915771,-0.5827656984329224,0.2504376471042633,0.9319447875022888,-0.7102431654930115,1.043777346611023,1.2832292318344116,-1.1209710836410522,0.11930010467767715,1.4088375568389893,-1.2455781698226929,0.9303324818611145,1.2460801601409912,-2.152913808822632,0.2224784642457962,1.3688188791275024,-2.371100425720215,0.9159754514694214,1.2541707754135132,-2.3656601905822754,0.2588754892349243,1.381695032119751,-2.589737892150879,0.8784211874008179,1.194678544998169,-2.34196400642395,0.2675383687019348,1.3108971118927002,-2.5869338512420654,0.8707669973373413,1.1945610046386719,-2.175234317779541,0.2659105956554413,1.3106456995010376,-2.4038729667663574,0.7212743163108826,1.9962499141693115,0.0062517570331692696,0.3613666594028473,2.0049116611480713,-0.00046308679156936705,0.7240292429924011,2.4144985675811768,-0.6038490533828735,0.3463722765445709,2.4442803859710693,-0.745353639125824,0.7444387674331665,3.200059175491333,-0.026368413120508194,0.4559086859226227,3.1842029094696045,-0.26853662729263306,0.7445253729820251,3.34407639503479,-0.013020724058151245,0.4554424285888672,3.2988104820251465,-0.2548099458217621,0.7487740516662598,3.3715925216674805,-0.7628101110458374,0.5725910067558289,3.3798646926879883,-1.0524450540542603,0.4359367119702228,1
2026-09-24T12:26:16.539457,S012,S012_A5_Y_20260924_1226,elevated_20,A5,young,class_1,0.5651616454124451,0.6644041538238525,-1.9542324542999268,0.5931292176246643,0.5617886781692505,-1.856542944908142,0.6138092279434204,0.556659460067749,-1.8571056127548218,0.6362960934638977,0.5523086190223694,-1.8573377132415771,0.5164270997047424,0.5762412548065186,-1.871487021446228,0.4871974587440491,0.5811546444892883,-1.8720386028289795,0.46044617891311646,0.5864688754081726,-1.872706651687622,0.6627594232559204,0.569711446762085,-1.123368740081787,0.42211008071899414,0.6036125421524048,-1.1728309392929077,0.5998519659042358,0.7494729161262512,-1.6581685543060303,0.521317183971405,0.7637395858764648,-1.6760257482528687,0.8522030115127563,0.944766640663147,-0.5830849409103394,0.25256648659706116,0.9319277405738831,-0.7260222434997559,1.0433802604675293,1.2551189661026,-1.156914234161377,0.12194158881902695,1.408903956413269,-1.2693374156951904,0.9279825091362,1.1940481662750244,-2.200378894805908,0.24670222401618958,1.3582937717437744,-2.333787202835083,0.9145224690437317,1.1970189809799194,-2.422302484512329,0.2845624089241028,1.370146632194519,-2.54891300201416,0.8753596544265747,1.138356328010559,-2.4004287719726562,0.2925902009010315,1.2986606359481812,-2.554626226425171,0.8669130206108093,1.141270399093628,-2.2253661155700684,0.2899736762046814,1.2991303205490112,-2.369053363800049,0.7195262908935547,1.9970906972885132,0.018634213134646416,0.36168771982192993,2.0100345611572266,-0.012982746586203575,0.72400963306427,2.3314149379730225,-0.6665707230567932,0.34754881262779236,2.3907887935638428,-0.8094992637634277,0.7469280958175659,3.1249806880950928,-0.13619422912597656,0.4800778329372406,3.1127073764801025,-0.3355310261249542,0.7462083697319031,3.271747589111328,-0.12347370386123657,0.4733293056488037,3.2221744060516357,-0.3206580579280853,0.7641953825950623,3.289558172225952,-0.8086061477661133,0.6100231409072876,3.3035664558410645,-1.070939302444458,0.4388717742192305,1
2026-09-24T12:26:16.620978,S012,S012_A5_Y_20260924_1226,elevated_20,A5,young,class_1,0.5657476186752319,0.6712055802345276,-1.9801279306411743,0.5944743156433105,0.5699695944786072,-1.8813197612762451,0.6152185797691345,0.5645318627357483,-1.881878137588501,0.6373749375343323,0.560107409954071,-1.8821312189102173,0.5167161226272583,0.5831640958786011,-1.8992780447006226,0.48727044463157654,0.5872439742088318,-1.899908423423767,0.46049100160598755,0.5917341113090515,-1.900547742843628,0.6630494594573975,0.574824333190918,-1.138628602027893,0.42208829522132874,0.606395423412323,-1.2090195417404175,0.6001796126365662,0.7547799944877625,-1.6811058521270752,0.5221551656723022,0.7683600783348083,-1.7038602828979492,0.8497411608695984,0.944793701171875,-0.6080113649368286,0.2542920708656311,0.9318341612815857,-0.7440659999847412,1.0366079807281494,1.2521392107009888,-1.0983283519744873,0.12442608177661896,1.3996614217758179,-1.1646662950515747,0.9146360158920288,1.2130725383758545,-2.0908477306365967,0.24590547382831573,1.3748520612716675,-2.1982643604278564,0.9023445248603821,1.2203301191329956,-2.306925058364868,0.2789004147052765,1.398537278175354,-2.372708797454834,0.8640846014022827,1.1598244905471802,-2.3056435585021973,0.2876146733760834,1.327091097831726,-2.3969602584838867,0.8544884920120239,1.158683180809021,-2.1224045753479004,0.2863162159919739,1.3215630054473877,-2.2315003871917725,0.7104334235191345,1.9963974952697754,0.01697409339249134,0.3591820001602173,2.0099070072174072,-0.01129409484565258,0.7088459134101868,2.2751049995422363,-0.7015288472175598,0.3337956368923187,2.3310508728027344,-0.8618491291999817,0.7351378202438354,3.051422357559204,-0.22358432412147522,0.4778969883918762,3.01668381690979,-0.4019149839878082,0.7343424558639526,3.198751926422119,-0.21497948467731476,0.472614586353302,3.1176917552948,-0.38960009813308716,0.7588359117507935,3.1961770057678223,-0.9260352253913879,0.5956332087516785,3.1958093643188477,-1.1483670473098755,0.43989199064460327,1
2026-09-24T12:26:16.716644,S012,S012_A5_Y_20260924_1226,elevated_20,A5,young,class_1,0.5709429383277893,0.6753246188163757,-1.966900110244751,0.5991843342781067,0.5740021467208862,-1.8503221273422241,0.6202799081802368,0.5681267380714417,-1.8506927490234375,0.641591489315033,0.5634117126464844,-1.8507411479949951,0.521714985370636,0.5871250629425049,-1.8824737071990967,0.49132832884788513,0.5908169150352478,-1.8831613063812256,0.4643958508968353,0.5952714085578918,-1.8837076425552368,0.6642453074455261,0.578365683555603,-1.0837657451629639,0.4236312508583069,0.6096240878105164,-1.1997978687286377,0.6034145355224609,0.7584164142608643,-1.6592836380004883,0.5271145105361938,0.7716604471206665,-1.7032371759414673,0.8471283912658691,0.9475154280662537,-0.5892289876937866,0.25556328892707825,0.9335610270500183,-0.756531298160553,1.035974383354187,1.244965672492981,-1.0984172821044922,0.12439312040805817,1.4002896547317505,-1.1894423961639404,0.8970333933830261,1.1719290018081665,-2.063187837600708,0.24998784065246582,1.364956259727478,-2.170309543609619,0.8799517750740051,1.1670820713043213,-2.2775895595550537,0.2846176028251648,1.3821462392807007,-2.324445962905884,0.840434730052948,1.1119872331619263,-2.26904296875,0.2918911874294281,1.310628890991211,-2.343269109725952,0.8330428004264832,1.1173120737075806,-2.0895321369171143,0.2887435555458069,1.3083964586257935,-2.194035530090332,0.7062994241714478,2.019169569015503,0.05207805708050728,0.3590981960296631,2.0410661697387695,-0.04624012112617493,0.7092817425727844,2.204209804534912,-0.6678000092506409,0.3376609683036804,2.255722761154175,-0.9160805940628052,0.7330908179283142,2.952012062072754,-0.17278160154819489,0.4773706793785095,2.896833896636963,-0.38808709383010864,0.7301437258720398,3.102179765701294,-0.16129842400550842,0.4710792601108551,3.0048587322235107,-0.3802601993083954,0.7593328356742859,3.072232723236084,-0.8335251808166504,0.606273353099823,3.0287439823150635,-1.1148264408111572,0.44033978518564254,1
2026-09-24T12:26:16.787308,S012,S012_A5_Y_20260924_1226,elevated_20,A5,young,class_1,0.5722862482070923,0.6779649257659912,-2.003598690032959,0.6007499694824219,0.5753498077392578,-1.8988374471664429,0.6222319006919861,0.5693858861923218,-1.8992729187011719,0.6434802412986755,0.5646628737449646,-1.899435043334961,0.5225953459739685,0.5880419611930847,-1.9274816513061523,0.4920199513435364,0.5915529727935791,-1.928228735923767,0.4650059640407562,0.5959174633026123,-1.9288705587387085,0.6655701994895935,0.5790835618972778,-1.1298205852508545,0.42368537187576294,0.6106157302856445,-1.2452834844589233,0.6047345399856567,0.7605516314506531,-1.6940727233886719,0.5278118848800659,0.7736079096794128,-1.7312142848968506,0.845443844795227,0.9476463794708252,-0.5931528210639954,0.25682878494262695,0.932273805141449,-0.7996008396148682,1.0380324125289917,1.2425882816314697,-1.0718435049057007,0.1264474093914032,1.3937098979949951,-1.2353979349136353,0.9001103639602661,1.2139179706573486,-1.9846038818359375,0.2544117569923401,1.3300821781158447,-2.1762290000915527,0.8844083547592163,1.2260960340499878,-2.1775856018066406,0.2894650101661682,1.339908242225647,-2.3537933826446533,0.8454861640930176,1.167287826538086,-2.159198760986328,0.2932874262332916,1.269159197807312,-2.37363338470459,0.8373517990112305,1.1653823852539062,-2.004957437515259,0.28985026478767395,1.2691742181777954,-2.2103850841522217,0.7019790410995483,2.019477605819702,0.06235697865486145,0.3568015992641449,2.039411783218384,-0.05667146295309067,0.705825924873352,2.2358508110046387,-0.6277983784675598,0.33785152435302734,2.2601704597473145,-0.9241273999214172,0.7335360050201416,3.0081136226654053,-0.11115008592605591,0.4813571572303772,2.9668664932250977,-0.38105565309524536,0.7307872772216797,3.1586735248565674,-0.09979069977998734,0.4711189270019531,3.0801103115081787,-0.37372279167175293,0.7664104700088501,3.1488451957702637,-0.7949632406234741,0.6243521571159363,3.1329681873321533,-1.1136215925216675,0.4389099609283166,1
2026-09-24T12:26:16.886849,S012,S012_A5_Y_20260924_1226,elevated_20,A5,young,class_1,0.5929892063140869,0.6801500916481018,-2.058353900909424,0.6178426742553711,0.5796027779579163,-1.953029990196228,0.6378268599510193,0.5738113522529602,-1.9534488916397095,0.6562283039093018,0.569144606590271,-1.9536120891571045,0.5470219254493713,0.5910419225692749,-1.9788408279418945,0.5163881778717041,0.5942626595497131,-1.979524850845337,0.4888600707054138,0.5983540415763855,-1.9801347255706787,0.6734907031059265,0.5833260416984558,-1.1828018426895142,0.43708404898643494,0.6154174208641052,-1.2906625270843506,0.620100200176239,0.7624576687812805,-1.7492361068725586,0.549091637134552,0.7745770812034607,-1.7835006713867188,0.8520991206169128,0.9545101523399353,-0.6786840558052063,0.25898250937461853,0.9373950362205505,-0.8198617100715637,1.0422099828720093,1.2662492990493774,-1.2357103824615479,0.13206608593463898,1.3887391090393066,-1.3678613901138306,0.8923166394233704,1.219833254814148,-2.1079611778259277,0.290546715259552,1.2012132406234741,-2.3723394870758057,0.8695953488349915,1.2148792743682861,-2.284186840057373,0.3380349278450012,1.1639869213104248,-2.5601155757904053,0.8364928960800171,1.15742826461792,-2.2322850227355957,0.332599401473999,1.100378394126892,-2.527907133102417,0.8317928314208984,1.1628036499023438,-2.1137030124664307,0.3254213035106659,1.118599772453308,-2.3918545246124268,0.7176454067230225,2.0351321697235107,0.060749948024749756,0.3708197772502899,2.0572397708892822,-0.05478385090827942,0.7111636996269226,2.2808663845062256,-0.6350910067558289,0.33920586109161377,2.307837724685669,-0.8826218843460083,0.7530552744865417,3.037583112716675,-0.08161290735006332,0.5069081783294678,2.9702773094177246,-0.30361324548721313,0.7565128803253174,3.1866073608398438,-0.06953562051057816,0.505365788936615,3.0704357624053955,-0.28130683302879333,0.7794408202171326,3.164961099624634,-0.8070740699768066,0.6312943696975708,3.124602794647217,-1.0545861721038818,0.4378319750046075,1
2026-09-24T12:26:16.983886,S012,S012_A5_Y_20260924_1226,elevated_20,A5,young,class_1,0.6144417524337769,0.6815022826194763,-2.0269103050231934,0.6370552778244019,0.5824548602104187,-1.9266468286514282,0.6549696326255798,0.576637864112854,-1.9271697998046875,0.6725817918777466,0.5716453790664673,-1.9274154901504517,0.5691860318183899,0.5923318862915039,-1.9463138580322266,0.5391055345535278,0.5947126746177673,-1.9469550848007202,0.5083494186401367,0.5984236598014832,-1.9475829601287842,0.6822254061698914,0.5846723318099976,-1.1484549045562744,0.4477255344390869,0.6155006289482117,-1.2705132961273193,0.6362274289131165,0.7637900710105896,-1.7307449579238892,0.5666031837463379,0.7753025889396667,-1.7526099681854248,0.8508747220039368,0.9555177688598633,-0.6645146012306213,0.2612159848213196,0.9387359619140625,-0.8220210075378418,1.0420904159545898,1.2686477899551392,-1.1686662435531616,0.1427207887172699,1.3892898559570312,-1.391010046005249,0.8943381309509277,1.231729507446289,-2.0580990314483643,0.3113153278827667,1.1815659999847412,-2.3748111724853516,0.8743008375167847,1.233819603919983,-2.212642192840576,0.36164242029190063,1.1406302452087402,-2.558717727661133,0.8402910232543945,1.175357460975647,-2.1626412868499756,0.3497089445590973,1.071320652961731,-2.537039279937744,0.8348614573478699,1.1777993440628052,-2.0524842739105225,0.34161603450775146,1.0907901525497437,-2.3970961570739746,0.7203867435455322,2.0381765365600586,0.06586125493049622,0.3768480122089386,2.068049907684326,-0.060081593692302704,0.7189737558364868,2.268588066101074,-0.5823032259941101,0.3539343476295471,2.3269426822662354,-0.8495359420776367,0.7642589807510376,3.011929750442505,0.020864274352788925,0.5328921675682068,2.9624593257904053,-0.2236955165863037,0.7654918432235718,3.1624748706817627,0.039031922817230225,0.524767279624939,3.0625274181365967,-0.19861522316932678,0.805158257484436,3.1398346424102783,-0.6631227135658264,0.6755947470664978,3.111006736755371,-0.9504653215408325,0.43683774155303556,1
2026-09-24T12:26:17.068076,S012,S012_A5_Y_20260924_1226,elevated_20,A5,young,class_1,0.63887619972229,0.6830701231956482,-1.9144023656845093,0.658216655254364,0.5856886506080627,-1.8029615879058838,0.674889862537384,0.5804075002670288,-1.8036775588989258,0.6911407113075256,0.5753061175346375,-1.8039191961288452,0.5951391458511353,0.5923386812210083,-1.8647711277008057,0.563773512840271,0.5944535732269287,-1.8654134273529053,0.5317562222480774,0.5972344279289246,-1.8662879467010498,0.6883551478385925,0.5854461193084717,-1.0052249431610107,0.4611373543739319,0.6123149394989014,-1.2543425559997559,0.6529120206832886,0.763927161693573,-1.5969040393829346,0.5874844789505005,0.7750052809715271,-1.6775537729263306,0.8312579989433289,0.9539412260055542,-0.4743761420249939,0.26117271184921265,0.9300737977027893,-0.8136768341064453,1.0315600633621216,1.268230676651001,-0.756249725818634,0.14874929189682007,1.3844398260116577,-1.3240392208099365,0.8939627408981323,1.2807705402374268,-1.5655508041381836,0.3181613087654114,1.2251118421554565,-2.2973990440368652,0.8766112327575684,1.3200342655181885,-1.730381965637207,0.36700761318206787,1.2075247764587402,-2.4394278526306152,0.8419068455696106,1.25592041015625,-1.731106162071228,0.3528522849082947,1.1364825963974,-2.4356937408447266,0.8362172842025757,1.2434312105178833,-1.5922929048538208,0.34569987654685974,1.1472604274749756,-2.3107993602752686,0.7069021463394165,2.0264298915863037,0.08326076716184616,0.3577539324760437,2.056548595428467,-0.07742909342050552,0.7125539183616638,2.368091106414795,-0.502413809299469,0.3463858962059021,2.4062416553497314,-0.748946487903595,0.7468670606613159,3.1447367668151855,0.015909088775515556,0.4750911295413971,3.1173880100250244,-0.2507537305355072,0.7410733699798584,3.2900242805480957,0.027124445885419846,0.4538037180900574,3.231610059738159,-0.23142501711845398,0.7944958209991455,3.315436363220215,-0.6718223690986633,0.6300655603408813,3.306403398513794,-0.9979864358901978,0.4350879800093191,1
2026-09-24T12:26:17.163952,S012,S012_A5_Y_20260924_1226,elevated_20,A5,young,class_1,0.656976580619812,0.6830299496650696,-1.9207286834716797,0.6735666990280151,0.5852290391921997,-1.8088405132293701,0.6907932758331299,0.5799299478530884,-1.8093456029891968,0.7074874043464661,0.5751084089279175,-1.8094440698623657,0.6094352006912231,0.5921040773391724,-1.8733450174331665,0.5770314931869507,0.5938985347747803,-1.8739114999771118,0.5440200567245483,0.5958505868911743,-1.8746083974838257,0.69837486743927,0.5849456787109375,-1.0071080923080444,0.4687449038028717,0.6112102270126343,-1.3292758464813232,0.6723693609237671,0.7636975646018982,-1.6044073104858398,0.6065487265586853,0.7748214602470398,-1.6929693222045898,0.8210870027542114,0.9466492533683777,-0.46972793340682983,0.2613956332206726,0.9288958311080933,-0.9806711077690125,1.00968337059021,1.211355209350586,-0.7744652032852173,0.15927129983901978,1.3722795248031616,-1.544494390487671,0.877161979675293,1.1101233959197998,-1.5202902555465698,0.35062703490257263,1.1505978107452393,-2.263705015182495,0.8588768839836121,1.021013855934143,-1.6776797771453857,0.40961092710494995,1.1097030639648438,-2.437138795852661,0.824118435382843,0.9865647554397583,-1.6471389532089233,0.3922930359840393,1.0405195951461792,-2.41314435005188,0.8200494050979614,1.0587321519851685,-1.5349452495574951,0.3814125955104828,1.0619767904281616,-2.2863471508026123,0.6970365643501282,2.024458646774292,0.15458464622497559,0.3567966818809509,2.056208848953247,-0.14871951937675476,0.7127526998519897,2.1429264545440674,-0.5125337243080139,0.34917426109313965,2.2102599143981934,-0.8818109631538391,0.7413579225540161,2.8782880306243896,0.0270867757499218,0.48405009508132935,2.8493282794952393,-0.26162126660346985,0.7289091348648071,3.0294878482818604,0.04417494311928749,0.4551243782043457,2.962833881378174,-0.2466156929731369,0.793914794921875,3.0034117698669434,-0.5810953378677368,0.6582494974136353,2.9831230640411377,-0.9472048878669739,0.43699294931579835,1
2026-09-24T12:26:17.289287,S012,S012_A5_Y_20260924_1226,elevated_20,A5,young,class_1,0.6991618871688843,0.6807523965835571,-1.7151695489883423,0.7036888599395752,0.5801616907119751,-1.5892480611801147,0.7172186374664307,0.575111985206604,-1.5896295309066772,0.7297564148902893,0.5701210498809814,-1.5895706415176392,0.643799901008606,0.5834020972251892,-1.697624921798706,0.6131168603897095,0.5827541947364807,-1.6981050968170166,0.5800373554229736,0.5825406312942505,-1.6988131999969482,0.7025177478790283,0.5825565457344055,-0.8072006106376648,0.4940340518951416,0.5992981791496277,-1.2989646196365356,0.7048774361610413,0.7631228566169739,-1.4038469791412354,0.6433882713317871,0.7735963463783264,-1.5472447872161865,0.7883521914482117,0.9325217604637146,-0.31313639879226685,0.26138588786125183,0.9290093779563904,-1.000670075416565,0.9930433034896851,1.1927201747894287,-0.6140817403793335,0.18061569333076477,1.3815902471542358,-1.5685127973556519,0.870308518409729,1.0760266780853271,-1.4038491249084473,0.39128872752189636,1.1900755167007446,-2.184009075164795,0.8546253442764282,0.9856898784637451,-1.5832046270370483,0.4529965817928314,1.1660112142562866,-2.336977005004883,0.8109310269355774,0.9437986016273499,-1.5579051971435547,0.4427393972873688,1.1006684303283691,-2.3367905616760254,0.806774914264679,1.023163914680481,-1.426849365234375,0.42909687757492065,1.1141746044158936,-2.199685573577881,0.693731963634491,2.0242598056793213,0.18298950791358948,0.3565065264701843,2.063117504119873,-0.17664781212806702,0.7222622632980347,2.1605565547943115,-0.5041285753250122,0.360807865858078,2.2396554946899414,-0.8783901929855347,0.7426912188529968,2.912116289138794,0.03235339745879173,0.4962119460105896,2.8952767848968506,-0.2671504020690918,0.7296295762062073,3.060276746749878,0.05066810920834541,0.4594762325286865,3.0068180561065674,-0.2500198483467102,0.8038843274116516,3.054845094680786,-0.5455976724624634,0.6719908714294434,3.0514614582061768,-0.9410887956619263,0.4390823858257411,1
2026-09-24T12:26:17.386371,S012,S012_A5_Y_20260924_1226,elevated_20,A5,young,class_1,0.7301748991012573,0.6645285487174988,-1.4203903675079346,0.724036455154419,0.569851815700531,-1.2966296672821045,0.7315624356269836,0.5656654834747314,-1.2970507144927979,0.7393554449081421,0.5614228844642639,-1.2970428466796875,0.6805707216262817,0.5692106485366821,-1.4300105571746826,0.6568505167961121,0.5663888454437256,-1.4304800033569336,0.6299200057983398,0.5638257265090942,-1.431247591972351,0.6989917159080505,0.5769949555397034,-0.5834145545959473,0.5247382521629333,0.5830842852592468,-1.2043520212173462,0.7234265804290771,0.7510217428207397,-1.1383599042892456,0.6729198694229126,0.759996235370636,-1.3145304918289185,0.7599342465400696,0.9299421310424805,-0.09982415288686752,0.2613803744316101,0.929021954536438,-1.0143994092941284,0.9627442359924316,1.1718007326126099,-0.05304277688264847,0.1778605729341507,1.3841710090637207,-1.5812591314315796,0.8545562624931335,1.106301188468933,-0.5309922099113464,0.37357664108276367,1.2506088018417358,-2.1722400188446045,0.8392570614814758,1.0745741128921509,-0.6658228635787964,0.42871832847595215,1.2750388383865356,-2.3393256664276123,0.7953488230705261,1.0258041620254517,-0.6908963322639465,0.4326450824737549,1.1930025815963745,-2.345961093902588,0.7930211424827576,1.0616332292556763,-0.5695104002952576,0.41905689239501953,1.1843969821929932,-2.1924617290496826,0.6700257062911987,2.0238614082336426,0.2472274750471115,0.349226176738739,2.0670955181121826,-0.24075305461883545,0.7166599035263062,2.1016042232513428,-0.4207333028316498,0.3647928833961487,2.1666276454925537,-0.9495667219161987,0.7212378978729248,2.8441202640533447,0.1266719251871109,0.4957728981971741,2.837341547012329,-0.2892020046710968,0.6964935660362244,2.9895668029785156,0.1470727175474167,0.44971513748168945,2.9515631198883057,-0.2586330771446228,0.8006095886230469,2.984060525894165,-0.4096018373966217,0.673248827457428,2.995839834213257,-0.9171425104141235,0.4383111776074987,1
2026-09-24T12:26:17.491014,S012,S012_A5_Y_20260924_1226,elevated_20,A5,young,class_1,0.7467812299728394,0.6442406177520752,-1.3288606405258179,0.7352293133735657,0.5563268661499023,-1.2005205154418945,0.7395211458206177,0.5528980493545532,-1.201109766960144,0.7443823218345642,0.549299955368042,-1.20118248462677,0.7001289129257202,0.5542710423469543,-1.3354250192642212,0.6780592203140259,0.5505704283714294,-1.3359763622283936,0.6537902355194092,0.5473610758781433,-1.3369348049163818,0.6934639811515808,0.5691613554954529,-0.5067230463027954,0.5434810519218445,0.5730947256088257,-1.1276094913482666,0.7318872809410095,0.7357432842254639,-1.0584545135498047,0.6885294318199158,0.7457396388053894,-1.2359683513641357,0.7701393365859985,0.9291055202484131,-0.0911518782377243,0.25790053606033325,0.9294870495796204,-0.9910072088241577,0.9648950695991516,1.1473435163497925,-0.14499129354953766,0.17391471564769745,1.4208534955978394,-1.4914156198501587,0.8518131375312805,1.0756150484085083,-0.6600724458694458,0.3676000237464905,1.43000328540802,-2.0406174659729004,0.8334255218505859,1.0836924314498901,-0.8231974840164185,0.42537593841552734,1.4915812015533447,-2.2318737506866455,0.7878595590591431,1.0213921070098877,-0.8472815752029419,0.4141886830329895,1.402173399925232,-2.280362606048584,0.7886690497398376,1.0272756814956665,-0.704406201839447,0.40394216775894165,1.3794846534729004,-2.0797133445739746,0.6686716675758362,2.0245423316955566,0.22867456078529358,0.3459519147872925,2.069857597351074,-0.2220381498336792,0.718572735786438,2.138981580734253,-0.40723949670791626,0.34642523527145386,2.2035863399505615,-0.9810663461685181,0.7229811549186707,2.9012341499328613,0.13820794224739075,0.491614431142807,2.890620708465576,-0.3390176296234131,0.6998250484466553,3.048234462738037,0.15736103057861328,0.44608625769615173,3.002500295639038,-0.30689188838005066,0.8089197874069214,3.047224760055542,-0.42232075333595276,0.6713017225265503,3.0540874004364014,-0.9378058314323425,0.4374023718216146,1
2026-09-24T12:26:17.572263,S012,S012_A5_Y_20260924_1226,elevated_20,A5,young,class_1,0.7528144121170044,0.6256979703903198,-1.2329967021942139,0.740178644657135,0.5433837175369263,-1.1120038032531738,0.7432955503463745,0.5403288006782532,-1.1126739978790283,0.7469014525413513,0.5369552969932556,-1.1127703189849854,0.709708034992218,0.5403956770896912,-1.246732473373413,0.6883732080459595,0.5359633564949036,-1.2472236156463623,0.6661087870597839,0.5316876173019409,-1.248249888420105,0.688370406627655,0.5577789545059204,-0.45287632942199707,0.5552048683166504,0.5585232973098755,-1.066469430923462,0.7329963445663452,0.7174476385116577,-0.9751510620117188,0.6930510401725769,0.7259393334388733,-1.1523568630218506,0.7657588720321655,0.9286762475967407,-0.03172542527318001,0.25741833448410034,0.9255825877189636,-0.9561721086502075,0.9439824223518372,1.163373589515686,0.005972632206976414,0.17341959476470947,1.4415022134780884,-1.3207958936691284,0.8483955264091492,1.1056703329086304,-0.47869259119033813,0.36488860845565796,1.5196444988250732,-1.7685438394546509,0.8324576616287231,1.1776479482650757,-0.626631498336792,0.4116021692752838,1.5989468097686768,-1.9509893655776978,0.7884122729301453,1.0993361473083496,-0.6766002774238586,0.4035646319389343,1.5079604387283325,-2.0154223442077637,0.7880727052688599,1.0723365545272827,-0.5317870378494263,0.39425545930862427,1.4775636196136475,-1.8123878240585327,0.6602885723114014,2.0224125385284424,0.22424928843975067,0.333525687456131,2.069197177886963,-0.2173396646976471,0.718220591545105,2.15162992477417,-0.3981822729110718,0.33847782015800476,2.204651117324829,-0.9456802606582642,0.7161403298377991,2.9544358253479004,0.11140632629394531,0.46415409445762634,2.995892286300659,-0.37764090299606323,0.6881382465362549,3.094289541244507,0.12816298007965088,0.41575321555137634,3.1224405765533447,-0.3556646704673767,0.8078762292861938,3.157426357269287,-0.4376847743988037,0.6678723096847534,3.2055022716522217,-0.9459675550460815,0.43570557615550404,1
2026-09-24T12:26:17.664943,S012,S012_A5_Y_20260924_1226,elevated_20,A5,young,class_1,0.7667216062545776,0.5994430780410767,-1.159117579460144,0.7463534474372864,0.5210654735565186,-1.038685917854309,0.7467092275619507,0.5183641910552979,-1.039451241493225,0.7473137378692627,0.5155326724052429,-1.0396758317947388,0.7203408479690552,0.5205862522125244,-1.1856238842010498,0.6993771195411682,0.5177709460258484,-1.1861035823822021,0.6767305731773376,0.5155535936355591,-1.1871836185455322,0.6727216243743896,0.5437618494033813,-0.40020304918289185,0.562324583530426,0.5486926436424255,-1.0564398765563965,0.7421085834503174,0.6828857660293579,-0.9100073575973511,0.7062269449234009,0.6935898661613464,-1.101027250289917,0.770880937576294,0.9212666153907776,0.03205961734056473,0.25728505849838257,0.9210227727890015,-0.9424500465393066,0.9600240588188171,1.1369826793670654,0.11325476318597794,0.168351948261261,1.4576143026351929,-1.1183359622955322,0.8970445394515991,1.1156527996063232,-0.33517754077911377,0.28703734278678894,1.6793479919433594,-1.4282845258712769,0.8870285153388977,1.2029094696044922,-0.47210273146629333,0.2975143790245056,1.7899367809295654,-1.5914530754089355,0.8391496539115906,1.1339002847671509,-0.5366002917289734,0.3338967561721802,1.7275116443634033,-1.6852366924285889,0.8390434384346008,1.1011779308319092,-0.39600592851638794,0.33474642038345337,1.6852424144744873,-1.478451132774353,0.6574879288673401,2.00761079788208,0.21577635407447815,0.3287576735019684,2.0429346561431885,-0.20891818404197693,0.7064391374588013,2.220676898956299,-0.355011910200119,0.32310694456100464,2.271250009536743,-0.8945746421813965,0.7002369165420532,3.0307793617248535,0.14826546609401703,0.4212626814842224,3.0650970935821533,-0.3738500475883484,0.6727405786514282,3.163147211074829,0.163166344165802,0.3752240538597107,3.188828706741333,-0.35584285855293274,0.7859563231468201,3.2412707805633545,-0.40844789147377014,0.6160761713981628,3.284210443496704,-0.9758285284042358,0.4323953599280988,1
2026-09-24T12:26:17.778471,S012,S012_A5_Y_20260924_1226,elevated_20,A5,young,class_1,0.7679296731948853,0.5873887538909912,-1.1858794689178467,0.7458256483078003,0.5073713064193726,-1.066596269607544,0.7462340593338013,0.5045851469039917,-1.0674269199371338,0.7464649677276611,0.5017176270484924,-1.067664623260498,0.7183469533920288,0.5097328424453735,-1.2048003673553467,0.6963527202606201,0.5089393258094788,-1.2053673267364502,0.6732123494148254,0.5091206431388855,-1.206558346748352,0.6660951972007751,0.5348735451698303,-0.4230712354183197,0.5620309114456177,0.5479029417037964,-1.0418814420700073,0.7455005645751953,0.6693667769432068,-0.9354486465454102,0.7083014845848083,0.6818118691444397,-1.1147445440292358,0.7721723318099976,0.9212911128997803,0.010822012089192867,0.25729623436927795,0.9211106896400452,-0.9363492131233215,0.9760529398918152,1.1400871276855469,0.08768507093191147,0.1638767123222351,1.4727853536605835,-1.1828900575637817,0.9162260890007019,1.2371429204940796,-0.3897831439971924,0.27494436502456665,1.6859714984893799,-1.6975576877593994,0.9070625305175781,1.3258494138717651,-0.5275686979293823,0.28843599557876587,1.7951785326004028,-1.8840057849884033,0.860234260559082,1.2603662014007568,-0.6052819490432739,0.3266274631023407,1.7257094383239746,-1.9558966159820557,0.8586963415145874,1.2348015308380127,-0.45388951897621155,0.32696086168289185,1.6852164268493652,-1.7459657192230225,0.6595021486282349,2.0052762031555176,0.20352277159690857,0.3295547068119049,2.0385289192199707,-0.19666925072669983,0.7202619314193726,2.3788740634918213,-0.30012065172195435,0.33298707008361816,2.44260835647583,-0.6824543476104736,0.7175053358078003,3.2029354572296143,0.21489152312278748,0.4284094274044037,3.223680019378662,-0.31277647614479065,0.6868256330490112,3.3312344551086426,0.2284356653690338,0.3857852816581726,3.348360776901245,-0.3091750144958496,0.7957776188850403,3.4340174198150635,-0.37456944584846497,0.6157814264297485,3.446009874343872,-0.9696555137634277,0.429990653470723,1
2026-09-24T12:26:17.889628,S012,S012_A5_Y_20260924_1226,elevated_20,A5,young,class_1,0.7713305950164795,0.5763118267059326,-1.1392157077789307,0.74774169921875,0.4953293204307556,-1.014133334159851,0.7481282949447632,0.49250689148902893,-1.014768362045288,0.7480422854423523,0.4895321726799011,-1.0148277282714844,0.719446063041687,0.500122606754303,-1.1492537260055542,0.696832537651062,0.5012021660804749,-1.1497713327407837,0.6731129288673401,0.5034919381141663,-1.1508424282073975,0.6634894609451294,0.5269167423248291,-0.3607739508152008,0.5638173818588257,0.5473757982254028,-0.9687072038650513,0.7516208291053772,0.6578670144081116,-0.8867989778518677,0.7134443521499634,0.6728835701942444,-1.062874436378479,0.774584949016571,0.9090195894241333,0.013405382633209229,0.2597929835319519,0.9211452007293701,-0.9253774881362915,0.9783528447151184,1.0931267738342285,-0.07922200858592987,0.16294822096824646,1.4272669553756714,-1.4848157167434692,0.9156680107116699,1.1198352575302124,-0.5880526304244995,0.33828991651535034,1.4224114418029785,-2.105832815170288,0.9061946868896484,1.185408115386963,-0.7381564974784851,0.38568630814552307,1.474462628364563,-2.3098840713500977,0.8495118021965027,1.1330668926239014,-0.7705823183059692,0.4110800325870514,1.3871350288391113,-2.3266875743865967,0.852421760559082,1.114423394203186,-0.6352972984313965,0.39562541246414185,1.3711833953857422,-2.134899616241455,0.666100800037384,1.9901121854782104,0.20688387751579285,0.33736878633499146,2.029268264770508,-0.1999175250530243,0.731272280216217,2.3625288009643555,-0.28176435828208923,0.36339300870895386,2.4209578037261963,-0.5913523435592651,0.7482448220252991,3.162276268005371,0.23304800689220428,0.4571823179721832,3.174456834793091,-0.2282814234495163,0.7224742770195007,3.2953484058380127,0.24664568901062012,0.4105318486690521,3.2960715293884277,-0.22627408802509308,0.8247172236442566,3.3682820796966553,-0.3560137450695038,0.6463364958763123,3.3807644844055176,-0.8963497281074524,0.42739616376242007,1
2026-09-24T12:26:18.006515,S012,S012_A5_Y_20260924_1226,elevated_20,A5,young,class_1,0.7803102135658264,0.5735647082328796,-1.1323773860931396,0.755694568157196,0.49330809712409973,-1.0014322996139526,0.7551388144493103,0.4906325936317444,-1.001981496810913,0.7538787126541138,0.4878268539905548,-1.0020382404327393,0.7281882762908936,0.49763020873069763,-1.1398636102676392,0.7058057188987732,0.49848195910453796,-1.1403496265411377,0.6808076500892639,0.5006456971168518,-1.1412826776504517,0.6633021831512451,0.523315966129303,-0.3355828523635864,0.5710151195526123,0.5448527932167053,-0.9610832333564758,0.7575516104698181,0.6548677086830139,-0.87628173828125,0.7209009528160095,0.6688053011894226,-1.0581247806549072,0.7760776281356812,0.9095380306243896,0.04082126542925835,0.2622677683830261,0.9210889935493469,-0.9240617752075195,1.0070997476577759,1.0833183526992798,-0.021880274638533592,0.16200599074363708,1.3830522298812866,-1.5407990217208862,0.9379193186759949,1.1044082641601562,-0.536457896232605,0.34323057532310486,1.3213748931884766,-2.1707584857940674,0.9321181178092957,1.1597384214401245,-0.6810142993927002,0.39009854197502136,1.3549211025238037,-2.375966787338257,0.873197078704834,1.1083171367645264,-0.7163749933242798,0.4142194390296936,1.2719861268997192,-2.38921856880188,0.8731305003166199,1.0934710502624512,-0.5840989351272583,0.39942866563796997,1.2640016078948975,-2.1988065242767334,0.6665298938751221,1.9875258207321167,0.22481274604797363,0.34289219975471497,2.029353618621826,-0.21808843314647675,0.7456640601158142,2.1838154792785645,-0.31943196058273315,0.3671939969062805,2.2241110801696777,-0.8867431879043579,0.7563701272010803,2.971494436264038,0.20559366047382355,0.48502612113952637,2.9999067783355713,-0.3127135932445526,0.7282730937004089,3.113220453262329,0.22252078354358673,0.4394482970237732,3.1266281604766846,-0.28825312852859497,0.8404682874679565,3.1476736068725586,-0.33946651220321655,0.6785408854484558,3.1909685134887695,-0.9224398732185364,0.42627369290549366,1
2026-09-24T12:26:18.129512,S012,S012_A5_Y_20260924_1226,elevated_20,A5,young,class_1,0.7853251695632935,0.5741149187088013,-1.1804190874099731,0.7615106105804443,0.4930552840232849,-1.0493688583374023,0.7605132460594177,0.490386039018631,-1.0500620603561401,0.7586662173271179,0.4876043498516083,-1.0502421855926514,0.7341537475585938,0.497528076171875,-1.1915385723114014,0.712565541267395,0.4983333349227905,-1.1921086311340332,0.6869828104972839,0.5002132058143616,-1.19316828250885,0.6648880839347839,0.5219529271125793,-0.37855538725852966,0.5784084796905518,0.5426818132400513,-1.0024808645248413,0.7639158964157104,0.6561129689216614,-0.9226137399673462,0.7282379865646362,0.670145571231842,-1.107344388961792,0.785716712474823,0.9155207276344299,0.018503161147236824,0.2625274062156677,0.9237971901893616,-0.9417832493782043,1.0266895294189453,1.1159008741378784,-0.1240420714020729,0.15749745070934296,1.4155534505844116,-1.481869101524353,0.9495037794113159,1.1412945985794067,-0.7966505289077759,0.34103846549987793,1.489109754562378,-2.1073009967803955,0.9396383166313171,1.2028685808181763,-1.0000200271606445,0.386873722076416,1.5683039426803589,-2.3102967739105225,0.8813563585281372,1.1376019716262817,-1.0409207344055176,0.4065357744693756,1.4822877645492554,-2.347342014312744,0.8805392384529114,1.1205003261566162,-0.8609998822212219,0.3935544192790985,1.4561291933059692,-2.142533779144287,0.6680405735969543,1.994814395904541,0.22610768675804138,0.3428795635700226,2.035536766052246,-0.21913671493530273,0.7542107105255127,2.1847293376922607,-0.3447337746620178,0.36655598878860474,2.281904697418213,-0.8990795016288757,0.7544740438461304,3.0094473361968994,0.18683834373950958,0.4701358675956726,3.0545990467071533,-0.4032633900642395,0.7207075357437134,3.1506950855255127,0.20381656289100647,0.42168793082237244,3.180596351623535,-0.38819456100463867,0.8345794677734375,3.205392360687256,-0.38695797324180603,0.6739012598991394,3.254215717315674,-1.0656499862670898,0.42580525980994216,1
2026-09-24T12:26:18.260239,S012,S012_A5_Y_20260924_1226,elevated_20,A5,young,class_1,0.7911006212234497,0.577951192855835,-1.2102208137512207,0.7671224474906921,0.49569183588027954,-1.0977259874343872,0.7654049396514893,0.4927142262458801,-1.0983208417892456,0.7626140713691711,0.48957958817481995,-1.0985232591629028,0.7396942377090454,0.5001972913742065,-1.2477123737335205,0.7182177305221558,0.5008339285850525,-1.2482683658599854,0.693047821521759,0.5024959444999695,-1.249260663986206,0.665108323097229,0.5224587321281433,-0.42828407883644104,0.5817009806632996,0.542352020740509,-1.2163655757904053,0.7676603198051453,0.6601870656013489,-0.964905858039856,0.7327806353569031,0.6724580526351929,-1.154057264328003,0.7711139917373657,0.9110173583030701,-0.026384299620985985,0.2624357342720032,0.9211666584014893,-1.1513347625732422,0.9640183448791504,1.1217942237854004,0.11278311908245087,0.15714120864868164,1.452516794204712,-1.4642536640167236,0.918281078338623,1.1441302299499512,-0.27084994316101074,0.3428155779838562,1.5620366334915161,-1.7067365646362305,0.9139711260795593,1.2057723999023438,-0.39262712001800537,0.38792386651039124,1.6541192531585693,-1.8535492420196533,0.8643616437911987,1.1377449035644531,-0.4451034665107727,0.41587480902671814,1.556569218635559,-1.9280107021331787,0.8611453175544739,1.1209661960601807,-0.3233974277973175,0.40133538842201233,1.5183402299880981,-1.744732141494751,0.6625052690505981,1.9950870275497437,0.272068589925766,0.3404778242111206,2.041574239730835,-0.2655845284461975,0.7531191110610962,2.1391329765319824,-0.293716162443161,0.37801098823547363,2.2737579345703125,-0.8822938799858093,0.7237697839736938,2.9493443965911865,0.23525230586528778,0.4519047141075134,2.9958648681640625,-0.3334144055843353,0.6842243075370789,3.0915729999542236,0.2539946436882019,0.38955268263816833,3.107257604598999,-0.3066554367542267,0.822304368019104,3.1485180854797363,-0.24486775696277618,0.6645920872688293,3.210646152496338,-0.8814103007316589,0.4236973478674014,1
2026-09-24T12:26:18.380906,S012,S012_A5_Y_20260924_1226,elevated_20,A5,young,class_1,0.7651938796043396,0.6396514773368835,-1.958396315574646,0.7624819874763489,0.5347607731819153,-1.858917474746704,0.7632647752761841,0.5277000069618225,-1.8595428466796875,0.7609322667121887,0.5198923945426941,-1.8597862720489502,0.7117300629615784,0.5386927127838135,-1.961764931678772,0.6809839010238647,0.536579966545105,-1.9624013900756836,0.6472413539886475,0.53590989112854,-1.9633197784423828,0.6970851421356201,0.5309558510780334,-1.10672926902771,0.5422502756118774,0.5543180108070374,-1.5720149278640747,0.7605187296867371,0.7236394882202148,-1.6472200155258179,0.7044571042060852,0.7314236760139465,-1.7804794311523438,0.7870263457298279,0.9018504619598389,-0.4301050305366516,0.2597487270832062,0.9217666983604431,-1.180392861366272,0.9660323262214661,1.1537737846374512,-0.07412489503622055,0.15407726168632507,1.546319842338562,-1.2001328468322754,0.9284654855728149,1.2657358646392822,-0.4933575689792633,0.3042239546775818,1.8310068845748901,-1.4829005002975464,0.9285858869552612,1.3489501476287842,-0.6778808832168579,0.32869967818260193,1.9576994180679321,-1.6068284511566162,0.8732627034187317,1.1373029947280884,-0.6755387187004089,0.3599253296852112,1.884527564048767,-1.7244846820831299,0.8764084577560425,1.2552566528320312,-0.5327857732772827,0.3599820137023926,1.8306220769882202,-1.5382634401321411,0.6810351610183716,1.9922044277191162,0.2215476781129837,0.3402215242385864,2.041288137435913,-0.21551641821861267,0.7623140215873718,2.2903666496276855,-0.3115643262863159,0.38667359948158264,2.4134416580200195,-0.7486377954483032,0.7461131811141968,3.1276469230651855,0.2602202296257019,0.46971768140792847,3.1668221950531006,-0.21681877970695496,0.7159069180488586,3.2726900577545166,0.28085678815841675,0.4114965796470642,3.294010877609253,-0.1942020058631897,0.8227989077568054,3.369075059890747,-0.2862900495529175,0.6773754954338074,3.396432399749756,-0.8492245674133301,0.4232757750097803,1
2026-09-24T12:26:18.482746,S012,S012_A5_Y_20260924_1226,elevated_20,A5,young,class_1,0.7358739972114563,0.66832035779953,-2.0509824752807617,0.747080385684967,0.5586627721786499,-1.9532115459442139,0.7565237283706665,0.5512769818305969,-1.9538724422454834,0.7607251405715942,0.5427150130271912,-1.9541330337524414,0.6792806386947632,0.5612152814865112,-2.0401227474212646,0.6436837315559387,0.55771404504776,-2.040652275085449,0.6059810519218445,0.5555651187896729,-2.0415680408477783,0.7101581692695618,0.5427666306495667,-1.172508716583252,0.510705828666687,0.5641991496086121,-1.5558147430419922,0.7459744811058044,0.7456902861595154,-1.7258195877075195,0.6765859723091125,0.7547680139541626,-1.8379110097885132,0.8002583384513855,0.8957911133766174,-0.4744163155555725,0.2582176625728607,0.9198894500732422,-1.1105985641479492,0.9683012962341309,1.2012008428573608,-0.38277217745780945,0.1539580225944519,1.5312209129333496,-1.1230943202972412,0.9297064542770386,1.299886703491211,-1.1252479553222656,0.2632334232330322,1.8050891160964966,-1.5722473859786987,0.930395245552063,1.3722777366638184,-1.296578049659729,0.2734065055847168,1.9287006855010986,-1.7160600423812866,0.8728104829788208,1.1329134702682495,-1.3449174165725708,0.3004091680049896,1.8578625917434692,-1.831425666809082,0.8778082132339478,1.2792755365371704,-1.1778151988983154,0.31020718812942505,1.8082435131072998,-1.630955696105957,0.69394451379776,1.9798130989074707,0.1638125479221344,0.3392871916294098,2.0165514945983887,-0.15761786699295044,0.7619125247001648,2.4783880710601807,-0.3796583116054535,0.38972488045692444,2.50386118888855,-0.7270255088806152,0.755911648273468,3.3070614337921143,0.18996849656105042,0.46829456090927124,3.3264737129211426,-0.22716781497001648,0.7337397336959839,3.4465134143829346,0.20334188640117645,0.412733793258667,3.4678916931152344,-0.20739300549030304,0.8168017268180847,3.5559418201446533,-0.46672916412353516,0.6610351800918579,3.5673394203186035,-0.9642913937568665,0.42367559255129006,1
2026-09-24T12:26:18.575818,S012,S012_A5_Y_20260924_1226,elevated_20,A5,young,class_1,0.608326256275177,0.7364979386329651,-2.6671812534332275,0.6516782641410828,0.6258525252342224,-2.5875332355499268,0.677466630935669,0.6196746230125427,-2.5879950523376465,0.7012237906455994,0.6131072640419006,-2.588590145111084,0.56550133228302,0.6299569010734558,-2.5896084308624268,0.5309027433395386,0.6266492605209351,-2.5902915000915527,0.5017763376235962,0.6233453154563904,-2.5906920433044434,0.71068274974823,0.5991227626800537,-1.7813602685928345,0.450913667678833,0.6099326014518738,-1.780989646911621,0.6510102152824402,0.8132171630859375,-2.3281850814819336,0.5610224604606628,0.8167728185653687,-2.33085298538208,0.8621308207511902,0.9271547794342041,-1.114091396331787,0.2607979476451874,0.9223207235336304,-1.0808813571929932,1.0394645929336548,1.2773139476776123,-1.6123040914535522,0.1425715982913971,1.46786367893219,-1.1993460655212402,0.9221855998039246,1.2813345193862915,-2.5919792652130127,0.19764123857021332,1.5205775499343872,-2.2530059814453125,0.9021576046943665,1.3561853170394897,-2.8011984825134277,0.20297424495220184,1.5472960472106934,-2.4451041221618652,0.8633329272270203,1.1704319715499878,-2.7877964973449707,0.21498581767082214,1.4871258735656738,-2.485258102416992,0.8623045682907104,1.2590337991714478,-2.6129255294799805,0.2268751561641693,1.478243112564087,-2.300596237182617,0.7242759466171265,2.0122196674346924,-0.010015295818448067,0.35977113246917725,2.029099941253662,0.01566493511199951,0.75296950340271,2.338257312774658,-0.7109299302101135,0.35345032811164856,2.382396697998047,-0.791143536567688,0.7643218636512756,3.0879714488983154,0.10209492594003677,0.5064554810523987,3.0194380283355713,-0.14618292450904846,0.7635074257850647,3.233023166656494,0.1391020566225052,0.5124164819717407,3.1022839546203613,-0.11023463308811188,0.7988969683647156,3.2457401752471924,-0.6451739072799683,0.654181957244873,3.2190797328948975,-0.9406831860542297,0.42474707646408316,1
2026-09-24T12:26:18.687810,S012,S012_A5_Y_20260924_1226,elevated_20,A5,young,class_1,0.5126691460609436,0.7457736730575562,-2.546704053878784,0.5708329081535339,0.6390085816383362,-2.497253656387329,0.6029501557350159,0.6370029449462891,-2.4976680278778076,0.6310921907424927,0.6354095935821533,-2.4981915950775146,0.47028499841690063,0.6331117153167725,-2.4796900749206543,0.4410972595214844,0.6277753114700317,-2.4800920486450195,0.42052721977233887,0.6228076219558716,-2.4806621074676514,0.694675087928772,0.6217321157455444,-1.797011375427246,0.4060060381889343,0.607306718826294,-1.7038161754608154,0.5766614675521851,0.8290280699729919,-2.2439827919006348,0.46232205629348755,0.8234363794326782,-2.220228672027588,0.8720186352729797,0.9384239912033081,-1.12974214553833,0.24707114696502686,0.9225469827651978,-0.9829131364822388,1.050182580947876,1.3298150300979614,-1.4627619981765747,0.11343400180339813,1.4550772905349731,-0.848122239112854,0.9217671155929565,1.3190068006515503,-2.307636260986328,0.13654695451259613,1.6771095991134644,-1.6761318445205688,0.8973602056503296,1.355899453163147,-2.4902873039245605,0.13013125956058502,1.7882026433944702,-1.8353471755981445,0.8631726503372192,1.2579072713851929,-2.4854586124420166,0.15508486330509186,1.7332637310028076,-1.9057788848876953,0.8619860410690308,1.2725245952606201,-2.32763671875,0.17117562890052795,1.6924315690994263,-1.728933572769165,0.7231298089027405,2.026284694671631,-0.08972250670194626,0.3516917824745178,2.0286295413970947,0.09537793695926666,0.7521612644195557,2.577347993850708,-0.7935363054275513,0.3189747929573059,2.578730821609497,-0.7877748012542725,0.7551258206367493,3.3586840629577637,0.1278415024280548,0.45530691742897034,3.3501574993133545,-0.08123566210269928,0.7617877721786499,3.484708309173584,0.1889689862728119,0.5008633732795715,3.4507229328155518,-0.042699966579675674,0.7161687612533569,3.6243669986724854,-0.6107659339904785,0.5119184851646423,3.642028570175171,-0.9117382764816284,0.42424753636904905,1
2026-09-24T12:26:18.803960,S012,S012_A5_Y_20260924_1226,elevated_20,A5,young,class_1,0.4782087802886963,0.7430608868598938,-2.3913159370422363,0.5378626585006714,0.6203754544258118,-2.3524413108825684,0.5740096569061279,0.6217172145843506,-2.352642774581909,0.6039482355117798,0.6248708367347717,-2.353101968765259,0.4406008720397949,0.6152070760726929,-2.317500352859497,0.41549474000930786,0.6100314259529114,-2.3178131580352783,0.3952316343784332,0.6046150326728821,-2.31813383102417,0.6733578443527222,0.6108060479164124,-1.7082221508026123,0.3922992944717407,0.5786646604537964,-1.5599586963653564,0.5491582155227661,0.8118440508842468,-2.1061084270477295,0.4388250410556793,0.8189329504966736,-2.0617971420288086,0.8662970662117004,0.9239513874053955,-1.1375969648361206,0.24620556831359863,0.8862416744232178,-0.8081254959106445,1.037481427192688,1.2630611658096313,-1.4995510578155518,0.11620233207941055,1.4013721942901611,-0.7140089869499207,0.8467278480529785,1.0929124355316162,-2.0680317878723145,0.17823681235313416,1.431516408920288,-1.402846097946167,0.8134938478469849,1.0604331493377686,-2.1916897296905518,0.18660715222358704,1.4604816436767578,-1.5212852954864502,0.7973851561546326,0.9498475193977356,-2.1659085750579834,0.2106507569551468,1.4001652002334595,-1.51768958568573,0.7857683897018433,1.0181082487106323,-2.067739963531494,0.2187098264694214,1.392325758934021,-1.4227168560028076,0.7226456999778748,2.0198326110839844,-0.12747573852539062,0.3537728190422058,2.0115244388580322,0.13295502960681915,0.7221564054489136,2.271909475326538,-0.7104341983795166,0.3108642101287842,2.4004018306732178,-0.6344802379608154,0.7454862594604492,3.0349743366241455,0.11960645765066147,0.5016512870788574,2.9953277111053467,0.03559727966785431,0.7570890784263611,3.174685478210449,0.1778826266527176,0.547604501247406,3.062159538269043,0.07869268208742142,0.6966516375541687,3.2254793643951416,-0.5715853571891785,0.5473292469978333,3.224661111831665,-0.6770858764648438,0.4244905899889118,1
2026-09-24T12:26:18.880674,S012,S012_A5_Y_20260924_1226,elevated_20,A5,young,class_1,0.4513186514377594,0.7014827728271484,-2.1851820945739746,0.5102792978286743,0.5702354907989502,-2.1549184322357178,0.547878623008728,0.5700827240943909,-2.1553187370300293,0.5817462205886841,0.5712143182754517,-2.155808925628662,0.4209636151790619,0.5684680938720703,-2.120314121246338,0.40033555030822754,0.563005805015564,-2.120577096939087,0.3816470205783844,0.5570622086524963,-2.1211888790130615,0.6553821563720703,0.5678967237472534,-1.5823118686676025,0.3910161554813385,0.5329047441482544,-1.3532706499099731,0.5283056497573853,0.7915648818016052,-1.9230470657348633,0.4236735701560974,0.7843637466430664,-1.8953691720962524,0.8760193586349487,0.9061214923858643,-1.0185821056365967,0.2481691539287567,0.8593194484710693,-0.6132398843765259,1.0613067150115967,1.2676873207092285,-1.4634238481521606,0.12567415833473206,1.4029847383499146,-0.5317411422729492,0.8634635806083679,1.123777985572815,-2.2449121475219727,0.1828390210866928,1.6315785646438599,-1.393832802772522,0.8185545206069946,1.1121220588684082,-2.423168659210205,0.1796720325946808,1.7529739141464233,-1.557888150215149,0.8093675374984741,1.0132091045379639,-2.3845086097717285,0.21333269774913788,1.6999680995941162,-1.6030676364898682,0.7974687218666077,1.0560520887374878,-2.2498154640197754,0.22740761935710907,1.65294349193573,-1.4400699138641357,0.7542151808738708,2.010256052017212,-0.17019079625606537,0.36188042163848877,1.9795429706573486,0.17607536911964417,0.7267086505889893,2.492527961730957,-0.7544671297073364,0.3161260187625885,2.4864418506622314,-0.6413899660110474,0.7590673565864563,3.301331043243408,0.07791721075773239,0.5006455183029175,3.2463529109954834,-0.00704965740442276,0.7811975479125977,3.4454245567321777,0.1249140053987503,0.5255168080329895,3.3501882553100586,0.03028848208487034,0.699093222618103,3.535294771194458,-0.7027422189712524,0.5173783898353577,3.52590012550354,-0.7625020742416382,0.4244394227721249,1
2026-09-24T12:26:18.973691,S012,S012_A5_Y_20260924_1226,elevated_20,A5,young,class_1,0.40338677167892456,0.5345786809921265,-1.8190162181854248,0.4565671980381012,0.40814653038978577,-1.8464386463165283,0.4922991693019867,0.40233924984931946,-1.8466613292694092,0.5292359590530396,0.3988496959209442,-1.8468488454818726,0.38362377882003784,0.41798970103263855,-1.7574870586395264,0.364687442779541,0.4173712134361267,-1.7568855285644531,0.34636905789375305,0.4162141978740692,-1.757935881614685,0.6171671748161316,0.420206218957901,-1.4372586011886597,0.3725472092628479,0.41738536953926086,-1.0978224277496338,0.47089308500289917,0.6188352108001709,-1.663495659828186,0.3850603699684143,0.6193864345550537,-1.5418791770935059,0.8699294328689575,0.8202245235443115,-0.8983392715454102,0.23853135108947754,0.7788780331611633,-0.5979214906692505,1.0274397134780884,1.3287262916564941,-0.8085954785346985,0.11845961958169937,1.3829090595245361,-0.3433384895324707,0.8667566180229187,1.649786353111267,-1.011371374130249,0.11718179285526276,1.7888938188552856,-0.9367351531982422,0.8553887605667114,1.7939878702163696,-1.1266770362854004,0.08281642198562622,1.956926703453064,-1.1122965812683105,0.8100283741950989,1.7571814060211182,-1.2340314388275146,0.13841953873634338,1.9404678344726562,-1.2262165546417236,0.8041394948959351,1.6914616823196411,-1.0672060251235962,0.17015738785266876,1.8735785484313965,-1.0103485584259033,0.7482728958129883,1.8958009481430054,-0.11435817182064056,0.33882269263267517,1.8583996295928955,0.12154775857925415,0.713395893573761,2.6785027980804443,-0.44300705194473267,0.31969767808914185,2.6218605041503906,-0.3338176906108856,0.717585563659668,3.486614465713501,0.18592998385429382,0.36343878507614136,3.4546945095062256,0.003240492893382907,0.7403606176376343,3.622539520263672,0.2044600546360016,0.3735016882419586,3.59592342376709,0.01209177915006876,0.6140034198760986,3.7588789463043213,-0.6537784337997437,0.3858335614204407,3.7190122604370117,-0.7690494060516357,0.4226986227070235,1
2026-09-24T12:26:19.071535,S012,S012_A5_Y_20260924_1226,elevated_20,A5,young,class_1,0.3923298716545105,0.4791643023490906,-1.5068309307098389,0.44260939955711365,0.354606956243515,-1.5275590419769287,0.4773074686527252,0.3496387302875519,-1.5279018878936768,0.5153747797012329,0.3458775579929352,-1.5280851125717163,0.3727477490901947,0.36334720253944397,-1.4434330463409424,0.3537079393863678,0.3643462061882019,-1.4428681135177612,0.3356955051422119,0.36493411660194397,-1.4438793659210205,0.6034475564956665,0.3731512427330017,-1.2882148027420044,0.3612394630908966,0.3821319341659546,-0.840514063835144,0.4518910348415375,0.5687512159347534,-1.3718253374099731,0.3731340169906616,0.5678733587265015,-1.2540371417999268,0.8680492639541626,0.8017299175262451,-0.8219159245491028,0.23663906753063202,0.751815676689148,-0.44065624475479126,1.0273053646087646,1.3625819683074951,-0.6724187135696411,0.11213219165802002,1.3726688623428345,-0.21614189445972443,0.89466392993927,1.7109954357147217,-0.8490763902664185,0.10886602103710175,1.8193116188049316,-0.7505811452865601,0.9051467180252075,1.8552734851837158,-0.9499257802963257,0.07763491570949554,1.9893009662628174,-0.9013099670410156,0.8361622095108032,1.8237056732177734,-1.0205795764923096,0.1343342512845993,1.9809820652008057,-0.9917109608650208,0.8246367573738098,1.7554314136505127,-0.8893782496452332,0.16320368647575378,1.9119246006011963,-0.8142518997192383,0.7478976249694824,1.885986328125,-0.11869869381189346,0.3386744558811188,1.8514856100082397,0.12622934579849243,0.7146080732345581,2.6853294372558594,-0.32081085443496704,0.3343689739704132,2.6361031532287598,-0.11688856780529022,0.7199954986572266,3.4773190021514893,0.3791598677635193,0.37330108880996704,3.44480562210083,0.27810558676719666,0.7410322427749634,3.6171677112579346,0.40503692626953125,0.3806827962398529,3.5842130184173584,0.29120776057243347,0.6231369972229004,3.740334987640381,-0.42927828431129456,0.3994259238243103,3.7081921100616455,-0.5187656283378601,0.4203103850877872,1
2026-09-24T12:26:19.212820,S012,S012_A5_Y_20260924_1226,elevated_20,A5,young,class_1,0.35481205582618713,0.32342731952667236,-1.620653748512268,0.4078381061553955,0.19901935756206512,-1.6057370901107788,0.44047069549560547,0.19362929463386536,-1.6058038473129272,0.4777504503726959,0.18983528017997742,-1.6074788570404053,0.33828744292259216,0.21202677488327026,-1.649757981300354,0.31809765100479126,0.21491780877113342,-1.649635910987854,0.29784470796585083,0.2177191823720932,-1.6501935720443726,0.578130304813385,0.22538749873638153,-1.2922797203063965,0.3285216987133026,0.24467945098876953,-1.0344995260238647,0.4192839562892914,0.42655909061431885,-1.4347171783447266,0.34282413125038147,0.4283842444419861,-1.4519449472427368,0.866300106048584,0.725907027721405,-0.8040716052055359,0.1786980777978897,0.6921350359916687,-0.5994848608970642,1.0230295658111572,1.1263998746871948,-0.9321219325065613,0.09553937613964081,1.368161678314209,-0.5106505751609802,0.8869735598564148,1.3120551109313965,-1.8009248971939087,0.10383888334035873,1.8255373239517212,-1.152262806892395,0.8883478045463562,1.436062216758728,-2.008298397064209,0.08168548345565796,2.007725715637207,-1.3265571594238281,0.8240887522697449,1.3863065242767334,-2.070852518081665,0.13549962639808655,1.9680936336517334,-1.414170503616333,0.8138396143913269,1.3120852708816528,-1.8522628545761108,0.16562601923942566,1.8972495794296265,-1.2110198736190796,0.7241625189781189,1.8148192167282104,-0.08979836106300354,0.30637669563293457,1.78242826461792,0.09678904712200165,0.6861945986747742,2.604017972946167,-0.6081235408782959,0.324290007352829,2.564300060272217,-0.3571903109550476,0.7066448926925659,3.3920810222625732,0.22189705073833466,0.3536202013492584,3.362405300140381,0.1711651235818863,0.7228348255157471,3.541609764099121,0.2499193400144577,0.35703665018081665,3.4886555671691895,0.24399378895759583,0.6290451884269714,3.6296985149383545,-0.6306493878364563,0.3926975429058075,3.624419689178467,-0.7529146075248718,0.42179076748928335,1
2026-09-24T12:26:19.324719,S012,S012_A5_Y_20260924_1226,elevated_20,A5,young,class_1,0.3177661597728729,0.22731947898864746,-2.0958809852600098,0.37929147481918335,0.0994732603430748,-2.0335001945495605,0.4178566336631775,0.09892251342535019,-2.0341055393218994,0.4595879018306732,0.09839851409196854,-2.0346646308898926,0.2873148024082184,0.09786713868379593,-2.033815622329712,0.25892552733421326,0.095543771982193,-2.0342421531677246,0.23380403220653534,0.09237716346979141,-2.0354268550872803,0.5568336844444275,0.12091454863548279,-1.4316504001617432,0.2637403607368469,0.12030459195375443,-1.3373444080352783,0.39282992482185364,0.34311264753341675,-1.8357893228530884,0.3076360523700714,0.3436966836452484,-1.8250353336334229,0.8397737741470337,0.6120187044143677,-0.8892620801925659,0.1280357539653778,0.6844451427459717,-0.9047673344612122,1.0024447441101074,1.005097508430481,-1.2465356588363647,-0.010121306404471397,1.3004826307296753,-0.8110219836235046,0.8595592379570007,1.0247515439987183,-2.1734676361083984,0.015492135658860207,1.7740346193313599,-1.37925386428833,0.8401716947555542,1.0755119323730469,-2.40114426612854,0.004542597569525242,1.9302047491073608,-1.5436829328536987,0.7959164381027222,0.9898870587348938,-2.4113564491271973,0.04281286150217056,1.8821121454238892,-1.6946033239364624,0.7864536046981812,0.9678406119346619,-2.208890199661255,0.06954289227724075,1.8219645023345947,-1.4595329761505127,0.6702052354812622,1.7875144481658936,-0.043369825929403305,0.2644568979740143,1.7866696119308472,0.04928543046116829,0.6885179877281189,2.1583471298217773,-0.08716998994350433,0.30267781019210815,2.138820171356201,-0.2363136112689972,0.7150552272796631,2.881763219833374,1.2205630540847778,0.37295109033584595,2.8517520427703857,0.9725564122200012,0.7268567681312561,3.0099895000457764,1.3143048286437988,0.3662211000919342,2.9586894512176514,1.0739744901657104,0.6811622977256775,3.12642240524292,0.6675117611885071,0.48339301347732544,3.1222455501556396,0.43836140632629395,0.419283289046055,1
2026-09-24T12:26:19.416471,S012,S012_A5_Y_20260924_1226,elevated_20,A5,young,class_1,0.2848537564277649,0.18003621697425842,-1.7726242542266846,0.34207016229629517,0.05952451005578041,-1.748835563659668,0.37949100136756897,0.050098076462745667,-1.749199628829956,0.41845256090164185,0.050134915858507156,-1.749565839767456,0.2567451000213623,0.06265926361083984,-1.7159582376480103,0.23207803070545197,0.06170424073934555,-1.716055154800415,0.2109108418226242,0.0603269524872303,-1.7169536352157593,0.4993151128292084,0.08414315432310104,-1.2599451541900635,0.24457402527332306,0.0911368578672409,-1.0863765478134155,0.3543627858161926,0.26514503359794617,-1.5485892295837402,0.2759837508201599,0.2594468593597412,-1.5042729377746582,0.7446851134300232,0.4638025462627411,-0.8587402105331421,0.13297927379608154,0.5904111266136169,-0.6027778387069702,0.8052445650100708,0.9021441340446472,-1.2605078220367432,-0.0035953670740127563,1.0935670137405396,-0.44005098938941956,0.5682311058044434,0.6296142339706421,-1.8892402648925781,0.03278105705976486,1.3348959684371948,-0.7758960723876953,0.5001953840255737,0.5720669031143188,-2.048443078994751,0.029445448890328407,1.435626745223999,-0.8625417947769165,0.5039139986038208,0.4924231171607971,-2.0341217517852783,0.04427854344248772,1.3710628747940063,-0.9240130186080933,0.5060524940490723,0.5197959542274475,-1.8947111368179321,0.0629536509513855,1.3360257148742676,-0.817735493183136,0.6257244348526001,1.673087239265442,-0.060042787343263626,0.2572208642959595,1.686489462852478,0.06462042033672333,0.6593670845031738,1.9166054725646973,0.09556271135807037,0.2606659233570099,1.8794325590133667,0.10935769230127335,0.6710741519927979,2.587977886199951,1.2339441776275635,0.40105190873146057,2.5643818378448486,1.1563172340393066,0.6834490299224854,2.7052435874938965,1.3282651901245117,0.42510366439819336,2.645956516265869,1.2499853372573853,0.643297016620636,2.7934350967407227,0.838166356086731,0.48904579877853394,2.8398985862731934,0.8050264120101929,0.4235601767925828,1
2026-09-24T12:26:19.481187,S012,S012_A5_Y_20260924_1226,elevated_20,A5,young,class_1,0.2661285698413849,0.18137234449386597,-1.0613309144973755,0.3123617470264435,0.042021624743938446,-1.1135156154632568,0.34817320108413696,0.04413042217493057,-1.114066481590271,0.3796679377555847,0.04639563336968422,-1.1148619651794434,0.24682745337486267,0.062498170882463455,-1.020476222038269,0.23133473098278046,0.06481249630451202,-1.0203512907028198,0.21683235466480255,0.06746891140937805,-1.0212230682373047,0.4677373766899109,0.08289232105016708,-0.9432989954948425,0.2623458206653595,0.1075790748000145,-0.5029555559158325,0.3363784849643707,0.25468504428863525,-0.9564916491508484,0.2641749978065491,0.2423001080751419,-0.8334954380989075,0.7310581803321838,0.4334224462509155,-0.840514063835144,0.14198516309261322,0.5265276432037354,-0.0351247601211071,0.8100749254226685,0.8721011877059937,-1.1522465944290161,0.044267233461141586,0.9808976054191589,-0.11222536861896515,0.47701191902160645,0.407710462808609,-0.9612870216369629,0.061761610209941864,1.0188438892364502,-0.7161411643028259,0.42085614800453186,0.37039247155189514,-0.9813836216926575,0.056516747921705246,1.0489236116409302,-0.8070554733276367,0.4210340976715088,0.31596091389656067,-0.8771995306015015,0.07818575203418732,1.0047804117202759,-0.7986846566200256,0.4296461045742035,0.3167194724082947,-0.9085890650749207,0.09921528398990631,0.9974961876869202,-0.7474942207336426,0.6404147148132324,1.6620380878448486,-0.23371508717536926,0.26844578981399536,1.6521518230438232,0.23790375888347626,0.6402016878128052,2.389399528503418,0.14669932425022125,0.27873116731643677,2.3436079025268555,0.7181817293167114,0.657171905040741,3.1501479148864746,1.1404417753219604,0.38245248794555664,3.1314871311187744,1.5348756313323975,0.6788314580917358,3.2617061138153076,1.2145426273345947,0.4041669964790344,3.242046594619751,1.604286789894104,0.5806636214256287,3.3805952072143555,0.6114842891693115,0.3584521412849426,3.383107900619507,0.9956167936325073,0.42503336561617977,1
2026-09-24T12:26:19.584780,S012,S012_A5_Y_20260924_1226,elevated_20,A5,young,class_1,0.2520967423915863,0.26018306612968445,-1.178619623184204,0.3100823760032654,0.12213126569986343,-1.2720611095428467,0.3537045121192932,0.12081774324178696,-1.2726449966430664,0.3914380371570587,0.11095976084470749,-1.2736170291900635,0.23588339984416962,0.1347370743751526,-1.1126619577407837,0.22167165577411652,0.13575667142868042,-1.111581563949585,0.2089436948299408,0.13630856573581696,-1.1121265888214111,0.49064692854881287,0.13037675619125366,-1.1205995082855225,0.285957396030426,0.15763044357299805,-0.4621552526950836,0.3570341169834137,0.34994107484817505,-1.1325979232788086,0.2794877886772156,0.3424089550971985,-0.9114170074462891,0.8252874612808228,0.5258317589759827,-1.1687374114990234,0.27673858404159546,0.5868626236915588,0.03079385682940483,1.0640032291412354,1.2558223009109497,-1.3302627801895142,0.24435515701770782,1.0908896923065186,0.4955376088619232,0.8712061643600464,1.478334665298462,-1.2398942708969116,0.2041480839252472,1.047600269317627,0.04261760413646698,0.8596213459968567,1.5847917795181274,-1.362931728363037,0.1512860804796219,1.3149882555007935,0.0061930641531944275,0.8056138157844543,1.5209075212478638,-1.3019424676895142,0.186391681432724,1.319373607635498,-0.1220603734254837,0.7955585718154907,1.47648024559021,-1.2143313884735107,0.22090327739715576,1.2439141273498535,-0.03722661733627319,0.8044670224189758,1.695993423461914,-0.3926270008087158,0.3790909945964813,1.7168611288070679,0.3984186053276062,0.7231978178024292,2.691859006881714,0.08087648451328278,0.340889036655426,2.6437690258026123,1.3810391426086426,0.7193270921707153,3.544632911682129,1.3826253414154053,0.38293513655662537,3.502624273300171,2.8408000469207764,0.7554894685745239,3.6717240810394287,1.4734151363372803,0.3991810977458954,3.6219863891601562,2.9807162284851074,0.6090937256813049,3.837698459625244,0.6066666841506958,0.38304686546325684,3.8346221446990967,2.1136884689331055,0.42429322909888334,1
2026-09-24T12:26:19.671782,S012,S012_A5_Y_20260924_1226,elevated_20,A5,young,class_1,0.24359342455863953,0.2603648900985718,-1.391087532043457,0.3048696517944336,0.11118368059396744,-1.4236280918121338,0.3463299870491028,0.10596173256635666,-1.42371666431427,0.3896722197532654,0.0992279127240181,-1.424126386642456,0.20982804894447327,0.11977498978376389,-1.318400263786316,0.1847895085811615,0.11747216433286667,-1.317191243171692,0.16343119740486145,0.11335265636444092,-1.3175468444824219,0.49872374534606934,0.12255536764860153,-1.1234837770462036,0.2225314825773239,0.11982301622629166,-0.6884692311286926,0.3272691071033478,0.3509145677089691,-1.2853758335113525,0.2414458990097046,0.3638682961463928,-1.1361535787582397,0.8250042796134949,0.5540072321891785,-1.0160658359527588,0.15075251460075378,0.6208587288856506,-0.2735488712787628,1.0319916009902954,1.382723093032837,-0.9902416467666626,0.010592698119580746,1.2663538455963135,0.15406708419322968,0.8600906133651733,1.780466079711914,-1.1404798030853271,0.04471380263566971,1.7314543724060059,-0.3582010865211487,0.8668206334114075,1.9228968620300293,-1.2929837703704834,0.01608385518193245,1.931420922279358,-0.46786078810691833,0.7989784479141235,1.8923790454864502,-1.3013280630111694,0.06751403957605362,1.9050548076629639,-0.5913060307502747,0.7849949598312378,1.827756643295288,-1.1604028940200806,0.09740547835826874,1.8318026065826416,-0.4349919259548187,0.7410176992416382,1.7549166679382324,-0.26877039670944214,0.24409890174865723,1.7530685663223267,0.275485098361969,0.6848157048225403,2.808807134628296,0.11225682497024536,0.25826698541641235,2.7882707118988037,0.792553722858429,0.6899752020835876,3.647261619567871,1.4180805683135986,0.28436583280563354,3.622894287109375,1.9551887512207031,0.7212216854095459,3.7911269664764404,1.5002855062484741,0.2945728302001953,3.7612287998199463,2.0533595085144043,0.5840197801589966,3.942929983139038,0.6090534925460815,0.3148650825023651,3.93546986579895,1.116937518119812,0.4228372776062425,1
2026-09-24T12:26:19.753293,S012,S012_A5_Y_20260924_1226,elevated_20,A5,young,class_1,0.23560774326324463,0.25903624296188354,-1.0365442037582397,0.29673928022384644,0.11670774966478348,-1.0775418281555176,0.33548903465270996,0.10964410752058029,-1.077165126800537,0.37832778692245483,0.10280413180589676,-1.077287197113037,0.2099400758743286,0.13133573532104492,-0.9726072549819946,0.18642131984233856,0.13155265152454376,-0.9713921546936035,0.1658802479505539,0.12930874526500702,-0.9719033241271973,0.48925861716270447,0.12966543436050415,-0.9759474992752075,0.23004822432994843,0.133216992020607,-0.45967355370521545,0.31442129611968994,0.345181941986084,-0.9827569723129272,0.23351840674877167,0.3674398362636566,-0.8311023712158203,0.8253618478775024,0.5799547433853149,-0.7782875299453735,0.1278098225593567,0.621817946434021,-0.26981279253959656,1.0246784687042236,1.394031047821045,-0.6527760028839111,-0.019129015505313873,1.3239794969558716,0.0657564103603363,0.8761374354362488,1.8503488302230835,-0.7306054830551147,0.0028153094463050365,1.8592487573623657,-0.34911781549453735,0.8962437510490417,2.00939679145813,-0.8415504693984985,-0.030065078288316727,2.0459249019622803,-0.45103082060813904,0.8195350766181946,1.9848328828811646,-0.8733536601066589,0.02844931185245514,2.02163028717041,-0.5650647282600403,0.7983302474021912,1.9178826808929443,-0.7574641704559326,0.06263425201177597,1.9512883424758911,-0.419772207736969,0.7400972247123718,1.7920551300048828,-0.2349967658519745,0.2426811009645462,1.7879352569580078,0.2396983802318573,0.68549644947052,2.8220198154449463,-0.014999273233115673,0.264068603515625,2.8143310546875,0.41990572214126587,0.691952109336853,3.66898512840271,1.0983209609985352,0.3003622889518738,3.6585888862609863,1.5814751386642456,0.7217749953269958,3.807011365890503,1.1718355417251587,0.3088476061820984,3.7906713485717773,1.5504332780838013,0.6011674404144287,3.9409005641937256,0.4560989439487457,0.33517539501190186,3.953803777694702,0.4232047200202942,0.42267614862331276,1
2026-09-24T12:26:19.839850,S012,S012_A5_Y_20260924_1226,elevated_20,A5,young,class_1,0.23532672226428986,0.27294406294822693,-1.0420291423797607,0.2866518199443817,0.130335733294487,-1.0906445980072021,0.32121479511260986,0.12241587787866592,-1.0904728174209595,0.35920315980911255,0.11447152495384216,-1.0909030437469482,0.20757345855236053,0.14519663155078888,-0.9710027575492859,0.18575721979141235,0.145765021443367,-0.9697543382644653,0.16610901057720184,0.14398843050003052,-0.9701998829841614,0.4752119481563568,0.13274970650672913,-0.9808558225631714,0.22978946566581726,0.1469174027442932,-0.38717755675315857,0.31418389081954956,0.3556261658668518,-0.9812782406806946,0.23893125355243683,0.379956990480423,-0.8092461824417114,0.8251692056655884,0.5947259664535522,-0.7920519113540649,0.12593570351600647,0.6310965418815613,-0.10544954240322113,1.0141304731369019,1.3918899297714233,-0.7852602005004883,-0.004553535953164101,1.3369135856628418,-0.0060578640550374985,0.8844130635261536,1.850566029548645,-0.8273278474807739,0.022978363558650017,1.816739559173584,-0.6780945062637329,0.9078670740127563,2.008513927459717,-0.9301320314407349,-0.0036617263685911894,1.9898720979690552,-0.7957798838615417,0.8391281962394714,1.979565978050232,-0.9453189969062805,0.04837702959775925,1.9452643394470215,-0.8650864362716675,0.8152002096176147,1.9175137281417847,-0.8393703699111938,0.07972865551710129,1.8824753761291504,-0.7508639097213745,0.7382845282554626,1.8114840984344482,-0.2372073233127594,0.24726739525794983,1.8055123090744019,0.24321198463439941,0.6844409704208374,2.8053598403930664,-0.09670163691043854,0.2662392854690552,2.7928435802459717,0.6985552906990051,0.6930549144744873,3.6486501693725586,0.8917670249938965,0.2982739806175232,3.6276047229766846,1.7109794616699219,0.7215149402618408,3.7742247581481934,0.9394143223762512,0.30365416407585144,3.747378349304199,1.7904160022735596,0.6046397089958191,3.921877145767212,0.0705595463514328,0.3343115448951721,3.921107769012451,0.9017794728279114,0.42278319108652684,1
2026-09-24T12:26:19.927429,S012,S012_A5_Y_20260924_1226,elevated_20,A5,young,class_1,0.20715650916099548,0.2655492126941681,-0.8599327802658081,0.24855370819568634,0.1329546421766281,-0.9097275733947754,0.2793170213699341,0.12363537400960922,-0.9092238545417786,0.3101615309715271,0.11377409845590591,-0.9091808199882507,0.17899008095264435,0.14960850775241852,-0.7927849888801575,0.16122768819332123,0.15147298574447632,-0.7916783690452576,0.14519797265529633,0.1514761596918106,-0.7922500967979431,0.4238387942314148,0.12835219502449036,-0.8627912402153015,0.21218056976795197,0.15529783070087433,-0.28474855422973633,0.28698429465293884,0.3453591465950012,-0.8236095309257507,0.2147105187177658,0.37113407254219055,-0.6565152406692505,0.8197380304336548,0.5969721674919128,-0.6532082557678223,0.10630655288696289,0.6626394391059875,-0.15989945828914642,1.0115864276885986,1.3690792322158813,-0.6167109608650208,-0.02210361510515213,1.3701919317245483,0.007601714693009853,0.8782714605331421,1.8473141193389893,-0.7581290602684021,0.011998791247606277,1.8652433156967163,-0.6146836876869202,0.9012802839279175,2.01672101020813,-0.8784141540527344,-0.019381027668714523,2.046077013015747,-0.7479457855224609,0.8273606300354004,1.996302843093872,-0.9074799418449402,0.0442948080599308,2.010274648666382,-0.8378636240959167,0.8062676191329956,1.9304007291793823,-0.7851563692092896,0.07620365172624588,1.9421323537826538,-0.6863172650337219,0.7329322099685669,1.854141116142273,-0.2176860123872757,0.24304544925689697,1.8576099872589111,0.22280216217041016,0.6829231381416321,2.843113422393799,-0.016177114099264145,0.2587682604789734,2.8335676193237305,0.5101678967475891,0.6928463578224182,3.6723175048828125,1.0984914302825928,0.28673988580703735,3.6569437980651855,1.3984119892120361,0.7209352254867554,3.8126606941223145,1.1643469333648682,0.29409196972846985,3.7901899814605713,1.4706133604049683,0.600784182548523,3.9322736263275146,0.3652142882347107,0.32806235551834106,3.9486024379730225,0.6497206091880798,0.4238533910088749,1
2026-09-24T12:26:20.014953,S012,S012_A5_Y_20260924_1226,elevated_20,A5,young,class_1,0.1965300738811493,0.2674148380756378,-0.8181005716323853,0.2369755208492279,0.1390688568353653,-0.886510968208313,0.2651635706424713,0.1291200816631317,-0.8861708641052246,0.29360324144363403,0.11843767762184143,-0.8861703872680664,0.17306014895439148,0.15522490441799164,-0.7437937259674072,0.15743806958198547,0.15701325237751007,-0.7426174283027649,0.14329223334789276,0.15744610130786896,-0.7432686686515808,0.40108853578567505,0.12775564193725586,-0.9085279703140259,0.2194746434688568,0.15843966603279114,-0.22077596187591553,0.27998992800712585,0.34959676861763,-0.8124192953109741,0.20889675617218018,0.3722373843193054,-0.611268162727356,0.8212372064590454,0.6377107501029968,-0.7039717435836792,0.11835913360118866,0.698650598526001,-0.09245449304580688,1.0065891742706299,1.3826078176498413,-0.7424167990684509,-0.01613081432878971,1.3805700540542603,0.2077462375164032,0.8808020353317261,1.8821299076080322,-0.8767076730728149,0.017225898802280426,1.8863236904144287,-0.27508729696273804,0.9050650596618652,2.0833749771118164,-1.000537395477295,-0.02319716289639473,2.061854839324951,-0.37870490550994873,0.8244675397872925,2.0747201442718506,-1.0259023904800415,0.0375869944691658,2.0393283367156982,-0.49927791953086853,0.8027997016906738,2.005425214767456,-0.9012237787246704,0.07213164865970612,1.97264564037323,-0.3554888069629669,0.736390233039856,1.890123963356018,-0.2390526533126831,0.24840931594371796,1.8891013860702515,0.24655647575855255,0.6893807649612427,2.877199411392212,-0.040596477687358856,0.2726648151874542,2.853356122970581,0.48646482825279236,0.7131286859512329,3.7063214778900146,1.0352790355682373,0.28874117136001587,3.67594051361084,1.313886284828186,0.7450679540634155,3.844312906265259,1.0993573665618896,0.30672505497932434,3.805882453918457,1.386660099029541,0.6039260625839233,3.956085681915283,0.30556052923202515,0.34518399834632874,3.957745313644409,0.5948047041893005,0.42459462244225893,1
2026-09-24T12:26:20.089481,S012,S012_A5_Y_20260924_1226,elevated_20,A5,young,class_1,0.19244614243507385,0.272951602935791,-0.8608865737915039,0.22931723296642303,0.14476914703845978,-0.9177247285842896,0.2571865916252136,0.13491754233837128,-0.917364776134491,0.2860468029975891,0.12422343343496323,-0.9173604249954224,0.16676603257656097,0.1606443077325821,-0.7900289297103882,0.15155449509620667,0.16234366595745087,-0.7888886332511902,0.13778471946716309,0.1627211570739746,-0.7895375490188599,0.3945768177509308,0.13337057828903198,-0.9031259417533875,0.21531148254871368,0.16535641252994537,-0.2709316611289978,0.27529674768447876,0.35637032985687256,-0.8384149670600891,0.2042975127696991,0.3776293694972992,-0.6553810834884644,0.8181147575378418,0.6530923843383789,-0.7078765034675598,0.1247430071234703,0.7055270671844482,-0.1524943858385086,1.001225233078003,1.3767682313919067,-0.721138060092926,-0.01042625866830349,1.3882373571395874,0.12275537103414536,0.8795695304870605,1.8771837949752808,-0.8731465339660645,0.02646249532699585,1.9046238660812378,-0.35973459482192993,0.9059585332870483,2.048119306564331,-1.0004887580871582,-0.009207439608871937,2.0822832584381104,-0.4723675847053528,0.8247110247612,2.032613515853882,-1.031765341758728,0.04750050976872444,2.0607073307037354,-0.5928899049758911,0.8016499280929565,1.9672755002975464,-0.9024782180786133,0.07977207750082016,1.991644263267517,-0.43838509917259216,0.7357059717178345,1.8952490091323853,-0.22360090911388397,0.24995894730091095,1.8975276947021484,0.23097214102745056,0.6921104788780212,2.8672215938568115,-0.061315637081861496,0.27829986810684204,2.8552470207214355,0.45390772819519043,0.7208260297775269,3.7063815593719482,1.0096566677093506,0.29362013936042786,3.6908764839172363,1.3120421171188354,0.7512522339820862,3.843083620071411,1.0770189762115479,0.31326037645339966,3.821836233139038,1.3667551279067993,0.6137716174125671,3.960282564163208,0.2854011654853821,0.3536648154258728,3.969329833984375,0.5218836069107056,0.42431662235035084,1
2026-09-24T12:26:20.182004,S012,S012_A5_Y_20260924_1226,elevated_20,A5,young,class_1,0.19413386285305023,0.27379271388053894,-0.6527923941612244,0.2280508577823639,0.15573163330554962,-0.7177357077598572,0.2536376714706421,0.14170457422733307,-0.7174519300460815,0.28033095598220825,0.12551727890968323,-0.7176669836044312,0.17087742686271667,0.17624013125896454,-0.5724267959594727,0.15649548172950745,0.17977090179920197,-0.5713202357292175,0.14321084320545197,0.183085635304451,-0.5720686316490173,0.3824090361595154,0.1398758888244629,-0.736714243888855,0.21843846142292023,0.1752769500017166,-0.03148166835308075,0.2751636207103729,0.36153078079223633,-0.643677830696106,0.20770736038684845,0.3798820674419403,-0.4401002526283264,0.8182090520858765,0.6569662690162659,-0.6460586786270142,0.12862350046634674,0.7284411787986755,0.1236356720328331,0.9326074719429016,1.127267599105835,-0.7240857481956482,0.019024504348635674,1.3860260248184204,0.3675704896450043,0.8996753692626953,1.8325203657150269,-0.8486825227737427,0.03704864904284477,1.8606507778167725,-0.19387806951999664,0.9403144717216492,1.9920814037322998,-0.9361010789871216,0.0173335038125515,2.0289559364318848,-0.27817195653915405,0.8712955713272095,1.980575442314148,-0.977279007434845,0.047927744686603546,1.9992765188217163,-0.3561471700668335,0.8430933952331543,1.9216104745864868,-0.8721988797187805,0.10531725734472275,1.9442797899246216,-0.25433486700057983,0.7398868203163147,1.8968768119812012,-0.2293541133403778,0.2737935185432434,1.909288763999939,0.23664994537830353,0.7086557149887085,2.8529248237609863,-0.14883893728256226,0.3031674027442932,2.8477797508239746,0.4619629979133606,0.757174551486969,3.681544065475464,0.6851388216018677,0.3509782552719116,3.6815884113311768,1.1842111349105835,0.792800784111023,3.8119208812713623,0.7267658710479736,0.3675464391708374,3.805523157119751,1.2294903993606567,0.6576792597770691,3.930720806121826,-0.04198946803808212,0.40583720803260803,3.9577815532684326,0.44170063734054565,0.42556381080507755,1
2026-09-24T12:26:20.270138,S012,S012_A5_Y_20260924_1226,elevated_20,A5,young,class_1,0.1977613866329193,0.28225818276405334,-0.6605750322341919,0.22931897640228271,0.1714491844177246,-0.724391520023346,0.2541370987892151,0.15558895468711853,-0.7239299416542053,0.28033220767974854,0.13653145730495453,-0.7242761850357056,0.17395642399787903,0.1937895119190216,-0.5872541666030884,0.15987350046634674,0.19757792353630066,-0.5862287878990173,0.14679840207099915,0.20133332908153534,-0.5869302153587341,0.3832278549671173,0.14361122250556946,-0.7139912247657776,0.21953043341636658,0.1873980313539505,-0.04700352996587753,0.2766874134540558,0.3644790053367615,-0.637866735458374,0.2128583937883377,0.38089731335639954,-0.44424328207969666,0.8161810636520386,0.6566332578659058,-0.6049460768699646,0.13748621940612793,0.7296094298362732,0.12224876880645752,0.9260308146476746,1.2314717769622803,-0.6658720374107361,0.040821198374032974,1.3819465637207031,0.35115954279899597,0.8991000056266785,1.7859629392623901,-0.8126751780509949,0.03872540965676308,1.8395695686340332,-0.21765360236167908,0.9419363141059875,1.9309130907058716,-0.9018576741218567,0.03042581118643284,2.0100088119506836,-0.3115919530391693,0.8822018504142761,1.9159756898880005,-0.9541511535644531,0.049956418573856354,1.9797537326812744,-0.3977513611316681,0.8521506190299988,1.8627504110336304,-0.8406850099563599,0.11724887043237686,1.9167671203613281,-0.2806794345378876,0.7380902767181396,1.895187497138977,-0.2227007895708084,0.28443971276283264,1.9067111015319824,0.2298872470855713,0.7087732553482056,2.82476806640625,-0.14630718529224396,0.30755943059921265,2.8184914588928223,0.43075576424598694,0.754180908203125,3.657872438430786,0.6857096552848816,0.3567516803741455,3.658290386199951,0.9661604762077332,0.7871869802474976,3.785607099533081,0.7294350862503052,0.3722793757915497,3.7807397842407227,1.006197214126587,0.6590806841850281,3.9046387672424316,-0.018465865403413773,0.4070451855659485,3.930873394012451,0.22832617163658142,0.4277044219779782,1
2026-09-24T12:26:20.360646,S012,S012_A5_Y_20260924_1226,elevated_20,A5,young,class_1,0.20638373494148254,0.2948729395866394,-0.5546020865440369,0.2398364245891571,0.19212478399276733,-0.6019399762153625,0.2645912170410156,0.1778268963098526,-0.6014665961265564,0.29021868109703064,0.1604461818933487,-0.6015154719352722,0.18144680559635162,0.21262958645820618,-0.4799960255622864,0.16505463421344757,0.21597829461097717,-0.47909316420555115,0.15047676861286163,0.2198246270418167,-0.47999247908592224,0.3920955955982208,0.1518210917711258,-0.5404461026191711,0.2212788164615631,0.20751109719276428,0.05023819953203201,0.2846015393733978,0.36503034830093384,-0.5185796022415161,0.21693560481071472,0.3870559632778168,-0.34766313433647156,0.7900146245956421,0.6530752778053284,-0.4879838824272156,0.1623588502407074,0.7295067310333252,0.2724202871322632,0.7827849984169006,0.8908117413520813,-0.7569757699966431,0.07768604904413223,1.3284039497375488,0.5945863127708435,0.5659549236297607,0.5877710580825806,-0.7917476296424866,0.041907258331775665,1.8334776163101196,0.3592941164970398,0.5081503987312317,0.34434711933135986,-0.8348533511161804,0.027829786762595177,1.9969202280044556,0.34618061780929565,0.5012699365615845,0.33439093828201294,-0.7195441722869873,0.05377781391143799,1.9652345180511475,0.2508200407028198,0.5213078260421753,0.4728459119796753,-0.7503350973129272,0.11530762910842896,1.9029731750488281,0.30471494793891907,0.7257509827613831,1.878404974937439,-0.22933998703956604,0.29535558819770813,1.8841662406921387,0.23481686413288116,0.6964907646179199,2.813694953918457,-0.17164649069309235,0.3078473210334778,2.803980588912964,0.4191306531429291,0.7452646493911743,3.648287057876587,0.5062171220779419,0.36093056201934814,3.648099660873413,0.8988388180732727,0.7746084928512573,3.7725584506988525,0.5375814437866211,0.37812745571136475,3.7660276889801025,0.9325050115585327,0.6585325598716736,3.8949167728424072,-0.18107500672340393,0.40706905722618103,3.9225685596466064,0.18358290195465088,0.43830186974391283,1
2026-09-24T12:26:20.466250,S012,S012_A5_Y_20260924_1226,elevated_20,A5,young,class_1,0.2114834487438202,0.29767900705337524,-0.6608245968818665,0.24482960999011993,0.1956380307674408,-0.7265521287918091,0.26948338747024536,0.1813533753156662,-0.7260366678237915,0.2950882315635681,0.16404621303081512,-0.7262989282608032,0.1868549883365631,0.2160312384366989,-0.583003044128418,0.17001605033874512,0.21900954842567444,-0.5819410681724548,0.1549384444952011,0.22254924476146698,-0.5826172828674316,0.3999477028846741,0.15398983657360077,-0.7022885680198669,0.22645214200019836,0.21140028536319733,-0.02763240598142147,0.28874656558036804,0.3673912286758423,-0.6417027711868286,0.22110708057880402,0.3904241621494293,-0.4414270520210266,0.8012359738349915,0.6633999347686768,-0.5731321573257446,0.17452189326286316,0.7294129729270935,0.14470274746418,0.9111014604568481,1.2347147464752197,-0.709773063659668,0.08303848654031754,1.3246417045593262,0.3685556948184967,0.8433070182800293,1.730459451675415,-0.8127034902572632,0.0593273863196373,1.8237439393997192,0.32621699571609497,0.8670452237129211,1.880929708480835,-0.9033454060554504,0.04371938109397888,1.9926124811172485,0.13700026273727417,0.8081219792366028,1.8751919269561768,-0.8932884931564331,0.08517756313085556,1.9508419036865234,0.044867388904094696,0.7866566181182861,1.8221392631530762,-0.8201637268066406,0.1336813122034073,1.8942184448242188,0.2701895833015442,0.730216383934021,1.8783543109893799,-0.22504809498786926,0.30161142349243164,1.8828957080841064,0.23084715008735657,0.6969439387321472,2.821383476257324,-0.17281267046928406,0.30854305624961853,2.802368640899658,0.39914101362228394,0.7433504462242126,3.669370174407959,0.6421104073524475,0.36026614904403687,3.653244972229004,0.9679399728775024,0.7735515832901001,3.7935256958007812,0.6856285333633423,0.3770506978034973,3.7703492641448975,1.013255000114441,0.6544436812400818,3.9134390354156494,-0.07328566163778305,0.40068668127059937,3.9285712242126465,0.20157523453235626,0.44384684689187753,1
2026-09-24T12:26:20.578842,S012,S012_A5_Y_20260924_1226,elevated_20,A5,young,class_1,0.2342938929796219,0.29873719811439514,-0.6770591735839844,0.2685658037662506,0.19615571200847626,-0.7545773983001709,0.28968408703804016,0.18219535052776337,-0.7539879679679871,0.31371375918388367,0.16521354019641876,-0.7540024518966675,0.2266518622636795,0.2158210128545761,-0.6069204211235046,0.21747621893882751,0.2187020480632782,-0.6059988141059875,0.20860207080841064,0.22235196828842163,-0.6068187952041626,0.4357943534851074,0.15427596867084503,-0.7547551393508911,0.2998185455799103,0.21127000451087952,-0.09008552134037018,0.30887371301651,0.36903512477874756,-0.6758623719215393,0.25616374611854553,0.3922004997730255,-0.4706878662109375,0.8338915705680847,0.6767860651016235,-0.6066471338272095,0.21314004063606262,0.7271460890769958,0.07328235357999802,0.9685295224189758,1.3591253757476807,-0.6694214940071106,0.096214659512043,1.3104702234268188,0.3176555633544922,0.8738908767700195,1.847607135772705,-0.7682923674583435,0.06627430766820908,1.8174206018447876,-0.17592555284500122,0.8989860415458679,2.005683660507202,-0.8867200613021851,0.055671025067567825,1.9879894256591797,-0.38061532378196716,0.8296098709106445,1.9842530488967896,-0.914686381816864,0.08598937094211578,1.9462984800338745,-0.5164694786071777,0.8059439659118652,1.9253860712051392,-0.79483962059021,0.13674624264240265,1.8910852670669556,-0.2792588472366333,0.7445482015609741,1.8922145366668701,-0.22053249180316925,0.30765146017074585,1.882374882698059,0.2271178662776947,0.696670413017273,2.8602254390716553,-0.12743046879768372,0.30760306119918823,2.8132479190826416,0.3189137279987335,0.7250739932060242,3.7061803340911865,0.7353858351707458,0.3427485227584839,3.663574695587158,0.8878605961799622,0.752204954624176,3.8370983600616455,0.7721849083900452,0.3567562997341156,3.784956932067871,0.9307697415351868,0.6246894598007202,3.9435715675354004,-0.01782786101102829,0.36727839708328247,3.942434072494507,0.10811801254749298,0.44642427892320097,1
2026-09-24T12:26:20.689933,S012,S012_A5_Y_20260924_1226,elevated_20,A5,young,class_1,0.3049202859401703,0.28022289276123047,-0.7001052498817444,0.3467419147491455,0.16959773004055023,-0.7692880630493164,0.3731590807437897,0.158028706908226,-0.7688456773757935,0.4051431119441986,0.1449870765209198,-0.7689552307128906,0.2999984920024872,0.18704922497272491,-0.6259719133377075,0.28911250829696655,0.18947000801563263,-0.6250847578048706,0.27816659212112427,0.19184468686580658,-0.6259542107582092,0.5279172658920288,0.14865294098854065,-0.7808539271354675,0.36223065853118896,0.18672813475131989,-0.11115316301584244,0.3744661211967468,0.360358327627182,-0.696563184261322,0.31626540422439575,0.37510398030281067,-0.49604925513267517,0.9013029932975769,0.705654501914978,-0.6222895979881287,0.22431811690330505,0.7273651361465454,0.036925069987773895,1.0632994174957275,1.4258277416229248,-0.584394097328186,0.09940756857395172,1.3184940814971924,0.3306974768638611,0.9748653173446655,1.9342339038848877,-0.6198028326034546,0.08017365634441376,1.8364529609680176,-0.05155331641435623,1.0009762048721313,2.1055123805999756,-0.7220117449760437,0.05567615106701851,2.0139122009277344,-0.15032082796096802,0.9223142862319946,2.085007429122925,-0.7653715014457703,0.10275419056415558,1.9800196886062622,-0.26486310362815857,0.8991804122924805,2.0167784690856934,-0.6483998894691467,0.1457299143075943,1.9196932315826416,-0.1236029863357544,0.7822345495223999,1.9325242042541504,-0.22007234394550323,0.32771432399749756,1.902535319328308,0.22670435905456543,0.720791220664978,2.90545654296875,-0.1046682819724083,0.3189947009086609,2.8480875492095947,0.3258817791938782,0.7313899993896484,3.7464535236358643,0.8833501935005188,0.3436167240142822,3.694138765335083,0.952217698097229,0.7581340074539185,3.880094051361084,0.9340375661849976,0.35696345567703247,3.820462226867676,1.0006645917892456,0.6261025667190552,3.9953103065490723,0.15383264422416687,0.3697792589664459,3.9814858436584473,0.18983346223831177,0.44540741769588116,1
2026-09-24T12:26:20.764919,S012,S012_A5_Y_20260924_1226,elevated_20,A5,young,class_1,0.3983326256275177,0.25746995210647583,-1.342041254043579,0.46489471197128296,0.13965429365634918,-1.3654789924621582,0.5047809481620789,0.13338102400302887,-1.365699052810669,0.5427232980728149,0.12661334872245789,-1.3658411502838135,0.3828819692134857,0.1467917114496231,-1.2693661451339722,0.3670697510242462,0.14580588042736053,-1.2687801122665405,0.35299232602119446,0.14433248341083527,-1.2697794437408447,0.6436337232589722,0.14621105790138245,-1.1796362400054932,0.41158527135849,0.16564443707466125,-0.7106597423553467,0.48109859228134155,0.34617912769317627,-1.2503827810287476,0.386853963136673,0.35352981090545654,-1.115037202835083,0.9322236776351929,0.7079644799232483,-0.8435474634170532,0.24024386703968048,0.6926681399345398,-0.41229644417762756,1.0868375301361084,1.3967373371124268,-0.8790213465690613,0.09751851856708527,1.3224905729293823,-0.1097836121916771,0.9459971189498901,1.8722375631332397,-1.1435227394104004,0.11675002425909042,1.8450310230255127,-0.5062241554260254,0.9675225019454956,1.9870585203170776,-1.261102318763733,0.10743965208530426,2.0306031703948975,-0.6173436641693115,0.8984090685844421,2.001330852508545,-1.2639051675796509,0.16585497558116913,2.0031445026397705,-0.696318507194519,0.8733107447624207,1.9892433881759644,-1.15806245803833,0.18825210630893707,1.9322971105575562,-0.5568693280220032,0.7879675626754761,1.9282951354980469,-0.1978888064622879,0.32869935035705566,1.8981339931488037,0.2051839381456375,0.7239823937416077,2.8825464248657227,-0.26785367727279663,0.3275946378707886,2.846648931503296,0.12053906917572021,0.7291074395179749,3.7206850051879883,0.6235538721084595,0.33208775520324707,3.676814079284668,0.6479660868644714,0.7565997242927551,3.866570472717285,0.6625104546546936,0.33493104577064514,3.81086802482605,0.6789475679397583,0.6118077635765076,3.9818813800811768,-0.18562714755535126,0.34890085458755493,3.9678475856781006,-0.16082678735256195,0.44173486367578857,1
2026-09-24T12:26:20.858468,S012,S012_A5_Y_20260924_1226,elevated_20,A5,young,class_1,0.4327072501182556,0.21867701411247253,-1.340240240097046,0.5058139562606812,0.08875270932912827,-1.3435652256011963,0.5485552549362183,0.08459093421697617,-1.3436315059661865,0.5868610143661499,0.08246992528438568,-1.3437440395355225,0.41394394636154175,0.09992076456546783,-1.2528460025787354,0.39402681589126587,0.10032247751951218,-1.2519768476486206,0.3761380612850189,0.09998515993356705,-1.2526506185531616,0.6706830859184265,0.12301746010780334,-1.101501226425171,0.42532962560653687,0.13929538428783417,-0.6409828662872314,0.5182909965515137,0.3210049271583557,-1.233551263809204,0.41818585991859436,0.3292634189128876,-1.1022374629974365,0.9333623051643372,0.7091556191444397,-0.8330144882202148,0.24807307124137878,0.6889735460281372,-0.3508784770965576,1.0785688161849976,1.4498860836029053,-0.8511278033256531,0.09652120620012283,1.3515104055404663,-0.023335589095950127,0.9326363801956177,1.8448758125305176,-1.1024551391601562,0.11241159588098526,1.8966834545135498,-0.4895854592323303,0.9493598937988281,1.986562728881836,-1.2390841245651245,0.09937658905982971,2.0870747566223145,-0.602148175239563,0.8883413076400757,1.9616477489471436,-1.2483724355697632,0.15435358881950378,2.066399335861206,-0.7100475430488586,0.8611582517623901,1.908263921737671,-1.1222641468048096,0.18060077726840973,1.9908279180526733,-0.5536352396011353,0.7950786352157593,1.9493162631988525,-0.19824667274951935,0.32945117354393005,1.9047420024871826,0.20561334490776062,0.7282480001449585,2.933306932449341,-0.14064344763755798,0.32674306631088257,2.8883309364318848,0.3459862172603607,0.7147232890129089,3.7945210933685303,0.9853766560554504,0.30475708842277527,3.747135877609253,1.1086398363113403,0.7386512160301208,3.94808030128479,1.0447585582733154,0.2976643145084381,3.8936245441436768,1.16188645362854,0.5890547037124634,4.076621055603027,0.15513010323047638,0.32258591055870056,4.0612711906433105,0.22435235977172852,0.43976553412203706,1
2026-09-24T12:26:20.951813,S012,S012_A5_Y_20260924_1226,elevated_20,A5,young,class_1,0.479778915643692,0.16782903671264648,-1.1820707321166992,0.5653011798858643,0.04766980558633804,-1.1937745809555054,0.6073442697525024,0.049490246921777725,-1.1936938762664795,0.6433074474334717,0.053382422775030136,-1.1939054727554321,0.4559899866580963,0.04792315140366554,-1.098800539970398,0.43178391456604004,0.046116266399621964,-1.0977928638458252,0.41111379861831665,0.04418955370783806,-1.0984338521957397,0.7220405340194702,0.10262162983417511,-0.9080996513366699,0.4375167489051819,0.10263372212648392,-0.5416510701179504,0.5615791082382202,0.283990740776062,-1.0921138525009155,0.44843554496765137,0.2809230387210846,-0.9684157371520996,0.9393405914306641,0.7097979187965393,-0.5707571506500244,0.2409045696258545,0.6675818562507629,-0.3690882623195648,1.0885086059570312,1.4990125894546509,-0.5692158937454224,0.07037405669689178,1.3427740335464478,-0.12068228423595428,0.9279427528381348,1.7875996828079224,-0.8441051244735718,0.07292317599058151,1.8871794939041138,-0.6251659989356995,0.9151206016540527,1.8513414859771729,-0.9689691662788391,0.024221422150731087,2.080235242843628,-0.7608495950698853,0.8708069920539856,1.7731287479400635,-0.9286293983459473,0.10738625377416611,2.0495169162750244,-0.8599799275398254,0.8452526330947876,1.74391508102417,-0.853685200214386,0.14635613560676575,1.9768184423446655,-0.6903889179229736,0.7894153594970703,1.931246280670166,-0.11911314725875854,0.3067210614681244,1.8744226694107056,0.12864986062049866,0.714905321598053,2.9087021350860596,-0.14504724740982056,0.2859651744365692,2.8702123165130615,0.30656009912490845,0.6646063923835754,3.762186288833618,0.7263520359992981,0.24689051508903503,3.7247657775878906,1.0089051723480225,0.6743972897529602,3.9097609519958496,0.7557791471481323,0.2381010800600052,3.8628158569335938,1.0482951402664185,0.5566704273223877,4.034377098083496,-0.08909939229488373,0.2839992642402649,4.026068687438965,0.13577347993850708,0.44195874831039517,1
2026-09-24T12:26:21.056368,S012,S012_A5_Y_20260924_1226,elevated_20,A5,young,class_1,0.4977550506591797,0.17692984640598297,-0.9228816032409668,0.5760668516159058,0.0558706670999527,-0.8929287791252136,0.6130272150039673,0.05649668723344803,-0.8924700021743774,0.6465507745742798,0.05887788161635399,-0.8925790786743164,0.48480111360549927,0.05508630722761154,-0.8405503034591675,0.4632324278354645,0.05229165777564049,-0.8396459817886353,0.4437721371650696,0.04919523000717163,-0.8404548764228821,0.7139678597450256,0.10523050278425217,-0.6133829355239868,0.46185049414634705,0.10561349242925644,-0.34315407276153564,0.5653069019317627,0.28792285919189453,-0.8115474581718445,0.4696332514286041,0.28708237409591675,-0.7363890409469604,0.9367015957832336,0.7180753350257874,-0.36383581161499023,0.2344292849302292,0.6682454347610474,-0.31423401832580566,1.08284592628479,1.4761332273483276,-0.3327411413192749,0.05863931030035019,1.342317819595337,-0.04529733583331108,0.9766448140144348,1.8410106897354126,-0.6575627326965332,0.05115644261240959,1.8789032697677612,-0.592129647731781,0.9940034747123718,1.9640940427780151,-0.7660385370254517,0.0003398387925699353,2.0702693462371826,-0.7142036557197571,0.9341195225715637,1.9108891487121582,-0.7859348058700562,0.07840793579816818,2.0441973209381104,-0.8031590580940247,0.9044333696365356,1.8579949140548706,-0.6878191828727722,0.12079699337482452,1.9682151079177856,-0.650750994682312,0.7811781167984009,1.9264295101165771,-0.09671887755393982,0.2894216775894165,1.8622549772262573,0.10470309108495712,0.6939598917961121,2.895216464996338,-0.05831746384501457,0.26799696683883667,2.866624593734741,0.15949007868766785,0.642595648765564,3.745922565460205,0.8479145169258118,0.23091724514961243,3.7209739685058594,0.8198390007019043,0.651512086391449,3.891995429992676,0.88722163438797,0.21806955337524414,3.8516857624053955,0.8643174171447754,0.5467694401741028,4.013907432556152,0.10323221981525421,0.28422120213508606,4.019925594329834,-0.016046792268753052,0.4422580580580733,1
2026-09-24T12:26:21.148071,S012,S012_A5_Y_20260924_1226,elevated_20,A5,young,class_1,0.47997409105300903,0.18993495404720306,-0.855617344379425,0.555355429649353,0.06829225271940231,-0.8506543040275574,0.5962575674057007,0.06751877814531326,-0.8502944111824036,0.6346381902694702,0.0678355023264885,-0.8501285314559937,0.46732836961746216,0.06792514771223068,-0.7651177644729614,0.446540892124176,0.06498412787914276,-0.764103889465332,0.4267539083957672,0.061843838542699814,-0.7649883031845093,0.7171672582626343,0.10882885754108429,-0.6512424349784851,0.45628103613853455,0.11269812285900116,-0.21814528107643127,0.548544704914093,0.29342690110206604,-0.7720853090286255,0.45615220069885254,0.29752248525619507,-0.6505302786827087,0.9455221891403198,0.7168184518814087,-0.4268459379673004,0.23289184272289276,0.6702907085418701,-0.1107606440782547,1.126190423965454,1.475197434425354,-0.4015766680240631,0.06787431240081787,1.2663109302520752,-0.08883371204137802,1.019253134727478,1.8309853076934814,-1.0339381694793701,0.04009586572647095,1.852877140045166,-0.9637932777404785,1.026287317276001,1.937634825706482,-1.1345351934432983,-0.008714397437870502,2.044985771179199,-1.1011601686477661,0.9812536239624023,1.8519023656845093,-1.0933526754379272,0.05296963453292847,2.0324323177337646,-1.1426271200180054,0.9548935890197754,1.813464641571045,-1.0356988906860352,0.10793007910251617,1.9617078304290771,-1.0106868743896484,0.7844158411026001,1.9258989095687866,-0.11162515729665756,0.28993767499923706,1.8624439239501953,0.11939547210931778,0.6973179578781128,2.8887887001037598,-0.10672555863857269,0.26798170804977417,2.859907388687134,0.5175190567970276,0.6531921029090881,3.7181737422943115,0.8287366032600403,0.24073484539985657,3.6937789916992188,1.5446326732635498,0.6658754348754883,3.852419137954712,0.8699014782905579,0.23204576969146729,3.8105006217956543,1.6292930841445923,0.5539514422416687,3.995382785797119,0.050450216978788376,0.29422685503959656,4.005073547363281,0.7628960013389587,0.4440809994173998,1
2026-09-24T12:26:21.237752,S012,S012_A5_Y_20260924_1226,elevated_20,A5,young,class_1,0.46539098024368286,0.19604669511318207,-1.1304250955581665,0.5440838932991028,0.06332193315029144,-1.1291892528533936,0.5878728628158569,0.06232257932424545,-1.1288244724273682,0.6295189261436462,0.06275441497564316,-1.1284801959991455,0.451327383518219,0.06304028630256653,-1.0434215068817139,0.42923346161842346,0.05965407192707062,-1.0425999164581299,0.4080302119255066,0.055390529334545135,-1.0432260036468506,0.716780424118042,0.10166341811418533,-0.877602756023407,0.43960899114608765,0.10672459751367569,-0.4453655779361725,0.5320181250572205,0.29894593358039856,-1.0261657238006592,0.44346556067466736,0.30403587222099304,-0.9019597768783569,0.9530271291732788,0.7064182758331299,-0.5733224749565125,0.23013031482696533,0.6720033884048462,-0.21303582191467285,1.1387437582015991,1.4889130592346191,-0.8861722946166992,0.08152185380458832,1.356385350227356,-0.3634478747844696,0.9955183267593384,1.4602793455123901,-1.3167192935943604,0.04140906780958176,1.8908926248550415,-1.4366482496261597,1.009871482849121,1.449532151222229,-1.4514200687408447,-0.003156061051413417,2.0853946208953857,-1.61001718044281,0.9487953186035156,1.3669215440750122,-1.3404581546783447,0.0582098551094532,2.042536735534668,-1.6748428344726562,0.9260934591293335,1.3758485317230225,-1.2911922931671143,0.1087162047624588,1.9735792875289917,-1.502241849899292,0.8050444722175598,1.9240949153900146,-0.11988139152526855,0.29606467485427856,1.8625543117523193,0.127456933259964,0.7250545024871826,2.884270191192627,0.16378282010555267,0.27043431997299194,2.8519132137298584,0.8086784482002258,0.6830947399139404,3.7209625244140625,1.4340882301330566,0.24147489666938782,3.6869728565216064,2.0607028007507324,0.684454083442688,3.8667688369750977,1.5171476602554321,0.23808994889259338,3.8089163303375244,2.1699087619781494,0.6144643425941467,3.995561361312866,0.7103403210639954,0.31929877400398254,3.9938912391662598,1.3071612119674683,0.4494334670126784,1
2026-09-24T12:26:21.347635,S012,S012_A5_Y_20260924_1226,elevated_20,A5,young,class_1,0.4512438178062439,0.20075134932994843,-1.091870665550232,0.5259962677955627,0.06330052018165588,-1.1073189973831177,0.5687322020530701,0.06172306463122368,-1.107000470161438,0.6111414432525635,0.062072671949863434,-1.1066977977752686,0.43837085366249084,0.06853212416172028,-1.009853720664978,0.4168283939361572,0.06705407053232193,-1.0090558528900146,0.39567726850509644,0.0640239343047142,-1.0097815990447998,0.7065224647521973,0.09910009801387787,-0.9292222857475281,0.4330332279205322,0.10923763364553452,-0.42998823523521423,0.5205898880958557,0.3022628426551819,-1.0066471099853516,0.43450650572776794,0.3080197870731354,-0.8681551814079285,0.9537288546562195,0.6725349426269531,-0.6443661451339722,0.2300817221403122,0.669137716293335,-0.1815057098865509,1.1619094610214233,1.4218024015426636,-0.9959834814071655,0.11050746589899063,1.3666164875030518,-0.199528306722641,0.967548668384552,1.0840007066726685,-1.2751414775848389,0.05976520851254463,1.8897737264633179,-1.0508311986923218,0.9239652752876282,1.010651707649231,-1.387572169303894,-0.0021745222620666027,2.082751750946045,-1.180793046951294,0.9185126423835754,0.9287280440330505,-1.2569984197616577,0.06278852373361588,2.037121534347534,-1.2589163780212402,0.9092837572097778,0.9641605019569397,-1.2341969013214111,0.11546549946069717,1.968481421470642,-1.1175587177276611,0.8205794095993042,1.9224903583526611,-0.1262303590774536,0.30931800603866577,1.8627879619598389,0.1338864266872406,0.7412489652633667,2.8811349868774414,0.192232146859169,0.2714703679084778,2.8485918045043945,0.8455818891525269,0.7054509520530701,3.7246718406677246,1.425860047340393,0.25214698910713196,3.6847481727600098,2.074038028717041,0.7076340913772583,3.8768231868743896,1.5107455253601074,0.2571561932563782,3.8155837059020996,2.1859755516052246,0.6407161355018616,3.9971985816955566,0.7147504091262817,0.33446091413497925,3.9916489124298096,1.3453574180603027,0.456793591122815,1
2026-09-24T12:26:21.438170,S012,S012_A5_Y_20260924_1226,elevated_20,A5,young,class_1,0.4231994152069092,0.3525516092777252,-1.2295022010803223,0.46519866585731506,0.15858621895313263,-1.3554556369781494,0.5115688443183899,0.15616439282894135,-1.355921983718872,0.5745336413383484,0.19300492107868195,-1.3572194576263428,0.3862704634666443,0.16449061036109924,-1.2171207666397095,0.36684954166412354,0.16036194562911987,-1.2169171571731567,0.35121995210647583,0.15730436146259308,-1.2176201343536377,0.6939161419868469,0.15075698494911194,-1.398769736289978,0.4239690899848938,0.15999756753444672,-0.7177833914756775,0.5222355127334595,0.40108221769332886,-1.1938477754592896,0.44396382570266724,0.411180317401886,-1.0034332275390625,0.9529544115066528,0.5900076031684875,-1.2585632801055908,0.42402973771095276,0.531295895576477,-0.19156603515148163,1.1455583572387695,1.1263428926467896,-1.613552451133728,0.45991235971450806,0.8913063406944275,0.4235420227050781,0.8463446497917175,0.9531205892562866,-1.5638054609298706,0.3142916262149811,1.0944663286209106,0.5358214974403381,0.7770785689353943,0.9319403767585754,-1.6200988292694092,0.26385048031806946,1.1336839199066162,0.5920181274414062,0.7721706628799438,0.8599414825439453,-1.4760267734527588,0.2802567481994629,1.098496913909912,0.5275575518608093,0.7724707126617432,0.8761157989501953,-1.4980342388153076,0.31987157464027405,1.092085361480713,0.5049947500228882,0.8722044825553894,1.742095947265625,-0.34603410959243774,0.45792657136917114,1.673137903213501,0.348634272813797,0.7866350412368774,2.6894690990448,0.10076544433832169,0.4310303330421448,2.624094247817993,1.015998125076294,0.7467660307884216,3.542318105697632,1.2086303234100342,0.42522233724594116,3.462787628173828,2.1295666694641113,0.768508791923523,3.663963794708252,1.2813304662704468,0.43763431906700134,3.5584328174591064,2.2301783561706543,0.6696333885192871,3.786815881729126,0.5157154202461243,0.4320453703403473,3.772942066192627,1.4332596063613892,0.45345936745235865,1
2026-09-24T12:26:21.530784,S012,S012_A5_Y_20260924_1226,elevated_20,A5,young,class_1,0.5033603310585022,0.4218906760215759,-0.8082683682441711,0.5272405743598938,0.31603482365608215,-0.8301864862442017,0.5535219311714172,0.3089344799518585,-0.8307452201843262,0.5878820419311523,0.3085445165634155,-0.832060694694519,0.46894240379333496,0.33097323775291443,-0.7984002828598022,0.4491577744483948,0.3331556022167206,-0.7986677885055542,0.43005189299583435,0.33553141355514526,-0.7999159097671509,0.6926589608192444,0.290347158908844,-0.5792414546012878,0.4347975254058838,0.33676424622535706,-0.4436459541320801,0.560339629650116,0.45662498474121094,-0.6778923869132996,0.4890438914299011,0.47321969270706177,-0.6337659358978271,0.8258543014526367,0.5211052894592285,-0.4443329870700836,0.38242107629776,0.5652047991752625,0.0036482997238636017,0.8759551048278809,0.4677201211452484,-0.5755221843719482,0.3350067734718323,0.8678354024887085,-0.11429808288812637,0.7068296670913696,0.2375357747077942,0.012194763869047165,0.2999963164329529,0.7148387432098389,-0.4048624038696289,0.6764138340950012,0.15298707783222198,0.03205997124314308,0.2770215570926666,0.6622293591499329,-0.38815706968307495,0.6936672329902649,0.1572268009185791,0.13148006796836853,0.27047213912010193,0.644536018371582,0.144635409116745,0.6848345994949341,0.20224356651306152,0.049084197729825974,0.3013826012611389,0.6705158352851868,-0.36488333344459534,0.7620840668678284,1.7141715288162231,-0.2555876076221466,0.4337290823459625,1.6800510883331299,0.2525654435157776,0.7591118216514587,2.5663845539093018,0.0452229343354702,0.4224521219730377,2.5420687198638916,0.41157713532447815,0.7388927340507507,3.3575363159179688,0.5823488235473633,0.46061959862709045,3.3304998874664307,0.7140491008758545,0.7585772275924683,3.4596707820892334,0.6182483434677124,0.4793262481689453,3.4285688400268555,0.7317768931388855,0.6699802279472351,3.5714123249053955,0.13441355526447296,0.46058207750320435,3.559319496154785,0.18120792508125305,0.4549896932351685,1
2026-09-24T12:26:21.630891,S012,S012_A5_Y_20260924_1226,elevated_20,A5,young,class_1,0.5508630871772766,0.5031530261039734,-2.8520963191986084,0.5869957804679871,0.36343520879745483,-2.9215168952941895,0.6204866766929626,0.35684147477149963,-2.921614646911621,0.6555415391921997,0.35177457332611084,-2.923546314239502,0.4991600513458252,0.3684386909008026,-2.9314467906951904,0.46735629439353943,0.3650917708873749,-2.9323642253875732,0.4367138743400574,0.36189332604408264,-2.9332077503204346,0.7137012481689453,0.31551092863082886,-2.5709288120269775,0.43033647537231445,0.33411523699760437,-2.5752437114715576,0.5988659262657166,0.5822190642356873,-2.6414976119995117,0.5005450248718262,0.5557572245597839,-2.64640474319458,0.846337616443634,0.5568355321884155,-1.9066522121429443,0.22312095761299133,0.5810092687606812,-1.8183832168579102,1.0408146381378174,0.9133050441741943,-1.2405999898910522,0.19304822385311127,1.0945727825164795,-0.7318896055221558,0.8476815223693848,1.2513842582702637,-0.6596739888191223,0.2422313392162323,1.2433521747589111,-0.007430406752973795,0.7943212985992432,1.3337681293487549,-0.6581968665122986,0.23584353923797607,1.3013943433761597,0.11443660408258438,0.7919286489486694,1.299190640449524,-0.6242766380310059,0.23730377852916718,1.2669717073440552,0.09200964868068695,0.7932870984077454,1.2509868144989014,-0.637746274471283,0.26489660143852234,1.1829031705856323,0.005234099458903074,0.7667816877365112,1.6668360233306885,-0.1311868131160736,0.4088464379310608,1.624434232711792,0.13084684312343597,0.7627782821655273,2.393585205078125,0.9417217373847961,0.4048316478729248,2.3273050785064697,1.1545968055725098,0.7581124901771545,3.0481972694396973,2.687075138092041,0.4654541015625,2.9597487449645996,2.709026575088501,0.766376793384552,3.1471986770629883,2.858049154281616,0.4790307581424713,3.044193983078003,2.875746250152588,0.6965271830558777,3.2906553745269775,2.3670542240142822,0.4929831922054291,3.2087409496307373,2.3577957153320312,0.4479227446118426,1
2026-09-24T12:26:21.732443,S012,S012_A5_Y_20260924_1226,elevated_20,A5,young,class_1,0.5429304838180542,0.6515688300132751,-2.4391860961914062,0.5879799127578735,0.49327436089515686,-2.552483558654785,0.6234422922134399,0.48715102672576904,-2.5525131225585938,0.6592038869857788,0.4814039170742035,-2.5543556213378906,0.5043795108795166,0.49192702770233154,-2.476436138153076,0.47513216733932495,0.4852443337440491,-2.4770712852478027,0.44606834650039673,0.47898000478744507,-2.477769613265991,0.7136133909225464,0.4480209946632385,-2.4106221199035645,0.42604121565818787,0.4414080083370209,-2.0323679447174072,0.593986988067627,0.7485199570655823,-2.3126957416534424,0.49624210596084595,0.7466047406196594,-2.2072834968566895,1.0239007472991943,0.7753965854644775,-1.8694875240325928,0.34698939323425293,0.7082767486572266,-1.3107593059539795,1.22468101978302,1.2761121988296509,-1.4654537439346313,0.2931702733039856,1.1559184789657593,-0.3543790876865387,0.945216953754425,1.2480814456939697,-0.7260526418685913,0.34212785959243774,1.3975125551223755,0.7193832397460938,0.8753349184989929,1.258007287979126,-0.8442538976669312,0.3370838463306427,1.4877780675888062,0.8510090708732605,0.8696507215499878,1.1787866353988647,-0.7900254726409912,0.34002283215522766,1.4466595649719238,0.8081623911857605,0.8767327070236206,1.171343207359314,-0.7412468194961548,0.3555746078491211,1.400302529335022,0.7215980291366577,0.8937755823135376,1.8999871015548706,-0.1477217972278595,0.4940747320652008,1.8196978569030762,0.1452825367450714,0.8384466171264648,2.5144362449645996,0.6688676476478577,0.5121020078659058,2.3926470279693604,1.1616177558898926,0.8331189155578613,3.2475807666778564,2.148266315460205,0.5416330695152283,3.20116925239563,2.5460381507873535,0.8502885103225708,3.3875460624694824,2.285520076751709,0.556365430355072,3.324415445327759,2.68334698677063,0.7488556504249573,3.4704666137695312,1.7243397235870361,0.546292245388031,3.420738697052002,2.0920755863189697,0.44119825631831633,1
2026-09-24T12:26:21.817196,S012,S012_A5_Y_20260924_1226,elevated_20,A5,young,class_1,0.5444334745407104,0.6830089688301086,-2.806687593460083,0.5974579453468323,0.5388048887252808,-2.8345046043395996,0.6373520493507385,0.5315749049186707,-2.833930015563965,0.6773244142532349,0.5247332453727722,-2.8347342014312744,0.49766287207603455,0.5400208830833435,-2.8440146446228027,0.4587811529636383,0.5777944922447205,-2.8441131114959717,0.4323851466178894,0.5260406732559204,-2.8438093662261963,0.7184406518936157,0.49275416135787964,-2.348693370819092,0.3613019585609436,0.454317182302475,-2.365872859954834,0.5940347909927368,0.8054670095443726,-2.5450077056884766,0.48856860399246216,0.7392509579658508,-2.5551514625549316,0.998360276222229,0.7472916841506958,-1.6770671606063843,0.19837525486946106,0.6901922225952148,-1.798518180847168,1.1917307376861572,1.0547118186950684,-1.2766910791397095,0.13900408148765564,1.172438383102417,-1.097813367843628,1.0563015937805176,1.0045697689056396,-0.5665713548660278,0.22992734611034393,1.4357842206954956,-0.5211541056632996,1.0273075103759766,0.9953130483627319,-0.5224475860595703,0.255645215511322,1.5096303224563599,-0.49411898851394653,1.0296322107315063,0.9485089182853699,-0.5728574991226196,0.2494426965713501,1.4776939153671265,-0.5395575761795044,1.0167810916900635,0.9471464157104492,-0.5797696709632874,0.2657420337200165,1.4432480335235596,-0.5208300352096558,0.7946155071258545,1.845995306968689,-0.12409122288227081,0.4627329707145691,1.8045364618301392,0.1245461106300354,0.8183676600456238,1.2994074821472168,0.8820415735244751,0.4790417551994324,1.3161213397979736,1.0646272897720337,0.6847187280654907,1.3628900051116943,2.559568166732788,0.5551214218139648,1.2975373268127441,2.624929904937744,0.6332876682281494,1.4002909660339355,2.719007968902588,0.5522105097770691,1.3044657707214355,2.8011457920074463,0.6938779950141907,1.386983871459961,2.4609830379486084,0.564266562461853,1.2942633628845215,2.653219223022461,0.4374656276212949,1
2026-09-24T12:26:21.903021,S012,S012_A5_Y_20260924_1226,elevated_20,A5,young,class_1,0.5329704880714417,0.6666379570960999,-2.8651187419891357,0.5763046741485596,0.48467203974723816,-2.851773977279663,0.6118820905685425,0.4704708755016327,-2.851327657699585,0.6466055512428284,0.46693718433380127,-2.8521156311035156,0.47419625520706177,0.5085914134979248,-2.869248867034912,0.4332149028778076,0.563343346118927,-2.8693907260894775,0.3951006531715393,0.503179132938385,-2.8689684867858887,0.6753134727478027,0.41792237758636475,-2.2998814582824707,0.3348042666912079,0.40569135546684265,-2.3519082069396973,0.5824522972106934,0.7795826196670532,-2.591132640838623,0.4490697979927063,0.7261627912521362,-2.612597942352295,0.8601616621017456,0.7369804382324219,-1.693658471107483,0.18477433919906616,0.6707830429077148,-1.7242958545684814,1.0853335857391357,0.8778496980667114,-1.2067389488220215,0.14133398234844208,0.8895336389541626,-1.2310192584991455,1.0235188007354736,0.7239713668823242,-0.6830650568008423,0.20772628486156464,0.653820276260376,-0.8225445747375488,1.0148985385894775,0.6877253651618958,-0.638749897480011,0.2376256287097931,0.5941075682640076,-0.8070605993270874,1.0092136859893799,0.6423261165618896,-0.6855729818344116,0.18226772546768188,0.5679047107696533,-0.8611456751823425,0.9954638481140137,0.6487789750099182,-0.6908255815505981,0.18940018117427826,0.5938238501548767,-0.8370388150215149,0.6800763607025146,1.8356266021728516,-0.1477583795785904,0.42438435554504395,1.7866255044937134,0.1469670534133911,0.7750008702278137,1.0528233051300049,0.8341968655586243,0.4779098927974701,1.0800426006317139,0.9795592427253723,0.5570467710494995,1.2143473625183105,1.92623770236969,0.5126931071281433,1.1318457126617432,2.2224459648132324,0.489987313747406,1.2735298871994019,2.0436112880706787,0.5115759372711182,1.1643162965774536,2.3682851791381836,0.5856480598449707,1.2057002782821655,1.712241768836975,0.5270311236381531,1.1066668033599854,2.294898748397827,0.4276583628926539,1
2026-09-24T12:26:21.985670,S012,S012_A5_Y_20260924_1226,elevated_20,A5,young,class_1,0.41453808546066284,0.6051337718963623,-3.443406581878662,0.47421517968177795,0.4376299977302551,-3.449488878250122,0.5211122632026672,0.4301404654979706,-3.4484927654266357,0.5674737691879272,0.42646414041519165,-3.448535203933716,0.3455497622489929,0.4428492486476898,-3.5023014545440674,0.29411664605140686,0.45832547545433044,-3.502281665802002,0.24242374300956726,0.4319689869880676,-3.5010673999786377,0.6007618308067322,0.404156357049942,-2.835488796234131,0.1555263102054596,0.3898543119430542,-3.0815377235412598,0.47516781091690063,0.7058082818984985,-3.132662773132324,0.3076746463775635,0.6875531673431396,-3.2060437202453613,0.6923707723617554,0.731235146522522,-2.0465734004974365,-0.06480151414871216,0.7197126150131226,-2.3015241622924805,0.8124839663505554,0.9733253717422485,-1.2017244100570679,-0.023930784314870834,0.9621351957321167,-1.5045936107635498,0.7340561151504517,0.8678445816040039,-0.6768356561660767,0.06994952261447906,0.9978402853012085,-0.7486924529075623,0.7335717082023621,0.8547723293304443,-0.6128753423690796,0.11465317010879517,0.9685360789299011,-0.717700183391571,0.7270122766494751,0.7928372621536255,-0.6808990240097046,0.054877929389476776,0.9255630970001221,-0.7381295561790466,0.7066222429275513,0.7895620465278625,-0.6898304224014282,0.06575945764780045,0.9322437047958374,-0.7409406900405884,0.4751186966896057,1.8266358375549316,-0.041734371334314346,0.13858798146247864,1.8087702989578247,0.04420897737145424,0.6350229978561401,1.1075917482376099,1.0211083889007568,0.2478175163269043,1.2127585411071777,0.9118077158927917,0.4600607752799988,1.1931654214859009,2.566739559173584,0.3894194960594177,1.1249775886535645,2.3889822959899902,0.3740231692790985,1.2507882118225098,2.714200973510742,0.3767017126083374,1.1401346921920776,2.567286968231201,0.532374382019043,1.2358263731002808,2.5467569828033447,0.4822046756744385,1.0986539125442505,2.54123854637146,0.4273919244437958,1
2026-09-24T12:26:22.076593,S012,S012_A5_Y_20260924_1226,elevated_20,A5,young,class_1,0.3584311902523041,0.5759868621826172,-3.395984172821045,0.4288802742958069,0.4284750521183014,-3.4307587146759033,0.48305606842041016,0.4216991066932678,-3.4293465614318848,0.5281071066856384,0.4065157175064087,-3.428910732269287,0.294654905796051,0.4159477949142456,-3.4606597423553467,0.26642563939094543,0.43234217166900635,-3.460834503173828,0.22026219964027405,0.4213446378707886,-3.459747791290283,0.5905147194862366,0.38710126280784607,-2.8698909282684326,0.18653404712677002,0.34851929545402527,-3.0152640342712402,0.45498889684677124,0.6667521595954895,-3.100959300994873,0.30032557249069214,0.6717960238456726,-3.145047903060913,0.707960844039917,0.7096940279006958,-1.9579832553863525,0.04833145812153816,0.7313108444213867,-2.304163694381714,0.8105050921440125,0.7539808750152588,-0.978956401348114,0.03510402515530586,0.9996616840362549,-1.2670716047286987,0.6827205419540405,0.6576353311538696,-0.13934385776519775,0.08110955357551575,0.8267799615859985,-0.14899398386478424,0.6716622114181519,0.6362255215644836,0.0016116151819005609,0.13877813518047333,0.7518230080604553,-0.05070776492357254,0.6610996723175049,0.6103747487068176,-0.07235805690288544,0.07403751462697983,0.7275866866111755,-0.04056507349014282,0.6484913229942322,0.6096833944320679,-0.14777836203575134,0.0953158587217331,0.7498987317085266,-0.11323480308055878,0.507595419883728,1.818295955657959,-0.007339982781559229,0.17461687326431274,1.8077242374420166,0.011155144311487675,0.5883947610855103,1.1914931535720825,0.8764769434928894,0.2186475247144699,1.261414647102356,0.7234688997268677,0.47056952118873596,1.3118826150894165,2.285820245742798,0.39293259382247925,1.2235629558563232,2.2158141136169434,0.40498432517051697,1.3651260137557983,2.4142632484436035,0.3837544322013855,1.220813274383545,2.359511137008667,0.5137305855751038,1.357095718383789,2.1933493614196777,0.4953935742378235,1.2440916299819946,2.217498540878296,0.4271022873704858,1
2026-09-24T12:26:22.183681,S012,S012_A5_Y_20260924_1226,elevated_20,A5,young,class_1,0.34502604603767395,0.5519350171089172,-2.812439441680908,0.4265690743923187,0.4120754599571228,-2.820695400238037,0.4785626530647278,0.42005494236946106,-2.8203625679016113,0.5230191946029663,0.3962152302265167,-2.820641040802002,0.28255152702331543,0.3943295180797577,-2.799398183822632,0.2517112195491791,0.3920711874961853,-2.7997167110443115,0.2200983315706253,0.3978489339351654,-2.7998592853546143,0.6000559329986572,0.36859896779060364,-2.3433303833007812,0.2114289551973343,0.3398277461528778,-2.3238961696624756,0.44966259598731995,0.6456490755081177,-2.556680917739868,0.2983267903327942,0.6458713412284851,-2.528809070587158,0.7169939279556274,0.7553852796554565,-1.6943752765655518,0.08086904138326645,0.7880010008811951,-1.7425203323364258,0.9536890983581543,0.9536533355712891,-1.9271577596664429,0.017312411218881607,1.3788563013076782,-1.1775106191635132,0.7355083227157593,0.8075818419456482,-2.5763139724731445,0.05612405389547348,1.5691994428634644,-1.6838586330413818,0.6854050755500793,0.821226954460144,-2.7077252864837646,0.07228295505046844,1.6707878112792969,-1.7965291738510132,0.6983863711357117,0.7864500880241394,-2.6541199684143066,0.0639626532793045,1.5807206630706787,-1.814660668373108,0.6787099838256836,0.7805624604225159,-2.5711207389831543,0.08492531627416611,1.5396265983581543,-1.7114311456680298,0.5295806527137756,2.0142245292663574,-0.10479898750782013,0.21866437792778015,1.9973136186599731,0.11047530174255371,0.6048007011413574,2.3349897861480713,0.18746408820152283,0.17700116336345673,2.379927158355713,0.37961965799331665,0.5712748169898987,3.081352710723877,1.4420218467712402,0.37253081798553467,2.997332811355591,1.4369670152664185,0.6116405725479126,3.2205865383148193,1.5335294008255005,0.38851505517959595,3.062744379043579,1.5276504755020142,0.5338892936706543,3.3158037662506104,0.9148956537246704,0.4188316762447357,3.3119897842407227,0.9201349020004272,0.42626079771611275,1
2026-09-24T12:26:22.296725,S012,S012_A5_Y_20260924_1226,elevated_20,A5,young,class_1,0.3888061046600342,0.43111008405685425,-1.256587028503418,0.4504568576812744,0.33693304657936096,-1.2341760396957397,0.48335903882980347,0.33764079213142395,-1.233934998512268,0.5286985635757446,0.32131290435791016,-1.2342652082443237,0.34755727648735046,0.32413214445114136,-1.197996735572815,0.3206009268760681,0.3139990568161011,-1.1968309879302979,0.295084148645401,0.31753018498420715,-1.1971213817596436,0.6058465242385864,0.3146619498729706,-0.8401895761489868,0.2752143442630768,0.30444660782814026,-0.642026960849762,0.45486608147621155,0.5192919969558716,-1.0908044576644897,0.3479280471801758,0.5270618796348572,-1.0323398113250732,0.7183688282966614,0.7495623230934143,-0.5015815496444702,0.10295981168746948,0.7721656560897827,-0.4093255400657654,0.9446927309036255,1.3045992851257324,-0.4043344557285309,0.03495539724826813,1.3339309692382812,-0.23914167284965515,0.8011813163757324,1.7758077383041382,-0.753275990486145,0.07232002913951874,1.7571218013763428,-1.6363846063613892,0.8487762212753296,1.9312340021133423,-0.9295647740364075,0.057638246566057205,1.9151744842529297,-1.034534215927124,0.775174617767334,1.9249986410140991,-1.0655473470687866,0.07746397703886032,1.8945019245147705,-1.0735034942626953,0.7264485359191895,1.8625093698501587,-0.8327075839042664,0.09286673367023468,1.833125352859497,-1.146425724029541,0.6236686706542969,1.9844521284103394,-0.0878034234046936,0.22435228526592255,1.9665378332138062,0.0945771336555481,0.623712420463562,2.8043317794799805,-0.12297024577856064,0.21842744946479797,2.7768490314483643,0.024076614528894424,0.6042543649673462,3.716123104095459,0.6416851878166199,0.29941707849502563,3.664381742477417,0.4573747515678406,0.6448466181755066,3.863389730453491,0.6746883988380432,0.30384641885757446,3.7944869995117188,0.4746481478214264,0.5489004254341125,3.9838576316833496,-0.16614829003810883,0.3453686237335205,3.9566733837127686,-0.45216208696365356,0.4254814224515223,1
2026-09-24T12:26:22.404280,S012,S012_A5_Y_20260924_1226,elevated_20,A5,young,class_1,0.43622541427612305,0.4086552858352661,-1.3978701829910278,0.4782765805721283,0.32687318325042725,-1.3414740562438965,0.4992843568325043,0.32609227299690247,-1.3418728113174438,0.5298372507095337,0.31098780035972595,-1.342390775680542,0.4032719135284424,0.31802183389663696,-1.320024013519287,0.3788350522518158,0.30820000171661377,-1.319159746170044,0.35467082262039185,0.31197401881217957,-1.3198983669281006,0.6071141958236694,0.31063148379325867,-0.8026531338691711,0.32905489206314087,0.3045610189437866,-0.6752691864967346,0.4783444404602051,0.48995155096054077,-1.185832142829895,0.4059901237487793,0.4985918700695038,-1.1481397151947021,0.7609091401100159,0.7434529066085815,-0.3836633265018463,0.13893310725688934,0.7591094970703125,-0.34772026538848877,0.9088651537895203,1.2938499450683594,-0.3144962191581726,0.048104409128427505,1.3200150728225708,-0.20117418467998505,0.8455422520637512,1.6601974964141846,-0.8723050951957703,0.08180031925439835,1.7665029764175415,-0.9971643686294556,0.911520779132843,1.790095567703247,-1.1016581058502197,0.06270727515220642,1.926998257637024,-1.0849801301956177,0.8492538332939148,1.7686426639556885,-1.26149582862854,0.07871778309345245,1.9062800407409668,-1.2264807224273682,0.8028894662857056,1.7197822332382202,-0.9235047101974487,0.09466179460287094,1.847683310508728,-0.9860620498657227,0.6274966597557068,1.9736000299453735,-0.08639664947986603,0.22677531838417053,1.9633275270462036,0.09316658973693848,0.6330282092094421,2.818347692489624,-0.18209873139858246,0.23603090643882751,2.787949323654175,-0.026219496503472328,0.6402215361595154,3.707733154296875,0.5880843997001648,0.3059924244880676,3.6665990352630615,0.4269900918006897,0.6704798936843872,3.844304084777832,0.6163259148597717,0.3083908259868622,3.7924835681915283,0.4443797171115875,0.5594360828399658,3.960618257522583,-0.28782686591148376,0.35614925622940063,3.9354031085968018,-0.5344893336296082,0.4281552934412365,1
2026-09-24T12:26:22.515289,S012,S012_A5_Y_20260924_1226,elevated_20,A5,young,class_1,0.46943187713623047,0.4087619185447693,-1.352863073348999,0.5042703747749329,0.32407358288764954,-1.2865716218948364,0.5201221704483032,0.3230949938297272,-1.2870248556137085,0.5408383011817932,0.3118211030960083,-1.2875380516052246,0.4414249062538147,0.3172609210014343,-1.2803843021392822,0.41820526123046875,0.3083283603191376,-1.2795841693878174,0.39451900124549866,0.31193920969963074,-1.2802215814590454,0.6084282398223877,0.32025235891342163,-0.7258869409561157,0.36246752738952637,0.3095598518848419,-0.6781834959983826,0.5001795887947083,0.4900343120098114,-1.1348967552185059,0.44069305062294006,0.49397602677345276,-1.1196249723434448,0.7718531489372253,0.7505210041999817,-0.2775919735431671,0.1597260683774948,0.7554532885551453,-0.36244258284568787,0.8323705792427063,1.2860081195831299,-0.15129871666431427,0.05288008973002434,1.3036755323410034,-0.2742069363594055,0.8365460634231567,1.676328420639038,-0.7827292084693909,0.08408427983522415,1.7169088125228882,-0.9602895975112915,0.9055411219596863,1.810301661491394,-0.9962751269340515,0.05984724685549736,1.8663346767425537,-1.1537244319915771,0.8445103764533997,1.800264596939087,-1.2387455701828003,0.08836332708597183,1.8562208414077759,-1.288162350654602,0.8012241125106812,1.750826358795166,-0.8756640553474426,0.10699018090963364,1.8021739721298218,-1.0270395278930664,0.6355003118515015,1.878358244895935,-0.06235780566930771,0.2434326857328415,1.8563716411590576,0.06867701560258865,0.6042830348014832,2.7561745643615723,-0.21103426814079285,0.23293280601501465,2.714578866958618,-0.11204811185598373,0.6046819090843201,3.641244411468506,0.4994533658027649,0.25920161604881287,3.5984504222869873,0.27261197566986084,0.624409019947052,3.771033763885498,0.5239211916923523,0.2551562190055847,3.7231130599975586,0.2823585271835327,0.5326329469680786,3.891007423400879,-0.3482668995857239,0.30548036098480225,3.85575532913208,-0.6909047961235046,0.4311871714748894,1
2026-09-24T12:26:22.630244,S012,S012_A5_Y_20260924_1226,elevated_20,A5,young,class_1,0.48285871744155884,0.39710989594459534,-1.4600918292999268,0.5168923139572144,0.3200989067554474,-1.38778555393219,0.5331665873527527,0.3198026716709137,-1.3884949684143066,0.5510907173156738,0.30994394421577454,-1.3889589309692383,0.4546920359134674,0.31368300318717957,-1.3845484256744385,0.4316112995147705,0.3052654266357422,-1.3840157985687256,0.40821927785873413,0.3088832199573517,-1.3847739696502686,0.6100022792816162,0.3199901878833771,-0.8143596649169922,0.37819045782089233,0.3097645342350006,-0.7779432535171509,0.5132496953010559,0.4794909358024597,-1.2362996339797974,0.45485371351242065,0.4790463149547577,-1.2251781225204468,0.7843218445777893,0.74678635597229,-0.3213421404361725,0.1812864989042282,0.7486532330513,-0.39560773968696594,0.8720673322677612,1.2778900861740112,-0.26336047053337097,0.06147468090057373,1.2998106479644775,-0.24955861270427704,0.9070976376533508,1.5305476188659668,-0.9758957028388977,0.08734636008739471,1.714536428451538,-0.929794192314148,0.9635960459709167,1.634433627128601,-1.245903491973877,0.06550679355859756,1.8583489656448364,-1.1493159532546997,0.9090692400932312,1.6077102422714233,-1.4052784442901611,0.0920415073633194,1.8325116634368896,-1.2992913722991943,0.8747413754463196,1.5690797567367554,-1.0982625484466553,0.1118907481431961,1.7781219482421875,-1.0132639408111572,0.6438462734222412,1.8293083906173706,-0.04719507694244385,0.26413753628730774,1.813459873199463,0.053781431168317795,0.6164658665657043,2.714810848236084,-0.3648994565010071,0.24185135960578918,2.679917812347412,-0.24576035141944885,0.6270990967750549,3.5824944972991943,0.21827492117881775,0.28331226110458374,3.549978733062744,0.005668174009770155,0.6436514854431152,3.7151167392730713,0.23066270351409912,0.28369155526161194,3.678934335708618,-0.0004853413556702435,0.5574259757995605,3.818594455718994,-0.642093300819397,0.32048964500427246,3.7917323112487793,-0.9275242686271667,0.43461269775236194,1
2026-09-24T12:26:22.801068,S012,S012_A5_Y_20260924_1226,elevated_20,A5,young,class_1,0.4916468560695648,0.3746655285358429,-1.1812031269073486,0.5243861079216003,0.30006489157676697,-1.1092301607131958,0.541925311088562,0.29980358481407166,-1.1096373796463013,0.5589498281478882,0.29306644201278687,-1.1102567911148071,0.46044039726257324,0.2979356050491333,-1.1046926975250244,0.4374110698699951,0.29272690415382385,-1.1038531064987183,0.41367706656455994,0.29684698581695557,-1.1043119430541992,0.610824704170227,0.314721018075943,-0.6127314567565918,0.382209450006485,0.3092094957828522,-0.5663052797317505,0.5221071243286133,0.4592061936855316,-0.9953713417053223,0.4610610008239746,0.4612165689468384,-0.9811840057373047,0.7855571508407593,0.7457759380340576,-0.24118590354919434,0.19866366684436798,0.7445842623710632,-0.37105870246887207,0.8795965909957886,1.2520867586135864,-0.1239694356918335,0.07922415435314178,1.2910819053649902,-0.29386013746261597,0.9035149812698364,1.58370840549469,-0.58885657787323,0.10397703945636749,1.70807683467865,-0.8794399499893188,0.9481431245803833,1.7039921283721924,-0.7676337957382202,0.06988705694675446,1.8452094793319702,-1.0623362064361572,0.8985089063644409,1.6888569593429565,-0.8921976089477539,0.11962634325027466,1.8340420722961426,-1.182836890220642,0.8678926229476929,1.6450543403625488,-0.6755437254905701,0.1447860449552536,1.7818658351898193,-0.9495118856430054,0.650894284248352,1.7810919284820557,-0.04364319145679474,0.2944762706756592,1.7757112979888916,0.049556054174900055,0.6313790082931519,2.7012627124786377,-0.28254252672195435,0.2973220944404602,2.6823439598083496,-0.14264990389347076,0.6787148118019104,3.5853524208068848,0.3542918562889099,0.3410188555717468,3.559062957763672,0.1570434868335724,0.6937570571899414,3.7171435356140137,0.37306180596351624,0.3386916518211365,3.681962013244629,0.16206976771354675,0.6329158544540405,3.8218166828155518,-0.4488109052181244,0.3935893177986145,3.8085086345672607,-0.7389990091323853,0.43602761258653394,1
2026-09-24T12:26:22.969779,S012,S012_A5_Y_20260924_1226,elevated_20,A5,young,class_1,0.4980427622795105,0.37742409110069275,-1.3966758251190186,0.526578962802887,0.3001449704170227,-1.312229871749878,0.5436803698539734,0.30001145601272583,-1.3131104707717896,0.559119701385498,0.29492244124412537,-1.3136786222457886,0.46405309438705444,0.2983471155166626,-1.3229087591171265,0.4410591125488281,0.29321879148483276,-1.32256281375885,0.4172542691230774,0.2984252870082855,-1.323332667350769,0.6013398766517639,0.3213580548763275,-0.7109812498092651,0.38493210077285767,0.3217792510986328,-0.7421240210533142,0.5273995995521545,0.4593982696533203,-1.1679565906524658,0.4694734513759613,0.4623141586780548,-1.1750986576080322,0.7753322124481201,0.7428758144378662,-0.2719913721084595,0.21299901604652405,0.7470996379852295,-0.38926008343696594,0.8871346712112427,1.2068325281143188,-0.2812156081199646,0.0969899594783783,1.296615481376648,-0.29480648040771484,0.9024053812026978,1.538558840751648,-1.0209319591522217,0.1330758035182953,1.685438871383667,-0.9432140588760376,0.9423748254776001,1.677136778831482,-1.279157042503357,0.11436806619167328,1.815983533859253,-1.1711633205413818,0.8945537805557251,1.5970605611801147,-1.4092342853546143,0.15481844544410706,1.7848808765411377,-1.308638572692871,0.8639610409736633,1.5612809658050537,-1.123295545578003,0.17464031279087067,1.7355791330337524,-1.0259358882904053,0.6556817293167114,1.7842791080474854,-0.041292138397693634,0.30092334747314453,1.7791962623596191,0.04722725600004196,0.6354454755783081,2.6828086376190186,-0.3657647371292114,0.29711154103279114,2.655473232269287,-0.27772387862205505,0.6741155982017517,3.528312921524048,0.18376390635967255,0.33923712372779846,3.499286651611328,-0.04477958753705025,0.6844417452812195,3.6539807319641113,0.1917276531457901,0.33754321932792664,3.6162455081939697,-0.050550539046525955,0.6300897002220154,3.7482786178588867,-0.6605430245399475,0.3937827944755554,3.735821485519409,-0.9424512982368469,0.43782182540180103,1
2026-09-24T12:26:23.153091,S012,S012_A5_Y_20260924_1226,elevated_20,A5,young,class_1,0.4962101876735687,0.37678301334381104,-1.347193956375122,0.5255799293518066,0.2997210621833801,-1.2686384916305542,0.543622612953186,0.2998688519001007,-1.2692663669586182,0.5595815181732178,0.29500100016593933,-1.2699121236801147,0.46193966269493103,0.2979169189929962,-1.2727077007293701,0.43859928846359253,0.2936347723007202,-1.2722303867340088,0.4148189127445221,0.2984815537929535,-1.2728657722473145,0.5962396860122681,0.3232068121433258,-0.6978444457054138,0.3843079209327698,0.3222978413105011,-0.6919244527816772,0.5273407697677612,0.4577806293964386,-1.1296255588531494,0.46722355484962463,0.46250563859939575,-1.1271336078643799,0.7735556960105896,0.7421537637710571,-0.27407991886138916,0.220007061958313,0.7446919083595276,-0.37825408577919006,0.8944578170776367,1.2046730518341064,-0.25716209411621094,0.09780152142047882,1.2928321361541748,-0.33249589800834656,0.901195228099823,1.4956953525543213,-0.9884565472602844,0.17925173044204712,1.6278187036514282,-1.023067831993103,0.9362460374832153,1.6038002967834473,-1.188262701034546,0.1746915876865387,1.733126163482666,-1.2414088249206543,0.8908818364143372,1.5500595569610596,-1.2910465002059937,0.21736736595630646,1.6877212524414062,-1.3576072454452515,0.8627945184707642,1.5177627801895142,-1.118483543395996,0.23041978478431702,1.6493785381317139,-1.0948994159698486,0.6566391587257385,1.763013482093811,-0.0461294986307621,0.3109454810619354,1.7656986713409424,0.05188227817416191,0.6371463537216187,2.675133228302002,-0.3139372169971466,0.2970280051231384,2.6615374088287354,-0.1736546903848648,0.6715566515922546,3.5352563858032227,0.2944786548614502,0.338052362203598,3.5150113105773926,0.11179020255804062,0.6802523732185364,3.659430742263794,0.30864089727401733,0.33735835552215576,3.6269145011901855,0.11194910854101181,0.6264331340789795,3.7584638595581055,-0.5484492778778076,0.3924298882484436,3.760627269744873,-0.8009635806083679,0.44115135565428343,1
2026-09-24T12:26:23.307448,S012,S012_A5_Y_20260924_1226,elevated_20,A5,young,class_1,0.49741917848587036,0.3662138879299164,-1.4102773666381836,0.5254569053649902,0.2917513847351074,-1.3314725160598755,0.5439569354057312,0.29196983575820923,-1.3322117328643799,0.5599880814552307,0.2885509729385376,-1.3326077461242676,0.46075940132141113,0.2923319935798645,-1.3380361795425415,0.4366392195224762,0.2903500497341156,-1.337908148765564,0.4125501215457916,0.2956775724887848,-1.338919758796692,0.5953372716903687,0.31798163056373596,-0.7710525393486023,0.3833600878715515,0.32186955213546753,-0.7782636880874634,0.5294119119644165,0.44690507650375366,-1.1951234340667725,0.46744051575660706,0.45472609996795654,-1.1963413953781128,0.7779337167739868,0.7353429198265076,-0.3221341073513031,0.23096239566802979,0.7558246850967407,-0.4524739384651184,0.915764331817627,1.1521546840667725,-0.22289463877677917,0.10009296983480453,1.311621904373169,-0.34552067518234253,0.9197933077812195,1.4777215719223022,-0.84333336353302,0.17040251195430756,1.7122973203659058,-1.028960108757019,0.9492020606994629,1.5732601881027222,-1.029125690460205,0.16133779287338257,1.8522025346755981,-1.2327582836151123,0.9063116312026978,1.5300042629241943,-1.1522326469421387,0.20225122570991516,1.8114922046661377,-1.352853536605835,0.8826967477798462,1.4972950220108032,-0.9395294189453125,0.21916253864765167,1.7575104236602783,-1.0999696254730225,0.6888651847839355,1.7686290740966797,-0.036325495690107346,0.334932804107666,1.781733751296997,0.04172607138752937,0.6776924133300781,2.665745496749878,-0.32091444730758667,0.33588629961013794,2.6584675312042236,-0.2412700206041336,0.7335141897201538,3.5013954639434814,0.2525468170642853,0.3951137661933899,3.4832024574279785,0.022112656384706497,0.7428988218307495,3.628222942352295,0.262827605009079,0.3955734372138977,3.599072217941284,0.018433820456266403,0.7018192410469055,3.7223122119903564,-0.561651885509491,0.4625515043735504,3.7146992683410645,-0.8362013697624207,0.4408246465803434,1
2026-09-24T12:26:23.476544,S012,S012_A5_Y_20260924_1226,elevated_20,A5,young,class_1,0.49705809354782104,0.35059669613838196,-1.4111430644989014,0.5248006582260132,0.27768272161483765,-1.3318270444869995,0.5438913106918335,0.27724355459213257,-1.3324406147003174,0.56026291847229,0.2754812240600586,-1.332708716392517,0.4596686363220215,0.28415024280548096,-1.33070969581604,0.4359807074069977,0.285878449678421,-1.3303554058074951,0.41271311044692993,0.2923077642917633,-1.3312875032424927,0.5942939519882202,0.3086554706096649,-0.7757385969161987,0.38508790731430054,0.32142236828804016,-0.7460007071495056,0.5313957929611206,0.43304315209388733,-1.2015714645385742,0.46945470571517944,0.4442211985588074,-1.19244384765625,0.7903565168380737,0.7340924739837646,-0.3556599020957947,0.23121988773345947,0.7566978931427002,-0.441296249628067,0.9160046577453613,1.1881839036941528,-0.3103402256965637,0.10257021337747574,1.3114699125289917,-0.35390886664390564,0.9391105771064758,1.5535495281219482,-1.012005090713501,0.16947044432163239,1.716270923614502,-1.0376132726669312,0.9772233963012695,1.6754512786865234,-1.2212648391723633,0.15279124677181244,1.861135721206665,-1.2522239685058594,0.935023307800293,1.652610182762146,-1.3645979166030884,0.1960625946521759,1.8346625566482544,-1.382084608078003,0.9077426195144653,1.6087398529052734,-1.1117932796478271,0.21354499459266663,1.7779935598373413,-1.1150099039077759,0.7217609882354736,1.7738038301467896,-0.04016191512346268,0.3503754734992981,1.791002869606018,0.0455608069896698,0.7183223366737366,2.688391923904419,-0.2542634606361389,0.3492280840873718,2.691991090774536,-0.14934629201889038,0.7578158378601074,3.5289759635925293,0.4270454943180084,0.4030678868293762,3.5184743404388428,0.21627631783485413,0.7707775831222534,3.656165361404419,0.44738659262657166,0.40554434061050415,3.637962818145752,0.22273266315460205,0.7089786529541016,3.7651526927948,-0.4033181071281433,0.4701301157474518,3.758735179901123,-0.6800878047943115,0.44195524099367584,1
2026-09-24T12:26:23.639633,S012,S012_A5_Y_20260924_1226,elevated_20,A5,young,class_1,0.4958105683326721,0.3343648612499237,-1.2079654932022095,0.5244402289390564,0.26045453548431396,-1.1396872997283936,0.5440419912338257,0.26073959469795227,-1.1397006511688232,0.5604703426361084,0.2612355351448059,-1.1399900913238525,0.4595971703529358,0.2694545388221741,-1.13152277469635,0.4360318183898926,0.2745983898639679,-1.1306757926940918,0.41315799951553345,0.2835064232349396,-1.1311084032058716,0.5945358276367188,0.2988736927509308,-0.6746536493301392,0.38919442892074585,0.31930387020111084,-0.6139432191848755,0.5323003530502319,0.422390878200531,-1.0379197597503662,0.46775388717651367,0.43414306640625,-1.0187458992004395,0.7952135801315308,0.7331641316413879,-0.3624531626701355,0.2344142198562622,0.7552991509437561,-0.4333537518978119,0.9163594245910645,1.2262409925460815,-0.3215789496898651,0.11586102098226547,1.3079687356948853,-0.3501967191696167,0.9452418088912964,1.6653283834457397,-0.8009093403816223,0.16522659361362457,1.7374378442764282,-0.9026188850402832,0.9925640821456909,1.7997016906738281,-0.9674187898635864,0.12240061908960342,1.884291172027588,-1.0857007503509521,0.9401259422302246,1.8060367107391357,-1.083430290222168,0.18293221294879913,1.8812154531478882,-1.2291233539581299,0.9098585247993469,1.7570909261703491,-0.8836948275566101,0.20922735333442688,1.8248000144958496,-0.9871182441711426,0.720956027507782,1.7690863609313965,-0.042199455201625824,0.3496575951576233,1.7817410230636597,0.047715213149785995,0.7115820646286011,2.6817402839660645,-0.23574140667915344,0.34950584173202515,2.6788790225982666,-0.10475057363510132,0.7398196458816528,3.5278806686401367,0.4924379289150238,0.3969610035419464,3.5134477615356445,0.2844814658164978,0.7506378293037415,3.656770944595337,0.5178907513618469,0.3997823894023895,3.63582706451416,0.29558342695236206,0.6913549304008484,3.7631449699401855,-0.2945011854171753,0.4694802761077881,3.75423264503479,-0.5850935578346252,0.44170950515421503,1
2026-09-24T12:26:23.801024,S012,S012_A5_Y_20260924_1226,elevated_20,A5,young,class_1,0.5032230615615845,0.33480772376060486,-1.0779316425323486,0.5296589136123657,0.2595536410808563,-1.0174567699432373,0.54948490858078,0.25992611050605774,-1.017532229423523,0.5652775764465332,0.2610282897949219,-1.0175260305404663,0.46772608160972595,0.2690620720386505,-0.997369647026062,0.4450168013572693,0.27476179599761963,-0.9961865544319153,0.4230133891105652,0.2834681570529938,-0.9966586232185364,0.5954803824424744,0.2985752522945404,-0.5665082931518555,0.398118793964386,0.31914207339286804,-0.45039552450180054,0.5400638580322266,0.4240630865097046,-0.9135672450065613,0.4767943322658539,0.4346564710140228,-0.8790577054023743,0.795901894569397,0.7326881289482117,-0.2827073633670807,0.24196092784404755,0.7541629672050476,-0.23341743648052216,0.9236294627189636,1.2503488063812256,-0.5277811884880066,0.11507435888051987,1.305469036102295,-0.262952595949173,0.9319266080856323,1.2991883754730225,-1.3866199254989624,0.15164494514465332,1.7274082899093628,-0.8885707855224609,0.9918255805969238,1.3958568572998047,-1.6066923141479492,0.1094239354133606,1.8716022968292236,-1.0529969930648804,0.8883700370788574,1.0878700017929077,-1.6145727634429932,0.16766346991062164,1.851750135421753,-1.1785160303115845,0.8749969601631165,1.0548371076583862,-1.4328018426895142,0.19555407762527466,1.800819754600525,-0.9680442810058594,0.726161777973175,1.7442796230316162,-0.06871715933084488,0.3579865097999573,1.762434482574463,0.07533368468284607,0.7257179021835327,2.66434645652771,-0.1800890862941742,0.36641794443130493,2.668574810028076,0.062094129621982574,0.7592567205429077,3.5005900859832764,0.5651439428329468,0.4115111827850342,3.498771905899048,0.5482363700866699,0.772845983505249,3.623242139816284,0.593079686164856,0.41240936517715454,3.6124107837677,0.5773409605026245,0.7135809659957886,3.7403030395507812,-0.21874144673347473,0.47332891821861267,3.7463629245758057,-0.3298709988594055,0.44984367241109297,1
2026-09-24T12:26:23.943247,S012,S012_A5_Y_20260924_1226,elevated_20,A5,young,class_1,0.506630539894104,0.33422714471817017,-0.9638562202453613,0.533470094203949,0.2585200071334839,-0.908465564250946,0.5538378953933716,0.25930455327033997,-0.9082019925117493,0.5700992941856384,0.26101309061050415,-0.9082695245742798,0.47248148918151855,0.2670913636684418,-0.8947237730026245,0.4502685070037842,0.2729549705982208,-0.8936473727226257,0.4283828139305115,0.28148308396339417,-0.8938787579536438,0.5982282161712646,0.29845067858695984,-0.5146878957748413,0.40292230248451233,0.31845802068710327,-0.42980608344078064,0.5434063076972961,0.42352062463760376,-0.8217334747314453,0.47843655943870544,0.4323370158672333,-0.7952386140823364,0.7959593534469604,0.7320765256881714,-0.30078423023223877,0.24075067043304443,0.75667405128479,-0.29939839243888855,0.9102824926376343,1.2446409463882446,-0.3156004250049591,0.11576203256845474,1.3040921688079834,-0.25721025466918945,0.9527499079704285,1.5965619087219238,-0.6846460103988647,0.14149802923202515,1.731214165687561,-0.6748393177986145,1.0163178443908691,1.7148423194885254,-0.8332363963127136,0.09228025376796722,1.8701518774032593,-0.8081210255622864,0.9541527628898621,1.6979308128356934,-0.9142878651618958,0.1488259732723236,1.8576557636260986,-0.9302806854248047,0.9210650324821472,1.6611899137496948,-0.751982569694519,0.18122488260269165,1.8105874061584473,-0.7473767399787903,0.7241883873939514,1.7316005229949951,-0.06785653531551361,0.3568328022956848,1.7510348558425903,0.07428823411464691,0.7217042446136475,2.6540982723236084,-0.1607895791530609,0.380528062582016,2.6575937271118164,0.05363043397665024,0.7515332102775574,3.4865646362304688,0.5752938389778137,0.4147249162197113,3.488140344619751,0.4724978804588318,0.7630530595779419,3.607555627822876,0.6045525074005127,0.4137783944606781,3.605783700942993,0.5004991888999939,0.7105345726013184,3.7247166633605957,-0.14387206733226776,0.46643418073654175,3.725390672683716,-0.3772556781768799,0.4502147213894535,1
2026-09-24T12:26:24.093531,S012,S012_A5_Y_20260924_1226,elevated_20,A5,young,class_1,0.5083984732627869,0.3370772898197174,-0.8450554013252258,0.5349810123443604,0.2625192105770111,-0.7960027456283569,0.5558103919029236,0.26340264081954956,-0.7954588532447815,0.5722973346710205,0.26481372117996216,-0.7955888509750366,0.47515448927879333,0.26987725496292114,-0.7828811407089233,0.453435480594635,0.2750670611858368,-0.7816826105117798,0.4325587749481201,0.28285521268844604,-0.7817248106002808,0.5986711382865906,0.30341440439224243,-0.4418565630912781,0.40603169798851013,0.318665087223053,-0.3595828413963318,0.5448732972145081,0.4263668954372406,-0.7172399759292603,0.47907504439353943,0.43474632501602173,-0.6914588809013367,0.7942132353782654,0.7368736267089844,-0.2745856046676636,0.23996302485466003,0.7574418783187866,-0.280155748128891,0.9086666107177734,1.2421958446502686,-0.21740388870239258,0.11716532707214355,1.2789379358291626,-0.2101319581270218,0.9532114267349243,1.6463522911071777,-0.45864373445510864,0.12465182691812515,1.7217791080474854,-0.5095451474189758,1.0108447074890137,1.7649996280670166,-0.5824505686759949,0.06873469799757004,1.858180284500122,-0.615741491317749,0.9555679559707642,1.7703129053115845,-0.6576334834098816,0.11973656713962555,1.8496742248535156,-0.7307955622673035,0.9234212636947632,1.7312366962432861,-0.5191211700439453,0.15493832528591156,1.8032231330871582,-0.5771445631980896,0.7236238718032837,1.7287318706512451,-0.06695833802223206,0.35652709007263184,1.7394310235977173,0.07309729605913162,0.7141509652137756,2.6507253646850586,-0.15339180827140808,0.3781200051307678,2.6560871601104736,0.040467824786901474,0.7422270774841309,3.476712226867676,0.5676239132881165,0.41232529282569885,3.4734110832214355,0.466474711894989,0.7494560480117798,3.5989956855773926,0.5978859066963196,0.41156259179115295,3.592254400253296,0.4948755204677582,0.702407956123352,3.711616277694702,-0.11880918592214584,0.45573219656944275,3.7082762718200684,-0.3609025478363037,0.4495303678841358,1
2026-09-24T12:26:24.244932,S012,S012_A5_Y_20260924_1226,elevated_20,A5,young,class_1,0.5074825286865234,0.33905136585235596,-0.8650107383728027,0.5346542596817017,0.26309138536453247,-0.8190040588378906,0.5557541251182556,0.2638413608074188,-0.8185237050056458,0.5726703405380249,0.2652350068092346,-0.8186649084091187,0.47433900833129883,0.27030882239341736,-0.8000620007514954,0.45257368683815,0.2755160331726074,-0.7988882660865784,0.43149155378341675,0.2830214500427246,-0.7989869117736816,0.5988256931304932,0.30342358350753784,-0.47181349992752075,0.4065472185611725,0.3185146152973175,-0.3634647727012634,0.5445038080215454,0.42727115750312805,-0.7392525672912598,0.478022962808609,0.4351978003978729,-0.7057554125785828,0.7945297956466675,0.7381853461265564,-0.3028580844402313,0.2411145716905594,0.7617881894111633,-0.2742694020271301,0.9091476202011108,1.239616870880127,-0.26104509830474854,0.11834517866373062,1.2739174365997314,-0.1996661126613617,0.970870852470398,1.652347445487976,-0.5249602794647217,0.11593277752399445,1.7172855138778687,-0.5098568201065063,1.0307327508926392,1.7702295780181885,-0.6527053117752075,0.060765910893678665,1.8522731065750122,-0.6195865273475647,0.978958249092102,1.7794690132141113,-0.7261028289794922,0.11059713363647461,1.8460180759429932,-0.740388810634613,0.9442578554153442,1.742008090019226,-0.5841687917709351,0.14561456441879272,1.8008465766906738,-0.5800675749778748,0.7226813435554504,1.7302262783050537,-0.06715743243694305,0.35568806529045105,1.73882257938385,0.07315905392169952,0.7138997912406921,2.647892951965332,-0.12713870406150818,0.3774704039096832,2.6503336429595947,0.05533641576766968,0.739370584487915,3.470168352127075,0.5808452367782593,0.4083957076072693,3.465899705886841,0.4822410047054291,0.746382474899292,3.593435764312744,0.6133691072463989,0.40801745653152466,3.585249423980713,0.5105621218681335,0.6972994804382324,3.7034692764282227,-0.07142306864261627,0.45387157797813416,3.6989359855651855,-0.2992011606693268,0.4495827182069082,1
2026-09-24T12:26:24.400625,S012,S012_A5_Y_20260924_1226,elevated_20,A5,young,class_1,0.5070163011550903,0.34043723344802856,-0.8514572381973267,0.5343672037124634,0.26350918412208557,-0.805792510509491,0.5556155443191528,0.2642113268375397,-0.8053370714187622,0.5727188587188721,0.26559051871299744,-0.8054673075675964,0.47382745146751404,0.2706339955329895,-0.7872492671012878,0.45209556818008423,0.27586859464645386,-0.7861432433128357,0.43078312277793884,0.28313806653022766,-0.786272406578064,0.5993423461914062,0.3034305274486542,-0.4637600779533386,0.4065847396850586,0.31835508346557617,-0.3558623790740967,0.5442171096801758,0.4282076954841614,-0.7274643182754517,0.47738638520240784,0.43581148982048035,-0.6943227052688599,0.7935947179794312,0.7387192845344543,-0.29782548546791077,0.2425263375043869,0.7626620531082153,-0.26945990324020386,0.90943443775177,1.2377567291259766,-0.25667861104011536,0.11803494393825531,1.2637474536895752,-0.1998019516468048,0.9771171808242798,1.653727650642395,-0.5127812027931213,0.09727944433689117,1.71414315700531,-0.5188928842544556,1.035935401916504,1.772090196609497,-0.6374228596687317,0.03998170047998428,1.848979115486145,-0.6290401220321655,0.9863972663879395,1.7812483310699463,-0.7132744193077087,0.09051792323589325,1.8452080488204956,-0.7485315799713135,0.9516576528549194,1.7436474561691284,-0.5728503465652466,0.1266581267118454,1.7999986410140991,-0.5887410044670105,0.7197407484054565,1.7288578748703003,-0.06712797284126282,0.3546721339225769,1.7346965074539185,0.07306953519582748,0.7079979181289673,2.6429755687713623,-0.11022745072841644,0.3740391135215759,2.645982503890991,0.054263003170490265,0.7375417351722717,3.4697165489196777,0.589530348777771,0.4066781997680664,3.460642099380493,0.47990840673446655,0.7447382211685181,3.591287851333618,0.6224522590637207,0.40679794549942017,3.5789120197296143,0.5071734189987183,0.694048285484314,3.702279567718506,-0.055587850511074066,0.45249518752098083,3.694690465927124,-0.2959243655204773,0.44987172434445133,1
2026-09-24T12:26:24.558174,S012,S012_A5_Y_20260924_1226,elevated_20,A5,young,class_1,0.5080183744430542,0.33859845995903015,-0.8482917547225952,0.5358741283416748,0.262996643781662,-0.7981222867965698,0.5568923354148865,0.2636152505874634,-0.7976362109184265,0.5742682218551636,0.26511529088020325,-0.7978121638298035,0.47553592920303345,0.27003422379493713,-0.7801737189292908,0.45348840951919556,0.2753000557422638,-0.779133677482605,0.4319460988044739,0.2822784185409546,-0.7792827486991882,0.6004343628883362,0.30314236879348755,-0.44890451431274414,0.4067719876766205,0.3172648549079895,-0.34602171182632446,0.5448155999183655,0.42578619718551636,-0.7241185903549194,0.47761234641075134,0.43238160014152527,-0.692241907119751,0.7927933931350708,0.7376537322998047,-0.2886647582054138,0.24205997586250305,0.7597294449806213,-0.2711583375930786,0.9101338386535645,1.2374573945999146,-0.25236430764198303,0.13257327675819397,1.129390001296997,-0.21423637866973877,0.9901670217514038,1.6373823881149292,-0.5433381795883179,0.098638154566288,1.7056580781936646,-0.5962873101234436,1.0508496761322021,1.7550647258758545,-0.671552300453186,0.04523055627942085,1.8413673639297485,-0.7255890965461731,1.003913164138794,1.7607645988464355,-0.7485710382461548,0.09538154304027557,1.8429522514343262,-0.8432040214538574,0.9687997698783875,1.7223279476165771,-0.6045355796813965,0.1298667937517166,1.7970030307769775,-0.6660972237586975,0.7187070250511169,1.712548017501831,-0.06709904968738556,0.3573545813560486,1.7139971256256104,0.07300551235675812,0.7069805860519409,2.6159794330596924,-0.11047116667032242,0.37568968534469604,2.6204142570495605,0.08991069346666336,0.7341411709785461,3.446810245513916,0.5666502714157104,0.40667852759361267,3.4458189010620117,0.5362914800643921,0.7414391040802002,3.569396734237671,0.5967230796813965,0.4054049551486969,3.565124988555908,0.5648473501205444,0.6952570676803589,3.675323963165283,-0.06002746894955635,0.45243149995803833,3.68208384513855,-0.2308681756258011,0.45010605606137577,1
2026-09-24T12:26:24.740634,S012,S012_A5_Y_20260924_1226,elevated_20,A5,young,class_1,0.5121189951896667,0.3426094055175781,-0.8345587849617004,0.5400863885879517,0.2697053849697113,-0.7864351868629456,0.5613839626312256,0.27023425698280334,-0.7860475778579712,0.5783236622810364,0.27117279171943665,-0.7862194776535034,0.48080864548683167,0.2747420370578766,-0.7711089849472046,0.4588549733161926,0.2785983681678772,-0.7700381278991699,0.43843355774879456,0.28421857953071594,-0.770226001739502,0.605401873588562,0.30760398507118225,-0.4230601191520691,0.41324734687805176,0.3171195983886719,-0.33338475227355957,0.5468279719352722,0.42631736397743225,-0.7019157409667969,0.4810789227485657,0.4325640797615051,-0.6739619970321655,0.7920486330986023,0.7359875440597534,-0.23420342803001404,0.2517089247703552,0.7500847578048706,-0.23970694839954376,0.8924477696418762,1.2349870204925537,-0.1398150622844696,0.13155266642570496,1.1544655561447144,-0.18001191318035126,0.9594470262527466,1.6274094581604004,-0.38302990794181824,0.09972325712442398,1.6784719228744507,-0.5195416212081909,1.0126187801361084,1.743595004081726,-0.5006481409072876,0.04862423613667488,1.808219075202942,-0.6294081807136536,0.9752543568611145,1.7457445859909058,-0.5765665173530579,0.09892602264881134,1.8066178560256958,-0.7426087260246277,0.9409958720207214,1.7077200412750244,-0.4427751898765564,0.1324486881494522,1.766327977180481,-0.5844224095344543,0.7071326971054077,1.6948912143707275,-0.06490235775709152,0.3565758168697357,1.690400242805481,0.07048598676919937,0.6924781203269958,2.5827383995056152,-0.13427826762199402,0.3739635646343231,2.578253746032715,0.06996985524892807,0.7020028233528137,3.405167579650879,0.5087975263595581,0.38854044675827026,3.41078782081604,0.466185986995697,0.705003023147583,3.518064260482788,0.5362313985824585,0.38205480575561523,3.530696153640747,0.4924096465110779,0.6676591634750366,3.6411638259887695,-0.13074180483818054,0.421226441860199,3.639258623123169,-0.30345505475997925,0.45130821675852395,1
2026-09-24T12:26:24.914370,S012,S012_A5_Y_20260924_1226,elevated_20,A5,young,class_1,0.5286298990249634,0.3429882228374481,-0.8618359565734863,0.5547901391983032,0.2699374258518219,-0.8061614036560059,0.5739936232566833,0.2704734206199646,-0.8058897256851196,0.5912255048751831,0.27131032943725586,-0.8060752749443054,0.49633297324180603,0.2747827470302582,-0.8030956387519836,0.4744054675102234,0.27872130274772644,-0.8021420240402222,0.45315009355545044,0.2842642664909363,-0.8024333119392395,0.6123217940330505,0.30761095881462097,-0.4251163601875305,0.4228963255882263,0.3164566457271576,-0.3857274651527405,0.5595503449440002,0.4269712567329407,-0.7232016921043396,0.4959752559661865,0.4314284324645996,-0.7110706567764282,0.790539026260376,0.7352839708328247,-0.19612321257591248,0.255912184715271,0.7458808422088623,-0.248057559132576,0.8643773794174194,1.2346785068511963,-0.05355321615934372,0.13971219956874847,1.1717396974563599,-0.2849617302417755,0.9234727025032043,1.6190578937530518,-0.2884461581707001,0.11716006696224213,1.6686291694641113,-0.6349409222602844,0.9705650210380554,1.734359860420227,-0.3961016833782196,0.06584629416465759,1.8001084327697754,-0.7449623346328735,0.9436634182929993,1.7338119745254517,-0.4873400330543518,0.11652447283267975,1.8000705242156982,-0.8210442662239075,0.9102290272712708,1.6958630084991455,-0.3537150025367737,0.15035273134708405,1.7577223777770996,-0.6857419610023499,0.706895112991333,1.6823859214782715,-0.046573810279369354,0.3584410548210144,1.6744930744171143,0.05144643783569336,0.6857101917266846,2.5543603897094727,-0.12770836055278778,0.3726581037044525,2.5469253063201904,-0.007363186217844486,0.6926790475845337,3.3688158988952637,0.5204333662986755,0.38608288764953613,3.368191719055176,0.3392027020454407,0.6934096217155457,3.481133222579956,0.5477191209793091,0.3784054219722748,3.4863741397857666,0.35753530263900757,0.6658536195755005,3.6024458408355713,-0.12450488656759262,0.420276015996933,3.5951850414276123,-0.43373599648475647,0.4526794837526695,1
2026-09-24T12:26:25.108681,S012,S012_A5_Y_20260924_1226,elevated_20,A5,young,class_1,0.6308008432388306,0.3416244685649872,-0.7430923581123352,0.6306832432746887,0.2675986886024475,-0.6738088726997375,0.6405261158943176,0.26818737387657166,-0.6734968423843384,0.6493142247200012,0.26909494400024414,-0.6736560463905334,0.5851277709007263,0.2700713872909546,-0.7253888845443726,0.5635717511177063,0.27328425645828247,-0.7247816324234009,0.5408574342727661,0.2781928777694702,-0.7251194715499878,0.629643440246582,0.30652207136154175,-0.2998296916484833,0.47841691970825195,0.31312358379364014,-0.46801620721817017,0.6369539499282837,0.4254009425640106,-0.609912097454071,0.582038402557373,0.4292042553424835,-0.669702410697937,0.7906029224395752,0.7354002594947815,-0.10536575317382812,0.2571270167827606,0.7461620569229126,-0.4825170636177063,0.8427016139030457,1.2351914644241333,0.14111259579658508,0.1391337811946869,1.1961002349853516,-0.49842357635498047,0.9056002497673035,1.6362955570220947,-0.001495810691267252,0.11337675899267197,1.69121515750885,-0.7408183813095093,0.9531062245368958,1.757323980331421,-0.06470942497253418,0.054928310215473175,1.831180214881897,-0.8320983052253723,0.9269547462463379,1.7716584205627441,-0.17428633570671082,0.10612161457538605,1.846989393234253,-0.9070857763290405,0.8932368159294128,1.7345746755599976,-0.06913014501333237,0.1413917988538742,1.7963074445724487,-0.7880847454071045,0.7068529725074768,1.6866707801818848,-0.004901650361716747,0.35906320810317993,1.678536295890808,0.009221348911523819,0.6842666268348694,2.5587682723999023,-0.07075528055429459,0.37456294894218445,2.5489492416381836,-0.08662018924951553,0.6928532123565674,3.374831199645996,0.6227082014083862,0.38944631814956665,3.372037410736084,0.32018619775772095,0.6937196850776672,3.4886484146118164,0.6523064970970154,0.37962451577186584,3.4896113872528076,0.3407409191131592,0.695279061794281,3.6061761379241943,0.02684824727475643,0.4307883381843567,3.5914504528045654,-0.4479394555091858,0.45645617929491866,1
2026-09-24T12:26:25.288420,S012,S012_A5_Y_20260924_1226,elevated_20,A5,young,class_1,0.6494635343551636,0.3467373847961426,-0.729467511177063,0.6472730040550232,0.27204492688179016,-0.6553534865379333,0.6560657620429993,0.2726095914840698,-0.6550700664520264,0.6641902327537537,0.27341562509536743,-0.6552466154098511,0.6031107902526855,0.27231696248054504,-0.7131124138832092,0.5821634531021118,0.27468788623809814,-0.7124305963516235,0.559982419013977,0.27887141704559326,-0.7127994298934937,0.6369004249572754,0.3106491267681122,-0.27418252825737,0.49361100792884827,0.3131929636001587,-0.5001475811004639,0.6514154076576233,0.42746126651763916,-0.5940157175064087,0.5989528894424438,0.4308069348335266,-0.6641616225242615,0.7865099310874939,0.7370842099189758,-0.08824390172958374,0.25682538747787476,0.7562686800956726,-0.5177755355834961,0.8522703051567078,1.2310312986373901,0.11961038410663605,0.1420205682516098,1.247070550918579,-0.5702691078186035,0.9207857251167297,1.6355631351470947,-0.07926782220602036,0.12950801849365234,1.725111484527588,-0.8215143084526062,0.9769431352615356,1.763638973236084,-0.15500403940677643,0.07667024433612823,1.8760994672775269,-0.92486572265625,0.9478789567947388,1.7828905582427979,-0.2598924934864044,0.13046617805957794,1.8923630714416504,-1.0127891302108765,0.912092387676239,1.7446144819259644,-0.1465616673231125,0.1599043309688568,1.8362704515457153,-0.8718492388725281,0.7112704515457153,1.698475956916809,0.007954291999340057,0.36928170919418335,1.7090004682540894,-0.0033193551935255527,0.6925625801086426,2.560476779937744,-0.024559849873185158,0.3876030743122101,2.569491386413574,-0.09696584194898605,0.7090458273887634,3.378361940383911,0.6464356780052185,0.40427809953689575,3.3738958835601807,0.282477468252182,0.7031495571136475,3.492144823074341,0.6730996966362,0.3917579650878906,3.490973949432373,0.29836905002593994,0.7285767197608948,3.609898567199707,0.048716410994529724,0.46185165643692017,3.596775531768799,-0.47275394201278687,0.46019072509652964,1
2026-09-24T12:26:25.449186,S012,S012_A5_Y_20260924_1226,elevated_20,A5,young,class_1,0.6665063500404358,0.348915696144104,-0.7683480381965637,0.6672542691230774,0.2735901474952698,-0.7011803388595581,0.6762667894363403,0.2745421230792999,-0.7006831765174866,0.685377299785614,0.2757144272327423,-0.7007301449775696,0.6193488836288452,0.2724063992500305,-0.7530801296234131,0.5963479280471802,0.2747039794921875,-0.7523332238197327,0.5715029239654541,0.2783306837081909,-0.752578854560852,0.6534230709075928,0.3114665746688843,-0.3289324939250946,0.5003299713134766,0.31226205825805664,-0.5660250782966614,0.6655794382095337,0.4314519464969635,-0.6334715485572815,0.6101028323173523,0.4325304329395294,-0.6954327821731567,0.7902799844741821,0.7429367899894714,-0.12590216100215912,0.2515852749347687,0.7560021877288818,-0.5433993339538574,0.8575407862663269,1.2374385595321655,0.09319527447223663,0.11922242492437363,1.247023344039917,-0.5162065029144287,0.920415997505188,1.6483575105667114,-0.07851956784725189,0.1113501787185669,1.7234231233596802,-0.8180822134017944,0.9756659269332886,1.7717375755310059,-0.1588471531867981,0.05498312786221504,1.8717130422592163,-0.8840996623039246,0.9439466595649719,1.7884331941604614,-0.25987687706947327,0.11716973781585693,1.8848955631256104,-0.9628232717514038,0.9077484011650085,1.7502917051315308,-0.14504055678844452,0.14645160734653473,1.829870581626892,-0.8469468951225281,0.7061706781387329,1.7148677110671997,0.01499725691974163,0.3588949143886566,1.7207129001617432,-0.009993547573685646,0.67738276720047,2.5691843032836914,-0.003082037903368473,0.37892189621925354,2.5803277492523193,-0.11848695576190948,0.6838290095329285,3.3797361850738525,0.6928681135177612,0.37421467900276184,3.3752379417419434,0.2977777123451233,0.6722342371940613,3.4932379722595215,0.7219930291175842,0.35952380299568176,3.4925005435943604,0.315300315618515,0.7069264054298401,3.6120200157165527,0.09852027893066406,0.4205860197544098,3.599644184112549,-0.46687349677085876,0.46251497213079623,1
2026-09-24T12:26:25.588268,S012,S012_A5_Y_20260924_1226,elevated_20,A5,young,class_1,0.6773504018783569,0.35996732115745544,-0.7777715921401978,0.6786373853683472,0.28230011463165283,-0.7077459096908569,0.6872199177742004,0.2833598852157593,-0.7073480486869812,0.6962457895278931,0.2844850420951843,-0.7073150873184204,0.632830023765564,0.27774181962013245,-0.7617853879928589,0.6098905801773071,0.2775827944278717,-0.7610784769058228,0.5841045379638672,0.2794484794139862,-0.7613823413848877,0.6616948843002319,0.31548020243644714,-0.3317733407020569,0.507217288017273,0.312221884727478,-0.5751606822013855,0.6717996001243591,0.4409482777118683,-0.6414806842803955,0.6194857358932495,0.4412895441055298,-0.7062321305274963,0.7903372645378113,0.743186891078949,-0.12446220219135284,0.25111305713653564,0.755331814289093,-0.549913763999939,0.8628048896789551,1.2252365350723267,0.08244071900844574,0.11452917754650116,1.2466931343078613,-0.5745409727096558,0.9267403483390808,1.6444392204284668,-0.1443062126636505,0.11141970008611679,1.7209583520889282,-0.8506438136100769,0.9834729433059692,1.7650208473205566,-0.23463492095470428,0.05577533319592476,1.8683686256408691,-0.9532276391983032,0.9470812678337097,1.7786725759506226,-0.3294399678707123,0.12083979696035385,1.8789445161819458,-1.048783540725708,0.910570502281189,1.7395236492156982,-0.20959922671318054,0.14800556004047394,1.8239609003067017,-0.9004485011100769,0.7053654789924622,1.7175222635269165,0.013950060121715069,0.3573891222476959,1.7225579023361206,-0.008764239028096199,0.6734265685081482,2.570504665374756,0.0013800251763314009,0.37586450576782227,2.581017017364502,-0.09703363478183746,0.6751094460487366,3.3776237964630127,0.7141507267951965,0.36395567655563354,3.3697547912597656,0.3016003966331482,0.6623870134353638,3.49491548538208,0.7443140745162964,0.34690141677856445,3.4900708198547363,0.32348936796188354,0.6984680891036987,3.6052680015563965,0.11480654776096344,0.41420429944992065,3.584996223449707,-0.43439802527427673,0.46512926442400465,1
2026-09-24T12:26:25.688813,S012,S012_A5_Y_20260924_1226,elevated_20,A5,young,class_1,0.6891805529594421,0.37254598736763,-0.8065882921218872,0.6870119571685791,0.2924759089946747,-0.7379563450813293,0.6943482160568237,0.29277411103248596,-0.7376710176467896,0.7022513151168823,0.2928445041179657,-0.737780749797821,0.6460878252983093,0.28772610425949097,-0.7709947824478149,0.6228726506233215,0.28569620847702026,-0.7710158228874207,0.597188413143158,0.28530392050743103,-0.7719458937644958,0.6624407172203064,0.31747952103614807,-0.3399142920970917,0.511273980140686,0.31411391496658325,-0.6681579351425171,0.6778796911239624,0.4548693895339966,-0.6617501974105835,0.6295859217643738,0.45759251713752747,-0.7284281849861145,0.7942019701004028,0.7407366037368774,-0.08565967530012131,0.25006669759750366,0.7553397417068481,-0.6383524537086487,0.8621447682380676,1.0707420110702515,0.14856240153312683,0.11716278642416,1.268147349357605,-0.6633226871490479,0.9268879890441895,1.6493608951568604,-0.11164139211177826,0.12985607981681824,1.7514159679412842,-0.9407393336296082,0.9802322387695312,1.788378357887268,-0.18560868501663208,0.0860440656542778,1.917911410331726,-1.0607709884643555,0.9414833784103394,1.8044154644012451,-0.29043740034103394,0.15284672379493713,1.9293822050094604,-1.1522703170776367,0.9075593948364258,1.7581408023834229,-0.17737489938735962,0.1737203299999237,1.864469289779663,-0.9881841540336609,0.7116054892539978,1.7372138500213623,0.02435828000307083,0.35768216848373413,1.7463080883026123,-0.01912638358771801,0.6833431124687195,2.57785964012146,0.03907433897256851,0.375375360250473,2.5926694869995117,-0.09285170584917068,0.6870538592338562,3.3794095516204834,0.7807169556617737,0.3658830523490906,3.371135711669922,0.3299001157283783,0.6720624566078186,3.495406150817871,0.8130785822868347,0.34799426794052124,3.4906628131866455,0.3529221713542938,0.7116526365280151,3.607332944869995,0.17207255959510803,0.4322519898414612,3.5878829956054688,-0.40690359473228455,0.46607798123097216,1
2026-09-24T12:26:25.806876,S012,S012_A5_Y_20260924_1226,elevated_20,A5,young,class_1,0.6839970946311951,0.3856622576713562,-0.8180445432662964,0.6837340593338013,0.3016204833984375,-0.7510029673576355,0.6917916536331177,0.3010755777359009,-0.7507231831550598,0.7004261016845703,0.30017006397247314,-0.7508523464202881,0.6392673254013062,0.2968176305294037,-0.7770644426345825,0.6155041456222534,0.29357561469078064,-0.7768145799636841,0.5890158414840698,0.2918103039264679,-0.7776154279708862,0.6633477210998535,0.32018789649009705,-0.35163015127182007,0.5078631043434143,0.3172825574874878,-0.6553806662559509,0.6742648482322693,0.46700841188430786,-0.6688686609268188,0.6243348121643066,0.47045937180519104,-0.7298009991645813,0.7949159145355225,0.736328661441803,-0.09962509572505951,0.24725762009620667,0.7585880160331726,-0.60601806640625,0.864270031452179,1.1313111782073975,0.13003747165203094,0.12029417604207993,1.278262972831726,-0.6099242568016052,0.9182857275009155,1.6519360542297363,-0.0887732058763504,0.15394774079322815,1.747912049293518,-0.881892204284668,0.9672099351882935,1.7932108640670776,-0.16525110602378845,0.11846518516540527,1.909210443496704,-0.9988483190536499,0.9270349740982056,1.805696725845337,-0.2595534920692444,0.1823914498090744,1.9155046939849854,-1.0914663076400757,0.8939470052719116,1.7600252628326416,-0.14953270554542542,0.2022518366575241,1.8538700342178345,-0.9313119649887085,0.713510274887085,1.7389363050460815,0.02453085407614708,0.35737526416778564,1.7530462741851807,-0.019456900656223297,0.6850492358207703,2.5776894092559814,0.06518293917179108,0.37462693452835083,2.5936899185180664,-0.08999939262866974,0.6881222128868103,3.3752188682556152,0.8039083480834961,0.3672260642051697,3.364431858062744,0.3780011832714081,0.6740332841873169,3.4942216873168945,0.8371971845626831,0.3510487675666809,3.4818778038024902,0.4038412570953369,0.7125582098960876,3.6037533283233643,0.21284432709217072,0.43616294860839844,3.5825603008270264,-0.35536497831344604,0.4654194458518318,1
2026-09-24T12:26:25.941871,S012,S012_A5_Y_20260924_1226,elevated_20,A5,young,class_1,0.6878657341003418,0.39854684472084045,-0.8038262128829956,0.6877463459968567,0.31303855776786804,-0.7300294637680054,0.6956241130828857,0.312235563993454,-0.7298329472541809,0.7042051553726196,0.3109183609485626,-0.7299880385398865,0.6459153890609741,0.310266375541687,-0.7858989834785461,0.6221703886985779,0.3075251877307892,-0.7855178713798523,0.5962889194488525,0.30560505390167236,-0.7860876321792603,0.6648019552230835,0.32925817370414734,-0.3281311094760895,0.5115682482719421,0.32687824964523315,-0.6464701890945435,0.6775224208831787,0.4809727072715759,-0.6538227200508118,0.6287397146224976,0.48513802886009216,-0.7329612970352173,0.7952814698219299,0.7363409399986267,-0.08531825989484787,0.2418595850467682,0.770713746547699,-0.6057971715927124,0.8681107759475708,1.1606181859970093,0.11500571668148041,0.1218261867761612,1.297281265258789,-0.629514753818512,0.9236389994621277,1.6502922773361206,-0.13881324231624603,0.15499773621559143,1.7600998878479004,-0.894744873046875,0.977181613445282,1.790575385093689,-0.22248780727386475,0.11815762519836426,1.9191009998321533,-1.0128462314605713,0.9342590570449829,1.8052632808685303,-0.3188644349575043,0.18141672015190125,1.9259063005447388,-1.098253846168518,0.8999018669128418,1.759586215019226,-0.20300182700157166,0.2019970715045929,1.8630516529083252,-0.9409447908401489,0.716080904006958,1.740354061126709,0.025184039026498795,0.36017802357673645,1.757106065750122,-0.020097093656659126,0.6899847388267517,2.577934741973877,0.03857423737645149,0.3773271143436432,2.5948290824890137,-0.11018117517232895,0.6995736360549927,3.3746798038482666,0.6524650454521179,0.38033297657966614,3.3632168769836426,0.2572454810142517,0.6864121556282043,3.495662212371826,0.6750531196594238,0.3641982674598694,3.4811899662017822,0.2681308686733246,0.7211004495620728,3.600666046142578,0.06351031363010406,0.4536049962043762,3.580766201019287,-0.48626676201820374,0.4668587838497126,1
2026-09-24T12:26:26.075673,S012,S012_A5_Y_20260924_1226,elevated_20,A5,young,class_1,0.6868201494216919,0.39660149812698364,-0.795752763748169,0.6871179342269897,0.31269219517707825,-0.7255488634109497,0.6958358883857727,0.3116683065891266,-0.7252526879310608,0.7049926519393921,0.30979061126708984,-0.7253077626228333,0.6424967646598816,0.30991223454475403,-0.7821084856987,0.618488073348999,0.3067210912704468,-0.7816378474235535,0.5927734971046448,0.3046171963214874,-0.7820922136306763,0.6668683290481567,0.3285154402256012,-0.33651360869407654,0.5111855268478394,0.32679256796836853,-0.6332011818885803,0.6810156106948853,0.4792422354221344,-0.651206374168396,0.6301146149635315,0.4830540120601654,-0.7260206341743469,0.7967323064804077,0.7359252572059631,-0.0969293937087059,0.24183134734630585,0.7710580825805664,-0.5794960856437683,0.8689265251159668,1.1766413450241089,0.1473131626844406,0.12502402067184448,1.2936503887176514,-0.5890875458717346,0.9117290377616882,1.6481684446334839,-0.02469407394528389,0.17092981934547424,1.7577532529830933,-0.8769720196723938,0.9604809880256653,1.7899595499038696,-0.09757818281650543,0.1372247040271759,1.9130198955535889,-1.0029023885726929,0.9194008111953735,1.8029204607009888,-0.18436267971992493,0.20204055309295654,1.922143578529358,-1.0857350826263428,0.8860697746276855,1.759151577949524,-0.08156896382570267,0.2229616343975067,1.8609598875045776,-0.9355738759040833,0.7164593935012817,1.737756371498108,0.02251298539340496,0.3600916564464569,1.755069613456726,-0.01748725399374962,0.6899658441543579,2.5649139881134033,0.04401363059878349,0.3769269585609436,2.584716320037842,-0.08531088382005692,0.6972896456718445,3.348813772201538,0.7564358115196228,0.3790476620197296,3.3360371589660645,0.3814951777458191,0.6841215491294861,3.4700775146484375,0.7887189984321594,0.36317336559295654,3.4533987045288086,0.40636974573135376,0.7205632925033569,3.573629140853882,0.18661922216415405,0.4494904577732086,3.548975706100464,-0.33907002210617065,0.4677503423070338,1
2026-09-24T12:26:26.226845,S012,S012_A5_Y_20260924_1226,elevated_20,A5,young,class_1,0.6854876279830933,0.396136075258255,-0.8264874219894409,0.6863299012184143,0.3113378882408142,-0.7523293495178223,0.695805013179779,0.3104769289493561,-0.7521383762359619,0.7055968046188354,0.30891188979148865,-0.7522057294845581,0.6397684812545776,0.30881989002227783,-0.8189001083374023,0.6155048608779907,0.3060151934623718,-0.8185288310050964,0.590165913105011,0.3042159080505371,-0.8190398216247559,0.6694920063018799,0.32822364568710327,-0.33722469210624695,0.5099012851715088,0.3272877633571625,-0.6403852701187134,0.6842750310897827,0.478759765625,-0.6708039045333862,0.6304632425308228,0.48418372869491577,-0.7552828788757324,0.7993165850639343,0.7337237596511841,-0.10534001886844635,0.24237243831157684,0.7782506942749023,-0.5770636200904846,0.879059910774231,1.1790214776992798,0.13350440561771393,0.12998051941394806,1.3090591430664062,-0.6017073392868042,0.9303545951843262,1.6202541589736938,-0.09508426487445831,0.175058513879776,1.7610318660736084,-0.9198993444442749,0.9832999110221863,1.7584177255630493,-0.17824414372444153,0.14322429895401,1.916098713874817,-1.0418450832366943,0.9440242648124695,1.772491693496704,-0.2684193253517151,0.20505169034004211,1.9184870719909668,-1.1370103359222412,0.9084780812263489,1.7319315671920776,-0.1556648313999176,0.2262059450149536,1.8578510284423828,-0.971863865852356,0.730959415435791,1.7378044128417969,0.02050768956542015,0.3740028738975525,1.760385513305664,-0.015481805428862572,0.7169782519340515,2.5645315647125244,0.0343393012881279,0.3992411196231842,2.587794303894043,-0.07536982744932175,0.7352418899536133,3.347651243209839,0.7721010446548462,0.41891002655029297,3.3393867015838623,0.4120980203151703,0.7262470722198486,3.4697110652923584,0.8055612444877625,0.4048108160495758,3.455752372741699,0.4383920729160309,0.7571702599525452,3.569226026535034,0.18469220399856567,0.4916010797023773,3.5533101558685303,-0.32305264472961426,0.4700286821462214,1
2026-09-24T12:26:26.377880,S012,S012_A5_Y_20260924_1226,elevated_20,A5,young,class_1,0.6856900453567505,0.3955444395542145,-0.7917973399162292,0.6852537989616394,0.3104729652404785,-0.720042884349823,0.6941948533058167,0.3096984922885895,-0.7197259068489075,0.703473687171936,0.30826714634895325,-0.7198294997215271,0.6399093270301819,0.30851808190345764,-0.7858464121818542,0.6161831021308899,0.30542948842048645,-0.7853253483772278,0.5913798213005066,0.30317193269729614,-0.7857054471969604,0.6685473322868347,0.32815560698509216,-0.33392250537872314,0.5109299421310425,0.3260272443294525,-0.631342351436615,0.6842032670974731,0.4786129593849182,-0.6498060822486877,0.6323445439338684,0.4834624230861664,-0.732928454875946,0.7991751432418823,0.7336246371269226,-0.11014451831579208,0.24291221797466278,0.7781632542610168,-0.5788987874984741,0.8687346577644348,1.0345262289047241,0.11132073402404785,0.13002239167690277,1.305330753326416,-0.5973902940750122,0.9327471852302551,1.618086576461792,-0.14609754085540771,0.17218142747879028,1.759643793106079,-0.9005404710769653,0.9870861768722534,1.755367636680603,-0.23008327186107635,0.13945206999778748,1.9132126569747925,-1.0276134014129639,0.9448689222335815,1.7711074352264404,-0.3212670087814331,0.19973674416542053,1.9170053005218506,-1.1240355968475342,0.9095584750175476,1.730126976966858,-0.20793063938617706,0.22307559847831726,1.8558158874511719,-0.9536364674568176,0.7305105328559875,1.7343946695327759,0.019449055194854736,0.37329936027526855,1.754933476448059,-0.014373582787811756,0.7149632573127747,2.5578112602233887,0.03375503048300743,0.3965859115123749,2.5793352127075195,-0.07642041146755219,0.7284695506095886,3.3354532718658447,0.7540510892868042,0.4174526333808899,3.3255410194396973,0.38927894830703735,0.7187519669532776,3.457995891571045,0.7864921689033508,0.4020690321922302,3.4411611557006836,0.41093963384628296,0.751800537109375,3.5514419078826904,0.15840460360050201,0.48589712381362915,3.538905620574951,-0.32990652322769165,0.4713717386449306,1
2026-09-24T12:26:26.550626,S012,S012_A5_Y_20260924_1226,elevated_20,A5,young,class_1,0.6836147904396057,0.39514410495758057,-0.7807542681694031,0.6829493045806885,0.31011518836021423,-0.7124366760253906,0.6920519471168518,0.30903345346450806,-0.7120141983032227,0.7013905048370361,0.30738839507102966,-0.7120571136474609,0.6371975541114807,0.30820512771606445,-0.7742391228675842,0.6135311126708984,0.3050580620765686,-0.7736324071884155,0.5889389514923096,0.3029088079929352,-0.7739208936691284,0.6678407192230225,0.32793065905570984,-0.33769291639328003,0.5095165967941284,0.3258396089076996,-0.6278899908065796,0.6831361055374146,0.4784134328365326,-0.643626868724823,0.6306877732276917,0.48263081908226013,-0.7217012047767639,0.7992557287216187,0.7354695796966553,-0.1142788678407669,0.24291253089904785,0.7784102559089661,-0.5719956159591675,0.8616568446159363,1.0340969562530518,0.10446895658969879,0.13141021132469177,1.303979754447937,-0.5502498149871826,0.9338021278381348,1.6213078498840332,-0.15089847147464752,0.171714648604393,1.758412480354309,-0.7650812864303589,0.9886455535888672,1.7553355693817139,-0.23660612106323242,0.1366414725780487,1.9088780879974365,-0.8684296607971191,0.9452599287033081,1.770747423171997,-0.3262074589729309,0.19748179614543915,1.9094496965408325,-0.9619661569595337,0.9097869992256165,1.729597806930542,-0.21178586781024933,0.2207694947719574,1.8493882417678833,-0.8145807981491089,0.7301403284072876,1.7327275276184082,0.018945269286632538,0.3730999827384949,1.7520183324813843,-0.013923635706305504,0.7086246013641357,2.5528461933135986,0.028154710307717323,0.3950044810771942,2.5723817348480225,-0.07918259501457214,0.7164949178695679,3.3263518810272217,0.7507175207138062,0.40974146127700806,3.314495325088501,0.384807825088501,0.705668568611145,3.4471352100372314,0.784256637096405,0.3960421681404114,3.4287569522857666,0.4066312909126282,0.7382325530052185,3.539304256439209,0.14648213982582092,0.46972352266311646,3.522045612335205,-0.34028705954551697,0.47334131376313354,1
2026-09-24T12:26:26.653333,S012,S012_A5_Y_20260924_1226,elevated_20,A5,young,class_1,0.6726556420326233,0.3942743241786957,-0.8264991044998169,0.6742258071899414,0.3094603419303894,-0.7590779066085815,0.6844754219055176,0.30840200185775757,-0.7586158514022827,0.6939302682876587,0.3069181740283966,-0.7586484551429749,0.6252008676528931,0.3074778616428375,-0.8096653819084167,0.600552499294281,0.3045726716518402,-0.8089740872383118,0.5751680135726929,0.30261990427970886,-0.8092923164367676,0.6655756831169128,0.32797908782958984,-0.3738138973712921,0.4991084635257721,0.32578006386756897,-0.6230911016464233,0.6750206351280212,0.4781237840652466,-0.6835087537765503,0.6201322674751282,0.4824538230895996,-0.7466408014297485,0.8003730773925781,0.7426010966300964,-0.16899946331977844,0.24166040122509003,0.7816463112831116,-0.564410924911499,0.8638364672660828,1.1946407556533813,-0.019176531583070755,0.12823468446731567,1.3019373416900635,-0.5061547756195068,0.9144012331962585,1.6453527212142944,-0.2719101309776306,0.16705213487148285,1.7560614347457886,-0.7507596015930176,0.9616988301277161,1.7743061780929565,-0.3664754033088684,0.128660649061203,1.908219814300537,-0.8558496236801147,0.9162623286247253,1.7894150018692017,-0.445179283618927,0.19354592263698578,1.9071440696716309,-0.947088360786438,0.8839018940925598,1.7452385425567627,-0.3283994197845459,0.21839268505573273,1.8475157022476196,-0.7996228933334351,0.7292516231536865,1.735498309135437,0.009349262341856956,0.37279292941093445,1.7534829378128052,-0.00429455516859889,0.7071496248245239,2.553798198699951,0.026235759258270264,0.38952404260635376,2.573162317276001,-0.04472627490758896,0.7103219628334045,3.324740171432495,0.7595213651657104,0.3995051980018616,3.315722942352295,0.45531541109085083,0.7011040449142456,3.4449715614318848,0.794604480266571,0.38820895552635193,3.431043863296509,0.4829884171485901,0.7182608842849731,3.5398683547973633,0.16988322138786316,0.45238861441612244,3.5225348472595215,-0.2632809579372406,0.4716389071316261,1
2026-09-24T12:26:26.772103,S012,S012_A5_Y_20260924_1226,elevated_20,A5,young,class_1,0.6160157918930054,0.3953234553337097,-0.9301313161849976,0.6331854462623596,0.31299689412117004,-0.8589099645614624,0.6492197513580322,0.31260237097740173,-0.8584789037704468,0.6642027497291565,0.31199443340301514,-0.858442485332489,0.5776411294937134,0.30998465418815613,-0.8914560079574585,0.5513967871665955,0.30751553177833557,-0.8905474543571472,0.5259445309638977,0.3060900568962097,-0.8908173441886902,0.6585158109664917,0.33514919877052307,-0.4356749951839447,0.4668672978878021,0.33043497800827026,-0.616856575012207,0.6326656341552734,0.4800706207752228,-0.7734643220901489,0.5701780915260315,0.48193517327308655,-0.8115180730819702,0.8005877733230591,0.7569420337677002,-0.18926970660686493,0.23889067769050598,0.7876852750778198,-0.5183876752853394,0.8679195642471313,1.2438299655914307,-0.05347112566232681,0.12454733997583389,1.2993748188018799,-0.43527212738990784,0.9135432243347168,1.6478437185287476,-0.36951905488967896,0.1405486762523651,1.7259292602539062,-0.7621973752975464,0.959161102771759,1.7748339176177979,-0.47863298654556274,0.1132265105843544,1.8816851377487183,-0.871867299079895,0.9140524864196777,1.7876228094100952,-0.5618597865104675,0.17905637621879578,1.878570318222046,-0.9643343091011047,0.8828072547912598,1.7440814971923828,-0.43040934205055237,0.20754733681678772,1.8213945627212524,-0.8122780919075012,0.7281208038330078,1.7371376752853394,0.0070498064160346985,0.3653889000415802,1.7536048889160156,-0.0018431220669299364,0.7061327695846558,2.554213285446167,0.022960977628827095,0.3854481875896454,2.571359157562256,-0.04606277495622635,0.7098313570022583,3.3172240257263184,0.7490230202674866,0.39504989981651306,3.3086774349212646,0.44102129340171814,0.7011617422103882,3.436937093734741,0.7816267609596252,0.3856261372566223,3.424513339996338,0.4671691358089447,0.7036207914352417,3.5334312915802,0.13625788688659668,0.44648241996765137,3.516249418258667,-0.28827086091041565,0.47072470179233333,1
2026-09-24T12:26:26.883339,S012,S012_A5_Y_20260924_1226,elevated_20,A5,young,class_1,0.5698442459106445,0.3948405086994171,-0.9366821050643921,0.5992885828018188,0.31298890709877014,-0.8772059679031372,0.6187344789505005,0.3129067122936249,-0.8767560124397278,0.63881915807724,0.3130681812763214,-0.876695454120636,0.5371668338775635,0.31040725111961365,-0.8852263689041138,0.5115581750869751,0.3087975084781647,-0.8843232989311218,0.4853772521018982,0.3085159361362457,-0.8846238255500793,0.6550900340080261,0.3393838703632355,-0.4964573383331299,0.4375426173210144,0.3354526460170746,-0.5149765014648438,0.5992954969406128,0.4805670976638794,-0.7952035665512085,0.5284246802330017,0.4815268814563751,-0.8023354411125183,0.8028218150138855,0.7657458782196045,-0.27273231744766235,0.2391389161348343,0.7880516052246094,-0.4118596911430359,0.8967353105545044,1.2677313089370728,-0.26737043261528015,0.11113744974136353,1.29851496219635,-0.34632447361946106,0.9462572932243347,1.6368381977081299,-0.6911329627037048,0.12335220724344254,1.7265396118164062,-0.7500172853469849,0.9977507591247559,1.7477052211761475,-0.8340110778808594,0.08583502471446991,1.879744052886963,-0.8733654022216797,0.9472349882125854,1.7458487749099731,-0.9061027765274048,0.1546902060508728,1.8741651773452759,-0.9703013300895691,0.9154481887817383,1.7056399583816528,-0.7526005506515503,0.18558254837989807,1.8190940618515015,-0.805899441242218,0.7276545763015747,1.746673583984375,-0.0256695244461298,0.36512288451194763,1.7560579776763916,0.03139766678214073,0.7055054903030396,2.5591914653778076,0.020069975405931473,0.380719393491745,2.5723984241485596,0.03907667472958565,0.70953768491745,3.3201234340667725,0.7441370487213135,0.39448490738868713,3.311795473098755,0.5161327123641968,0.7050268650054932,3.439857244491577,0.7769986391067505,0.38500547409057617,3.427595853805542,0.5441293120384216,0.6808610558509827,3.5373003482818604,0.13402077555656433,0.44280117750167847,3.5202276706695557,-0.19834300875663757,0.47054427253809106,1
2026-09-24T12:26:27.012452,S012,S012_A5_Y_20260924_1226,elevated_20,A5,young,class_1,0.5552381873130798,0.39488255977630615,-0.9657743573188782,0.5850241184234619,0.3138781785964966,-0.9043253064155579,0.6041141748428345,0.3142058551311493,-0.9039319753646851,0.6228695511817932,0.3150971829891205,-0.9038420915603638,0.5234050154685974,0.3115987777709961,-0.9097098112106323,0.49877554178237915,0.3109295964241028,-0.908709704875946,0.4738945960998535,0.3115103840827942,-0.9089681506156921,0.6479969620704651,0.34346911311149597,-0.507935106754303,0.42982715368270874,0.33935198187828064,-0.5219625234603882,0.5852280855178833,0.4806070923805237,-0.8196060061454773,0.5142725110054016,0.4811628460884094,-0.8203459978103638,0.8026259541511536,0.7655454277992249,-0.2834694981575012,0.24022245407104492,0.7879025936126709,-0.4147980213165283,0.8956205248832703,1.2650240659713745,-0.24928836524486542,0.11176605522632599,1.2892470359802246,-0.3525077700614929,0.9238862991333008,1.6486886739730835,-0.6214219331741333,0.12064634263515472,1.7228493690490723,-0.7518427968025208,0.9666121602058411,1.7682902812957764,-0.7539679408073425,0.07727877795696259,1.870365858078003,-0.8777960538864136,0.9127901196479797,1.767129898071289,-0.8261765241622925,0.1449679136276245,1.8677654266357422,-0.9757038354873657,0.8842490911483765,1.7220942974090576,-0.6798767447471619,0.1774858683347702,1.813680648803711,-0.8091729283332825,0.7274823784828186,1.7437424659729004,-0.032240621745586395,0.36498701572418213,1.7499547004699707,0.03785879164934158,0.7041671276092529,2.552757740020752,0.0033964875619858503,0.3793605864048004,2.561793088912964,0.04220215231180191,0.706375241279602,3.3002121448516846,0.7299045324325562,0.3912491500377655,3.2942850589752197,0.514593780040741,0.7049537301063538,3.417560338973999,0.7635912895202637,0.3838757872581482,3.409860849380493,0.5417481660842896,0.667745053768158,3.516801357269287,0.10205497592687607,0.4351576268672943,3.503814220428467,-0.2105041742324829,0.4706370077408131,1
2026-09-24T12:26:27.133641,S012,S012_A5_Y_20260924_1226,elevated_20,A5,young,class_1,0.5310259461402893,0.3947720527648926,-0.9420977830886841,0.5611328482627869,0.3134371340274811,-0.8791054487228394,0.582221508026123,0.31339046359062195,-0.878716766834259,0.6035246253013611,0.3140365183353424,-0.878675639629364,0.4975949227809906,0.3114514946937561,-0.894993007183075,0.4731875956058502,0.31114307045936584,-0.8935537338256836,0.45024362206459045,0.31225746870040894,-0.8936786651611328,0.6379932165145874,0.3427109718322754,-0.5105640292167664,0.4171934723854065,0.3399948477745056,-0.4425380825996399,0.5678474307060242,0.4800373911857605,-0.7963148951530457,0.49132853746414185,0.48003944754600525,-0.7861747741699219,0.8046270608901978,0.7653287053108215,-0.3070532977581024,0.24682681262493134,0.7842150330543518,-0.33120423555374146,0.8757320642471313,1.0818111896514893,-0.3229960799217224,0.11411672830581665,1.2791999578475952,-0.26707878708839417,0.933240532875061,1.59197998046875,-0.7019438743591309,0.12198598682880402,1.7032378911972046,-0.682578444480896,0.9777274131774902,1.6889283657073975,-0.8436234593391418,0.07901521772146225,1.8428654670715332,-0.8104721903800964,0.9244809150695801,1.6760382652282715,-0.9018680453300476,0.14425243437290192,1.835985541343689,-0.917349636554718,0.895501971244812,1.639163851737976,-0.7552416324615479,0.17620278894901276,1.7845656871795654,-0.7469319105148315,0.7285792827606201,1.737439751625061,-0.05223860219120979,0.3660074770450592,1.7392102479934692,0.058371178805828094,0.7037473917007446,2.5445566177368164,-0.004004212096333504,0.3779991567134857,2.550839424133301,0.1129906177520752,0.7072293758392334,3.2865421772003174,0.7205322980880737,0.390989750623703,3.2838642597198486,0.6099379658699036,0.7106786966323853,3.4028143882751465,0.7559717893600464,0.3836635947227478,3.3985390663146973,0.6416146159172058,0.6660980582237244,3.5055110454559326,0.09191147238016129,0.43316832184791565,3.4982616901397705,-0.09974073618650436,0.4692520678425243,1
2026-09-24T12:26:27.281218,S012,S012_A5_Y_20260924_1226,elevated_20,A5,young,class_1,0.5206001400947571,0.3946291506290436,-0.9410613775253296,0.5498069524765015,0.3131259083747864,-0.8880594968795776,0.5695058107376099,0.3125663697719574,-0.8877243995666504,0.5919317007064819,0.3129478096961975,-0.8877097368240356,0.4853087365627289,0.31170541048049927,-0.8892642855644226,0.4612180292606354,0.31201469898223877,-0.8880410194396973,0.4395263195037842,0.31406134366989136,-0.8882431983947754,0.6294125914573669,0.3424372971057892,-0.5296646952629089,0.4103718400001526,0.34296515583992004,-0.46247658133506775,0.5601466298103333,0.4799331724643707,-0.8029733896255493,0.482361376285553,0.47978511452674866,-0.786281943321228,0.8050087690353394,0.7646854519844055,-0.31536832451820374,0.24904298782348633,0.7836113572120667,-0.3574964106082916,0.8795287013053894,1.1887344121932983,-0.3095155358314514,0.11787021160125732,1.2671562433242798,-0.28539735078811646,0.9164742231369019,1.604597568511963,-0.6497606039047241,0.12295447289943695,1.6914117336273193,-0.6732463240623474,0.9582851529121399,1.7107313871383667,-0.7808024287223816,0.0793151929974556,1.8299447298049927,-0.8038437962532043,0.9049869775772095,1.7026197910308838,-0.8492879867553711,0.1434081494808197,1.8272325992584229,-0.9050915837287903,0.8775091171264648,1.656237006187439,-0.7066665291786194,0.1754079908132553,1.7747379541397095,-0.734566330909729,0.7284163236618042,1.7255772352218628,-0.05335813760757446,0.36617326736450195,1.7271125316619873,0.05925046280026436,0.7038606405258179,2.528107166290283,-0.01847928762435913,0.3781653344631195,2.5326426029205322,0.0820808857679367,0.7104336023330688,3.2656590938568115,0.7030916810035706,0.3911932110786438,3.264353036880493,0.5584868788719177,0.7172449231147766,3.382455348968506,0.7380107045173645,0.3855723738670349,3.381019115447998,0.5867063403129578,0.6682989001274109,3.48443341255188,0.06555163115262985,0.4332219064235687,3.4758355617523193,-0.1631907820701599,0.4673566837071011,1
2026-09-24T12:26:27.438849,S012,S012_A5_Y_20260924_1226,elevated_20,A5,young,class_1,0.5120301842689514,0.3924795389175415,-0.9471624493598938,0.5418002605438232,0.3086608946323395,-0.9001368284225464,0.5610541105270386,0.30735906958580017,-0.8997403383255005,0.5830240249633789,0.3073135316371918,-0.8997224569320679,0.47486743330955505,0.3108825087547302,-0.8919873237609863,0.4518595337867737,0.31181925535202026,-0.890877902507782,0.4314001500606537,0.3139229118824005,-0.8911296725273132,0.6218140125274658,0.339976042509079,-0.5494251251220703,0.40384140610694885,0.34308740496635437,-0.47216662764549255,0.5545176267623901,0.47661298513412476,-0.8128098249435425,0.4734121263027191,0.4790046811103821,-0.7891914248466492,0.8076043128967285,0.7639647722244263,-0.3391139507293701,0.24935396015644073,0.7834669351577759,-0.3731716275215149,0.8987225294113159,1.230452299118042,-0.3530620336532593,0.11961209774017334,1.2668741941452026,-0.29766371846199036,0.9167548418045044,1.6268748044967651,-0.6981954574584961,0.12160861492156982,1.6935527324676514,-0.687114417552948,0.959154486656189,1.740821123123169,-0.8317159414291382,0.07355142384767532,1.8328869342803955,-0.8190638422966003,0.907497763633728,1.7403508424758911,-0.8980487585067749,0.13818082213401794,1.8308329582214355,-0.9216885566711426,0.879188060760498,1.692038655281067,-0.7541285157203674,0.1719004213809967,1.7777389287948608,-0.7498897314071655,0.7286838293075562,1.7262428998947144,-0.05910450220108032,0.36609551310539246,1.727512001991272,0.06506750732660294,0.7041489481925964,2.530242443084717,0.0019200710812583566,0.3776324987411499,2.535740852355957,0.10506485402584076,0.7117186188697815,3.2687487602233887,0.7581371665000916,0.39109179377555847,3.2669498920440674,0.6180937886238098,0.7205699682235718,3.3858284950256348,0.7974424362182617,0.38585928082466125,3.3840115070343018,0.6510022878646851,0.6676211953163147,3.48697829246521,0.13401788473129272,0.4317514896392822,3.4781668186187744,-0.087206169962883,0.4657860941087799,1
2026-09-24T12:26:27.602193,S012,S012_A5_Y_20260924_1226,elevated_20,A5,young,class_1,0.5065344572067261,0.3856574296951294,-0.9316776394844055,0.5370991826057434,0.2999245822429657,-0.8974015116691589,0.5559290647506714,0.2983491122722626,-0.8966964483261108,0.5773969888687134,0.2984433174133301,-0.8963427543640137,0.4691276550292969,0.30630064010620117,-0.8653609156608582,0.44658955931663513,0.30877700448036194,-0.8640763163566589,0.42697206139564514,0.3116971552371979,-0.8641979098320007,0.6174411773681641,0.3360985517501831,-0.5289642810821533,0.40040868520736694,0.3429733216762543,-0.4398655295372009,0.5510780215263367,0.46888217329978943,-0.8105408549308777,0.4688039720058441,0.4739544987678528,-0.7635816335678101,0.809181809425354,0.7637452483177185,-0.31942078471183777,0.2506334185600281,0.7823852300643921,-0.3521096110343933,0.9030104875564575,1.2523213624954224,-0.30708515644073486,0.134568989276886,1.2610136270523071,-0.26426923274993896,0.908581554889679,1.6437984704971313,-0.6210929751396179,0.140278160572052,1.6806557178497314,-0.6539528965950012,0.9480111002922058,1.7626473903656006,-0.7465848326683044,0.09264349192380905,1.8181507587432861,-0.7872040867805481,0.8916840553283691,1.7602496147155762,-0.8141741752624512,0.1543596237897873,1.816066026687622,-0.888013482093811,0.8640497922897339,1.7097376585006714,-0.676250159740448,0.18773354589939117,1.7621365785598755,-0.7176400423049927,0.7285345196723938,1.7209551334381104,-0.05703166127204895,0.3655189275741577,1.7208044528961182,0.0631672590970993,0.7037686109542847,2.520251989364624,2.592403870949056e-05,0.37685510516166687,2.5217530727386475,0.08741246163845062,0.7114219069480896,3.2546627521514893,0.7457194328308105,0.38854923844337463,3.252018690109253,0.579014003276825,0.7199153304100037,3.372525930404663,0.7852956056594849,0.38528475165367126,3.3707144260406494,0.6091547012329102,0.6646552681922913,3.470672845840454,0.12027796357870102,0.42730093002319336,3.461219310760498,-0.13585762679576874,0.46357303053038335,1
2026-09-24T12:26:27.761756,S012,S012_A5_Y_20260924_1226,elevated_20,A5,young,class_1,0.504635214805603,0.3818870782852173,-0.9077073335647583,0.5359405279159546,0.2953125238418579,-0.8783515691757202,0.5549181699752808,0.29395198822021484,-0.8774732351303101,0.5763448476791382,0.29434511065483093,-0.8770641088485718,0.46778908371925354,0.3026333451271057,-0.8403197526931763,0.4456446170806885,0.3056509792804718,-0.8389928936958313,0.42614373564720154,0.30887284874916077,-0.8390674591064453,0.6159399747848511,0.3336170017719269,-0.5186676979064941,0.3996829688549042,0.34222301840782166,-0.4161401391029358,0.5493772625923157,0.46405279636383057,-0.792275071144104,0.46691951155662537,0.4699874222278595,-0.739672064781189,0.809810996055603,0.7620909214019775,-0.31050366163253784,0.2507742941379547,0.7797923684120178,-0.3281538784503937,0.9108009338378906,1.2590264081954956,-0.29242584109306335,0.13882143795490265,1.2540758848190308,-0.21985697746276855,0.9070642590522766,1.6462013721466064,-0.5940618515014648,0.14114242792129517,1.669008731842041,-0.5988826751708984,0.9448491930961609,1.7646911144256592,-0.7183845639228821,0.09309912472963333,1.8033897876739502,-0.7298648357391357,0.8875601887702942,1.7605255842208862,-0.7834684252738953,0.15435048937797546,1.7987523078918457,-0.8352934122085571,0.8600741624832153,1.7102588415145874,-0.64784175157547,0.18771058320999146,1.7465213537216187,-0.6649650931358337,0.7259098291397095,1.7158256769180298,-0.05753212422132492,0.36076149344444275,1.7134792804718018,0.0638500526547432,0.6986942887306213,2.5128514766693115,-7.148808799684048e-05,0.3720839023590088,2.509735107421875,0.08406557887792587,0.7060233950614929,3.2449135780334473,0.7445796728134155,0.3819388449192047,3.2401349544525146,0.5645208954811096,0.7164381742477417,3.361279010772705,0.784325122833252,0.3807961940765381,3.3587307929992676,0.593632161617279,0.6538431644439697,3.4602127075195312,0.11974623054265976,0.4176422655582428,3.4482579231262207,-0.1420406997203827,0.46173189712510176,1
2026-09-24T12:26:27.882506,S012,S012_A5_Y_20260924_1226,elevated_20,A5,young,class_1,0.5059002637863159,0.379867285490036,-0.907542884349823,0.5365524888038635,0.29364460706710815,-0.8731297254562378,0.5553353428840637,0.292419970035553,-0.8723751902580261,0.5763593316078186,0.2929140329360962,-0.8720747232437134,0.4693725109100342,0.3013087809085846,-0.841314435005188,0.44730839133262634,0.30458182096481323,-0.8400387763977051,0.4280203878879547,0.3080083429813385,-0.8401390910148621,0.6149798631668091,0.3327699601650238,-0.516503632068634,0.40117591619491577,0.3421534299850464,-0.43254828453063965,0.5498880743980408,0.46143150329589844,-0.7880188226699829,0.4684178829193115,0.467576801776886,-0.7429699301719666,0.8104977607727051,0.7619542479515076,-0.30987268686294556,0.25014668703079224,0.780704140663147,-0.3438904285430908,0.9154807329177856,1.2616575956344604,-0.2937344014644623,0.12339852005243301,1.2546124458312988,-0.25025811791419983,0.9172055125236511,1.656563639640808,-0.6130027174949646,0.12616828083992004,1.672242283821106,-0.6215153932571411,0.9583655595779419,1.7764042615890503,-0.7418220639228821,0.07899755984544754,1.808098554611206,-0.7527008652687073,0.8976460695266724,1.7757738828659058,-0.8096734881401062,0.14168232679367065,1.804287314414978,-0.8564200401306152,0.8689640164375305,1.7272742986679077,-0.6689425706863403,0.17453330755233765,1.7514996528625488,-0.6858989000320435,0.7238420248031616,1.7160753011703491,-0.05580669641494751,0.35742366313934326,1.7147048711776733,0.06210772320628166,0.6965183019638062,2.515054941177368,-0.016427520662546158,0.3699454665184021,2.5140368938446045,0.08048177510499954,0.704853892326355,3.2510387897491455,0.7036346197128296,0.38058194518089294,3.2462995052337646,0.5319642424583435,0.7155464887619019,3.36800479888916,0.7392109036445618,0.3800634741783142,3.3641817569732666,0.556709885597229,0.6536563634872437,3.4670228958129883,0.07124371081590652,0.4165950417518616,3.4554226398468018,-0.17850495874881744,0.4610384198992203,1
2026-09-24T12:26:27.989860,S012,S012_A5_Y_20260924_1226,elevated_20,A5,young,class_1,0.5077343583106995,0.3787815272808075,-0.9408241510391235,0.5385252237319946,0.29268160462379456,-0.8921695947647095,0.5567192435264587,0.2916047275066376,-0.8915640711784363,0.577866792678833,0.2922305166721344,-0.8912943601608276,0.471294641494751,0.3002654016017914,-0.8750411868095398,0.4486238360404968,0.3035376965999603,-0.8739249110221863,0.42937812209129333,0.30700698494911194,-0.8740895390510559,0.615121603012085,0.33247897028923035,-0.5318063497543335,0.40198320150375366,0.3420313894748688,-0.45528119802474976,0.5511265397071838,0.4604863226413727,-0.8125977516174316,0.46950268745422363,0.4663902819156647,-0.7848731279373169,0.8111574053764343,0.7630761861801147,-0.3210769295692444,0.2483784705400467,0.7822023034095764,-0.3743554353713989,0.9146611094474792,1.2764145135879517,-0.3157534897327423,0.12056181579828262,1.270821452140808,-0.3039637804031372,0.917323112487793,1.6816688776016235,-0.658684492111206,0.12131023406982422,1.704149603843689,-0.7284014821052551,0.9584817886352539,1.8103622198104858,-0.7888062000274658,0.07226750999689102,1.8451898097991943,-0.873526930809021,0.8991020917892456,1.8179978132247925,-0.8614081144332886,0.1385776251554489,1.850836157798767,-0.9745684862136841,0.8701879382133484,1.7655640840530396,-0.7164274454116821,0.17145518958568573,1.7937716245651245,-0.7916576862335205,0.7240923047065735,1.7232223749160767,-0.055057890713214874,0.3569346070289612,1.7220187187194824,0.0615219846367836,0.6968302726745605,2.524172067642212,-0.0037734992802143097,0.3695460259914398,2.527700185775757,0.07432310283184052,0.7051319479942322,3.257798194885254,0.7355170249938965,0.37925291061401367,3.2567670345306396,0.5350024104118347,0.7155763506889343,3.3788859844207764,0.7718554735183716,0.3787858784198761,3.3772079944610596,0.5596089363098145,0.6550530195236206,3.475348711013794,0.10285624116659164,0.4168599545955658,3.4707751274108887,-0.18047337234020233,0.4600779118199805,1
2026-09-24T12:26:28.132189,S012,S012_A5_Y_20260924_1226,elevated_20,A5,young,class_1,0.5102802515029907,0.3748076260089874,-0.9361305236816406,0.540278971195221,0.2891477346420288,-0.886215329170227,0.5582340955734253,0.28843551874160767,-0.8856519460678101,0.5795263051986694,0.2893732488155365,-0.88543301820755,0.47359704971313477,0.29658350348472595,-0.8735362887382507,0.4509076476097107,0.2999899089336395,-0.8724386096000671,0.4314363896846771,0.3038584887981415,-0.8726143836975098,0.6156631708145142,0.33139678835868835,-0.5269616842269897,0.4034755229949951,0.34129348397254944,-0.4596187174320221,0.5528120994567871,0.4566592574119568,-0.806170642375946,0.4715209901332855,0.4622885286808014,-0.7838020920753479,0.8112353086471558,0.7633749842643738,-0.31488749384880066,0.2490500956773758,0.780259907245636,-0.3763422966003418,0.9137689471244812,1.2754552364349365,-0.29716771841049194,0.11903057992458344,1.2695260047912598,-0.3008318245410919,0.917415976524353,1.6801788806915283,-0.630308985710144,0.11785008758306503,1.7018457651138306,-0.7015680074691772,0.9585671424865723,1.8068805932998657,-0.7573397159576416,0.06808147579431534,1.8407505750656128,-0.8432289361953735,0.9001015424728394,1.8136242628097534,-0.8290818929672241,0.13463933765888214,1.8476195335388184,-0.94512939453125,0.8709885478019714,1.7628780603408813,-0.6874722242355347,0.16763098537921906,1.791260838508606,-0.765116810798645,0.7189397811889648,1.7233041524887085,-0.04929985851049423,0.3515167832374573,1.72183358669281,0.055958010256290436,0.6840572357177734,2.524836301803589,0.011467345990240574,0.35823720693588257,2.527202606201172,0.05558667331933975,0.684540867805481,3.2605416774749756,0.7432864904403687,0.3545345366001129,3.25784969329834,0.5159937143325806,0.6922416090965271,3.381272315979004,0.7796026468276978,0.35264426469802856,3.378105640411377,0.5394287109375,0.6349080204963684,3.478085994720459,0.12661004066467285,0.3899199664592743,3.4714572429656982,-0.19465500116348267,0.45903476246189023,1
2026-09-24T12:26:28.287270,S012,S012_A5_Y_20260924_1226,elevated_20,A5,young,class_1,0.5132904052734375,0.3718259632587433,-0.9549894332885742,0.5425296425819397,0.286874920129776,-0.8994711637496948,0.5604297518730164,0.28654661774635315,-0.8990127444267273,0.5814531445503235,0.28769364953041077,-0.8988574147224426,0.476309210062027,0.2929123044013977,-0.8965287208557129,0.4534406065940857,0.29609161615371704,-0.8955398797988892,0.43353161215782166,0.29991671442985535,-0.8957570791244507,0.6159914135932922,0.32980698347091675,-0.5283025503158569,0.4044864773750305,0.33924371004104614,-0.4950161576271057,0.554526686668396,0.45469745993614197,-0.8175056576728821,0.4738711416721344,0.45915189385414124,-0.8071915507316589,0.8111483454704285,0.7640027403831482,-0.3110751509666443,0.24928247928619385,0.779697060585022,-0.4136708676815033,0.9130576848983765,1.2766051292419434,-0.28851860761642456,0.1189803034067154,1.2733606100082397,-0.3311142325401306,0.9207221865653992,1.6855179071426392,-0.6230401992797852,0.11832775920629501,1.70975661277771,-0.7258645296096802,0.9642089605331421,1.8124126195907593,-0.7478407025337219,0.06897342950105667,1.8488929271697998,-0.8634133338928223,0.9053947329521179,1.8220689296722412,-0.8212345838546753,0.13512897491455078,1.8568382263183594,-0.9625155329704285,0.8755399584770203,1.7708675861358643,-0.6811781525611877,0.16795721650123596,1.7996035814285278,-0.7864288091659546,0.7189586162567139,1.7290130853652954,-0.04731930047273636,0.3510369062423706,1.7295607328414917,0.05383192375302315,0.684371292591095,2.5301785469055176,0.010811040177941322,0.3568986654281616,2.5340466499328613,0.05433950573205948,0.6857581734657288,3.2638237476348877,0.7415075898170471,0.35633495450019836,3.2591440677642822,0.516690194606781,0.6931866407394409,3.386324167251587,0.777533769607544,0.3543635606765747,3.379849910736084,0.5405555367469788,0.6384038329124451,3.4822707176208496,0.12515293061733246,0.3934839069843292,3.4723310470581055,-0.19306978583335876,0.45723569746835646,1
2026-09-24T12:26:28.442195,S012,S012_A5_Y_20260924_1226,elevated_20,A5,young,class_1,0.5139427185058594,0.3704186975955963,-0.9511508941650391,0.5432713627815247,0.2862936556339264,-0.8959410786628723,0.5611811876296997,0.2860032618045807,-0.8954809904098511,0.5822658538818359,0.28717586398124695,-0.8952915072441101,0.47727522253990173,0.2922538220882416,-0.8935182690620422,0.45442304015159607,0.2953966557979584,-0.8925202488899231,0.43447715044021606,0.29928430914878845,-0.8927227258682251,0.6163798570632935,0.3296293020248413,-0.5266863703727722,0.4053170084953308,0.3390973210334778,-0.4952690601348877,0.5551596879959106,0.4536782503128052,-0.8142509460449219,0.47438326478004456,0.4566611647605896,-0.8046761751174927,0.8100268244743347,0.76413893699646,-0.30937501788139343,0.2503246068954468,0.7783784866333008,-0.41139325499534607,0.9084692001342773,1.273627758026123,-0.2914310097694397,0.1169947013258934,1.255300521850586,-0.3249960243701935,0.9175125360488892,1.6818673610687256,-0.6290485262870789,0.11625218391418457,1.684865117073059,-0.7117252349853516,0.961017906665802,1.8065311908721924,-0.7549867033958435,0.06780184060335159,1.8193156719207764,-0.8465453386306763,0.903112530708313,1.8158996105194092,-0.8264209628105164,0.13331571221351624,1.8259937763214111,-0.9464171528816223,0.8731905817985535,1.7658259868621826,-0.6867328882217407,0.16549845039844513,1.7723891735076904,-0.7732828855514526,0.7069941759109497,1.7177906036376953,-0.044001225382089615,0.34249362349510193,1.7161242961883545,0.050453633069992065,0.6722216606140137,2.518169641494751,0.014756312593817711,0.35048675537109375,2.5158851146698,0.044009655714035034,0.6747263669967651,3.25036883354187,0.7404747605323792,0.3501057028770447,3.239452838897705,0.5052961111068726,0.681991457939148,3.3701179027557373,0.7763909101486206,0.34835898876190186,3.357682228088379,0.5298264026641846,0.6243709325790405,3.469062089920044,0.12432535737752914,0.3856995105743408,3.4485437870025635,-0.20263798534870148,0.45580876356446726,1
2026-09-24T12:26:28.584544,S012,S012_A5_Y_20260924_1226,elevated_20,A5,young,class_1,0.5130292177200317,0.3675394356250763,-0.9700275659561157,0.5432590246200562,0.2838034927845001,-0.9131189584732056,0.5611533522605896,0.2836461663246155,-0.9127165079116821,0.5822343230247498,0.2849794030189514,-0.9124864339828491,0.47701001167297363,0.2900942862033844,-0.9109905958175659,0.45417124032974243,0.2934795320034027,-0.9099727869033813,0.43446773290634155,0.2976878583431244,-0.9101635217666626,0.616561770439148,0.32882851362228394,-0.5343047380447388,0.40582576394081116,0.3386857807636261,-0.504518985748291,0.5549339652061462,0.45169389247894287,-0.8290395736694336,0.4736746847629547,0.45415571331977844,-0.8199607133865356,0.8098432421684265,0.7647880911827087,-0.3086504340171814,0.2518278956413269,0.7767807841300964,-0.41142186522483826,0.9069949388504028,1.2720534801483154,-0.2911183834075928,0.120742067694664,1.2466022968292236,-0.31854209303855896,0.9146572947502136,1.6803545951843262,-0.6421088576316833,0.11643625795841217,1.6804664134979248,-0.7140893936157227,0.9569230079650879,1.8051588535308838,-0.7713688611984253,0.06827427446842194,1.8167401552200317,-0.8540130853652954,0.8991488218307495,1.8132845163345337,-0.8471167683601379,0.133691668510437,1.8236370086669922,-0.9552507400512695,0.8698226809501648,1.7636001110076904,-0.7017949819564819,0.16573850810527802,1.7693467140197754,-0.7766603231430054,0.7045236229896545,1.714572787284851,-0.04327375814318657,0.3396023213863373,1.711321473121643,0.04972722381353378,0.6715766191482544,2.5150322914123535,0.023929644376039505,0.34945714473724365,2.5110228061676025,0.046624135226011276,0.6755895614624023,3.2451438903808594,0.7723604440689087,0.3510567545890808,3.2319629192352295,0.5400564670562744,0.6828153133392334,3.3642075061798096,0.8102682828903198,0.3495450019836426,3.348949909210205,0.568095326423645,0.6258256435394287,3.463859796524048,0.15028730034828186,0.3876761198043823,3.4413328170776367,-0.17693588137626648,0.4546523074615944,1
2026-09-24T12:26:28.746138,S012,S012_A5_Y_20260924_1226,elevated_20,A5,young,class_1,0.5116557478904724,0.36695584654808044,-1.0207889080047607,0.5424780249595642,0.2834032475948334,-0.9607493281364441,0.5601929426193237,0.28327131271362305,-0.9603867530822754,0.5804147124290466,0.28465181589126587,-0.9602023959159851,0.47627466917037964,0.2897253632545471,-0.9595535397529602,0.45344632863998413,0.29309767484664917,-0.9585135579109192,0.43413281440734863,0.297365665435791,-0.9586818814277649,0.6160672903060913,0.32860228419303894,-0.5642963647842407,0.40615734457969666,0.33862870931625366,-0.5383342504501343,0.5540574789047241,0.45077279210090637,-0.874004065990448,0.47305983304977417,0.45376378297805786,-0.8656439781188965,0.8087759017944336,0.7652479410171509,-0.319533109664917,0.25175297260284424,0.7756877541542053,-0.42447322607040405,0.9069697260856628,1.2715773582458496,-0.2958904206752777,0.12071345746517181,1.247443437576294,-0.32221853733062744,0.9216615557670593,1.678351879119873,-0.657646656036377,0.11467643082141876,1.6796666383743286,-0.7415385246276855,0.9675942659378052,1.8026716709136963,-0.7916226387023926,0.06521163135766983,1.8141827583312988,-0.888654887676239,0.9081804156303406,1.8128892183303833,-0.8690511584281921,0.13082656264305115,1.8201639652252197,-0.996220588684082,0.8778589367866516,1.7633147239685059,-0.7191046476364136,0.16315944492816925,1.7668626308441162,-0.8072514533996582,0.702993631362915,1.7143628597259521,-0.042996156960725784,0.3384634256362915,1.7111507654190063,0.04942122846841812,0.6710878014564514,2.5157997608184814,0.03490129113197327,0.3487139940261841,2.5122625827789307,0.060164473950862885,0.6760271787643433,3.2467873096466064,0.8026421666145325,0.3520461916923523,3.2339773178100586,0.5849104523658752,0.6833226680755615,3.3659143447875977,0.8409073948860168,0.3505397439002991,3.3509607315063477,0.6157382726669312,0.6258739829063416,3.464449405670166,0.16930678486824036,0.3894566297531128,3.44303297996521,-0.14193721115589142,0.4540223258771937,1
2026-09-24T12:26:28.914439,S012,S012_A5_Y_20260924_1226,elevated_20,A5,young,class_1,0.5099388957023621,0.36659643054008484,-1.0878385305404663,0.5411206483840942,0.283349871635437,-1.0229651927947998,0.5589512586593628,0.28323814272880554,-1.0227303504943848,0.5780112743377686,0.2846394181251526,-1.0226681232452393,0.4751012921333313,0.28962671756744385,-1.0289442539215088,0.4524449408054352,0.29300758242607117,-1.028026819229126,0.4335916042327881,0.2973271906375885,-1.0282403230667114,0.6147156357765198,0.32852551341056824,-0.5941904783248901,0.4062577784061432,0.3385281264781952,-0.5987666249275208,0.5530236959457397,0.45034709572792053,-0.9283297657966614,0.4723476469516754,0.453526109457016,-0.9288298487663269,0.8084357976913452,0.7666270136833191,-0.320622980594635,0.25005990266799927,0.7772507071495056,-0.4647645950317383,0.9038552045822144,1.2704918384552002,-0.2848217189311981,0.11579078435897827,1.2465163469314575,-0.35103505849838257,0.9219143986701965,1.678247094154358,-0.6586772799491882,0.11318987607955933,1.6802268028259277,-0.787542462348938,0.9680535197257996,1.8038363456726074,-0.7953795194625854,0.06426282227039337,1.8143360614776611,-0.9364762306213379,0.9095214009284973,1.814509630203247,-0.8807543516159058,0.1305372714996338,1.8221545219421387,-1.04806649684906,0.8791137933731079,1.7641651630401611,-0.7229740023612976,0.16235926747322083,1.7677204608917236,-0.852936863899231,0.7015813589096069,1.7145291566848755,-0.042700983583927155,0.33718928694725037,1.7125147581100464,0.04896146431565285,0.670265793800354,2.5163979530334473,0.054504670202732086,0.34731101989746094,2.5130836963653564,0.07707972824573517,0.6755767464637756,3.2481343746185303,0.8615044355392456,0.3524973690509796,3.2361128330230713,0.6530526876449585,0.6824737787246704,3.3673009872436523,0.9023321866989136,0.35112202167510986,3.353045701980591,0.688561737537384,0.6269694566726685,3.4650142192840576,0.2165038287639618,0.3906729817390442,3.4448771476745605,-0.09090574830770493,0.45391810930044757,1
2026-09-24T12:26:29.090710,S012,S012_A5_Y_20260924_1226,elevated_20,A5,young,class_1,0.5057588815689087,0.36440861225128174,-1.0821553468704224,0.5374074578285217,0.28075647354125977,-1.0208516120910645,0.5565604567527771,0.2800595462322235,-1.02096688747406,0.5743807554244995,0.28098228573799133,-1.0210933685302734,0.4712635576725006,0.2876451313495636,-1.0103654861450195,0.4494468569755554,0.291066437959671,-1.0093324184417725,0.4313533306121826,0.29555270075798035,-1.009382724761963,0.6126191020011902,0.3246007263660431,-0.5812491774559021,0.40589672327041626,0.3371318578720093,-0.5800924897193909,0.5501166582107544,0.4459896981716156,-0.9133718609809875,0.46896591782569885,0.4509739875793457,-0.9238656759262085,0.807968020439148,0.7668408155441284,-0.3260699510574341,0.2480975091457367,0.7725178599357605,-0.45751723647117615,0.9014800786972046,1.2806657552719116,-0.3082708716392517,0.11267058551311493,1.1356323957443237,-0.35999950766563416,0.9210494756698608,1.6813637018203735,-0.6606874465942383,0.09036608785390854,1.6754597425460815,-0.7771880626678467,0.9672127962112427,1.8048558235168457,-0.7927584648132324,0.040879517793655396,1.8076671361923218,-0.9212335348129272,0.9089824557304382,1.8151607513427734,-0.8743352890014648,0.10937213897705078,1.8159493207931519,-1.0268431901931763,0.8786918520927429,1.7652226686477661,-0.7236262559890747,0.1401374191045761,1.7624882459640503,-0.8412951231002808,0.6893937587738037,1.7135684490203857,-0.039563558995723724,0.3245558440685272,1.7085849046707153,0.046014655381441116,0.6524171233177185,2.5166361331939697,0.03234585002064705,0.32968252897262573,2.513550281524658,0.04207630455493927,0.6556802988052368,3.248459815979004,0.7601146697998047,0.33006200194358826,3.2372045516967773,0.5191189050674438,0.6628237366676331,3.3692164421081543,0.7941866517066956,0.32815665006637573,3.3533387184143066,0.5421146154403687,0.6047162413597107,3.465477705001831,0.12221203744411469,0.3675103485584259,3.4453482627868652,-0.2207835167646408,0.45238507368688285,1
2026-09-24T12:26:29.264097,S012,S012_A5_Y_20260924_1226,elevated_20,A5,young,class_1,0.5099120736122131,0.4313512444496155,-1.2608619928359985,0.5423339009284973,0.352297842502594,-1.1898853778839111,0.5623580813407898,0.3515929877758026,-1.1903752088546753,0.5820153951644897,0.35215047001838684,-1.1905556917190552,0.47538891434669495,0.3559529185295105,-1.1909210681915283,0.45232462882995605,0.35793420672416687,-1.1905584335327148,0.4335119128227234,0.3607986569404602,-1.191306471824646,0.6159458160400391,0.37874335050582886,-0.6888898015022278,0.4112838804721832,0.38647112250328064,-0.6831989288330078,0.5527583360671997,0.5124164819717407,-1.0700008869171143,0.4734733998775482,0.518992006778717,-1.0694267749786377,0.8096525073051453,0.8233591318130493,-0.334370493888855,0.2569586932659149,0.8022336959838867,-0.45291605591773987,0.8924171328544617,1.2987736463546753,-0.3025020360946655,0.12053723633289337,1.2827484607696533,-0.3588477671146393,0.8877835273742676,1.6975057125091553,-0.7536460161209106,0.10524902492761612,1.7168060541152954,-0.8751748204231262,0.9157928228378296,1.829697847366333,-0.9016558527946472,0.07142701745033264,1.852161169052124,-1.046644926071167,0.8678326606750488,1.8327516317367554,-1.0041301250457764,0.12717922031879425,1.8474196195602417,-1.1705496311187744,0.8421905636787415,1.778791069984436,-0.8240327835083008,0.15406599640846252,1.7932853698730469,-0.9457511901855469,0.6899572014808655,1.7819463014602661,-0.045852869749069214,0.3376319408416748,1.7741637229919434,0.05159776657819748,0.6565651893615723,2.5673797130584717,-0.2612876296043396,0.33603671193122864,2.558818817138672,-0.07990095764398575,0.6612223982810974,3.304833173751831,0.3165730834007263,0.35800713300704956,3.281323194503784,0.23002251982688904,0.6698733568191528,3.4264800548553467,0.32988354563713074,0.3558543026447296,3.3953044414520264,0.23268619179725647,0.6053577661514282,3.5122668743133545,-0.43355053663253784,0.40549787878990173,3.4919679164886475,-0.5665188431739807,0.4513245169251935,1
2026-09-24T12:26:29.410379,S012,S012_A5_Y_20260924_1226,elevated_20,A5,young,class_1,0.5297013521194458,0.5336211919784546,-1.3015921115875244,0.5586521029472351,0.4575752317905426,-1.2281724214553833,0.5788923501968384,0.45691385865211487,-1.2287944555282593,0.597302258014679,0.45690110325813293,-1.228902816772461,0.49555134773254395,0.4580249488353729,-1.2368319034576416,0.4721681475639343,0.45836296677589417,-1.236757516860962,0.4502438008785248,0.45957624912261963,-1.2376534938812256,0.6273491382598877,0.47794783115386963,-0.7015829086303711,0.4242274761199951,0.4873266816139221,-0.7218692302703857,0.5667035579681396,0.6137465238571167,-1.097529411315918,0.496381938457489,0.6153843402862549,-1.1038960218429565,0.8110699653625488,0.8856285214424133,-0.3307202160358429,0.2817634642124176,0.8820536732673645,-0.4421467185020447,0.897986114025116,1.295410394668579,-0.34142911434173584,0.19015491008758545,1.3726085424423218,-0.358302503824234,0.8664876222610474,1.5302708148956299,-0.9793483018875122,0.21781501173973083,1.7384260892868042,-0.8766544461250305,0.8770788311958313,1.6158103942871094,-1.1487610340118408,0.20635981857776642,1.867816686630249,-1.0525306463241577,0.8431482315063477,1.5776904821395874,-1.226222276687622,0.23921433091163635,1.8482025861740112,-1.166733741760254,0.8248907327651978,1.5470412969589233,-1.0422694683074951,0.2578510642051697,1.7955069541931152,-0.9428848028182983,0.7161132097244263,1.8591831922531128,-0.0457090400159359,0.37921664118766785,1.855355143547058,0.05148389935493469,0.6847499012947083,2.6158363819122314,-0.27249011397361755,0.3629889488220215,2.5876853466033936,-0.25499477982521057,0.7019957304000854,3.336399793624878,0.2539811134338379,0.4041544497013092,3.297478675842285,0.014944849535822868,0.7077894806861877,3.453765869140625,0.2612338662147522,0.4034208655357361,3.4048893451690674,0.013327333144843578,0.661922037601471,3.533576011657715,-0.49701133370399475,0.4652974009513855,3.507550001144409,-0.7770060896873474,0.45041030878311367,1
2026-09-24T12:26:29.576821,S012,S012_A5_Y_20260924_1226,elevated_20,A5,young,class_1,0.5421477556228638,0.608187735080719,-1.2118785381317139,0.5693609118461609,0.5324426889419556,-1.1836225986480713,0.5893873572349548,0.5342929363250732,-1.1824862957000732,0.6069257259368896,0.5372312664985657,-1.1819746494293213,0.5082453489303589,0.5316693782806396,-1.1567294597625732,0.4845120310783386,0.5337473154067993,-1.1555168628692627,0.4608420729637146,0.5373432636260986,-1.1557691097259521,0.6329659819602966,0.568705141544342,-0.5288776755332947,0.4280570149421692,0.5754721760749817,-0.6157620549201965,0.5750445127487183,0.6905757188796997,-1.0133497714996338,0.5059038400650024,0.6883936524391174,-1.096523642539978,0.8016233444213867,0.9518455862998962,-0.17468464374542236,0.2968382239341736,0.9321908950805664,-0.3359808027744293,0.9313300251960754,1.2877382040023804,-0.4906741976737976,0.17991122603416443,1.3561320304870605,-0.6691445112228394,0.8618553876876831,1.2150028944015503,-1.1310436725616455,0.24054710566997528,1.4692717790603638,-1.4895827770233154,0.8609997630119324,1.2054600715637207,-1.2753169536590576,0.2443678379058838,1.5232617855072021,-1.6756852865219116,0.801342785358429,1.0223575830459595,-1.263930320739746,0.27080124616622925,1.4649399518966675,-1.6946855783462524,0.8003765940666199,1.0123847723007202,-1.1568119525909424,0.2792373299598694,1.4507222175598145,-1.5256829261779785,0.7166823148727417,1.9463554620742798,-0.04305711016058922,0.3833243250846863,1.951265811920166,0.04819970205426216,0.6984561681747437,2.719928026199341,-0.18440642952919006,0.3822343051433563,2.7047016620635986,-0.17066727578639984,0.719805896282196,3.435474157333374,0.38460177183151245,0.4278574585914612,3.413736581802368,0.13072237372398376,0.7242447137832642,3.541595697402954,0.3945366442203522,0.4296168386936188,3.5121068954467773,0.13352401554584503,0.679710328578949,3.646333932876587,-0.3366277515888214,0.4810403287410736,3.627986192703247,-0.650029718875885,0.45101009862485103,1
2026-09-24T12:26:29.737599,S012,S012_A5_Y_20260924_1226,elevated_20,A5,young,class_1,0.5470836162567139,0.6293267011642456,-1.1998183727264404,0.5747693777084351,0.5548364520072937,-1.1313490867614746,0.5946539044380188,0.5557658672332764,-1.1312510967254639,0.611648440361023,0.5571450591087341,-1.1311320066452026,0.5146791338920593,0.5539544224739075,-1.144606351852417,0.49105945229530334,0.555205225944519,-1.1441937685012817,0.4673580527305603,0.5571852922439575,-1.1449129581451416,0.6350187659263611,0.5831640958786011,-0.5363439917564392,0.43405279517173767,0.5833597779273987,-0.6635279655456543,0.5787140130996704,0.7090666890144348,-0.9955257177352905,0.5116589069366455,0.7105711102485657,-1.037394404411316,0.7973767518997192,0.9476633667945862,-0.1791628897190094,0.29733747243881226,0.9559234380722046,-0.44272834062576294,0.9711275100708008,1.192326307296753,-0.5688472390174866,0.1851295530796051,1.427796721458435,-0.608944296836853,0.8529859781265259,0.9951725006103516,-1.3341809511184692,0.24379725754261017,1.7416387796401978,-1.1322252750396729,0.858176052570343,1.1187902688980103,-1.5097336769104004,0.2387922704219818,1.854154109954834,-1.293054223060608,0.7841167449951172,0.9471892714500427,-1.488933801651001,0.27489322423934937,1.8158127069473267,-1.3681442737579346,0.788817286491394,0.9438818097114563,-1.3645318746566772,0.2887350618839264,1.7813347578048706,-1.1841580867767334,0.7179770469665527,1.925119161605835,-0.020293230190873146,0.3872417211532593,1.9334052801132202,0.024763239547610283,0.7004872560501099,2.6950860023498535,-0.14613357186317444,0.3856913149356842,2.683077812194824,-0.13036346435546875,0.7224134206771851,3.4067652225494385,0.463452011346817,0.4307684302330017,3.3824734687805176,0.2199927121400833,0.726039469242096,3.5147321224212646,0.4805474877357483,0.4303045868873596,3.4841973781585693,0.23046907782554626,0.6872490644454956,3.6150386333465576,-0.22914688289165497,0.4908762574195862,3.595292806625366,-0.5346635580062866,0.45367556176356494,1
2026-09-24T12:26:29.891354,S012,S012_A5_Y_20260924_1226,elevated_20,A5,young,class_1,0.5468001365661621,0.6167251467704773,-1.1838340759277344,0.5741907358169556,0.5389806032180786,-1.1138907670974731,0.5938727855682373,0.5392842888832092,-1.1142709255218506,0.6112493276596069,0.5408881902694702,-1.11513352394104,0.5145485997200012,0.5411918759346008,-1.1227025985717773,0.49112945795059204,0.544065535068512,-1.1224517822265625,0.46837130188941956,0.5483394861221313,-1.1233277320861816,0.6349266767501831,0.5691487789154053,-0.540805995464325,0.43731650710105896,0.577971875667572,-0.6406618356704712,0.5788227319717407,0.6950321793556213,-0.9886752963066101,0.5112926363945007,0.7004500031471252,-1.0206035375595093,0.7975404262542725,0.9555904865264893,-0.19958584010601044,0.2982330322265625,0.9529800415039062,-0.42512622475624084,0.9563048481941223,1.341613531112671,-0.28320157527923584,0.1828918308019638,1.4242273569107056,-0.5446265935897827,0.8714319467544556,1.6835112571716309,-0.7350138425827026,0.2412436306476593,1.7529380321502686,-1.0523033142089844,0.8904183506965637,1.8226196765899658,-0.8718400001525879,0.22710685431957245,1.87373685836792,-1.2194721698760986,0.8318971395492554,1.8181759119033813,-0.9545561075210571,0.2786785662174225,1.8492425680160522,-1.3024276494979858,0.8187578320503235,1.768062949180603,-0.7961146831512451,0.2951183319091797,1.805298924446106,-1.1061570644378662,0.7191159725189209,1.9034687280654907,-0.025612929835915565,0.38731199502944946,1.9061495065689087,0.029757216572761536,0.7053868174552917,2.6767992973327637,-0.1718955934047699,0.38914671540260315,2.667018413543701,-0.11061934381723404,0.72182697057724,3.3948814868927,0.4021833539009094,0.4253980219364166,3.36983323097229,0.23596350848674774,0.7274057269096375,3.5065717697143555,0.4166058897972107,0.4238230288028717,3.475205898284912,0.24485543370246887,0.6827108860015869,3.60245943069458,-0.3020978569984436,0.48125553131103516,3.580530881881714,-0.5240277647972107,0.4521927866664941,1
2026-09-24T12:26:30.038028,S012,S012_A5_Y_20260924_1226,elevated_20,A5,young,class_1,0.5460308790206909,0.6034373641014099,-1.198920488357544,0.5734648704528809,0.525882363319397,-1.1308832168579102,0.5930482745170593,0.526335597038269,-1.1310945749282837,0.6106144785881042,0.5282898545265198,-1.1313960552215576,0.513394832611084,0.5279732346534729,-1.1367074251174927,0.4900164008140564,0.5302599668502808,-1.1362388134002686,0.46754151582717896,0.5337868928909302,-1.1369662284851074,0.6349092721939087,0.559172511100769,-0.6439105272293091,0.43750113248825073,0.5649863481521606,-0.6646408438682556,0.5785478353500366,0.6835152506828308,-1.0208719968795776,0.5106483697891235,0.6860131621360779,-1.027039647102356,0.7973286509513855,0.9494246244430542,-0.2605268359184265,0.29760289192199707,0.9474450945854187,-0.446831077337265,0.9391005635261536,1.3347746133804321,-0.17574134469032288,0.18050773441791534,1.4332783222198486,-0.43450742959976196,0.8734353184700012,1.6654146909713745,-0.5496945977210999,0.23110313713550568,1.7959063053131104,-0.9311564564704895,0.8974317312240601,1.7849528789520264,-0.6730998158454895,0.21221844851970673,1.9280409812927246,-1.0925735235214233,0.8519698977470398,1.7793821096420288,-0.7539328932762146,0.2652014493942261,1.9100173711776733,-1.197067141532898,0.8319324254989624,1.7353483438491821,-0.6102533340454102,0.2843397557735443,1.8578521013259888,-0.9889703989028931,0.718963623046875,1.8861881494522095,-0.029315683990716934,0.38510406017303467,1.88834810256958,0.03356664255261421,0.7046948075294495,2.665633201599121,-0.158950537443161,0.38751718401908875,2.6542913913726807,-0.04213026538491249,0.7205125689506531,3.3902456760406494,0.5418925285339355,0.42166703939437866,3.368412733078003,0.41564613580703735,0.726040244102478,3.500098466873169,0.5663577318191528,0.42089661955833435,3.4746391773223877,0.43712323904037476,0.6819104552268982,3.590853214263916,-0.17793691158294678,0.4766468405723572,3.569150447845459,-0.36207953095436096,0.4512785226798962,1
2026-09-24T12:26:30.166614,S012,S012_A5_Y_20260924_1226,elevated_20,A5,young,class_1,0.5446261167526245,0.5859191417694092,-1.1762847900390625,0.5718474388122559,0.5090225338935852,-1.1080981492996216,0.5907399654388428,0.5090454816818237,-1.1082793474197388,0.6087138652801514,0.5103121399879456,-1.1084835529327393,0.5121553540229797,0.5119472146034241,-1.1147773265838623,0.48947906494140625,0.514091432094574,-1.1142840385437012,0.46732473373413086,0.5176747441291809,-1.1149393320083618,0.634786069393158,0.5430070161819458,-0.6318398714065552,0.43732982873916626,0.5516532063484192,-0.6504819393157959,0.5783021450042725,0.6655260920524597,-0.9994850158691406,0.5101717710494995,0.6674745678901672,-1.0048449039459229,0.7959211468696594,0.9353411793708801,-0.2612798810005188,0.29940807819366455,0.933490514755249,-0.42348891496658325,0.9374178647994995,1.303578495979309,-0.20809730887413025,0.18698272109031677,1.4168237447738647,-0.3358634412288666,0.8714827299118042,1.563649296760559,-0.8187531232833862,0.23103435337543488,1.7767680883407593,-0.8257564306259155,0.8928179740905762,1.6508314609527588,-0.9896950721740723,0.21276509761810303,1.9079807996749878,-0.9919174313545227,0.8457727432250977,1.644128441810608,-1.065987229347229,0.2620263993740082,1.8939883708953857,-1.0978490114212036,0.8269570469856262,1.610249400138855,-0.8824129104614258,0.28126290440559387,1.8447219133377075,-0.8853005170822144,0.7146424055099487,1.8646950721740723,-0.029053494334220886,0.3834682106971741,1.86734139919281,0.033492665737867355,0.7005379796028137,2.6299798488616943,-0.17280788719654083,0.387332946062088,2.621953010559082,-0.08336511254310608,0.7113357186317444,3.340885639190674,0.3835541605949402,0.42060980200767517,3.3238630294799805,0.21513386070728302,0.7168018817901611,3.4509084224700928,0.39779311418533325,0.41885870695114136,3.4284026622772217,0.21754269301891327,0.6675728559494019,3.5393643379211426,-0.3143051266670227,0.47530531883239746,3.526013135910034,-0.5419963598251343,0.449258679565074,1
2026-09-24T12:26:30.318548,S012,S012_A5_Y_20260924_1226,elevated_20,A5,young,class_1,0.5431766510009766,0.5732331871986389,-1.050365686416626,0.5696000456809998,0.49809372425079346,-0.9967899322509766,0.5884830951690674,0.4974401891231537,-0.9967411756515503,0.6069101095199585,0.49745383858680725,-0.9967635273933411,0.5081609487533569,0.5034355521202087,-0.9928183555603027,0.48596176505088806,0.5051620602607727,-0.9921558499336243,0.46526727080345154,0.5072330832481384,-0.9925632476806641,0.6345970034599304,0.5364700555801392,-0.60443514585495,0.43617478013038635,0.5486937761306763,-0.5684309601783752,0.5777071714401245,0.6458662748336792,-0.9039149284362793,0.5089731812477112,0.6458055377006531,-0.8929556608200073,0.7960732579231262,0.9195231199264526,-0.28677406907081604,0.298237144947052,0.9141395092010498,-0.4038906991481781,0.8981574177742004,1.319661021232605,-0.23828795552253723,0.18669699132442474,1.415004849433899,-0.375404953956604,0.8698593378067017,1.6581312417984009,-0.6864340901374817,0.2283536195755005,1.7678685188293457,-0.9405810236930847,0.8949710726737976,1.7682708501815796,-0.8192662000656128,0.20729179680347443,1.8993886709213257,-1.1038641929626465,0.8460615277290344,1.7724277973175049,-0.9011144638061523,0.26140648126602173,1.8848925828933716,-1.1789486408233643,0.8276681900024414,1.729238748550415,-0.7477191090583801,0.2818394601345062,1.8343678712844849,-0.9931413531303406,0.7147059440612793,1.8018624782562256,-0.029796648770570755,0.38297340273857117,1.808977484703064,0.03444591909646988,0.700620174407959,2.5653533935546875,-0.15824389457702637,0.3863794207572937,2.565497636795044,-0.05985848233103752,0.7107676267623901,3.2757482528686523,0.41380882263183594,0.41983968019485474,3.2648000717163086,0.25844070315361023,0.7165621519088745,3.3859431743621826,0.4283270835876465,0.4183972477912903,3.3767857551574707,0.2660197615623474,0.6655080318450928,3.486431837081909,-0.2567664682865143,0.47199589014053345,3.463305711746216,-0.46163710951805115,0.447023531166699,1
2026-09-24T12:26:30.445437,S012,S012_A5_Y_20260924_1226,elevated_20,A5,young,class_1,0.539016604423523,0.5229505896568298,-0.9814749956130981,0.5649808049201965,0.44960489869117737,-0.9299413561820984,0.5829358696937561,0.44967231154441833,-0.9296291470527649,0.6012149453163147,0.4509606659412384,-0.929448127746582,0.5023122429847717,0.45791542530059814,-0.9258940815925598,0.48019322752952576,0.46270322799682617,-0.9251326322555542,0.4613284170627594,0.4670025706291199,-0.925510048866272,0.6314393281936646,0.49756941199302673,-0.5812954902648926,0.43420276045799255,0.5152674913406372,-0.5398116707801819,0.57553631067276,0.6027656197547913,-0.8488714098930359,0.5033565163612366,0.6034037470817566,-0.8375362157821655,0.8000362515449524,0.9166656732559204,-0.29890817403793335,0.2856181263923645,0.9128862023353577,-0.41373196244239807,0.8991591334342957,1.3656539916992188,-0.2595737874507904,0.15665221214294434,1.4052157402038574,-0.38031864166259766,0.8704633712768555,1.7445881366729736,-0.6361716985702515,0.18634524941444397,1.7623156309127808,-0.8591833114624023,0.89839106798172,1.8682135343551636,-0.753196120262146,0.14969293773174286,1.895467758178711,-1.0027495622634888,0.8466231226921082,1.8712409734725952,-0.8270096778869629,0.21784624457359314,1.888277292251587,-1.075977087020874,0.8283195495605469,1.8186196088790894,-0.6923994421958923,0.24436335265636444,1.83444344997406,-0.9104664921760559,0.709246039390564,1.8042165040969849,-0.02564561739563942,0.3585292398929596,1.8075292110443115,0.031008481979370117,0.6862529516220093,2.5673458576202393,-0.004388066474348307,0.364592969417572,2.5613043308258057,-0.013498427346348763,0.6892286539077759,3.2651991844177246,0.6862815618515015,0.3770311772823334,3.2436106204986572,0.4589267671108246,0.6945227384567261,3.3794984817504883,0.7193862199783325,0.37321239709854126,3.359889268875122,0.4844585359096527,0.640713095664978,3.476414918899536,0.09202274680137634,0.4222303330898285,3.440537214279175,-0.2170148640871048,0.4454184509659447,1
2026-09-24T12:26:30.597382,S012,S012_A5_Y_20260924_1226,elevated_20,A5,young,class_1,0.5274778008460999,0.4872589707374573,-0.9913741946220398,0.5567879676818848,0.41640228033065796,-0.931117832660675,0.5761384963989258,0.4169164001941681,-0.9306920766830444,0.5940727591514587,0.4189828634262085,-0.9304116368293762,0.49301719665527344,0.42379266023635864,-0.933576226234436,0.47270822525024414,0.42916375398635864,-0.9330183267593384,0.45542097091674805,0.4349549114704132,-0.9334201812744141,0.6271425485610962,0.4599810540676117,-0.5891796350479126,0.43285995721817017,0.47935640811920166,-0.5431995987892151,0.5686987042427063,0.5636537075042725,-0.8556057214736938,0.49381667375564575,0.5655755400657654,-0.8405593633651733,0.80010986328125,0.8931435346603394,-0.2972378730773926,0.28279420733451843,0.8885317444801331,-0.4254682660102844,0.8994480967521667,1.3523889780044556,-0.2447071373462677,0.15625518560409546,1.374890923500061,-0.38367462158203125,0.876754105091095,1.7189123630523682,-0.6426737904548645,0.18386447429656982,1.7378203868865967,-0.8935462236404419,0.9080626368522644,1.8468635082244873,-0.7669795155525208,0.14894013106822968,1.8752942085266113,-1.05100679397583,0.8555315732955933,1.8479403257369995,-0.8543936014175415,0.21492800116539001,1.8771988153457642,-1.1384575366973877,0.8337710499763489,1.7935374975204468,-0.7044435143470764,0.24037139117717743,1.8181813955307007,-0.9506087303161621,0.7090714573860168,1.7750133275985718,-0.02592059038579464,0.3582150638103485,1.7788318395614624,0.03128567710518837,0.6905760169029236,2.5272738933563232,-0.02605539932847023,0.36815905570983887,2.527329206466675,0.006987878121435642,0.6953208446502686,3.2226450443267822,0.6507043838500977,0.3802244961261749,3.209165096282959,0.46817463636398315,0.7017253637313843,3.3379058837890625,0.6802038550376892,0.3764268159866333,3.3268914222717285,0.49076372385025024,0.645840048789978,3.434556007385254,0.011970214545726776,0.42652082443237305,3.4049007892608643,-0.24330320954322815,0.4440508451236493,1
2026-09-24T12:26:30.736107,S012,S012_A5_Y_20260924_1226,elevated_20,A5,young,class_1,0.5252957344055176,0.43079933524131775,-1.0403778553009033,0.5554741024971008,0.36372968554496765,-0.9702568054199219,0.5740369558334351,0.36589565873146057,-0.9699910283088684,0.5920356512069702,0.36897677183151245,-0.9699885249137878,0.4909209609031677,0.36480289697647095,-0.9767886400222778,0.4698828160762787,0.3682217299938202,-0.9762630462646484,0.45215797424316406,0.3733423948287964,-0.9767839312553406,0.625301718711853,0.4136424958705902,-0.5891743898391724,0.43030357360839844,0.4192074239253998,-0.5582507848739624,0.5665910840034485,0.5194029211997986,-0.884247899055481,0.48851269483566284,0.5215588808059692,-0.8798264265060425,0.7993738651275635,0.8626744747161865,-0.2819867730140686,0.27355772256851196,0.8370894193649292,-0.44832831621170044,0.8900154829025269,1.3489902019500732,-0.24211132526397705,0.14087583124637604,1.2927253246307373,-0.46978768706321716,0.8721488118171692,1.7000839710235596,-0.6754480600357056,0.1458483338356018,1.6546728610992432,-1.0876190662384033,0.901162326335907,1.8348023891448975,-0.8056831359863281,0.10445374250411987,1.7878689765930176,-1.26900315284729,0.846563458442688,1.834858775138855,-0.8557316064834595,0.17258630692958832,1.8016048669815063,-1.3602886199951172,0.8258590698242188,1.7758585214614868,-0.7323123216629028,0.19794511795043945,1.7440121173858643,-1.148819923400879,0.6941214203834534,1.7418888807296753,-0.010210098698735237,0.34562695026397705,1.7357326745986938,0.015920177102088928,0.6774398684501648,2.4927070140838623,-0.015262427739799023,0.3569534420967102,2.483128070831299,0.005300574004650116,0.6810434460639954,3.1836960315704346,0.6396891474723816,0.3697986900806427,3.165039539337158,0.4396035075187683,0.6875360608100891,3.3014800548553467,0.6663511395454407,0.3658883571624756,3.2831883430480957,0.46299129724502563,0.629905641078949,3.3925716876983643,-0.013223813846707344,0.4176367223262787,3.3626506328582764,-0.28689736127853394,0.44269217858373217,1
2026-09-24T12:26:30.903727,S012,S012_A5_Y_20260924_1226,elevated_20,A5,young,class_1,0.5203641653060913,0.4276595711708069,-1.124106764793396,0.5519295334815979,0.36030328273773193,-1.0546817779541016,0.5708739757537842,0.3631094694137573,-1.0546207427978516,0.5883830785751343,0.3662158250808716,-1.0547430515289307,0.4874567985534668,0.361784964799881,-1.0604698657989502,0.46656689047813416,0.365681916475296,-1.0598373413085938,0.44849467277526855,0.37045589089393616,-1.0603711605072021,0.622832179069519,0.4095645546913147,-0.626105010509491,0.42852848768234253,0.41648679971694946,-0.6180744767189026,0.5629900693893433,0.5130144953727722,-0.9581740498542786,0.48277026414871216,0.5153642296791077,-0.9572151303291321,0.7994099855422974,0.8563101291656494,-0.31510043144226074,0.2653735280036926,0.8354584574699402,-0.4783870577812195,0.8910881280899048,1.3456766605377197,-0.2778535783290863,0.13714759051799774,1.2968758344650269,-0.4711613059043884,0.8726131319999695,1.69911527633667,-0.7370410561561584,0.1447644978761673,1.6615118980407715,-1.0547711849212646,0.901565670967102,1.8345118761062622,-0.8739641308784485,0.10652472823858261,1.7927093505859375,-1.229068398475647,0.8470126390457153,1.8364461660385132,-0.9554777145385742,0.17216172814369202,1.802074909210205,-1.3229163885116577,0.825986385345459,1.7778053283691406,-0.799552321434021,0.1966353952884674,1.7459005117416382,-1.1155085563659668,0.6934061646461487,1.7392293214797974,-0.012318523600697517,0.34474363923072815,1.733156681060791,0.01814083196222782,0.6721058487892151,2.489163875579834,0.041238971054553986,0.3488042652606964,2.4794466495513916,0.0474395677447319,0.6676341891288757,3.1751298904418945,0.7770033478736877,0.35785219073295593,3.154322624206543,0.5718640089035034,0.6740401387214661,3.291486978530884,0.8123720288276672,0.3554517924785614,3.27009654045105,0.6006935834884644,0.6106176972389221,3.383859872817993,0.1310638189315796,0.4022112786769867,3.3524985313415527,-0.1482396125793457,0.4411723216200533,1
2026-09-24T12:26:31.080096,S012,S012_A5_Y_20260924_1226,elevated_20,A5,young,class_1,0.5184649229049683,0.437412828207016,-1.0314539670944214,0.5500791072845459,0.367761492729187,-0.9717384576797485,0.5690221190452576,0.36991995573043823,-0.9716241955757141,0.5858348608016968,0.37272751331329346,-0.9717226028442383,0.48506832122802734,0.3702406585216522,-0.9755789637565613,0.4642738699913025,0.37428438663482666,-0.9748859405517578,0.4460882544517517,0.3791755437850952,-0.9753743410110474,0.6189464330673218,0.4145829379558563,-0.5889195203781128,0.42642027139663696,0.4226609170436859,-0.5824688076972961,0.5602540969848633,0.5210375189781189,-0.8863849639892578,0.4802875518798828,0.5237511396408081,-0.8853980898857117,0.7975350618362427,0.857841432094574,-0.3145381510257721,0.261209636926651,0.838604748249054,-0.4632128179073334,0.8901759386062622,1.3409494161605835,-0.23633559048175812,0.1377071738243103,1.3025034666061401,-0.381416916847229,0.8731619119644165,1.695392370223999,-0.5779204368591309,0.14941373467445374,1.6675137281417847,-0.8293083906173706,0.9046662449836731,1.826459288597107,-0.6882249116897583,0.11268983781337738,1.797682523727417,-0.9668757319450378,0.8483793139457703,1.8290953636169434,-0.771169900894165,0.17828401923179626,1.8027617931365967,-1.0570462942123413,0.826245129108429,1.7724336385726929,-0.6354010701179504,0.20178134739398956,1.7472217082977295,-0.8841035962104797,0.6887237429618835,1.7372996807098389,-0.013335932977497578,0.341318279504776,1.7327029705047607,0.01912498101592064,0.6698349714279175,2.4751975536346436,-0.02676401101052761,0.34801146388053894,2.467226982116699,0.0050821066834032536,0.6657097339630127,3.1628196239471436,0.5639857053756714,0.35477009415626526,3.1374635696411133,0.3871844708919525,0.6715877056121826,3.2808706760406494,0.586389422416687,0.3510255217552185,3.25481915473938,0.39985424280166626,0.6116657257080078,3.3693931102752686,-0.041053835302591324,0.3995589315891266,3.3314738273620605,-0.27483269572257996,0.43887732371954236,1
2026-09-24T12:26:31.240418,S012,S012_A5_Y_20260924_1226,elevated_20,A5,young,class_1,0.5173298120498657,0.4435317814350128,-1.033119559288025,0.5489161014556885,0.37198105454444885,-0.9741395711898804,0.5681103467941284,0.3733616769313812,-0.9741217494010925,0.5849167108535767,0.37568551301956177,-0.9742382764816284,0.48363369703292847,0.3758535087108612,-0.9783307313919067,0.46286091208457947,0.3798999488353729,-0.9776965379714966,0.4446662366390228,0.3846840262413025,-0.9782201051712036,0.6174307465553284,0.4150499701499939,-0.5850714445114136,0.42529740929603577,0.4267851412296295,-0.58173668384552,0.5594539642333984,0.5255141854286194,-0.8841907382011414,0.48022913932800293,0.529011070728302,-0.883969783782959,0.7975545525550842,0.8526636362075806,-0.3091786503791809,0.2617928385734558,0.8406676650047302,-0.46061745285987854,0.8822723627090454,1.3325318098068237,-0.23065903782844543,0.1344047337770462,1.3062183856964111,-0.3763856887817383,0.8737075924873352,1.686816930770874,-0.5977833271026611,0.15307100117206573,1.6705073118209839,-0.8084774017333984,0.9079697728157043,1.814984917640686,-0.7106274366378784,0.11836068332195282,1.7996933460235596,-0.9464250802993774,0.8549098968505859,1.8158496618270874,-0.7988198399543762,0.18229693174362183,1.802067518234253,-1.030676245689392,0.8306552171707153,1.761576771736145,-0.6581283807754517,0.20550748705863953,1.7475322484970093,-0.8597633242607117,0.6890920400619507,1.7286111116409302,-0.01385175995528698,0.3445412218570709,1.72919499874115,0.019552215933799744,0.6718038320541382,2.460857629776001,-0.06903713941574097,0.3516658842563629,2.4577584266662598,-0.029245754703879356,0.6697216033935547,3.14601731300354,0.4889354705810547,0.35837697982788086,3.12644362449646,0.3040162920951843,0.6764155030250549,3.2617204189300537,0.5087149143218994,0.3542139530181885,3.241790771484375,0.31326693296432495,0.6149731278419495,3.353639841079712,-0.12892664968967438,0.4039672017097473,3.3203070163726807,-0.3699946999549866,0.4371533263633451,1
2026-09-24T12:26:31.396963,S012,S012_A5_Y_20260924_1226,elevated_20,A5,young,class_1,0.5163708925247192,0.44594746828079224,-1.1336615085601807,0.5472513437271118,0.37506723403930664,-1.0709327459335327,0.5667107105255127,0.37664535641670227,-1.0711860656738281,0.5832564830780029,0.3789754807949066,-1.0713222026824951,0.48236364126205444,0.3773307204246521,-1.0799784660339355,0.46161165833473206,0.38124415278434753,-1.0796366930007935,0.4433463513851166,0.38646966218948364,-1.0803587436676025,0.6152196526527405,0.41745880246162415,-0.6395210027694702,0.4241587519645691,0.4279331862926483,-0.6607441306114197,0.5586889386177063,0.5292808413505554,-0.9653373956680298,0.4801446497440338,0.5321215391159058,-0.971971869468689,0.7979289889335632,0.8531743884086609,-0.30779391527175903,0.2621001601219177,0.8413210511207581,-0.4814980924129486,0.8833238482475281,1.326529860496521,-0.23585093021392822,0.14371144771575928,1.322658658027649,-0.3798503279685974,0.8746249079704285,1.6867111921310425,-0.6278537511825562,0.1780543178319931,1.6936646699905396,-0.8417757749557495,0.908198356628418,1.818081021308899,-0.7384814023971558,0.15636667609214783,1.827406406402588,-0.9890569448471069,0.8552063703536987,1.8212834596633911,-0.8575813174247742,0.21403911709785461,1.8283041715621948,-1.0764210224151611,0.8310407400131226,1.7637882232666016,-0.6972472071647644,0.23301012814044952,1.7696385383605957,-0.8944500684738159,0.6914875507354736,1.7350167036056519,-0.010216222144663334,0.35288578271865845,1.7349902391433716,0.015713784843683243,0.6761826872825623,2.468339681625366,-0.10256296396255493,0.35784006118774414,2.465275287628174,-0.0910688117146492,0.6825056672096252,3.1507647037506104,0.4605933129787445,0.37971967458724976,3.131671667098999,0.2464400827884674,0.690101683139801,3.26723575592041,0.48125728964805603,0.37884795665740967,3.246875762939453,0.2539916932582855,0.6319336891174316,3.357288122177124,-0.17339560389518738,0.43075090646743774,3.3235466480255127,-0.44540509581565857,0.43545576250758267,1
2026-09-24T12:26:31.553313,S012,S012_A5_Y_20260924_1226,elevated_20,A5,young,class_1,0.5147530436515808,0.44920554757118225,-1.0996952056884766,0.5454956293106079,0.3773663341999054,-1.0430313348770142,0.5653536319732666,0.3784095048904419,-1.0432069301605225,0.5814396142959595,0.3803286850452423,-1.0433084964752197,0.48054590821266174,0.38048356771469116,-1.0473606586456299,0.45966362953186035,0.38437896966934204,-1.0470073223114014,0.4412670135498047,0.38943153619766235,-1.0477266311645508,0.6126124858856201,0.4176807999610901,-0.6325687170028687,0.4231719970703125,0.4304506182670593,-0.6560422778129578,0.5577236413955688,0.5306042432785034,-0.9455035328865051,0.47900494933128357,0.5343995690345764,-0.9462800025939941,0.7999293804168701,0.8551033139228821,-0.3119468092918396,0.26069027185440063,0.844899594783783,-0.47612443566322327,0.8890212178230286,1.3333380222320557,-0.259752094745636,0.14369532465934753,1.3399420976638794,-0.3837173581123352,0.8753535151481628,1.716315507888794,-0.6337255835533142,0.1782217174768448,1.727187991142273,-0.8177006840705872,0.9083221554756165,1.8525645732879639,-0.7398477792739868,0.15617026388645172,1.8642783164978027,-0.9593846201896667,0.8543473482131958,1.8543905019760132,-0.86278235912323,0.2142922431230545,1.8623849153518677,-1.0469160079956055,0.8306449055671692,1.7943328619003296,-0.6990612745285034,0.23389950394630432,1.8034831285476685,-0.8696376085281372,0.6922526359558105,1.7410686016082764,-0.010400239378213882,0.3531746566295624,1.741657018661499,0.015873730182647705,0.6763507127761841,2.472261667251587,-0.09891702234745026,0.3558376133441925,2.4701294898986816,-0.08117493987083435,0.6820577383041382,3.1631722450256348,0.49061131477355957,0.37811800837516785,3.1440322399139404,0.284210205078125,0.6898986101150513,3.279360771179199,0.5128640532493591,0.37736865878105164,3.258878231048584,0.29545319080352783,0.6292449831962585,3.3691489696502686,-0.15337514877319336,0.42969927191734314,3.337967872619629,-0.4344399571418762,0.43420041590290953,1
2026-09-24T12:26:31.717110,S012,S012_A5_Y_20260924_1226,elevated_20,A5,young,class_1,0.5147666335105896,0.45094892382621765,-1.0536434650421143,0.545455276966095,0.3788493275642395,-0.999367356300354,0.5652932524681091,0.3798637092113495,-0.999468982219696,0.5814663171768188,0.381746768951416,-0.9995533227920532,0.48061293363571167,0.38144853711128235,-1.001377820968628,0.4597203731536865,0.38527268171310425,-1.0008556842803955,0.44131413102149963,0.3905159831047058,-1.0014891624450684,0.6126896739006042,0.41859114170074463,-0.6148422360420227,0.4231368899345398,0.4313661754131317,-0.6168270707130432,0.557715117931366,0.532260000705719,-0.9061354398727417,0.47905460000038147,0.5359960794448853,-0.9040082097053528,0.8001543879508972,0.8557707071304321,-0.3158625364303589,0.2633952498435974,0.8457608819007874,-0.46355342864990234,0.8877270817756653,1.3321348428726196,-0.2727903127670288,0.16656707227230072,1.334410548210144,-0.3561035990715027,0.8664778470993042,1.7108677625656128,-0.638428807258606,0.1961616575717926,1.7221978902816772,-0.7516340017318726,0.8953609466552734,1.8455548286437988,-0.7505893707275391,0.17039786279201508,1.8596795797348022,-0.8890002369880676,0.8382340669631958,1.8461145162582397,-0.8453141450881958,0.22624126076698303,1.8607995510101318,-0.9755489230155945,0.816533088684082,1.7873804569244385,-0.6979359984397888,0.2479490488767624,1.8010531663894653,-0.8045274615287781,0.6925718188285828,1.7367783784866333,-0.011310450732707977,0.3536040186882019,1.7369306087493896,0.016778402030467987,0.6744345426559448,2.464202880859375,-0.09546969830989838,0.3549535870552063,2.4549434185028076,-0.0742710679769516,0.674856960773468,3.144920587539673,0.4731622338294983,0.37433797121047974,3.1188666820526123,0.2797124981880188,0.6822444200515747,3.257784128189087,0.4948481619358063,0.3737439513206482,3.2331573963165283,0.2904307246208191,0.6181198358535767,3.3559634685516357,-0.14814099669456482,0.42217618227005005,3.3115394115448,-0.4132052958011627,0.4321929992823271,1
2026-09-24T12:26:31.874202,S012,S012_A5_Y_20260924_1226,elevated_20,A5,young,class_1,0.5147939920425415,0.4589347541332245,-1.0568196773529053,0.5450183153152466,0.38392484188079834,-1.002401351928711,0.5648468732833862,0.3848752975463867,-1.0025880336761475,0.580915093421936,0.3857828676700592,-1.0026705265045166,0.48007482290267944,0.3878380060195923,-1.002846121788025,0.45908308029174805,0.3907880485057831,-1.002399206161499,0.440290629863739,0.3949388563632965,-1.0030403137207031,0.6123651266098022,0.4235018193721771,-0.6161189675331116,0.42255592346191406,0.43652626872062683,-0.6152085065841675,0.557733416557312,0.5393646955490112,-0.9106860160827637,0.4790957570075989,0.5437244772911072,-0.9068374633789062,0.8008347749710083,0.8577390313148499,-0.32713401317596436,0.2677687704563141,0.8544695377349854,-0.4563528597354889,0.8931806683540344,1.3309457302093506,-0.29224085807800293,0.16800174117088318,1.3388020992279053,-0.3617991805076599,0.867717444896698,1.706191897392273,-0.6627663373947144,0.2125518023967743,1.7179676294326782,-0.7911619544029236,0.895988941192627,1.8387353420257568,-0.7772818803787231,0.1947089582681656,1.8534189462661743,-0.9342061281204224,0.8393654823303223,1.838022232055664,-0.8655639886856079,0.24969598650932312,1.851852536201477,-1.0198932886123657,0.8171423077583313,1.7812228202819824,-0.7179182767868042,0.26689714193344116,1.791371464729309,-0.8442444801330566,0.6985219120979309,1.7371747493743896,-0.014424696564674377,0.3623068928718567,1.7397373914718628,0.019789664074778557,0.6856957674026489,2.470637321472168,-0.09146104753017426,0.36719945073127747,2.4622130393981934,-0.038794513791799545,0.6914467811584473,3.151988983154297,0.47847694158554077,0.3913806080818176,3.1281023025512695,0.32957568764686584,0.6993250250816345,3.2661776542663574,0.50394606590271,0.39195096492767334,3.2425882816314697,0.3422909080982208,0.6377846002578735,3.3625235557556152,-0.11790142953395844,0.439380407333374,3.3217735290527344,-0.3321414589881897,0.43013881608424004,1
2026-09-24T12:26:32.036942,S012,S012_A5_Y_20260924_1226,elevated_20,A5,young,class_1,0.5121592879295349,0.46786296367645264,-1.2195144891738892,0.5432748794555664,0.3885921835899353,-1.1571640968322754,0.5637065172195435,0.3889526128768921,-1.1574180126190186,0.5799062848091125,0.38895732164382935,-1.1573984622955322,0.4764510989189148,0.3938964009284973,-1.1545411348342896,0.454941987991333,0.39549925923347473,-1.154245138168335,0.4356664717197418,0.39869508147239685,-1.1549017429351807,0.6120597124099731,0.4249221384525299,-0.7175083160400391,0.4207023084163666,0.4375511705875397,-0.6915372014045715,0.5568153858184814,0.5463127493858337,-1.0502119064331055,0.4774606227874756,0.5515059232711792,-1.0420641899108887,0.8014450073242188,0.8581005930900574,-0.39525067806243896,0.2731209099292755,0.8559960722923279,-0.4682334363460541,0.8944578170776367,1.3268091678619385,-0.3980199694633484,0.17381130158901215,1.346253514289856,-0.4548206925392151,0.8638765215873718,1.666280746459961,-0.8757789731025696,0.23990502953529358,1.6976851224899292,-1.0579856634140015,0.8863086700439453,1.7919551134109497,-1.0142561197280884,0.23483578860759735,1.8277581930160522,-1.2263810634613037,0.8311271667480469,1.7815072536468506,-1.093536615371704,0.28565239906311035,1.8097307682037354,-1.300708532333374,0.8121223449707031,1.7242894172668457,-0.931596577167511,0.29745399951934814,1.7510770559310913,-1.1102404594421387,0.7067323923110962,1.739007830619812,-0.02502342499792576,0.3719141185283661,1.7407640218734741,0.030486706644296646,0.6928654313087463,2.473494052886963,-0.0892288014292717,0.37553828954696655,2.4654457569122314,-0.03414361551403999,0.6969563364982605,3.152435541152954,0.5290637612342834,0.4004582464694977,3.130000591278076,0.3770864009857178,0.7047573328018188,3.2667925357818604,0.558838963508606,0.40143686532974243,3.2443313598632812,0.39343586564064026,0.6424655914306641,3.3625946044921875,-0.10949961096048355,0.44777989387512207,3.324343204498291,-0.3204211890697479,0.4281951880404835,1
2026-09-24T12:26:32.149748,S012,S012_A5_Y_20260924_1226,elevated_20,A5,young,class_1,0.5122460126876831,0.47230371832847595,-1.1813713312149048,0.543266773223877,0.39180681109428406,-1.119930624961853,0.5636610388755798,0.391654372215271,-1.1201436519622803,0.5799076557159424,0.3908795118331909,-1.1201621294021606,0.47644171118736267,0.39841505885124207,-1.1201834678649902,0.45481133460998535,0.39971357583999634,-1.119779109954834,0.4352427124977112,0.4022490382194519,-1.1204094886779785,0.6120790243148804,0.42599084973335266,-0.6921650171279907,0.41990765929222107,0.4402957558631897,-0.6749476194381714,0.5568574666976929,0.5493375658988953,-1.017081618309021,0.4774877429008484,0.5547658801078796,-1.0121959447860718,0.8032953143119812,0.8584033250808716,-0.3811488449573517,0.2740975320339203,0.8611385822296143,-0.4687362611293793,0.9043062329292297,1.3254016637802124,-0.36592355370521545,0.17525814473628998,1.350213885307312,-0.4463745951652527,0.8729550242424011,1.6677762269973755,-0.8302478790283203,0.23338976502418518,1.6986647844314575,-1.0422708988189697,0.8948494791984558,1.797581434249878,-0.9656408429145813,0.22222597897052765,1.829443097114563,-1.2022165060043335,0.836648166179657,1.7886847257614136,-1.0424450635910034,0.27495768666267395,1.8119393587112427,-1.2981892824172974,0.8181982040405273,1.7285348176956177,-0.8896329998970032,0.28958529233932495,1.7521693706512451,-1.1018695831298828,0.7127836346626282,1.740383267402649,-0.027069712057709694,0.3761571943759918,1.7423111200332642,0.03253966569900513,0.702587902545929,2.4747684001922607,-0.08876209706068039,0.38229960203170776,2.4681379795074463,-0.003711922559887171,0.7099495530128479,3.1517014503479004,0.5360997915267944,0.4119178354740143,3.130182981491089,0.40250223875045776,0.7186529636383057,3.2666268348693848,0.5658499002456665,0.4133020341396332,3.2447521686553955,0.41871166229248047,0.6554221510887146,3.363165855407715,-0.09905404597520828,0.461186945438385,3.3252904415130615,-0.2776942253112793,0.42680368034537725,1
2026-09-24T12:26:32.273501,S012,S012_A5_Y_20260924_1226,elevated_20,A5,young,class_1,0.5156562924385071,0.4829694628715515,-1.0823664665222168,0.5455734729766846,0.39922183752059937,-1.0316733121871948,0.5651415586471558,0.3982486128807068,-1.0317308902740479,0.5818049311637878,0.39651721715927124,-1.0318658351898193,0.47839975357055664,0.40652021765708923,-1.0323255062103271,0.45640936493873596,0.4077388048171997,-1.0316810607910156,0.4363119602203369,0.40981441736221313,-1.0321128368377686,0.6138769388198853,0.4299379885196686,-0.6353887915611267,0.4198986887931824,0.44514748454093933,-0.617850661277771,0.5580628514289856,0.5567417144775391,-0.9270133972167969,0.47919386625289917,0.5632075071334839,-0.9219579696655273,0.803551971912384,0.8571987748146057,-0.3657832741737366,0.2784658372402191,0.8601736426353455,-0.43482574820518494,0.8971565365791321,1.3218175172805786,-0.3570897579193115,0.17534327507019043,1.338615894317627,-0.42586570978164673,0.8716616630554199,1.6669690608978271,-0.7591552734375,0.2298261672258377,1.6821202039718628,-0.9959245920181274,0.8953007459640503,1.795982837677002,-0.8908982276916504,0.21971046924591064,1.8100734949111938,-1.1495361328125,0.8374453783035278,1.7885282039642334,-0.9736580848693848,0.27189210057258606,1.7963544130325317,-1.2444992065429688,0.818560779094696,1.7294448614120483,-0.8176499605178833,0.2861018776893616,1.7401645183563232,-1.052226185798645,0.7127150297164917,1.7339860200881958,-0.028953298926353455,0.37587839365005493,1.7343215942382812,0.034424398094415665,0.7005124092102051,2.461897850036621,-0.06047694757580757,0.38151854276657104,2.453855276107788,0.006385183893144131,0.7010930776596069,3.1369683742523193,0.5637022256851196,0.40687283873558044,3.112546682357788,0.41194701194763184,0.7088607549667358,3.2486422061920166,0.5928115844726562,0.4080684185028076,3.2246336936950684,0.4297270178794861,0.6440189480781555,3.348170042037964,-0.04948744922876358,0.44921454787254333,3.307753801345825,-0.265080988407135,0.42606248901718186,1
2026-09-24T12:26:32.388114,S012,S012_A5_Y_20260924_1226,elevated_20,A5,young,class_1,0.5168205499649048,0.4884527921676636,-1.0835617780685425,0.5458790063858032,0.4030950665473938,-1.0313575267791748,0.5653247833251953,0.4019150137901306,-1.031433343887329,0.5820106863975525,0.3998071253299713,-1.0315587520599365,0.4786960482597351,0.4106777608394623,-1.0317633152008057,0.45676931738853455,0.41205254197120667,-1.031139612197876,0.43652015924453735,0.41418617963790894,-1.0315930843353271,0.6140813827514648,0.4326612055301666,-0.6345205307006836,0.41989487409591675,0.4494701325893402,-0.6135872006416321,0.5586848855018616,0.5612072348594666,-0.9276663661003113,0.4803663194179535,0.5678191781044006,-0.9223345518112183,0.8050950169563293,0.8573424816131592,-0.35998907685279846,0.2805400490760803,0.8609700798988342,-0.42825254797935486,0.8977546691894531,1.3213340044021606,-0.3444065451622009,0.1817702054977417,1.3390949964523315,-0.3960523009300232,0.8717864155769348,1.66709566116333,-0.753334641456604,0.23374076187610626,1.6805073022842407,-0.9511886835098267,0.8957350850105286,1.7960959672927856,-0.8855254054069519,0.22004187107086182,1.807976245880127,-1.1014153957366943,0.8378317952156067,1.7887648344039917,-0.9641127586364746,0.27258428931236267,1.7943806648254395,-1.1905959844589233,0.8188703656196594,1.7300008535385132,-0.8084819912910461,0.2883487343788147,1.738601565361023,-1.0066367387771606,0.7149723768234253,1.7350399494171143,-0.033762894570827484,0.37975040078163147,1.7358758449554443,0.039226554334163666,0.7010451555252075,2.45998215675354,-0.06097085401415825,0.3820197582244873,2.453057289123535,0.02133101224899292,0.7006269693374634,3.1335959434509277,0.5644881129264832,0.40523266792297363,3.110053777694702,0.43046799302101135,0.7083564400672913,3.244868040084839,0.593250572681427,0.40603795647621155,3.222202777862549,0.4488738477230072,0.64374840259552,3.345216989517212,-0.052338968962430954,0.4483751654624939,3.305142402648926,-0.24562887847423553,0.4249027324201024,1
2026-09-24T12:26:32.507604,S012,S012_A5_Y_20260924_1226,elevated_20,A5,young,class_1,0.5183684825897217,0.4908176064491272,-1.0471168756484985,0.547359824180603,0.4054083824157715,-0.9954907298088074,0.5664898753166199,0.4043805003166199,-0.9955357313156128,0.583599328994751,0.4025440812110901,-0.9955959320068359,0.4795045852661133,0.41312330961227417,-0.9943912625312805,0.45750030875205994,0.41482624411582947,-0.9937469363212585,0.43705636262893677,0.41735580563545227,-0.9942015409469604,0.6154688000679016,0.43720927834510803,-0.6155888438224792,0.4199748635292053,0.453919380903244,-0.5866614580154419,0.5600167512893677,0.5643287897109985,-0.9001566767692566,0.481173038482666,0.5708062648773193,-0.8923511505126953,0.8058651089668274,0.8595484495162964,-0.35612836480140686,0.2817476987838745,0.8625890612602234,-0.42371734976768494,0.8989681005477905,1.3209341764450073,-0.3381268382072449,0.18787476420402527,1.3391435146331787,-0.39184314012527466,0.8720943331718445,1.6697996854782104,-0.7248888611793518,0.23142199218273163,1.681159257888794,-0.9472037553787231,0.8962323069572449,1.7995318174362183,-0.8507908582687378,0.21533870697021484,1.8088648319244385,-1.0898547172546387,0.837969183921814,1.7932442426681519,-0.9218065142631531,0.2687402069568634,1.7960295677185059,-1.182179570198059,0.8189657926559448,1.7347991466522217,-0.7767353057861328,0.28517332673072815,1.7403291463851929,-1.0051289796829224,0.715652346611023,1.7361526489257812,-0.035382695496082306,0.3795997202396393,1.7371376752853394,0.04083341732621193,0.7006458640098572,2.460294485092163,-0.0578848235309124,0.38154199719429016,2.4540765285491943,0.03084804117679596,0.7003031969070435,3.1344237327575684,0.5700228810310364,0.40421032905578613,3.1097254753112793,0.4472329020500183,0.7079998254776001,3.2464048862457275,0.5980998277664185,0.4047735631465912,3.2221617698669434,0.4666222929954529,0.6436916589736938,3.3447425365448,-0.045617591589689255,0.44804516434669495,3.3036139011383057,-0.22497963905334473,0.424103839425229,1
2026-09-24T12:26:32.631934,S012,S012_A5_Y_20260924_1226,elevated_20,A5,young,class_1,0.5220686793327332,0.4913857579231262,-1.1221492290496826,0.5496798753738403,0.40661895275115967,-1.0590903759002686,0.5683755278587341,0.4058913588523865,-1.0592541694641113,0.5860907435417175,0.4045773446559906,-1.0592848062515259,0.4823056161403656,0.4135996103286743,-1.064374566078186,0.4602838158607483,0.41537266969680786,-1.0638861656188965,0.44002342224121094,0.4178382456302643,-1.064422369003296,0.6177770495414734,0.4417262077331543,-0.6363582015037537,0.42048949003219604,0.4557158648967743,-0.639185905456543,0.5621103644371033,0.5659400820732117,-0.9590663909912109,0.48323240876197815,0.5715055465698242,-0.960935115814209,0.8058369755744934,0.8628009557723999,-0.36359530687332153,0.2819116413593292,0.8655263781547546,-0.4449295401573181,0.8949577212333679,1.320639967918396,-0.35423600673675537,0.18658071756362915,1.34098482131958,-0.4150397777557373,0.8664757013320923,1.6700533628463745,-0.7913126349449158,0.22992882132530212,1.6816343069076538,-0.9567708969116211,0.8897457122802734,1.7999504804611206,-0.9258522987365723,0.21322941780090332,1.8090119361877441,-1.1105669736862183,0.8327534794807434,1.7934595346450806,-1.0050878524780273,0.26628822088241577,1.7967957258224487,-1.1980926990509033,0.8142392039299011,1.7348798513412476,-0.847747802734375,0.2832495868206024,1.7412718534469604,-1.0129553079605103,0.7155224084854126,1.7367148399353027,-0.03527409955859184,0.3796047568321228,1.739760160446167,0.04070434719324112,0.7003158330917358,2.461826801300049,-0.03476237505674362,0.38226091861724854,2.455307960510254,0.029635321348905563,0.7012926340103149,3.136284589767456,0.6260190010070801,0.4068542420864105,3.112269163131714,0.466268390417099,0.708835780620575,3.2483930587768555,0.6565663814544678,0.40791574120521545,3.2244272232055664,0.486846923828125,0.6465873718261719,3.346482038497925,-0.00023309301468543708,0.45095938444137573,3.3062050342559814,-0.21379438042640686,0.422912587058487,1
2026-09-24T12:26:32.759569,S012,S012_A5_Y_20260924_1226,elevated_20,A5,young,class_1,0.5573520064353943,0.4904336929321289,-1.2784764766693115,0.5713509321212769,0.40631216764450073,-1.1940909624099731,0.5874708294868469,0.40568384528160095,-1.1944690942764282,0.602858304977417,0.404509574174881,-1.1946346759796143,0.5142256021499634,0.41214719414711,-1.2215136289596558,0.48831573128700256,0.4141440689563751,-1.221206545829773,0.4648708701133728,0.4168945848941803,-1.2218047380447388,0.6203330755233765,0.4408063292503357,-0.6839084625244141,0.42484432458877563,0.45535385608673096,-0.7857077121734619,0.585938036441803,0.5658940672874451,-1.0844439268112183,0.5157307982444763,0.5711318254470825,-1.114437460899353,0.8065364956855774,0.8626021146774292,-0.36617806553840637,0.28068238496780396,0.8796231150627136,-0.5628783702850342,0.8988765478134155,1.3161146640777588,-0.34067782759666443,0.1883706897497177,1.3865655660629272,-0.486647367477417,0.8692289590835571,1.676961898803711,-0.8215343356132507,0.23553776741027832,1.7184921503067017,-1.0109928846359253,0.89222252368927,1.8159472942352295,-0.9656779170036316,0.22078032791614532,1.8438509702682495,-1.1742334365844727,0.8341532945632935,1.816427230834961,-1.0558717250823975,0.27133041620254517,1.835758924484253,-1.2718405723571777,0.8155070543289185,1.7539252042770386,-0.8831211924552917,0.2867589294910431,1.7768794298171997,-1.0673316717147827,0.7285057902336121,1.7533836364746094,-0.034945450723171234,0.39110299944877625,1.7721307277679443,0.040263570845127106,0.7224879264831543,2.478321075439453,0.04460112005472183,0.404759019613266,2.4878907203674316,0.09357981383800507,0.73857182264328,3.143673896789551,0.8260116577148438,0.442504346370697,3.132159471511841,0.6566624045372009,0.7460640668869019,3.2572712898254395,0.8675505518913269,0.44235458970069885,3.2444512844085693,0.6892417669296265,0.6976810693740845,3.353278636932373,0.1980181485414505,0.4991171956062317,3.32692289352417,-0.03229814022779465,0.42242257455963583,1
2026-09-24T12:26:32.898925,S012,S012_A5_Y_20260924_1226,elevated_20,A5,young,class_1,0.6190370321273804,0.48680436611175537,-1.3009341955184937,0.618177056312561,0.4035658836364746,-1.1995946168899536,0.6294212341308594,0.4031319320201874,-1.2001094818115234,0.6405215859413147,0.4022822082042694,-1.2002865076065063,0.5702118873596191,0.4062279462814331,-1.2628957033157349,0.5429877042770386,0.4069972336292267,-1.262902855873108,0.514731764793396,0.40888711810112,-1.2637561559677124,0.6251683831214905,0.4321419298648834,-0.6571170091629028,0.44640684127807617,0.443585067987442,-0.9010003805160522,0.6327272653579712,0.562592625617981,-1.0844666957855225,0.5728921890258789,0.5657501220703125,-1.1620993614196777,0.7985191941261292,0.8503854274749756,-0.24921970069408417,0.27631503343582153,0.8855848908424377,-0.7046477198600769,0.8986528515815735,1.2886122465133667,-0.17774698138237,0.1875927746295929,1.4015166759490967,-0.7478333115577698,0.8707069158554077,1.6616318225860596,-0.7994038462638855,0.24530264735221863,1.7165675163269043,-1.3253870010375977,0.8935656547546387,1.8004921674728394,-0.9405189752578735,0.24092602729797363,1.843132495880127,-1.510838270187378,0.840859055519104,1.7997618913650513,-1.0367404222488403,0.28532886505126953,1.824332594871521,-1.607102394104004,0.8199824094772339,1.744015097618103,-0.8598197102546692,0.2952949106693268,1.7686845064163208,-1.380476713180542,0.7305862307548523,1.7537039518356323,0.034205831587314606,0.39655280113220215,1.7831439971923828,-0.029269397258758545,0.7379907965660095,2.47971773147583,0.07442688196897507,0.427192360162735,2.498673677444458,-0.051606882363557816,0.765398383140564,3.146714925765991,0.8385413885116577,0.4765840470790863,3.143306016921997,0.5990429520606995,0.7662494778633118,3.261795997619629,0.8728893399238586,0.466622918844223,3.2560577392578125,0.6097586750984192,0.7686919569969177,3.352975368499756,0.1919666975736618,0.5644638538360596,3.328134298324585,-0.17013578116893768,0.4227652910523113,1
2026-09-24T12:26:33.031502,S012,S012_A5_Y_20260924_1226,elevated_20,A5,young,class_1,0.6635894179344177,0.4808277487754822,-1.0109691619873047,0.6562882661819458,0.39848315715789795,-0.9290102124214172,0.6643326878547668,0.3981418013572693,-0.9292449951171875,0.6718111038208008,0.3975883424282074,-0.9296223521232605,0.6159012317657471,0.4001849889755249,-1.0122530460357666,0.5935139060020447,0.4011050760746002,-1.012245535850525,0.5679887533187866,0.4029333293437958,-1.01303231716156,0.6345673203468323,0.4260994493961334,-0.4737379550933838,0.47988685965538025,0.43800967931747437,-0.8045724034309387,0.6682099103927612,0.5581957101821899,-0.832665741443634,0.6187360286712646,0.5625921487808228,-0.9378802180290222,0.7978928089141846,0.8371734619140625,-0.1440691202878952,0.2699316442012787,0.8858757615089417,-0.6788363456726074,0.8915039300918579,1.286348581314087,-0.013305552303791046,0.1611945480108261,1.3953697681427002,-0.6656128168106079,0.8656634092330933,1.6709325313568115,-0.40664228796958923,0.23581604659557343,1.7285397052764893,-1.0910632610321045,0.8917945623397827,1.8108747005462646,-0.5105535387992859,0.23287060856819153,1.8587892055511475,-1.191443920135498,0.8398241996765137,1.8171312808990479,-0.5919753313064575,0.28068646788597107,1.8510116338729858,-1.2600620985031128,0.818156898021698,1.7646901607513428,-0.4628402292728424,0.2868208885192871,1.7949150800704956,-1.1115543842315674,0.7298451066017151,1.753374695777893,0.054964832961559296,0.3960686922073364,1.782420039176941,-0.050513945519924164,0.7356365919113159,2.481167793273926,0.13478443026542664,0.42229288816452026,2.5085866451263428,-0.04890850931406021,0.7604538202285767,3.156811237335205,0.8667722940444946,0.46842700242996216,3.161383867263794,0.5502499938011169,0.7536234259605408,3.274303674697876,0.9015103578567505,0.4517565667629242,3.274806261062622,0.559421181678772,0.7504974603652954,3.356255292892456,0.30494481325149536,0.5419143438339233,3.3432767391204834,-0.18647323548793793,0.4231841927848467,1
2026-09-24T12:26:33.145382,S012,S012_A5_Y_20260924_1226,elevated_20,A5,young,class_1,0.6750752925872803,0.47829729318618774,-0.9529460668563843,0.6677619814872742,0.39691388607025146,-0.8765228986740112,0.675067663192749,0.396749347448349,-0.8767306208610535,0.6817333102226257,0.39642399549484253,-0.8771109580993652,0.6288739442825317,0.3978935182094574,-0.9523727297782898,0.6074968576431274,0.39871007204055786,-0.9522958993911743,0.5834599733352661,0.4001767933368683,-0.9530868530273438,0.639532208442688,0.4245504140853882,-0.4425939619541168,0.4950580596923828,0.43444088101387024,-0.771274209022522,0.6775330305099487,0.5558115839958191,-0.7836018800735474,0.6300814151763916,0.5606025457382202,-0.8787453770637512,0.7978695631027222,0.8342491388320923,-0.1302279382944107,0.26726463437080383,0.8854817152023315,-0.6653380393981934,0.8868894577026367,1.2874621152877808,0.023651212453842163,0.14775775372982025,1.3935294151306152,-0.6448493003845215,0.864386260509491,1.6825225353240967,-0.3129698634147644,0.23120029270648956,1.727483868598938,-0.9871422052383423,0.8921531438827515,1.822196125984192,-0.40794700384140015,0.2302497923374176,1.8592345714569092,-1.0866581201553345,0.839919924736023,1.833204746246338,-0.48758459091186523,0.28042763471603394,1.8542128801345825,-1.1611160039901733,0.8181015849113464,1.7805043458938599,-0.36742067337036133,0.2836502194404602,1.7973238229751587,-1.014187216758728,0.7281578779220581,1.7538329362869263,0.05340922996401787,0.39346638321876526,1.7825753688812256,-0.04891752451658249,0.7348095178604126,2.483018636703491,0.09763563424348831,0.4211658835411072,2.5145628452301025,-0.0509849488735199,0.7536695003509521,3.163552761077881,0.8131957054138184,0.45902925729751587,3.167771577835083,0.5457353591918945,0.7382186651229858,3.2821273803710938,0.8463345766067505,0.4338816702365875,3.2811427116394043,0.5506303906440735,0.7364262938499451,3.3595821857452393,0.24591390788555145,0.527743399143219,3.3499162197113037,-0.1967897117137909,0.42325857653585525,1
2026-09-24T12:26:33.253028,S012,S012_A5_Y_20260924_1226,elevated_20,A5,young,class_1,0.6778412461280823,0.47896867990493774,-0.995861828327179,0.671779453754425,0.3974020779132843,-0.9198206067085266,0.6791826486587524,0.3973846733570099,-0.9199743270874023,0.6859937906265259,0.3972092270851135,-0.920279324054718,0.632947564125061,0.39809131622314453,-0.9846749305725098,0.6116917133331299,0.39895299077033997,-0.9845255613327026,0.588241696357727,0.40027347207069397,-0.9852895736694336,0.6444207429885864,0.4247918426990509,-0.4792424738407135,0.5003937482833862,0.4340327978134155,-0.7749330997467041,0.6791366338729858,0.5560281276702881,-0.8252733945846558,0.6321550607681274,0.5609270334243774,-0.9041231274604797,0.7979384660720825,0.8354699611663818,-0.1733437478542328,0.2657972574234009,0.8850828409194946,-0.684784471988678,0.8887959718704224,1.2876014709472656,-0.05931857228279114,0.135524719953537,1.3920261859893799,-0.6691502332687378,0.8651074171066284,1.686663269996643,-0.4455990791320801,0.21936528384685516,1.7397931814193726,-0.9914273023605347,0.895277202129364,1.8256350755691528,-0.5538026094436646,0.21524038910865784,1.87289559841156,-1.0899101495742798,0.8414614796638489,1.836901068687439,-0.6286008954048157,0.2694324851036072,1.8697645664215088,-1.169582486152649,0.8189422488212585,1.784207820892334,-0.500413179397583,0.2731439173221588,1.812983751296997,-1.0209572315216064,0.7276319861412048,1.7635352611541748,0.04306887090206146,0.3932601809501648,1.7920194864273071,-0.03840293362736702,0.7312045097351074,2.5031492710113525,0.12130924314260483,0.4192185401916504,2.538054943084717,-0.029825370758771896,0.7473716139793396,3.192429542541504,0.8917883634567261,0.45677924156188965,3.1940345764160156,0.5773633718490601,0.7363461256027222,3.3112480640411377,0.9290289878845215,0.43065589666366577,3.305426597595215,0.6071805953979492,0.7314885854721069,3.390617609024048,0.30773434042930603,0.5196309089660645,3.384141445159912,-0.12403450161218643,0.4232467073705982,1
2026-09-24T12:26:33.356594,S012,S012_A5_Y_20260924_1226,elevated_20,A5,young,class_1,0.6795481443405151,0.47911545634269714,-0.9480336308479309,0.6749178171157837,0.39743974804878235,-0.8758641481399536,0.6826933026313782,0.397440642118454,-0.8759125471115112,0.6898409128189087,0.3972814381122589,-0.8761264085769653,0.6347065567970276,0.39787721633911133,-0.9393402934074402,0.6132863759994507,0.3986107409000397,-0.9391524195671082,0.5899000763893127,0.3998121917247772,-0.9398534893989563,0.6499826312065125,0.42498743534088135,-0.4681273400783539,0.5027766227722168,0.4339016377925873,-0.774389386177063,0.6811293959617615,0.5560941696166992,-0.792283296585083,0.6330007314682007,0.5612789392471313,-0.8694513440132141,0.7980643510818481,0.8363553881645203,-0.18825088441371918,0.2638869881629944,0.887385904788971,-0.672123908996582,0.8901769518852234,1.2911111116409302,-0.06181209534406662,0.13546372950077057,1.3961271047592163,-0.6566932201385498,0.8652392625808716,1.6893064975738525,-0.3898242115974426,0.21394427120685577,1.7676849365234375,-0.9702299237251282,0.8956670761108398,1.8262724876403809,-0.4892083704471588,0.2043643742799759,1.9050120115280151,-1.075555682182312,0.8426076769828796,1.8359920978546143,-0.5542824864387512,0.2604069113731384,1.9011939764022827,-1.1576037406921387,0.8195732235908508,1.7837520837783813,-0.4395968019962311,0.26730820536613464,1.8429839611053467,-1.0058852434158325,0.7276942133903503,1.7681694030761719,0.037525828927755356,0.3920271694660187,1.7980961799621582,-0.03280862420797348,0.72881019115448,2.5083067417144775,0.13233304023742676,0.41611266136169434,2.54714298248291,0.005565556697547436,0.7435907125473022,3.2015271186828613,0.9136389493942261,0.454761803150177,3.202915668487549,0.6115499138832092,0.735659122467041,3.3214850425720215,0.9520119428634644,0.4239153265953064,3.3142433166503906,0.6484562158584595,0.73636794090271,3.398658514022827,0.35157546401023865,0.5160595178604126,3.393416166305542,-0.06595597416162491,0.4237615562970776,1
2026-09-24T12:26:33.474444,S012,S012_A5_Y_20260924_1226,elevated_20,A5,young,class_1,0.6797233819961548,0.4794670343399048,-0.987830638885498,0.6756612658500671,0.3974836468696594,-0.9148089289665222,0.6835725903511047,0.3975224196910858,-0.9149234890937805,0.6908299326896667,0.39740946888923645,-0.9151460528373718,0.6349786520004272,0.39796632528305054,-0.9678741693496704,0.6133632659912109,0.39869359135627747,-0.9675876498222351,0.5897899866104126,0.39986175298690796,-0.9682434797286987,0.652227520942688,0.42518723011016846,-0.489287793636322,0.5027211904525757,0.434072881937027,-0.7856693267822266,0.6815789937973022,0.5564022064208984,-0.8243087530136108,0.6332777142524719,0.5619852542877197,-0.8863283395767212,0.7981375455856323,0.8358027338981628,-0.18157556653022766,0.2637723684310913,0.8884416222572327,-0.7055610418319702,0.8932422399520874,1.2878282070159912,-0.04265884682536125,0.13693669438362122,1.4018738269805908,-0.6960361003875732,0.8659361600875854,1.6832650899887085,-0.41487058997154236,0.21419687569141388,1.7828729152679443,-1.005896806716919,0.8960952758789062,1.819526195526123,-0.518619179725647,0.20459413528442383,1.9213272333145142,-1.1202138662338257,0.8443663716316223,1.8302425146102905,-0.590289831161499,0.26071515679359436,1.919121265411377,-1.1979167461395264,0.8215133547782898,1.7796168327331543,-0.4681820869445801,0.267903208732605,1.8600184917449951,-1.0422475337982178,0.7283439636230469,1.770943284034729,0.04569173976778984,0.3915870487689972,1.803079605102539,-0.04113667458295822,0.7280296683311462,2.512373685836792,0.14234891533851624,0.4142824113368988,2.553056240081787,0.00207587075419724,0.7414923310279846,3.2078676223754883,0.910671055316925,0.4484933316707611,3.2141339778900146,0.5748153924942017,0.7346693277359009,3.329990863800049,0.9478944540023804,0.4232495427131653,3.328915596008301,0.6075184345245361,0.7513943314552307,3.402116537094116,0.34541967511177063,0.5360257029533386,3.4011406898498535,-0.10852613300085068,0.4238100828585051,1
2026-09-24T12:26:33.592386,S012,S012_A5_Y_20260924_1226,elevated_20,A5,young,class_1,0.6830419301986694,0.48180291056632996,-0.9981751441955566,0.6776605844497681,0.39787814021110535,-0.9230661392211914,0.6853064298629761,0.3979710042476654,-0.9232782125473022,0.6925394535064697,0.39795029163360596,-0.923529326915741,0.6383189558982849,0.3980388939380646,-0.9829748272895813,0.6174978613853455,0.398777574300766,-0.9827202558517456,0.5945776700973511,0.3999996483325958,-0.9834043383598328,0.6559776067733765,0.4258693754673004,-0.49787649512290955,0.5065003633499146,0.4343138039112091,-0.8103879690170288,0.6860604882240295,0.5585802793502808,-0.8350214958190918,0.6399087309837341,0.5647591352462769,-0.8932291865348816,0.8058120012283325,0.836464524269104,-0.1930278241634369,0.26378077268600464,0.8912755846977234,-0.7139591574668884,0.9695622324943542,1.2622483968734741,-0.17643776535987854,0.1385064721107483,1.4425684213638306,-0.6766998171806335,0.9421777725219727,1.494925618171692,-0.7556463479995728,0.2142605483531952,1.827878475189209,-0.9961164593696594,0.968344509601593,1.5799713134765625,-0.8919919729232788,0.2056039571762085,1.9644644260406494,-1.1089069843292236,0.9183902740478516,1.552958369255066,-0.9375642538070679,0.2606263756752014,1.9537456035614014,-1.1928520202636719,0.8982537984848022,1.5242531299591064,-0.8049052357673645,0.26779404282569885,1.8945428133010864,-1.0348773002624512,0.7333382368087769,1.7818964719772339,0.03991977497935295,0.39208275079727173,1.8122912645339966,-0.03490489348769188,0.7352668046951294,2.5282223224639893,0.13561642169952393,0.4178321957588196,2.5638556480407715,-0.005401891656219959,0.7536014318466187,3.225861072540283,0.8697808980941772,0.4500540792942047,3.225130558013916,0.5691569447517395,0.7505529522895813,3.345813512802124,0.9055539965629578,0.4289371967315674,3.336766242980957,0.6021912097930908,0.7581658959388733,3.420490264892578,0.28811195492744446,0.5441780686378479,3.4153926372528076,-0.12284989655017853,0.4230204895137638,1
2026-09-24T12:26:33.713004,S012,S012_A5_Y_20260924_1226,elevated_20,A5,young,class_1,0.6855665445327759,0.48123252391815186,-0.932791531085968,0.6797000765800476,0.3975459337234497,-0.8643239140510559,0.6871331334114075,0.3976955711841583,-0.8644220232963562,0.694294273853302,0.39772358536720276,-0.8646687269210815,0.6400026082992554,0.39739248156547546,-0.9316766858100891,0.6187680959701538,0.3980593979358673,-0.9314449429512024,0.5953201055526733,0.3993026912212372,-0.9322272539138794,0.6565121412277222,0.4255053699016571,-0.4741777777671814,0.5068279504776001,0.43368250131607056,-0.8040658831596375,0.6878451704978943,0.5582565665245056,-0.782903254032135,0.6400322914123535,0.5647558569908142,-0.860926628112793,0.8055368661880493,0.8378161191940308,-0.19661672413349152,0.2633647620677948,0.8918043971061707,-0.7104502320289612,0.9510878324508667,1.2844631671905518,-0.05165960639715195,0.13917230069637299,1.4403764009475708,-0.7021269202232361,0.9174817204475403,1.6331238746643066,-0.3338748514652252,0.21766862273216248,1.8116384744644165,-0.9951056241989136,0.9483043551445007,1.7561382055282593,-0.42072075605392456,0.20805688202381134,1.9455548524856567,-1.108445167541504,0.8989169001579285,1.7589377164840698,-0.4844837784767151,0.2631959021091461,1.9362331628799438,-1.1900205612182617,0.8751250505447388,1.7134121656417847,-0.38098156452178955,0.27136749029159546,1.8777390718460083,-1.034710168838501,0.7368577718734741,1.7854092121124268,0.037160810083150864,0.39170071482658386,1.8150895833969116,-0.032142773270606995,0.7349756956100464,2.5274548530578613,0.1741354763507843,0.41621845960617065,2.5633127689361572,0.06962022185325623,0.7508741617202759,3.2215166091918945,1.031079649925232,0.4480934739112854,3.219372510910034,0.7548066973686218,0.7478780150413513,3.3407814502716064,1.077532172203064,0.4280124306678772,3.3311197757720947,0.8035442233085632,0.7571908831596375,3.417630195617676,0.46910157799720764,0.5410577654838562,3.409743070602417,0.08828727900981903,0.4229032576417508,1
2026-09-24T12:26:33.850144,S012,S012_A5_Y_20260924_1226,elevated_20,A5,young,class_1,0.6836590766906738,0.48132339119911194,-0.9497901797294617,0.6796495914459229,0.39758002758026123,-0.879316508769989,0.6876389384269714,0.3977283537387848,-0.8793677091598511,0.6952569484710693,0.3977554440498352,-0.87958824634552,0.6382426023483276,0.3973216414451599,-0.9424950480461121,0.6161109209060669,0.39790719747543335,-0.942191481590271,0.5916008949279785,0.39907053112983704,-0.9428583383560181,0.6587306261062622,0.42561396956443787,-0.475338876247406,0.5050202012062073,0.43342679738998413,-0.7804935574531555,0.6862873435020447,0.5587137341499329,-0.7940677404403687,0.636398434638977,0.5653989911079407,-0.8692675828933716,0.8062996864318848,0.8386766314506531,-0.19605784118175507,0.2625228762626648,0.8956714868545532,-0.6935864090919495,0.9362999200820923,1.2956472635269165,0.0009618540061637759,0.1429225653409958,1.434709072113037,-0.6804672479629517,0.9087797403335571,1.6717826128005981,-0.2257988154888153,0.22117015719413757,1.8014682531356812,-0.9726519584655762,0.9435681104660034,1.7987592220306396,-0.30362144112586975,0.20924966037273407,1.9354826211929321,-1.0846741199493408,0.8969115018844604,1.8064321279525757,-0.371611624956131,0.2647060751914978,1.9268921613693237,-1.1623451709747314,0.8724193572998047,1.758653163909912,-0.2737235426902771,0.27482128143310547,1.8686554431915283,-1.0119874477386475,0.7419849038124084,1.7852654457092285,0.0308553334325552,0.39189642667770386,1.8148798942565918,-0.02592092752456665,0.7373607754707336,2.5264487266540527,0.15386219322681427,0.416611909866333,2.563098192214966,0.10359078645706177,0.7542499899864197,3.2191007137298584,0.9854766130447388,0.4487195611000061,3.216524600982666,0.7837563157081604,0.7507615685462952,3.337846040725708,1.0287060737609863,0.43424996733665466,3.3277249336242676,0.832061767578125,0.7606176137924194,3.4173693656921387,0.4092066287994385,0.5362335443496704,3.408939838409424,0.10957558453083038,0.4229547356407045,1
2026-09-24T12:26:33.970840,S012,S012_A5_Y_20260924_1226,elevated_20,A5,young,class_1,0.6822124123573303,0.4854810833930969,-0.9377318620681763,0.6781471967697144,0.39954227209091187,-0.8709138631820679,0.6863016486167908,0.39937087893486023,-0.8708742260932922,0.6940127611160278,0.3991670310497284,-0.8711013793945312,0.6369189023971558,0.3994597792625427,-0.929704487323761,0.6150525808334351,0.3999427556991577,-0.9292845726013184,0.5906089544296265,0.4008614718914032,-0.9298251867294312,0.6584952473640442,0.42627444863319397,-0.4708954393863678,0.5037931203842163,0.43382441997528076,-0.7371140718460083,0.6858075261116028,0.561650812625885,-0.7827100157737732,0.6360774636268616,0.5688714385032654,-0.8531194925308228,0.8062642216682434,0.8388076424598694,-0.19915033876895905,0.26246851682662964,0.8957013487815857,-0.6627455949783325,0.9358857870101929,1.2963268756866455,-0.022597847506403923,0.14343592524528503,1.4187275171279907,-0.6471730470657349,0.9049615859985352,1.6831023693084717,-0.2960337698459625,0.22029753029346466,1.7960277795791626,-0.9353769421577454,0.9384509921073914,1.8125277757644653,-0.38937297463417053,0.20600631833076477,1.9296175241470337,-1.0493905544281006,0.8900852203369141,1.821090579032898,-0.4599747657775879,0.26280319690704346,1.9216305017471313,-1.131729006767273,0.8660241365432739,1.772312879562378,-0.3462391197681427,0.27424103021621704,1.8633273839950562,-0.9784010648727417,0.7438525557518005,1.7850693464279175,0.02065834030508995,0.39206671714782715,1.8137515783309937,-0.015626341104507446,0.7369982004165649,2.5252373218536377,0.14181825518608093,0.41691502928733826,2.5605618953704834,0.14275608956813812,0.7528548240661621,3.2178525924682617,0.9582621455192566,0.4472781717777252,3.2146573066711426,0.8356138467788696,0.7493277788162231,3.3362863063812256,1.0010275840759277,0.4345012605190277,3.326455593109131,0.8858124017715454,0.7585330605506897,3.41641902923584,0.3835025131702423,0.5356519818305969,3.4064719676971436,0.16670557856559753,0.42327907761765265,1
2026-09-24T12:26:34.121085,S012,S012_A5_Y_20260924_1226,elevated_20,A5,young,class_1,0.6797319650650024,0.4908522665500641,-0.9895873069763184,0.6760357618331909,0.4008011221885681,-0.9181455373764038,0.6839927434921265,0.4003013074398041,-0.9180261492729187,0.691892147064209,0.3998090326786041,-0.918377697467804,0.6362279653549194,0.40127289295196533,-0.9701212048530579,0.6130735278129578,0.4017563760280609,-0.969475269317627,0.5848640203475952,0.4027853012084961,-0.9698308706283569,0.6592603325843811,0.4267633855342865,-0.48371419310569763,0.49856480956077576,0.4351746141910553,-0.7357693910598755,0.6834006905555725,0.5676115155220032,-0.8192052841186523,0.6342453956604004,0.5740519762039185,-0.8813118934631348,0.8067589998245239,0.8442465662956238,-0.20748846232891083,0.2611037790775299,0.8956464529037476,-0.6269109845161438,0.9333953857421875,1.3043408393859863,-0.039915408939123154,0.14354529976844788,1.4122207164764404,-0.5817994475364685,0.9038561582565308,1.7033673524856567,-0.354165256023407,0.21891489624977112,1.7944355010986328,-0.935024619102478,0.9360114932060242,1.840836763381958,-0.4503176212310791,0.20155508816242218,1.9289791584014893,-1.0590102672576904,0.8887442350387573,1.8498969078063965,-0.5072454810142517,0.26061978936195374,1.919100284576416,-1.1419754028320312,0.8657229542732239,1.7953213453292847,-0.40258631110191345,0.2734465003013611,1.8621280193328857,-0.9796576499938965,0.7439164519309998,1.785011649131775,0.010326334275305271,0.39207640290260315,1.812971591949463,-0.005252933129668236,0.7363397479057312,2.524280548095703,0.1347520798444748,0.4167819619178772,2.5588648319244385,0.11053624004125595,0.7521354556083679,3.21651291847229,0.9376658201217651,0.4466584622859955,3.21309232711792,0.7629389762878418,0.7483341693878174,3.3348309993743896,0.9790666699409485,0.4337819218635559,3.3246309757232666,0.809325098991394,0.749617874622345,3.415584087371826,0.3569794297218323,0.5236749649047852,3.405518054962158,0.10346025228500366,0.4237044008625548,1
2026-09-24T12:26:34.258707,S012,S012_A5_Y_20260924_1226,elevated_20,A5,young,class_1,0.6342365741729736,0.5018236637115479,-0.924738883972168,0.6465147137641907,0.4117264747619629,-0.8640123605728149,0.6620485186576843,0.4103628695011139,-0.8639160394668579,0.676470160484314,0.40903007984161377,-0.8641685247421265,0.5902734398841858,0.4118514358997345,-0.8868820071220398,0.5630919933319092,0.4115070700645447,-0.8859821557998657,0.5346236228942871,0.4120577871799469,-0.8862900733947754,0.6602753400802612,0.4362938106060028,-0.46712836623191833,0.47250062227249146,0.444087415933609,-0.5546049475669861,0.6526721119880676,0.5784732699394226,-0.7712620496749878,0.583707332611084,0.5813723206520081,-0.7949177026748657,0.8095601797103882,0.8459087610244751,-0.22789302468299866,0.2619149386882782,0.8982961177825928,-0.43534523248672485,0.9308006167411804,1.3072738647460938,-0.16560132801532745,0.15433964133262634,1.4021124839782715,-0.38618868589401245,0.8984514474868774,1.7027548551559448,-0.4359002113342285,0.21880555152893066,1.7752352952957153,-0.7483558654785156,0.9303747415542603,1.8374618291854858,-0.5432611703872681,0.19966530799865723,1.9039957523345947,-0.8682819604873657,0.8820399045944214,1.8433586359024048,-0.5840017199516296,0.256588876247406,1.8892732858657837,-0.9499114751815796,0.8588333129882812,1.790065050125122,-0.4765704274177551,0.2723855972290039,1.834986925125122,-0.795933723449707,0.7469671964645386,1.770734190940857,-0.021717937663197517,0.396100789308548,1.7960419654846191,0.026885494589805603,0.7379201650619507,2.504019260406494,0.013582127168774605,0.41769105195999146,2.533726215362549,0.10105645656585693,0.753354549407959,3.1856346130371094,0.68403160572052,0.45222705602645874,3.1866862773895264,0.6051104068756104,0.7544457912445068,3.297187089920044,0.7141268253326416,0.4459804892539978,3.295668601989746,0.6336063146591187,0.7419662475585938,3.395387887954712,0.08589590340852737,0.5226387977600098,3.3861989974975586,-0.04457687586545944,0.4233977733144429,1
2026-09-24T12:26:34.374983,S012,S012_A5_Y_20260924_1226,elevated_20,A5,young,class_1,0.5958340764045715,0.5182430148124695,-1.1687926054000854,0.6177006959915161,0.42936569452285767,-1.0978877544403076,0.6364177465438843,0.4274700880050659,-1.0979331731796265,0.6547715067863464,0.42622748017311096,-1.0981018543243408,0.5542658567428589,0.42861461639404297,-1.1120879650115967,0.5268447399139404,0.42659273743629456,-1.1111576557159424,0.50074303150177,0.4262520968914032,-1.1114599704742432,0.660038411617279,0.4535689055919647,-0.6238172650337219,0.45194870233535767,0.45702698826789856,-0.5859981775283813,0.6214248538017273,0.5991545915603638,-0.9868318438529968,0.5471723079681396,0.5972020030021667,-0.9966574907302856,0.8131871223449707,0.8600520491600037,-0.30240413546562195,0.26328936219215393,0.8994258642196655,-0.4961884021759033,0.9277200698852539,1.3165946006774902,-0.26316362619400024,0.1539030820131302,1.3996046781539917,-0.396646112203598,0.8970341682434082,1.7008875608444214,-0.7443785667419434,0.21769258379936218,1.7720091342926025,-0.8189713358879089,0.9289447069168091,1.834856390953064,-0.8892349004745483,0.19825181365013123,1.9018596410751343,-0.9501426815986633,0.8806191682815552,1.8429032564163208,-0.9528388977050781,0.2564201056957245,1.88804292678833,-1.032362937927246,0.8576124310493469,1.7845503091812134,-0.7994173765182495,0.2722831070423126,1.8324648141860962,-0.8682936429977417,0.7476038932800293,1.7716435194015503,-0.03686825931072235,0.39592212438583374,1.7941559553146362,0.0425969734787941,0.7375036478042603,2.5048913955688477,0.02392595447599888,0.41516199707984924,2.5316436290740967,0.1996837854385376,0.7523585557937622,3.1835267543792725,0.7569711208343506,0.4490070939064026,3.181047201156616,0.8158793449401855,0.7534094452857971,3.2966740131378174,0.7917031049728394,0.44537702202796936,3.2909512519836426,0.8560971021652222,0.7106537818908691,3.392451524734497,0.12061063200235367,0.5119971036911011,3.383488893508911,0.09581248462200165,0.4242766046736506,1
2026-09-24T12:26:34.527183,S012,S012_A5_Y_20260924_1226,elevated_20,A5,young,class_1,0.5824493169784546,0.5415059924125671,-1.1244524717330933,0.6050045490264893,0.45027780532836914,-1.0614982843399048,0.6240094304084778,0.4470667541027069,-1.0615174770355225,0.6431199312210083,0.4443936049938202,-1.061666488647461,0.5390474796295166,0.452005535364151,-1.0775247812271118,0.5102255344390869,0.4509463310241699,-1.0766593217849731,0.48626333475112915,0.45123857259750366,-1.0769853591918945,0.658824622631073,0.4674074351787567,-0.631544291973114,0.43981918692588806,0.4781196713447571,-0.6290497779846191,0.6099971532821655,0.6242613196372986,-0.9569711685180664,0.5366427898406982,0.6262633204460144,-0.9704728126525879,0.818070113658905,0.8675612807273865,-0.3570888042449951,0.2633756697177887,0.9061102271080017,-0.4817827343940735,0.9315215945243835,1.3385145664215088,-0.3156367242336273,0.15260784327983856,1.417747139930725,-0.37908533215522766,0.8963624238967896,1.7179797887802124,-0.7034429311752319,0.2142113745212555,1.7936784029006958,-0.7919527292251587,0.9279409646987915,1.8508180379867554,-0.8452932238578796,0.19464519619941711,1.9265023469924927,-0.9245872497558594,0.8785449862480164,1.847788691520691,-0.8986943364143372,0.25277262926101685,1.905548334121704,-1.0168014764785767,0.8558973073959351,1.791779637336731,-0.7521690726280212,0.2707798480987549,1.8498625755310059,-0.845080554485321,0.7520981431007385,1.7800090312957764,-0.05735164135694504,0.39693957567214966,1.8011016845703125,0.06312348693609238,0.7402363419532776,2.515338659286499,0.005656777881085873,0.41532135009765625,2.5397391319274902,0.25889262557029724,0.7517547607421875,3.188345432281494,0.7729125022888184,0.44843965768814087,3.187847852706909,0.9245808720588684,0.7549735307693481,3.299259662628174,0.8106686472892761,0.4452730119228363,3.298281669616699,0.9746317863464355,0.7058622241020203,3.405355215072632,0.13549786806106567,0.5082576274871826,3.394721508026123,0.23440304398536682,0.4245217154362542,1
2026-09-24T12:26:34.687726,S012,S012_A5_Y_20260924_1226,elevated_20,A5,young,class_1,0.5794497728347778,0.5599409341812134,-1.1291424036026,0.6014913320541382,0.46613964438438416,-1.0716705322265625,0.6206077337265015,0.461295485496521,-1.0717054605484009,0.6399744749069214,0.4563821256160736,-1.0719324350357056,0.5339764952659607,0.47096726298332214,-1.0848268270492554,0.5040364861488342,0.47055742144584656,-1.0838738679885864,0.4792257249355316,0.4712160527706146,-1.0841500759124756,0.6584384441375732,0.47338372468948364,-0.6458856463432312,0.4314090311527252,0.4942982792854309,-0.6472875475883484,0.608042299747467,0.6413246989250183,-0.9604827761650085,0.5339816808700562,0.6480910778045654,-0.9699897766113281,0.8202289342880249,0.8685653209686279,-0.36363843083381653,0.2640379071235657,0.907905638217926,-0.48634427785873413,0.9302488565444946,1.3572019338607788,-0.29848092794418335,0.14972668886184692,1.4262573719024658,-0.3838748037815094,0.889379620552063,1.7361454963684082,-0.6614526510238647,0.20493021607398987,1.8098760843276978,-0.7934404611587524,0.920022189617157,1.8688926696777344,-0.7995074987411499,0.1839487999677658,1.9470840692520142,-0.9271572828292847,0.8644173741340637,1.8605402708053589,-0.8567588925361633,0.2413019835948944,1.9261714220046997,-1.0231319665908813,0.8418868780136108,1.804693579673767,-0.711112380027771,0.26186463236808777,1.8679168224334717,-0.8489170074462891,0.7516276240348816,1.781216025352478,-0.06044837832450867,0.394441157579422,1.8011300563812256,0.0663028433918953,0.7348231077194214,2.519725799560547,0.016420263797044754,0.40276089310646057,2.541363000869751,0.23187923431396484,0.7357125282287598,3.1923251152038574,0.7763733267784119,0.4307405948638916,3.1918108463287354,0.8687585592269897,0.7428308725357056,3.3028790950775146,0.8162460327148438,0.43049293756484985,3.303389072418213,0.9146984815597534,0.6804897785186768,3.414029359817505,0.16451986134052277,0.4828794002532959,3.4032959938049316,0.16826440393924713,0.42431829546253674,1
2026-09-24T12:26:34.803829,S012,S012_A5_Y_20260924_1226,elevated_20,A5,young,class_1,0.5751312971115112,0.5744654536247253,-1.040235996246338,0.5982967019081116,0.4812147915363312,-1.0091379880905151,0.6167728304862976,0.476574569940567,-1.0089423656463623,0.6357201337814331,0.47140610218048096,-1.0090323686599731,0.5313192009925842,0.4862254858016968,-1.001618504524231,0.5017515420913696,0.4862581789493561,-1.000368356704712,0.4768792986869812,0.48740944266319275,-1.0004647970199585,0.6554011106491089,0.4841233491897583,-0.6188201308250427,0.42895618081092834,0.5055033564567566,-0.6051996946334839,0.6031100153923035,0.6531824469566345,-0.8933329582214355,0.5285218954086304,0.6611225605010986,-0.8807675242424011,0.8201556205749512,0.8707675933837891,-0.35434824228286743,0.2640801966190338,0.907672107219696,-0.4209037721157074,0.9287772178649902,1.3571486473083496,-0.2881372570991516,0.14800788462162018,1.4237340688705444,-0.30203065276145935,0.8890865445137024,1.734299898147583,-0.6343950033187866,0.196782186627388,1.8056796789169312,-0.6510763168334961,0.9195091128349304,1.863554835319519,-0.7636376023292542,0.1738734096288681,1.9422539472579956,-0.7651802897453308,0.8638955950737,1.856016993522644,-0.855121910572052,0.2284679114818573,1.9239475727081299,-0.8598712682723999,0.8408564329147339,1.801565170288086,-0.6945170760154724,0.252158522605896,1.8653103113174438,-0.7065998315811157,0.748515784740448,1.7791647911071777,-0.06088218837976456,0.39115414023399353,1.7964130640029907,0.06669192016124725,0.7235589623451233,2.517226457595825,-0.01597980037331581,0.39487892389297485,2.5340523719787598,0.1719614565372467,0.7191831469535828,3.1892662048339844,0.7004581093788147,0.4186404347419739,3.1869759559631348,0.6663135886192322,0.7273014187812805,3.2971205711364746,0.7357169389724731,0.4194859564304352,3.297623872756958,0.7003075480461121,0.6630014777183533,3.4128832817077637,0.09360930323600769,0.46211299300193787,3.3968398571014404,-0.015356913208961487,0.4238505781771285,1
2026-09-24T12:26:34.937881,S012,S012_A5_Y_20260924_1226,elevated_20,A5,young,class_1,0.5704585313796997,0.5796599984169006,-0.9557738304138184,0.5954887866973877,0.48686936497688293,-0.9232886433601379,0.6139208078384399,0.48244401812553406,-0.9230483770370483,0.6326441764831543,0.4774317741394043,-0.9231306314468384,0.5278688073158264,0.49155738949775696,-0.9199162721633911,0.49868878722190857,0.4914197623729706,-0.9186965823173523,0.4742299020290375,0.4924135208129883,-0.918843150138855,0.6537091135978699,0.4887137711048126,-0.5808862447738647,0.42764902114868164,0.5089894533157349,-0.5443048477172852,0.5985590219497681,0.6564849019050598,-0.8131633996963501,0.5227630138397217,0.6641844511032104,-0.8035418391227722,0.8201815485954285,0.8708888292312622,-0.3374766707420349,0.26409482955932617,0.9075090885162354,-0.368153840303421,0.9235230684280396,1.3561053276062012,-0.27010947465896606,0.1493912786245346,1.412900686264038,-0.25449618697166443,0.8805105090141296,1.731540322303772,-0.5747618079185486,0.1963336169719696,1.7921913862228394,-0.5933195948600769,0.910703182220459,1.8598114252090454,-0.6920815110206604,0.17202721536159515,1.9243196249008179,-0.7043766379356384,0.8548702001571655,1.8535740375518799,-0.7464125156402588,0.22510287165641785,1.9030686616897583,-0.794739305973053,0.8314987421035767,1.7991557121276855,-0.6204178333282471,0.24961233139038086,1.8475550413131714,-0.6473909616470337,0.7465580105781555,1.7726598978042603,-0.06000082567334175,0.38969922065734863,1.7855395078659058,0.06591371446847916,0.7150179147720337,2.508528709411621,-0.05704880505800247,0.3879876732826233,2.5199100971221924,0.12043575197458267,0.7079775333404541,3.17954683303833,0.5979820489883423,0.4089554250240326,3.174302101135254,0.5385404825210571,0.7165838479995728,3.2866051197052,0.6274615526199341,0.4099098742008209,3.283540964126587,0.563899040222168,0.6515741348266602,3.400161027908325,-0.013098141178488731,0.4521614909172058,3.383434534072876,-0.1353370100259781,0.4233540234368279,1
2026-09-24T12:26:35.110665,S012,S012_A5_Y_20260924_1226,elevated_20,A5,young,class_1,0.5633176565170288,0.575873613357544,-0.9756318926811218,0.5904099941253662,0.48344510793685913,-0.9333235025405884,0.6087968945503235,0.47932717204093933,-0.9331669807434082,0.6272576451301575,0.47493141889572144,-0.93329256772995,0.5216376185417175,0.4880320131778717,-0.9392281770706177,0.49311408400535583,0.48780328035354614,-0.9381569623947144,0.46903976798057556,0.48870593309402466,-0.9383847117424011,0.6516828536987305,0.48790982365608215,-0.5823349952697754,0.4259605407714844,0.5072859525680542,-0.5592344999313354,0.5924535393714905,0.6534157395362854,-0.8263996243476868,0.5136699080467224,0.6599796414375305,-0.8266493082046509,0.820071816444397,0.8706833124160767,-0.34207209944725037,0.26410335302352905,0.9061778783798218,-0.3804838955402374,0.9221178889274597,1.35506010055542,-0.2954370677471161,0.1497819870710373,1.4054210186004639,-0.2718721032142639,0.8742928504943848,1.7294400930404663,-0.5969270467758179,0.19583189487457275,1.7812492847442627,-0.6417945623397827,0.9039953351020813,1.858421802520752,-0.7244296669960022,0.17127534747123718,1.9122051000595093,-0.7627743482589722,0.847180962562561,1.8480216264724731,-0.7740191221237183,0.2239096462726593,1.88933527469635,-0.8563124537467957,0.8237147331237793,1.7957403659820557,-0.6421123743057251,0.24817009270191193,1.8349108695983887,-0.6975420713424683,0.7432005405426025,1.7681477069854736,-0.06118222326040268,0.3864697813987732,1.7774701118469238,0.06722209602594376,0.704708456993103,2.503082513809204,-0.03477957099676132,0.37636885046958923,2.510110378265381,0.1540219932794571,0.6917989253997803,3.1707875728607178,0.6591220498085022,0.39080366492271423,3.163705348968506,0.6312035322189331,0.6998461484909058,3.2772531509399414,0.692168116569519,0.3905962109565735,3.272517442703247,0.6622289419174194,0.6327972412109375,3.390061616897583,0.04113238304853439,0.4337957799434662,3.3720479011535645,-0.03845551982522011,0.42297371042370674,1
2026-09-24T12:26:35.276594,S012,S012_A5_Y_20260924_1226,elevated_20,A5,young,class_1,0.5683134198188782,0.5754806995391846,-1.0152302980422974,0.5916775465011597,0.48201999068260193,-0.9594873189926147,0.6093790531158447,0.47785860300064087,-0.9594159126281738,0.6273099184036255,0.4731796979904175,-0.9595860242843628,0.5257513523101807,0.487179160118103,-0.967568039894104,0.4974651336669922,0.4867621064186096,-0.9664810299873352,0.4733791947364807,0.48711642622947693,-0.966711699962616,0.6502746343612671,0.48609793186187744,-0.5806602239608765,0.42692726850509644,0.5046061873435974,-0.5784593224525452,0.5959616899490356,0.6509711146354675,-0.8555895686149597,0.5196694135665894,0.6576471328735352,-0.8588396906852722,0.8200376629829407,0.8711460828781128,-0.3346482217311859,0.26281580328941345,0.9065797328948975,-0.4139966070652008,0.9216464757919312,1.3548475503921509,-0.2930501401424408,0.14965367317199707,1.4097180366516113,-0.2731535732746124,0.876736044883728,1.7276784181594849,-0.6663563251495361,0.19543686509132385,1.7816784381866455,-0.7901191711425781,0.9083927273750305,1.8570879697799683,-0.8061321973800659,0.17140868306159973,1.9128299951553345,-0.9354062080383301,0.8485636711120605,1.848241925239563,-0.8660146594047546,0.22476203739643097,1.8903788328170776,-1.030495285987854,0.8246029019355774,1.796075463294983,-0.7166937589645386,0.24819707870483398,1.8359659910202026,-0.8475731611251831,0.7433761358261108,1.7718727588653564,-0.05831558629870415,0.3865717947483063,1.7831597328186035,0.06426360458135605,0.7059571146965027,2.5075066089630127,0.02087738737463951,0.3781867027282715,2.5162227153778076,0.1547253429889679,0.6948932409286499,3.1722450256347656,0.792195737361908,0.39232078194618225,3.1666007041931152,0.6832619309425354,0.7036707997322083,3.278956890106201,0.8322533369064331,0.39148297905921936,3.2754857540130615,0.7189236283302307,0.6341785788536072,3.390993595123291,0.17569780349731445,0.43699726462364197,3.375495672225952,0.002740063238888979,0.4234058039627681,1
2026-09-24T12:26:35.441158,S012,S012_A5_Y_20260924_1226,elevated_20,A5,young,class_1,0.5990223288536072,0.5576454401016235,-1.1399786472320557,0.6056492328643799,0.46225684881210327,-1.0668652057647705,0.6218820810317993,0.457539826631546,-1.067015528678894,0.637689471244812,0.45234599709510803,-1.0673478841781616,0.5474401712417603,0.46801936626434326,-1.1086890697479248,0.5180429220199585,0.4683746099472046,-1.1080853939056396,0.488703191280365,0.4693203270435333,-1.108569860458374,0.6502600312232971,0.46777912974357605,-0.5955666303634644,0.4281982481479645,0.4916257858276367,-0.7507229447364807,0.6210571527481079,0.6323165893554688,-0.9496235847473145,0.5546829104423523,0.6438015103340149,-0.9971672892570496,0.8134692311286926,0.8631075024604797,-0.2855776250362396,0.26155099272727966,0.9074922800064087,-0.5504570603370667,0.9109295010566711,1.3316246271133423,-0.12358812242746353,0.14769090712070465,1.409425973892212,-0.4663843512535095,0.8762892484664917,1.7130789756774902,-0.5291408896446228,0.2031848132610321,1.773976445198059,-0.9137736558914185,0.9081913828849792,1.8457236289978027,-0.6550153493881226,0.18936720490455627,1.9062894582748413,-1.058472752571106,0.8501877784729004,1.8412606716156006,-0.7454713582992554,0.24137434363365173,1.8837494850158691,-1.1485874652862549,0.8254359364509583,1.7890692949295044,-0.5899615287780762,0.2582937777042389,1.827865719795227,-0.9632440805435181,0.7449761629104614,1.7719383239746094,-0.04137260466814041,0.3895055949687958,1.7888888120651245,0.04673749580979347,0.7238291501998901,2.5067684650421143,0.0656384825706482,0.3941386342048645,2.5215392112731934,0.1645839363336563,0.7282598614692688,3.1728641986846924,0.8898051977157593,0.42469653487205505,3.1692323684692383,0.8283295631408691,0.7317930459976196,3.27972412109375,0.9320747256278992,0.4227815568447113,3.2772703170776367,0.8761604428291321,0.700657308101654,3.3911843299865723,0.25848233699798584,0.487029492855072,3.3779618740081787,0.11718839406967163,0.423529420949225,1
2026-09-24T12:26:35.591943,S012,S012_A5_Y_20260924_1226,elevated_20,A5,young,class_1,0.631110668182373,0.5456441044807434,-1.1249314546585083,0.6285185217857361,0.4440162479877472,-1.0534389019012451,0.6423304080963135,0.43984392285346985,-1.0535186529159546,0.6558148860931396,0.4352499544620514,-1.0537946224212646,0.5771389007568359,0.44926559925079346,-1.098889708518982,0.5496031045913696,0.4499903619289398,-1.0982921123504639,0.5187779664993286,0.45161861181259155,-1.098755955696106,0.652090311050415,0.45379403233528137,-0.5942462086677551,0.442786306142807,0.47706958651542664,-0.7666453123092651,0.6481814980506897,0.6178447604179382,-0.9390026330947876,0.5883336067199707,0.6317965388298035,-0.9912789463996887,0.8117228746414185,0.8543800115585327,-0.2637808918952942,0.2599211633205414,0.9081408381462097,-0.5753206014633179,0.9035235643386841,1.3223975896835327,-0.0830511525273323,0.1457277238368988,1.4092203378677368,-0.503944993019104,0.873072624206543,1.70362389087677,-0.4575406014919281,0.20786850154399872,1.7728897333145142,-0.9187401533126831,0.9051240086555481,1.8362354040145874,-0.5782333612442017,0.19740381836891174,1.9060066938400269,-1.0575101375579834,0.8503082394599915,1.832867980003357,-0.6613273024559021,0.2492825984954834,1.8826090097427368,-1.1474170684814453,0.8254953622817993,1.7823660373687744,-0.5153487324714661,0.26414698362350464,1.826094150543213,-0.9673291444778442,0.7484179139137268,1.7719638347625732,-0.03164352476596832,0.39041587710380554,1.792015790939331,0.03678970783948898,0.735015332698822,2.506452798843384,0.1271527111530304,0.4018476605415344,2.5251893997192383,0.20210817456245422,0.7439088821411133,3.1731905937194824,0.9854521751403809,0.43473997712135315,3.1693527698516846,0.9439805150032043,0.7450135946273804,3.2804133892059326,1.0300447940826416,0.4312542974948883,3.2781472206115723,0.9994108080863953,0.725798487663269,3.391556739807129,0.35965695977211,0.501937747001648,3.3790061473846436,0.23645193874835968,0.4237920803697114,1
2026-09-24T12:26:35.743997,S012,S012_A5_Y_20260924_1226,elevated_20,A5,young,class_1,0.6442691087722778,0.5361349582672119,-1.118407964706421,0.6429138779640198,0.433938205242157,-1.0300605297088623,0.6559523344039917,0.4308786392211914,-1.0301989316940308,0.6683973670005798,0.4273519217967987,-1.0306079387664795,0.5922777056694031,0.43604758381843567,-1.0854859352111816,0.5654926300048828,0.4356808364391327,-1.0846476554870605,0.5343700051307678,0.4362910985946655,-1.0850387811660767,0.6561086177825928,0.44636625051498413,-0.5482024550437927,0.45334258675575256,0.4613587558269501,-0.7465277910232544,0.6576523184776306,0.6084124445915222,-0.9171983003616333,0.59894859790802,0.6208438873291016,-0.9732314348220825,0.8103985786437988,0.8495129346847534,-0.20868614315986633,0.2584081292152405,0.9082911014556885,-0.5800434350967407,0.8979595899581909,1.317089557647705,-0.005969921592622995,0.14575207233428955,1.4083664417266846,-0.5229228138923645,0.8730910420417786,1.6967918872833252,-0.3500363826751709,0.2094283550977707,1.770131230354309,-0.9311004877090454,0.905074417591095,1.8291218280792236,-0.4548720717430115,0.198488250374794,1.90389883518219,-1.0691992044448853,0.8521612882614136,1.8273671865463257,-0.5430461764335632,0.25165659189224243,1.8818562030792236,-1.156205177307129,0.8267761468887329,1.7774395942687988,-0.40848666429519653,0.26624247431755066,1.8246676921844482,-0.9781726002693176,0.7483219504356384,1.7719842195510864,-0.01409505121409893,0.39069265127182007,1.7927576303482056,0.019054071977734566,0.7352228164672852,2.5063817501068115,0.12354228645563126,0.40653195977211,2.526768922805786,0.10662735998630524,0.744452178478241,3.174884080886841,0.9454258680343628,0.4363270401954651,3.1713168621063232,0.7393330931663513,0.7448509931564331,3.2842323780059814,0.9870088696479797,0.43194374442100525,3.2796430587768555,0.7804205417633057,0.7314633727073669,3.391683340072632,0.34261423349380493,0.5028601288795471,3.3804447650909424,0.028356796130537987,0.42450983084254956,1
2026-09-24T12:26:35.891858,S012,S012_A5_Y_20260924_1226,elevated_20,A5,young,class_1,0.652971088886261,0.5226060152053833,-1.0368506908416748,0.651803195476532,0.4224313795566559,-0.9578002691268921,0.6643063426017761,0.420064240694046,-0.9577819108963013,0.6759650111198425,0.41734975576400757,-0.9580823183059692,0.6013118624687195,0.4233032464981079,-1.0158437490463257,0.5750927925109863,0.4226070046424866,-1.0152232646942139,0.5444420576095581,0.4228864908218384,-1.0156021118164062,0.6577621102333069,0.4371106028556824,-0.5113431811332703,0.4612646698951721,0.4494430124759674,-0.7345776557922363,0.6637584567070007,0.5954211950302124,-0.8591891527175903,0.6056386232376099,0.6065714955329895,-0.9260595440864563,0.8097716569900513,0.8473919630050659,-0.208830788731575,0.2557999789714813,0.9082182049751282,-0.576137900352478,0.8964382410049438,1.3172248601913452,-0.02328672632575035,0.14568942785263062,1.408207654953003,-0.5205368995666504,0.8719110488891602,1.6973602771759033,-0.3135884404182434,0.21044716238975525,1.7703959941864014,-0.9033840894699097,0.9040840864181519,1.8293769359588623,-0.4128664433956146,0.198483407497406,1.9050709009170532,-1.0378447771072388,0.8522216081619263,1.828503131866455,-0.48876309394836426,0.25246956944465637,1.8840378522872925,-1.12688410282135,0.8268321752548218,1.7787251472473145,-0.3670172691345215,0.2671063542366028,1.825700044631958,-0.9513221979141235,0.7482426166534424,1.7721844911575317,-0.010094051249325275,0.389756977558136,1.7942208051681519,0.015113863162696362,0.7349258065223694,2.5070488452911377,0.11947371810674667,0.4066171646118164,2.5326809883117676,0.1272510588169098,0.7437304258346558,3.17920184135437,0.9338509440422058,0.4361700415611267,3.177258014678955,0.8062238693237305,0.7443512082099915,3.290828227996826,0.9752599596977234,0.4310104250907898,3.2861549854278564,0.8531607389450073,0.7297670841217041,3.395493745803833,0.3344349265098572,0.5022310614585876,3.3868181705474854,0.11253400146961212,0.42453018097159767,1
2026-09-24T12:26:36.027887,S012,S012_A5_Y_20260924_1226,elevated_20,A5,young,class_1,0.6542434096336365,0.5190053582191467,-1.043006181716919,0.6534894704818726,0.41830575466156006,-0.9600871205329895,0.6661673784255981,0.41596469283103943,-0.9601091146469116,0.6780198812484741,0.41327714920043945,-0.9604517221450806,0.6021796464920044,0.41954246163368225,-1.0219775438308716,0.5757807493209839,0.4191344380378723,-1.0214189291000366,0.5451482534408569,0.41980841755867004,-1.0218356847763062,0.6589320302009583,0.4333682358264923,-0.5203871726989746,0.4631370007991791,0.4465605318546295,-0.7307139039039612,0.6660077571868896,0.5921105742454529,-0.861847996711731,0.6068522930145264,0.6034476161003113,-0.931201159954071,0.8097039461135864,0.8448951244354248,-0.22068019211292267,0.25134795904159546,0.9084193706512451,-0.5670374035835266,0.8993774652481079,1.317216396331787,-0.06371640413999557,0.14405257999897003,1.4152562618255615,-0.5058676600456238,0.8727837800979614,1.6971389055252075,-0.37229883670806885,0.21516653895378113,1.7711251974105835,-0.8900481462478638,0.9050620794296265,1.8291285037994385,-0.47663360834121704,0.2073325365781784,1.9054580926895142,-1.0236541032791138,0.8534625768661499,1.8275822401046753,-0.5534805655479431,0.25959697365760803,1.8836605548858643,-1.1124860048294067,0.8279411196708679,1.778033971786499,-0.42730116844177246,0.2726694941520691,1.8255349397659302,-0.9386703372001648,0.7503429651260376,1.773881196975708,-0.011466046795248985,0.3902433514595032,1.799148678779602,0.016536761075258255,0.7399492859840393,2.5099363327026367,0.1250457465648651,0.4085683822631836,2.540294885635376,0.1446879506111145,0.7516001462936401,3.1843886375427246,0.9468687772750854,0.4402427673339844,3.1827452182769775,0.8313644528388977,0.7524092197418213,3.2966086864471436,0.9890321493148804,0.43510550260543823,3.2901816368103027,0.8799116015434265,0.7373729348182678,3.4012210369110107,0.34357306361198425,0.5085083842277527,3.394439220428467,0.14147721230983734,0.42442728628796456,1
2026-09-24T12:26:36.200479,S012,S012_A5_Y_20260924_1226,elevated_20,A5,young,class_1,0.6522097587585449,0.5129343867301941,-1.0320438146591187,0.6520708203315735,0.41239097714424133,-0.9555360674858093,0.6650394797325134,0.4101661741733551,-0.9555020332336426,0.6772385835647583,0.4075759947299957,-0.9558786153793335,0.6001623868942261,0.41445791721343994,-1.011184811592102,0.5735315084457397,0.41464006900787354,-1.010731816291809,0.5431143045425415,0.4159441292285919,-1.0111687183380127,0.6590457558631897,0.429131418466568,-0.5243228673934937,0.4627555310726166,0.44410452246665955,-0.7271866202354431,0.6661602258682251,0.5863557457923889,-0.859721839427948,0.6058176755905151,0.5976296663284302,-0.9259891510009766,0.8104678988456726,0.8498567938804626,-0.22912189364433289,0.24661560356616974,0.9085647463798523,-0.5860363841056824,0.8995898962020874,1.3284080028533936,-0.08169586211442947,0.13143481314182281,1.417811632156372,-0.5324597954750061,0.875227153301239,1.7089003324508667,-0.4038766324520111,0.198945552110672,1.782138705253601,-0.8925239443778992,0.9094200134277344,1.8391283750534058,-0.5124854445457458,0.1851913183927536,1.9158823490142822,-1.0206700563430786,0.8563867807388306,1.8400275707244873,-0.586359977722168,0.24132736027240753,1.9022611379623413,-1.1069719791412354,0.8303788900375366,1.788916826248169,-0.45760345458984375,0.2557767927646637,1.8434715270996094,-0.9395860433578491,0.7470766305923462,1.7845919132232666,-0.00508987158536911,0.38720452785491943,1.807403326034546,0.01032699178904295,0.7338387966156006,2.5265982151031494,0.11693569272756577,0.40263503789901733,2.5562403202056885,0.08345939218997955,0.7420089244842529,3.2103772163391113,0.9286500215530396,0.42563706636428833,3.207169771194458,0.6881656646728516,0.7415117025375366,3.329524517059326,0.9704704284667969,0.4186885952949524,3.318803310394287,0.7259843349456787,0.7320220470428467,3.422011375427246,0.34093210101127625,0.49218010902404785,3.4203951358795166,0.004991344176232815,0.4243357786948984,1
2026-09-24T12:26:36.350734,S012,S012_A5_Y_20260924_1226,elevated_20,A5,young,class_1,0.6509165167808533,0.5134138464927673,-1.028261423110962,0.651267409324646,0.41360053420066833,-0.9559256434440613,0.6639620065689087,0.41132643818855286,-0.9558111429214478,0.6761776208877563,0.40871790051460266,-0.9561697244644165,0.5990031957626343,0.4156985878944397,-1.0033951997756958,0.5699993371963501,0.4158589243888855,-1.0028879642486572,0.5378501415252686,0.41713985800743103,-1.0032799243927002,0.6598793864250183,0.43016427755355835,-0.5269672870635986,0.45675620436668396,0.4451647996902466,-0.711319088935852,0.665952742099762,0.5871440172195435,-0.8587501645088196,0.603123664855957,0.5981732606887817,-0.9153218269348145,0.810663104057312,0.8536230325698853,-0.2465883046388626,0.2362796813249588,0.9087048172950745,-0.5768040418624878,0.903222382068634,1.3409104347229004,-0.14333805441856384,0.12171266227960587,1.4237844944000244,-0.5181465744972229,0.8753434419631958,1.7317429780960083,-0.48978859186172485,0.18301790952682495,1.7997276782989502,-0.8600455522537231,0.9096543192863464,1.864776849746704,-0.6152013540267944,0.16502298414707184,1.9344013929367065,-0.9840448498725891,0.8554325103759766,1.8621265888214111,-0.6742611527442932,0.22107847034931183,1.9186619520187378,-1.0750081539154053,0.8296634554862976,1.8102126121520996,-0.5387628674507141,0.23848643898963928,1.8616663217544556,-0.9095619916915894,0.7418491840362549,1.7924573421478271,-0.006359563209116459,0.3770410120487213,1.8143324851989746,0.011584005318582058,0.7264817357063293,2.542210102081299,0.13837969303131104,0.38807159662246704,2.569589376449585,0.08447177708148956,0.7316521406173706,3.2245473861694336,0.989484965801239,0.4114835858345032,3.2225189208984375,0.7202762365341187,0.7324298620223999,3.34342098236084,1.0374187231063843,0.40466418862342834,3.334752082824707,0.7641740441322327,0.7159873247146606,3.4401752948760986,0.4182536005973816,0.4783393442630768,3.4406330585479736,0.04971111938357353,0.42485166478543374,1
2026-09-24T12:26:36.494787,S012,S012_A5_Y_20260924_1226,elevated_20,A5,young,class_1,0.634750485420227,0.5198628902435303,-0.9965488314628601,0.6429440379142761,0.4196367561817169,-0.9285917282104492,0.658540666103363,0.41673606634140015,-0.9284744262695312,0.6728271245956421,0.41331884264945984,-0.9287745356559753,0.5837410688400269,0.42167457938194275,-0.9623382687568665,0.5539266467094421,0.42099031805992126,-0.9617005586624146,0.5223900675773621,0.4211326539516449,-0.9621106386184692,0.6599811911582947,0.4346500039100647,-0.5113338828086853,0.4497153162956238,0.44874393939971924,-0.6387307047843933,0.6554315686225891,0.597279965877533,-0.8325063586235046,0.5835063457489014,0.6060349941253662,-0.8706889152526855,0.8138078451156616,0.8606598377227783,-0.24719171226024628,0.23556634783744812,0.9108538031578064,-0.51734459400177,0.9432408213615417,1.3569083213806152,-0.23184318840503693,0.12285621464252472,1.433894395828247,-0.45528078079223633,0.9054858088493347,1.7568570375442505,-0.6407562494277954,0.16341903805732727,1.7984040975570679,-0.8317301869392395,0.9382470846176147,1.8983933925628662,-0.7746984362602234,0.15769243240356445,1.9329352378845215,-0.9597312808036804,0.8692426681518555,1.8883225917816162,-0.8309510946273804,0.1903303563594818,1.9175305366516113,-1.048501968383789,0.8452674746513367,1.8336894512176514,-0.6889791488647461,0.23545679450035095,1.8745439052581787,-0.882177472114563,0.7416861057281494,1.8177591562271118,-0.007352204527705908,0.3750236928462982,1.838547945022583,0.01303195022046566,0.7264969348907471,2.5721664428710938,0.06955061107873917,0.38686415553092957,2.5933637619018555,0.06640832126140594,0.731687068939209,3.2495129108428955,0.8081804513931274,0.41220298409461975,3.243004322052002,0.5832776427268982,0.733492910861969,3.3685379028320312,0.8462880849838257,0.405880868434906,3.356266736984253,0.6153337359428406,0.7074874639511108,3.4711759090423584,0.24039283394813538,0.47843751311302185,3.4644501209259033,-0.0672357827425003,0.4251919460946352,1
2026-09-24T12:26:36.638080,S012,S012_A5_Y_20260924_1226,elevated_20,A5,young,class_1,0.6017652153968811,0.5251944661140442,-0.986953854560852,0.6211811304092407,0.4255933165550232,-0.929472804069519,0.6402565240859985,0.4224171042442322,-0.9292882084846497,0.6586750149726868,0.41917020082473755,-0.9292358160018921,0.5543152093887329,0.4279623329639435,-0.945895791053772,0.5234973430633545,0.4270317852497101,-0.9449464082717896,0.4958018660545349,0.42687904834747314,-0.945277214050293,0.6599961519241333,0.4419355094432831,-0.5140223503112793,0.4372381567955017,0.45549726486206055,-0.567740261554718,0.6288166642189026,0.6082122921943665,-0.8293166160583496,0.5536705851554871,0.6123353838920593,-0.8421169519424438,0.8241923451423645,0.8612346053123474,-0.2482793778181076,0.2385178804397583,0.9091715216636658,-0.39504474401474,0.9895579218864441,1.3677433729171753,-0.45263203978538513,0.1223859190940857,1.434285044670105,-0.41600853204727173,0.9369593858718872,1.4597129821777344,-1.059232234954834,0.16744425892829895,1.8162142038345337,-0.9223424196243286,0.9604470133781433,1.478654146194458,-1.216736078262329,0.15640628337860107,1.9568051099777222,-1.0489078760147095,0.9165593385696411,1.416844129562378,-1.187397837638855,0.19793929159641266,1.9197814464569092,-1.1308239698410034,0.8874180912971497,1.419053316116333,-1.081052541732788,0.23530559241771698,1.873333215713501,-0.976324200630188,0.7420699596405029,1.8147673606872559,-0.035304270684719086,0.3702264428138733,1.8376566171646118,0.04291808232665062,0.7229264974594116,2.567996025085449,0.012075700797140598,0.3766264021396637,2.588787078857422,0.14494457840919495,0.7189420461654663,3.245274066925049,0.7121567130088806,0.3988436758518219,3.2408998012542725,0.6976099610328674,0.7234895825386047,3.362548828125,0.7427186369895935,0.3932752013206482,3.3558285236358643,0.7375914454460144,0.6742852926254272,3.465331792831421,0.07245896756649017,0.46331533789634705,3.456852674484253,0.02956157922744751,0.430757875201986,1
2026-09-24T12:26:36.763380,S012,S012_A5_Y_20260924_1226,elevated_20,A5,young,class_1,0.5813999772071838,0.5259454250335693,-1.0015277862548828,0.6049972772598267,0.426023006439209,-0.9517577290534973,0.6247271299362183,0.4229283928871155,-0.9514855146408081,0.6444638967514038,0.42006799578666687,-0.9513231515884399,0.533115565776825,0.4287358820438385,-0.9507028460502625,0.5027350783348083,0.42823517322540283,-0.9501069188117981,0.4768508970737457,0.4282563030719757,-0.9505265355110168,0.6594282984733582,0.4447627365589142,-0.5738376379013062,0.4282262325286865,0.4600295424461365,-0.5921648144721985,0.6138471364974976,0.6116299033164978,-0.8571828007698059,0.5321038365364075,0.6136000752449036,-0.8495278358459473,0.8343837857246399,0.8698946237564087,-0.3338605761528015,0.23903927206993103,0.9095075130462646,-0.4362829625606537,0.9931454658508301,1.373583197593689,-0.37835031747817993,0.12287324666976929,1.4362711906433105,-0.4140031337738037,0.9522647857666016,1.6807708740234375,-0.7983426451683044,0.16923752427101135,1.8249081373214722,-0.9112962484359741,0.9844504594802856,1.8003857135772705,-0.9377298355102539,0.15109983086585999,1.9669134616851807,-1.0352123975753784,0.9178093671798706,1.7726819515228271,-0.9737615585327148,0.20225206017494202,1.9338473081588745,-1.1197562217712402,0.8900169134140015,1.7276806831359863,-0.8405008316040039,0.2359263002872467,1.8822909593582153,-0.9608060121536255,0.7447518110275269,1.8207570314407349,-0.039388228207826614,0.3706739544868469,1.8389732837677002,0.047100670635700226,0.7236907482147217,2.575139045715332,-0.006020852364599705,0.37618035078048706,2.5887138843536377,0.1024080365896225,0.7191189527511597,3.2462875843048096,0.716903805732727,0.3988172709941864,3.2379469871520996,0.6092315912246704,0.7266398668289185,3.3630530834198,0.7512459754943848,0.3944541811943054,3.3529679775238037,0.6429378986358643,0.6704975366592407,3.471611976623535,0.10104234516620636,0.4598155915737152,3.455303430557251,-0.053457506000995636,0.4317692624508984,1
2026-09-24T12:26:36.894051,S012,S012_A5_Y_20260924_1226,elevated_20,A5,young,class_1,0.5752686262130737,0.5263317823410034,-1.024185299873352,0.5975347757339478,0.4261728823184967,-0.977682888507843,0.6167894601821899,0.42300790548324585,-0.9773683547973633,0.6362863779067993,0.4200911223888397,-0.97728431224823,0.5249331593513489,0.4292224049568176,-0.9673410654067993,0.4944940209388733,0.4292961359024048,-0.9664803743362427,0.4688187539577484,0.4298466742038727,-0.9667941331863403,0.6574496030807495,0.4447489380836487,-0.6063336730003357,0.4237141013145447,0.4634334146976471,-0.6050823330879211,0.6082432270050049,0.6122065782546997,-0.8815423846244812,0.5258479714393616,0.6145637035369873,-0.8592844009399414,0.8391887545585632,0.8732331395149231,-0.35538116097450256,0.23952066898345947,0.9095180034637451,-0.453899621963501,0.9887245893478394,1.3775566816329956,-0.3592629134654999,0.12373696267604828,1.4413257837295532,-0.41192665696144104,0.9568884968757629,1.7240058183670044,-0.7596938014030457,0.17116357386112213,1.8278872966766357,-0.9022892713546753,0.9938607215881348,1.8507248163223267,-0.9039233326911926,0.15170630812644958,1.9682252407073975,-1.028862476348877,0.9227267503738403,1.8288969993591309,-0.9544779062271118,0.20494584739208221,1.9355628490447998,-1.1168408393859863,0.894591212272644,1.77978515625,-0.8082046508789062,0.23682157695293427,1.8827584981918335,-0.9514745473861694,0.7463974952697754,1.825290560722351,-0.04108349233865738,0.3710724413394928,1.8397945165634155,0.048753611743450165,0.723735511302948,2.581028461456299,-0.001704355119727552,0.37400171160697937,2.5897836685180664,0.09939778596162796,0.7183588743209839,3.2508575916290283,0.7356868982315063,0.39409950375556946,3.237837553024292,0.6162208318710327,0.7267749905586243,3.3673436641693115,0.7716534733772278,0.3904407024383545,3.3528544902801514,0.6503915190696716,0.6595834493637085,3.476541757583618,0.12472625076770782,0.4516139626502991,3.4574806690216064,-0.05020720884203911,0.43283546957035,1
2026-09-24T12:26:36.997221,S012,S012_A5_Y_20260924_1226,elevated_20,A5,young,class_1,0.5650193691253662,0.5264453291893005,-1.0244636535644531,0.5901831984519958,0.4261375069618225,-0.9778356552124023,0.6102975606918335,0.4229671061038971,-0.9775506258010864,0.6295299530029297,0.42011383175849915,-0.9775042533874512,0.5161297917366028,0.429369181394577,-0.9715275764465332,0.486605703830719,0.4293610155582428,-0.9706754684448242,0.462039053440094,0.43008217215538025,-0.971000075340271,0.6560479402542114,0.44491708278656006,-0.6060915589332581,0.4213298261165619,0.46466976404190063,-0.5988944172859192,0.6008647680282593,0.6123111248016357,-0.8815547823905945,0.5160635709762573,0.6145370006561279,-0.8657930493354797,0.8391647338867188,0.8736358284950256,-0.35567131638526917,0.2399081289768219,0.9094176888465881,-0.4571492075920105,0.9835991859436035,1.3775469064712524,-0.3361906111240387,0.12420918792486191,1.4405677318572998,-0.38638705015182495,0.9515700340270996,1.737393856048584,-0.7222962379455566,0.17196431756019592,1.825522541999817,-0.8017230033874512,0.9860799908638,1.8660588264465332,-0.8581870794296265,0.15283815562725067,1.9657808542251587,-0.935080349445343,0.9100192785263062,1.8467985391616821,-0.909075140953064,0.20585671067237854,1.9353241920471191,-1.024648904800415,0.8846839070320129,1.7959142923355103,-0.7699806094169617,0.23715738952159882,1.8822416067123413,-0.8557036519050598,0.7462124228477478,1.821739912033081,-0.041629090905189514,0.3711463510990143,1.8326237201690674,0.04906187579035759,0.7233371138572693,2.5786049365997314,0.00028278768877498806,0.3744567930698395,2.5861599445343018,0.10064047574996948,0.7176844477653503,3.2503957748413086,0.7651929259300232,0.394816517829895,3.2370340824127197,0.6340545415878296,0.7262044548988342,3.365570068359375,0.8047847747802734,0.39144665002822876,3.3521344661712646,0.6690291166305542,0.6600926518440247,3.47361421585083,0.14737486839294434,0.45099982619285583,3.4566919803619385,-0.035081904381513596,0.4325303363530111,1
2026-09-24T12:26:37.118445,S012,S012_A5_Y_20260924_1226,elevated_20,A5,young,class_1,0.5582173466682434,0.5306076407432556,-1.223214030265808,0.5839422345161438,0.4269271492958069,-1.1660996675491333,0.6051818132400513,0.42372652888298035,-1.1661269664764404,0.6248909831047058,0.4208986163139343,-1.166273832321167,0.5072964429855347,0.43045559525489807,-1.1709693670272827,0.47905492782592773,0.4304521381855011,-1.1700210571289062,0.45469045639038086,0.43125027418136597,-1.1703307628631592,0.6542947292327881,0.44554266333580017,-0.7273855209350586,0.4183475077152252,0.46531662344932556,-0.7213724851608276,0.5947860479354858,0.6164295673370361,-1.04911208152771,0.5109155178070068,0.6180183291435242,-1.0460007190704346,0.8386411666870117,0.8703973293304443,-0.4171924591064453,0.24026814103126526,0.9094666242599487,-0.4832468628883362,0.9796744585037231,1.368936538696289,-0.4008723199367523,0.12458721548318863,1.4556710720062256,-0.3913257122039795,0.9491018056869507,1.7239476442337036,-0.8650747537612915,0.18831154704093933,1.8244253396987915,-0.8085408210754395,0.9849449396133423,1.8520089387893677,-1.030633568763733,0.18164892494678497,1.9634095430374146,-0.9686422348022461,0.9096058011054993,1.8285161256790161,-1.0918705463409424,0.2357712984085083,1.931261658668518,-1.0664724111557007,0.8837564587593079,1.778930425643921,-0.9197443723678589,0.25615495443344116,1.8775733709335327,-0.8676276206970215,0.7488310933113098,1.8099466562271118,-0.05489553138613701,0.3755376935005188,1.8259880542755127,0.06182180717587471,0.7345325946807861,2.5696146488189697,0.010630348697304726,0.3883375823497772,2.5812220573425293,0.11412520706653595,0.7336567640304565,3.243725538253784,0.8284977674484253,0.41543522477149963,3.236158847808838,0.7039867043495178,0.7435618042945862,3.3553884029388428,0.8713647723197937,0.41421395540237427,3.351640462875366,0.745051383972168,0.6746659278869629,3.4730279445648193,0.15803535282611847,0.4718877673149109,3.4543097019195557,-0.027682289481163025,0.4320057833077898,1
2026-09-24T12:26:37.243280,S012,S012_A5_Y_20260924_1226,elevated_20,A5,young,class_1,0.5512117147445679,0.530582070350647,-1.1569386720657349,0.5784716606140137,0.4261325001716614,-1.0988948345184326,0.6003751754760742,0.42265427112579346,-1.0988266468048096,0.6205471754074097,0.41968071460723877,-1.098950982093811,0.49880361557006836,0.43039843440055847,-1.11216139793396,0.4705236852169037,0.430526465177536,-1.111275315284729,0.44622111320495605,0.43136918544769287,-1.1116139888763428,0.6520275473594666,0.4448811709880829,-0.6863986849784851,0.4152236580848694,0.4653373956680298,-0.7057456970214844,0.5898166298866272,0.6163294315338135,-0.9938861131668091,0.5023013353347778,0.6179807186126709,-0.997888445854187,0.8384506106376648,0.872453510761261,-0.41925686597824097,0.23960921168327332,0.9118459224700928,-0.48626112937927246,0.9756563305854797,1.3963394165039062,-0.4228145480155945,0.12183426320552826,1.4645283222198486,-0.40572255849838257,0.9347688555717468,1.7608424425125122,-0.8256939649581909,0.18749204277992249,1.8433011770248413,-0.8594032526016235,0.9682686924934387,1.8912107944488525,-0.9796738624572754,0.17805227637290955,1.9847484827041626,-1.013792634010315,0.8862465620040894,1.8704993724822998,-1.0293207168579102,0.2354157269001007,1.9520784616470337,-1.1039294004440308,0.8623417019844055,1.8179491758346558,-0.8750365376472473,0.2560923993587494,1.8958373069763184,-0.9172372817993164,0.7486453652381897,1.8174915313720703,-0.05442102998495102,0.37366750836372375,1.830683946609497,0.06146552041172981,0.7321577668190002,2.5818543434143066,0.009679816663265228,0.3831309676170349,2.5898892879486084,0.12063942849636078,0.7228918671607971,3.2568588256835938,0.8267849683761597,0.39990514516830444,3.2457528114318848,0.7049949169158936,0.7340645790100098,3.3716378211975098,0.8698908090591431,0.39668312668800354,3.3628973960876465,0.7452614903450012,0.6550176739692688,3.487673044204712,0.16848944127559662,0.45221471786499023,3.4703140258789062,-0.026046905666589737,0.43141882757961203,1
2026-09-24T12:26:37.362275,S012,S012_A5_Y_20260924_1226,elevated_20,A5,young,class_1,0.5418280363082886,0.5262063145637512,-1.026047945022583,0.570776641368866,0.4235323369503021,-0.9788834452629089,0.5925225019454956,0.4205418825149536,-0.978563666343689,0.6132898330688477,0.41820797324180603,-0.9785594940185547,0.4918603003025055,0.42829445004463196,-0.9738655090332031,0.4640820026397705,0.4288541078567505,-0.972857654094696,0.43998193740844727,0.42987677454948425,-0.9730761647224426,0.6476302146911621,0.44491785764694214,-0.6536774039268494,0.41237711906433105,0.46473976969718933,-0.5893984436988831,0.5827735066413879,0.6130188703536987,-0.8954998254776001,0.4933485984802246,0.613516628742218,-0.8785098195075989,0.8380674123764038,0.8724133372306824,-0.39718717336654663,0.23951885104179382,0.9118483662605286,-0.460249662399292,0.97404545545578,1.3964141607284546,-0.38906747102737427,0.1218535304069519,1.46269953250885,-0.4034717082977295,0.9234353303909302,1.7646745443344116,-0.7549488544464111,0.18747618794441223,1.8400365114212036,-0.8479447364807129,0.9549474716186523,1.8936593532562256,-0.8947691917419434,0.17673665285110474,1.9806780815124512,-0.9908014535903931,0.8750144839286804,1.8743064403533936,-0.9208658933639526,0.2352888137102127,1.9488425254821777,-1.0739719867706299,0.8515022397041321,1.8226902484893799,-0.7918669581413269,0.2559742331504822,1.8930622339248657,-0.9040327072143555,0.7467927932739258,1.8169078826904297,-0.053226567804813385,0.3693038821220398,1.8302592039108276,0.06019138544797897,0.7265936136245728,2.5795578956604004,0.027275893837213516,0.37807175517082214,2.5886929035186768,0.15523675084114075,0.717894434928894,3.254558563232422,0.8389647603034973,0.39380061626434326,3.243932008743286,0.7554224133491516,0.7292227149009705,3.370021343231201,0.8817698359489441,0.3905693292617798,3.3599042892456055,0.798958420753479,0.652823269367218,3.483588218688965,0.21903690695762634,0.4466284215450287,3.4671759605407715,0.08247341215610504,0.431091213164605,1
2026-09-24T12:26:37.535327,S012,S012_A5_Y_20260924_1226,elevated_20,A5,young,class_1,0.5360864400863647,0.5238475799560547,-0.9691873788833618,0.5656784772872925,0.42255595326423645,-0.9198437929153442,0.587070107460022,0.4200175702571869,-0.9194916486740112,0.6080079078674316,0.4180071949958801,-0.9194658398628235,0.4878734052181244,0.4266653060913086,-0.9147998690605164,0.4609247148036957,0.4271791875362396,-0.9139067530632019,0.43734899163246155,0.4280678629875183,-0.9142369031906128,0.6427198052406311,0.44570162892341614,-0.5997810363769531,0.41093993186950684,0.46319854259490967,-0.5388909578323364,0.576439380645752,0.6104494333267212,-0.8417903780937195,0.487739235162735,0.6097636818885803,-0.82646244764328,0.8375867009162903,0.8775565028190613,-0.3800731897354126,0.23630020022392273,0.9120861291885376,-0.44609513878822327,0.9710729718208313,1.40540611743927,-0.3801785111427307,0.11741697788238525,1.457295536994934,-0.3733386993408203,0.9184271097183228,1.7711347341537476,-0.7274829745292664,0.18425610661506653,1.8378115892410278,-0.7640208005905151,0.9504216313362122,1.9001014232635498,-0.8625823855400085,0.1690012514591217,1.9784069061279297,-0.8941262364387512,0.871354877948761,1.8806267976760864,-0.8928644061088562,0.23247674107551575,1.9477194547653198,-0.9725340604782104,0.8473172187805176,1.8281234502792358,-0.7663768529891968,0.25363868474960327,1.891736388206482,-0.8151311874389648,0.7397818565368652,1.8214679956436157,-0.04892158880829811,0.36187437176704407,1.8319642543792725,0.056096989661455154,0.7155513167381287,2.5846023559570312,0.017041698098182678,0.3695374131202698,2.58984112739563,0.10350991785526276,0.7103676795959473,3.25850510597229,0.7484087944030762,0.3863683342933655,3.2436163425445557,0.6028358936309814,0.7228957414627075,3.3748435974121094,0.7836371660232544,0.38237279653549194,3.3592312335968018,0.6347141265869141,0.644659161567688,3.4856479167938232,0.15079382061958313,0.4421522617340088,3.46756911277771,-0.05690032243728638,0.4314424451749801,1
2026-09-24T12:26:37.702562,S012,S012_A5_Y_20260924_1226,elevated_20,A5,young,class_1,0.5349006056785583,0.5238794684410095,-1.0439289808273315,0.5637606382369995,0.42260608077049255,-0.991143524646759,0.5847805738449097,0.42008763551712036,-0.9909889101982117,0.6055461168289185,0.41817936301231384,-0.9910414814949036,0.4865335524082184,0.4267215132713318,-0.9839876890182495,0.4602339267730713,0.42724406719207764,-0.9832366108894348,0.4369749128818512,0.4281497597694397,-0.9836847186088562,0.6399000883102417,0.4475211203098297,-0.6317386627197266,0.4109751284122467,0.46324387192726135,-0.5593981146812439,0.5745517611503601,0.6104251742362976,-0.904158890247345,0.48731550574302673,0.6096219420433044,-0.8871251344680786,0.837395191192627,0.8794126510620117,-0.3825855851173401,0.23649516701698303,0.9126245975494385,-0.4481644034385681,0.96416836977005,1.4055564403533936,-0.3739735782146454,0.11777903884649277,1.4577475786209106,-0.37829703092575073,0.9112303853034973,1.7671029567718506,-0.7670922875404358,0.18469926714897156,1.8364149332046509,-0.7849820256233215,0.938875675201416,1.89547598361969,-0.9132755994796753,0.17001865804195404,1.9765883684158325,-0.916810154914856,0.8645842671394348,1.8761245012283325,-0.9640692472457886,0.23288393020629883,1.9461522102355957,-0.9972659945487976,0.8423312306404114,1.8233157396316528,-0.8153718113899231,0.25365814566612244,1.8903781175613403,-0.8369373083114624,0.7340871691703796,1.8210678100585938,-0.04844454303383827,0.3609296679496765,1.83167564868927,0.055550046265125275,0.7133294343948364,2.584010601043701,-0.030217060819268227,0.3693397641181946,2.589322328567505,0.07295539230108261,0.709526002407074,3.257004499435425,0.687611997127533,0.38737952709198,3.242475986480713,0.5684096217155457,0.7219603657722473,3.3732378482818604,0.721411943435669,0.38340333104133606,3.3577919006347656,0.598382294178009,0.6449087262153625,3.4835588932037354,0.06505347788333893,0.4430975317955017,3.4665777683258057,-0.11843554675579071,0.4306792633146456,1
2026-09-24T12:26:37.853643,S012,S012_A5_Y_20260924_1226,elevated_20,A5,young,class_1,0.5373018980026245,0.5247963666915894,-1.0375722646713257,0.5657126307487488,0.4242907166481018,-0.9856914281845093,0.5864191651344299,0.42265406250953674,-0.9855308532714844,0.6068065762519836,0.421562135219574,-0.9856113195419312,0.48980197310447693,0.4270813763141632,-0.9813025593757629,0.46332603693008423,0.42741256952285767,-0.9804523587226868,0.4397963881492615,0.42818424105644226,-0.9808513522148132,0.6395244598388672,0.45167598128318787,-0.6216586828231812,0.4114934504032135,0.4632158577442169,-0.5712536573410034,0.5750592947006226,0.6115726828575134,-0.8946544528007507,0.4887552261352539,0.6101228594779968,-0.8814347386360168,0.8342665433883667,0.8799031972885132,-0.3801933228969574,0.23661582171916962,0.9113308787345886,-0.43642792105674744,0.9554871320724487,1.397891879081726,-0.36841511726379395,0.12116296589374542,1.4409493207931519,-0.3772243857383728,0.9036766886711121,1.7666499614715576,-0.7590423822402954,0.18343237042427063,1.8232421875,-0.7913538217544556,0.9305638074874878,1.892371416091919,-0.9033989906311035,0.16517968475818634,1.9613958597183228,-0.9324215650558472,0.8587878346443176,1.872741937637329,-0.9561904072761536,0.19410082697868347,1.902014136314392,-1.0182124376296997,0.8370035886764526,1.8212662935256958,-0.807898998260498,0.24917450547218323,1.8812352418899536,-0.8475897908210754,0.7304709553718567,1.8117142915725708,-0.048071131110191345,0.3611074984073639,1.8205937147140503,0.05514601990580559,0.7106447815895081,2.564079523086548,-0.0482797771692276,0.368956983089447,2.5682199001312256,0.055232711136341095,0.7074618339538574,3.2381675243377686,0.632328987121582,0.38776594400405884,3.223311185836792,0.5111595392227173,0.7194818258285522,3.351602792739868,0.6630295515060425,0.38402390480041504,3.3373360633850098,0.5362794995307922,0.6434836387634277,3.462341785430908,0.00657324492931366,0.44160085916519165,3.4387917518615723,-0.17546485364437103,0.42967076155990513,1
2026-09-24T12:26:38.001277,S012,S012_A5_Y_20260924_1226,elevated_20,A5,young,class_1,0.5393065214157104,0.5391561388969421,-0.9814902544021606,0.567343533039093,0.44223541021347046,-0.9330404996871948,0.5878672003746033,0.4408511519432068,-0.93287593126297,0.6080180406570435,0.439696729183197,-0.9329314231872559,0.4921136498451233,0.44164106249809265,-0.9331267476081848,0.4654480814933777,0.4402990937232971,-0.9322792887687683,0.44165611267089844,0.44029393792152405,-0.9325965642929077,0.6396299600601196,0.4620298743247986,-0.5787973403930664,0.4116675853729248,0.46917277574539185,-0.5524970889091492,0.576387345790863,0.6220728158950806,-0.8420951962471008,0.4905586838722229,0.6225475668907166,-0.835135817527771,0.831010639667511,0.882459282875061,-0.3587511479854584,0.23702576756477356,0.911381721496582,-0.42212480306625366,0.9340267181396484,1.3969160318374634,-0.3582984209060669,0.11660265922546387,1.4218134880065918,-0.36034849286079407,0.8870922923088074,1.7647323608398438,-0.7216838598251343,0.1723240315914154,1.81292724609375,-0.7540394067764282,0.9156901240348816,1.8883482217788696,-0.8601175546646118,0.14981427788734436,1.9510738849639893,-0.8841420412063599,0.8491722941398621,1.8710161447525024,-0.9115811586380005,0.1953752338886261,1.9034278392791748,-0.9711824655532837,0.8265633583068848,1.8196817636489868,-0.7695664167404175,0.2344386875629425,1.8765637874603271,-0.80793297290802,0.7283145189285278,1.8085607290267944,-0.04778239503502846,0.36131370067596436,1.8159645795822144,0.05486135929822922,0.7036270499229431,2.557074785232544,-0.02870982326567173,0.36798885464668274,2.5606679916381836,0.07258418202400208,0.6984211802482605,3.230311155319214,0.6485587358474731,0.3853013813495636,3.2161333560943604,0.559673011302948,0.7078554034233093,3.3421502113342285,0.6785005331039429,0.3811180889606476,3.3280882835388184,0.5897035002708435,0.6406712532043457,3.4513559341430664,0.06213671714067459,0.43744197487831116,3.428264617919922,-0.10744832456111908,0.4288104540126259,1
2026-09-24T12:26:38.133703,S012,S012_A5_Y_20260924_1226,elevated_20,A5,young,class_1,0.5409221649169922,0.5405392050743103,-0.9616470336914062,0.5684093236923218,0.4455396831035614,-0.9112282991409302,0.5888680219650269,0.4443776309490204,-0.9110628366470337,0.6088728904724121,0.44319841265678406,-0.9110803604125977,0.49283069372177124,0.4436970353126526,-0.9126003980636597,0.4660486578941345,0.44170334935188293,-0.9117332696914673,0.44239506125450134,0.4411797523498535,-0.9120413064956665,0.639694333076477,0.4657095968723297,-0.5587419867515564,0.4126289486885071,0.4692608714103699,-0.5409061312675476,0.5773530602455139,0.6229549050331116,-0.8241965174674988,0.4921796917915344,0.6225515007972717,-0.8192287683486938,0.8261094093322754,0.8824504017829895,-0.34657272696495056,0.23765107989311218,0.9114684462547302,-0.4164430499076843,0.9288562536239624,1.394311547279358,-0.35601043701171875,0.11621584743261337,1.4178578853607178,-0.3567422032356262,0.883479118347168,1.760661005973816,-0.7216494083404541,0.16968992352485657,1.812623381614685,-0.7461154460906982,0.9122463464736938,1.8830695152282715,-0.8600437045097351,0.14573486149311066,1.9506391286849976,-0.8740784525871277,0.8472954630851746,1.8688220977783203,-0.9114171862602234,0.19750438630580902,1.911754846572876,-0.9610980749130249,0.8245379328727722,1.8174270391464233,-0.7695077061653137,0.23085229098796844,1.8767184019088745,-0.7995682954788208,0.7281758785247803,1.8040493726730347,-0.04757322743535042,0.3624860644340515,1.8126496076583862,0.05459354445338249,0.7036107182502747,2.5492100715637207,-0.04429817572236061,0.3695831298828125,2.5564777851104736,0.06898656487464905,0.6993526220321655,3.225536823272705,0.628419041633606,0.3877407908439636,3.213481903076172,0.542474627494812,0.7087063789367676,3.33752179145813,0.6592196226119995,0.38343411684036255,3.3255417346954346,0.5703409910202026,0.6413370966911316,3.4443740844726562,0.028314366936683655,0.43830204010009766,3.4218525886535645,-0.13105154037475586,0.4277799247768075,1
2026-09-24T12:26:38.271912,S012,S012_A5_Y_20260924_1226,elevated_20,A5,young,class_1,0.5411596894264221,0.5439743399620056,-0.9549137949943542,0.5686414837837219,0.4494486153125763,-0.9076367616653442,0.5890581011772156,0.44767770171165466,-0.9074527621269226,0.6089968681335449,0.44583696126937866,-0.9075230360031128,0.4931325316429138,0.4478222727775574,-0.9098440408706665,0.4663601517677307,0.4453796148300171,-0.908967137336731,0.4431297183036804,0.4445517957210541,-0.9092577695846558,0.6397924423217773,0.46700233221054077,-0.555550217628479,0.4130938947200775,0.4701421558856964,-0.5416551828384399,0.5780315399169922,0.6249722242355347,-0.8162366151809692,0.4925362169742584,0.6245927810668945,-0.8120943903923035,0.8238756060600281,0.8783994317054749,-0.3380992114543915,0.2408813238143921,0.9091796278953552,-0.4052141308784485,0.9175935983657837,1.3811789751052856,-0.3363873064517975,0.11695662885904312,1.405098795890808,-0.34045687317848206,0.8777015805244446,1.7365063428878784,-0.6866061091423035,0.16983431577682495,1.7909830808639526,-0.7155123353004456,0.9085012674331665,1.8545161485671997,-0.82197505235672,0.14638903737068176,1.9261863231658936,-0.8406821489334106,0.8462985754013062,1.8423373699188232,-0.8783477544784546,0.19795431196689606,1.899911642074585,-0.9299057126045227,0.8226652145385742,1.7934812307357788,-0.7365208864212036,0.23146399855613708,1.8538180589675903,-0.7693014740943909,0.7268122434616089,1.7857038974761963,-0.04682120680809021,0.3627481460571289,1.7956831455230713,0.05370364710688591,0.7020295858383179,2.523850679397583,-0.04192780330777168,0.36970284581184387,2.530586004257202,0.06482522189617157,0.6972119212150574,3.200727939605713,0.6185840368270874,0.38711783289909363,3.189199924468994,0.5276440978050232,0.7060251235961914,3.3114893436431885,0.6485797166824341,0.38246986269950867,3.30083966255188,0.5542794466018677,0.6406722068786621,3.4168219566345215,0.016620086506009102,0.4365144670009613,3.393886089324951,-0.1476566642522812,0.4268669236139293,1
2026-09-24T12:26:38.431648,S012,S012_A5_Y_20260924_1226,elevated_20,A5,young,class_1,0.542272686958313,0.5494123697280884,-0.9270722270011902,0.5692352056503296,0.4557635486125946,-0.8847235441207886,0.5895766615867615,0.45392608642578125,-0.8844434022903442,0.6095137596130371,0.45225122570991516,-0.8844398260116577,0.49410873651504517,0.4539542496204376,-0.8854801058769226,0.4672108590602875,0.4511338174343109,-0.8845798373222351,0.44376617670059204,0.45007219910621643,-0.8848288655281067,0.6398418545722961,0.4722036123275757,-0.5475983619689941,0.4133595824241638,0.47302618622779846,-0.5295711159706116,0.5785974860191345,0.6292711496353149,-0.7930155396461487,0.4935664236545563,0.6295595765113831,-0.7873572111129761,0.8222819566726685,0.877745509147644,-0.32677584886550903,0.24295222759246826,0.9051991701126099,-0.3947790861129761,0.9185538291931152,1.3807470798492432,-0.3132789134979248,0.11704828590154648,1.3968243598937988,-0.3186110258102417,0.8772251009941101,1.731782078742981,-0.6391165852546692,0.16909384727478027,1.7883845567703247,-0.6701503992080688,0.9081825017929077,1.8472026586532593,-0.7679476737976074,0.14429336786270142,1.9243334531784058,-0.7874971628189087,0.8464420437812805,1.8341708183288574,-0.8164600133895874,0.19877956807613373,1.901197910308838,-0.875321090221405,0.8222228288650513,1.7869725227355957,-0.6849230527877808,0.22934365272521973,1.8525042533874512,-0.7233507633209229,0.7254763841629028,1.781166911125183,-0.04453534632921219,0.3626747131347656,1.7910302877426147,0.05133473873138428,0.6976447105407715,2.520599603652954,-0.035785891115665436,0.369098961353302,2.5272419452667236,0.06678827106952667,0.6932555437088013,3.1970088481903076,0.6292300820350647,0.38518446683883667,3.1848208904266357,0.5412230491638184,0.7014214992523193,3.3084068298339844,0.6596697568893433,0.3804360032081604,3.2955734729766846,0.5694625973701477,0.6392343044281006,3.412308931350708,0.03454240784049034,0.4347945749759674,3.391831398010254,-0.12982454895973206,0.42648240420309474,1
2026-09-24T12:26:38.584110,S012,S012_A5_Y_20260924_1226,elevated_20,A5,young,class_1,0.5411648750305176,0.5512561798095703,-0.9145939946174622,0.5689799785614014,0.45831143856048584,-0.8722203969955444,0.589314877986908,0.45682820677757263,-0.8719580769538879,0.6089379191398621,0.45563772320747375,-0.8720480799674988,0.49459266662597656,0.45673641562461853,-0.87201988697052,0.4679862856864929,0.4543876051902771,-0.8712032437324524,0.4446263313293457,0.45396482944488525,-0.8714987635612488,0.6393577456474304,0.47588226199150085,-0.540032684803009,0.4136578142642975,0.47833535075187683,-0.5163917541503906,0.5778064727783203,0.6312796473503113,-0.781984269618988,0.4928506016731262,0.6325581073760986,-0.7748850584030151,0.8217306137084961,0.8777382373809814,-0.3189772665500641,0.2433970868587494,0.9041988253593445,-0.3969011604785919,0.9229980707168579,1.380605697631836,-0.31433334946632385,0.11695487797260284,1.398105263710022,-0.32377374172210693,0.8808795213699341,1.7320679426193237,-0.6534774899482727,0.16291168332099915,1.7886215448379517,-0.6827183365821838,0.9117414355278015,1.848434329032898,-0.7861065864562988,0.13444940745830536,1.9247052669525146,-0.803619384765625,0.8478527069091797,1.8362538814544678,-0.8352327346801758,0.19371825456619263,1.9096755981445312,-0.8913185000419617,0.823836624622345,1.7881369590759277,-0.7000830769538879,0.22176368534564972,1.857248067855835,-0.7358828783035278,0.7232502698898315,1.7820931673049927,-0.04333812743425369,0.3622545599937439,1.7919145822525024,0.05001384764909744,0.6928960084915161,2.522749662399292,-0.03198742866516113,0.366401731967926,2.529482841491699,0.05719376727938652,0.6885862946510315,3.198993682861328,0.6287050843238831,0.3808080554008484,3.1869025230407715,0.49898630380630493,0.6973761320114136,3.310657501220703,0.6600834131240845,0.3758692145347595,3.2979118824005127,0.5238468050956726,0.6330918669700623,3.415342092514038,0.04243940860033035,0.4317758083343506,3.395118236541748,-0.16322800517082214,0.42583425514585266,1
2026-09-24T12:26:38.730236,S012,S012_A5_Y_20260924_1226,elevated_20,A5,young,class_1,0.5398753881454468,0.5539905428886414,-0.8886834979057312,0.5682302117347717,0.4608192443847656,-0.848180890083313,0.5885816812515259,0.4592355191707611,-0.8478382229804993,0.6082064509391785,0.45804283022880554,-0.8478580713272095,0.49454808235168457,0.45989999175071716,-0.846347987651825,0.4683609902858734,0.4579499661922455,-0.8455082178115845,0.44514450430870056,0.4577975571155548,-0.8457862734794617,0.6390669345855713,0.47877463698387146,-0.5251258611679077,0.4138948321342468,0.4828735888004303,-0.4949430823326111,0.5769904851913452,0.6341197490692139,-0.7594954371452332,0.4920719563961029,0.6357247829437256,-0.7506521344184875,0.8209298849105835,0.8784649968147278,-0.30553340911865234,0.24442696571350098,0.902876079082489,-0.3857114315032959,0.9237314462661743,1.3805643320083618,-0.29690977931022644,0.11704438924789429,1.391559362411499,-0.30760568380355835,0.8815093040466309,1.7327096462249756,-0.628358006477356,0.16129161417484283,1.786555528640747,-0.6514929533004761,0.9123193621635437,1.8494538068771362,-0.7554236650466919,0.13206741213798523,1.923134684562683,-0.7691543102264404,0.8484004139900208,1.8375117778778076,-0.8047415018081665,0.19219352304935455,1.9089303016662598,-0.856004536151886,0.8243595361709595,1.7890517711639404,-0.6748689413070679,0.21927013993263245,1.8553354740142822,-0.7042845487594604,0.7192580103874207,1.7816154956817627,-0.040631841868162155,0.36063283681869507,1.789878249168396,0.04717028886079788,0.6842232942581177,2.5210886001586914,-0.02965431474149227,0.36070936918258667,2.524282932281494,0.04064951092004776,0.6778842806816101,3.197493553161621,0.6075443029403687,0.37085074186325073,3.183652400970459,0.4602556824684143,0.6862443685531616,3.309255361557007,0.6366070508956909,0.36536985635757446,3.2949705123901367,0.48266464471817017,0.6221936345100403,3.4133410453796387,0.0258503220975399,0.4221626818180084,3.392237424850464,-0.2017865926027298,0.4255639986180623,1
2026-09-24T12:26:38.867805,S012,S012_A5_Y_20260924_1226,elevated_20,A5,young,class_1,0.538714587688446,0.5541775226593018,-0.8521217107772827,0.5671616792678833,0.4608684480190277,-0.8117583990097046,0.5876582860946655,0.45923933386802673,-0.8113561868667603,0.6072207689285278,0.4580247700214386,-0.8112557530403137,0.4943046569824219,0.46036484837532043,-0.8085620999336243,0.4685562252998352,0.45863085985183716,-0.8077074289321899,0.4454806447029114,0.45872190594673157,-0.8079780340194702,0.6385155916213989,0.47925588488578796,-0.4982303977012634,0.41405850648880005,0.48434457182884216,-0.4614526331424713,0.5763092041015625,0.6344576478004456,-0.7274923920631409,0.4914446473121643,0.6360886096954346,-0.7168203592300415,0.8205275535583496,0.878267228603363,-0.280012309551239,0.24626941978931427,0.9011726975440979,-0.3609844744205475,0.9237372279167175,1.3784178495407104,-0.2718333303928375,0.11944358050823212,1.3853009939193726,-0.28177914023399353,0.881811797618866,1.7305083274841309,-0.6072155833244324,0.16155603528022766,1.780497431755066,-0.6183491945266724,0.9130002856254578,1.8453739881515503,-0.7330576181411743,0.13332892954349518,1.9155553579330444,-0.7339092493057251,0.8535760641098022,1.830679178237915,-0.7798959612846375,0.19312326610088348,1.898469090461731,-0.8202913403511047,0.8279325366020203,1.7850679159164429,-0.6537377238273621,0.22004422545433044,1.845557689666748,-0.6714874505996704,0.7191213369369507,1.7759311199188232,-0.03804415091872215,0.3606639802455902,1.7866111993789673,0.044542863965034485,0.6850337386131287,2.516657590866089,-0.028117602691054344,0.36270466446876526,2.519594669342041,0.04014050215482712,0.6795222759246826,3.1945834159851074,0.5921405553817749,0.3722703456878662,3.181279182434082,0.4740966260433197,0.6878918409347534,3.305048704147339,0.6174243688583374,0.3667207360267639,3.2912886142730713,0.49851974844932556,0.6241157054901123,3.4087471961975098,0.0032154377549886703,0.4247872829437256,3.3904147148132324,-0.1901526153087616,0.4257669036633023,1
2026-09-24T12:26:38.960387,S012,S012_A5_Y_20260924_1226,elevated_20,A5,young,class_1,0.5377386808395386,0.5543243885040283,-0.8742276430130005,0.5660991668701172,0.46071040630340576,-0.8323906660079956,0.5866600871086121,0.4590449929237366,-0.832050621509552,0.6062981486320496,0.45781123638153076,-0.8320298194885254,0.49358463287353516,0.4604305028915405,-0.83049476146698,0.4682631492614746,0.45882448554039,-0.8296534419059753,0.44537511467933655,0.4590408205986023,-0.8299437761306763,0.6379913091659546,0.4794577360153198,-0.5088822245597839,0.4142192304134369,0.4851541817188263,-0.4774370789527893,0.5758257508277893,0.6348391175270081,-0.7456068396568298,0.49069881439208984,0.6365267634391785,-0.7363536953926086,0.8205497860908508,0.8784147500991821,-0.28715822100639343,0.2470051348209381,0.9009005427360535,-0.37030988931655884,0.9239464998245239,1.3784070014953613,-0.2774202525615692,0.12175220251083374,1.387064814567566,-0.29428067803382874,0.8820514678955078,1.7317733764648438,-0.6202828884124756,0.16262224316596985,1.7803423404693604,-0.64686119556427,0.913303554058075,1.8488725423812866,-0.7496786117553711,0.13403968513011932,1.9160137176513672,-0.7670709490776062,0.8537251353263855,1.8346121311187744,-0.79627925157547,0.1939525455236435,1.8989709615707397,-0.8543111681938171,0.8281465768814087,1.7873518466949463,-0.6670660972595215,0.22026117146015167,1.8452937602996826,-0.7001854777336121,0.7191620469093323,1.7765718698501587,-0.037248946726322174,0.3607260584831238,1.7872270345687866,0.04369909688830376,0.6853414177894592,2.5174057483673096,-0.013472720980644226,0.36267155408859253,2.5201547145843506,0.04192891716957092,0.6788902878761292,3.193991184234619,0.59720778465271,0.3701675832271576,3.1810715198516846,0.4814559817314148,0.6873050928115845,3.3047022819519043,0.6237605810165405,0.3646058738231659,3.291646718978882,0.5063965320587158,0.6230126619338989,3.409144163131714,0.042010776698589325,0.421823114156723,3.390782356262207,-0.17835283279418945,0.4255743579401359,1
2026-09-24T12:26:39.053953,S012,S012_A5_Y_20260924_1226,elevated_20,A5,young,class_1,0.5377132296562195,0.5542358160018921,-0.8867300152778625,0.5656118988990784,0.4603962302207947,-0.841546356678009,0.5860921144485474,0.4587268829345703,-0.8412386178970337,0.6055732369422913,0.457492470741272,-0.8411906957626343,0.49362578988075256,0.4603920876979828,-0.8397728204727173,0.468464195728302,0.45895475149154663,-0.8389366865158081,0.44561654329299927,0.45937198400497437,-0.8392146229743958,0.6372596025466919,0.47939127683639526,-0.5137658715248108,0.4143354892730713,0.4861740469932556,-0.48055943846702576,0.5758198499679565,0.6348345279693604,-0.7568448781967163,0.49084538221359253,0.636955976486206,-0.7482442259788513,0.8205608129501343,0.8784162998199463,-0.2914648652076721,0.24802204966545105,0.9001749753952026,-0.37575238943099976,0.9242825508117676,1.3717620372772217,-0.2796669006347656,0.12176201492547989,1.3841726779937744,-0.2999597489833832,0.8844315409660339,1.7314834594726562,-0.6206607818603516,0.16284896433353424,1.7747129201889038,-0.6544192433357239,0.9160870313644409,1.8490198850631714,-0.7471370100975037,0.13481096923351288,1.9095262289047241,-0.774269700050354,0.8564537763595581,1.8361666202545166,-0.7995213270187378,0.1943858414888382,1.895308256149292,-0.861330509185791,0.8313794136047363,1.7878823280334473,-0.668279767036438,0.22007429599761963,1.8407368659973145,-0.7069194912910461,0.7191523313522339,1.7770922183990479,-0.03713788464665413,0.3608912527561188,1.7871835231781006,0.043541960418224335,0.6851264238357544,2.5147523880004883,-0.013455155305564404,0.36119547486305237,2.5177087783813477,0.03956601023674011,0.6776419878005981,3.1883745193481445,0.6131742596626282,0.3682970404624939,3.175583600997925,0.48094305396080017,0.6853553652763367,3.2994561195373535,0.6416978240013123,0.3633189797401428,3.2861430644989014,0.5055758953094482,0.6231557726860046,3.402402400970459,0.04490361362695694,0.4192808270454407,3.3834304809570312,-0.17786483466625214,0.425283703217908,1
2026-09-24T12:26:39.153733,S012,S012_A5_Y_20260924_1226,elevated_20,A5,young,class_1,0.5376482009887695,0.5541167855262756,-0.8685293197631836,0.5653508305549622,0.46022117137908936,-0.826470673084259,0.585766613483429,0.45858627557754517,-0.8261073231697083,0.6051653623580933,0.45737606287002563,-0.8260897397994995,0.4936794340610504,0.4602217972278595,-0.8268378973007202,0.4686221182346344,0.45882648229599,-0.8259485960006714,0.4458039700984955,0.45928776264190674,-0.8262270092964172,0.636734127998352,0.4792647659778595,-0.5039604902267456,0.4143846035003662,0.48640045523643494,-0.4815136790275574,0.5757430195808411,0.6347700953483582,-0.739754319190979,0.49087539315223694,0.6368656754493713,-0.7339189648628235,0.8206127285957336,0.8794073462486267,-0.286544531583786,0.24801833927631378,0.9002944827079773,-0.37651652097702026,0.924018383026123,1.3717377185821533,-0.26086220145225525,0.12665928900241852,1.3837263584136963,-0.2916562855243683,0.8847057223320007,1.7330496311187744,-0.561741054058075,0.16511523723602295,1.7702163457870483,-0.6274274587631226,0.9162721633911133,1.8508998155593872,-0.6768696904182434,0.1362001597881317,1.903427004814148,-0.7416075468063354,0.8566374778747559,1.8389885425567627,-0.7272460460662842,0.1945675015449524,1.8888856172561646,-0.8255089521408081,0.8314350843429565,1.7904380559921265,-0.606847882270813,0.22019195556640625,1.834503173828125,-0.6785027980804443,0.7191924452781677,1.7778459787368774,-0.03635973483324051,0.3609537184238434,1.7872787714004517,0.04271762818098068,0.6855222582817078,2.515455961227417,0.00153436535038054,0.3611501455307007,2.518622875213623,0.04167526960372925,0.678331732749939,3.1874518394470215,0.6555076837539673,0.3687073588371277,3.1747870445251465,0.48885899782180786,0.685994565486908,3.29846453666687,0.6875625848770142,0.3638685345649719,3.2847888469696045,0.5140805840492249,0.6240791082382202,3.4007248878479004,0.09732620418071747,0.4199764132499695,3.3827109336853027,-0.16239064931869507,0.42500518603619086,1
2026-09-24T12:26:39.253149,S012,S012_A5_Y_20260924_1226,elevated_20,A5,young,class_1,0.5377916097640991,0.5540019273757935,-0.8689788579940796,0.5653661489486694,0.4600830674171448,-0.8266656994819641,0.5856974124908447,0.45847177505493164,-0.8263349533081055,0.6050620079040527,0.4573046863079071,-0.8263801336288452,0.4938187003135681,0.46008482575416565,-0.8275847434997559,0.46875882148742676,0.45872101187705994,-0.8267262578010559,0.445917546749115,0.45922356843948364,-0.8270183801651001,0.6365552544593811,0.4791756272315979,-0.4988890588283539,0.41451287269592285,0.4864979088306427,-0.4806537628173828,0.5758086442947388,0.6347006559371948,-0.7378126382827759,0.4910014569759369,0.6368116140365601,-0.7327538728713989,0.8206571340560913,0.8798391222953796,-0.2766016721725464,0.24883918464183807,0.8996742963790894,-0.3743736147880554,0.9242016077041626,1.3702903985977173,-0.2455633580684662,0.12849779427051544,1.3798277378082275,-0.2865871787071228,0.8885290026664734,1.7328052520751953,-0.5498764514923096,0.16524891555309296,1.7657510042190552,-0.6282014846801758,0.9214450120925903,1.8508057594299316,-0.6642180681228638,0.13668598234653473,1.8988330364227295,-0.7443805932998657,0.8620548248291016,1.8390470743179321,-0.7205978631973267,0.1949569433927536,1.8853579759597778,-0.8276163339614868,0.8365216255187988,1.7904413938522339,-0.597057044506073,0.22045955061912537,1.8307009935379028,-0.6787974238395691,0.719291090965271,1.7782073020935059,-0.03476869687438011,0.36109140515327454,1.7871079444885254,0.04102349653840065,0.6853777170181274,2.5149290561676025,0.0011480256216600537,0.36057257652282715,2.517237663269043,0.037206944078207016,0.6780905723571777,3.1853513717651367,0.6498517394065857,0.36806437373161316,3.1717448234558105,0.4722844660282135,0.6853440403938293,3.29641056060791,0.6813388466835022,0.36325696110725403,3.280900716781616,0.4954984188079834,0.6248000860214233,3.397627830505371,0.09264248609542847,0.419583261013031,3.38028883934021,-0.17861507833003998,0.4246354001094198,1
2026-09-24T12:26:39.379822,S012,S012_A5_Y_20260924_1226,elevated_20,A5,young,class_1,0.536583423614502,0.552810549736023,-0.8604328036308289,0.5642114877700806,0.45928284525871277,-0.8190653920173645,0.5843418836593628,0.45759689807891846,-0.8186341524124146,0.6036303639411926,0.4564703106880188,-0.8185771107673645,0.4932386875152588,0.45953571796417236,-0.8178485631942749,0.4685511589050293,0.45824554562568665,-0.8169704675674438,0.44585150480270386,0.4588068723678589,-0.817232608795166,0.6352429389953613,0.4790523946285248,-0.4992034435272217,0.4146396517753601,0.4864506721496582,-0.4740954041481018,0.5748459100723267,0.6334573030471802,-0.7335874438285828,0.49007734656333923,0.6355898380279541,-0.7259359955787659,0.8206605911254883,0.8806779980659485,-0.27831244468688965,0.24884605407714844,0.9006317257881165,-0.37282636761665344,0.924507737159729,1.370361328125,-0.2483847588300705,0.13070951402187347,1.3799660205841064,-0.2790435254573822,0.8888790011405945,1.736886978149414,-0.5617920756340027,0.1665671169757843,1.7667604684829712,-0.6176673769950867,0.9217129945755005,1.8563265800476074,-0.6815593838691711,0.13685418665409088,1.9001660346984863,-0.7341614961624146,0.862420380115509,1.844438910484314,-0.7344330549240112,0.1951717734336853,1.8861640691757202,-0.8216835260391235,0.8367224931716919,1.7959940433502197,-0.6083686351776123,0.2212536782026291,1.8315353393554688,-0.6706188917160034,0.7193578481674194,1.7799105644226074,-0.03390497341752052,0.361136794090271,1.789445400238037,0.04017375037074089,0.6851943135261536,2.5160462856292725,0.026756778359413147,0.36063987016677856,2.5180370807647705,0.03756154328584671,0.6781503558158875,3.1859259605407715,0.6935329437255859,0.3681894838809967,3.1721742153167725,0.4769282937049866,0.6853379607200623,3.2971129417419434,0.7259255647659302,0.36351174116134644,3.2816367149353027,0.49969154596328735,0.625296950340271,3.3985776901245117,0.13569824397563934,0.4199801981449127,3.3810455799102783,-0.16861164569854736,0.4253980828871687,1
2026-09-24T12:26:39.540418,S012,S012_A5_Y_20260924_1226,elevated_20,A5,young,class_1,0.5347212553024292,0.5511351823806763,-0.855660080909729,0.5627419352531433,0.45724374055862427,-0.8138262629508972,0.5825778841972351,0.4551101624965668,-0.8134158849716187,0.6017848253250122,0.4536856412887573,-0.8133372068405151,0.49174386262893677,0.4587138295173645,-0.8113001585006714,0.4675820469856262,0.4576279819011688,-0.8104149103164673,0.4450445771217346,0.45825931429862976,-0.8107063174247742,0.6340817213058472,0.4778548777103424,-0.49606937170028687,0.4147474765777588,0.4863624572753906,-0.4640805721282959,0.5736732482910156,0.6311703324317932,-0.7300540208816528,0.48929518461227417,0.6337355375289917,-0.720638632774353,0.8207359313964844,0.8806820511817932,-0.27417927980422974,0.2491096556186676,0.9006315469741821,-0.3727869987487793,0.9245851635932922,1.3707600831985474,-0.25121647119522095,0.13246479630470276,1.3792985677719116,-0.2824741005897522,0.8883468508720398,1.736782431602478,-0.5740591287612915,0.1687740683555603,1.767488956451416,-0.6251899600028992,0.9205988049507141,1.8562759160995483,-0.6960811018943787,0.1383780986070633,1.9008862972259521,-0.7438764572143555,0.8612651824951172,1.8439003229141235,-0.7481642961502075,0.19782568514347076,1.8866618871688843,-0.830574631690979,0.8357312083244324,1.7954078912734985,-0.6207116842269897,0.22422513365745544,1.832147240638733,-0.6780939698219299,0.71934974193573,1.780159592628479,-0.03220446780323982,0.3611236810684204,1.789610505104065,0.038563892245292664,0.6853256821632385,2.5163679122924805,0.005421384237706661,0.3607277572154999,2.518540859222412,0.015712477266788483,0.6784465312957764,3.186039686203003,0.6232609748840332,0.36831170320510864,3.172550678253174,0.4251337945461273,0.6858830451965332,3.2972915172576904,0.6499670743942261,0.3636744022369385,3.281843423843384,0.4458935856819153,0.6255537867546082,3.3989102840423584,0.0452708899974823,0.42031174898147583,3.3817644119262695,-0.23175659775733948,0.4256901372071876,1
2026-09-24T12:26:39.691048,S012,S012_A5_Y_20260924_1226,elevated_20,A5,young,class_1,0.5345036387443542,0.5501035451889038,-0.833259105682373,0.5627351999282837,0.4557822644710541,-0.7914994955062866,0.5824750661849976,0.45363959670066833,-0.7910844683647156,0.6017241477966309,0.45226559042930603,-0.7910051941871643,0.4917266368865967,0.4579668641090393,-0.7889204025268555,0.46758633852005005,0.4570857584476471,-0.7879610061645508,0.44508329033851624,0.45784422755241394,-0.7882158160209656,0.6340845823287964,0.47762638330459595,-0.4759898781776428,0.41480404138565063,0.4862777590751648,-0.4439659118652344,0.5733870267868042,0.6298258304595947,-0.7090421915054321,0.4891539514064789,0.6323961019515991,-0.6997237801551819,0.8206180334091187,0.879014253616333,-0.26134929060935974,0.2501109540462494,0.898719072341919,-0.3561689257621765,0.9191199541091919,1.3624881505966187,-0.23449639976024628,0.13780321180820465,1.364855170249939,-0.2782626450061798,0.8849838972091675,1.7198628187179565,-0.5383996963500977,0.17469239234924316,1.7459830045700073,-0.6271601319313049,0.9163570404052734,1.836203694343567,-0.6543790698051453,0.14456447958946228,1.8788182735443115,-0.746008574962616,0.8601945638656616,1.8211719989776611,-0.708990216255188,0.20230159163475037,1.8602513074874878,-0.8287087678909302,0.8347137570381165,1.7742793560028076,-0.5855503082275391,0.22859051823616028,1.8062347173690796,-0.6786870360374451,0.7192529439926147,1.7721771001815796,-0.03114377334713936,0.36138683557510376,1.781170129776001,0.0374336764216423,0.6854449510574341,2.502659320831299,-0.019917994737625122,0.36193928122520447,2.5055272579193115,-0.0005790815921500325,0.6803637742996216,3.173691749572754,0.5651829242706299,0.37150493264198303,3.1586287021636963,0.37912049889564514,0.6875373125076294,3.2847840785980225,0.5876261591911316,0.36717188358306885,3.2665669918060303,0.39622464776039124,0.6324516534805298,3.3822686672210693,-0.02498149871826172,0.42490285634994507,3.3648862838745117,-0.2822345793247223,0.4260256863998703,1
2026-09-24T12:26:39.792891,S012,S012_A5_Y_20260924_1226,elevated_20,A5,young,class_1,0.5329779386520386,0.5473750829696655,-0.8211100697517395,0.5614013671875,0.45228371024131775,-0.77894127368927,0.5807536840438843,0.450421005487442,-0.7785140872001648,0.5996410846710205,0.4493389129638672,-0.7784169316291809,0.4901140332221985,0.454815536737442,-0.775898814201355,0.4663164019584656,0.45443660020828247,-0.7749543786048889,0.4438946843147278,0.4554012417793274,-0.7752104997634888,0.6323097944259644,0.4766199290752411,-0.46606987714767456,0.4148712754249573,0.48518869280815125,-0.43078112602233887,0.5717350244522095,0.6264434456825256,-0.6986982822418213,0.48816925287246704,0.6306634545326233,-0.6882649660110474,0.8200017213821411,0.8764020800590515,-0.2541661560535431,0.2501923739910126,0.8987816572189331,-0.3499956727027893,0.9157110452651978,1.3615230321884155,-0.23297567665576935,0.14063678681850433,1.3616158962249756,-0.2808041572570801,0.880870521068573,1.7162543535232544,-0.5447291135787964,0.17650426924228668,1.7442353963851929,-0.6417924761772156,0.9115681648254395,1.832236647605896,-0.6637168526649475,0.14545564353466034,1.8785319328308105,-0.7647541761398315,0.8574100732803345,1.8157325983047485,-0.7184314131736755,0.20349843800067902,1.8591493368148804,-0.8418881297111511,0.831942081451416,1.7698031663894653,-0.592444658279419,0.23027881979942322,1.8049795627593994,-0.6925339698791504,0.7196167707443237,1.7691510915756226,-0.031031465157866478,0.3619336187839508,1.7792202234268188,0.03733132779598236,0.6870619654655457,2.4999470710754395,-0.019721077755093575,0.36548739671707153,2.503185510635376,0.0028032881673425436,0.6863003969192505,3.170219659805298,0.5859986543655396,0.3773721158504486,3.155303478240967,0.3853420615196228,0.6935643553733826,3.2804784774780273,0.6114868521690369,0.3732990622520447,3.2629542350769043,0.4028567671775818,0.6419849991798401,3.3786447048187256,-0.001237714197486639,0.43197545409202576,3.361494302749634,-0.27093446254730225,0.4266190711229104,1
2026-09-24T12:26:39.889878,S012,S012_A5_Y_20260924_1226,elevated_20,A5,young,class_1,0.5325242280960083,0.5442588925361633,-0.8854206204414368,0.5603533983230591,0.44846317172050476,-0.8368591070175171,0.5790676474571228,0.4464532136917114,-0.8365823030471802,0.5971888899803162,0.4453078508377075,-0.8365235328674316,0.4894501268863678,0.4526312053203583,-0.8358925580978394,0.46562808752059937,0.4529246985912323,-0.835065484046936,0.4431672990322113,0.4543769061565399,-0.8353322744369507,0.6293144822120667,0.4744335114955902,-0.504104733467102,0.4149247109889984,0.4850880801677704,-0.4774230122566223,0.5711497068405151,0.6227114200592041,-0.7577285170555115,0.4880644381046295,0.6283680200576782,-0.7499109506607056,0.8191496133804321,0.8748024106025696,-0.286268949508667,0.25198477506637573,0.8989766836166382,-0.39215758442878723,0.9181817770004272,1.3578643798828125,-0.2972804605960846,0.14108149707317352,1.3681410551071167,-0.38241204619407654,0.8894137144088745,1.7121789455413818,-0.6684461236000061,0.17665354907512665,1.7481646537780762,-0.8305364847183228,0.9218662977218628,1.82954740524292,-0.8012493848800659,0.14549697935581207,1.881700873374939,-0.9680264592170715,0.8642223477363586,1.8157105445861816,-0.8620251417160034,0.20408272743225098,1.8657910823822021,-1.0504238605499268,0.838517963886261,1.7689900398254395,-0.7199255228042603,0.23084238171577454,1.8103488683700562,-0.8842763900756836,0.7237204909324646,1.7695965766906738,-0.03102867864072323,0.36796247959136963,1.779714584350586,0.037328772246837616,0.6979259848594666,2.5006935596466064,-0.02954382635653019,0.37849289178848267,2.5034258365631104,0.004944697953760624,0.7052118182182312,3.1713364124298096,0.5929636359214783,0.3936523199081421,3.156585931777954,0.4095347821712494,0.7142122983932495,3.281578540802002,0.6201604604721069,0.3897973895072937,3.2641799449920654,0.43090590834617615,0.660861611366272,3.379818916320801,0.006296203471720219,0.4484465718269348,3.3631808757781982,-0.24885456264019012,0.42674682652002294,1
2026-09-24T12:26:39.990777,S012,S012_A5_Y_20260924_1226,elevated_20,A5,young,class_1,0.5325326919555664,0.5418024063110352,-0.9012525677680969,0.560153603553772,0.44553831219673157,-0.8498252034187317,0.5784791707992554,0.4433991312980652,-0.849502444267273,0.5963312983512878,0.4421111047267914,-0.8493533134460449,0.48942095041275024,0.4509306848049164,-0.8489821553230286,0.4655911326408386,0.4518044590950012,-0.8480931520462036,0.4431231617927551,0.4537453055381775,-0.8483115434646606,0.6268547773361206,0.47243648767471313,-0.5133413076400757,0.4149664342403412,0.4850354790687561,-0.48746901750564575,0.5708919763565063,0.6188388466835022,-0.7740117907524109,0.48804178833961487,0.6256924867630005,-0.7662252187728882,0.8174999952316284,0.8745836019515991,-0.3028883934020996,0.2522291839122772,0.9007232785224915,-0.40188345313072205,0.9193935394287109,1.3580807447433472,-0.3177200257778168,0.14206689596176147,1.3817046880722046,-0.38856106996536255,0.8953448534011841,1.7110587358474731,-0.6842901110649109,0.17181003093719482,1.7486299276351929,-0.8276726603507996,0.9300147294998169,1.8271018266677856,-0.8172572255134583,0.14572131633758545,1.897058129310608,-0.9606920480728149,0.8715241551399231,1.8145191669464111,-0.8719919919967651,0.20499250292778015,1.8827496767044067,-1.0456087589263916,0.8447904586791992,1.7682844400405884,-0.7341097593307495,0.23203261196613312,1.8265644311904907,-0.8830005526542664,0.7272706627845764,1.769871473312378,-0.0323474146425724,0.3706246018409729,1.781212568283081,0.03879283741116524,0.7017738819122314,2.500831365585327,-0.04035920277237892,0.3826480507850647,2.5079269409179688,0.026335597038269043,0.709999680519104,3.1717426776885986,0.5968137979507446,0.3995645344257355,3.1589548587799072,0.4549735486507416,0.71951824426651,3.2831170558929443,0.6246922612190247,0.3959318995475769,3.2673399448394775,0.47814512252807617,0.6649748682975769,3.3810956478118896,0.006489579565823078,0.45419949293136597,3.3635168075561523,-0.2076369971036911,0.42734716978227216,1
2026-09-24T12:26:40.122087,S012,S012_A5_Y_20260924_1226,elevated_20,A5,young,class_1,0.532198429107666,0.5400540232658386,-0.901657223701477,0.5596498250961304,0.4429991841316223,-0.85066157579422,0.5776606202125549,0.44066551327705383,-0.8503390550613403,0.5951372385025024,0.439079612493515,-0.8502143621444702,0.48896223306655884,0.44926509261131287,-0.8499765396118164,0.46511411666870117,0.45051467418670654,-0.849101185798645,0.4426113963127136,0.4527333974838257,-0.8493267893791199,0.6240332722663879,0.4693440794944763,-0.5138238072395325,0.4148843288421631,0.48439571261405945,-0.48866501450538635,0.5702184438705444,0.6160610318183899,-0.7739540338516235,0.487815797328949,0.6236922144889832,-0.7664242386817932,0.8170339465141296,0.8745861649513245,-0.3062480092048645,0.2523994445800781,0.9019832015037537,-0.4062418043613434,0.9196299314498901,1.358703374862671,-0.33238646388053894,0.14644195139408112,1.3851677179336548,-0.41522082686424255,0.8953291773796082,1.711948275566101,-0.7009789347648621,0.17629863321781158,1.7635867595672607,-0.879231333732605,0.9299375414848328,1.828445315361023,-0.8336615562438965,0.14673319458961487,1.9058456420898438,-1.0162919759750366,0.8711722493171692,1.817818284034729,-0.8897796869277954,0.20695725083351135,1.894366979598999,-1.0987745523452759,0.8445690274238586,1.7712310552597046,-0.7509747743606567,0.23420825600624084,1.8373199701309204,-0.934212327003479,0.7302667498588562,1.7718154191970825,-0.032371096312999725,0.37457704544067383,1.785051941871643,0.03882270306348801,0.7056602835655212,2.503756046295166,-0.03812285512685776,0.38668540120124817,2.514244556427002,0.02999759651720524,0.7145109176635742,3.1748499870300293,0.5994190573692322,0.40439373254776,3.164459705352783,0.45550432801246643,0.7245314717292786,3.2873854637145996,0.6281538605690002,0.4008679986000061,3.2734341621398926,0.478814035654068,0.6687746644020081,3.382899284362793,0.010099266655743122,0.45896774530410767,3.3698348999023438,-0.20596818625926971,0.4270988051166844,1
2026-09-24T12:26:40.236969,S012,S012_A5_Y_20260924_1226,elevated_20,A5,young,class_1,0.4957658648490906,0.5051949620246887,-0.8948115110397339,0.5346185564994812,0.4133918881416321,-0.8489977121353149,0.5590646266937256,0.412436306476593,-0.8486540913581848,0.5797455310821533,0.4127008616924286,-0.8484660387039185,0.46323734521865845,0.4201987087726593,-0.8303186297416687,0.4428479075431824,0.42228469252586365,-0.8293555378913879,0.4270012378692627,0.4247121512889862,-0.8296791315078735,0.615947961807251,0.44905197620391846,-0.5378913879394531,0.41341814398765564,0.45950523018836975,-0.4296547770500183,0.5477527379989624,0.5850345492362976,-0.772698163986206,0.46086016297340393,0.5944160223007202,-0.7490237951278687,0.8171955943107605,0.8731681704521179,-0.34532150626182556,0.2549915909767151,0.8941938877105713,-0.3589530885219574,0.9283930659294128,1.3733841180801392,-0.37519949674606323,0.1571217179298401,1.372421145439148,-0.34078723192214966,0.8937149047851562,1.7239407300949097,-0.6878335475921631,0.17723402380943298,1.7623488903045654,-0.8298364877700806,0.9256004095077515,1.8433845043182373,-0.8160595893859863,0.14613737165927887,1.9053813219070435,-0.9580705761909485,0.8629826307296753,1.8281491994857788,-0.8678823709487915,0.2067682445049286,1.8936693668365479,-1.0407516956329346,0.8380277752876282,1.779327630996704,-0.7340191006660461,0.23431071639060974,1.8364313840866089,-0.8804375529289246,0.7301644086837769,1.77135169506073,-0.04565583914518356,0.3725736141204834,1.7799465656280518,0.052708931267261505,0.7033609747886658,2.504045009613037,-0.10507048666477203,0.37982434034347534,2.511939287185669,0.10333193838596344,0.7069138884544373,3.1752665042877197,0.5090713500976562,0.3930456340312958,3.1637842655181885,0.5741098523139954,0.7202743291854858,3.287964105606079,0.5323144197463989,0.3906609117984772,3.2734289169311523,0.6010086536407471,0.6410553455352783,3.383939504623413,-0.12739534676074982,0.4424387812614441,3.370309352874756,-0.09387411177158356,0.4267057552418381,1
2026-09-24T12:26:40.347095,S012,S012_A5_Y_20260924_1226,elevated_20,A5,young,class_1,0.4506708085536957,0.48087871074676514,-0.792191743850708,0.49675583839416504,0.39583513140678406,-0.7952467799186707,0.5233361721038818,0.39597031474113464,-0.7947843670845032,0.5496053099632263,0.3974096477031708,-0.7947317957878113,0.4380766749382019,0.3986656367778778,-0.7335267663002014,0.4255129396915436,0.3993096947669983,-0.732542097568512,0.4144056439399719,0.39963558316230774,-0.7329361438751221,0.6013062596321106,0.4390318691730499,-0.6123219728469849,0.4143785834312439,0.43425196409225464,-0.3424322009086609,0.5022713541984558,0.5604425072669983,-0.7290948629379272,0.43320709466934204,0.5611439943313599,-0.6412156224250793,0.8161527514457703,0.8725064992904663,-0.4267272353172302,0.2614802122116089,0.8762141466140747,-0.2822560667991638,0.9286988973617554,1.375351071357727,-0.42389973998069763,0.15929436683654785,1.3303163051605225,-0.16187119483947754,0.8647163510322571,1.7251651287078857,-0.6325335502624512,0.177011638879776,1.7223598957061768,-0.575145423412323,0.8878496885299683,1.8460484743118286,-0.7337585687637329,0.14294575154781342,1.8613373041152954,-0.6924903392791748,0.8185321092605591,1.8325859308242798,-0.7719079256057739,0.20349185168743134,1.8593658208847046,-0.7758147716522217,0.7993375062942505,1.7807985544204712,-0.6655039191246033,0.2311215102672577,1.8024513721466064,-0.6340749263763428,0.7185511589050293,1.7714883089065552,-0.06734536588191986,0.360914409160614,1.767407774925232,0.07474926114082336,0.6723633408546448,2.507383108139038,-0.10459314286708832,0.3519548773765564,2.5051188468933105,0.13077497482299805,0.6672674417495728,3.1785058975219727,0.5334594249725342,0.3515034019947052,3.1628639698028564,0.5982265472412109,0.6834608912467957,3.292860984802246,0.5604480504989624,0.35003575682640076,3.2734367847442627,0.6246646046638489,0.5861371755599976,3.384665012359619,-0.08472629636526108,0.3822879195213318,3.3694205284118652,-0.055841900408267975,0.42538284278535604,1
2026-09-24T12:26:40.462060,S012,S012_A5_Y_20260924_1226,elevated_20,A5,young,class_1,0.44702863693237305,0.4581063389778137,-0.8143734931945801,0.4947488307952881,0.38013866543769836,-0.799782931804657,0.5213450193405151,0.38194844126701355,-0.7993396520614624,0.5480067729949951,0.3855266869068146,-0.7993460893630981,0.43294912576675415,0.3807185888290405,-0.7578635215759277,0.41978445649147034,0.38106024265289307,-0.7569165825843811,0.4070877134799957,0.3811505436897278,-0.7572821378707886,0.59857577085495,0.4340212643146515,-0.6198910474777222,0.41300368309020996,0.42601287364959717,-0.37157127261161804,0.4976779818534851,0.5434314608573914,-0.7374929189682007,0.42468079924583435,0.5421150326728821,-0.6681986451148987,0.8154718279838562,0.8725432753562927,-0.4266153872013092,0.2617689073085785,0.8774420022964478,-0.3050329387187958,0.9302365183830261,1.3780732154846191,-0.41499847173690796,0.16055992245674133,1.3365776538848877,-0.1692429780960083,0.8635565042495728,1.7398635149002075,-0.6271933317184448,0.17669537663459778,1.733322262763977,-0.5207360982894897,0.8870259523391724,1.8655829429626465,-0.7301256060600281,0.14022484421730042,1.8707414865493774,-0.6351022720336914,0.8149346113204956,1.8593319654464722,-0.7706552743911743,0.20161834359169006,1.8808114528656006,-0.7234179377555847,0.795829176902771,1.8019993305206299,-0.6613631844520569,0.22960981726646423,1.8219658136367798,-0.5796418786048889,0.7187642455101013,1.7746338844299316,-0.06813434511423111,0.3609922528266907,1.7682645320892334,0.07542978972196579,0.674518346786499,2.5158774852752686,-0.09852483123540878,0.3521668016910553,2.5095057487487793,0.11372818052768707,0.6680199503898621,3.1865878105163574,0.5469464063644409,0.35820698738098145,3.1701600551605225,0.5783779621124268,0.6860471963882446,3.3033759593963623,0.5723580718040466,0.3591790199279785,3.2844574451446533,0.605160117149353,0.5968438982963562,3.390047311782837,-0.06271491944789886,0.3865281343460083,3.3740179538726807,-0.08453777432441711,0.42425456576872667,1
2026-09-24T12:26:40.557622,S012,S012_A5_Y_20260924_1226,elevated_20,A5,young,class_1,0.44867992401123047,0.4488508105278015,-0.8344385027885437,0.49560824036598206,0.37307125329971313,-0.8212087750434875,0.5220342874526978,0.375569611787796,-0.8208358883857727,0.5485653877258301,0.37980523705482483,-0.8206927180290222,0.43260446190834045,0.3730141520500183,-0.7597627639770508,0.41893190145492554,0.3733353912830353,-0.7587106823921204,0.4055253565311432,0.3734434247016907,-0.759184718132019,0.5978323221206665,0.4303317666053772,-0.6195390224456787,0.4125821590423584,0.4220437705516815,-0.3896547555923462,0.4986775815486908,0.5357484817504883,-0.7641853094100952,0.42380422353744507,0.534142792224884,-0.6791519522666931,0.8154336810112,0.8728968501091003,-0.424123615026474,0.26167812943458557,0.8780814409255981,-0.31616365909576416,0.9336730241775513,1.3824011087417603,-0.41357237100601196,0.1620340347290039,1.340864658355713,-0.19265273213386536,0.8648089170455933,1.7536702156066895,-0.6287539005279541,0.1766890585422516,1.7501769065856934,-0.5521978139877319,0.8897374272346497,1.8836591243743896,-0.7325800657272339,0.1399211585521698,1.8877723217010498,-0.6704226732254028,0.8196405172348022,1.8798236846923828,-0.7756959795951843,0.20156431198120117,1.899593472480774,-0.758236825466156,0.7996328473091125,1.8197991847991943,-0.6617063283920288,0.22955413162708282,1.840034008026123,-0.6101992726325989,0.7200480103492737,1.7774862051010132,-0.06882369518280029,0.3627781867980957,1.7685387134552002,0.0760430246591568,0.6771314144134521,2.5218727588653564,-0.1138276681303978,0.35434484481811523,2.5151185989379883,0.10627976804971695,0.6743899583816528,3.194216251373291,0.539537250995636,0.3654875159263611,3.1774353981018066,0.5388019680976868,0.6936678886413574,3.3122897148132324,0.567527174949646,0.36777591705322266,3.293119192123413,0.5596864819526672,0.5999289751052856,3.399010181427002,-0.07484076172113419,0.38952016830444336,3.3823764324188232,-0.12004317343235016,0.42330235337801075,1
2026-09-24T12:26:40.714070,S012,S012_A5_Y_20260924_1226,elevated_20,A5,young,class_1,0.457366943359375,0.4283387064933777,-0.9449885487556458,0.5011858940124512,0.35710611939430237,-0.8973690867424011,0.526325523853302,0.3603755533695221,-0.8971405029296875,0.5516740679740906,0.3647524118423462,-0.8969959020614624,0.437023401260376,0.3560818135738373,-0.8704205751419067,0.4219282269477844,0.3570270836353302,-0.8696873784065247,0.4073208272457123,0.35770171880722046,-0.8702290654182434,0.5989269018173218,0.41655609011650085,-0.6168256402015686,0.41354259848594666,0.41153207421302795,-0.4778459966182709,0.5051851272583008,0.519305944442749,-0.8405765295028687,0.4293559193611145,0.5205525159835815,-0.8001324534416199,0.815421462059021,0.8725549578666687,-0.40581029653549194,0.26160910725593567,0.8806042075157166,-0.4340779185295105,0.9387608766555786,1.3748515844345093,-0.40146446228027344,0.1615057736635208,1.3535233736038208,-0.36612361669540405,0.8801776170730591,1.750250220298767,-0.6289325952529907,0.18340255320072174,1.7681338787078857,-0.7245965600013733,0.9080979228019714,1.8820019960403442,-0.7344480752944946,0.15028880536556244,1.9077192544937134,-0.8477034568786621,0.8348299860954285,1.8757485151290894,-0.7782027721405029,0.21626198291778564,1.9192848205566406,-0.9235982894897461,0.8148514032363892,1.8175697326660156,-0.6630237698554993,0.24036805331707,1.857994794845581,-0.7749398946762085,0.7259150743484497,1.7769120931625366,-0.057292334735393524,0.3717805743217468,1.7693133354187012,0.06413430720567703,0.6953631043434143,2.522042989730835,-0.10623892396688461,0.3729007840156555,2.519186496734619,0.07872144877910614,0.7042537927627563,3.196578025817871,0.5425886511802673,0.39455312490463257,3.1822738647460938,0.47770556807518005,0.7207180261611938,3.316662549972534,0.5704314708709717,0.39411643147468567,3.298557758331299,0.494690477848053,0.6407438516616821,3.4017436504364014,-0.0700414627790451,0.4406937062740326,3.389035940170288,-0.17962488532066345,0.42222351484879667,1
2026-09-24T12:26:40.848774,S012,S012_A5_Y_20260924_1226,elevated_20,A5,young,class_1,0.6682047843933105,0.43960705399513245,-0.9402855634689331,0.6551374793052673,0.3639310598373413,-0.8523823618888855,0.6609069108963013,0.3659535050392151,-0.8524653315544128,0.6667448878288269,0.36853426694869995,-0.8525411486625671,0.6193352341651917,0.3637094795703888,-0.8808372616767883,0.5994571447372437,0.36402371525764465,-0.8805893659591675,0.5773377418518066,0.3639291226863861,-0.881224513053894,0.6240063905715942,0.4123803675174713,-0.46785205602645874,0.4894711971282959,0.41573047637939453,-0.7185328006744385,0.6731592416763306,0.5276634097099304,-0.7886104583740234,0.6295477151870728,0.5296915769577026,-0.8235059976577759,0.804207980632782,0.8665772676467896,-0.20810452103614807,0.2615763247013092,0.8831024169921875,-0.7053489089012146,0.9326972961425781,1.3220665454864502,-0.08281223475933075,0.15163639187812805,1.3960425853729248,-0.7129095792770386,0.8813943862915039,1.7124919891357422,-0.40501269698143005,0.21925345063209534,1.7745704650878906,-0.9713505506515503,0.9095441699028015,1.8477402925491333,-0.5055402517318726,0.2112531214952469,1.9132897853851318,-1.0844824314117432,0.846269428730011,1.8491266965866089,-0.563744843006134,0.2696043848991394,1.9174818992614746,-1.1551469564437866,0.824865996837616,1.7974754571914673,-0.4520147442817688,0.27814215421676636,1.8567664623260498,-1.0071218013763428,0.7261919379234314,1.7766443490982056,0.029951542615890503,0.374104380607605,1.7887781858444214,-0.02543387934565544,0.7101635932922363,2.521336555480957,0.1186269149184227,0.3957095742225647,2.5419509410858154,0.013918320648372173,0.7163861989974976,3.201241970062256,0.873599648475647,0.4055967330932617,3.199951410293579,0.5340381860733032,0.7204629182815552,3.321676731109619,0.9081335067749023,0.39456436038017273,3.315636157989502,0.5674355626106262,0.7274706363677979,3.4032301902770996,0.32791444659233093,0.4908747673034668,3.3928492069244385,-0.13433825969696045,0.423989661385404,1
2026-09-24T12:26:40.968847,S012,S012_A5_Y_20260924_1226,elevated_20,A5,young,class_1,0.6999685168266296,0.4436621367931366,-0.9921931028366089,0.6847235560417175,0.36558642983436584,-0.9046334028244019,0.6884647607803345,0.3680267333984375,-0.9047493934631348,0.6918448805809021,0.37117159366607666,-0.9049407243728638,0.6521338820457458,0.36548078060150146,-0.9837294816970825,0.6326929926872253,0.36564409732818604,-0.9836984872817993,0.6112081408500671,0.3654642701148987,-0.9845144152641296,0.6333169937133789,0.4138389527797699,-0.4852829873561859,0.5133828520774841,0.4186483919620514,-0.8213860392570496,0.6982936263084412,0.5327237844467163,-0.8269995450973511,0.6588691473007202,0.5340521931648254,-0.9229122400283813,0.7969337701797485,0.8666523694992065,-0.2089979648590088,0.2551824450492859,0.8850051760673523,-0.7784143686294556,0.9205923080444336,1.3193604946136475,-0.08462724089622498,0.1352563202381134,1.425763726234436,-0.7856187224388123,0.8775539398193359,1.7025247812271118,-0.45046377182006836,0.2189905345439911,1.7790968418121338,-1.0643956661224365,0.906507670879364,1.8371825218200684,-0.5571388006210327,0.21417906880378723,1.914717435836792,-1.185594916343689,0.8458468317985535,1.840995192527771,-0.6147289872169495,0.2687860131263733,1.9164369106292725,-1.2638689279556274,0.8245455026626587,1.7908780574798584,-0.49887973070144653,0.2760330140590668,1.8558615446090698,-1.1029285192489624,0.7258132100105286,1.787904143333435,0.051798392087221146,0.37405264377593994,1.8124045133590698,-0.04739726334810257,0.709806501865387,2.532545566558838,0.2047266662120819,0.3943929374217987,2.5648353099823,0.022200588136911392,0.7154881954193115,3.2210628986358643,1.03044855594635,0.40272483229637146,3.2228124141693115,0.664321780204773,0.7130230069160461,3.341870069503784,1.072049856185913,0.38085731863975525,3.338449001312256,0.7062144875526428,0.7214411497116089,3.418576955795288,0.4636615216732025,0.49061688780784607,3.409597158432007,-0.019922129809856415,0.4241312215200389,1
2026-09-24T12:26:41.076371,S012,S012_A5_Y_20260924_1226,elevated_20,A5,young,class_1,0.706914484500885,0.4473418891429901,-0.8658774495124817,0.692648708820343,0.3669655919075012,-0.7832528948783875,0.6962727308273315,0.36970800161361694,-0.7832947373390198,0.6997050046920776,0.373257040977478,-0.7835123538970947,0.6612166166305542,0.3672075867652893,-0.9052521586418152,0.6420561075210571,0.3672780394554138,-0.9058573842048645,0.6208305358886719,0.36699116230010986,-0.907157301902771,0.638788104057312,0.4141501188278198,-0.3991808295249939,0.523878812789917,0.42066890001296997,-0.7505012154579163,0.70341557264328,0.536148190498352,-0.714763343334198,0.665009617805481,0.5378575921058655,-0.9087215662002563,0.7893518805503845,0.8655213713645935,-0.14220872521400452,0.25445446372032166,0.8855100870132446,-0.7604957818984985,0.9118312001228333,1.3212013244628906,-0.0008673866395838559,0.13487055897712708,1.437301754951477,-0.7749955058097839,0.8775526881217957,1.7042282819747925,-0.3118255138397217,0.21620488166809082,1.8014905452728271,-1.0126065015792847,0.9066644906997681,1.8378314971923828,-0.40809106826782227,0.2066912204027176,1.9401860237121582,-1.1294200420379639,0.8471891283988953,1.841270089149475,-0.46862977743148804,0.2621350586414337,1.9350874423980713,-1.2131588459014893,0.8254481554031372,1.7922364473342896,-0.36094826459884644,0.27216869592666626,1.877206802368164,-1.0545319318771362,0.7220709323883057,1.7955652475357056,0.07242678105831146,0.37294140458106995,1.825075387954712,-0.06789872795343399,0.7092307806015015,2.5397157669067383,0.204494908452034,0.39343297481536865,2.578263759613037,0.011158036068081856,0.7144115567207336,3.2309887409210205,0.9949250221252441,0.40114641189575195,3.2295074462890625,0.6271990537643433,0.7097471952438354,3.3519506454467773,1.0325751304626465,0.3745558261871338,3.343276262283325,0.6645686030387878,0.7335963845252991,3.423771619796753,0.44557031989097595,0.4979165494441986,3.412950038909912,-0.0403517447412014,0.42544234356500965,1
2026-09-24T12:26:41.233841,S012,S012_A5_Y_20260924_1226,elevated_20,A5,young,class_1,0.6983534097671509,0.45120376348495483,-0.8692679405212402,0.686713457107544,0.3702837824821472,-0.7943958640098572,0.6925392150878906,0.37234362959861755,-0.7943826913833618,0.6980239152908325,0.3750508725643158,-0.7945210933685303,0.6499180197715759,0.37095367908477783,-0.894773006439209,0.6295791864395142,0.3709159791469574,-0.8949630856513977,0.6075255274772644,0.3703669011592865,-0.8959726095199585,0.644757866859436,0.4137873649597168,-0.41920962929725647,0.5156667232513428,0.42205095291137695,-0.752044141292572,0.702663242816925,0.5378366708755493,-0.7244387865066528,0.6590253114700317,0.5408570766448975,-0.8615617752075195,0.789328396320343,0.8611646890640259,-0.14763367176055908,0.25441017746925354,0.8856211304664612,-0.7557711005210876,0.9127408266067505,1.2965452671051025,-0.0071401288732886314,0.13531604409217834,1.4497840404510498,-0.7763423919677734,0.8796364068984985,1.6650898456573486,-0.3073384165763855,0.22936789691448212,1.8062541484832764,-1.0271828174591064,0.9094753265380859,1.7917250394821167,-0.3976166546344757,0.22345340251922607,1.9434441328048706,-1.1428759098052979,0.8562566637992859,1.7950663566589355,-0.4502975344657898,0.2761539816856384,1.9330837726593018,-1.2165920734405518,0.8339880704879761,1.7520960569381714,-0.3533007800579071,0.2838193476200104,1.875801920890808,-1.06429922580719,0.7226990461349487,1.7951151132583618,0.070661760866642,0.3732394874095917,1.8260453939437866,-0.06607286632061005,0.7148106098175049,2.5394468307495117,0.20484371483325958,0.39363986253738403,2.58207631111145,0.017261194065213203,0.724990725517273,3.229391574859619,1.0039217472076416,0.405305951833725,3.2308874130249023,0.6354982256889343,0.7171595692634583,3.3495404720306396,1.042464256286621,0.3792751133441925,3.3442482948303223,0.6738620400428772,0.7562682032585144,3.4234795570373535,0.45654067397117615,0.5154763460159302,3.4139912128448486,-0.029683586210012436,0.4263223278206472,1
2026-09-24T12:26:41.391706,S012,S012_A5_Y_20260924_1226,elevated_20,A5,young,class_1,0.6955109238624573,0.45285290479660034,-0.8572657704353333,0.6843987107276917,0.3712538480758667,-0.7827962636947632,0.6900937557220459,0.37349140644073486,-0.7826415300369263,0.695205807685852,0.3760976493358612,-0.7827267646789551,0.647938072681427,0.37150922417640686,-0.8756355047225952,0.627329409122467,0.37167802453041077,-0.8757327198982239,0.604430079460144,0.3715043365955353,-0.8766168355941772,0.6445931792259216,0.4142322242259979,-0.41398462653160095,0.5101384520530701,0.4230399429798126,-0.7159606218338013,0.6982232332229614,0.5393765568733215,-0.7163859009742737,0.6542590260505676,0.542458176612854,-0.8580619692802429,0.7901234030723572,0.8640982508659363,-0.16893963515758514,0.25167176127433777,0.8863263726234436,-0.7082880139350891,0.9089117050170898,1.3119217157363892,-0.031085480004549026,0.13497117161750793,1.4430606365203857,-0.6706311106681824,0.875163197517395,1.693373203277588,-0.305706650018692,0.2138572484254837,1.80532968044281,-1.0118540525436401,0.9074462056159973,1.8224660158157349,-0.39431190490722656,0.19495396316051483,1.9419219493865967,-1.084205985069275,0.8492318391799927,1.829859972000122,-0.44850221276283264,0.2512736916542053,1.9359437227249146,-1.1578781604766846,0.8263218998908997,1.7803343534469604,-0.3514249622821808,0.26249343156814575,1.8778340816497803,-1.0339562892913818,0.7218703031539917,1.7948366403579712,0.05682335048913956,0.36871474981307983,1.8245317935943604,-0.051702648401260376,0.711887001991272,2.5396716594696045,0.15889224410057068,0.3912331759929657,2.5781896114349365,0.002159423427656293,0.7202929258346558,3.2286808490753174,0.9363621473312378,0.4014114737510681,3.2289490699768066,0.6186822652816772,0.7098771333694458,3.34881854057312,0.9741216897964478,0.3775685727596283,3.3439621925354004,0.6526786088943481,0.7411685585975647,3.423109769821167,0.3818856477737427,0.5033590793609619,3.4135918617248535,-0.04517974704504013,0.42681431263432995,1
2026-09-24T12:26:41.507031,S012,S012_A5_Y_20260924_1226,elevated_20,A5,young,class_1,0.6967204213142395,0.4581359624862671,-0.9618694186210632,0.6861067414283752,0.37483394145965576,-0.8857733011245728,0.6922824382781982,0.3764888644218445,-0.8856415748596191,0.6979755759239197,0.37827345728874207,-0.8857733607292175,0.6479722261428833,0.3756503760814667,-0.965573787689209,0.6261103749275208,0.3765612244606018,-0.9654902219772339,0.6019589900970459,0.37686586380004883,-0.9661692380905151,0.6488317251205444,0.41483786702156067,-0.4852157533168793,0.5068191289901733,0.42340031266212463,-0.807288646697998,0.6980385184288025,0.5432157516479492,-0.8131246566772461,0.6527026295661926,0.550940215587616,-0.9146636724472046,0.7907313704490662,0.8644030094146729,-0.2232443392276764,0.24873454868793488,0.8873212337493896,-0.778836727142334,0.9141139984130859,1.3140807151794434,-0.08095116913318634,0.1331217736005783,1.4568026065826416,-0.7666792273521423,0.8752293586730957,1.7075893878936768,-0.3673299252986908,0.2152261734008789,1.8225305080413818,-1.032149076461792,0.9075431823730469,1.8412128686904907,-0.4634985029697418,0.20108243823051453,1.9607503414154053,-1.1435306072235107,0.8490721583366394,1.844662070274353,-0.5173621773719788,0.2561943531036377,1.9474818706512451,-1.2312259674072266,0.8260982632637024,1.796407699584961,-0.4128652513027191,0.26605719327926636,1.890267252922058,-1.0740692615509033,0.7223861217498779,1.8022063970565796,0.052331339567899704,0.36867064237594604,1.8351720571517944,-0.04729953780770302,0.7123137712478638,2.5470662117004395,0.2426680326461792,0.39058250188827515,2.591017484664917,0.11196611821651459,0.7200376391410828,3.2410402297973633,1.1226614713668823,0.3986438810825348,3.243178606033325,0.8448606729507446,0.7075143456459045,3.3616812229156494,1.1706559658050537,0.3733534812927246,3.3586907386779785,0.8972612619400024,0.7344616651535034,3.4421932697296143,0.5778020620346069,0.4978771209716797,3.4316837787628174,0.17508718371391296,0.4273145655014091,1
2026-09-24T12:26:41.655918,S012,S012_A5_Y_20260924_1226,elevated_20,A5,young,class_1,0.700555682182312,0.4716126322746277,-1.0489646196365356,0.6924891471862793,0.38114747405052185,-0.9639979600906372,0.6984348893165588,0.38191935420036316,-0.9640127420425415,0.7041581273078918,0.38258060812950134,-0.964220404624939,0.6544827222824097,0.3815082609653473,-1.038256049156189,0.6322239637374878,0.38186904788017273,-1.03812837600708,0.6074870824813843,0.381501704454422,-1.0388143062591553,0.6533011794090271,0.4151425361633301,-0.5147021412849426,0.507576584815979,0.4240342974662781,-0.8334606289863586,0.6986644268035889,0.5536969304084778,-0.8813551664352417,0.6523818373680115,0.5638533234596252,-0.9733039736747742,0.7926869988441467,0.8664195537567139,-0.22440016269683838,0.24119754135608673,0.8899805545806885,-0.7568258047103882,0.9173115491867065,1.3154914379119873,-0.10174371302127838,0.12840543687343597,1.462685465812683,-0.7155681848526001,0.8776800036430359,1.7125860452651978,-0.4962674677371979,0.2080800086259842,1.8297386169433594,-1.0155141353607178,0.9094799757003784,1.848982572555542,-0.6145879030227661,0.19557449221611023,1.9649490118026733,-1.140397310256958,0.8493226766586304,1.8533501625061035,-0.6800535917282104,0.2508905827999115,1.9568860530853271,-1.2317947149276733,0.8265171051025391,1.802117943763733,-0.549249529838562,0.25968122482299805,1.8984922170639038,-1.0613521337509155,0.7257850766181946,1.804430603981018,0.0474637970328331,0.371435284614563,1.8361995220184326,-0.042268551886081696,0.721706211566925,2.551581859588623,0.19034098088741302,0.39828723669052124,2.5921261310577393,0.07183277606964111,0.7334438562393188,3.249467134475708,1.0134284496307373,0.4166923463344574,3.2466843128204346,0.7389289140701294,0.7258190512657166,3.3718326091766357,1.0554101467132568,0.39834120869636536,3.360804557800293,0.779542863368988,0.7410093545913696,3.4533910751342773,0.4405182898044586,0.5077733993530273,3.441533088684082,0.17267289757728577,0.42704651436168095,1
2026-09-24T12:26:41.789531,S012,S012_A5_Y_20260924_1226,elevated_20,A5,young,class_1,0.7062351703643799,0.48015010356903076,-0.918889045715332,0.6983250379562378,0.38584619760513306,-0.8445733189582825,0.7043610215187073,0.38589444756507874,-0.8443472981452942,0.7102914452552795,0.38579922914505005,-0.844568133354187,0.6600572466850281,0.3871747553348541,-0.921839714050293,0.6375344395637512,0.3876550793647766,-0.9216780662536621,0.6131138801574707,0.3875850439071655,-0.9222248196601868,0.6575254201889038,0.4158850610256195,-0.46583980321884155,0.5093409419059753,0.4250143766403198,-0.7861536741256714,0.7027686238288879,0.5615975260734558,-0.7773287296295166,0.6560487151145935,0.5739261507987976,-0.8761342763900757,0.7931579351425171,0.867624819278717,-0.22714762389659882,0.23237617313861847,0.8957800269126892,-0.7231115102767944,0.9197842478752136,1.3381247520446777,-0.10497860610485077,0.1203463077545166,1.4636059999465942,-0.7083460092544556,0.8780850172042847,1.737493634223938,-0.412116676568985,0.19294680655002594,1.8462668657302856,-0.8977104425430298,0.910958468914032,1.8732013702392578,-0.5173624157905579,0.17437319457530975,1.9830613136291504,-1.0006673336029053,0.8489591479301453,1.8731178045272827,-0.5662407875061035,0.2327224314212799,1.9760388135910034,-1.090375542640686,0.8258852958679199,1.8212645053863525,-0.45581740140914917,0.24548988044261932,1.917420744895935,-0.9425092935562134,0.7259055972099304,1.812974452972412,0.03999688848853111,0.3698421120643616,1.840710997581482,-0.03453383594751358,0.720792829990387,2.568659543991089,0.13372430205345154,0.3976204991340637,2.6061809062957764,0.05939526483416557,0.7311498522758484,3.2695326805114746,0.9052898287773132,0.4147476553916931,3.2639734745025635,0.705522894859314,0.7246735692024231,3.390601396560669,0.9409583210945129,0.3971523642539978,3.374854803085327,0.7447104454040527,0.7354087233543396,3.4798057079315186,0.3582281172275543,0.5053742527961731,3.47115159034729,0.15585830807685852,0.4282495601962706,1
2026-09-24T12:26:41.951112,S012,S012_A5_Y_20260924_1226,elevated_20,A5,young,class_1,0.7176845073699951,0.5017631649971008,-1.1823734045028687,0.7141669988632202,0.3958764970302582,-1.097442865371704,0.7224200963973999,0.3939927816390991,-1.097499132156372,0.7300839424133301,0.3923704922199249,-1.097861647605896,0.6685361862182617,0.40101808309555054,-1.1704738140106201,0.6420841217041016,0.4015187621116638,-1.170314073562622,0.6144014596939087,0.4016340672969818,-1.170973300933838,0.6802588105201721,0.41814181208610535,-0.6169248819351196,0.5114902853965759,0.42985257506370544,-0.9333922266960144,0.7133344411849976,0.5820111036300659,-0.9972692728042603,0.6600726842880249,0.5987584590911865,-1.0881820917129517,0.805759072303772,0.8672275543212891,-0.29437118768692017,0.2292565405368805,0.9032100439071655,-0.7948922514915466,0.9473605155944824,1.3431322574615479,-0.1563313752412796,0.11237716674804688,1.492323398590088,-0.7474960088729858,0.9097345471382141,1.7507035732269287,-0.5922669768333435,0.18981562554836273,1.8699740171432495,-1.0609467029571533,0.9427340626716614,1.8909339904785156,-0.7260002493858337,0.17427390813827515,2.0029356479644775,-1.1969965696334839,0.8751146197319031,1.8890058994293213,-0.7918177247047424,0.2322389781475067,1.9906123876571655,-1.3001139163970947,0.8505509495735168,1.836737871170044,-0.645487904548645,0.2446804940700531,1.9339962005615234,-1.1127632856369019,0.7334122657775879,1.8181853294372559,0.04026651382446289,0.3741569221019745,1.8473232984542847,-0.03488802909851074,0.7305902242660522,2.582440137863159,0.17960788309574127,0.4000016748905182,2.619860887527466,0.0573422908782959,0.7378872036933899,3.288386106491089,1.0400781631469727,0.41985487937927246,3.286231279373169,0.7033739686012268,0.7322853803634644,3.4130423069000244,1.0856332778930664,0.40258878469467163,3.401395082473755,0.7439704537391663,0.7426912188529968,3.5023624897003174,0.4557270109653473,0.5140435099601746,3.4964089393615723,0.07093416154384613,0.4282980630483287,1
2026-09-24T12:26:42.111387,S012,S012_A5_Y_20260924_1226,elevated_20,A5,young,class_1,0.7181346416473389,0.51034015417099,-1.0886073112487793,0.7174315452575684,0.40104538202285767,-1.011916160583496,0.7265930771827698,0.39834755659103394,-1.0119094848632812,0.7350983023643494,0.3960450291633606,-1.012033224105835,0.6704830527305603,0.40742963552474976,-1.068507194519043,0.6434037089347839,0.4078894257545471,-1.0683001279830933,0.6146404147148132,0.4079771637916565,-1.0689971446990967,0.689626932144165,0.418863445520401,-0.5948583483695984,0.5117422342300415,0.43194034695625305,-0.8440712094306946,0.7144616842269897,0.5902541279792786,-0.9367278814315796,0.6594009399414062,0.6069329977035522,-1.0002267360687256,0.814395546913147,0.8656655550003052,-0.2880617082118988,0.23001520335674286,0.9035400152206421,-0.7818913459777832,0.9494214057922363,1.3444830179214478,-0.1412612348794937,0.11379355192184448,1.4843547344207764,-0.688464343547821,0.9190066456794739,1.756372094154358,-0.46230626106262207,0.18989267945289612,1.8630496263504028,-0.9476163983345032,0.9560381770133972,1.8959345817565918,-0.5747637748718262,0.1743420958518982,1.9979305267333984,-1.0631192922592163,0.8893387913703918,1.8926881551742554,-0.6368547081947327,0.23250362277030945,1.9843295812606812,-1.1618537902832031,0.8616117238998413,1.841252088546753,-0.5103182196617126,0.24578432738780975,1.9274787902832031,-0.9975625276565552,0.7384449243545532,1.817491888999939,0.028348242864012718,0.3747333884239197,1.8458510637283325,-0.023043759167194366,0.7322020530700684,2.580274820327759,0.17358830571174622,0.399294912815094,2.616685628890991,0.06272612512111664,0.7394590377807617,3.2825982570648193,1.0027048587799072,0.42022067308425903,3.2789368629455566,0.6907960176467896,0.7353425621986389,3.405068874359131,1.0461317300796509,0.4079631268978119,3.3927743434906006,0.7313252091407776,0.7392359375953674,3.49953293800354,0.44193705916404724,0.5136582851409912,3.4921138286590576,0.033281974494457245,0.4286225222945866,1
2026-09-24T12:26:42.268765,S012,S012_A5_Y_20260924_1226,elevated_20,A5,young,class_1,0.7178247570991516,0.5196731090545654,-1.181424617767334,0.7179464101791382,0.40698209404945374,-1.108089804649353,0.7280252575874329,0.40330174565315247,-1.1081205606460571,0.7374586462974548,0.40005800127983093,-1.1084530353546143,0.6691171526908875,0.4142581522464752,-1.1728980541229248,0.6414438486099243,0.4147091805934906,-1.1725475788116455,0.6122056245803833,0.4150680899620056,-1.1731010675430298,0.6954070329666138,0.4195258915424347,-0.6551240682601929,0.5106692314147949,0.4361795485019684,-0.9320594072341919,0.7165737748146057,0.5984014868736267,-1.0036011934280396,0.659595251083374,0.6158701181411743,-1.081738829612732,0.8208998441696167,0.8591502904891968,-0.34878891706466675,0.22913184762001038,0.9029750823974609,-0.7824462652206421,0.961229145526886,1.3455605506896973,-0.21876318752765656,0.11072255671024323,1.4897708892822266,-0.71425861120224,0.936628520488739,1.7545863389968872,-0.6023296117782593,0.19007380306720734,1.8684402704238892,-1.0206502676010132,0.9755757451057434,1.894402265548706,-0.7349351048469543,0.1755317747592926,2.0020205974578857,-1.1502923965454102,0.909162700176239,1.8877397775650024,-0.8013067245483398,0.23310211300849915,1.9826488494873047,-1.2503079175949097,0.8801232576370239,1.8402800559997559,-0.6553387641906738,0.24620933830738068,1.9267044067382812,-1.072927474975586,0.741149365901947,1.8168621063232422,0.018601058050990105,0.37500494718551636,1.8450928926467896,-0.013011530041694641,0.7336958050727844,2.581249713897705,0.18119415640830994,0.39895007014274597,2.616981267929077,0.08120685070753098,0.7383164167404175,3.28389048576355,1.0383661985397339,0.4190109372138977,3.2799272537231445,0.7409148216247559,0.7347704768180847,3.40335750579834,1.0847046375274658,0.406895250082016,3.391484498977661,0.7867230176925659,0.7376007437705994,3.5088798999786377,0.4615221619606018,0.5121835470199585,3.500919818878174,0.04963354021310806,0.42838575205038953,1
2026-09-24T12:26:42.425879,S012,S012_A5_Y_20260924_1226,elevated_20,A5,young,class_1,0.7192026376724243,0.5204984545707703,-1.157660961151123,0.7189246416091919,0.40855953097343445,-1.078928828239441,0.7291048765182495,0.40477800369262695,-1.0789114236831665,0.738672137260437,0.4013614356517792,-1.0792747735977173,0.6699241995811462,0.4155157208442688,-1.1420915126800537,0.6417868137359619,0.41584834456443787,-1.1417548656463623,0.6117392778396606,0.41612759232521057,-1.142343282699585,0.6976725459098816,0.41995614767074585,-0.6270772218704224,0.5097078084945679,0.4369284510612488,-0.8946073651313782,0.718205988407135,0.6001115441322327,-0.9818646311759949,0.6600898504257202,0.6168619394302368,-1.0586609840393066,0.8229255676269531,0.8594165444374084,-0.33664044737815857,0.2264258861541748,0.9058856964111328,-0.7651436924934387,0.9620245099067688,1.3546807765960693,-0.2091088742017746,0.10519999265670776,1.4948174953460693,-0.7133504152297974,0.9311235547065735,1.7625501155853271,-0.5799233317375183,0.18310220539569855,1.8783745765686035,-1.040096402168274,0.9683319330215454,1.9035742282867432,-0.7090588808059692,0.1681622713804245,2.0131170749664307,-1.178801417350769,0.9032331705093384,1.8970146179199219,-0.7689839005470276,0.2280472218990326,1.9947494268417358,-1.2750211954116821,0.875113844871521,1.8470958471298218,-0.6301816701889038,0.24223950505256653,1.9387900829315186,-1.0918266773223877,0.7434671521186829,1.8248839378356934,0.016717227175831795,0.3751128017902374,1.8499500751495361,-0.011061713099479675,0.7351294755935669,2.596872091293335,0.199714794754982,0.3985777497291565,2.629594326019287,0.10177530348300934,0.7401655316352844,3.301584005355835,1.1091320514678955,0.41924095153808594,3.294464588165283,0.8017732501029968,0.7375823259353638,3.4238014221191406,1.1594712734222412,0.4074002206325531,3.406266927719116,0.8498712778091431,0.7364875674247742,3.526069164276123,0.5217567086219788,0.5093316435813904,3.5219273567199707,0.09548364579677582,0.4283052313101948,1
2026-09-24T12:26:42.576898,S012,S012_A5_Y_20260924_1226,elevated_20,A5,young,class_1,0.7145810127258301,0.5287538170814514,-1.1426894664764404,0.7156455516815186,0.4209056496620178,-1.0477968454360962,0.7253667116165161,0.415332168340683,-1.0477770566940308,0.7346804738044739,0.40995997190475464,-1.0479978322982788,0.6694062948226929,0.42764344811439514,-1.0993032455444336,0.6426900029182434,0.425636351108551,-1.0990023612976074,0.613158643245697,0.42309415340423584,-1.099651575088501,0.6942283511161804,0.42324715852737427,-0.6103116273880005,0.508999228477478,0.4370388984680176,-0.8771762847900391,0.7145333886146545,0.6044657826423645,-0.9719339609146118,0.6575852632522583,0.6203489899635315,-1.0293477773666382,0.8216741681098938,0.8498703241348267,-0.3315992057323456,0.22689136862754822,0.9057914614677429,-0.750799834728241,0.9542254209518433,1.3456977605819702,-0.12165488302707672,0.10644253343343735,1.4924343824386597,-0.6876767873764038,0.9288228154182434,1.7390216588974,-0.3754861354827881,0.1869829297065735,1.8736588954925537,-0.9147982597351074,0.9678108096122742,1.8632193803787231,-0.48040953278541565,0.17742808163166046,2.0090227127075195,-1.0170958042144775,0.9099339246749878,1.8544307947158813,-0.5348015427589417,0.23151043057441711,1.9853087663650513,-1.1148793697357178,0.8793730735778809,1.8144755363464355,-0.4209156930446625,0.24469037353992462,1.9320634603500366,-0.9631230235099792,0.742506206035614,1.8184266090393066,0.016975678503513336,0.3745288550853729,1.8487191200256348,-0.011413167230784893,0.7344675064086914,2.5912740230560303,0.19384285807609558,0.3992684483528137,2.627511739730835,0.10004203021526337,0.7393262982368469,3.301038980484009,1.057873010635376,0.41990551352500916,3.290276050567627,0.7989563941955566,0.7373109459877014,3.416731357574463,1.1040107011795044,0.4069186747074127,3.404435634613037,0.8365312814712524,0.73963463306427,3.5222322940826416,0.4843842387199402,0.5104324221611023,3.5154495239257812,0.08601700514554977,0.4293674752250147,1
2026-09-24T12:26:42.734813,S012,S012_A5_Y_20260924_1226,elevated_20,A5,young,class_1,0.6652625799179077,0.5342738628387451,-1.2404905557632446,0.6794203519821167,0.43002280592918396,-1.16505765914917,0.6966978311538696,0.42568954825401306,-1.1651722192764282,0.7130688428878784,0.4208678603172302,-1.1654956340789795,0.6146542429924011,0.43023645877838135,-1.2044346332550049,0.5818713903427124,0.4267481565475464,-1.203892469406128,0.5479358434677124,0.4235934317111969,-1.2043819427490234,0.691853940486908,0.4331221580505371,-0.6674420237541199,0.46765631437301636,0.4383190870285034,-0.8592974543571472,0.6807613968849182,0.6118269562721252,-1.043029546737671,0.6092076897621155,0.6217117309570312,-1.0874431133270264,0.8215686678886414,0.8502785563468933,-0.32780787348747253,0.22967402637004852,0.9061576724052429,-0.6301190853118896,0.951978862285614,1.3374933004379272,-0.1307179033756256,0.12387994676828384,1.4914422035217285,-0.5650872588157654,0.9157476425170898,1.73585844039917,-0.48691311478614807,0.2156929075717926,1.846982717514038,-0.9538911581039429,0.9472330212593079,1.8634488582611084,-0.6181966066360474,0.21321873366832733,1.98236882686615,-1.0969630479812622,0.897335410118103,1.8550313711166382,-0.6950775980949402,0.2623172998428345,1.9443761110305786,-1.1931880712509155,0.8690568208694458,1.8129820823669434,-0.5425812602043152,0.2750614583492279,1.888691782951355,-1.005074381828308,0.7513977289199829,1.8161216974258423,-0.005849131848663092,0.38228854537010193,1.8476123809814453,0.01116836816072464,0.7427946329116821,2.5843746662139893,0.18887025117874146,0.40349769592285156,2.620927095413208,0.14627864956855774,0.7466638684272766,3.2800967693328857,1.0763049125671387,0.4307170510292053,3.2831673622131348,0.8486312031745911,0.7479698657989502,3.391139030456543,1.1241875886917114,0.42395955324172974,3.395314931869507,0.8965374827384949,0.7393589019775391,3.5134172439575195,0.4646155834197998,0.5104187726974487,3.510993242263794,0.11165276914834976,0.4286632176128588,1
2026-09-24T12:26:42.879272,S012,S012_A5_Y_20260924_1226,elevated_20,A5,young,class_1,0.601598858833313,0.5338132977485657,-1.0067155361175537,0.6262807250022888,0.4292989671230316,-0.9673835635185242,0.6470171809196472,0.42551201581954956,-0.966956615447998,0.6681572198867798,0.42139655351638794,-0.9668925404548645,0.5551196336746216,0.4296627938747406,-0.9628086090087891,0.5237514972686768,0.42645543813705444,-0.96177738904953,0.4955538809299469,0.4235347509384155,-0.9619746208190918,0.6861602067947388,0.4371291399002075,-0.6291207671165466,0.44063109159469604,0.4414410889148712,-0.5984810590744019,0.629888117313385,0.6103342771530151,-0.8672794103622437,0.5457409620285034,0.6192772388458252,-0.8559300303459167,0.8269497752189636,0.8546854257583618,-0.3365524113178253,0.23581469058990479,0.9058688879013062,-0.45620226860046387,0.9510812759399414,1.3422253131866455,-0.22876715660095215,0.12386256456375122,1.4320530891418457,-0.35662218928337097,0.908882737159729,1.7382862567901611,-0.49057430028915405,0.21020154654979706,1.8223906755447388,-0.6969000101089478,0.9406552314758301,1.8648207187652588,-0.6193953156471252,0.19661714136600494,1.9639811515808105,-0.8160426020622253,0.8879087567329407,1.8554580211639404,-0.6899414658546448,0.2528713643550873,1.926049828529358,-0.8992956280708313,0.8597230911254883,1.8129875659942627,-0.5424851179122925,0.27304568886756897,1.8704936504364014,-0.745973527431488,0.7509537935256958,1.8092398643493652,-0.027107173576951027,0.37511831521987915,1.828413724899292,0.03303123265504837,0.7336282134056091,2.5751779079437256,0.13068656623363495,0.39367103576660156,2.59468412399292,0.19998711347579956,0.7319086790084839,3.2534661293029785,0.9395044445991516,0.4176434576511383,3.248114824295044,0.8713720440864563,0.7374025583267212,3.36245059967041,0.9825248718261719,0.4150736331939697,3.359652042388916,0.9221829175949097,0.6935330033302307,3.4871833324432373,0.34241563081741333,0.4734957814216614,3.4739339351654053,0.2040337771177292,0.43100505031989916,1
2026-09-24T12:26:42.987959,S012,S012_A5_Y_20260924_1226,elevated_20,A5,young,class_1,0.5659512877464294,0.5322665572166443,-1.0182521343231201,0.5975602865219116,0.4290830194950104,-0.9705144166946411,0.6198889017105103,0.4255991578102112,-0.9699908494949341,0.6408549547195435,0.4220796525478363,-0.9698759913444519,0.5191601514816284,0.43008753657341003,-0.9826830625534058,0.48885637521743774,0.4274754524230957,-0.9817829132080078,0.4636974334716797,0.42495954036712646,-0.9820891618728638,0.6774789690971375,0.44113174080848694,-0.6266704797744751,0.4251149296760559,0.4463624656200409,-0.6111688613891602,0.6035463213920593,0.6116126775741577,-0.8678146600723267,0.5115858912467957,0.6181480884552002,-0.8795391917228699,0.8315545320510864,0.8589227199554443,-0.35715267062187195,0.23784808814525604,0.905485987663269,-0.4643133580684662,0.9499675035476685,1.3559099435806274,-0.30794456601142883,0.12380524724721909,1.419664740562439,-0.36832743883132935,0.902844250202179,1.738313913345337,-0.6185014247894287,0.19768472015857697,1.8164496421813965,-0.7307050228118896,0.9331766366958618,1.8649204969406128,-0.7495168447494507,0.17655304074287415,1.9579710960388184,-0.8596669435501099,0.8732904195785522,1.8539948463439941,-0.8069012761116028,0.23792631924152374,1.92595636844635,-0.9418951869010925,0.8478916883468628,1.808319091796875,-0.6680716276168823,0.26279622316360474,1.8701436519622803,-0.7817979454994202,0.7480527758598328,1.8052973747253418,-0.030831262469291687,0.3726191520690918,1.8165576457977295,0.03741336613893509,0.7278170585632324,2.567230701446533,-0.015138586983084679,0.3826427757740021,2.571509838104248,0.07506872713565826,0.7270646691322327,3.2416703701019287,0.669806957244873,0.407616525888443,3.222644090652466,0.5276500582695007,0.7363318204879761,3.3527591228485107,0.7012895345687866,0.40767258405685425,3.334179639816284,0.5534857511520386,0.6694803237915039,3.470952272415161,0.04674603417515755,0.45791348814964294,3.4445266723632812,-0.1567695587873459,0.4298975972162611,1
2026-09-24T12:26:43.143109,S012,S012_A5_Y_20260924_1226,elevated_20,A5,young,class_1,0.5539883971214294,0.5309940576553345,-0.9460116624832153,0.5856187343597412,0.42739206552505493,-0.9031585454940796,0.6082987785339355,0.4243760406970978,-0.9027681350708008,0.6292807459831238,0.4214836061000824,-0.9027459025382996,0.5060768723487854,0.4288223385810852,-0.9009197354316711,0.47711601853370667,0.4268588721752167,-0.8999761343002319,0.4526996612548828,0.4247429072856903,-0.9002608060836792,0.6697467565536499,0.4413027763366699,-0.5784359574317932,0.4193989336490631,0.4474560022354126,-0.5304070711135864,0.5929463505744934,0.6110101342201233,-0.8093622326850891,0.5027099847793579,0.6158832907676697,-0.800514817237854,0.8327639698982239,0.8589919209480286,-0.3555096387863159,0.2393590658903122,0.9046844840049744,-0.41282781958580017,0.9499438405036926,1.363888144493103,-0.3014124929904938,0.12340458482503891,1.414783000946045,-0.3226807713508606,0.9014077186584473,1.7385108470916748,-0.6324335336685181,0.18936626613140106,1.816148281097412,-0.6797746419906616,0.9305157661437988,1.8649739027023315,-0.7633451223373413,0.16569572687149048,1.9582488536834717,-0.8036437034606934,0.8677250742912292,1.8527010679244995,-0.8111705780029297,0.2287004441022873,1.927752137184143,-0.8848488926887512,0.8436607122421265,1.8047153949737549,-0.6782735586166382,0.25487613677978516,1.8717060089111328,-0.7307107448577881,0.7442761659622192,1.800389051437378,-0.033307693898677826,0.36806318163871765,1.808956503868103,0.04001004621386528,0.71853107213974,2.560091257095337,-0.024051262065768242,0.374359667301178,2.5607340335845947,0.05486283823847771,0.7163273096084595,3.2363157272338867,0.6360096335411072,0.3974071145057678,3.2167842388153076,0.4877273142337799,0.7281467914581299,3.3490872383117676,0.666379451751709,0.3971760869026184,3.3301093578338623,0.5124866366386414,0.6529917120933533,3.465747356414795,0.03345264494419098,0.4482690393924713,3.4379963874816895,-0.18408112227916718,0.4294907229836595,1
2026-09-24T12:26:43.293893,S012,S012_A5_Y_20260924_1226,elevated_20,A5,young,class_1,0.5516404509544373,0.530383288860321,-1.0371158123016357,0.5815482139587402,0.42670899629592896,-0.9925365447998047,0.6037665009498596,0.42361629009246826,-0.9923449754714966,0.6244304776191711,0.4208555519580841,-0.9922968745231628,0.5035691857337952,0.4287184476852417,-0.9690977931022644,0.47525960206985474,0.4266829490661621,-0.967723548412323,0.45008644461631775,0.42484942078590393,-0.967880368232727,0.6652395725250244,0.44128772616386414,-0.6245585083961487,0.41663628816604614,0.45081111788749695,-0.5976587533950806,0.590217113494873,0.6098806858062744,-0.8883939981460571,0.5018004179000854,0.6145283579826355,-0.8349461555480957,0.8360027074813843,0.8590273261070251,-0.36648234724998474,0.24461033940315247,0.9024187922477722,-0.4328516125679016,0.9538499116897583,1.3644758462905884,-0.3644949793815613,0.1276862919330597,1.4183545112609863,-0.3159387707710266,0.9041868448257446,1.7299237251281738,-0.7783187627792358,0.18811830878257751,1.8165990114212036,-0.725666880607605,0.9328985214233398,1.8528425693511963,-0.9261264801025391,0.16486108303070068,1.9585298299789429,-0.8601115345954895,0.868881344795227,1.8333055973052979,-0.9808346033096313,0.2267850935459137,1.9289309978485107,-0.948661208152771,0.8449720144271851,1.7845150232315063,-0.8295712471008301,0.25318393111228943,1.8728832006454468,-0.7802780866622925,0.7447657585144043,1.79434072971344,-0.04344544932246208,0.36868855357170105,1.8018079996109009,0.05059586837887764,0.7190532684326172,2.5508837699890137,-0.09634765982627869,0.3752279579639435,2.5487802028656006,0.0008450162713415921,0.7165881395339966,3.2281901836395264,0.5704464912414551,0.3978599011898041,3.208613634109497,0.4319556653499603,0.7293938994407654,3.3416025638580322,0.5985437631607056,0.3980447053909302,3.322807550430298,0.45460256934165955,0.6569575071334839,3.455918550491333,-0.0827326774597168,0.4516523778438568,3.4271929264068604,-0.2828187942504883,0.42884232212098583,1
2026-09-24T12:26:43.451942,S012,S012_A5_Y_20260924_1226,elevated_20,A5,young,class_1,0.5441819429397583,0.5243319272994995,-1.0915844440460205,0.5756208896636963,0.42182573676109314,-1.041770100593567,0.5980361104011536,0.41883474588394165,-1.0415699481964111,0.6188907027244568,0.416805237531662,-1.0415122509002686,0.49591583013534546,0.4255969822406769,-1.025105595588684,0.4678874909877777,0.42467930912971497,-1.023903727531433,0.44333386421203613,0.42360958456993103,-1.0241471529006958,0.6601340770721436,0.4405965805053711,-0.6653947830200195,0.4142898917198181,0.4507986903190613,-0.6273128390312195,0.5841646790504456,0.6052056550979614,-0.9427399635314941,0.4949966371059418,0.6097362637519836,-0.9025334119796753,0.8404943346977234,0.8591724634170532,-0.3944101929664612,0.24455992877483368,0.9025745987892151,-0.46853360533714294,0.9624807238578796,1.3706291913986206,-0.40387147665023804,0.127680242061615,1.420383095741272,-0.37502217292785645,0.9088713526725769,1.7337709665298462,-0.8038843274116516,0.1881726086139679,1.817166805267334,-0.7503507733345032,0.9372082948684692,1.8571550846099854,-0.9501789808273315,0.16518738865852356,1.959177017211914,-0.9113252758979797,0.8703009486198425,1.8350249528884888,-1.0009890794754028,0.22851267457008362,1.9299180507659912,-0.9915248155593872,0.8466694951057434,1.7851767539978027,-0.8534578084945679,0.25427356362342834,1.8737255334854126,-0.8110586404800415,0.7489110231399536,1.7944450378417969,-0.042918380349874496,0.3706692159175873,1.8028837442398071,0.05021430924534798,0.7233333587646484,2.550949811935425,-0.071973517537117,0.3756839334964752,2.5515317916870117,-0.02292351797223091,0.7210277915000916,3.229358196258545,0.6329570412635803,0.39796262979507446,3.211467981338501,0.4464687407016754,0.7353611588478088,3.343104362487793,0.6641352772712708,0.3991624116897583,3.32448673248291,0.4729563593864441,0.6619778871536255,3.4565021991729736,-0.013027983717620373,0.45410147309303284,3.429347038269043,-0.2692897915840149,0.42821127212317317,1
2026-09-24T12:26:43.581388,S012,S012_A5_Y_20260924_1226,elevated_20,A5,young,class_1,0.5320780277252197,0.5037001967430115,-0.9392170906066895,0.5665916204452515,0.40387460589408875,-0.8911212086677551,0.5885764360427856,0.4024781286716461,-0.8908263444900513,0.6098723411560059,0.4022749662399292,-0.8907351493835449,0.4849378168582916,0.4094606637954712,-0.8737659454345703,0.45701879262924194,0.41243088245391846,-0.872714638710022,0.4342515468597412,0.4146832525730133,-0.8730279803276062,0.6525934934616089,0.43435028195381165,-0.5695039629936218,0.41253453493118286,0.4473072290420532,-0.4740200936794281,0.5752882957458496,0.5883094668388367,-0.815028190612793,0.48399871587753296,0.5938469767570496,-0.7827630639076233,0.8404984474182129,0.8606688976287842,-0.3852708637714386,0.24502141773700714,0.9018666744232178,-0.37684571743011475,0.9663256406784058,1.3803691864013672,-0.3739367425441742,0.13088399171829224,1.4081199169158936,-0.3311806619167328,0.9107806086540222,1.7491419315338135,-0.7284625172615051,0.18199123442173004,1.8119139671325684,-0.7683314681053162,0.9388359785079956,1.8777601718902588,-0.8633580207824707,0.15374122560024261,1.9564896821975708,-0.9113809466362,0.8709009289741516,1.8526091575622559,-0.9102531671524048,0.21704807877540588,1.929158091545105,-0.9925071597099304,0.8474991917610168,1.8007413148880005,-0.7737840414047241,0.24532124400138855,1.8727928400039673,-0.8255300521850586,0.7503558397293091,1.796934962272644,-0.04799580201506615,0.3708864152431488,1.8039419651031494,0.05530092120170593,0.7235103845596313,2.5572242736816406,-0.043037641793489456,0.3757752478122711,2.552161455154419,0.06364955008029938,0.7221193313598633,3.2334463596343994,0.6683853268623352,0.39846256375312805,3.2123963832855225,0.4610406458377838,0.7378721833229065,3.3483526706695557,0.7002821564674377,0.3991920053958893,3.3250558376312256,0.47728046774864197,0.6639662384986877,3.4599525928497314,0.040353599935770035,0.45576968789100647,3.4311540126800537,-0.1798953413963318,0.4280377634651648,1
2026-09-24T12:26:43.685512,S012,S012_A5_Y_20260924_1226,elevated_20,A5,young,class_1,0.5272207260131836,0.4809773564338684,-0.9609633684158325,0.5623686909675598,0.38706114888191223,-0.9085766077041626,0.5847732424736023,0.38678207993507385,-0.9082804918289185,0.6061497330665588,0.38756752014160156,-0.9082746505737305,0.4803006649017334,0.3935384154319763,-0.9002946019172668,0.4528231620788574,0.39862021803855896,-0.8994743227958679,0.43122705817222595,0.4034368693828583,-0.8998403549194336,0.648094654083252,0.4250265657901764,-0.5719627141952515,0.4118103086948395,0.4418456256389618,-0.5070543885231018,0.5732009410858154,0.5715810060501099,-0.8302953839302063,0.48012933135032654,0.5784837007522583,-0.8123825788497925,0.8401590585708618,0.86314457654953,-0.3753465712070465,0.24499960243701935,0.9018241167068481,-0.41799196600914,0.969319224357605,1.3985540866851807,-0.3784146308898926,0.13382695615291595,1.4106924533843994,-0.36960238218307495,0.910679817199707,1.7855180501937866,-0.7183690667152405,0.18223312497138977,1.8121048212051392,-0.8238855600357056,0.9384299516677856,1.92527437210083,-0.8524319529533386,0.15431608259677887,1.9576901197433472,-0.9697362780570984,0.8656754493713379,1.9082096815109253,-0.8956968188285828,0.21790310740470886,1.934762954711914,-1.04683518409729,0.8442456126213074,1.8481074571609497,-0.7616804838180542,0.24542589485645294,1.876767635345459,-0.8806190490722656,0.7500708103179932,1.807438611984253,-0.046109654009342194,0.37075164914131165,1.81147038936615,0.05327830836176872,0.7198539972305298,2.5748038291931152,-0.035198889672756195,0.37100285291671753,2.5687003135681152,0.1009501963853836,0.7172559499740601,3.2513766288757324,0.690151572227478,0.39198702573776245,3.2307634353637695,0.5682146549224854,0.7334674596786499,3.370222806930542,0.7316001057624817,0.39235442876815796,3.3483469486236572,0.5939573645591736,0.6525854468345642,3.4785897731781006,0.10949639976024628,0.44934219121932983,3.4562392234802246,-0.06344876438379288,0.42779473767920234,1
2026-09-24T12:26:43.835247,S012,S012_A5_Y_20260924_1226,elevated_20,A5,young,class_1,0.5272055864334106,0.47269973158836365,-0.9750733375549316,0.5616635084152222,0.38052451610565186,-0.9208399057388306,0.5839107632637024,0.38051095604896545,-0.92054283618927,0.6050551533699036,0.3815358579158783,-0.9205409288406372,0.47993701696395874,0.38726598024368286,-0.9171329736709595,0.4522375166416168,0.3930870592594147,-0.9163304567337036,0.4307963252067566,0.39866000413894653,-0.9167003631591797,0.6451439261436462,0.41988787055015564,-0.572924792766571,0.4108579158782959,0.4386610984802246,-0.5312433242797852,0.5734246373176575,0.5658043622970581,-0.8393880128860474,0.48059946298599243,0.5725269913673401,-0.830710232257843,0.8399364352226257,0.8643675446510315,-0.372234970331192,0.24423150718212128,0.9017820954322815,-0.44181472063064575,0.9684457778930664,1.4023557901382446,-0.3800674080848694,0.13378378748893738,1.4123026132583618,-0.3977139890193939,0.9089932441711426,1.7908364534378052,-0.7177543044090271,0.18240389227867126,1.8125836849212646,-0.8890823125839233,0.9366070628166199,1.9305626153945923,-0.8515480160713196,0.15513569116592407,1.9591612815856934,-1.0352222919464111,0.8612077832221985,1.915645718574524,-0.8954046368598938,0.21803033351898193,1.937095284461975,-1.1090562343597412,0.8398009538650513,1.8558489084243774,-0.7618706822395325,0.2460087537765503,1.8783303499221802,-0.9429200887680054,0.7463940382003784,1.8097635507583618,-0.04467465728521347,0.36828741431236267,1.8129982948303223,0.05162345618009567,0.713618814945221,2.577749729156494,-0.030534422025084496,0.3649585247039795,2.5713751316070557,0.08507093787193298,0.7112101316452026,3.2558693885803223,0.6558206677436829,0.38474249839782715,3.2329416275024414,0.5135170817375183,0.7273377180099487,3.3755760192871094,0.6876528859138489,0.38364100456237793,3.3509418964385986,0.5361661314964294,0.6426532864570618,3.4819509983062744,0.046067267656326294,0.4433821737766266,3.4600470066070557,-0.1465408205986023,0.42769658085051726,1
2026-09-24T12:26:44.004769,S012,S012_A5_Y_20260924_1226,elevated_20,A5,young,class_1,0.5271115899085999,0.4632844924926758,-0.9929259419441223,0.5610678791999817,0.37443333864212036,-0.9392598271369934,0.5827082395553589,0.37533703446388245,-0.9389214515686035,0.6034260392189026,0.3770233392715454,-0.9387815594673157,0.4814167618751526,0.3787945508956909,-0.9231635332107544,0.45440930128097534,0.3837956488132477,-0.9223723411560059,0.4324570596218109,0.3894687592983246,-0.9228330850601196,0.6417667865753174,0.4174688458442688,-0.6024254560470581,0.41129714250564575,0.4325937330722809,-0.5534391403198242,0.5719823241233826,0.5590985417366028,-0.8662867546081543,0.47976651787757874,0.5641399025917053,-0.8451827764511108,0.8372364044189453,0.8656408786773682,-0.39033085107803345,0.2429751455783844,0.9014875888824463,-0.44678768515586853,0.9679186940193176,1.4016106128692627,-0.3964792788028717,0.13380183279514313,1.4134726524353027,-0.4226681590080261,0.9089387655258179,1.7879196405410767,-0.7322191596031189,0.18256816267967224,1.8115829229354858,-0.8881532549858093,0.9365059733390808,1.9255757331848145,-0.8644635081291199,0.1557151824235916,1.9572027921676636,-1.0291707515716553,0.8613726496696472,1.9099042415618896,-0.9079267382621765,0.21858246624469757,1.9363740682601929,-1.1057789325714111,0.839850127696991,1.8518662452697754,-0.7764739394187927,0.24608564376831055,1.8774619102478027,-0.9411530494689941,0.7446669936180115,1.8097193241119385,-0.04328131675720215,0.3676629960536957,1.8131829500198364,0.050191450864076614,0.7109256982803345,2.5766937732696533,-0.029431436210870743,0.3612270653247833,2.5712263584136963,0.08954443037509918,0.7085541486740112,3.2533459663391113,0.6797245740890503,0.3820771276950836,3.2312381267547607,0.5708080530166626,0.7234957814216614,3.373178243637085,0.7184450030326843,0.380969375371933,3.349318504333496,0.6002575159072876,0.6420079469680786,3.479625940322876,0.0978425070643425,0.43992066383361816,3.4562761783599854,-0.07517033815383911,0.4275275979034632,1
2026-09-24T12:26:44.155080,S012,S012_A5_Y_20260924_1226,elevated_20,A5,young,class_1,0.5277385711669922,0.46075671911239624,-1.0468450784683228,0.5619889497756958,0.3718855679035187,-0.9861243963241577,0.5832333564758301,0.3730754852294922,-0.9858714938163757,0.6039738059043884,0.37498024106025696,-0.9857395887374878,0.4822513163089752,0.3755965530872345,-0.9766806364059448,0.4553092420101166,0.38010868430137634,-0.9758750796318054,0.43295907974243164,0.38572609424591064,-0.9762808084487915,0.6403133869171143,0.41632843017578125,-0.627833366394043,0.4110494554042816,0.4303573966026306,-0.574874222278595,0.5716983079910278,0.5563544034957886,-0.913270115852356,0.4791542887687683,0.5606191158294678,-0.8983244895935059,0.8359843492507935,0.8654957413673401,-0.4194575846195221,0.24282066524028778,0.9015259146690369,-0.47063618898391724,0.9671429395675659,1.3997924327850342,-0.463982492685318,0.13398690521717072,1.4164143800735474,-0.5174763202667236,0.9091211557388306,1.784751534461975,-0.8255337476730347,0.18266692757606506,1.8133922815322876,-1.0566658973693848,0.9372133016586304,1.9213967323303223,-0.9669683575630188,0.15619537234306335,1.9595853090286255,-1.2123162746429443,0.8615654110908508,1.9069141149520874,-1.0118911266326904,0.2187131643295288,1.939437747001648,-1.2897558212280273,0.8399426341056824,1.849618911743164,-0.8704835176467896,0.24632874131202698,1.8801230192184448,-1.1126006841659546,0.7446926832199097,1.8096483945846558,-0.04286938160657883,0.3676794767379761,1.8135243654251099,0.04983729496598244,0.7115153670310974,2.576223611831665,-0.020121177658438683,0.36199790239334106,2.571364164352417,0.07822133600711823,0.7096288204193115,3.25327730178833,0.7010186314582825,0.3828083872795105,3.231323003768921,0.570788562297821,0.724729061126709,3.372997760772705,0.7384976148605347,0.3810950219631195,3.3493895530700684,0.6007890105247498,0.6445242166519165,3.479429006576538,0.1030237078666687,0.4414748251438141,3.4559757709503174,-0.09076005965471268,0.42717845986504527,1
2026-09-24T12:26:44.351429,S012,S012_A5_Y_20260924_1226,elevated_20,A5,young,class_1,0.5284777879714966,0.46161308884620667,-1.0976805686950684,0.5632302165031433,0.372343510389328,-1.0336741209030151,0.5842633843421936,0.37350937724113464,-1.0335410833358765,0.604910671710968,0.375397652387619,-1.0334023237228394,0.48314452171325684,0.37593868374824524,-1.0293021202087402,0.4561580717563629,0.38025668263435364,-1.028376817703247,0.43349599838256836,0.38571566343307495,-1.0287401676177979,0.6397844552993774,0.4164079427719116,-0.6511428952217102,0.41081586480140686,0.4300788640975952,-0.6038540601730347,0.5721607804298401,0.5566965341567993,-0.9550809860229492,0.4795273244380951,0.5607559084892273,-0.943963885307312,0.835752010345459,0.8646029233932495,-0.43014755845069885,0.24221964180469513,0.9016827940940857,-0.48100656270980835,0.9667403101921082,1.39243745803833,-0.4967873990535736,0.13396093249320984,1.4182337522506714,-0.5157684683799744,0.9101945757865906,1.7722316980361938,-0.9289972186088562,0.18287807703018188,1.8144147396087646,-1.0558925867080688,0.9396071434020996,1.909247636795044,-1.0854510068893433,0.1563202291727066,1.9611541032791138,-1.2153757810592651,0.863329291343689,1.8963127136230469,-1.131134271621704,0.22089989483356476,1.9405204057693481,-1.2990427017211914,0.8409357070922852,1.8397648334503174,-0.9768633842468262,0.24755676090717316,1.8809412717819214,-1.1135153770446777,0.7454899549484253,1.8054890632629395,-0.04665073752403259,0.3681524395942688,1.812012791633606,0.05377044528722763,0.7164440751075745,2.5710997581481934,-0.02017478458583355,0.3648790419101715,2.57063627243042,0.09855759143829346,0.7178059220314026,3.2487757205963135,0.7019839882850647,0.39072734117507935,3.2287185192108154,0.6237822771072388,0.732392430305481,3.369309186935425,0.7393273115158081,0.3900079131126404,3.3463170528411865,0.6558555364608765,0.6522535681724548,3.473503351211548,0.10105166584253311,0.44865718483924866,3.452288866043091,-0.07055678218603134,0.42702532025084633,1
2026-09-24T12:26:44.473200,S012,S012_A5_Y_20260924_1226,elevated_20,A5,young,class_1,0.5288187265396118,0.4630017876625061,-1.1411325931549072,0.563208281993866,0.37335681915283203,-1.0749667882919312,0.5841644406318665,0.3743498623371124,-1.0748262405395508,0.6046439409255981,0.3760804831981659,-1.0746859312057495,0.48276767134666443,0.37694770097732544,-1.0739578008651733,0.4557584226131439,0.3811280429363251,-1.0730417966842651,0.43320226669311523,0.386384516954422,-1.0733754634857178,0.6387740969657898,0.41657647490501404,-0.6818439364433289,0.41012459993362427,0.430181086063385,-0.648642361164093,0.5719761252403259,0.5574774146080017,-0.9948980212211609,0.4801936149597168,0.5615085959434509,-0.9869991540908813,0.8352693319320679,0.864116907119751,-0.44993624091148376,0.24101507663726807,0.9021080732345581,-0.5075756311416626,0.966260552406311,1.3913697004318237,-0.5098932981491089,0.13200488686561584,1.4283381700515747,-0.5297173261642456,0.9099417924880981,1.771155834197998,-0.944114089012146,0.18294468522071838,1.818864107131958,-1.074188470840454,0.9392129778862,1.9089362621307373,-1.1043115854263306,0.15717977285385132,1.9655112028121948,-1.2367677688598633,0.862486720085144,1.8958467245101929,-1.1497502326965332,0.22327163815498352,1.9425815343856812,-1.3217657804489136,0.8398723602294922,1.8392254114151,-0.9921932220458984,0.24862010776996613,1.8827431201934814,-1.1327385902404785,0.7453840970993042,1.803236722946167,-0.046737007796764374,0.36780983209609985,1.81174898147583,0.05394013971090317,0.7170249819755554,2.5686023235321045,-0.016722898930311203,0.3650447130203247,2.570328712463379,0.0974057987332344,0.717861533164978,3.247004270553589,0.7300534248352051,0.3909444212913513,3.2285306453704834,0.6261088252067566,0.7323626279830933,3.367800235748291,0.7683008909225464,0.3900785446166992,3.346341609954834,0.6589277982711792,0.6533448100090027,3.4726016521453857,0.10631813108921051,0.4486890733242035,3.4515159130096436,-0.07166188210248947,0.4269228797425471,1
2026-09-24T12:26:44.587053,S012,S012_A5_Y_20260924_1226,elevated_20,A5,young,class_1,0.5289872884750366,0.4638552665710449,-1.1270601749420166,0.563489556312561,0.37409573793411255,-1.0615098476409912,0.5844713449478149,0.3749765455722809,-1.0613551139831543,0.6049515604972839,0.3765825629234314,-1.0611908435821533,0.4828181862831116,0.3776302635669708,-1.0606058835983276,0.4558752179145813,0.3817073702812195,-1.0596764087677002,0.43331748247146606,0.38683879375457764,-1.060009479522705,0.6385924816131592,0.4170055687427521,-0.6734224557876587,0.40985146164894104,0.43030765652656555,-0.6446326971054077,0.5719168186187744,0.558020293712616,-0.9831816554069519,0.48069310188293457,0.5618899464607239,-0.9751303791999817,0.8349919319152832,0.8642367720603943,-0.4547754228115082,0.2396562546491623,0.903250515460968,-0.5073586702346802,0.964483380317688,1.3906372785568237,-0.5088921785354614,0.1319752186536789,1.4344359636306763,-0.5204488635063171,0.9060789942741394,1.770440936088562,-0.9099801182746887,0.18367034196853638,1.822231411933899,-1.0569863319396973,0.9342259168624878,1.9078696966171265,-1.063132882118225,0.15853959321975708,1.9690375328063965,-1.2161763906478882,0.8574126362800598,1.8949360847473145,-1.106367826461792,0.2254740297794342,1.944873332977295,-1.2995593547821045,0.8351367115974426,1.8386452198028564,-0.9558068513870239,0.24999186396598816,1.8847403526306152,-1.1150356531143188,0.745341420173645,1.8032259941101074,-0.05026108771562576,0.36770373582839966,1.8120348453521729,0.05754563957452774,0.7178455591201782,2.5684242248535156,-0.02278272807598114,0.3658451437950134,2.5704612731933594,0.10091572999954224,0.7180361151695251,3.2468698024749756,0.7324973344802856,0.3911393880844116,3.2285733222961426,0.6297032237052917,0.7324550747871399,3.3676483631134033,0.7698341012001038,0.39046359062194824,3.346360683441162,0.6619183421134949,0.6540719866752625,3.4725968837738037,0.09381815046072006,0.4485110342502594,3.4513845443725586,-0.07119961082935333,0.4266434156145696,1
2026-09-24T12:26:44.688649,S012,S012_A5_Y_20260924_1226,elevated_20,A5,young,class_1,0.5295215249061584,0.46406447887420654,-1.112748146057129,0.5634979009628296,0.37407052516937256,-1.0495481491088867,0.5844506621360779,0.3750191032886505,-1.049370527267456,0.6049929857254028,0.3766891062259674,-1.0492509603500366,0.4826713502407074,0.3771686851978302,-1.0506845712661743,0.4557426869869232,0.381124347448349,-1.0498011112213135,0.4331745207309723,0.38628438115119934,-1.0501601696014404,0.6381668448448181,0.41716858744621277,-0.6669997572898865,0.40968412160873413,0.43017715215682983,-0.637520968914032,0.5721940994262695,0.5583221912384033,-0.969483494758606,0.4813089370727539,0.5619337558746338,-0.9635845422744751,0.8347235918045044,0.8639782667160034,-0.44621968269348145,0.23882357776165009,0.9034298062324524,-0.5040019154548645,0.9649702906608582,1.3902302980422974,-0.5080899000167847,0.13195040822029114,1.4400314092636108,-0.5303497910499573,0.9067336320877075,1.7699601650238037,-0.9142774343490601,0.1845635324716568,1.8254368305206299,-1.1100980043411255,0.9351319074630737,1.9076036214828491,-1.0677722692489624,0.16019412875175476,1.9722321033477783,-1.2718929052352905,0.8575142025947571,1.894402265548706,-1.1076109409332275,0.22798176109790802,1.946496605873108,-1.3532240390777588,0.8352538347244263,1.8382964134216309,-0.9585644006729126,0.2516993284225464,1.886309266090393,-1.168000340461731,0.7455887198448181,1.8032171726226807,-0.05234643071889877,0.36769920587539673,1.812825083732605,0.05967779830098152,0.7217016220092773,2.568375587463379,-0.01880553551018238,0.36833760142326355,2.5728373527526855,0.14587828516960144,0.7226987481117249,3.2469587326049805,0.7736502289772034,0.3951716721057892,3.2295377254486084,0.7014451026916504,0.7370738983154297,3.3678362369537354,0.8131381273269653,0.3944295048713684,3.3477094173431396,0.7369562387466431,0.6575337052345276,3.473118782043457,0.13172198832035065,0.4516429901123047,3.4535017013549805,0.012185288593173027,0.42644094688877443,1
2026-09-24T12:26:44.784266,S012,S012_A5_Y_20260924_1226,elevated_20,A5,young,class_1,0.5300488471984863,0.46437451243400574,-1.1165177822113037,0.5635773539543152,0.3742713928222656,-1.0507948398590088,0.5842549800872803,0.37527742981910706,-1.0506231784820557,0.6046971082687378,0.376965194940567,-1.050471305847168,0.4833065867424011,0.37694475054740906,-1.0516127347946167,0.456453412771225,0.3808272182941437,-1.0507112741470337,0.43375730514526367,0.3859928846359253,-1.0510457754135132,0.6371514797210693,0.4172683656215668,-0.6636433005332947,0.4099629819393158,0.4298636317253113,-0.6376546621322632,0.5722728371620178,0.5585744976997375,-0.9723366498947144,0.4817066192626953,0.562097430229187,-0.9662334322929382,0.8325360417366028,0.8640040159225464,-0.44490528106689453,0.2365378439426422,0.9044281840324402,-0.5063701868057251,0.9649370312690735,1.3866324424743652,-0.501164972782135,0.13174647092819214,1.44105863571167,-0.5237363576889038,0.9088988304138184,1.7674497365951538,-0.9125040769577026,0.1846272498369217,1.8297866582870483,-1.068890929222107,0.9383054971694946,1.9060938358306885,-1.065832257270813,0.16028644144535065,1.9772342443466187,-1.2266151905059814,0.8600398898124695,1.8938080072402954,-1.1091722249984741,0.22804489731788635,1.9532477855682373,-1.3094127178192139,0.8373368978500366,1.8375428915023804,-0.9583166837692261,0.25172045826911926,1.8926159143447876,-1.1258577108383179,0.7463699579238892,1.803239345550537,-0.052927155047655106,0.368141233921051,1.8139421939849854,0.06019263714551926,0.7273308038711548,2.568293333053589,-0.002310541458427906,0.37478235363960266,2.574084758758545,0.14994081854820251,0.7342127561569214,3.246765375137329,0.8090294599533081,0.4064539074897766,3.2296957969665527,0.7160925269126892,0.7482346296310425,3.367626428604126,0.8496305346488953,0.4061519205570221,3.347838878631592,0.7524985671043396,0.6728007793426514,3.4730019569396973,0.16615544259548187,0.46274080872535706,3.4534924030303955,0.02208225056529045,0.42692672961270134,1
2026-09-24T12:26:44.894041,S012,S012_A5_Y_20260924_1226,elevated_20,A5,young,class_1,0.5305113792419434,0.4644092321395874,-1.1138231754302979,0.563564658164978,0.37424933910369873,-1.0458569526672363,0.5842418074607849,0.3752548396587372,-1.0456726551055908,0.604701817035675,0.3769356310367584,-1.0454809665679932,0.48356151580810547,0.3770085275173187,-1.0454716682434082,0.45679378509521484,0.3809657394886017,-1.04459547996521,0.43410152196884155,0.3861519396305084,-1.0449516773223877,0.6366879940032959,0.4173307716846466,-0.6612893342971802,0.41014331579208374,0.4298887252807617,-0.6322856545448303,0.572405219078064,0.5587185025215149,-0.971166729927063,0.48220863938331604,0.5622971653938293,-0.9646865725517273,0.8324649930000305,0.8639875054359436,-0.4402123987674713,0.23615026473999023,0.9051741361618042,-0.5074531435966492,0.965804934501648,1.3862240314483643,-0.48995399475097656,0.13174749910831451,1.4419159889221191,-0.5230202078819275,0.9107314944267273,1.7687506675720215,-0.8894470930099487,0.18432265520095825,1.833609700202942,-1.054659128189087,0.9404676556587219,1.9080890417099,-1.0394113063812256,0.15946730971336365,1.9812827110290527,-1.2103451490402222,0.8619188070297241,1.8967854976654053,-1.0833625793457031,0.22755399346351624,1.9588240385055542,-1.293130874633789,0.8390892744064331,1.8406494855880737,-0.9352367520332336,0.2512722611427307,1.898413062095642,-1.1113344430923462,0.7488338947296143,1.8041210174560547,-0.052549708634614944,0.37022554874420166,1.8166569471359253,0.05979356914758682,0.730117678642273,2.570132255554199,0.0044201938435435295,0.3765076696872711,2.578434467315674,0.14349308609962463,0.7367458343505859,3.2490010261535645,0.809107780456543,0.40792807936668396,3.2333974838256836,0.7010399103164673,0.7505255937576294,3.3696820735931396,0.8490036129951477,0.4074370265007019,3.3509724140167236,0.7366286516189575,0.6756656169891357,3.475914239883423,0.17481999099254608,0.46508660912513733,3.4585886001586914,0.013112207874655724,0.42699899815153747,1
2026-09-24T12:26:44.991619,S012,S012_A5_Y_20260924_1226,elevated_20,A5,young,class_1,0.5307425856590271,0.4636131823062897,-1.1006077527999878,0.5636264681816101,0.3736107647418976,-1.0317813158035278,0.5843185782432556,0.3746679127216339,-1.0315892696380615,0.604837954044342,0.3764292299747467,-1.0314112901687622,0.4837084412574768,0.376505583524704,-1.030842661857605,0.45699888467788696,0.3805551528930664,-1.029947280883789,0.43429169058799744,0.38585329055786133,-1.03028404712677,0.6366904377937317,0.41724517941474915,-0.6494513154029846,0.41023939847946167,0.42986440658569336,-0.619397759437561,0.5725528597831726,0.5582705140113831,-0.9601192474365234,0.4823824465274811,0.5619880557060242,-0.9521887898445129,0.832381546497345,0.863904595375061,-0.43818315863609314,0.23560898005962372,0.905295729637146,-0.5048899054527283,0.9656942486763,1.3858616352081299,-0.48377591371536255,0.13188251852989197,1.4431993961334229,-0.5213614702224731,0.9112688899040222,1.7691577672958374,-0.8782188296318054,0.18429473042488098,1.835006833076477,-1.0635255575180054,0.941862940788269,1.90847647190094,-1.0270588397979736,0.15911905467510223,1.9824036359786987,-1.2211097478866577,0.863104522228241,1.8978432416915894,-1.071801781654358,0.22730836272239685,1.9601486921310425,-1.3024955987930298,0.8399792909622192,1.8418060541152954,-0.9241129755973816,0.2509901523590088,1.8998637199401855,-1.1201978921890259,0.749045729637146,1.8044425249099731,-0.05233243107795715,0.37014785408973694,1.817542314529419,0.05956818908452988,0.7305411100387573,2.5714271068573,0.01650628261268139,0.3766236901283264,2.581324577331543,0.1512214094400406,0.7371200919151306,3.2503066062927246,0.8282826542854309,0.40802836418151855,3.236191987991333,0.7155444622039795,0.7506793737411499,3.3713433742523193,0.8689673542976379,0.407401978969574,3.3535802364349365,0.7518568634986877,0.6765193939208984,3.4773788452148438,0.19514471292495728,0.4659031331539154,3.46311616897583,0.027624079957604408,0.4269514864282896,1
2026-09-24T12:26:45.100395,S012,S012_A5_Y_20260924_1226,elevated_20,A5,young,class_1,0.5308769941329956,0.4613167941570282,-1.0172486305236816,0.5639030933380127,0.3725218176841736,-0.9567952156066895,0.5845800042152405,0.3737740218639374,-0.9564876556396484,0.6050556898117065,0.37568309903144836,-0.95634526014328,0.4841032922267914,0.375044047832489,-0.9493090510368347,0.4573853611946106,0.37883588671684265,-0.9482929110527039,0.43465250730514526,0.3837983310222626,-0.948565661907196,0.6368823051452637,0.4170061945915222,-0.6058737635612488,0.41039544343948364,0.42824190855026245,-0.5477599501609802,0.572672963142395,0.5564438700675964,-0.8881918787956238,0.4822090268135071,0.5603719353675842,-0.871566653251648,0.8323163986206055,0.8647157549858093,-0.43067511916160583,0.23567649722099304,0.9036233425140381,-0.44402018189430237,0.9656091928482056,1.3888756036758423,-0.4773887097835541,0.1337738335132599,1.440900444984436,-0.5038461685180664,0.910699188709259,1.769473671913147,-0.8004510998725891,0.184660866856575,1.827664852142334,-1.0798685550689697,0.9413202404975891,1.9080920219421387,-0.9371446371078491,0.15916739404201508,1.972755789756775,-1.2361825704574585,0.8629040718078613,1.8976385593414307,-0.9685133099555969,0.2272932529449463,1.9466279745101929,-1.313433051109314,0.8397316932678223,1.8415131568908691,-0.8389538526535034,0.2509954571723938,1.8882884979248047,-1.1372239589691162,0.7461825609207153,1.8045614957809448,-0.05609738081693649,0.3660500943660736,1.8164172172546387,0.06350132077932358,0.7219076752662659,2.5717365741729736,-0.006890350021421909,0.3670479655265808,2.5811150074005127,0.19092799723148346,0.71947181224823,3.2509868144989014,0.7732971906661987,0.3890419602394104,3.23612904548645,0.7561908960342407,0.7324627041816711,3.3721396923065186,0.8111937642097473,0.3873247504234314,3.3534963130950928,0.7933427691459656,0.6535741686820984,3.477565050125122,0.13344070315361023,0.4422796368598938,3.4630744457244873,0.07763942331075668,0.4265053427821757,1
2026-09-24T12:26:45.216375,S012,S012_A5_Y_20260924_1226,elevated_20,A5,young,class_1,0.5311492681503296,0.4600471556186676,-0.9312106966972351,0.5641162991523743,0.3715168237686157,-0.8728820085525513,0.5847813487052917,0.3729453682899475,-0.8725848197937012,0.6052447557449341,0.37501612305641174,-0.872460663318634,0.48431387543678284,0.3733178377151489,-0.8689404726028442,0.4575730264186859,0.37674111127853394,-0.8678971529006958,0.4348379075527191,0.3811792731285095,-0.8681637644767761,0.6370202302932739,0.41693535447120667,-0.5328866839408875,0.4107305109500885,0.4265093505382538,-0.4901666045188904,0.5728608965873718,0.5553466081619263,-0.8040310740470886,0.4824604392051697,0.5590559244155884,-0.7923978567123413,0.8315436244010925,0.8641713857650757,-0.3700159788131714,0.2356516569852829,0.9019640684127808,-0.3881188929080963,0.9655648469924927,1.3826327323913574,-0.38881373405456543,0.1337396204471588,1.4267287254333496,-0.4080161452293396,0.9105701446533203,1.7681430578231812,-0.6653017401695251,0.18401743471622467,1.8182400465011597,-0.9404100179672241,0.9410367012023926,1.9056897163391113,-0.789184033870697,0.1582046002149582,1.9618171453475952,-1.0779707431793213,0.8630956411361694,1.8929390907287598,-0.8138008117675781,0.22427205741405487,1.9349381923675537,-1.1557486057281494,0.8398536443710327,1.8388710021972656,-0.6989982724189758,0.24880218505859375,1.8783057928085327,-0.9963723421096802,0.7455716133117676,1.8021188974380493,-0.0566691979765892,0.36468711495399475,1.8139967918395996,0.06397868692874908,0.7203307151794434,2.5707972049713135,0.012286201119422913,0.36719173192977905,2.57981014251709,0.1979268491268158,0.7178623080253601,3.248671770095825,0.8018566370010376,0.3895162045955658,3.2351019382476807,0.7882319688796997,0.7297068238258362,3.3684921264648438,0.8408656120300293,0.38788315653800964,3.3514907360076904,0.8297467231750488,0.6546229720115662,3.473999500274658,0.18089637160301208,0.4435691237449646,3.461867332458496,0.12662020325660706,0.42636028958581434,1
2026-09-24T12:26:45.338940,S012,S012_A5_Y_20260924_1226,elevated_20,A5,young,class_1,0.5312055945396423,0.4601464569568634,-1.0600308179855347,0.5641922354698181,0.371963769197464,-0.9896707534790039,0.5848411917686462,0.3733806312084198,-0.9894857406616211,0.6053033471107483,0.37544554471969604,-0.9893661737442017,0.48458099365234375,0.3735652565956116,-0.9940165281295776,0.45781296491622925,0.37687984108924866,-0.9931255578994751,0.4350699484348297,0.38129234313964844,-0.9934459924697876,0.6370155811309814,0.4177103042602539,-0.5916020274162292,0.41079217195510864,0.4265291094779968,-0.5875304937362671,0.5729584693908691,0.5558250546455383,-0.9127197265625,0.4826717972755432,0.5591410994529724,-0.9118945002555847,0.8310818672180176,0.8644516468048096,-0.38523611426353455,0.2352530062198639,0.9028707146644592,-0.4538942277431488,0.9625849723815918,1.3825604915618896,-0.4356936514377594,0.12694129347801208,1.4281926155090332,-0.44058793783187866,0.9084773063659668,1.767094373703003,-0.8550711870193481,0.18338936567306519,1.823362112045288,-0.9586017727851868,0.9394628405570984,1.9045805931091309,-1.0010907649993896,0.15822914242744446,1.969024658203125,-1.1001062393188477,0.8610540628433228,1.8924732208251953,-1.0431067943572998,0.22454209625720978,1.9454189538955688,-1.1720635890960693,0.8378251791000366,1.8377761840820312,-0.8997572660446167,0.2487850934267044,1.8862966299057007,-1.0085959434509277,0.7450214624404907,1.8054646253585815,-0.055386435240507126,0.36413735151290894,1.8178646564483643,0.06272722780704498,0.7204809784889221,2.5730013847351074,-0.014749348163604736,0.3673865497112274,2.5827250480651855,0.1268920600414276,0.7196741700172424,3.2515268325805664,0.7517999410629272,0.39086323976516724,3.2381479740142822,0.64637291431427,0.7319315671920776,3.372270345687866,0.7882634401321411,0.3891412913799286,3.3553850650787354,0.676378607749939,0.6570056676864624,3.476184606552124,0.11425675451755524,0.44519200921058655,3.463233232498169,-0.051486365497112274,0.42634425516775715,1
2026-09-24T12:26:45.455812,S012,S012_A5_Y_20260924_1226,elevated_20,A5,young,class_1,0.5312987565994263,0.460308700799942,-1.0439000129699707,0.5643177032470703,0.3720897436141968,-0.9770976305007935,0.5849549770355225,0.373541921377182,-0.9768768548965454,0.6054172515869141,0.3756347596645355,-0.9767658114433289,0.48478880524635315,0.3736642897129059,-0.9799734950065613,0.4580356478691101,0.3769857585430145,-0.979089617729187,0.43527618050575256,0.3813912570476532,-0.979411244392395,0.6370807886123657,0.4179745316505432,-0.592796266078949,0.41089969873428345,0.42649945616722107,-0.583200216293335,0.5730680227279663,0.5565163493156433,-0.9018121957778931,0.48282796144485474,0.559176504611969,-0.8993557691574097,0.830822765827179,0.8644825220108032,-0.38832730054855347,0.23513977229595184,0.9028682708740234,-0.4569108486175537,0.9624387621879578,1.3838081359863281,-0.4364359974861145,0.12657150626182556,1.4285215139389038,-0.44449910521507263,0.9076434969902039,1.7672151327133179,-0.8440245389938354,0.1833200454711914,1.8242943286895752,-0.9621129035949707,0.938752293586731,1.9046615362167358,-0.9852587580680847,0.15824821591377258,1.9705239534378052,-1.1048405170440674,0.8601058125495911,1.8923742771148682,-1.022502064704895,0.22459904849529266,1.9472200870513916,-1.1830124855041504,0.8369805216789246,1.8375685214996338,-0.8861503601074219,0.24876058101654053,1.887743592262268,-1.009305715560913,0.7441138029098511,1.8067940473556519,-0.054249536246061325,0.3630017042160034,1.818468451499939,0.06163111329078674,0.719612181186676,2.574293613433838,-0.013821667060256004,0.3657625615596771,2.5836288928985596,0.1274329125881195,0.717673122882843,3.253549098968506,0.7489851713180542,0.38836920261383057,3.2392430305480957,0.6458739042282104,0.7298409342765808,3.3748271465301514,0.7857828140258789,0.3860660195350647,3.3568105697631836,0.6765415072441101,0.6549374461174011,3.478492498397827,0.11884015798568726,0.44363126158714294,3.4647908210754395,-0.041421107947826385,0.42606739127219234,1
2026-09-24T12:26:45.598358,S012,S012_A5_Y_20260924_1226,elevated_20,A5,young,class_1,0.5313776731491089,0.46530383825302124,-0.9803498387336731,0.5643938183784485,0.37649020552635193,-0.9263683557510376,0.5849155187606812,0.37760502099990845,-0.9260586500167847,0.6052249670028687,0.3793654441833496,-0.925975501537323,0.48593154549598694,0.3773844540119171,-0.926352858543396,0.4596408009529114,0.3801839053630829,-0.925443172454834,0.43687230348587036,0.3841716945171356,-0.9258079528808594,0.636656641960144,0.4209522008895874,-0.5740686655044556,0.41154178977012634,0.4271765649318695,-0.5536056756973267,0.5728713870048523,0.5590466260910034,-0.8469449877738953,0.48292213678359985,0.5610178709030151,-0.8405723571777344,0.8292616009712219,0.8648210167884827,-0.3644784986972809,0.2351723611354828,0.9017361998558044,-0.44806069135665894,0.9567669034004211,1.3835597038269043,-0.38139715790748596,0.12436561286449432,1.4174073934555054,-0.4271802008152008,0.9043707847595215,1.7650456428527832,-0.7466957569122314,0.18079730868339539,1.813373327255249,-0.8861675262451172,0.9334765672683716,1.9007400274276733,-0.8824313282966614,0.156009703874588,1.9580122232437134,-1.023125410079956,0.8591811060905457,1.886414885520935,-0.9273750185966492,0.22129449248313904,1.9347134828567505,-1.1026089191436768,0.8362507820129395,1.8316636085510254,-0.791573703289032,0.24556903541088104,1.876252293586731,-0.9376298785209656,0.7362167835235596,1.8068372011184692,-0.04782168194651604,0.3587632477283478,1.8184330463409424,0.054903723299503326,0.7119567394256592,2.5722055435180664,-0.009639712050557137,0.36386317014694214,2.581291437149048,0.08588681370019913,0.7120407223701477,3.250530242919922,0.7333149313926697,0.3853270411491394,3.2374656200408936,0.5877388715744019,0.7231400012969971,3.3699846267700195,0.7682551145553589,0.3824365437030792,3.3547487258911133,0.6184959411621094,0.6526464819908142,3.4757392406463623,0.12091346085071564,0.43999069929122925,3.4598493576049805,-0.0792674571275711,0.42632335364563306,1
2026-09-24T12:26:45.731804,S012,S012_A5_Y_20260924_1226,elevated_20,A5,young,class_1,0.5322762727737427,0.4771812856197357,-0.9907182455062866,0.5649442672729492,0.3862548768520355,-0.9336240887641907,0.5853835344314575,0.3869004547595978,-0.9334003329277039,0.6057459115982056,0.3884054720401764,-0.9333454966545105,0.48790687322616577,0.3868345320224762,-0.9346507787704468,0.4614689350128174,0.38887521624565125,-0.9337127804756165,0.4383695125579834,0.3915019631385803,-0.9340741038322449,0.637215256690979,0.4291233718395233,-0.5665323734283447,0.41174840927124023,0.4308411777019501,-0.5527384281158447,0.5729153752326965,0.5686452984809875,-0.85138338804245,0.48305457830429077,0.5691148042678833,-0.8470042943954468,0.8284362554550171,0.8681598901748657,-0.33365875482559204,0.23514612019062042,0.9017492532730103,-0.4275527596473694,0.945335865020752,1.383504867553711,-0.3459813594818115,0.11385536193847656,1.4184035062789917,-0.3556402623653412,0.8994598388671875,1.7518270015716553,-0.7315736413002014,0.17965933680534363,1.8125191926956177,-0.7746002078056335,0.9295085668563843,1.8797786235809326,-0.8664777874946594,0.15683980286121368,1.9562911987304688,-0.9106038808822632,0.8587223887443542,1.8613089323043823,-0.9131941795349121,0.22133514285087585,1.9294573068618774,-0.9866275787353516,0.8353931307792664,1.809027910232544,-0.7783318758010864,0.24518391489982605,1.8716460466384888,-0.8239448666572571,0.7301779389381409,1.805978775024414,-0.044370099902153015,0.3526322841644287,1.815792202949524,0.05143056437373161,0.7091972231864929,2.569101572036743,-0.09478597342967987,0.36258193850517273,2.5744597911834717,-0.03672173619270325,0.7122156023979187,3.249621868133545,0.5333634614944458,0.3857600688934326,3.2345292568206787,0.3633395731449127,0.7233797311782837,3.368748903274536,0.5548549890518188,0.38292279839515686,3.3508622646331787,0.38125717639923096,0.6528813242912292,3.4744956493377686,-0.13124734163284302,0.4405530095100403,3.455066680908203,-0.35572177171707153,0.4256257450156709,1
2026-09-24T12:26:45.857406,S012,S012_A5_Y_20260924_1226,elevated_20,A5,young,class_1,0.5324368476867676,0.4869419038295746,-1.0857049226760864,0.5650188326835632,0.39407289028167725,-1.0316660404205322,0.585435152053833,0.39438578486442566,-1.0314570665359497,0.6057464480400085,0.3954472243785858,-1.0314611196517944,0.4884459376335144,0.3953288793563843,-1.0348796844482422,0.4619002342224121,0.39712223410606384,-1.0339213609695435,0.4386518895626068,0.3992115259170532,-1.0342015027999878,0.636595606803894,0.4342893064022064,-0.6435619592666626,0.4118002951145172,0.4361222982406616,-0.635083794593811,0.572864830493927,0.5760952830314636,-0.9349044561386108,0.48333144187927246,0.5769941806793213,-0.9322161674499512,0.8269357681274414,0.8677709102630615,-0.3713191747665405,0.23528620600700378,0.9011894464492798,-0.46858757734298706,0.9312850832939148,1.3836034536361694,-0.35990577936172485,0.11369774490594864,1.418958306312561,-0.401323139667511,0.8937110900878906,1.7440181970596313,-0.8192073106765747,0.18019717931747437,1.8101924657821655,-0.8781291842460632,0.926008403301239,1.8666348457336426,-0.9775301218032837,0.15869352221488953,1.9530597925186157,-1.0346077680587769,0.8581899404525757,1.8490581512451172,-1.0389118194580078,0.22342395782470703,1.9241732358932495,-1.126077651977539,0.8338837623596191,1.7987611293792725,-0.8748496174812317,0.24659135937690735,1.8665716648101807,-0.9334037899971008,0.7262140512466431,1.8037151098251343,-0.0438394621014595,0.3519442677497864,1.8131510019302368,0.050882965326309204,0.7090171575546265,2.5624887943267822,-0.01305101066827774,0.3629566431045532,2.5697131156921387,0.018813787028193474,0.7118929028511047,3.241211175918579,0.758671760559082,0.38596004247665405,3.2272839546203613,0.6002453565597534,0.722436249256134,3.3580896854400635,0.7961443662643433,0.3832803964614868,3.3425934314727783,0.6371349692344666,0.6532145142555237,3.4657607078552246,0.11700023710727692,0.44110098481178284,3.446223735809326,-0.12664881348609924,0.4260891775969743,1
2026-09-24T12:26:45.995139,S012,S012_A5_Y_20260924_1226,elevated_20,A5,young,class_1,0.5325115919113159,0.49424979090690613,-1.0797916650772095,0.56501305103302,0.39892295002937317,-1.026553988456726,0.5854498147964478,0.39909401535987854,-1.0262852907180786,0.605771541595459,0.4000365138053894,-1.0262967348098755,0.4883826673030853,0.4002439081668854,-1.0276639461517334,0.4615885317325592,0.401819109916687,-1.0266562700271606,0.4382656514644623,0.4037114679813385,-1.0268995761871338,0.6366109251976013,0.4383591115474701,-0.6469995379447937,0.4111897349357605,0.43891027569770813,-0.6281976103782654,0.5727081894874573,0.5838477611541748,-0.9315212368965149,0.48336753249168396,0.5842995047569275,-0.9267398715019226,0.8262854814529419,0.8676335215568542,-0.3796420693397522,0.23532088100910187,0.8990762233734131,-0.4677871763706207,0.9332269430160522,1.3835434913635254,-0.3720783591270447,0.11387667804956436,1.4190877676010132,-0.4766019880771637,0.8947339057922363,1.7429754734039307,-0.7684274315834045,0.21799781918525696,1.7599568367004395,-1.0933620929718018,0.9273521304130554,1.8640612363815308,-0.9200813174247742,0.2177678644657135,1.888471007347107,-1.2595033645629883,0.8608794212341309,1.8442273139953613,-0.9711521863937378,0.276694118976593,1.8338510990142822,-1.323825716972351,0.8358562588691711,1.7959370613098145,-0.8169795870780945,0.2903582751750946,1.7833821773529053,-1.1428428888320923,0.7254511117935181,1.8018052577972412,-0.04364483430981636,0.3506401479244232,1.8102067708969116,0.05071362853050232,0.706084132194519,2.5616204738616943,0.05024538189172745,0.3596193790435791,2.567641496658325,0.10427399724721909,0.7038358449935913,3.2404263019561768,0.8586947321891785,0.3782649636268616,3.224276304244995,0.7401511669158936,0.7123221755027771,3.3570468425750732,0.8990224003791809,0.3754836916923523,3.33796763420105,0.783434271812439,0.6456319093704224,3.4642446041107178,0.2135998010635376,0.4314059317111969,3.44473934173584,0.031898465007543564,0.42603448513212544,1
2026-09-24T12:26:46.122795,S012,S012_A5_Y_20260924_1226,elevated_20,A5,young,class_1,0.5313760638237,0.5043891072273254,-0.973048210144043,0.5639567971229553,0.4049496352672577,-0.9326997995376587,0.5846961736679077,0.40519991517066956,-0.9322270154953003,0.6051574945449829,0.4061068296432495,-0.9321788549423218,0.4863618314266205,0.4072541296482086,-0.9258383512496948,0.4591754078865051,0.40838518738746643,-0.9247466325759888,0.43631047010421753,0.4102937877178192,-0.9249495267868042,0.6365907192230225,0.44508829712867737,-0.608806312084198,0.4097119867801666,0.44474589824676514,-0.5518693923950195,0.5718368291854858,0.5941033959388733,-0.8426840901374817,0.48253440856933594,0.5942533612251282,-0.8267142176628113,0.8262501955032349,0.8710110783576965,-0.3703617751598358,0.2349679172039032,0.8980893492698669,-0.4176279604434967,0.9344387054443359,1.3855950832366943,-0.3538355529308319,0.11390659958124161,1.4191298484802246,-0.4262070059776306,0.893397331237793,1.744094729423523,-0.6620267629623413,0.2169605940580368,1.766075849533081,-0.975193977355957,0.9243214726448059,1.8648967742919922,-0.7908132672309875,0.2117883414030075,1.8989009857177734,-1.1188751459121704,0.8590850830078125,1.8462104797363281,-0.8251229524612427,0.2761766314506531,1.8515797853469849,-1.1779124736785889,0.8342499732971191,1.7972970008850098,-0.7013322710990906,0.28931519389152527,1.799054503440857,-1.0228010416030884,0.7235904932022095,1.8017520904541016,-0.04339831322431564,0.34630388021469116,1.8094584941864014,0.050505656749010086,0.7003105878829956,2.561652183532715,0.04381253570318222,0.3520330488681793,2.566129446029663,0.10209175199270248,0.6965149641036987,3.2403626441955566,0.8260210156440735,0.3711721897125244,3.2213823795318604,0.6897101402282715,0.7058383822441101,3.3566038608551025,0.8642371296882629,0.3689756989479065,3.333813190460205,0.7306628227233887,0.63528972864151,3.4641189575195312,0.18834391236305237,0.4249325394630432,3.443369150161743,0.02532827854156494,0.42640544075394166,1
2026-09-24T12:26:46.256759,S012,S012_A5_Y_20260924_1226,elevated_20,A5,young,class_1,0.5303306579589844,0.5087558031082153,-0.9495563507080078,0.56325763463974,0.40796157717704773,-0.9057904481887817,0.5842636227607727,0.4080391526222229,-0.9053539037704468,0.604840874671936,0.40875574946403503,-0.9052961468696594,0.48456329107284546,0.41076546907424927,-0.8995202779769897,0.45715808868408203,0.4116562008857727,-0.8984541893005371,0.4347447454929352,0.41352471709251404,-0.8986986875534058,0.6365997195243835,0.44777536392211914,-0.5837461948394775,0.40826472640037537,0.4473811089992523,-0.5252095460891724,0.5710949897766113,0.5987237691879272,-0.8204406499862671,0.48111492395401,0.5984851717948914,-0.8047407865524292,0.8262888193130493,0.8746330142021179,-0.3669271469116211,0.23417560756206512,0.8982359170913696,-0.4045671820640564,0.9375115633010864,1.3942919969558716,-0.3615681231021881,0.1139775738120079,1.4194401502609253,-0.40266984701156616,0.8886895179748535,1.7447454929351807,-0.6807557940483093,0.20460650324821472,1.7676345109939575,-0.9267550706863403,0.9144079089164734,1.865875005722046,-0.8116816282272339,0.19065198302268982,1.9006001949310303,-1.0651402473449707,0.858315646648407,1.8614413738250732,-0.8437404632568359,0.25079113245010376,1.8553098440170288,-1.134631872177124,0.8336653709411621,1.811227798461914,-0.7198094129562378,0.2711199223995209,1.8002867698669434,-0.9787691831588745,0.7236896753311157,1.8045283555984497,-0.043949879705905914,0.34364527463912964,1.8105413913726807,0.05114048719406128,0.6985811591148376,2.568107843399048,0.037503574043512344,0.34822726249694824,2.5676968097686768,0.1108492985367775,0.6923072934150696,3.2447471618652344,0.8097144961357117,0.3650253415107727,3.222806215286255,0.6781555414199829,0.7023804187774658,3.360672950744629,0.8473058938980103,0.3622525632381439,3.3354880809783936,0.7164267301559448,0.6279734373092651,3.468947649002075,0.1836383044719696,0.4196750521659851,3.44684100151062,0.0076543716713786125,0.4268494192494376,1
2026-09-24T12:26:46.402324,S012,S012_A5_Y_20260924_1226,elevated_20,A5,young,class_1,0.5300735235214233,0.5107187032699585,-0.9351094365119934,0.5629764795303345,0.40930789709091187,-0.889453113079071,0.5840455889701843,0.4093637764453888,-0.8890078663825989,0.6046754717826843,0.4100106656551361,-0.8888904452323914,0.4840289056301117,0.412092000246048,-0.8849893808364868,0.4564259648323059,0.41284894943237305,-0.883938193321228,0.4340600073337555,0.4145962595939636,-0.8841934204101562,0.6366028189659119,0.4491102397441864,-0.5650508403778076,0.4075910449028015,0.44819384813308716,-0.5175467133522034,0.570739209651947,0.6009722352027893,-0.8058059811592102,0.48062533140182495,0.6005139946937561,-0.7933382987976074,0.8266457319259644,0.879166841506958,-0.35428792238235474,0.23283866047859192,0.8987097144126892,-0.40262261033058167,0.9385374188423157,1.399080753326416,-0.34089359641075134,0.11416397243738174,1.4201589822769165,-0.402310848236084,0.886536717414856,1.7499333620071411,-0.6377594470977783,0.2001848667860031,1.7691315412521362,-0.9241301417350769,0.9109443426132202,1.8702491521835327,-0.7628122568130493,0.18249139189720154,1.9026036262512207,-1.06561279296875,0.8578713536262512,1.8764723539352417,-0.7970005869865417,0.2426224648952484,1.8570793867111206,-1.1346139907836914,0.8306881785392761,1.8202900886535645,-0.6764489412307739,0.2655269503593445,1.80134916305542,-0.9765466451644897,0.7232385873794556,1.805362343788147,-0.04081771895289421,0.34045296907424927,1.8108419179916382,0.04819970205426216,0.6968152523040771,2.5697402954101562,0.042507752776145935,0.34473365545272827,2.5677530765533447,0.10461254417896271,0.6913204193115234,3.245124578475952,0.8023898005485535,0.36370864510536194,3.2222416400909424,0.6539440751075745,0.701244056224823,3.3610448837280273,0.8395808935165405,0.3613567352294922,3.3348283767700195,0.6906494498252869,0.6278754472732544,3.469003200531006,0.18613244593143463,0.4198235869407654,3.4462928771972656,0.006744416896253824,0.42714901233095975,1
2026-09-24T12:26:46.536441,S012,S012_A5_Y_20260924_1226,elevated_20,A5,young,class_1,0.5291317105293274,0.5111533999443054,-0.9264505505561829,0.5621303915977478,0.40940380096435547,-0.8809818029403687,0.5834445953369141,0.4094582200050354,-0.8805402517318726,0.6041265726089478,0.41010114550590515,-0.8804901242256165,0.4828029274940491,0.41260671615600586,-0.8766562342643738,0.45496615767478943,0.41342008113861084,-0.8756275177001953,0.4329470694065094,0.41523170471191406,-0.875891387462616,0.6365331411361694,0.44985002279281616,-0.555418848991394,0.4066197872161865,0.4488354027271271,-0.5086371898651123,0.5702007412910461,0.6022436022758484,-0.7965173721313477,0.4796183109283447,0.6016046404838562,-0.7839330434799194,0.827025294303894,0.883954644203186,-0.3483918309211731,0.23200765252113342,0.8987190127372742,-0.3933357000350952,0.9396930932998657,1.4029977321624756,-0.32693374156951904,0.11433060467243195,1.4204670190811157,-0.3576168119907379,0.8844220042228699,1.7557332515716553,-0.6091533303260803,0.1964273750782013,1.7739081382751465,-0.8371688723564148,0.907657265663147,1.8785372972488403,-0.7306508421897888,0.17659033834934235,1.9103660583496094,-0.971633791923523,0.8570025563240051,1.889482855796814,-0.7629998326301575,0.23623661696910858,1.8677597045898438,-1.04216730594635,0.8287819027900696,1.8278700113296509,-0.6465660929679871,0.26024869084358215,1.8116930723190308,-0.8889098167419434,0.7226166129112244,1.8083539009094238,-0.04092290252447128,0.33752089738845825,1.8118079900741577,0.048310499638319016,0.6953588724136353,2.5741426944732666,0.054382771253585815,0.3418620228767395,2.5687856674194336,0.119499072432518,0.6892234086990356,3.247386932373047,0.8345807194709778,0.36061838269233704,3.222827672958374,0.6863065958023071,0.6989954710006714,3.3635973930358887,0.8756969571113586,0.35821932554244995,3.335834264755249,0.7257387042045593,0.6261559128761292,3.471590995788574,0.2341185361146927,0.41742172837257385,3.4474408626556396,0.03214467316865921,0.4271391593630955,1
2026-09-24T12:26:46.654011,S012,S012_A5_Y_20260924_1226,elevated_20,A5,young,class_1,0.5288654565811157,0.510402500629425,-0.9347651600837708,0.5618628859519958,0.409055233001709,-0.8893074989318848,0.5832682251930237,0.4091871678829193,-0.8888648152351379,0.6039149165153503,0.40996894240379333,-0.8888192176818848,0.48224639892578125,0.41238299012184143,-0.8846607208251953,0.4542045593261719,0.4132961928844452,-0.8836453557014465,0.43230777978897095,0.41520819067955017,-0.883894145488739,0.6364145874977112,0.44975969195365906,-0.5606670379638672,0.4059244692325592,0.44900259375572205,-0.5144863724708557,0.5701212882995605,0.6016043424606323,-0.8053334355354309,0.4794074594974518,0.6014082431793213,-0.7919042110443115,0.8278626203536987,0.8844273090362549,-0.34935396909713745,0.23195186257362366,0.8988369107246399,-0.39874011278152466,0.9410427212715149,1.4051806926727295,-0.33625659346580505,0.11456236988306046,1.4214115142822266,-0.3720273971557617,0.8847292065620422,1.7706316709518433,-0.6278566122055054,0.19475412368774414,1.786123514175415,-0.8639701008796692,0.9073131680488586,1.8866883516311646,-0.7552440166473389,0.17338331043720245,1.9258536100387573,-1.0015068054199219,0.8569837808609009,1.9026436805725098,-0.7856438755989075,0.23295047879219055,1.8874735832214355,-1.0751951932907104,0.8272029161453247,1.8350034952163696,-0.6651448011398315,0.2580488324165344,1.8311431407928467,-0.9171193242073059,0.722739040851593,1.8096897602081299,-0.04131777957081795,0.3379207253456116,1.813678503036499,0.04870803654193878,0.6955559253692627,2.5768513679504395,0.09140535444021225,0.34221136569976807,2.571772813796997,0.15317955613136292,0.6899882555007935,3.24945068359375,0.9213236570358276,0.3616526424884796,3.2255101203918457,0.772207498550415,0.6998254060745239,3.3652546405792236,0.9672597646713257,0.3591923117637634,3.339616537094116,0.8182994723320007,0.6272156834602356,3.474456310272217,0.33374953269958496,0.41835713386535645,3.449929714202881,0.11746931076049805,0.42731075131356383,1
2026-09-24T12:26:46.776545,S012,S012_A5_Y_20260924_1226,elevated_20,A5,young,class_1,0.5288248658180237,0.5098094940185547,-1.033746600151062,0.5618647336959839,0.4087769389152527,-0.9821362495422363,0.583269476890564,0.40892544388771057,-0.9817727208137512,0.6039111614227295,0.40974143147468567,-0.9818016290664673,0.48221737146377563,0.41210901737213135,-0.9815208315849304,0.4540790617465973,0.4130653440952301,-0.9805712699890137,0.4321170747280121,0.41501209139823914,-0.9808059930801392,0.6363057494163513,0.4496462643146515,-0.6150592565536499,0.4053913950920105,0.4486350119113922,-0.58473801612854,0.5700606107711792,0.6010692715644836,-0.8893062472343445,0.4792447090148926,0.601064920425415,-0.8809131383895874,0.8272417187690735,0.8838196396827698,-0.3837716281414032,0.23151230812072754,0.8988580107688904,-0.4394320845603943,0.9414318203926086,1.4049835205078125,-0.3607000410556793,0.11565748602151871,1.42898690700531,-0.41707515716552734,0.886866569519043,1.770304799079895,-0.6995179653167725,0.19462977349758148,1.7872940301895142,-0.9635526537895203,0.9134023785591125,1.8868982791900635,-0.8439540863037109,0.17433908581733704,1.9276721477508545,-1.1170260906219482,0.8570404052734375,1.8936957120895386,-0.8874937295913696,0.23369169235229492,1.8899990320205688,-1.1973190307617188,0.8280848264694214,1.8318418264389038,-0.7441341280937195,0.25796034932136536,1.8337934017181396,-1.019992709159851,0.7240781784057617,1.8099137544631958,-0.04287194088101387,0.3392089903354645,1.8144984245300293,0.05028966814279556,0.6974880695343018,2.5770344734191895,0.08588496595621109,0.34283894300460815,2.5735762119293213,0.17026880383491516,0.6913901567459106,3.2505531311035156,0.9252645373344421,0.36211979389190674,3.2284529209136963,0.7962509393692017,0.7012842297554016,3.367202043533325,0.9716802835464478,0.35965073108673096,3.343566656112671,0.840896725654602,0.6291404962539673,3.475640058517456,0.3137580156326294,0.4185406267642975,3.4536540508270264,0.1146555170416832,0.42745111512950834,1
2026-09-24T12:26:46.890649,S012,S012_A5_Y_20260924_1226,elevated_20,A5,young,class_1,0.5307034254074097,0.5086174607276917,-1.1458545923233032,0.5629414319992065,0.40868568420410156,-1.0848145484924316,0.5842815637588501,0.40876057744026184,-1.0845847129821777,0.605107307434082,0.4095090329647064,-1.0845962762832642,0.48480457067489624,0.41147199273109436,-1.0889431238174438,0.4567812979221344,0.4124939739704132,-1.0880661010742188,0.43409404158592224,0.4143141210079193,-1.0883610248565674,0.6372195482254028,0.44943082332611084,-0.6734616756439209,0.4061494469642639,0.44777944684028625,-0.6675236225128174,0.570980966091156,0.6005096435546875,-0.9872114062309265,0.4807741045951843,0.5987535119056702,-0.9857568740844727,0.8268144726753235,0.8842279314994812,-0.40556520223617554,0.23122139275074005,0.8988694548606873,-0.4913352429866791,0.9406380653381348,1.4044266939163208,-0.4017830491065979,0.11573624610900879,1.4382312297821045,-0.4710589051246643,0.8884889483451843,1.768758773803711,-0.8417361378669739,0.19456827640533447,1.7895348072052002,-1.0405545234680176,0.9174567461013794,1.8869150876998901,-1.0008857250213623,0.17614960670471191,1.9282009601593018,-1.2057864665985107,0.8570493459701538,1.8888094425201416,-1.0604366064071655,0.23624619841575623,1.8905377388000488,-1.2915260791778564,0.8285832405090332,1.8289129734039307,-0.8950913548469543,0.25871315598487854,1.8346105813980103,-1.0975399017333984,0.7230061888694763,1.811531901359558,-0.042473845183849335,0.33934086561203003,1.816776156425476,0.04985905438661575,0.6977171301841736,2.5771679878234863,0.010177369229495525,0.3431922495365143,2.575026273727417,0.06785477697849274,0.6927410960197449,3.2539284229278564,0.768278956413269,0.36399343609809875,3.2334609031677246,0.5909057259559631,0.7028858065605164,3.3715217113494873,0.8028919100761414,0.36175477504730225,3.349278688430786,0.6200715899467468,0.6301864981651306,3.479140520095825,0.10394356399774551,0.42019739747047424,3.4574830532073975,-0.14004503190517426,0.4276488014681153,1
2026-09-24T12:26:47.016250,S012,S012_A5_Y_20260924_1226,elevated_20,A5,young,class_1,0.5462706685066223,0.5070093870162964,-1.13166344165802,0.574851393699646,0.4071875810623169,-1.0712306499481201,0.5950380563735962,0.40744271874427795,-1.0709559917449951,0.6142597198486328,0.40823692083358765,-1.0709593296051025,0.5016646385192871,0.4078611135482788,-1.0791079998016357,0.4726947247982025,0.40834420919418335,-1.0781991481781006,0.4484248757362366,0.409870982170105,-1.0784454345703125,0.6404935717582703,0.44597581028938293,-0.661820650100708,0.4111061096191406,0.44186311960220337,-0.6721062660217285,0.5778399109840393,0.59764164686203,-0.9724531173706055,0.4926021695137024,0.5947207808494568,-0.9759218096733093,0.8268165588378906,0.884182870388031,-0.4038850665092468,0.23035719990730286,0.8977415561676025,-0.4951149523258209,0.9397330284118652,1.400290608406067,-0.39402472972869873,0.11569583415985107,1.4373925924301147,-0.4785998463630676,0.8886059522628784,1.7656786441802979,-0.8032601475715637,0.19450581073760986,1.7884268760681152,-1.0379371643066406,0.9177473187446594,1.8865331411361694,-0.9495793581008911,0.17709679901599884,1.9256561994552612,-1.1987334489822388,0.8561771512031555,1.882108449935913,-0.9997280240058899,0.23760052025318146,1.8885518312454224,-1.2835991382598877,0.8285930752754211,1.824525237083435,-0.8501022458076477,0.2590702474117279,1.8329581022262573,-1.0945141315460205,0.7213011384010315,1.811482310295105,-0.0418027900159359,0.3392745554447174,1.8167892694473267,0.04913685843348503,0.6979204416275024,2.577127695083618,0.04123600944876671,0.3433513045310974,2.5754363536834717,0.07299156486988068,0.6930261254310608,3.254516124725342,0.8566853404045105,0.3653029203414917,3.2357113361358643,0.6588365435600281,0.7033002376556396,3.3721840381622314,0.8987219929695129,0.36293038725852966,3.3523805141448975,0.6974902153015137,0.6320632100105286,3.4803950786590576,0.21299536526203156,0.4208689332008362,3.4585769176483154,-0.08511019498109818,0.4280994495984384,1
2026-09-24T12:26:47.152326,S012,S012_A5_Y_20260924_1226,elevated_20,A5,young,class_1,0.5538815259933472,0.49926477670669556,-1.147117257118225,0.5843414068222046,0.4051491320133209,-1.0830365419387817,0.6053746938705444,0.40606650710105896,-1.0827572345733643,0.6245614290237427,0.4072549641132355,-1.0826839208602905,0.5112932920455933,0.4035204350948334,-1.09153151512146,0.4822864532470703,0.4035390615463257,-1.0906668901443481,0.45782798528671265,0.40485695004463196,-1.0909150838851929,0.649127721786499,0.4451805651187897,-0.6641333103179932,0.41855353116989136,0.4358936548233032,-0.6803246736526489,0.5851209759712219,0.5932680368423462,-0.9863082766532898,0.5005830526351929,0.5861326456069946,-0.9913986325263977,0.8278073072433472,0.8868945240974426,-0.4055352807044983,0.23183436691761017,0.897748589515686,-0.5017963647842407,0.9398977160453796,1.3999030590057373,-0.3886719346046448,0.11610720306634903,1.4369213581085205,-0.499871164560318,0.891205906867981,1.7646421194076538,-0.7866471409797668,0.21222487092018127,1.7686876058578491,-1.0980650186538696,0.9205872416496277,1.8864880800247192,-0.9365912675857544,0.20629966259002686,1.8999347686767578,-1.2646163702011108,0.8567131161689758,1.877313494682312,-0.988003134727478,0.2660928964614868,1.854172945022583,-1.3419079780578613,0.8303330540657043,1.821216344833374,-0.8339435458183289,0.2813607454299927,1.8012480735778809,-1.151371955871582,0.7215518951416016,1.8144276142120361,-0.04169393703341484,0.34026968479156494,1.8195817470550537,0.04897559434175491,0.699328601360321,2.5800535678863525,0.08734358102083206,0.34477561712265015,2.580810308456421,0.12845996022224426,0.6942479610443115,3.259453058242798,0.9539803266525269,0.3670177757740021,3.240440607070923,0.784852921962738,0.7035765647888184,3.3774898052215576,1.00034499168396,0.3643093705177307,3.3565683364868164,0.830672562122345,0.6365512609481812,3.485031843185425,0.3159896433353424,0.4222581386566162,3.4621810913085938,0.06703028082847595,0.42904126327071235,1
2026-09-24T12:26:47.269907,S012,S012_A5_Y_20260924_1226,elevated_20,A5,young,class_1,0.5679711103439331,0.4895157814025879,-1.0636924505233765,0.5982229113578796,0.4004158675670624,-1.003446102142334,0.6188762187957764,0.40153995156288147,-1.0031712055206299,0.6382325887680054,0.4027862548828125,-1.0030994415283203,0.525682806968689,0.39805954694747925,-1.012475609779358,0.49467378854751587,0.3983134925365448,-1.0115336179733276,0.468606173992157,0.4001493453979492,-1.0117268562316895,0.6617326736450195,0.44092634320259094,-0.6100468635559082,0.4257972240447998,0.43309977650642395,-0.6299605965614319,0.5963104367256165,0.5842908620834351,-0.9132894277572632,0.5130157470703125,0.5790415406227112,-0.9196215867996216,0.8280779123306274,0.8862088918685913,-0.3881765305995941,0.2403855323791504,0.895373523235321,-0.4724532961845398,0.9404446482658386,1.392966628074646,-0.3537651002407074,0.11848147958517075,1.4232510328292847,-0.4948374629020691,0.8947486877441406,1.761159062385559,-0.665500283241272,0.22218899428844452,1.7452954053878784,-1.0733472108840942,0.9242178201675415,1.8840750455856323,-0.7991681694984436,0.21978707611560822,1.874171495437622,-1.2253563404083252,0.8605586886405945,1.870761513710022,-0.8379514813423157,0.2784305810928345,1.8250553607940674,-1.2748934030532837,0.835300087928772,1.8176631927490234,-0.7058324813842773,0.2918545603752136,1.7743366956710815,-1.1114981174468994,0.7223070859909058,1.8119205236434937,-0.04350293427705765,0.343130499124527,1.8152230978012085,0.050400324165821075,0.6993681788444519,2.5765745639801025,0.11121715605258942,0.34815436601638794,2.578212261199951,0.21011845767498016,0.6943814158439636,3.256229877471924,0.9626630544662476,0.3703383207321167,3.2343590259552,0.9050859212875366,0.7037904262542725,3.372760534286499,1.0082027912139893,0.3676745295524597,3.3468902111053467,0.9582716822624207,0.6404315829277039,3.4806711673736572,0.3380994498729706,0.4241170287132263,3.4547924995422363,0.2226211130619049,0.4289745228044446,1
2026-09-24T12:26:47.431909,S012,S012_A5_Y_20260924_1226,elevated_20,A5,young,class_1,0.579939067363739,0.48356592655181885,-1.0828169584274292,0.6100159883499146,0.3960838317871094,-1.0146129131317139,0.6303282380104065,0.39745819568634033,-1.0144959688186646,0.6498410105705261,0.3988676965236664,-1.0145145654678345,0.5381582975387573,0.3937886953353882,-1.0288552045822144,0.5063146352767944,0.3944138288497925,-1.0280667543411255,0.47836026549339294,0.3968939781188965,-1.0284147262573242,0.6711593270301819,0.4374556839466095,-0.6080456972122192,0.4323728680610657,0.4312283396720886,-0.641785204410553,0.6060742139816284,0.5781701803207397,-0.9252548217773438,0.524138867855072,0.5742188692092896,-0.9381807446479797,0.8286824226379395,0.8861578106880188,-0.37827208638191223,0.24049580097198486,0.8972444534301758,-0.48992833495140076,0.939770519733429,1.3921889066696167,-0.35110926628112793,0.11850996315479279,1.424855351448059,-0.47933125495910645,0.8950570821762085,1.7611056566238403,-0.7115955352783203,0.22167067229747772,1.7580446004867554,-0.917060375213623,0.9245742559432983,1.8872628211975098,-0.8557077646255493,0.2165176123380661,1.8875049352645874,-1.0575823783874512,0.8605993986129761,1.8734002113342285,-0.9083272218704224,0.27634868025779724,1.8520467281341553,-1.1414084434509277,0.8358675837516785,1.8192024230957031,-0.7596551179885864,0.29058539867401123,1.7989952564239502,-0.9658489227294922,0.7249459624290466,1.814382553100586,-0.04255456477403641,0.35021811723709106,1.8200080394744873,0.04911988228559494,0.7046242952346802,2.578906774520874,0.10259725898504257,0.35846832394599915,2.584533452987671,0.18861480057239532,0.7035639882087708,3.2632081508636475,0.957962691783905,0.3853662312030792,3.2431135177612305,0.8205850720405579,0.711736261844635,3.381455898284912,1.0045554637908936,0.3815944194793701,3.3552935123443604,0.8619993925094604,0.6547490358352661,3.4869027137756348,0.3202999234199524,0.4435754716396332,3.463282585144043,0.11211971938610077,0.42836919374824656,1
2026-09-24T12:26:47.582535,S012,S012_A5_Y_20260924_1226,elevated_20,A5,young,class_1,0.578593909740448,0.4753051996231079,-1.022271752357483,0.6096926927566528,0.39033716917037964,-0.9559776186943054,0.6303625702857971,0.3923008143901825,-0.955875039100647,0.6499212980270386,0.39437103271484375,-0.955956757068634,0.5363482236862183,0.38850682973861694,-0.9673498272895813,0.5049220323562622,0.39013567566871643,-0.9666290283203125,0.4779283106327057,0.39362043142318726,-0.967120349407196,0.674124538898468,0.43436381220817566,-0.5684083700180054,0.43619927763938904,0.43047353625297546,-0.5983185172080994,0.6073659658432007,0.5716923475265503,-0.8757872581481934,0.5233427286148071,0.5685993432998657,-0.8854416608810425,0.8323651552200317,0.8860445618629456,-0.3450903594493866,0.24194876849651337,0.8983640670776367,-0.48964038491249084,0.9400348663330078,1.3910517692565918,-0.3369460105895996,0.11854471266269684,1.4201624393463135,-0.4425962567329407,0.8961336016654968,1.7610766887664795,-0.7121229767799377,0.21908652782440186,1.7586255073547363,-0.8337602615356445,0.925281822681427,1.8898351192474365,-0.8520292043685913,0.2117753028869629,1.8901894092559814,-0.967241644859314,0.8607438802719116,1.8760597705841064,-0.9034854769706726,0.2745307683944702,1.8657649755477905,-1.0430419445037842,0.8367401361465454,1.8204234838485718,-0.7596034407615662,0.2883351147174835,1.8108819723129272,-0.8794078826904297,0.7286866903305054,1.814404845237732,-0.039562661200761795,0.3566964268684387,1.8201229572296143,0.04578852653503418,0.7113133072853088,2.578091621398926,0.03970543295145035,0.36812275648117065,2.5842740535736084,0.09709848463535309,0.7164505124092102,3.262535572052002,0.7654236555099487,0.3971063196659088,3.242615222930908,0.6007512807846069,0.7253272533416748,3.3809852600097656,0.7994781136512756,0.39301520586013794,3.354853630065918,0.6310449838638306,0.6673809289932251,3.4859633445739746,0.15668006241321564,0.4562245309352875,3.4613022804260254,-0.07084552198648453,0.4280820712027283,1
2026-09-24T12:26:47.746696,S012,S012_A5_Y_20260924_1226,elevated_20,A5,young,class_1,0.5762116312980652,0.4711441695690155,-1.1415683031082153,0.6074836254119873,0.386009156703949,-1.0762859582901,0.6283277869224548,0.3876437842845917,-1.0762755870819092,0.6478456854820251,0.38997358083724976,-1.0763664245605469,0.5335054993629456,0.38554129004478455,-1.0854617357254028,0.5025877356529236,0.38781866431236267,-1.0848166942596436,0.4764750599861145,0.39163148403167725,-1.0853254795074463,0.6733582615852356,0.4305712878704071,-0.6521567106246948,0.43693891167640686,0.4294305145740509,-0.6719959378242493,0.6066941022872925,0.5662646889686584,-0.9808225631713867,0.5220430493354797,0.5649760961532593,-0.9861901998519897,0.8326870203018188,0.8787536025047302,-0.3806033730506897,0.25008612871170044,0.8970292806625366,-0.5166462659835815,0.9387997388839722,1.3652968406677246,-0.3656081259250641,0.12740008533000946,1.4163556098937988,-0.5148192048072815,0.8961693048477173,1.736788034439087,-0.7861064672470093,0.22365474700927734,1.7584234476089478,-1.036704659461975,0.9252935647964478,1.8707293272018433,-0.9334434270858765,0.21574667096138,1.891648769378662,-1.1976344585418701,0.861243724822998,1.860359787940979,-0.9927960634231567,0.2778282165527344,1.8650360107421875,-1.2794380187988281,0.8377103805541992,1.8041244745254517,-0.8373857736587524,0.2921397387981415,1.8098223209381104,-1.0868799686431885,0.7340717315673828,1.804588794708252,-0.04046594351530075,0.368581622838974,1.8139899969100952,0.04644114896655083,0.7227998375892639,2.5617825984954834,0.0775914266705513,0.3820592761039734,2.574157953262329,0.12433956563472748,0.7323062419891357,3.244004487991333,0.891391396522522,0.4165034890174866,3.232074022293091,0.7284209132194519,0.7409417033195496,3.3601880073547363,0.9329517483711243,0.4143221974372864,3.342639446258545,0.7690017819404602,0.684947669506073,3.465406894683838,0.2527240514755249,0.47633910179138184,3.4480395317077637,0.020717624574899673,0.42803455854831635,1
2026-09-24T12:26:47.898240,S012,S012_A5_Y_20260924_1226,elevated_20,A5,young,class_1,0.5745599269866943,0.46757903695106506,-1.0844660997390747,0.6058586835861206,0.3815702795982361,-1.0225709676742554,0.6267939209938049,0.3832993507385254,-1.0225622653961182,0.6463581919670105,0.3862406015396118,-1.0226879119873047,0.5315907597541809,0.38209378719329834,-1.0292491912841797,0.5009424686431885,0.385110080242157,-1.0286133289337158,0.47522154450416565,0.3895556330680847,-1.0291430950164795,0.6728401184082031,0.42904505133628845,-0.6254324913024902,0.4371267855167389,0.42902612686157227,-0.634915292263031,0.6056972742080688,0.5633209347724915,-0.9354456663131714,0.5207991003990173,0.5626312494277954,-0.9372398257255554,0.8336113691329956,0.8765011429786682,-0.3684236407279968,0.25272852182388306,0.8970381617546082,-0.5052145719528198,0.939248263835907,1.3587158918380737,-0.3560628890991211,0.12716317176818848,1.4110169410705566,-0.4645213186740875,0.8988539576530457,1.7270997762680054,-0.7623997330665588,0.22181054949760437,1.759738802909851,-0.8935818672180176,0.9280945062637329,1.8597153425216675,-0.9024442434310913,0.21301992237567902,1.8921356201171875,-1.0338574647903442,0.8640831708908081,1.8486855030059814,-0.9608199000358582,0.27469193935394287,1.8693561553955078,-1.1110000610351562,0.841309666633606,1.7933502197265625,-0.8130923509597778,0.289739191532135,1.8131775856018066,-0.9400148391723633,0.7362530827522278,1.7986667156219482,-0.040451936423778534,0.37116605043411255,1.8084529638290405,0.04641416668891907,0.7254041433334351,2.5548055171966553,0.03665746748447418,0.38614127039909363,2.5678606033325195,0.09710774570703506,0.7348992228507996,3.2385449409484863,0.7817148566246033,0.41835886240005493,3.2267568111419678,0.6327167749404907,0.7436531186103821,3.3546555042266846,0.8169814944267273,0.4158712327480316,3.3371522426605225,0.6659671068191528,0.6870551705360413,3.459275007247925,0.158577099442482,0.4768005907535553,3.4417545795440674,-0.0580548532307148,0.42780549196070505,1
2026-09-24T12:26:48.055321,S012,S012_A5_Y_20260924_1226,elevated_20,A5,young,class_1,0.565527081489563,0.46098098158836365,-1.0816012620925903,0.6000763177871704,0.37826600670814514,-1.0208747386932373,0.6215031743049622,0.38046541810035706,-1.0208098888397217,0.6420884728431702,0.3840901553630829,-1.0209358930587769,0.5250366926193237,0.37893664836883545,-1.0289920568466187,0.4964216649532318,0.382179856300354,-1.028393030166626,0.4721089005470276,0.38690346479415894,-1.0288770198822021,0.6712622046470642,0.4289465546607971,-0.6251598596572876,0.4366421699523926,0.42859774827957153,-0.6278399229049683,0.6001272201538086,0.5584098100662231,-0.9327718019485474,0.5143435597419739,0.558127760887146,-0.9341490864753723,0.8319090604782104,0.8763169050216675,-0.3712778687477112,0.25226110219955444,0.8967533111572266,-0.4951031804084778,0.9393946528434753,1.3602409362792969,-0.3756242096424103,0.12752579152584076,1.4032717943191528,-0.4570637345314026,0.8979158401489258,1.7280733585357666,-0.7808836102485657,0.21601924300193787,1.7613184452056885,-0.9028778076171875,0.9250707626342773,1.8609893321990967,-0.9229449033737183,0.20372386276721954,1.8949519395828247,-1.0406272411346436,0.859544575214386,1.8491969108581543,-0.9793255925178528,0.26606911420822144,1.8696632385253906,-1.1116974353790283,0.838418185710907,1.7931228876113892,-0.830267071723938,0.28242480754852295,1.8138970136642456,-0.9475196599960327,0.7326307892799377,1.791001796722412,-0.03946680203080177,0.3697873651981354,1.7993793487548828,0.045478351414203644,0.7228436470031738,2.5433385372161865,-0.04285221919417381,0.38527220487594604,2.5515284538269043,-0.005731531884521246,0.7341543436050415,3.229422092437744,0.6332928538322449,0.41687828302383423,3.2152950763702393,0.4503149092197418,0.742566704750061,3.346177816390991,0.6611722111701965,0.4142337441444397,3.3281517028808594,0.4727541506290436,0.6866021752357483,3.450198173522949,-0.012178492732346058,0.47627973556518555,3.4246437549591064,-0.2587129473686218,0.42684114523814115,1
2026-09-24T12:26:48.205034,S012,S012_A5_Y_20260924_1226,elevated_20,A5,young,class_1,0.5609834790229797,0.45973458886146545,-1.0750200748443604,0.5961116552352905,0.3766580820083618,-1.0109751224517822,0.6173667907714844,0.37908822298049927,-1.0108559131622314,0.6383851170539856,0.38298702239990234,-1.0108325481414795,0.5207574367523193,0.3769097924232483,-1.0156358480453491,0.4927688241004944,0.38012370467185974,-1.015002965927124,0.4693441390991211,0.38477182388305664,-1.0154664516448975,0.6687015891075134,0.4288999140262604,-0.6246856451034546,0.4364595413208008,0.4281120002269745,-0.6234834790229797,0.5965327620506287,0.5574153065681458,-0.9322803616523743,0.5101150870323181,0.5572378039360046,-0.932754397392273,0.8300243616104126,0.8767104744911194,-0.3759068250656128,0.2507820129394531,0.8967968225479126,-0.49364814162254333,0.9394513964653015,1.362856388092041,-0.38179895281791687,0.12537603080272675,1.4039913415908813,-0.4632106423377991,0.898086667060852,1.7285799980163574,-0.7843001484870911,0.21168188750743866,1.7681142091751099,-0.9121966361999512,0.9252661466598511,1.8618091344833374,-0.9274163246154785,0.1984485536813736,1.9053312540054321,-1.0463593006134033,0.8595529794692993,1.850016474723816,-0.9801772236824036,0.26249977946281433,1.8844555616378784,-1.1210200786590576,0.8384073972702026,1.7940025329589844,-0.8328386545181274,0.27903443574905396,1.8262808322906494,-0.9597229957580566,0.728607177734375,1.7916061878204346,-0.03738648071885109,0.36551403999328613,1.799636960029602,0.04355107247829437,0.7154539823532104,2.544842004776001,-0.021322740241885185,0.38142141699790955,2.5526788234710693,0.027201956138014793,0.7263145446777344,3.229990243911743,0.7032150030136108,0.40857332944869995,3.215744733810425,0.5341347455978394,0.7345036864280701,3.346923351287842,0.73652184009552,0.4053015112876892,3.328641176223755,0.5627899765968323,0.6806927919387817,3.45153546333313,0.070491723716259,0.4658711552619934,3.4260525703430176,-0.1657894104719162,0.4260472111471686,1
2026-09-24T12:26:48.340546,S012,S012_A5_Y_20260924_1226,elevated_20,A5,young,class_1,0.5561240911483765,0.4599316418170929,-1.0732614994049072,0.5918325185775757,0.3763931095600128,-1.0096278190612793,0.6131405234336853,0.3788566291332245,-1.009477972984314,0.6346378922462463,0.38274770975112915,-1.0094072818756104,0.5142584443092346,0.3765268623828888,-1.0118931531906128,0.4871247708797455,0.3797079622745514,-1.01127028465271,0.46422070264816284,0.3843757212162018,-1.0117031335830688,0.6665014624595642,0.4288594424724579,-0.6256561279296875,0.43538814783096313,0.4280860722064972,-0.6215575933456421,0.5935287475585938,0.557576596736908,-0.9306432604789734,0.5061897039413452,0.5574637055397034,-0.9323550462722778,0.8293049931526184,0.8765160441398621,-0.3865804672241211,0.24990323185920715,0.8962650895118713,-0.4921802580356598,0.9394192695617676,1.3661798238754272,-0.38602036237716675,0.12374341487884521,1.4042505025863647,-0.4689946174621582,0.8939611315727234,1.729784607887268,-0.7817326188087463,0.21157991886138916,1.768689513206482,-0.9407835006713867,0.9199820756912231,1.8629286289215088,-0.9257408976554871,0.1993025243282318,1.9061187505722046,-1.0808438062667847,0.8529425859451294,1.8502148389816284,-0.9796627163887024,0.26377585530281067,1.8842068910598755,-1.1500623226165771,0.8321312069892883,1.7944437265396118,-0.8311492204666138,0.27978411316871643,1.8259179592132568,-0.98823082447052,0.7229397892951965,1.7913159132003784,-0.0367613285779953,0.35915806889533997,1.7979836463928223,0.042986974120140076,0.70601487159729,2.5453453063964844,-0.010702518746256828,0.3731808662414551,2.5526719093322754,0.03824732452630997,0.7110503911972046,3.2305424213409424,0.724332332611084,0.3955840468406677,3.215785503387451,0.5507858991622925,0.7193914651870728,3.3477911949157715,0.7586897611618042,0.3917618989944458,3.3290979862213135,0.5796760320663452,0.6607583165168762,3.4521920680999756,0.0971706211566925,0.44927993416786194,3.42739200592041,-0.14726176857948303,0.425664280830805,1
2026-09-24T12:26:48.480632,S012,S012_A5_Y_20260924_1226,elevated_20,A5,young,class_1,0.5534621477127075,0.4602873623371124,-1.0451955795288086,0.5894850492477417,0.37627649307250977,-0.9840790033340454,0.6107909083366394,0.3786919414997101,-0.9838448762893677,0.6322330832481384,0.3824818730354309,-0.9837282299995422,0.5110374689102173,0.37651464343070984,-0.9843320846557617,0.4843681752681732,0.37969884276390076,-0.9836703538894653,0.461738258600235,0.3843916654586792,-0.9840363264083862,0.6643128395080566,0.428468257188797,-0.6183364987373352,0.4347180724143982,0.4281226098537445,-0.6041390895843506,0.5913820862770081,0.55740886926651,-0.9103695154190063,0.5041782855987549,0.5576204657554626,-0.9070639610290527,0.8284241557121277,0.8764546513557434,-0.3873961269855499,0.24972045421600342,0.8960198163986206,-0.4884578287601471,0.9394081830978394,1.3676003217697144,-0.3910967707633972,0.12349443137645721,1.4037460088729858,-0.4716179370880127,0.8925355672836304,1.730798602104187,-0.7775357961654663,0.21137960255146027,1.7690459489822388,-0.9479027986526489,0.918541431427002,1.863218903541565,-0.9211024045944214,0.19936016201972961,1.90657639503479,-1.0872865915298462,0.8514513969421387,1.85043466091156,-0.9738503694534302,0.2636057138442993,1.884076714515686,-1.1566823720932007,0.8305431604385376,1.7946468591690063,-0.826058030128479,0.2796117663383484,1.8258931636810303,-0.9962295293807983,0.7219999432563782,1.791029453277588,-0.036600977182388306,0.35819220542907715,1.7976375818252563,0.04283120855689049,0.7039392590522766,2.545549154281616,0.018385645002126694,0.37190765142440796,2.5532002449035645,0.0594976544380188,0.7081672549247742,3.2308905124664307,0.7814000248908997,0.3938373923301697,3.215937852859497,0.6041399240493774,0.716586709022522,3.3484418392181396,0.8198115229606628,0.38993170857429504,3.3294427394866943,0.6378005743026733,0.6579281687736511,3.4523277282714844,0.17406664788722992,0.44749778509140015,3.4283459186553955,-0.07900315523147583,0.42515759199990166,1
2026-09-24T12:26:48.605957,S012,S012_A5_Y_20260924_1226,elevated_20,A5,young,class_1,0.5503771305084229,0.46058738231658936,-1.0773130655288696,0.5869787335395813,0.3761899173259735,-1.0146434307098389,0.6084142923355103,0.37861692905426025,-1.014447808265686,0.6299768686294556,0.38237130641937256,-1.0143505334854126,0.5075453519821167,0.37639713287353516,-1.0145246982574463,0.4811580181121826,0.3795829713344574,-1.0138798952102661,0.45865195989608765,0.38430535793304443,-1.0142563581466675,0.6628818511962891,0.42817041277885437,-0.6373029351234436,0.4339049756526947,0.4281389117240906,-0.6191322803497314,0.5891696810722351,0.5574960112571716,-0.9375435709953308,0.5016270875930786,0.5577881932258606,-0.9324618577957153,0.8278895616531372,0.8764563798904419,-0.4013669490814209,0.2494765818119049,0.8956881761550903,-0.4948722720146179,0.9394686818122864,1.369467854499817,-0.4229939877986908,0.12267633527517319,1.4039556980133057,-0.4893384873867035,0.8925713300704956,1.7315845489501953,-0.8494067192077637,0.211239293217659,1.769180417060852,-1.002493143081665,0.918600857257843,1.863982081413269,-1.002394437789917,0.19918479025363922,1.907128930091858,-1.1524447202682495,0.8515718579292297,1.8510591983795166,-1.0530813932418823,0.2632702589035034,1.8847540616989136,-1.229691982269287,0.8305840492248535,1.7951791286468506,-0.898387610912323,0.2793777883052826,1.8263391256332397,-1.0541412830352783,0.7213872671127319,1.7912148237228394,-0.036674633622169495,0.3575666546821594,1.7975132465362549,0.042916737496852875,0.7027928829193115,2.546081781387329,0.01901385933160782,0.3695984184741974,2.5536985397338867,0.06210983917117119,0.7045255303382874,3.2311439514160156,0.786331832408905,0.3898526132106781,3.216179847717285,0.6140579581260681,0.7130452394485474,3.3488078117370605,0.8249492645263672,0.3859483301639557,3.329591989517212,0.6472294330596924,0.6520586013793945,3.452624559402466,0.17336681485176086,0.4434286952018738,3.428637742996216,-0.07873407006263733,0.4246179482362219,1
2026-09-24T12:26:48.776783,S012,S012_A5_Y_20260924_1226,elevated_20,A5,young,class_1,0.5487298369407654,0.4607953131198883,-1.1053963899612427,0.5853261351585388,0.37624701857566833,-1.0413320064544678,0.6065524220466614,0.37865251302719116,-1.0411838293075562,0.6280673146247864,0.3823889195919037,-1.0411168336868286,0.5059781074523926,0.37646111845970154,-1.0420169830322266,0.4796130657196045,0.37962910532951355,-1.041345238685608,0.4570605158805847,0.3843362629413605,-1.041712999343872,0.660876452922821,0.42813730239868164,-0.651394784450531,0.43306979537010193,0.42823201417922974,-0.6341873407363892,0.5875250101089478,0.5576338171958923,-0.9601041674613953,0.5003756284713745,0.557869553565979,-0.9553030133247375,0.827597439289093,0.8765254616737366,-0.4119802415370941,0.24937471747398376,0.895669162273407,-0.49851545691490173,0.939853847026825,1.369615912437439,-0.4476061761379242,0.12190596759319305,1.4040923118591309,-0.5138282775878906,0.8939725756645203,1.732092022895813,-0.8946369290351868,0.21099857985973358,1.76954185962677,-1.072962760925293,0.9209014773368835,1.863861322402954,-1.0527245998382568,0.19918181002140045,1.9075260162353516,-1.2312475442886353,0.8531537055969238,1.850566029548645,-1.1030949354171753,0.2634030282497406,1.8846651315689087,-1.3105690479278564,0.8319339752197266,1.7948132753372192,-0.9439812898635864,0.27927419543266296,1.8263252973556519,-1.1265164613723755,0.7210527658462524,1.7919193506240845,-0.03744838386774063,0.35721683502197266,1.797981858253479,0.043728575110435486,0.7027981281280518,2.5469326972961426,0.027026046067476273,0.3693825900554657,2.5547380447387695,0.08130086213350296,0.7043972611427307,3.2328741550445557,0.819605827331543,0.38977545499801636,3.2179744243621826,0.6608226895332336,0.7129359841346741,3.351357936859131,0.8594597578048706,0.3859195113182068,3.332296133041382,0.6966327428817749,0.6514185667037964,3.4540963172912598,0.19004732370376587,0.4432145059108734,3.430508613586426,-0.045852236449718475,0.42398148227342364,1
2026-09-24T12:26:48.931083,S012,S012_A5_Y_20260924_1226,elevated_20,A5,young,class_1,0.547348141670227,0.4609675407409668,-1.1013097763061523,0.5835345387458801,0.37628987431526184,-1.037761926651001,0.6045626401901245,0.37868085503578186,-1.0375926494598389,0.6262316107749939,0.38239291310310364,-1.0375341176986694,0.5042874217033386,0.3765145540237427,-1.038832664489746,0.4780484735965729,0.37966665625572205,-1.0381357669830322,0.45551133155822754,0.3843543231487274,-1.0385010242462158,0.658753514289856,0.4281526207923889,-0.651090145111084,0.43242987990379333,0.42828285694122314,-0.6349649429321289,0.586128294467926,0.5577314496040344,-0.9571549296379089,0.4996475577354431,0.5579929351806641,-0.9527122378349304,0.8270519375801086,0.8765773773193359,-0.41122546792030334,0.24925275146961212,0.895552396774292,-0.5005977153778076,0.9389721155166626,1.3710973262786865,-0.4421681761741638,0.12153315544128418,1.4042198657989502,-0.5088911056518555,0.8938367962837219,1.7325711250305176,-0.8902254104614258,0.21179454028606415,1.7662118673324585,-1.0460355281829834,0.9209256172180176,1.8639222383499146,-1.0458343029022217,0.20143160223960876,1.9028537273406982,-1.2002980709075928,0.8532185554504395,1.8506606817245483,-1.1017301082611084,0.26537197828292847,1.877511978149414,-1.279375433921814,0.8319741487503052,1.7948975563049316,-0.9419987797737122,0.28046250343322754,1.8198028802871704,-1.0987212657928467,0.7196195721626282,1.7915769815444946,-0.03738497942686081,0.3562169671058655,1.7972432374954224,0.04367731511592865,0.7019636631011963,2.546159029006958,0.026631753891706467,0.369081974029541,2.553927183151245,0.08076532930135727,0.7035942077636719,3.2319350242614746,0.8184086084365845,0.3892452120780945,3.2160542011260986,0.6570518016815186,0.7121013402938843,3.3506083488464355,0.8579111099243164,0.38536202907562256,3.3300769329071045,0.6920403242111206,0.6507543325424194,3.45223069190979,0.18963578343391418,0.4424439072608948,3.429413318634033,-0.052497077733278275,0.4232162607188939,1
2026-09-24T12:26:49.078715,S012,S012_A5_Y_20260924_1226,elevated_20,A5,young,class_1,0.5463937520980835,0.45889610052108765,-1.0947835445404053,0.5823308229446411,0.3743012845516205,-1.029984712600708,0.6033937931060791,0.3767898380756378,-1.0298078060150146,0.625278115272522,0.38068172335624695,-1.0296950340270996,0.5030893683433533,0.3741792142391205,-1.0309288501739502,0.47689270973205566,0.3773246705532074,-1.030280351638794,0.45439204573631287,0.3819059431552887,-1.0306854248046875,0.6575663685798645,0.42694804072380066,-0.6500158905982971,0.4319336414337158,0.426979660987854,-0.6345647573471069,0.585075855255127,0.5562804937362671,-0.9546731114387512,0.4982973635196686,0.5566545128822327,-0.9505720138549805,0.8267999887466431,0.8772140741348267,-0.4100831151008606,0.24866263568401337,0.8952888250350952,-0.5016521215438843,0.9373400807380676,1.3712176084518433,-0.4413386285305023,0.12043990194797516,1.4041473865509033,-0.5065973997116089,0.8918701410293579,1.7338624000549316,-0.8785422444343567,0.21165351569652557,1.766442060470581,-1.0321667194366455,0.918502926826477,1.865951418876648,-1.0177199840545654,0.20142480731010437,1.9029617309570312,-1.1786906719207764,0.8509769439697266,1.853029489517212,-1.0755650997161865,0.2655164301395416,1.8780672550201416,-1.2488826513290405,0.8295656442642212,1.7964587211608887,-0.9309107661247253,0.2805636525154114,1.820102572441101,-1.0800923109054565,0.7163810133934021,1.791662335395813,-0.03438742458820343,0.35395532846450806,1.7973626852035522,0.0407390221953392,0.6978808045387268,2.5464248657226562,-0.03878699988126755,0.36644822359085083,2.554147481918335,0.0057454947382211685,0.699931800365448,3.232421398162842,0.6428974270820618,0.3865956664085388,3.2162301540374756,0.45993170142173767,0.7085844278335571,3.3514091968536377,0.6713027954101562,0.3826342225074768,3.330279588699341,0.4810245931148529,0.6462610363960266,3.452446222305298,0.009835177101194859,0.4396769106388092,3.429854393005371,-0.24344846606254578,0.4226777557834422,1
2026-09-24T12:26:49.200385,S012,S012_A5_Y_20260924_1226,elevated_20,A5,young,class_1,0.5453420281410217,0.45644673705101013,-1.1039786338806152,0.5812562704086304,0.3725009560585022,-1.0381337404251099,0.6020530462265015,0.3748960793018341,-1.0379796028137207,0.624067485332489,0.37870845198631287,-1.0378929376602173,0.5027107000350952,0.3725786507129669,-1.0395106077194214,0.4764391779899597,0.37577012181282043,-1.0388519763946533,0.4538494050502777,0.3803332448005676,-1.0392889976501465,0.6560439467430115,0.42492732405662537,-0.6503753066062927,0.4317038953304291,0.42558589577674866,-0.637048602104187,0.5841858386993408,0.5540802478790283,-0.9601456522941589,0.4972505569458008,0.554456889629364,-0.956586480140686,0.8267450332641602,0.8777512311935425,-0.40764331817626953,0.24843785166740417,0.894727885723114,-0.5056703686714172,0.9366174936294556,1.3725981712341309,-0.4389425814151764,0.11932821571826935,1.4040470123291016,-0.5063310265541077,0.8919004201889038,1.7384027242660522,-0.8554039001464844,0.21047136187553406,1.7666808366775513,-0.999310314655304,0.9185433387756348,1.8709733486175537,-0.998644232749939,0.20054154098033905,1.9031459093093872,-1.1458256244659424,0.8510688543319702,1.8600856065750122,-1.0546257495880127,0.26508814096450806,1.8790866136550903,-1.2204643487930298,0.8296149969100952,1.8024518489837646,-0.9063739776611328,0.2800094485282898,1.821372151374817,-1.0475902557373047,0.71469646692276,1.7946289777755737,-0.03305917978286743,0.35350316762924194,1.7985490560531616,0.0394335612654686,0.6960190534591675,2.550461530685425,-0.06115899235010147,0.3656059503555298,2.5569121837615967,-0.0038933369796723127,0.6985465288162231,3.2388155460357666,0.6274486780166626,0.3853427767753601,3.2202627658843994,0.454448401927948,0.7073478698730469,3.3590939044952393,0.6561899185180664,0.38136303424835205,3.3342034816741943,0.47627586126327515,0.6438795924186707,3.455811023712158,-0.0164814256131649,0.43796291947364807,3.433682680130005,-0.25501468777656555,0.4221773246650476,1
2026-09-24T12:26:49.300923,S012,S012_A5_Y_20260924_1226,elevated_20,A5,young,class_1,0.5436047315597534,0.45655396580696106,-1.1050608158111572,0.5798762440681458,0.37196603417396545,-1.0398006439208984,0.6005727052688599,0.37431901693344116,-1.039637804031372,0.6226503252983093,0.3779987692832947,-1.0395333766937256,0.5013952255249023,0.3720300495624542,-1.0406734943389893,0.4750916361808777,0.37522608041763306,-1.0399881601333618,0.45247283577919006,0.37973615527153015,-1.0404083728790283,0.655368447303772,0.4239482581615448,-0.651174008846283,0.4311492443084717,0.42479658126831055,-0.6368333101272583,0.5828971266746521,0.553766667842865,-0.9608660936355591,0.49615994095802307,0.5543445348739624,-0.9568360447883606,0.8266428709030151,0.8778184652328491,-0.40769433975219727,0.24803201854228973,0.8946065306663513,-0.505695104598999,0.9342041015625,1.3757940530776978,-0.43380504846572876,0.118441641330719,1.403770923614502,-0.5214680433273315,0.8916902542114258,1.7392041683197021,-0.855768084526062,0.21040895581245422,1.7659910917282104,-1.0573837757110596,0.9185706377029419,1.8715717792510986,-1.0030500888824463,0.20072898268699646,1.9028140306472778,-1.2118386030197144,0.8510714769363403,1.8605132102966309,-1.0584266185760498,0.26569798588752747,1.878088116645813,-1.2848281860351562,0.8295092582702637,1.8027923107147217,-0.9064968824386597,0.2804429233074188,1.8204516172409058,-1.1074862480163574,0.7134363651275635,1.7971235513687134,-0.03301354497671127,0.3518815338611603,1.7997994422912598,0.039418864995241165,0.6949425935745239,2.5529110431671143,-0.04588942229747772,0.3629883825778961,2.558258056640625,0.010657455772161484,0.6974006295204163,3.2403573989868164,0.6697286367416382,0.3824720084667206,3.220590829849243,0.5019227862358093,0.7063404321670532,3.3609352111816406,0.7017027139663696,0.3785363733768463,3.3345847129821777,0.5282846093177795,0.6416914463043213,3.4568676948547363,0.03210475295782089,0.43491077423095703,3.4341723918914795,-0.20303507149219513,0.4218305221756895,1
2026-09-24T12:26:49.434327,S012,S012_A5_Y_20260924_1226,elevated_20,A5,young,class_1,0.5430868864059448,0.4562087059020996,-1.1065961122512817,0.5792586803436279,0.37127017974853516,-1.0409634113311768,0.5999612212181091,0.3737175166606903,-1.0407891273498535,0.6221296787261963,0.37747761607170105,-1.0406516790390015,0.500851035118103,0.37079355120658875,-1.0418647527694702,0.47442036867141724,0.37393492460250854,-1.0411419868469238,0.4517531991004944,0.3783588111400604,-1.0415505170822144,0.6551223993301392,0.4237682521343231,-0.6517223715782166,0.4305649399757385,0.4239579141139984,-0.6378281712532043,0.582402229309082,0.5534693598747253,-0.962300181388855,0.4955172538757324,0.5540002584457397,-0.9584535360336304,0.826565146446228,0.8779487609863281,-0.40808868408203125,0.24734754860401154,0.8945926427841187,-0.5063809752464294,0.9337261915206909,1.3779040575027466,-0.42940187454223633,0.11785700172185898,1.4038164615631104,-0.518014669418335,0.8910344243049622,1.7412768602371216,-0.8469751477241516,0.2101820409297943,1.7661844491958618,-1.04523766040802,0.9178082346916199,1.8738245964050293,-0.9939103126525879,0.20058056712150574,1.9033730030059814,-1.1984179019927979,0.8501114845275879,1.8621255159378052,-1.04779052734375,0.26564210653305054,1.8786094188690186,-1.2728767395019531,0.828545093536377,1.8041478395462036,-0.8968786001205444,0.2803937792778015,1.8208340406417847,-1.0959819555282593,0.7126661539077759,1.799320936203003,-0.03276590630412102,0.35024940967559814,1.8014801740646362,0.03925120085477829,0.6936549544334412,2.5545401573181152,-0.06018374115228653,0.361463725566864,2.5590579509735107,-0.009467730298638344,0.6957956552505493,3.2418768405914307,0.6419305801391602,0.3790034055709839,3.221714496612549,0.4643482565879822,0.7047394514083862,3.362603187561035,0.6715869307518005,0.374763548374176,3.33654522895813,0.4879426062107086,0.639164924621582,3.4584195613861084,-0.003634743858128786,0.43053585290908813,3.4346415996551514,-0.24604609608650208,0.42146014679629346,1
2026-09-24T12:26:49.550857,S012,S012_A5_Y_20260924_1226,elevated_20,A5,young,class_1,0.5423275232315063,0.4560707211494446,-1.1251894235610962,0.5781450271606445,0.37091004848480225,-1.0567716360092163,0.5989307165145874,0.373445600271225,-1.056624174118042,0.621256411075592,0.3773086369037628,-1.056500792503357,0.4994109272956848,0.3700762987136841,-1.0605952739715576,0.47293025255203247,0.37318772077560425,-1.0599112510681152,0.4503454566001892,0.3775920867919922,-1.0603541135787964,0.6542004346847534,0.4238049387931824,-0.6601109504699707,0.4293712079524994,0.4235500991344452,-0.6569305658340454,0.5820755958557129,0.5536977648735046,-0.978033185005188,0.49492448568344116,0.5540400743484497,-0.9773281216621399,0.8260919451713562,0.8779467940330505,-0.4067397117614746,0.24327751994132996,0.8962897062301636,-0.5227025747299194,0.938636302947998,1.3780577182769775,-0.4100688397884369,0.11371557414531708,1.421800136566162,-0.496415376663208,0.8972471952438354,1.7418071031570435,-0.8424988985061646,0.21009400486946106,1.7871664762496948,-0.9619078636169434,0.9247535467147827,1.8745990991592407,-0.9902137517929077,0.20082302391529083,1.9248768091201782,-1.1088807582855225,0.855431854724884,1.862705111503601,-1.0444740056991577,0.26585933566093445,1.8972145318984985,-1.188192367553711,0.8332329988479614,1.8046988248825073,-0.8927642703056335,0.28044968843460083,1.838875412940979,-1.0118963718414307,0.7143135070800781,1.801859974861145,-0.03228326886892319,0.35026997327804565,1.8072277307510376,0.038846809417009354,0.6979643106460571,2.561260938644409,-0.060897599905729294,0.36253687739372253,2.568891763687134,-0.000926871201954782,0.7039509415626526,3.250854730606079,0.6578324437141418,0.3829460144042969,3.23091459274292,0.48575225472450256,0.7133868932723999,3.3737406730651855,0.6888437271118164,0.3789351284503937,3.3460335731506348,0.5109071135520935,0.6498116254806519,3.466033697128296,0.012150425463914871,0.43865570425987244,3.4468276500701904,-0.22374525666236877,0.4212931660441,1
2026-09-24T12:26:49.662445,S012,S012_A5_Y_20260924_1226,elevated_20,A5,young,class_1,0.5418896079063416,0.45606502890586853,-1.2104485034942627,0.5769857168197632,0.3700823187828064,-1.1374876499176025,0.5979319214820862,0.37237051129341125,-1.1375154256820679,0.6200922727584839,0.37596526741981506,-1.1375501155853271,0.4978824257850647,0.3697764575481415,-1.1491590738296509,0.47111305594444275,0.3730833828449249,-1.1486718654632568,0.44839587807655334,0.3775949478149414,-1.1491868495941162,0.6524686217308044,0.42203572392463684,-0.7072061896324158,0.4270205497741699,0.42359647154808044,-0.737591028213501,0.5819759964942932,0.5538376569747925,-1.0482573509216309,0.494884729385376,0.5541194081306458,-1.0570402145385742,0.8243548274040222,0.8736011385917664,-0.41139015555381775,0.24239638447761536,0.8974271416664124,-0.5599388480186462,0.9391279220581055,1.3626503944396973,-0.3923640549182892,0.1108282208442688,1.440978765487671,-0.4916505217552185,0.8984915018081665,1.7226580381393433,-0.8391191363334656,0.219253271818161,1.792694330215454,-0.9163201451301575,0.9259874224662781,1.8536444902420044,-0.9823476672172546,0.2222391813993454,1.9279048442840576,-1.0604068040847778,0.858723521232605,1.8420931100845337,-1.0417829751968384,0.28252333402633667,1.8982328176498413,-1.1314778327941895,0.8369919657707214,1.784825086593628,-0.8908202052116394,0.29175809025764465,1.8399176597595215,-0.960186779499054,0.7165235280990601,1.8013726472854614,-0.031478025019168854,0.35325437784194946,1.8098280429840088,0.037829507142305374,0.7102588415145874,2.5612616539001465,-0.03821326792240143,0.37443727254867554,2.5713703632354736,-0.004853022750467062,0.7270756363868713,3.2510523796081543,0.7133873105049133,0.40958720445632935,3.2368226051330566,0.5002263784408569,0.7367755174636841,3.3736047744750977,0.7474820613861084,0.4074978828430176,3.351680278778076,0.526349663734436,0.6796906590461731,3.4669723510742188,0.05608236789703369,0.4735572934150696,3.451573133468628,-0.21129164099693298,0.4204814197143164,1
2026-09-24T12:26:49.787037,S012,S012_A5_Y_20260924_1226,elevated_20,A5,young,class_1,0.5414589047431946,0.4561064839363098,-1.2354878187179565,0.5762681365013123,0.36995238065719604,-1.1602532863616943,0.5971285104751587,0.37213191390037537,-1.160353183746338,0.619084894657135,0.3755773901939392,-1.1603925228118896,0.4972095489501953,0.3697856068611145,-1.1692559719085693,0.47030624747276306,0.37313687801361084,-1.1687018871307373,0.44740262627601624,0.3777403235435486,-1.1692487001419067,0.6501485109329224,0.42133718729019165,-0.7231675386428833,0.42562445998191833,0.42363014817237854,-0.7418607473373413,0.5815683007240295,0.5541711449623108,-1.0718592405319214,0.4944862723350525,0.5542567372322083,-1.0772277116775513,0.8234434127807617,0.8736517429351807,-0.41440048813819885,0.24055948853492737,0.8978608250617981,-0.558850109577179,0.9398239850997925,1.363548755645752,-0.3935099244117737,0.1079709529876709,1.4473718404769897,-0.47481292486190796,0.8989524841308594,1.7237390279769897,-0.8695308566093445,0.21667695045471191,1.8069993257522583,-0.9151209592819214,0.92640221118927,1.8541065454483032,-1.0197092294692993,0.22074100375175476,1.943734049797058,-1.0624085664749146,0.8587636947631836,1.8425289392471313,-1.0786412954330444,0.2810990512371063,1.9155133962631226,-1.1408202648162842,0.837052047252655,1.7855353355407715,-0.922230064868927,0.28991764783859253,1.8558958768844604,-0.9627243280410767,0.7172259092330933,1.8027831315994263,-0.031492698937654495,0.353226900100708,1.8124558925628662,0.037844471633434296,0.710635781288147,2.563197612762451,-0.08507201820611954,0.3741764724254608,2.572460174560547,-0.03888576477766037,0.7259922623634338,3.2535319328308105,0.6385809779167175,0.4079379439353943,3.238685131072998,0.45360440015792847,0.7357386946678162,3.377457618713379,0.6681896448135376,0.40547609329223633,3.355480432510376,0.47795844078063965,0.6766103506088257,3.4687387943267822,-0.043223459273576736,0.4711301326751709,3.452286958694458,-0.2831687331199646,0.4200660318025036,1
2026-09-24T12:26:49.948159,S012,S012_A5_Y_20260924_1226,elevated_20,A5,young,class_1,0.5413039326667786,0.45573318004608154,-1.255167841911316,0.5760339498519897,0.36994755268096924,-1.182097315788269,0.5969383120536804,0.37213996052742004,-1.1822054386138916,0.6188795566558838,0.3756217062473297,-1.1822636127471924,0.49691519141197205,0.36973172426223755,-1.1891090869903564,0.47000956535339355,0.37308070063591003,-1.188614010810852,0.4470171332359314,0.3777247369289398,-1.1891765594482422,0.649874746799469,0.421661913394928,-0.741991400718689,0.42487627267837524,0.4236129820346832,-0.7533055543899536,0.5814811587333679,0.5541846752166748,-1.0894807577133179,0.49406886100769043,0.5541579127311707,-1.0927536487579346,0.823208212852478,0.8735949993133545,-0.4344361424446106,0.23921465873718262,0.8979445099830627,-0.558498740196228,0.941201388835907,1.3627474308013916,-0.4420388638973236,0.10700014978647232,1.4465731382369995,-0.5152791142463684,0.8992151021957397,1.7240599393844604,-0.9346786737442017,0.21643678843975067,1.8024342060089111,-1.0545629262924194,0.926413893699646,1.855136513710022,-1.088310956954956,0.2200855314731598,1.9353327751159668,-1.2187269926071167,0.8587636947631836,1.8432568311691284,-1.146989107131958,0.2805540859699249,1.9023048877716064,-1.2900618314743042,0.8371269106864929,1.7859402894973755,-0.9865010380744934,0.2896880507469177,1.8446784019470215,-1.1015970706939697,0.7189038991928101,1.803768515586853,-0.03195115551352501,0.3545757532119751,1.8159273862838745,0.038215819746255875,0.7150765657424927,2.564518451690674,-0.0737462192773819,0.37837642431259155,2.5737388134002686,-0.07120317965745926,0.7335212230682373,3.2555439472198486,0.6522852182388306,0.41393059492111206,3.243633270263672,0.4319879412651062,0.7436947226524353,3.3790807723999023,0.682576060295105,0.4119992256164551,3.3616979122161865,0.45765048265457153,0.6827738881111145,3.472735643386841,-0.026164043694734573,0.4773105978965759,3.4558393955230713,-0.3133572041988373,0.41950803720940466,1
2026-09-24T12:26:50.103694,S012,S012_A5_Y_20260924_1226,elevated_20,A5,young,class_1,0.5458108186721802,0.4557855427265167,-1.3099219799041748,0.5775204300880432,0.3698941469192505,-1.2330162525177002,0.5980804562568665,0.37208327651023865,-1.2331639528274536,0.6194146871566772,0.37557199597358704,-1.2332463264465332,0.5007563233375549,0.3694142699241638,-1.2488154172897339,0.47266823053359985,0.3725983500480652,-1.2484347820281982,0.4495193064212799,0.3770919740200043,-1.2490099668502808,0.6489066481590271,0.4212746024131775,-0.7635442018508911,0.42488956451416016,0.421627402305603,-0.8137891888618469,0.5823662877082825,0.5542340874671936,-1.1318727731704712,0.4964688718318939,0.5539385676383972,-1.1465224027633667,0.817615807056427,0.8720206022262573,-0.44008082151412964,0.23865795135498047,0.8999324440956116,-0.5953347086906433,0.9339494705200195,1.3556655645370483,-0.43708810210227966,0.10693764686584473,1.4498640298843384,-0.5526963472366333,0.8953613042831421,1.7107720375061035,-0.9599019885063171,0.22228391468524933,1.7954597473144531,-1.0881330966949463,0.9223982691764832,1.8416085243225098,-1.1180529594421387,0.23136885464191437,1.923465609550476,-1.2491921186447144,0.8574358224868774,1.8288798332214355,-1.1818044185638428,0.2877250611782074,1.886736512184143,-1.323583722114563,0.8359532356262207,1.7715144157409668,-1.014237403869629,0.2947145402431488,1.8301481008529663,-1.1338937282562256,0.7204362154006958,1.8038153648376465,-0.0321769192814827,0.35852545499801636,1.8190529346466064,0.03831830248236656,0.7197800874710083,2.5645058155059814,-0.014341691508889198,0.38580891489982605,2.576807737350464,0.006275975611060858,0.7384344935417175,3.2555084228515625,0.7774397134780884,0.4243364930152893,3.2465391159057617,0.5840862989425659,0.7479777336120605,3.3785743713378906,0.8147600889205933,0.4216747283935547,3.3634557723999023,0.6178479790687561,0.6909826993942261,3.4726927280426025,0.10540707409381866,0.49007850885391235,3.4575231075286865,-0.15333233773708344,0.4193672594467099,1
2026-09-24T12:26:50.262778,S012,S012_A5_Y_20260924_1226,elevated_20,A5,young,class_1,0.6120377779006958,0.4561682343482971,-1.221042513847351,0.621567964553833,0.37016403675079346,-1.1351200342178345,0.6373904943466187,0.37208935618400574,-1.1352883577346802,0.6530801057815552,0.375257283449173,-1.1358308792114258,0.5615435242652893,0.3696451485157013,-1.20816969871521,0.5303974747657776,0.37260085344314575,-1.2083193063735962,0.49846282601356506,0.3768881857395172,-1.2090798616409302,0.6510945558547974,0.41400671005249023,-0.6613581776618958,0.43337908387184143,0.41690793633461,-0.7955608367919922,0.6309171915054321,0.5527315139770508,-1.035182237625122,0.5569967031478882,0.5532876253128052,-1.1201329231262207,0.8151429891586304,0.8623666167259216,-0.3785237967967987,0.23477265238761902,0.9028294086456299,-0.613843560218811,0.9340581893920898,1.3410831689834595,-0.3187771439552307,0.10757558047771454,1.4767863750457764,-0.547116756439209,0.8958514928817749,1.7124942541122437,-0.7619600892066956,0.1905021071434021,1.8046470880508423,-0.9403892755508423,0.9255083799362183,1.8425121307373047,-0.8992228507995605,0.23002450168132782,1.9467543363571167,-1.0659751892089844,0.8597843050956726,1.8332010507583618,-0.9591761827468872,0.28189513087272644,1.9166698455810547,-1.1525282859802246,0.8374406695365906,1.7765159606933594,-0.8123118281364441,0.28982171416282654,1.8598201274871826,-0.9850972890853882,0.7349748611450195,1.80552077293396,-0.021368544548749924,0.370954692363739,1.8318076133728027,0.02686259150505066,0.7360657453536987,2.569328784942627,0.03291473537683487,0.39657968282699585,2.5968453884124756,0.01671631634235382,0.7476587891578674,3.267861843109131,0.8026528358459473,0.4291125237941742,3.2681686878204346,0.5723615884780884,0.7539499998092651,3.3905768394470215,0.839349627494812,0.42442506551742554,3.384148359298706,0.6041646003723145,0.7130080461502075,3.486815929412842,0.18896980583667755,0.4970371127128601,3.482537269592285,-0.1350337564945221,0.4193686922971293,1
2026-09-24T12:26:50.400988,S012,S012_A5_Y_20260924_1226,elevated_20,A5,young,class_1,0.6710146069526672,0.45585599541664124,-1.1437138319015503,0.6667641997337341,0.3688336908817291,-1.0559931993484497,0.6775938272476196,0.3693361282348633,-1.0560400485992432,0.6877841353416443,0.3702579736709595,-1.056477665901184,0.6180895566940308,0.3696509003639221,-1.1502368450164795,0.5915096998214722,0.3726496696472168,-1.1504663228988647,0.560636043548584,0.37691015005111694,-1.1513034105300903,0.6571958065032959,0.40554237365722656,-0.5882472395896912,0.46314486861228943,0.4169335663318634,-0.8345967531204224,0.682915449142456,0.5518409013748169,-0.9623054265975952,0.6232466101646423,0.5537646412849426,-1.080452799797058,0.8147003054618835,0.8610912561416626,-0.28790029883384705,0.23423635959625244,0.9033582210540771,-0.7263732552528381,0.9335368871688843,1.3426835536956787,-0.14688827097415924,0.1109476089477539,1.4832305908203125,-0.6741213202476501,0.890829861164093,1.723098635673523,-0.5143288373947144,0.19195136427879333,1.8231124877929688,-0.9743139147758484,0.9204741716384888,1.860399842262268,-0.6313809156417847,0.22197549045085907,1.959845781326294,-1.081277847290039,0.8564659953117371,1.8601089715957642,-0.6905170679092407,0.27108559012413025,1.9384430646896362,-1.1817657947540283,0.8343254923820496,1.8041824102401733,-0.5636309385299683,0.27893680334091187,1.8798644542694092,-1.017817735671997,0.7414451837539673,1.8131318092346191,0.012588205747306347,0.3752022385597229,1.8430709838867188,-0.007589157670736313,0.7398486137390137,2.5824763774871826,0.1659102737903595,0.4007827341556549,2.6189584732055664,0.05340009182691574,0.7489776015281677,3.2903923988342285,1.0475285053253174,0.4285515248775482,3.2916505336761475,0.7241891622543335,0.7524694204330444,3.4138505458831787,1.0920231342315674,0.4221481680870056,3.4070162773132324,0.7670779824256897,0.7359702587127686,3.504014730453491,0.43530577421188354,0.5038114190101624,3.5034842491149902,0.002902890555560589,0.4196577246522903,1
2026-09-24T12:26:50.547717,S012,S012_A5_Y_20260924_1226,elevated_20,A5,young,class_1,0.6824100613594055,0.4560283422470093,-1.0131560564041138,0.6801196932792664,0.36875155568122864,-0.9358526468276978,0.6902742385864258,0.36907196044921875,-0.9356590509414673,0.6997228860855103,0.36964723467826843,-0.9358577728271484,0.6321324110031128,0.36972835659980774,-1.001484990119934,0.6058591604232788,0.3727351129055023,-1.0011892318725586,0.5750590562820435,0.37691551446914673,-1.0018184185028076,0.6632658243179321,0.40454521775245667,-0.5291362404823303,0.4737306535243988,0.41692009568214417,-0.8277165293693542,0.6918885111808777,0.5518629550933838,-0.8600146174430847,0.6354941725730896,0.5557782649993896,-0.9411299824714661,0.8145411610603333,0.8611480593681335,-0.2970585227012634,0.23219093680381775,0.9049353003501892,-0.6914375424385071,0.9371839761734009,1.3519134521484375,-0.19172349572181702,0.11094160377979279,1.4830557107925415,-0.6499264240264893,0.8915081024169922,1.7530786991119385,-0.5157977342605591,0.18913665413856506,1.844990849494934,-0.9458010792732239,0.9225360751152039,1.8948416709899902,-0.6331354379653931,0.1904696524143219,1.9824557304382324,-1.0576672554016113,0.8567625880241394,1.892581582069397,-0.6767672300338745,0.24513056874275208,1.9647499322891235,-1.1494582891464233,0.8343974947929382,1.8385828733444214,-0.5583776235580444,0.2584701478481293,1.907019853591919,-0.9923151731491089,0.747198760509491,1.8203262090682983,0.007575237657874823,0.3750099539756775,1.8484474420547485,-0.0022328791674226522,0.7384808659553528,2.5976901054382324,0.1528172791004181,0.39933687448501587,2.631990671157837,0.09676827490329742,0.7483941912651062,3.3071625232696533,1.0294597148895264,0.4211816191673279,3.3023171424865723,0.7621098756790161,0.7474282383918762,3.4288365840911865,1.07523512840271,0.41179823875427246,3.4152817726135254,0.8078690767288208,0.7264865040779114,3.5251035690307617,0.44668564200401306,0.49755820631980896,3.523028612136841,0.07609479129314423,0.42137505540537834,1
2026-09-24T12:26:50.683312,S012,S012_A5_Y_20260924_1226,elevated_20,A5,young,class_1,0.6921378970146179,0.4551580250263214,-0.8827959895133972,0.6875144839286804,0.367616206407547,-0.8129901885986328,0.6964565515518188,0.367336630821228,-0.8126816749572754,0.7049927115440369,0.3671053946018219,-0.8129192590713501,0.6425937414169312,0.36944422125816345,-0.8735451698303223,0.6178570985794067,0.37250518798828125,-0.8731632232666016,0.5894140005111694,0.3765060007572174,-0.8737089037895203,0.6650441884994507,0.40146055817604065,-0.4507606029510498,0.48697489500045776,0.41538476943969727,-0.7318199872970581,0.6993123292922974,0.5507243275642395,-0.747273325920105,0.6458132266998291,0.5557850003242493,-0.8208640813827515,0.8140189051628113,0.8613696694374084,-0.2645677626132965,0.2282448261976242,0.9061472415924072,-0.6858147382736206,0.9359018206596375,1.357567548751831,-0.10593798011541367,0.11103798449039459,1.4809398651123047,-0.5886160135269165,0.8904682397842407,1.760010004043579,-0.3140241503715515,0.18819975852966309,1.8396638631820679,-0.7837308049201965,0.9222766757011414,1.898321509361267,-0.4054934084415436,0.18167081475257874,1.977674961090088,-0.8734122514724731,0.8567299842834473,1.8941868543624878,-0.4449971318244934,0.2335299551486969,1.9578725099563599,-0.9636454582214355,0.8342159390449524,1.841741919517517,-0.35010266304016113,0.24728994071483612,1.8994719982147217,-0.8293572664260864,0.7465524077415466,1.8252133131027222,0.004937297664582729,0.37335556745529175,1.8504650592803955,0.00048588161007501185,0.7320926189422607,2.5999948978424072,0.11485876888036728,0.3891834616661072,2.6323373317718506,0.09411127865314484,0.727830708026886,3.3106272220611572,0.936916708946228,0.3971448242664337,3.302558660507202,0.7330262064933777,0.720420777797699,3.4303741455078125,0.9772316813468933,0.3864375948905945,3.4138638973236084,0.7761614918708801,0.7244937419891357,3.527698040008545,0.34650957584381104,0.46923190355300903,3.521446704864502,0.06427229940891266,0.42255341719004663,1
2026-09-24T12:26:50.827266,S012,S012_A5_Y_20260924_1226,elevated_20,A5,young,class_1,0.696585476398468,0.4551711082458496,-0.8735573887825012,0.6910274624824524,0.3675820529460907,-0.8037360906600952,0.6999143958091736,0.3671691119670868,-0.8034717440605164,0.7085083723068237,0.3666621744632721,-0.8036708831787109,0.6462567448616028,0.3695095181465149,-0.8637517690658569,0.6220557689666748,0.37255820631980896,-0.8634132146835327,0.5946592092514038,0.37650540471076965,-0.8639758825302124,0.6667299866676331,0.40048450231552124,-0.44012635946273804,0.49369820952415466,0.41485780477523804,-0.7070985436439514,0.704694926738739,0.5505744814872742,-0.7375025749206543,0.6508603096008301,0.5559425950050354,-0.809888482093811,0.8130189776420593,0.8615143299102783,-0.25459057092666626,0.22742030024528503,0.9066585302352905,-0.6669029593467712,0.9358466863632202,1.359046459197998,-0.09685112535953522,0.1094452515244484,1.4803459644317627,-0.5865469574928284,0.8905273675918579,1.7609535455703735,-0.31928664445877075,0.18862643837928772,1.8359827995300293,-0.7971450686454773,0.922505259513855,1.898031234741211,-0.4151259958744049,0.1814061403274536,1.9735925197601318,-0.8924225568771362,0.8576887249946594,1.8924446105957031,-0.45714372396469116,0.23379449546337128,1.952813744544983,-0.9802291989326477,0.8348917961120605,1.8407275676727295,-0.3563672602176666,0.24646171927452087,1.894271969795227,-0.8420899510383606,0.7455939054489136,1.8272984027862549,0.004041908774524927,0.37308770418167114,1.8530380725860596,0.0013784545008093119,0.7314392328262329,2.601351261138916,0.10878129303455353,0.3888728618621826,2.6355700492858887,0.11475630849599838,0.727807879447937,3.3130409717559814,0.9218192100524902,0.39736491441726685,3.3064839839935303,0.7725435495376587,0.7205817103385925,3.4313268661499023,0.9612541198730469,0.38675928115844727,3.4159955978393555,0.8188166618347168,0.7253368496894836,3.5295605659484863,0.346080482006073,0.47016772627830505,3.5240156650543213,0.1098557859659195,0.42451651125470974,1
2026-09-24T12:26:50.985930,S012,S012_A5_Y_20260924_1226,elevated_20,A5,young,class_1,0.6959726214408875,0.45563194155693054,-0.8394737243652344,0.6921834945678711,0.36789947748184204,-0.7739766240119934,0.7009981870651245,0.3673098385334015,-0.7737542390823364,0.7097477316856384,0.36668404936790466,-0.7740688323974609,0.6473351120948792,0.3706047236919403,-0.8345445394515991,0.622404932975769,0.37384554743766785,-0.8341614007949829,0.5941551327705383,0.37760406732559204,-0.8346716165542603,0.6684346199035645,0.40053749084472656,-0.41656431555747986,0.4960600435733795,0.4148719906806946,-0.678795576095581,0.701819896697998,0.5507722496986389,-0.7028561234474182,0.6489900350570679,0.5571973323822021,-0.7758997678756714,0.8115213513374329,0.858070433139801,-0.22119192779064178,0.22768466174602509,0.9063129425048828,-0.6416467428207397,0.9303544759750366,1.3542267084121704,-0.05063903331756592,0.11249828338623047,1.460613489151001,-0.5761404037475586,0.8897619247436523,1.759214997291565,-0.23682484030723572,0.19394437968730927,1.8130685091018677,-0.786908745765686,0.9225061535835266,1.8952312469482422,-0.3235032260417938,0.1840524971485138,1.9486652612686157,-0.8822288513183594,0.8587824106216431,1.8913578987121582,-0.36987632513046265,0.23400303721427917,1.9244112968444824,-0.9654085040092468,0.835183322429657,1.8391108512878418,-0.2748339772224426,0.24706199765205383,1.8685332536697388,-0.8296564817428589,0.7441405057907104,1.824291467666626,0.0076962620951235294,0.3727240562438965,1.851476788520813,-0.0025386777706444263,0.7296687364578247,2.5949606895446777,0.10065605491399765,0.3885897397994995,2.6325953006744385,0.09945585578680038,0.7255584001541138,3.3084733486175537,0.8968896865844727,0.3969728350639343,3.303070068359375,0.7003825902938843,0.7174466848373413,3.424717903137207,0.9294940829277039,0.385423868894577,3.410888910293579,0.7424677014350891,0.7238501310348511,3.520202159881592,0.30994418263435364,0.47125887870788574,3.5147058963775635,0.07796220481395721,0.42562931048321456,1
2026-09-24T12:26:51.137043,S012,S012_A5_Y_20260924_1226,elevated_20,A5,young,class_1,0.6957664489746094,0.4557987153530121,-0.8340862393379211,0.6924065947532654,0.36791789531707764,-0.7683797478675842,0.7013281583786011,0.3673039972782135,-0.7681193947792053,0.7103192210197449,0.3666212260723114,-0.7684183716773987,0.6475414633750916,0.3709048926830292,-0.8297889828681946,0.6226946115493774,0.3742414712905884,-0.8294119834899902,0.5942040681838989,0.37793365120887756,-0.8299407958984375,0.6693190932273865,0.40039345622062683,-0.4159478545188904,0.49615007638931274,0.41487255692481995,-0.6766509413719177,0.7011492252349854,0.5508177876472473,-0.7007616758346558,0.6480482816696167,0.5578473806381226,-0.7745331525802612,0.8107168078422546,0.858242392539978,-0.2321501076221466,0.22763021290302277,0.9071202874183655,-0.6388012170791626,0.9288854598999023,1.3560181856155396,-0.05918145924806595,0.1159704178571701,1.456923007965088,-0.5584840178489685,0.8896664381027222,1.7642481327056885,-0.23957660794258118,0.19623062014579773,1.8136589527130127,-0.7505008578300476,0.9225295186042786,1.899795413017273,-0.32761523127555847,0.18466904759407043,1.9500679969787598,-0.8384472727775574,0.8590938448905945,1.8951600790023804,-0.3712393045425415,0.23597459495067596,1.9268758296966553,-0.9257553815841675,0.8353496789932251,1.8441941738128662,-0.2755930423736572,0.24874968826770782,1.87107253074646,-0.79411780834198,0.7439379096031189,1.824407696723938,0.006333533674478531,0.3726324439048767,1.8512159585952759,-0.0011027440195903182,0.7294609546661377,2.594569683074951,0.09476912766695023,0.3884119689464569,2.6309804916381836,0.12450595945119858,0.7248203158378601,3.3063480854034424,0.8882220983505249,0.3969830572605133,3.3012259006500244,0.7841742634773254,0.716398298740387,3.423112154006958,0.923515796661377,0.38563576340675354,3.4094040393829346,0.8322588205337524,0.7234050035476685,3.518847703933716,0.3185127079486847,0.47126954793930054,3.5126750469207764,0.14548316597938538,0.42737453777422296,1
2026-09-24T12:26:51.290658,S012,S012_A5_Y_20260924_1226,elevated_20,A5,young,class_1,0.6937379837036133,0.45582225918769836,-0.8455637693405151,0.6899150609970093,0.36763662099838257,-0.7767375707626343,0.698947548866272,0.3668304681777954,-0.7765403985977173,0.707981526851654,0.3659093677997589,-0.7768175005912781,0.6448106169700623,0.3708804249763489,-0.8380870819091797,0.6199501752853394,0.37423840165138245,-0.8377974629402161,0.5912414789199829,0.377926230430603,-0.838400661945343,0.6691440343856812,0.39956408739089966,-0.4155570864677429,0.494497150182724,0.4148462116718292,-0.6757797598838806,0.6989685297012329,0.5508117079734802,-0.7089613676071167,0.645256519317627,0.5583136081695557,-0.7826805710792542,0.8097745180130005,0.8583956360816956,-0.2186610996723175,0.22687065601348877,0.9082579016685486,-0.6357709765434265,0.9267826080322266,1.3607757091522217,-0.06536690890789032,0.11350353062152863,1.4573493003845215,-0.5719007253646851,0.8857965469360352,1.7680400609970093,-0.2915433347225189,0.19197635352611542,1.8246612548828125,-0.7915892004966736,0.9184549450874329,1.90380859375,-0.38463276624679565,0.17803438007831573,1.9614144563674927,-0.889869213104248,0.8549438714981079,1.8992645740509033,-0.4304876923561096,0.2313687801361084,1.9445658922195435,-0.9755147099494934,0.8317672610282898,1.8480916023254395,-0.33035582304000854,0.24438664317131042,1.8883596658706665,-0.835694432258606,0.7436561584472656,1.8257142305374146,0.013701272197067738,0.37236127257347107,1.8532872200012207,-0.008653739467263222,0.7291785478591919,2.595567464828491,0.11863192170858383,0.3886294960975647,2.6325440406799316,0.0847000852227211,0.7268961668014526,3.3060660362243652,0.9263825416564941,0.39969247579574585,3.3021609783172607,0.7074965238571167,0.7179723978042603,3.423442840576172,0.9658614993095398,0.38655707240104675,3.4113612174987793,0.750826358795166,0.7344032526016235,3.5179998874664307,0.377449095249176,0.48323845863342285,3.5115954875946045,0.10424115508794785,0.42792708291177184,1
2026-09-24T12:26:51.413232,S012,S012_A5_Y_20260924_1226,elevated_20,A5,young,class_1,0.6935808062553406,0.4557217061519623,-0.848406970500946,0.6893786191940308,0.3676162362098694,-0.7777913212776184,0.6983035206794739,0.3668016791343689,-0.7776172757148743,0.7071418762207031,0.36588001251220703,-0.7778383493423462,0.6445332169532776,0.3708530068397522,-0.8401846885681152,0.6198721528053284,0.3741723299026489,-0.839869499206543,0.5914377570152283,0.3777276873588562,-0.8405135869979858,0.6689452528953552,0.39957618713378906,-0.410468727350235,0.49510425329208374,0.41428154706954956,-0.6746905446052551,0.6990102529525757,0.5503642559051514,-0.7106420397758484,0.6451888084411621,0.5581656098365784,-0.7858044505119324,0.8086892366409302,0.8585023880004883,-0.21306855976581573,0.22623959183692932,0.9093589186668396,-0.6328743100166321,0.9268969297409058,1.3612613677978516,-0.06065783649682999,0.11383738368749619,1.4574718475341797,-0.575695276260376,0.8858692049980164,1.7674158811569214,-0.29791784286499023,0.19230857491493225,1.8242825269699097,-0.8100188970565796,0.9185187220573425,1.9036136865615845,-0.3936246931552887,0.17917580902576447,1.961303472518921,-0.9119081497192383,0.8550642132759094,1.8983595371246338,-0.4393700063228607,0.23262426257133484,1.9431604146957397,-0.9990310668945312,0.8319674730300903,1.84709632396698,-0.33703741431236267,0.24546191096305847,1.8869870901107788,-0.8548906445503235,0.7430722713470459,1.8267661333084106,0.01589072309434414,0.3720319867134094,1.8549484014511108,-0.01087090466171503,0.7298418283462524,2.5962483882904053,0.12600384652614594,0.3887631297111511,2.633673667907715,0.08312784880399704,0.7305658459663391,3.3066153526306152,0.947470486164093,0.4023491442203522,3.3026742935180664,0.699154257774353,0.7215675115585327,3.4239230155944824,0.987220287322998,0.3880276083946228,3.4116628170013428,0.741115927696228,0.7420344948768616,3.5177464485168457,0.38452643156051636,0.49096861481666565,3.5110747814178467,0.06336170434951782,0.42908121602583077,1
2026-09-24T12:26:51.530461,S012,S012_A5_Y_20260924_1226,elevated_20,A5,young,class_1,0.6929945349693298,0.4557335674762726,-0.8449538350105286,0.6893985867500305,0.3678659200668335,-0.7786669135093689,0.6983897089958191,0.3670859634876251,-0.7784246802330017,0.7072058916091919,0.36622974276542664,-0.7787718772888184,0.6442731618881226,0.37105175852775574,-0.8390316963195801,0.6195341944694519,0.3743193745613098,-0.8387333154678345,0.5913007855415344,0.3777800500392914,-0.8393505215644836,0.6691293716430664,0.3998223543167114,-0.4221302568912506,0.4955179691314697,0.41413968801498413,-0.6757614016532898,0.698521077632904,0.5503170490264893,-0.7110147476196289,0.6446702480316162,0.5581740736961365,-0.7831331491470337,0.8063315153121948,0.8581157922744751,-0.22692163288593292,0.2262749969959259,0.9093204140663147,-0.6326582431793213,0.9222539663314819,1.3615691661834717,-0.05772988870739937,0.11394079774618149,1.4537575244903564,-0.5712100863456726,0.8841241598129272,1.7669175863265991,-0.23621301352977753,0.19238033890724182,1.8221824169158936,-0.7790498733520508,0.9178608059883118,1.9029146432876587,-0.3188166320323944,0.17997439205646515,1.959678053855896,-0.8680400848388672,0.8549942970275879,1.8977859020233154,-0.36266130208969116,0.23362842202186584,1.9426242113113403,-0.9519530534744263,0.831760585308075,1.8465831279754639,-0.2718360722064972,0.24625101685523987,1.8868120908737183,-0.8209019899368286,0.7406749725341797,1.82705557346344,0.014065933413803577,0.3700546622276306,1.8545783758163452,-0.009167972020804882,0.7261877655982971,2.5961978435516357,0.1131889820098877,0.38478225469589233,2.6327226161956787,0.16792821884155273,0.7234677672386169,3.3059165477752686,0.9219914674758911,0.394966185092926,3.301743984222412,0.8799530863761902,0.7143560647964478,3.4232735633850098,0.9620981216430664,0.380079984664917,3.410977363586426,0.9332455396652222,0.7372345924377441,3.517322301864624,0.377239853143692,0.48104915022850037,3.510455369949341,0.2395222932100296,0.43035879843352054,1
2026-09-24T12:26:51.648154,S012,S012_A5_Y_20260924_1226,elevated_20,A5,young,class_1,0.6932517886161804,0.4557388424873352,-0.8510905504226685,0.6897436380386353,0.36798104643821716,-0.7843809723854065,0.6987355947494507,0.36719682812690735,-0.7841693162918091,0.7075345516204834,0.36634427309036255,-0.7845370173454285,0.6447409987449646,0.3712009787559509,-0.8455579876899719,0.6200907826423645,0.37447431683540344,-0.8452795147895813,0.5919667482376099,0.37789690494537354,-0.8459156155586243,0.6693106889724731,0.3998925983905792,-0.42952537536621094,0.4957372546195984,0.4141399562358856,-0.6766165494918823,0.6988353729248047,0.5502278804779053,-0.717926561832428,0.6451770663261414,0.5581840872764587,-0.7904945611953735,0.8050955533981323,0.8581787943840027,-0.2342396080493927,0.2262861430644989,0.9094947576522827,-0.6331686973571777,0.9191368222236633,1.3637195825576782,-0.06168254464864731,0.11426256597042084,1.4554067850112915,-0.5769616365432739,0.8823347091674805,1.76674222946167,-0.24028000235557556,0.1988806426525116,1.8218897581100464,-0.7930425405502319,0.9169184565544128,1.9024790525436401,-0.32573428750038147,0.18887361884117126,1.959417462348938,-0.8855222463607788,0.8545494079589844,1.8974732160568237,-0.3676174283027649,0.24125830829143524,1.9417437314987183,-0.969147801399231,0.8311803936958313,1.8463406562805176,-0.2755335867404938,0.25159400701522827,1.8858534097671509,-0.8351784944534302,0.7395882606506348,1.827413558959961,0.013085506856441498,0.36939355731010437,1.8544368743896484,-0.008121980354189873,0.7261921167373657,2.5963053703308105,0.10436055809259415,0.3848761022090912,2.6323933601379395,0.17904789745807648,0.7235064506530762,3.3059418201446533,0.8937824368476868,0.39520713686943054,3.3017008304595947,0.8875265121459961,0.7148497104644775,3.4231066703796387,0.9311188459396362,0.3801937997341156,3.411309003829956,0.940265953540802,0.7352484464645386,3.5175769329071045,0.3510514795780182,0.48178261518478394,3.510444402694702,0.24617323279380798,0.4314086799118796,1
2026-09-24T12:26:51.756776,S012,S012_A5_Y_20260924_1226,elevated_20,A5,young,class_1,0.6954054832458496,0.4558013081550598,-0.8605026006698608,0.6916545629501343,0.368008017539978,-0.7939836978912354,0.700384259223938,0.3672124743461609,-0.7937716245651245,0.7089730501174927,0.36635297536849976,-0.7941052317619324,0.6471924781799316,0.37123870849609375,-0.8539770841598511,0.6226001977920532,0.374508798122406,-0.853682816028595,0.5944961905479431,0.3779323697090149,-0.8542912602424622,0.6705824136734009,0.3999525010585785,-0.4368029534816742,0.497109979391098,0.41407668590545654,-0.678654670715332,0.7002922892570496,0.5502268075942993,-0.7261885404586792,0.6472770571708679,0.5585585832595825,-0.7974945306777954,0.8047683835029602,0.8578935861587524,-0.23751811683177948,0.2267342358827591,0.9093090295791626,-0.6352951526641846,0.9188299179077148,1.3637925386428833,-0.05789685249328613,0.11518275737762451,1.4529531002044678,-0.5833534002304077,0.8824145197868347,1.7664216756820679,-0.2394341677427292,0.19984036684036255,1.8208602666854858,-0.7989165782928467,0.9170283079147339,1.902200698852539,-0.3287067711353302,0.18911215662956238,1.959092617034912,-0.8970163464546204,0.8553788065910339,1.8970237970352173,-0.3737316429615021,0.24159963428974152,1.9408042430877686,-0.9800924062728882,0.8315255045890808,1.8458153009414673,-0.27686986327171326,0.2520844042301178,1.8847763538360596,-0.8416266441345215,0.739122748374939,1.8268816471099854,0.013410215266048908,0.36924129724502563,1.8536704778671265,-0.008466137573122978,0.7248142957687378,2.5951199531555176,0.11190202087163925,0.38406023383140564,2.631993055343628,0.1636156588792801,0.7216919660568237,3.3044559955596924,0.9102479815483093,0.39430052042007446,3.3002710342407227,0.8552733659744263,0.7126976847648621,3.4216320514678955,0.9485176205635071,0.37912166118621826,3.4099600315093994,0.9055944681167603,0.7338117957115173,3.5145978927612305,0.35594767332077026,0.48172903060913086,3.50715970993042,0.20294351875782013,0.43275685438085487,1
2026-09-24T12:26:51.878552,S012,S012_A5_Y_20260924_1226,elevated_20,A5,young,class_1,0.6960816383361816,0.45614656805992126,-0.8699487447738647,0.6925684213638306,0.3683275580406189,-0.8016194105148315,0.7012041807174683,0.3675476610660553,-0.8014587163925171,0.709701418876648,0.36671262979507446,-0.8017524480819702,0.6483482718467712,0.37146908044815063,-0.8586510419845581,0.623860776424408,0.3746928870677948,-0.858345627784729,0.5960219502449036,0.3780880868434906,-0.8589825630187988,0.6714168787002563,0.4000343680381775,-0.4453820288181305,0.4984202980995178,0.4140825569629669,-0.697864294052124,0.7007795572280884,0.5503190159797668,-0.7327567338943481,0.6478886008262634,0.5590659379959106,-0.8007780313491821,0.8047723770141602,0.8578931093215942,-0.2505130469799042,0.22713443636894226,0.9089598059654236,-0.6403161287307739,0.918317437171936,1.3641730546951294,-0.06755553185939789,0.11634436994791031,1.4529420137405396,-0.5846601724624634,0.8821699023246765,1.7667714357376099,-0.24638967216014862,0.20331089198589325,1.82123863697052,-0.8043434023857117,0.9170014262199402,1.902117371559143,-0.3390336334705353,0.1919611394405365,1.9601012468338013,-0.9019583463668823,0.8554274439811707,1.8971869945526123,-0.3836526870727539,0.24507629871368408,1.9401699304580688,-0.9867652058601379,0.831520676612854,1.846389651298523,-0.28380152583122253,0.25607454776763916,1.884106993675232,-0.8475542068481445,0.7387317419052124,1.826879858970642,0.013125332072377205,0.36878591775894165,1.8535034656524658,-0.008140564896166325,0.7230935096740723,2.5950210094451904,0.11595965921878815,0.3828970789909363,2.631587028503418,0.19877101480960846,0.7172632217407227,3.3042023181915283,0.9265657663345337,0.39089101552963257,3.2998921871185303,0.9430946111679077,0.7079969048500061,3.4213242530822754,0.9661870002746582,0.3759637176990509,3.4097676277160645,0.9994493722915649,0.7270519137382507,3.5148956775665283,0.36330506205558777,0.47368401288986206,3.5070834159851074,0.29113271832466125,0.43360130406147096,1
2026-09-24T12:26:51.996105,S012,S012_A5_Y_20260924_1226,elevated_20,A5,young,class_1,0.6959424614906311,0.4561058282852173,-0.8629916310310364,0.6925163865089417,0.3683314323425293,-0.7957449555397034,0.7012532949447632,0.36754515767097473,-0.7955526113510132,0.7098332643508911,0.36671337485313416,-0.7958699464797974,0.6481292247772217,0.37150853872299194,-0.8541668057441711,0.6237675547599792,0.37476593255996704,-0.8538640737533569,0.5960870981216431,0.3782055675983429,-0.854509711265564,0.6726382970809937,0.40008246898651123,-0.44023093581199646,0.4985179305076599,0.4142080247402191,-0.6917276382446289,0.7012070417404175,0.5500519275665283,-0.7275072932243347,0.6480108499526978,0.5590701699256897,-0.7968693971633911,0.8055529594421387,0.857464611530304,-0.24661985039710999,0.227637380361557,0.9089683294296265,-0.6388181447982788,0.923480212688446,1.364296793937683,-0.07382898777723312,0.11620230972766876,1.4533698558807373,-0.5835530757904053,0.8845858573913574,1.7680563926696777,-0.2644253373146057,0.2021852731704712,1.82257080078125,-0.8069043159484863,0.9192959070205688,1.9042836427688599,-0.3564762771129608,0.18985821306705475,1.9610403776168823,-0.9048277735710144,0.8561182022094727,1.8992105722427368,-0.4065178334712982,0.2434784173965454,1.9411946535110474,-0.9909579157829285,0.8324311375617981,1.8481167554855347,-0.30387449264526367,0.25496524572372437,1.8853607177734375,-0.8507334589958191,0.7385039925575256,1.827704668045044,0.012811847031116486,0.3685891330242157,1.8538649082183838,-0.007814456708729267,0.723195493221283,2.596262216567993,0.11356677114963531,0.3824368715286255,2.632371664047241,0.19308456778526306,0.7176253199577332,3.306018829345703,0.9211336970329285,0.39111486077308655,3.301952362060547,0.9209793210029602,0.7083865404129028,3.4232609272003174,0.9604144096374512,0.3763958513736725,3.412245988845825,0.9734148979187012,0.726703941822052,3.5175764560699463,0.35492295026779175,0.47378796339035034,3.5094940662384033,0.24438562989234924,0.43428489666433906,1
2026-09-24T12:26:52.102707,S012,S012_A5_Y_20260924_1226,elevated_20,A5,young,class_1,0.6864802241325378,0.45715487003326416,-0.9326381683349609,0.6853607892990112,0.36912742257118225,-0.8604159355163574,0.6961058378219604,0.3681579828262329,-0.8602994680404663,0.7058091759681702,0.3671901524066925,-0.860606849193573,0.636347770690918,0.37248313426971436,-0.9073280096054077,0.6094587445259094,0.3753400146961212,-0.9069530367851257,0.5776661038398743,0.37838271260261536,-0.9075571298599243,0.6720134615898132,0.40012189745903015,-0.4690706729888916,0.4871711730957031,0.4141039550304413,-0.6894851326942444,0.6954131722450256,0.5502268075942993,-0.7838636040687561,0.6386336088180542,0.5591398477554321,-0.8389255404472351,0.8060315847396851,0.857650876045227,-0.2628956139087677,0.22833052277565002,0.9100797772407532,-0.6327922940254211,0.9256420135498047,1.3642818927764893,-0.1618977189064026,0.11609061807394028,1.453340768814087,-0.5937182903289795,0.8847194910049438,1.7679076194763184,-0.4674798548221588,0.2000432014465332,1.8259040117263794,-0.9035482406616211,0.9192954301834106,1.9054235219955444,-0.5810421705245972,0.18567007780075073,1.9659048318862915,-1.0223798751831055,0.8559026718139648,1.9004970788955688,-0.6308297514915466,0.24183745682239532,1.9481377601623535,-1.1070258617401123,0.8322039842605591,1.848145604133606,-0.5103546977043152,0.2543261647224426,1.8904451131820679,-0.9493279457092285,0.7444402575492859,1.8278511762619019,0.006917172111570835,0.374370813369751,1.8541033267974854,-0.001863257260993123,0.729103684425354,2.5969290733337402,0.11283262073993683,0.38995033502578735,2.632533550262451,0.18058761954307556,0.726838231086731,3.3067991733551025,0.9184526205062866,0.4063301086425781,3.3019540309906006,0.8312646150588989,0.7222121953964233,3.425766944885254,0.9576180577278137,0.39501285552978516,3.412641763687134,0.8757239580154419,0.7275257706642151,3.519122362136841,0.353186696767807,0.48302674293518066,3.5128519535064697,0.14289535582065582,0.43438351156416477,1
2026-09-24T12:26:52.212367,S012,S012_A5_Y_20260924_1226,elevated_20,A5,young,class_1,0.6752513647079468,0.46150729060173035,-1.0020205974578857,0.6750708818435669,0.3709098994731903,-0.9279525876045227,0.688103973865509,0.3696877658367157,-0.927862286567688,0.6997815370559692,0.36848634481430054,-0.9282001256942749,0.6212425231933594,0.3742435872554779,-0.9738580584526062,0.5918001532554626,0.3765110969543457,-0.9735163450241089,0.5578441619873047,0.3791281580924988,-0.9741266369819641,0.6717079281806946,0.4005090892314911,-0.5108904838562012,0.4756898880004883,0.4146376848220825,-0.7035277485847473,0.6908146142959595,0.5514742136001587,-0.8436077833175659,0.6296314001083374,0.5600000619888306,-0.8960829973220825,0.8079944849014282,0.8580110669136047,-0.27450042963027954,0.23134557902812958,0.9132747650146484,-0.6417542695999146,0.9324614405632019,1.3655219078063965,-0.18415877223014832,0.1201033741235733,1.458315134048462,-0.6155914664268494,0.8883808255195618,1.77199387550354,-0.5139868259429932,0.2057344615459442,1.8345144987106323,-0.9457491636276245,0.9216166734695435,1.9156749248504639,-0.6309942007064819,0.19063499569892883,1.9763743877410889,-1.0702539682388306,0.8567042350769043,1.9132412672042847,-0.6823660731315613,0.25002095103263855,1.9615298509597778,-1.1526055335998535,0.8333722352981567,1.8558917045593262,-0.5584174394607544,0.2629544734954834,1.9013680219650269,-0.9901224374771118,0.7503853440284729,1.830385684967041,0.003964231349527836,0.3789193034172058,1.8568207025527954,0.0011196706909686327,0.7373703122138977,2.601571798324585,0.11658453941345215,0.395365834236145,2.6367671489715576,0.16811136901378632,0.7386521100997925,3.309767723083496,0.9452802538871765,0.4170713424682617,3.3056907653808594,0.8264954686164856,0.738163411617279,3.4295594692230225,0.9883580207824707,0.4078318178653717,3.4173500537872314,0.8728270530700684,0.7294313907623291,3.5256593227386475,0.3643973171710968,0.4900495111942291,3.5221734046936035,0.14320433139801025,0.4345632329125995,1
2026-09-24T12:26:52.293902,S012,S012_A5_Y_20260924_1226,elevated_20,A5,young,class_1,0.6118038892745972,0.4717002511024475,-0.982171356678009,0.6323269605636597,0.3818318247795105,-0.9130290746688843,0.6507384181022644,0.3810803294181824,-0.9128363728523254,0.668133020401001,0.3806588053703308,-0.9129869341850281,0.5648663640022278,0.3844800591468811,-0.9584023356437683,0.5332133769989014,0.3862765431404114,-0.958202064037323,0.5035304427146912,0.3888506591320038,-0.9589296579360962,0.6691349148750305,0.4124760925769806,-0.5149015188217163,0.4474361836910248,0.42367929220199585,-0.6211242079734802,0.6368345022201538,0.55886310338974,-0.8314379453659058,0.5575445294380188,0.5632358193397522,-0.8906375169754028,0.8079997897148132,0.858036458492279,-0.26970648765563965,0.2374541014432907,0.9135160446166992,-0.5303670763969421,0.9191921353340149,1.3597184419631958,-0.17576493322849274,0.12451903522014618,1.433840036392212,-0.4980432093143463,0.887561023235321,1.7515013217926025,-0.5133833289146423,0.21396252512931824,1.820051908493042,-0.9140205383300781,0.9213659167289734,1.8866573572158813,-0.6325049996376038,0.19667932391166687,1.9647074937820435,-1.047149419784546,0.8586994409561157,1.8838365077972412,-0.7002024054527283,0.2611146867275238,1.9471064805984497,-1.1430778503417969,0.8339236974716187,1.8296656608581543,-0.5663447380065918,0.2778329849243164,1.884613037109375,-0.9555451273918152,0.7497337460517883,1.8093301057815552,0.001824280945584178,0.37852153182029724,1.8361237049102783,0.0035582762211561203,0.7370898127555847,2.57015061378479,0.033561598509550095,0.40171200037002563,2.6028590202331543,0.059766821563243866,0.7422531843185425,3.265697717666626,0.7378446459770203,0.4236946105957031,3.2647993564605713,0.548940122127533,0.7451077699661255,3.3844995498657227,0.7681995630264282,0.4156256318092346,3.3787176609039307,0.5757914781570435,0.7275978922843933,3.481832265853882,0.12993738055229187,0.49114352464675903,3.477311372756958,-0.14458982646465302,0.4357866401830203,1
2026-09-24T12:26:52.417490,S012,S012_A5_Y_20260924_1226,elevated_20,A5,young,class_1,0.5584205389022827,0.47041216492652893,-0.8942772150039673,0.587634801864624,0.38132792711257935,-0.8424991369247437,0.6075941324234009,0.3809463381767273,-0.8420431017875671,0.6282135844230652,0.38042184710502625,-0.8417436480522156,0.5170665979385376,0.38380566239356995,-0.841469943523407,0.48889002203941345,0.38594117760658264,-0.8406287431716919,0.4660049378871918,0.38875246047973633,-0.8409619331359863,0.6515028476715088,0.41488710045814514,-0.5105406045913696,0.43047547340393066,0.42488959431648254,-0.48925548791885376,0.5905975103378296,0.5586345791816711,-0.7703109979629517,0.5078560709953308,0.5622293949127197,-0.7660454511642456,0.8080012202262878,0.8580538630485535,-0.277165025472641,0.23893395066261292,0.9099608659744263,-0.402529776096344,0.9165314435958862,1.3607933521270752,-0.23776881396770477,0.12963883578777313,1.3799625635147095,-0.3407379388809204,0.8804430961608887,1.7495739459991455,-0.5571851134300232,0.208899587392807,1.7732652425765991,-0.7361340522766113,0.9108564257621765,1.8800108432769775,-0.6827413439750671,0.18343718349933624,1.9138609170913696,-0.8649474382400513,0.8485622406005859,1.8706337213516235,-0.7347708940505981,0.24676239490509033,1.8951808214187622,-0.9499179720878601,0.8265347480773926,1.8165340423583984,-0.6044746041297913,0.27097347378730774,1.8363709449768066,-0.7891294360160828,0.7366973757743835,1.787340521812439,-0.01075812615454197,0.3688163459300995,1.8034638166427612,0.01683642901480198,0.7089966535568237,2.5398173332214355,0.04547598212957382,0.38592520356178284,2.5504634380340576,0.056427568197250366,0.7075190544128418,3.2170865535736084,0.7649358510971069,0.399474561214447,3.2078123092651367,0.5642305612564087,0.7144951224327087,3.329138994216919,0.7984339594841003,0.39616042375564575,3.3214802742004395,0.5954157114028931,0.6625713109970093,3.432969331741333,0.17610231041908264,0.451111376285553,3.412226676940918,-0.09706701338291168,0.435713229579657,1
2026-09-24T12:26:52.516040,S012,S012_A5_Y_20260924_1226,elevated_20,A5,young,class_1,0.5341282486915588,0.4680773913860321,-0.8971468806266785,0.5675212144851685,0.38102859258651733,-0.8431357145309448,0.587579071521759,0.3808053731918335,-0.8427101969718933,0.6084004640579224,0.3802396357059479,-0.8424538373947144,0.4941844344139099,0.38321641087532043,-0.8403660655021667,0.46902957558631897,0.3855148255825043,-0.8394490480422974,0.44662418961524963,0.3886858820915222,-0.8397590517997742,0.6414371132850647,0.41629594564437866,-0.5111048221588135,0.4211429953575134,0.42531120777130127,-0.47320908308029175,0.5749818086624146,0.557982861995697,-0.7711118459701538,0.4885583519935608,0.5599374175071716,-0.7666707038879395,0.8084858655929565,0.8598758578300476,-0.31337982416152954,0.23907215893268585,0.9021844267845154,-0.3864939212799072,0.9177194833755493,1.3621143102645874,-0.3269873559474945,0.12937641143798828,1.3701907396316528,-0.4012359082698822,0.8806527853012085,1.7437206506729126,-0.6421898007392883,0.20249056816101074,1.7561691999435425,-0.8786522150039673,0.9111437797546387,1.8706982135772705,-0.7701340913772583,0.17606613039970398,1.8973580598831177,-1.0247533321380615,0.8488847017288208,1.8574621677398682,-0.8150128126144409,0.2420768290758133,1.875360369682312,-1.0965291261672974,0.8266957402229309,1.8049578666687012,-0.6859908699989319,0.26712703704833984,1.817820429801941,-0.9331923723220825,0.7281240224838257,1.779892086982727,-0.023232925683259964,0.36054670810699463,1.7877742052078247,0.029823284596204758,0.6978550553321838,2.531871795654297,-0.010386315174400806,0.3713734447956085,2.5381646156311035,0.061745963990688324,0.6931543350219727,3.209181547164917,0.6560428142547607,0.3817793130874634,3.1992032527923584,0.5315954089164734,0.702415406703949,3.3219001293182373,0.6839084029197693,0.3796854317188263,3.313654661178589,0.556285560131073,0.6353352665901184,3.4257586002349854,0.03668009117245674,0.42703357338905334,3.40605092048645,-0.14509746432304382,0.4349763163961115,1
2026-09-24T12:26:52.604625,S012,S012_A5_Y_20260924_1226,elevated_20,A5,young,class_1,0.5291638970375061,0.46719300746917725,-0.9255998730659485,0.5616602897644043,0.380863755941391,-0.8719140887260437,0.5813221335411072,0.38061100244522095,-0.8715628385543823,0.6015884876251221,0.38024744391441345,-0.8713568449020386,0.4884931445121765,0.38312774896621704,-0.8499435186386108,0.46436724066734314,0.38539883494377136,-0.8485832214355469,0.4422927796840668,0.3886483907699585,-0.8487342596054077,0.6351149082183838,0.4181564748287201,-0.5353403687477112,0.41883713006973267,0.4261811375617981,-0.509570300579071,0.5711321830749512,0.5579230785369873,-0.8010384440422058,0.4850229322910309,0.559196412563324,-0.7693035006523132,0.8089003562927246,0.8638896346092224,-0.3481391966342926,0.23853106796741486,0.9010794758796692,-0.4200174808502197,0.9208226203918457,1.3637397289276123,-0.37097829580307007,0.1212051510810852,1.378332495689392,-0.4336485266685486,0.8818478584289551,1.7436336278915405,-0.702658474445343,0.18716762959957123,1.7635529041290283,-0.9382597804069519,0.9125917553901672,1.8714886903762817,-0.833873450756073,0.1616932451725006,1.904525876045227,-1.081817388534546,0.8491711616516113,1.8590975999832153,-0.8759440183639526,0.229963019490242,1.8825362920761108,-1.1570029258728027,0.8268154263496399,1.8060379028320312,-0.7454336285591125,0.25407856702804565,1.8249701261520386,-0.9920200109481812,0.7227185964584351,1.7829532623291016,-0.03132578730583191,0.35239559412002563,1.7909083366394043,0.0381554551422596,0.6947900652885437,2.537336826324463,-0.007097036577761173,0.3610820174217224,2.5462427139282227,0.06541173160076141,0.6900521516799927,3.217799425125122,0.7048646807670593,0.3720935583114624,3.2078897953033447,0.5786815285682678,0.6997261047363281,3.33268404006958,0.737765908241272,0.3699728846549988,3.323009729385376,0.6080359816551208,0.6311509609222412,3.4348485469818115,0.09355337917804718,0.41807228326797485,3.4172842502593994,-0.0949319452047348,0.43381932947996765,1
2026-09-24T12:26:52.728824,S012,S012_A5_Y_20260924_1226,elevated_20,A5,young,class_1,0.5246900320053101,0.465770423412323,-0.9328834414482117,0.5577365159988403,0.3806958794593811,-0.8789241909980774,0.5778990983963013,0.38048255443573,-0.8785549402236938,0.5978677272796631,0.3801996409893036,-0.8782874941825867,0.4832790493965149,0.38285893201828003,-0.8516423106193542,0.45964425802230835,0.3852859139442444,-0.8505553007125854,0.4379711151123047,0.38857460021972656,-0.850827693939209,0.6319026350975037,0.41990625858306885,-0.5416816473007202,0.4179094731807709,0.42709073424339294,-0.5189083814620972,0.5685736536979675,0.5576225519180298,-0.8086794018745422,0.48122653365135193,0.5582782626152039,-0.776505172252655,0.8098815083503723,0.8647705912590027,-0.3411986231803894,0.23848757147789001,0.9005621075630188,-0.4344101548194885,0.9226840734481812,1.3650656938552856,-0.34774258732795715,0.12118426710367203,1.3717234134674072,-0.4504942297935486,0.8833400011062622,1.744046926498413,-0.6914469003677368,0.18063145875930786,1.7618114948272705,-0.9725696444511414,0.9141205549240112,1.87252938747406,-0.8192980885505676,0.15060226619243622,1.9030059576034546,-1.119346022605896,0.8495017886161804,1.8608180284500122,-0.8730508089065552,0.22241458296775818,1.8852664232254028,-1.1871565580368042,0.8269672393798828,1.8076002597808838,-0.7388171553611755,0.2474193572998047,1.8267666101455688,-1.0232868194580078,0.7229023575782776,1.7849622964859009,-0.029418081045150757,0.35249799489974976,1.7931690216064453,0.03608744591474533,0.6955810785293579,2.5396761894226074,-0.00948140025138855,0.36115214228630066,2.5476760864257812,0.04253087192773819,0.692563533782959,3.2171757221221924,0.6754547357559204,0.37277501821517944,3.2062673568725586,0.4952390193939209,0.70127272605896,3.3323442935943604,0.7059871554374695,0.36981549859046936,3.3218271732330322,0.5175740718841553,0.6370274424552917,3.4354093074798584,0.06987322866916656,0.42265480756759644,3.417412281036377,-0.17398712038993835,0.43389555777723604,1
2026-09-24T12:26:52.835434,S012,S012_A5_Y_20260924_1226,elevated_20,A5,young,class_1,0.5294629335403442,0.4676181375980377,-0.9310391545295715,0.5591250658035278,0.3846241533756256,-0.8779128193855286,0.5786239504814148,0.3849686086177826,-0.8775380849838257,0.5980095267295837,0.38538506627082825,-0.8772374391555786,0.4877658784389496,0.38600829243659973,-0.8577038645744324,0.464277446269989,0.38862115144729614,-0.8567315936088562,0.4430713653564453,0.3921675384044647,-0.8570324182510376,0.6290167570114136,0.4254337549209595,-0.5358142256736755,0.4185763895511627,0.4310173988342285,-0.513794481754303,0.570220410823822,0.5581528544425964,-0.8080693483352661,0.4856182634830475,0.558549702167511,-0.782890796661377,0.8098664283752441,0.8655911684036255,-0.33282271027565,0.23918397724628448,0.9006469249725342,-0.4317353367805481,0.9227533340454102,1.3649119138717651,-0.329524964094162,0.12140394747257233,1.375599980354309,-0.45529070496559143,0.8854118585586548,1.7428230047225952,-0.6539958715438843,0.17140129208564758,1.7651768922805786,-0.9713827967643738,0.9174851179122925,1.8709542751312256,-0.7762099504470825,0.13755054771900177,1.9061920642852783,-1.1157236099243164,0.8523123860359192,1.8613989353179932,-0.8305984735488892,0.2081834077835083,1.8872722387313843,-1.185662031173706,0.8290111422538757,1.808229923248291,-0.700829803943634,0.23467998206615448,1.8280677795410156,-1.022786259651184,0.7232626676559448,1.7861796617507935,-0.029745634645223618,0.3529385030269623,1.7948724031448364,0.036479316651821136,0.6969649791717529,2.5406994819641113,0.0024735715705901384,0.36241599917411804,2.549424409866333,0.04441192373633385,0.6966257691383362,3.215548515319824,0.7079092264175415,0.37431514263153076,3.205634117126465,0.5522660613059998,0.7077458500862122,3.3311455249786377,0.7380367517471313,0.37363556027412415,3.3204638957977295,0.581518292427063,0.6424856185913086,3.4314613342285156,0.09898123145103455,0.4256979823112488,3.4164605140686035,-0.11903111636638641,0.43313268877704325,1
2026-09-24T12:26:52.970268,S012,S012_A5_Y_20260924_1226,elevated_20,A5,young,class_1,0.5323818922042847,0.46783897280693054,-0.9449712634086609,0.5601898431777954,0.38576799631118774,-0.8840055465698242,0.57907634973526,0.38648349046707153,-0.8837319612503052,0.5981086492538452,0.3874152600765228,-0.883531391620636,0.48997560143470764,0.38700321316719055,-0.8711909055709839,0.46645164489746094,0.38992196321487427,-0.8701431155204773,0.44531407952308655,0.3938872218132019,-0.8703635931015015,0.6265548467636108,0.42762497067451477,-0.5332335829734802,0.41886329650878906,0.43337729573249817,-0.5200684666633606,0.571959376335144,0.5581809282302856,-0.8136250376701355,0.4882700443267822,0.5585593581199646,-0.7942545413970947,0.8096972703933716,0.8660823702812195,-0.33173510432243347,0.239515021443367,0.9021693468093872,-0.44383859634399414,0.9230183362960815,1.3612523078918457,-0.3329325020313263,0.12504006922245026,1.3788774013519287,-0.4759683609008789,0.8903395533561707,1.7347396612167358,-0.7067046165466309,0.17049705982208252,1.7679327726364136,-1.03902268409729,0.9230515360832214,1.8632586002349854,-0.8335101008415222,0.1360897719860077,1.9093104600906372,-1.1918960809707642,0.859097957611084,1.8572375774383545,-0.8925570249557495,0.20602738857269287,1.8995026350021362,-1.261598825454712,0.8356451988220215,1.8040021657943726,-0.7566990852355957,0.2318238914012909,1.839067816734314,-1.0900986194610596,0.7266460657119751,1.787174105644226,-0.029726367443799973,0.35735946893692017,1.7960704565048218,0.036415208131074905,0.7090794444084167,2.5417680740356445,-0.003423935966566205,0.37696245312690735,2.5525965690612793,0.04997670650482178,0.7265639305114746,3.2173101902008057,0.7054104208946228,0.4049963057041168,3.2096128463745117,0.5514034032821655,0.7395029664039612,3.3335561752319336,0.7373059988021851,0.40416964888572693,3.3241336345672607,0.5772097110748291,0.6757093667984009,3.432220458984375,0.09519142657518387,0.46093305945396423,3.420307159423828,-0.12311545759439468,0.43236462687248906,1
2026-09-24T12:26:53.069941,S012,S012_A5_Y_20260924_1226,elevated_20,A5,young,class_1,0.5274910926818848,0.46809151768684387,-0.9326279759407043,0.5571584105491638,0.3872835040092468,-0.8771766424179077,0.5770341157913208,0.38832151889801025,-0.8769046068191528,0.5960224866867065,0.3896534740924835,-0.8767107129096985,0.48782283067703247,0.3884073793888092,-0.865730881690979,0.4650267958641052,0.39142486453056335,-0.8647711873054504,0.44442206621170044,0.3952961266040802,-0.865036129951477,0.6260849237442017,0.42985931038856506,-0.529898464679718,0.4193672239780426,0.434364378452301,-0.5086644887924194,0.5695494413375854,0.5581506490707397,-0.8053946495056152,0.4858029782772064,0.5585546493530273,-0.7871761322021484,0.8093090057373047,0.8661657571792603,-0.3274548053741455,0.2414328157901764,0.89998459815979,-0.43316906690597534,0.9191943407058716,1.3613226413726807,-0.3262682557106018,0.12615200877189636,1.3722513914108276,-0.4368670582771301,0.8879262208938599,1.7335906028747559,-0.6836322546005249,0.17043301463127136,1.7614619731903076,-0.922921359539032,0.9203168749809265,1.8610509634017944,-0.8110955953598022,0.13682517409324646,1.9004061222076416,-1.071345329284668,0.8569526672363281,1.8553334474563599,-0.8725482225418091,0.20507697761058807,1.8935524225234985,-1.1441541910171509,0.8334699869155884,1.801906704902649,-0.7343633770942688,0.2305714339017868,1.8343795537948608,-0.9752790331840515,0.7252264618873596,1.7830873727798462,-0.02908315137028694,0.3575231730937958,1.7897894382476807,0.03571715205907822,0.7047681212425232,2.5324630737304688,0.0010856215376406908,0.3763522505760193,2.5402724742889404,0.04496031999588013,0.7195907831192017,3.2071549892425537,0.6993204355239868,0.40053877234458923,3.1984105110168457,0.519541323184967,0.7318227887153625,3.3230836391448975,0.7319532036781311,0.3996945917606354,3.3127312660217285,0.5446034669876099,0.6693352460861206,3.4197380542755127,0.10489970445632935,0.452629953622818,3.4058635234832764,-0.14506720006465912,0.4317793230372968,1
2026-09-24T12:26:53.189500,S012,S012_A5_Y_20260924_1226,elevated_20,A5,young,class_1,0.5286149382591248,0.46888336539268494,-0.9035705327987671,0.5571227073669434,0.3888743817806244,-0.8504731059074402,0.5766316652297974,0.3898482322692871,-0.8501141667366028,0.5953985452651978,0.39112940430641174,-0.8499215841293335,0.48878034949302673,0.3902815282344818,-0.8446606397628784,0.4661219120025635,0.39332035183906555,-0.8437803983688354,0.4457552433013916,0.39708244800567627,-0.8440637588500977,0.6250923871994019,0.431874543428421,-0.5143851637840271,0.42003804445266724,0.4364231824874878,-0.4910668432712555,0.569705069065094,0.5582016706466675,-0.7780954241752625,0.4870389997959137,0.5585657358169556,-0.7659295797348022,0.8076950907707214,0.8658036589622498,-0.3048793077468872,0.24354764819145203,0.8990523815155029,-0.4203523099422455,0.9114437103271484,1.3606470823287964,-0.3238324522972107,0.12862904369831085,1.370521068572998,-0.3956804871559143,0.8816860318183899,1.7307404279708862,-0.6589540243148804,0.17133978009223938,1.75899076461792,-0.8165213465690613,0.9135926961898804,1.856042742729187,-0.7838761210441589,0.13919129967689514,1.8957544565200806,-0.9561607241630554,0.8529389500617981,1.8503551483154297,-0.8433086276054382,0.20663826167583466,1.888860821723938,-1.0301233530044556,0.8290510177612305,1.7980228662490845,-0.7083303332328796,0.23160043358802795,1.830819010734558,-0.8672652244567871,0.7246097922325134,1.776318907737732,-0.028441429138183594,0.35766881704330444,1.783608317375183,0.03508388251066208,0.7022010684013367,2.524183750152588,0.007472786121070385,0.37615567445755005,2.5305445194244385,0.034066345542669296,0.7172961235046387,3.197988986968994,0.7111764550209045,0.4004093110561371,3.1883318424224854,0.5040463209152222,0.7291799783706665,3.313136339187622,0.7442739605903625,0.39913085103034973,3.3015453815460205,0.5297015309333801,0.6691269278526306,3.40788197517395,0.11679936945438385,0.4521876871585846,3.3936119079589844,-0.15746411681175232,0.4318434900830901,1
2026-09-24T12:26:53.328605,S012,S012_A5_Y_20260924_1226,elevated_20,A5,young,class_1,0.530852198600769,0.4677779972553253,-0.873701274394989,0.5585854649543762,0.38868045806884766,-0.8192249536514282,0.5775728225708008,0.3897097408771515,-0.8188813924789429,0.5961870551109314,0.3910483419895172,-0.8187292814254761,0.4904264509677887,0.3902101516723633,-0.8187055587768555,0.46762293577194214,0.3932524621486664,-0.81791752576828,0.44745659828186035,0.39702746272087097,-0.8182281255722046,0.6245478391647339,0.4317203462123871,-0.4844121038913727,0.4207897186279297,0.4365149438381195,-0.47148704528808594,0.5705922245979309,0.5569441318511963,-0.748181939125061,0.4889856278896332,0.5570583343505859,-0.7425217628479004,0.8060925602912903,0.8657779097557068,-0.28010788559913635,0.24633772671222687,0.8975510001182556,-0.40468135476112366,0.9078733325004578,1.3593151569366455,-0.2969297468662262,0.13356980681419373,1.356228232383728,-0.3762645125389099,0.8798880577087402,1.7275959253311157,-0.6464471220970154,0.15865637362003326,1.737194299697876,-0.7958430051803589,0.9114699363708496,1.852251648902893,-0.7691445350646973,0.14076955616474152,1.884732723236084,-0.9324487447738647,0.8518495559692383,1.8461452722549438,-0.8383735418319702,0.20773038268089294,1.8800110816955566,-1.0058149099349976,0.8280096054077148,1.7941210269927979,-0.7025402188301086,0.23234029114246368,1.8219399452209473,-0.8462029695510864,0.7236027121543884,1.7744160890579224,-0.026276379823684692,0.35774850845336914,1.7821954488754272,0.0328076034784317,0.7006654143333435,2.51991868019104,0.023809365928173065,0.37612396478652954,2.5240023136138916,0.032692261040210724,0.7159380912780762,3.1911208629608154,0.7161265015602112,0.4001613259315491,3.17909836769104,0.5053642392158508,0.7274447679519653,3.3049800395965576,0.7490230798721313,0.3984941840171814,3.2914111614227295,0.5318194031715393,0.6692885160446167,3.3999807834625244,0.1411273181438446,0.45221036672592163,3.3819565773010254,-0.14638586342334747,0.431746503716099,1
2026-09-24T12:26:53.491887,S012,S012_A5_Y_20260924_1226,elevated_20,A5,young,class_1,0.5306856036186218,0.46675264835357666,-0.8808900713920593,0.5577379465103149,0.3884783387184143,-0.8248215913772583,0.576654851436615,0.3894614279270172,-0.824492335319519,0.5949355959892273,0.3907855451107025,-0.8243528604507446,0.4897797107696533,0.3901275098323822,-0.828105628490448,0.4671064019203186,0.3932025134563446,-0.8273289799690247,0.44703373312950134,0.39714711904525757,-0.827654242515564,0.6230969429016113,0.43137919902801514,-0.4856955409049988,0.4211900234222412,0.43678492307662964,-0.4837517738342285,0.5704702734947205,0.5555768609046936,-0.7536457777023315,0.48943668603897095,0.5559771656990051,-0.7513291835784912,0.8048107028007507,0.8609010577201843,-0.2810496687889099,0.25082024931907654,0.8928990960121155,-0.41213226318359375,0.9076443910598755,1.3456834554672241,-0.29485347867012024,0.13381285965442657,1.3487309217453003,-0.3889771103858948,0.880152702331543,1.7122066020965576,-0.6431130766868591,0.15883590281009674,1.7297472953796387,-0.8414657711982727,0.9119804501533508,1.8358819484710693,-0.7663453817367554,0.14118264615535736,1.869411587715149,-0.9915426969528198,0.8534077405929565,1.832605004310608,-0.8361829519271851,0.20805732905864716,1.8652393817901611,-1.0571537017822266,0.8294649124145508,1.7814210653305054,-0.6977697014808655,0.2325987070798874,1.8083387613296509,-0.8904951214790344,0.7235555052757263,1.7652084827423096,-0.023836592212319374,0.35994839668273926,1.7743080854415894,0.030207935720682144,0.7008153796195984,2.5091702938079834,0.03114301525056362,0.37875938415527344,2.514521360397339,0.027585024014115334,0.716679573059082,3.180854558944702,0.7209306359291077,0.40263742208480835,3.1688554286956787,0.494368314743042,0.7274543046951294,3.2952511310577393,0.7540930509567261,0.4005886912345886,3.279937982559204,0.5197126269340515,0.671839714050293,3.3872697353363037,0.14275740087032318,0.45579686760902405,3.373079538345337,-0.16003727912902832,0.4316125059944666,1
2026-09-24T12:26:53.650390,S012,S012_A5_Y_20260924_1226,elevated_20,A5,young,class_1,0.5307089686393738,0.46432074904441833,-0.8812333345413208,0.5573276281356812,0.386980265378952,-0.8253792524337769,0.5760713219642639,0.3880091607570648,-0.8250621557235718,0.5940722227096558,0.3894975483417511,-0.8248811960220337,0.4897230267524719,0.389325350522995,-0.8318065404891968,0.46706828474998474,0.3928019106388092,-0.8310579061508179,0.4469718337059021,0.39703989028930664,-0.8314105272293091,0.6215957403182983,0.43049734830856323,-0.48689404129981995,0.4212554395198822,0.4367601275444031,-0.4912395477294922,0.5703362226486206,0.553661048412323,-0.7547492384910583,0.48981696367263794,0.5541800856590271,-0.7552884817123413,0.8036825060844421,0.8596049547195435,-0.28195661306381226,0.2508080303668976,0.8905505537986755,-0.4187832474708557,0.908035159111023,1.3431822061538696,-0.301972895860672,0.13604120910167694,1.3514602184295654,-0.4238661825656891,0.8827007412910461,1.7109665870666504,-0.6706171631813049,0.1616884022951126,1.7340530157089233,-0.9317589998245239,0.9148766398429871,1.8355904817581177,-0.7984979152679443,0.14188149571418762,1.8737812042236328,-1.0878041982650757,0.8561005592346191,1.8323254585266113,-0.8711123466491699,0.2086058109998703,1.868368148803711,-1.1526861190795898,0.8319422006607056,1.7810035943984985,-0.7266080975532532,0.23274239897727966,1.8112308979034424,-0.9815260767936707,0.7236119508743286,1.7624510526657104,-0.021917149424552917,0.3611820340156555,1.7726982831954956,0.028370261192321777,0.700945258140564,2.506032705307007,0.023298438638448715,0.3797374367713928,2.5129482746124268,0.018304215744137764,0.7175107002258301,3.1775472164154053,0.7018834352493286,0.40366119146347046,3.1649816036224365,0.47130608558654785,0.7278719544410706,3.2926244735717773,0.7334610223770142,0.4014076292514801,3.275954008102417,0.49423760175704956,0.6734771728515625,3.3834805488586426,0.11594490706920624,0.4577687680721283,3.370270252227783,-0.18903017044067383,0.43134336992213296,1
2026-09-24T12:26:53.788970,S012,S012_A5_Y_20260924_1226,elevated_20,A5,young,class_1,0.5644038319587708,0.46517470479011536,-1.0121095180511475,0.5767775774002075,0.3867010772228241,-0.9353009462356567,0.5929251909255981,0.3876165449619293,-0.9352760314941406,0.6077125668525696,0.38896244764328003,-0.9354909658432007,0.5170620679855347,0.38865408301353455,-0.9696232676506042,0.4894304871559143,0.39194509387016296,-0.9690901637077332,0.46348118782043457,0.39638853073120117,-0.9695321917533875,0.6217072606086731,0.4282493591308594,-0.506999135017395,0.4221287667751312,0.4367322325706482,-0.6330127716064453,0.5920517444610596,0.5537229776382446,-0.849847674369812,0.5182019472122192,0.5544106960296631,-0.8865548372268677,0.8029775619506836,0.8575521111488342,-0.26327916979789734,0.25066158175468445,0.8969223499298096,-0.5434057116508484,0.9090149998664856,1.3213798999786377,-0.2509578466415405,0.13629336655139923,1.4010818004608154,-0.5329574346542358,0.8895143270492554,1.7040590047836304,-0.6804541945457458,0.17864686250686646,1.7800768613815308,-0.9772504568099976,0.9232395887374878,1.833726167678833,-0.8106974363327026,0.16039909422397614,1.9167660474777222,-1.1266340017318726,0.8658788800239563,1.8336412906646729,-0.8871253728866577,0.22284385561943054,1.9145419597625732,-1.2050869464874268,0.841191291809082,1.7819430828094482,-0.7390932440757751,0.24190299212932587,1.8536654710769653,-1.024989128112793,0.7349065542221069,1.7628061771392822,-0.01856859214603901,0.3769437372684479,1.7841436862945557,0.024608485400676727,0.7258175015449524,2.5067458152770996,0.04323509335517883,0.40206700563430786,2.5285749435424805,0.030948897823691368,0.7468191981315613,3.183865785598755,0.8029903173446655,0.43304234743118286,3.184678792953491,0.560949444770813,0.7536353468894958,3.3027102947235107,0.8401696085929871,0.4284294545650482,3.2981464862823486,0.5905669331550598,0.7217018008232117,3.3867242336273193,0.1959402710199356,0.49804478883743286,3.388965606689453,-0.13785438239574432,0.43035256083627854,1
2026-09-24T12:26:53.942806,S012,S012_A5_Y_20260924_1226,elevated_20,A5,young,class_1,0.6358059048652649,0.46373969316482544,-0.8353039622306824,0.6293611526489258,0.3843000531196594,-0.7671815156936646,0.6392807960510254,0.3844297230243683,-0.7669516801834106,0.6485637426376343,0.3848443329334259,-0.7670468091964722,0.585166335105896,0.38581785559654236,-0.8295832872390747,0.5605273842811584,0.3878365159034729,-0.8293147087097168,0.5321552753448486,0.39026641845703125,-0.8298710584640503,0.6245819926261902,0.41853904724121094,-0.41543737053871155,0.4513619840145111,0.4291692078113556,-0.6261492371559143,0.6471402645111084,0.5482527017593384,-0.7038357853889465,0.5908392667770386,0.5513513684272766,-0.7801069021224976,0.79546058177948,0.8535686135292053,-0.19390085339546204,0.24893049895763397,0.8981359601020813,-0.6025584936141968,0.9016695022583008,1.3237814903259277,-0.0705779567360878,0.13613548874855042,1.4093247652053833,-0.5692991018295288,0.8780689239501953,1.7053372859954834,-0.34503084421157837,0.19436553120613098,1.7908366918563843,-0.869949996471405,0.9136249423027039,1.8340458869934082,-0.437356561422348,0.17632165551185608,1.927996277809143,-0.9765484929084778,0.8583488464355469,1.83431875705719,-0.49550503492355347,0.2352498471736908,1.9241119623184204,-1.0518345832824707,0.8334086537361145,1.7827523946762085,-0.39186859130859375,0.2507404088973999,1.8643345832824707,-0.909934401512146,0.7347808480262756,1.763663411140442,0.011643810197710991,0.37655460834503174,1.7907029390335083,-0.0060332780703902245,0.7258238196372986,2.5096819400787354,0.09333799034357071,0.4039513170719147,2.548346519470215,0.023366263136267662,0.7445405721664429,3.1951467990875244,0.8847042918205261,0.4292380213737488,3.2067816257476807,0.5701632499694824,0.7509223222732544,3.314655303955078,0.9234570264816284,0.4272127151489258,3.3190553188323975,0.6031179428100586,0.7449617981910706,3.3909645080566406,0.3370301127433777,0.5012652277946472,3.4014201164245605,-0.10331284999847412,0.43102761760675284,1
2026-09-24T12:26:54.079378,S012,S012_A5_Y_20260924_1226,elevated_20,A5,young,class_1,0.6658206582069397,0.46373608708381653,-0.7899580597877502,0.660187304019928,0.3841725289821625,-0.7295894622802734,0.6700586676597595,0.38425666093826294,-0.7291633486747742,0.6789832711219788,0.38462841510772705,-0.7291940450668335,0.6150227785110474,0.38571688532829285,-0.7872336506843567,0.5902904272079468,0.38764244318008423,-0.7868024110794067,0.5613356828689575,0.3897642493247986,-0.7872124910354614,0.6449236273765564,0.4180803596973419,-0.40162092447280884,0.47179532051086426,0.4272233247756958,-0.6229265928268433,0.6755832433700562,0.5482103824615479,-0.6660253405570984,0.6204000115394592,0.551758885383606,-0.7372624278068542,0.7956341505050659,0.8539906740188599,-0.1915246695280075,0.24585306644439697,0.8988305926322937,-0.5736579895019531,0.8978812098503113,1.3263068199157715,0.026406463235616684,0.13533872365951538,1.4071786403656006,-0.5229851007461548,0.8742256164550781,1.7111964225769043,-0.07572042942047119,0.2064252644777298,1.7905066013336182,-0.6683681011199951,0.9105695486068726,1.8352563381195068,-0.14254054427146912,0.1894288957118988,1.9288920164108276,-0.7472566366195679,0.8576809763908386,1.8345078229904175,-0.19202405214309692,0.2473599910736084,1.9222759008407593,-0.8190741539001465,0.8317015767097473,1.7854381799697876,-0.11331988871097565,0.2625795006752014,1.8627222776412964,-0.7049555778503418,0.7330294251441956,1.7648200988769531,0.01173414010554552,0.3695947527885437,1.7940257787704468,-0.006209449376910925,0.7210602760314941,2.5124359130859375,0.07098464667797089,0.3986247181892395,2.5569472312927246,0.08111653476953506,0.7356767654418945,3.1991283893585205,0.8391925096511841,0.4218706488609314,3.208139657974243,0.7278088331222534,0.7339397668838501,3.3153226375579834,0.8709232211112976,0.4218479096889496,3.3189384937286377,0.7721500396728516,0.7349269390106201,3.400402784347534,0.30028918385505676,0.4875836968421936,3.404590606689453,0.09323488920927048,0.432620172992949,1
2026-09-24T12:26:54.230606,S012,S012_A5_Y_20260924_1226,elevated_20,A5,young,class_1,0.6664966344833374,0.46598684787750244,-0.7741973996162415,0.6633080840110779,0.38498592376708984,-0.716117799282074,0.6740180850028992,0.38505882024765015,-0.7156811952590942,0.6835222244262695,0.3854251205921173,-0.7157773375511169,0.6172223091125488,0.38632091879844666,-0.7711368799209595,0.5932668447494507,0.3879488408565521,-0.7706642150878906,0.5653640031814575,0.389822393655777,-0.7710469961166382,0.6511913537979126,0.41834723949432373,-0.39219117164611816,0.47794193029403687,0.42692381143569946,-0.6166185736656189,0.6775811314582825,0.5487702488899231,-0.6507691144943237,0.6199730038642883,0.5532432198524475,-0.7180155515670776,0.7957027554512024,0.856141209602356,-0.193561851978302,0.24479477107524872,0.8988330364227295,-0.5584956407546997,0.8941522836685181,1.3268322944641113,0.02180567756295204,0.13529223203659058,1.4061816930770874,-0.5050016641616821,0.8692774772644043,1.7149502038955688,-0.08083589375019073,0.20981383323669434,1.7897262573242188,-0.6697022914886475,0.9042840003967285,1.836832046508789,-0.1499861776828766,0.1920383721590042,1.9283596277236938,-0.7551448941230774,0.8543177843093872,1.8356667757034302,-0.2009078562259674,0.249912828207016,1.9199763536453247,-0.8282502293586731,0.8284465074539185,1.7888882160186768,-0.11831098794937134,0.265331506729126,1.8611427545547485,-0.7078643441200256,0.7288166284561157,1.770645022392273,0.009941520169377327,0.36679741740226746,1.799734354019165,-0.004351719748228788,0.7182472944259644,2.5151350498199463,0.06828619539737701,0.3981834352016449,2.5604052543640137,0.09487470984458923,0.7314549684524536,3.2038583755493164,0.8265511393547058,0.42153048515319824,3.2105820178985596,0.7337552309036255,0.7251933813095093,3.317000150680542,0.8609392046928406,0.42125892639160156,3.3193838596343994,0.7780386209487915,0.7297848463058472,3.406022787094116,0.28475067019462585,0.4855569303035736,3.4060163497924805,0.10589221864938736,0.4340357803387936,1
2026-09-24T12:26:54.382126,S012,S012_A5_Y_20260924_1226,elevated_20,A5,young,class_1,0.6720135807991028,0.4683871269226074,-0.7767971158027649,0.6679635643959045,0.3855675458908081,-0.720608651638031,0.6783422231674194,0.3855932950973511,-0.7201692461967468,0.687690258026123,0.38588947057724,-0.7202481031417847,0.6230970621109009,0.38689035177230835,-0.7741571068763733,0.5999349355697632,0.38838526606559753,-0.7736295461654663,0.5727206468582153,0.3900591731071472,-0.7740068435668945,0.6549339294433594,0.4183720648288727,-0.4009227156639099,0.4815759062767029,0.4268537759780884,-0.62747722864151,0.6824194192886353,0.5500790476799011,-0.6543086767196655,0.6254864931106567,0.556057870388031,-0.7193595170974731,0.7960537672042847,0.8585430979728699,-0.20097652077674866,0.24228501319885254,0.8988817930221558,-0.5681267976760864,0.8946700096130371,1.327937364578247,0.0005158159183338284,0.13478001952171326,1.4053412675857544,-0.5014356374740601,0.8698264360427856,1.7199950218200684,-0.14108583331108093,0.20870280265808105,1.7894994020462036,-0.6982458829879761,0.9047042727470398,1.8417260646820068,-0.22044265270233154,0.19099989533424377,1.9292075634002686,-0.7912615537643433,0.8543194532394409,1.8398009538650513,-0.2741147577762604,0.24884769320487976,1.9197407960891724,-0.8713493347167969,0.8284029960632324,1.7937583923339844,-0.1814592480659485,0.26406022906303406,1.8607466220855713,-0.7409727573394775,0.7276796102523804,1.7798042297363281,0.008917300030589104,0.3648572862148285,1.8064485788345337,-0.003327832091599703,0.7137753367424011,2.5231223106384277,0.07788403332233429,0.39156603813171387,2.5672338008880615,0.09230402112007141,0.7257272005081177,3.2109901905059814,0.8624240159988403,0.412172794342041,3.2136752605438232,0.7291498780250549,0.7176312208175659,3.3235831260681152,0.9012913703918457,0.4118425250053406,3.320448875427246,0.7725932002067566,0.7263142466545105,3.4135231971740723,0.32243722677230835,0.47357043623924255,3.4106204509735107,0.09308160841464996,0.43497686768695887,1
2026-09-24T12:26:54.532608,S012,S012_A5_Y_20260924_1226,elevated_20,A5,young,class_1,0.670158326625824,0.4727269113063812,-0.7559450268745422,0.6661095023155212,0.3869892358779907,-0.6993916630744934,0.676509439945221,0.3868180215358734,-0.6989848613739014,0.6859433650970459,0.38689368963241577,-0.699184775352478,0.6208714842796326,0.38828808069229126,-0.7544102072715759,0.5972012281417847,0.3894636332988739,-0.7539278268814087,0.5692566633224487,0.39083242416381836,-0.7543370127677917,0.6545542478561401,0.4185141324996948,-0.3775682747364044,0.4804494380950928,0.42687997221946716,-0.6189414262771606,0.6799962520599365,0.5523556470870972,-0.6325454115867615,0.6232609152793884,0.5593907237052917,-0.6993017196655273,0.7948641777038574,0.8598005771636963,-0.18303930759429932,0.2408548891544342,0.8984420895576477,-0.5587108731269836,0.8905166387557983,1.3285503387451172,0.029249072074890137,0.13300181925296783,1.3999477624893188,-0.5011938810348511,0.8689438104629517,1.721152663230896,-0.09294590353965759,0.19941222667694092,1.7893403768539429,-0.6999887228012085,0.9041360020637512,1.8428895473480225,-0.1614246517419815,0.17585067451000214,1.9304758310317993,-0.788868248462677,0.8541215658187866,1.8410887718200684,-0.22048088908195496,0.2338370978832245,1.9217724800109863,-0.8677178621292114,0.8281780481338501,1.7956092357635498,-0.13381147384643555,0.2510659992694855,1.8624980449676514,-0.7416396737098694,0.7261222004890442,1.7862186431884766,0.008530802093446255,0.3636506199836731,1.811363697052002,-0.003074455773457885,0.7104564905166626,2.5288259983062744,0.079605333507061,0.38787221908569336,2.570817232131958,0.08276040852069855,0.7205377817153931,3.2182891368865967,0.8605300188064575,0.40488895773887634,3.2184760570526123,0.7064927816390991,0.7118692994117737,3.3298115730285645,0.8993644714355469,0.4024451673030853,3.3233256340026855,0.7443310022354126,0.7240654826164246,3.4209556579589844,0.32760635018348694,0.4670040011405945,3.416992664337158,0.0548427514731884,0.4355849539433345,1
2026-09-24T12:26:54.659771,S012,S012_A5_Y_20260924_1226,elevated_20,A5,young,class_1,0.6674092411994934,0.483959823846817,-0.7793687582015991,0.6638742685317993,0.3925141394138336,-0.7216853499412537,0.674362301826477,0.39209944009780884,-0.7213009595870972,0.6839272379875183,0.39176151156425476,-0.7214417457580566,0.6177756190299988,0.39305245876312256,-0.7689881324768066,0.5933573246002197,0.3931770622730255,-0.7684585452079773,0.5646919012069702,0.3935451805591583,-0.7688611149787903,0.6539081931114197,0.42019012570381165,-0.39115211367607117,0.4782330095767975,0.4269655644893646,-0.6186801195144653,0.676533043384552,0.5601519346237183,-0.6529675722122192,0.6194115877151489,0.5689631700515747,-0.7107816934585571,0.7932711839675903,0.8610488772392273,-0.18691851198673248,0.23549005389213562,0.8989523649215698,-0.5546723008155823,0.8911135792732239,1.3297759294509888,-0.020461488515138626,0.1321403533220291,1.3991492986679077,-0.49893537163734436,0.8691881895065308,1.721311330795288,-0.19549152255058289,0.17863419651985168,1.7807866334915161,-0.725368857383728,0.9047361612319946,1.843183159828186,-0.2765013575553894,0.16706474125385284,1.9359465837478638,-0.8187147378921509,0.8556046485900879,1.8413182497024536,-0.3289063572883606,0.22320611774921417,1.9259583950042725,-0.8993841409683228,0.829304575920105,1.7965017557144165,-0.23540239036083221,0.24219560623168945,1.8679043054580688,-0.7685456275939941,0.7250919938087463,1.7882159948349,0.0038260805886238813,0.3633880317211151,1.8127028942108154,0.0013222795678302646,0.7070226073265076,2.5311827659606934,0.08047918975353241,0.3828257918357849,2.5715107917785645,0.128546342253685,0.7136276960372925,3.219604730606079,0.8674311637878418,0.4017102122306824,3.21882700920105,0.7823759317398071,0.7056835889816284,3.3299574851989746,0.9081441164016724,0.3987887501716614,3.3232080936431885,0.8291715383529663,0.7198879718780518,3.4230663776397705,0.3338446617126465,0.46415942907333374,3.418704032897949,0.1513800173997879,0.4366648676922606,1
2026-09-24T12:26:54.781205,S012,S012_A5_Y_20260924_1226,elevated_20,A5,young,class_1,0.6635053157806396,0.4857581853866577,-0.8036110997200012,0.6615501642227173,0.3943270146846771,-0.7465389370918274,0.6723223924636841,0.39401620626449585,-0.7460641860961914,0.6821592450141907,0.3937545120716095,-0.7462644577026367,0.6145010590553284,0.39441412687301636,-0.8004600405693054,0.5897188782691956,0.3941411077976227,-0.8000062108039856,0.5607923269271851,0.3940788507461548,-0.8004538416862488,0.6535840034484863,0.4213026762008667,-0.39350301027297974,0.47655829787254333,0.426836222410202,-0.6286391019821167,0.6731733679771423,0.561436653137207,-0.665884792804718,0.6153605580329895,0.5700247287750244,-0.7331268191337585,0.7921668291091919,0.8610905408859253,-0.19653701782226562,0.2353883981704712,0.8976708054542542,-0.5561266541481018,0.8890584111213684,1.330320119857788,-0.07457585632801056,0.13036704063415527,1.3986358642578125,-0.5598178505897522,0.8674936294555664,1.723947286605835,-0.31835728883743286,0.17916445434093475,1.7848410606384277,-0.8761997222900391,0.9035069346427917,1.849453330039978,-0.40925270318984985,0.16587120294570923,1.9378936290740967,-0.9792628288269043,0.853878378868103,1.8479093313217163,-0.4552610516548157,0.22257156670093536,1.926835536956787,-1.0572174787521362,0.8271172642707825,1.802930235862732,-0.3560759723186493,0.24166151881217957,1.8686938285827637,-0.9191218614578247,0.7250885367393494,1.7896445989608765,0.003184753004461527,0.36296242475509644,1.8135305643081665,0.0019056284800171852,0.7062239646911621,2.5340769290924072,0.09844264388084412,0.37686723470687866,2.572801351547241,0.19150282442569733,0.7088574171066284,3.222187042236328,0.9040474891662598,0.391347199678421,3.2195322513580322,0.9011777639389038,0.7019484639167786,3.3323874473571777,0.9461218118667603,0.3866526186466217,3.323512077331543,0.9545419812202454,0.7118714451789856,3.429640293121338,0.3520370423793793,0.4568311274051666,3.424217700958252,0.260154664516449,0.4377500477200528,1
2026-09-24T12:26:54.926832,S012,S012_A5_Y_20260924_1226,elevated_20,A5,young,class_1,0.6599774360656738,0.48650452494621277,-0.8140671849250793,0.6593714952468872,0.3950301706790924,-0.7546955347061157,0.6704483032226562,0.39479634165763855,-0.7542421817779541,0.6805944442749023,0.3945735991001129,-0.7544545531272888,0.6114559769630432,0.39468735456466675,-0.8107889294624329,0.586337685585022,0.39421528577804565,-0.8102802038192749,0.5574222803115845,0.3940795063972473,-0.8106963038444519,0.6533681154251099,0.42146462202072144,-0.40035805106163025,0.4764249324798584,0.42619600892066956,-0.6255066990852356,0.6704667806625366,0.5620258450508118,-0.6687940359115601,0.6117153167724609,0.5706044435501099,-0.7405720949172974,0.791144073009491,0.8602414727210999,-0.20468416810035706,0.23089496791362762,0.8979055881500244,-0.5545241832733154,0.8895516395568848,1.3296879529953003,-0.10500828176736832,0.1294444352388382,1.3992533683776855,-0.5438092350959778,0.8677676320075989,1.7239794731140137,-0.35841232538223267,0.17961058020591736,1.7923123836517334,-0.8536421656608582,0.9036926031112671,1.849674105644226,-0.45516952872276306,0.1649855524301529,1.9412100315093994,-0.959363579750061,0.853809654712677,1.84835946559906,-0.49793773889541626,0.22151510417461395,1.9288744926452637,-1.0355236530303955,0.8270264863967896,1.8035203218460083,-0.395852655172348,0.24066317081451416,1.8711297512054443,-0.8968267440795898,0.7263044118881226,1.789446234703064,-0.005363276693969965,0.3640078008174896,1.8135170936584473,0.010466890409588814,0.7089887857437134,2.5341832637786865,0.09635331481695175,0.3788084089756012,2.5733463764190674,0.2026902139186859,0.7120270133018494,3.222588539123535,0.9015854001045227,0.39796245098114014,3.222435712814331,0.890586256980896,0.7057791948318481,3.3325281143188477,0.9437766075134277,0.39234182238578796,3.326333522796631,0.942393958568573,0.7136638760566711,3.431973457336426,0.34622281789779663,0.46623674035072327,3.4305121898651123,0.24839825928211212,0.4388284157639921,1
2026-09-24T12:26:55.074123,S012,S012_A5_Y_20260924_1226,elevated_20,A5,young,class_1,0.6589154005050659,0.4853856861591339,-0.800745964050293,0.6553297638893127,0.39436548948287964,-0.7406835556030273,0.6652446389198303,0.39391767978668213,-0.7403229475021362,0.6748434901237488,0.39344140887260437,-0.7405678629875183,0.6109768748283386,0.39409348368644714,-0.7932239770889282,0.5854601860046387,0.39354264736175537,-0.7926682233810425,0.5552867650985718,0.39348432421684265,-0.7930960655212402,0.6446239352226257,0.4193698465824127,-0.3885069787502289,0.4690670967102051,0.4252842366695404,-0.6048511862754822,0.669080376625061,0.560991108417511,-0.6624853014945984,0.611007034778595,0.5689189434051514,-0.7261286377906799,0.7900570631027222,0.8607428073883057,-0.20618167519569397,0.22827179729938507,0.9036769866943359,-0.5309305191040039,0.8866442441940308,1.3299486637115479,-0.06479434669017792,0.13624295592308044,1.4061486721038818,-0.46725329756736755,0.8667130470275879,1.727329134941101,-0.22415173053741455,0.1919632852077484,1.7950471639633179,-0.6954562664031982,0.9021533131599426,1.8539817333221436,-0.30114564299583435,0.17501172423362732,1.9407596588134766,-0.7802906632423401,0.8529415130615234,1.853898286819458,-0.3476896584033966,0.2269332855939865,1.9284147024154663,-0.8612507581710815,0.826663613319397,1.8089169263839722,-0.25987616181373596,0.2450483739376068,1.8708640336990356,-0.7373006939888,0.726328432559967,1.7928897142410278,-0.013981657102704048,0.3652938902378082,1.8201457262039185,0.018860546872019768,0.71152663230896,2.5372045040130615,0.08292990922927856,0.3825167715549469,2.577862024307251,0.1781950742006302,0.7157248258590698,3.224665403366089,0.8998185992240906,0.40379780530929565,3.2303242683410645,0.826974093914032,0.7102541327476501,3.3328890800476074,0.9399641752243042,0.3979014754295349,3.3344197273254395,0.8739428520202637,0.7167476415634155,3.436660051345825,0.3322775363922119,0.47062763571739197,3.435375452041626,0.1918472945690155,0.43877054369896185,1
2026-09-24T12:26:55.246340,S012,S012_A5_Y_20260924_1226,elevated_20,A5,young,class_1,0.5994153618812561,0.4851263463497162,-0.8057589530944824,0.6116995215415955,0.39523255825042725,-0.745590329170227,0.6266465783119202,0.3950341045856476,-0.7452307343482971,0.6398699879646301,0.39483943581581116,-0.7453269958496094,0.5581990480422974,0.3948630690574646,-0.7910369634628296,0.5320836305618286,0.39478015899658203,-0.790341854095459,0.5060161352157593,0.39565762877464294,-0.7906969785690308,0.6345027685165405,0.4228784441947937,-0.39352062344551086,0.4471849799156189,0.42976877093315125,-0.4995392858982086,0.6202951669692993,0.5623706579208374,-0.6656270623207092,0.5521886944770813,0.5688138604164124,-0.7193946242332458,0.788620114326477,0.8607271313667297,-0.20832529664039612,0.2284024953842163,0.9009588956832886,-0.43359559774398804,0.8783494234085083,1.3301198482513428,-0.20006051659584045,0.142324760556221,1.3878440856933594,-0.48802679777145386,0.8604747653007507,1.7104345560073853,-0.5476458668708801,0.1922021210193634,1.7521235942840576,-1.0341405868530273,0.8952533006668091,1.8364250659942627,-0.6703129410743713,0.17098352313041687,1.8872190713882446,-1.1847107410430908,0.8447229266166687,1.8307005167007446,-0.7341698408126831,0.2264794558286667,1.8694449663162231,-1.247841477394104,0.8185616731643677,1.7839102745056152,-0.599056601524353,0.24531832337379456,1.8132673501968384,-1.0818049907684326,0.7154307961463928,1.774685263633728,-0.013782245106995106,0.3564491868019104,1.7929213047027588,0.018751583993434906,0.6959842443466187,2.5118629932403564,0.05317751318216324,0.37218207120895386,2.530409336090088,0.06927186995744705,0.6976547837257385,3.186323404312134,0.7372967600822449,0.3815113604068756,3.1779022216796875,0.5280336141586304,0.6972402930259705,3.2965340614318848,0.7671502828598022,0.3732834756374359,3.2874114513397217,0.5535062551498413,0.6752012968063354,3.3941547870635986,0.16702137887477875,0.4399645924568176,3.3781228065490723,-0.1262906938791275,0.4388130777132932,1
2026-09-24T12:26:55.399932,S012,S012_A5_Y_20260924_1226,elevated_20,A5,young,class_1,0.561566174030304,0.4861051142215729,-0.9189358949661255,0.5798047184944153,0.39793816208839417,-0.8569381833076477,0.5971726775169373,0.39834630489349365,-0.8567690849304199,0.6144696474075317,0.399071604013443,-0.857021152973175,0.5204304456710815,0.39698702096939087,-0.8615645170211792,0.49542245268821716,0.39724254608154297,-0.8606656789779663,0.473364919424057,0.39873620867729187,-0.8609275817871094,0.6271608471870422,0.43090957403182983,-0.4614982604980469,0.4353777766227722,0.4337145686149597,-0.48313236236572266,0.5899539589881897,0.5648481845855713,-0.7721433043479919,0.5143461227416992,0.5691641569137573,-0.7716937065124512,0.7885279655456543,0.8615592122077942,-0.27025145292282104,0.24107477068901062,0.8866576552391052,-0.3701861798763275,0.8868635892868042,1.3304288387298584,-0.41832128167152405,0.14467138051986694,1.38787841796875,-0.603530764579773,0.8664172887802124,1.6955305337905884,-0.9160239100456238,0.17504839599132538,1.6159793138504028,-1.5034737586975098,0.9004672765731812,1.818674087524414,-1.072344422340393,0.14702445268630981,1.7062702178955078,-1.6997668743133545,0.8454041481018066,1.8028534650802612,-1.1264351606369019,0.19297640025615692,1.6528476476669312,-1.775780439376831,0.8194239735603333,1.7579138278961182,-0.9664129018783569,0.21564200520515442,1.6194957494735718,-1.5648974180221558,0.7071768045425415,1.761697769165039,-0.026605164632201195,0.35147273540496826,1.7701456546783447,0.03227093070745468,0.6898748278617859,2.5049374103546143,-0.04941467195749283,0.3623903691768646,2.512875556945801,0.07805448770523071,0.6872084140777588,3.18220591545105,0.5643552541732788,0.3672771751880646,3.170346260070801,0.5532280206680298,0.6917261481285095,3.2906908988952637,0.5825669169425964,0.3591001331806183,3.275362968444824,0.5789626836776733,0.6425390839576721,3.3869786262512207,-0.09853176027536392,0.4213469922542572,3.378385066986084,-0.15407568216323853,0.43992557416555483,1
2026-09-24T12:26:55.514713,S012,S012_A5_Y_20260924_1226,elevated_20,A5,young,class_1,0.5389190912246704,0.4808977246284485,-0.9115414619445801,0.562723696231842,0.395649790763855,-0.8534113764762878,0.5808411240577698,0.39606279134750366,-0.8530550003051758,0.5997985601425171,0.3971075117588043,-0.8530615568161011,0.4994553029537201,0.39654600620269775,-0.8571014404296875,0.4763060510158539,0.3972278833389282,-0.856234073638916,0.4561709463596344,0.3991817831993103,-0.856446385383606,0.6242969036102295,0.43080875277519226,-0.48072710633277893,0.4278163015842438,0.436104953289032,-0.4794672131538391,0.5737025737762451,0.5623528957366943,-0.7733970880508423,0.4975816309452057,0.5660454034805298,-0.7708309888839722,0.7885457277297974,0.860752522945404,-0.2797970175743103,0.2505020201206207,0.8760898113250732,-0.38729700446128845,0.8870905637741089,1.3303083181381226,-0.3811756372451782,0.16262248158454895,1.3753772974014282,-0.5764142274856567,0.8659381866455078,1.6881581544876099,-0.8338691592216492,0.18089325726032257,1.6599254608154297,-1.274224042892456,0.8988351821899414,1.8116493225097656,-0.9786642789840698,0.1479407101869583,1.7739208936691284,-1.4472182989120483,0.8411195874214172,1.7992932796478271,-1.0376240015029907,0.19458705186843872,1.738906741142273,-1.52205491065979,0.8164925575256348,1.7513567209243774,-0.8851725459098816,0.22245316207408905,1.6946393251419067,-1.3317793607711792,0.7015695571899414,1.7503606081008911,-0.025846848264336586,0.34641751646995544,1.7505120038986206,0.03167327865958214,0.6782280206680298,2.492063283920288,-0.04552915692329407,0.3578670620918274,2.4899861812591553,0.07355013489723206,0.6714184880256653,3.1586008071899414,0.6369107961654663,0.35362353920936584,3.1436338424682617,0.575671374797821,0.6763874292373657,3.269336462020874,0.6617042422294617,0.3454924523830414,3.252307653427124,0.6046150922775269,0.6258188486099243,3.3595869541168213,0.04175573214888573,0.40195411443710327,3.3492205142974854,-0.10776369273662567,0.44052724982124014,1
2026-09-24T12:26:55.645698,S012,S012_A5_Y_20260924_1226,elevated_20,A5,young,class_1,0.5314574837684631,0.4758034944534302,-0.932816207408905,0.556717574596405,0.3939748704433441,-0.8733340501785278,0.5749930143356323,0.3946571946144104,-0.8729580044746399,0.5938721895217896,0.3960082232952118,-0.8728548288345337,0.49152979254722595,0.39551642537117004,-0.8774115443229675,0.4689061641693115,0.3968733847141266,-0.8765896558761597,0.44863826036453247,0.39917251467704773,-0.8768352270126343,0.6216643452644348,0.4308774769306183,-0.5000876188278198,0.42263779044151306,0.43654632568359375,-0.49862924218177795,0.5687052011489868,0.5599948763847351,-0.7941679954528809,0.4914763569831848,0.5624958872795105,-0.7929650545120239,0.7885850667953491,0.8607393503189087,-0.2801140546798706,0.2498103380203247,0.8759486675262451,-0.4116855263710022,0.8831948041915894,1.3305702209472656,-0.32133328914642334,0.16924266517162323,1.3705542087554932,-0.5628166794776917,0.8607912063598633,1.6846352815628052,-0.7233704328536987,0.19637322425842285,1.6784522533416748,-1.198391079902649,0.8919383883476257,1.8083300590515137,-0.8519454002380371,0.1628236621618271,1.800931692123413,-1.364941120147705,0.8352896571159363,1.7984167337417603,-0.9183786511421204,0.21619462966918945,1.7737685441970825,-1.432466983795166,0.8118833303451538,1.7484158277511597,-0.7758429646492004,0.24286237359046936,1.724865436553955,-1.2507286071777344,0.7005331516265869,1.749603271484375,-0.023845180869102478,0.34533464908599854,1.750679612159729,0.02995295450091362,0.6765949726104736,2.48498272895813,0.012572035193443298,0.3567029535770416,2.482146739959717,0.04741612821817398,0.672396183013916,3.143662929534912,0.6994829177856445,0.35435712337493896,3.1266725063323975,0.5464718341827393,0.6771372556686401,3.2555253505706787,0.7312150001525879,0.34688010811805725,3.236571788787842,0.5742491483688354,0.6304422616958618,3.345688581466675,0.11193114519119263,0.4049014449119568,3.3286993503570557,-0.12127938121557236,0.44013239080612204,1
2026-09-24T12:26:55.767235,S012,S012_A5_Y_20260924_1226,elevated_20,A5,young,class_1,0.5294514298439026,0.4748937487602234,-0.8942155838012695,0.5539687871932983,0.39367860555648804,-0.8405994176864624,0.5716668963432312,0.3943641781806946,-0.8400512933731079,0.590079665184021,0.395755410194397,-0.8397641181945801,0.4893730580806732,0.3954821228981018,-0.8305305242538452,0.46706900000572205,0.3970443308353424,-0.8296344876289368,0.4470219016075134,0.39977890253067017,-0.8298031687736511,0.6190464496612549,0.431428462266922,-0.4912368357181549,0.4209105968475342,0.4385925531387329,-0.4571503698825836,0.566664457321167,0.5594199895858765,-0.7665788531303406,0.48987260460853577,0.5614836812019348,-0.7482246160507202,0.789046049118042,0.860913872718811,-0.27553385496139526,0.24931776523590088,0.8761035799980164,-0.38964948058128357,0.8832844495773315,1.330490231513977,-0.3076901137828827,0.1766814887523651,1.3669320344924927,-0.559221088886261,0.8589228391647339,1.6835166215896606,-0.6800147294998169,0.20562496781349182,1.685647964477539,-1.1943845748901367,0.8893143534660339,1.8074843883514404,-0.8041679263114929,0.1701304167509079,1.811410665512085,-1.3577474355697632,0.8327367901802063,1.7975528240203857,-0.861538290977478,0.22616009414196014,1.787415862083435,-1.4186850786209106,0.8099503517150879,1.7474969625473022,-0.7279830574989319,0.2533308267593384,1.7359821796417236,-1.2450098991394043,0.6999987363815308,1.749767780303955,-0.023855457082390785,0.34428197145462036,1.751092553138733,0.030041325837373734,0.674079179763794,2.484729528427124,0.014139140956103802,0.35504186153411865,2.4815361499786377,0.0504063256084919,0.6678617596626282,3.141779899597168,0.7218276262283325,0.35375186800956726,3.124600648880005,0.5363925695419312,0.6726707220077515,3.251706838607788,0.7546949982643127,0.34613341093063354,3.2339463233947754,0.5638635754585266,0.6254542469978333,3.344237804412842,0.1369161307811737,0.4048716127872467,3.326108694076538,-0.11931385099887848,0.4406573566175487,1
2026-09-24T12:26:55.876801,S012,S012_A5_Y_20260924_1226,elevated_20,A5,young,class_1,0.5261661410331726,0.47479522228240967,-0.995799720287323,0.5505023002624512,0.39372318983078003,-0.9342535138130188,0.5680309534072876,0.3944339454174042,-0.9339340329170227,0.58515465259552,0.3958047032356262,-0.9337815046310425,0.4872066080570221,0.39573344588279724,-0.9358552694320679,0.4649842381477356,0.39759689569473267,-0.9350470304489136,0.444974422454834,0.400459885597229,-0.9353035688400269,0.6148470640182495,0.43300291895866394,-0.5395807027816772,0.41980060935020447,0.44001367688179016,-0.5192704796791077,0.563369631767273,0.5593768358230591,-0.8486733436584473,0.48739227652549744,0.5612196326255798,-0.8450058102607727,0.7885748147964478,0.8599062561988831,-0.28589847683906555,0.24898657202720642,0.874523937702179,-0.3935343623161316,0.8838112950325012,1.3268014192581177,-0.3453370928764343,0.17373988032341003,1.3602644205093384,-0.5830243229866028,0.8590497970581055,1.6810258626937866,-0.829450786113739,0.2049485146999359,1.6816283464431763,-1.3299838304519653,0.8890716433525085,1.807045578956604,-0.9724349975585938,0.17038926482200623,1.8090529441833496,-1.516618013381958,0.8317506909370422,1.7987158298492432,-1.0442841053009033,0.22808463871479034,1.7881581783294678,-1.5850818157196045,0.8090499043464661,1.7478638887405396,-0.8858262300491333,0.2541838586330414,1.7350982427597046,-1.3846031427383423,0.6976844072341919,1.7444508075714111,-0.022952856495976448,0.3427663743495941,1.7440567016601562,0.029339779168367386,0.6719080209732056,2.4761385917663574,0.021381473168730736,0.3514412045478821,2.4717013835906982,0.0314391553401947,0.6644535660743713,3.1291162967681885,0.7288023829460144,0.3478914499282837,3.1136672496795654,0.5279521346092224,0.6692913770675659,3.2397539615631104,0.7603170275688171,0.3407491147518158,3.2235500812530518,0.5537623167037964,0.6178510189056396,3.3329567909240723,0.1495160460472107,0.3982526361942291,3.316638231277466,-0.16413608193397522,0.4406634630228809,1
2026-09-24T12:26:56.019379,S012,S012_A5_Y_20260924_1226,elevated_20,A5,young,class_1,0.5284572839736938,0.47478142380714417,-1.0672075748443604,0.5517939925193787,0.39373189210891724,-0.9971296191215515,0.5688571929931641,0.3944459557533264,-0.9969790577888489,0.5857691168785095,0.39580026268959045,-0.9969857335090637,0.4875515401363373,0.3958137631416321,-1.0072778463363647,0.4646066129207611,0.3978610038757324,-1.0064867734909058,0.444059282541275,0.40088409185409546,-1.0067765712738037,0.6130556464195251,0.433824360370636,-0.561981737613678,0.4188433587551117,0.4411334991455078,-0.5802648067474365,0.564207911491394,0.5593637824058533,-0.9045179486274719,0.48757877945899963,0.561210036277771,-0.9121966361999512,0.7885614633560181,0.8602288365364075,-0.2921576499938965,0.24610535800457,0.8748756051063538,-0.4275018572807312,0.8842366933822632,1.3254340887069702,-0.3851112723350525,0.17198655009269714,1.361219048500061,-0.6627488136291504,0.8591778874397278,1.6808100938796997,-0.9376503229141235,0.20485611259937286,1.6814045906066895,-1.5185649394989014,0.8893038630485535,1.8081978559494019,-1.0931553840637207,0.1703161895275116,1.8099346160888672,-1.7238800525665283,0.8317201733589172,1.8002750873565674,-1.1648128032684326,0.228166863322258,1.7879045009613037,-1.7964897155761719,0.8089512586593628,1.7494438886642456,-0.9953242540359497,0.2540163993835449,1.7340031862258911,-1.5768017768859863,0.696984052658081,1.745582103729248,-0.022909825667738914,0.34197762608528137,1.7467169761657715,0.029288019984960556,0.6730227470397949,2.47625994682312,0.055926911532878876,0.3511090874671936,2.4748904705047607,0.04205288738012314,0.6668727993965149,3.1287386417388916,0.8276433944702148,0.3501451313495636,3.114204168319702,0.5957505106925964,0.6711949110031128,3.240422487258911,0.8642772436141968,0.34321844577789307,3.2240757942199707,0.625497043132782,0.6233550310134888,3.3334131240844727,0.19822920858860016,0.4020354151725769,3.3182034492492676,-0.14743615686893463,0.4403717314288301,1
2026-09-24T12:26:56.167520,S012,S012_A5_Y_20260924_1226,elevated_20,A5,young,class_1,0.5307379961013794,0.47476842999458313,-1.0147130489349365,0.5523524880409241,0.39372915029525757,-0.9507463574409485,0.5691336393356323,0.39442750811576843,-0.9505321383476257,0.5859306454658508,0.39577001333236694,-0.9506200551986694,0.4884965419769287,0.3960059583187103,-0.9617912173271179,0.4655192792415619,0.3983097970485687,-0.961037814617157,0.44486886262893677,0.40148046612739563,-0.9613018035888672,0.6115546822547913,0.43388456106185913,-0.5512656569480896,0.41838541626930237,0.4425590932369232,-0.5735233426094055,0.5658560991287231,0.5593521595001221,-0.8653729557991028,0.4901497960090637,0.5611765384674072,-0.8735798001289368,0.788429319858551,0.8589180111885071,-0.31036001443862915,0.24564138054847717,0.8751010894775391,-0.4307335913181305,0.8888599276542664,1.3173115253448486,-0.3643009066581726,0.1670389026403427,1.364205241203308,-0.5503652095794678,0.8619219064712524,1.6775928735733032,-0.8094313740730286,0.20290160179138184,1.6984436511993408,-1.1904791593551636,0.893490195274353,1.8052505254745483,-0.9499089121818542,0.16925549507141113,1.8259961605072021,-1.3627769947052002,0.8320488929748535,1.800559163093567,-1.0155351161956787,0.22766654193401337,1.8138091564178467,-1.4595019817352295,0.8094892501831055,1.7491546869277954,-0.862549901008606,0.2528271973133087,1.7576824426651,-1.252429723739624,0.6968093514442444,1.7446331977844238,-0.02469315379858017,0.34260499477386475,1.7482070922851562,0.030997255817055702,0.6739410758018494,2.4745452404022217,0.02877066098153591,0.3539300262928009,2.4772274494171143,0.04615926742553711,0.6690077781677246,3.130680799484253,0.7534427642822266,0.3564813435077667,3.118072032928467,0.554981529712677,0.6751849055290222,3.243105411529541,0.7874452471733093,0.35124510526657104,3.228259325027466,0.5806201696395874,0.6271602511405945,3.3338842391967773,0.14093948900699615,0.4046173095703125,3.321120500564575,-0.14085543155670166,0.4387700099301362,1
2026-09-24T12:26:56.294449,S012,S012_A5_Y_20260924_1226,elevated_20,A5,young,class_1,0.5309978127479553,0.4740692675113678,-0.9750860333442688,0.5523414611816406,0.3936108350753784,-0.918289065361023,0.5690288543701172,0.39428219199180603,-0.9180232286453247,0.585588812828064,0.395607054233551,-0.9181820750236511,0.48885998129844666,0.3960004150867462,-0.9190529584884644,0.4662373661994934,0.398353636264801,-0.9183418154716492,0.44572895765304565,0.40156492590904236,-0.9185064435005188,0.6102648973464966,0.4338277280330658,-0.5425015687942505,0.4182663857936859,0.44280558824539185,-0.5443261861801147,0.5660601854324341,0.5588301420211792,-0.8417092561721802,0.49063748121261597,0.5606984496116638,-0.8359527587890625,0.7883621454238892,0.8586239218711853,-0.30335041880607605,0.24580898880958557,0.8760814666748047,-0.4313184320926666,0.8883004188537598,1.3168281316757202,-0.3497292399406433,0.16636434197425842,1.3645014762878418,-0.5171231627464294,0.8619783520698547,1.6755365133285522,-0.7765350937843323,0.2027934491634369,1.6995970010757446,-1.0840928554534912,0.8936896324157715,1.8011194467544556,-0.9140707850456238,0.16846463084220886,1.8263784646987915,-1.2417858839035034,0.8321320414543152,1.7987704277038574,-1.004972219467163,0.22698000073432922,1.8182735443115234,-1.321155071258545,0.8096235990524292,1.7470241785049438,-0.838713526725769,0.25217685103416443,1.7614942789077759,-1.1389474868774414,0.6970745325088501,1.7442086935043335,-0.022083621472120285,0.3449263274669647,1.7492631673812866,0.02834731712937355,0.6748763918876648,2.4726340770721436,0.02933935448527336,0.3628639578819275,2.4779341220855713,0.03961737081408501,0.6748660206794739,3.129923105239868,0.7446877956390381,0.3665827810764313,3.1206655502319336,0.5142756700515747,0.6821714639663696,3.242732048034668,0.7788195013999939,0.36083656549453735,3.231194496154785,0.5381540656089783,0.6323936581611633,3.3320934772491455,0.1480422019958496,0.4143885672092438,3.322831869125366,-0.1480199694633484,0.4375694617650824,1
2026-09-24T12:26:56.436969,S012,S012_A5_Y_20260924_1226,elevated_20,A5,young,class_1,0.5320780277252197,0.4746348559856415,-0.9530034065246582,0.5525326728820801,0.39490222930908203,-0.8979414701461792,0.5691137313842773,0.39551830291748047,-0.8976923823356628,0.5855871438980103,0.39666882157325745,-0.8978497385978699,0.48915019631385803,0.3974154591560364,-0.8983896374702454,0.46630507707595825,0.4000450074672699,-0.8976476788520813,0.44564634561538696,0.4032416343688965,-0.8977961540222168,0.6096929907798767,0.43468016386032104,-0.5337912440299988,0.41790857911109924,0.4445228576660156,-0.5298528075218201,0.5667171478271484,0.5589393377304077,-0.8199650049209595,0.49124789237976074,0.5609844326972961,-0.81414395570755,0.7883676290512085,0.857538104057312,-0.30267590284347534,0.2474122792482376,0.8762288689613342,-0.42819300293922424,0.8861532211303711,1.3169410228729248,-0.3374192714691162,0.16692419350147247,1.3637845516204834,-0.518062949180603,0.8592010736465454,1.675227403640747,-0.749527096748352,0.20242086052894592,1.699776291847229,-1.1012990474700928,0.8905967473983765,1.8008564710617065,-0.8836070895195007,0.16831906139850616,1.826964259147644,-1.260553240776062,0.8298447728157043,1.799006700515747,-0.9594626426696777,0.22695672512054443,1.8221454620361328,-1.3364976644515991,0.8077163696289062,1.7472277879714966,-0.8060835003852844,0.25203439593315125,1.7645269632339478,-1.1552317142486572,0.6972386837005615,1.7431814670562744,-0.020889263600111008,0.3464086651802063,1.7493726015090942,0.027190715074539185,0.6753290891647339,2.470163106918335,0.03698335587978363,0.3645792007446289,2.475900888442993,0.03922398388385773,0.6763615012168884,3.1263885498046875,0.7478345632553101,0.3678484559059143,3.116734504699707,0.5171310901641846,0.6839689016342163,3.2390496730804443,0.781950831413269,0.36197429895401,3.227534294128418,0.5424350500106812,0.6330224275588989,3.328702449798584,0.1585281938314438,0.4160560965538025,3.3184754848480225,-0.141510009765625,0.43614184357595537,1
2026-09-24T12:26:56.590676,S012,S012_A5_Y_20260924_1226,elevated_20,A5,young,class_1,0.5328691601753235,0.4818059802055359,-0.9593470692634583,0.5535260438919067,0.40061330795288086,-0.9029078483581543,0.5700880289077759,0.40056562423706055,-0.9026868939399719,0.5867524147033691,0.4010574221611023,-0.9027972221374512,0.49021410942077637,0.4035183787345886,-0.9076464772224426,0.46732115745544434,0.4055875539779663,-0.9068872332572937,0.4465864598751068,0.4078952968120575,-0.9071513414382935,0.6099900603294373,0.4376751482486725,-0.5295084714889526,0.41808247566223145,0.4477430582046509,-0.5349568128585815,0.5674210786819458,0.564710795879364,-0.8192156553268433,0.4912557005882263,0.5659740567207336,-0.818762481212616,0.7900031805038452,0.8589672446250916,-0.30156540870666504,0.2468310296535492,0.877394437789917,-0.42918577790260315,0.8861854672431946,1.3181160688400269,-0.306435763835907,0.16569790244102478,1.3639179468154907,-0.4454073905944824,0.8581520915031433,1.67738676071167,-0.7130667567253113,0.19040195643901825,1.710071325302124,-0.9585716128349304,0.8879227638244629,1.80413818359375,-0.8454672694206238,0.15375517308712006,1.838875651359558,-1.1145198345184326,0.8275161981582642,1.8014309406280518,-0.9370355606079102,0.21305707097053528,1.8365857601165771,-1.1968601942062378,0.8059533834457397,1.7485787868499756,-0.774465799331665,0.23934967815876007,1.7788580656051636,-1.0134567022323608,0.6973305940628052,1.7435423135757446,-0.0198181364685297,0.3465878963470459,1.7492985725402832,0.026126999408006668,0.6726653575897217,2.469815969467163,0.026102866977453232,0.35805338621139526,2.4721293449401855,0.005408588796854019,0.671537458896637,3.125685930252075,0.6891782879829407,0.3610510528087616,3.1135146617889404,0.4475669860839844,0.6782805919647217,3.2380001544952393,0.720154345035553,0.3560769557952881,3.224393129348755,0.46832460165023804,0.6267795562744141,3.328965425491333,0.10590247064828873,0.40894588828086853,3.314187526702881,-0.21536533534526825,0.43560763552782056,1
2026-09-24T12:26:56.741792,S012,S012_A5_Y_20260924_1226,elevated_20,A5,young,class_1,0.5335498452186584,0.4885874390602112,-0.9528339505195618,0.5545006990432739,0.40507012605667114,-0.9018891453742981,0.5710631608963013,0.40458834171295166,-0.9016872644424438,0.5875896215438843,0.4048035740852356,-0.9017329216003418,0.49077606201171875,0.4079253375530243,-0.9011662602424622,0.4675941467285156,0.4096408188343048,-0.9003251194953918,0.4468823969364166,0.4116424024105072,-0.9006717801094055,0.6111730337142944,0.44107410311698914,-0.5274555087089539,0.41792064905166626,0.45153501629829407,-0.5319235920906067,0.5681143999099731,0.569986879825592,-0.8174883127212524,0.49120789766311646,0.5714818835258484,-0.8113236427307129,0.7978752851486206,0.8655388355255127,-0.3036571443080902,0.24626758694648743,0.8788007497787476,-0.4295847415924072,0.8949460983276367,1.3312265872955322,-0.3063013255596161,0.15366484224796295,1.3634971380233765,-0.3811590373516083,0.8598761558532715,1.6978881359100342,-0.6522263288497925,0.18266302347183228,1.7208446264266968,-0.7706760764122009,0.8884398341178894,1.8257651329040527,-0.7713214755058289,0.14911767840385437,1.8525867462158203,-0.9043170809745789,0.8277948498725891,1.8197691440582275,-0.8394191861152649,0.20911331474781036,1.8479427099227905,-0.9784703254699707,0.8060633540153503,1.7650604248046875,-0.70409095287323,0.23429808020591736,1.7906477451324463,-0.8196840286254883,0.6980744004249573,1.7514674663543701,-0.020331744104623795,0.34687650203704834,1.7556710243225098,0.02666025422513485,0.6731829047203064,2.4756948947906494,0.0011334435548633337,0.3555830121040344,2.4742469787597656,-0.0006420512800104916,0.6719900369644165,3.1293296813964844,0.6308881640434265,0.362146258354187,3.11542010307312,0.4165635108947754,0.6791462302207947,3.2408971786499023,0.6600865125656128,0.35873547196388245,3.2276523113250732,0.43690305948257446,0.6276789903640747,3.3388330936431885,0.052222199738025665,0.41010648012161255,3.3152005672454834,-0.22889557480812073,0.4346073300573125,1
2026-09-24T12:26:56.887370,S012,S012_A5_Y_20260924_1226,elevated_20,A5,young,class_1,0.5344037413597107,0.5044470429420471,-0.9441004991531372,0.5546336770057678,0.4141666293144226,-0.8989919424057007,0.5718910694122314,0.4133121371269226,-0.8987941741943359,0.5897213220596313,0.41312018036842346,-0.8986824154853821,0.4914928078651428,0.4178069531917572,-0.8907157778739929,0.4677906632423401,0.4191550016403198,-0.889838695526123,0.44676652550697327,0.421477347612381,-0.8902489542961121,0.6162437796592712,0.4480794370174408,-0.5353870391845703,0.41782838106155396,0.4593082070350647,-0.5228447318077087,0.5687655806541443,0.5877168774604797,-0.8166265487670898,0.4908601641654968,0.5888997316360474,-0.8027070164680481,0.8072977066040039,0.8740885853767395,-0.32270026206970215,0.24683567881584167,0.8809999227523804,-0.42637157440185547,0.9160442352294922,1.3562874794006348,-0.32136592268943787,0.14889803528785706,1.372235655784607,-0.35061535239219666,0.8689901232719421,1.7304855585098267,-0.6574792861938477,0.1767895519733429,1.7653794288635254,-0.7300609350204468,0.8952983617782593,1.8609941005706787,-0.7793152928352356,0.1439717710018158,1.9070804119110107,-0.8577925562858582,0.8310960531234741,1.848793625831604,-0.8436968922615051,0.2051655799150467,1.8943146467208862,-0.9455162286758423,0.8091076612472534,1.7937668561935425,-0.7086272239685059,0.2314578741788864,1.8358421325683594,-0.7848422527313232,0.7037925124168396,1.7675501108169556,-0.028271296992897987,0.34869250655174255,1.770624041557312,0.034724365919828415,0.6734110116958618,2.495488405227661,-0.014593085274100304,0.3537335693836212,2.493131399154663,0.011603116057813168,0.6726537346839905,3.153259038925171,0.641042947769165,0.3623037338256836,3.1329920291900635,0.45099273324012756,0.6792818307876587,3.2645788192749023,0.671810507774353,0.3595796525478363,3.2445755004882812,0.47375479340553284,0.6260462403297424,3.369654417037964,0.05799371749162674,0.4108904302120209,3.340290069580078,-0.21437720954418182,0.43413882090951095,1
2026-09-24T12:26:57.027370,S012,S012_A5_Y_20260924_1226,elevated_20,A5,young,class_1,0.5348067283630371,0.519335150718689,-0.9432142972946167,0.5550737380981445,0.4267071485519409,-0.8963420987129211,0.5720065832138062,0.42561212182044983,-0.8961391448974609,0.5905954837799072,0.4249791204929352,-0.8960576057434082,0.4919193685054779,0.4293002188205719,-0.8907612562179565,0.46805334091186523,0.4295978546142578,-0.8898760676383972,0.44699645042419434,0.4315183460712433,-0.8902804255485535,0.6193393468856812,0.4570547342300415,-0.5414392948150635,0.4178764224052429,0.465699166059494,-0.5223933458328247,0.5691962242126465,0.6028047204017639,-0.8135766983032227,0.4906582832336426,0.6029062867164612,-0.802187442779541,0.8110729455947876,0.8763080835342407,-0.3268839418888092,0.2465980499982834,0.8810967803001404,-0.41522955894470215,0.9242620468139648,1.3570514917373657,-0.3270050287246704,0.14686985313892365,1.3759572505950928,-0.34699568152427673,0.8746854066848755,1.7313185930252075,-0.6574571132659912,0.1764632612466812,1.7687115669250488,-0.7532867193222046,0.9003853797912598,1.8611279726028442,-0.781284749507904,0.14474570751190186,1.9076224565505981,-0.884215235710144,0.8344737887382507,1.8488502502441406,-0.8377289772033691,0.20558102428913116,1.8925532102584839,-0.9702031016349792,0.8126924633979797,1.7949210405349731,-0.7055821418762207,0.23154573142528534,1.8357799053192139,-0.8074326515197754,0.7058934569358826,1.7711975574493408,-0.034550294280052185,0.35011520981788635,1.7745410203933716,0.040997739881277084,0.6740409135818481,2.500430107116699,-0.026926249265670776,0.35280874371528625,2.4988017082214355,0.016381051391363144,0.6727775931358337,3.159681797027588,0.6247778534889221,0.3636501133441925,3.1395866870880127,0.47097548842430115,0.6804437637329102,3.270146369934082,0.6547102928161621,0.3623730540275574,3.2505950927734375,0.4953947067260742,0.625495195388794,3.378091335296631,0.03191526606678963,0.41133934259414673,3.3471553325653076,-0.1912190318107605,0.4328993585660431,1
2026-09-24T12:26:57.164822,S012,S012_A5_Y_20260924_1226,elevated_20,A5,young,class_1,0.5340241193771362,0.5247663855552673,-0.9514047503471375,0.5555623769760132,0.4312877655029297,-0.9044764637947083,0.5725902318954468,0.4302280843257904,-0.9043809771537781,0.591107964515686,0.42971450090408325,-0.9044206738471985,0.49095192551612854,0.43350332975387573,-0.9028016924858093,0.46706992387771606,0.4336530566215515,-0.9018783569335938,0.44592976570129395,0.4356703460216522,-0.9022842645645142,0.6197441816329956,0.46120232343673706,-0.5474319458007812,0.4176276624202728,0.4698973000049591,-0.527180552482605,0.5689721703529358,0.6074674725532532,-0.8159332275390625,0.48953574895858765,0.6092549562454224,-0.806965172290802,0.8108078837394714,0.8760004043579102,-0.32284873723983765,0.24660415947437286,0.8818686604499817,-0.4165380895137787,0.9249994158744812,1.3558119535446167,-0.322204053401947,0.14572486281394958,1.3787273168563843,-0.33784422278404236,0.8790610432624817,1.7301262617111206,-0.6431237459182739,0.17577515542507172,1.7752341032028198,-0.7291823625564575,0.9045910835266113,1.8608336448669434,-0.7668836116790771,0.1450442373752594,1.913940191268921,-0.8598955869674683,0.8387678861618042,1.8504379987716675,-0.822905421257019,0.2056427001953125,1.9014815092086792,-0.9473735094070435,0.8173996806144714,1.7964262962341309,-0.6903947591781616,0.2311978042125702,1.8444130420684814,-0.7826338410377502,0.7085658311843872,1.7714227437973022,-0.03958221524953842,0.3536849617958069,1.775912880897522,0.04577837884426117,0.6795939207077026,2.501187801361084,-0.030099619179964066,0.35470062494277954,2.5015439987182617,0.03417475149035454,0.6819555759429932,3.1621928215026855,0.6334167718887329,0.3752281665802002,3.1437196731567383,0.48308616876602173,0.690981388092041,3.272563934326172,0.6645468473434448,0.3759079575538635,3.254448652267456,0.5102472305297852,0.6313055157661438,3.380764961242676,0.03960120677947998,0.42484793066978455,3.350468635559082,-0.1724414825439453,0.4317797358623714,1
2026-09-24T12:26:57.307398,S012,S012_A5_Y_20260924_1226,elevated_20,A5,young,class_1,0.512634813785553,0.5216776728630066,-0.9314197301864624,0.5455844402313232,0.42631995677948,-0.8884776830673218,0.5666905641555786,0.4254128336906433,-0.888250470161438,0.5857781767845154,0.42520585656166077,-0.8880358934402466,0.47530966997146606,0.4298805892467499,-0.8764745593070984,0.4526437819004059,0.42974361777305603,-0.8754413723945618,0.43393129110336304,0.4312065541744232,-0.8758500814437866,0.6192784309387207,0.458703875541687,-0.5441383123397827,0.41597920656204224,0.46302711963653564,-0.4897599220275879,0.5588911771774292,0.6044871807098389,-0.8047474026679993,0.4730122685432434,0.6068033576011658,-0.7841821908950806,0.8127697110176086,0.8779551386833191,-0.32798779010772705,0.24431271851062775,0.8840842843055725,-0.3985802233219147,0.9231901168823242,1.3732306957244873,-0.3348333239555359,0.1458629071712494,1.377472162246704,-0.33650141954421997,0.8765511512756348,1.7456425428390503,-0.6436067819595337,0.17553532123565674,1.7722792625427246,-0.7651227116584778,0.9003704786300659,1.8774694204330444,-0.770133912563324,0.14447073638439178,1.9121769666671753,-0.8980475664138794,0.8335315585136414,1.8622422218322754,-0.8292167782783508,0.20530879497528076,1.898117184638977,-0.9815565347671509,0.8127504587173462,1.8067810535430908,-0.694090723991394,0.23123285174369812,1.8409082889556885,-0.819792628288269,0.7087371349334717,1.781408429145813,-0.04031146317720413,0.3528664708137512,1.7834933996200562,0.04674439877271652,0.6795774102210999,2.5126378536224365,-0.06019402667880058,0.3524476885795593,2.509568452835083,0.029221445322036743,0.6818988919258118,3.1731135845184326,0.5571593046188354,0.37418219447135925,3.1518092155456543,0.43271493911743164,0.6911388635635376,3.2839198112487793,0.5823673605918884,0.3751802146434784,3.26259446144104,0.45335060358047485,0.6268323659896851,3.392319679260254,-0.05027297884225845,0.4242221415042877,3.360680103302002,-0.21973547339439392,0.43156997512729006,1
2026-09-24T12:26:57.416195,S012,S012_A5_Y_20260924_1226,elevated_20,A5,young,class_1,0.4768548011779785,0.5113370418548584,-0.9248345494270325,0.5206576585769653,0.41839852929115295,-0.888175368309021,0.5478970408439636,0.4186633825302124,-0.8879318237304688,0.5705786347389221,0.4202726185321808,-0.8876546621322632,0.4515148997306824,0.4192022681236267,-0.8635908961296082,0.43260183930397034,0.4179862439632416,-0.8624885678291321,0.4187612533569336,0.41783982515335083,-0.8629549145698547,0.6129520535469055,0.45643720030784607,-0.5818580985069275,0.414440393447876,0.45165249705314636,-0.458329439163208,0.5294225215911865,0.593640148639679,-0.8048044443130493,0.44511932134628296,0.5962876081466675,-0.7724922895431519,0.8145607709884644,0.8778063654899597,-0.3671765923500061,0.2443569004535675,0.883501410484314,-0.379489004611969,0.9322955012321472,1.3865699768066406,-0.36325541138648987,0.14596743881702423,1.3639744520187378,-0.285419762134552,0.8762521743774414,1.7559645175933838,-0.6430083513259888,0.17116673290729523,1.7696419954299927,-0.6824629902839661,0.899925708770752,1.8856972455978394,-0.7632776498794556,0.1378404200077057,1.9105629920959473,-0.8094428181648254,0.8316240310668945,1.8701741695404053,-0.811322033405304,0.20052245259284973,1.8975906372070312,-0.8918169736862183,0.8110974431037903,1.8134629726409912,-0.6886110305786133,0.22804775834083557,1.8397878408432007,-0.7380042672157288,0.7093527317047119,1.780784249305725,-0.04514119401574135,0.352667897939682,1.7821325063705444,0.05203316733241081,0.6790297031402588,2.5118825435638428,-0.149993434548378,0.34906303882598877,2.5088789463043213,0.022124256938695908,0.6805819272994995,3.1733763217926025,0.42206352949142456,0.36902087926864624,3.15168833732605,0.37425172328948975,0.6911031007766724,3.285104513168335,0.4420439600944519,0.3696785569190979,3.262380361557007,0.38832759857177734,0.615138053894043,3.3910720348358154,-0.2153853178024292,0.41848254203796387,3.3602492809295654,-0.2932025194168091,0.43046461724395957,1
2026-09-24T12:26:57.523727,S012,S012_A5_Y_20260924_1226,elevated_20,A5,young,class_1,0.4666597247123718,0.5006508231163025,-0.9469655752182007,0.5125402212142944,0.4096439480781555,-0.9143866300582886,0.5412828922271729,0.4108229875564575,-0.9141562581062317,0.5648900270462036,0.4137677550315857,-0.9139367341995239,0.4431067407131195,0.4096558392047882,-0.8815663456916809,0.42494717240333557,0.40823814272880554,-0.8805097341537476,0.4122748374938965,0.407959520816803,-0.8810742497444153,0.6091166734695435,0.45297420024871826,-0.6258658170700073,0.41300615668296814,0.44417062401771545,-0.47065019607543945,0.5200592279434204,0.5833650231361389,-0.835421085357666,0.4365077018737793,0.5858678817749023,-0.7880708575248718,0.8163263201713562,0.8776620626449585,-0.4101462960243225,0.24434888362884521,0.8834125399589539,-0.3828195631504059,0.9377959370613098,1.391611099243164,-0.40594321489334106,0.1460222452878952,1.3615397214889526,-0.320597767829895,0.876162052154541,1.7639844417572021,-0.6456802487373352,0.16909880936145782,1.7690540552139282,-0.7433757781982422,0.8985651135444641,1.8957959413528442,-0.7660568952560425,0.1350748986005783,1.9119900465011597,-0.8747679591178894,0.8270174264907837,1.8823106288909912,-0.8116421699523926,0.19867202639579773,1.9026864767074585,-0.9554985165596008,0.8079520463943481,1.823357105255127,-0.6915067434310913,0.22635646164417267,1.844323992729187,-0.7984833121299744,0.7099701166152954,1.7822585105895996,-0.04980933293700218,0.352631539106369,1.7817643880844116,0.05679527670145035,0.6790810823440552,2.5148396492004395,-0.11415362358093262,0.34731894731521606,2.5102407932281494,0.034243978559970856,0.6805659532546997,3.1770784854888916,0.5128629803657532,0.3676409423351288,3.1551220417022705,0.38555437326431274,0.6915273666381836,3.2898402214050293,0.5390890836715698,0.3687925934791565,3.2669646739959717,0.3998253643512726,0.6126989722251892,3.395535707473755,-0.10088974237442017,0.4150765538215637,3.3647618293762207,-0.26234495639801025,0.4288594085074609,1
2026-09-24T12:26:57.629297,S012,S012_A5_Y_20260924_1226,elevated_20,A5,young,class_1,0.4582971930503845,0.49302905797958374,-0.9156084060668945,0.5055886507034302,0.4044688045978546,-0.8975407481193542,0.5344647765159607,0.40581873059272766,-0.8973101377487183,0.5593162775039673,0.40935438871383667,-0.8970993757247925,0.4374984800815582,0.4033032953739166,-0.8516003489494324,0.4209586977958679,0.4014831781387329,-0.8505703806877136,0.4093197286128998,0.40073078870773315,-0.8511285781860352,0.6058167219161987,0.4498995840549469,-0.6268618702888489,0.4130569398403168,0.43661218881607056,-0.4444163739681244,0.5118733048439026,0.576025128364563,-0.8253766894340515,0.4319038987159729,0.5767185688018799,-0.7589901089668274,0.8166839480400085,0.8776378631591797,-0.42264097929000854,0.24456718564033508,0.8823346495628357,-0.3662324845790863,0.9365970492362976,1.3945780992507935,-0.4272181987762451,0.14589475095272064,1.3540774583816528,-0.2745570242404938,0.8729698061943054,1.7675002813339233,-0.6550997495651245,0.16489964723587036,1.767913818359375,-0.6687291860580444,0.8943320512771606,1.899599552154541,-0.7701278924942017,0.1295476257801056,1.9104257822036743,-0.7920480966567993,0.8212374448776245,1.8877052068710327,-0.8154964447021484,0.19367219507694244,1.9019262790679932,-0.8764097094535828,0.8024436831474304,1.828189730644226,-0.6956133246421814,0.2217782437801361,1.843586802482605,-0.7249210476875305,0.7099720239639282,1.7843388319015503,-0.05708885192871094,0.3524933159351349,1.7815003395080566,0.06409415602684021,0.6763712167739868,2.5177688598632812,-0.1379508525133133,0.3442484736442566,2.511151075363159,0.04328659549355507,0.6749486923217773,3.18289852142334,0.47965216636657715,0.36199355125427246,3.1584510803222656,0.4166702330112457,0.6881550550460815,3.297456979751587,0.5047445893287659,0.36289140582084656,3.2706727981567383,0.4354119300842285,0.5998403429985046,3.3984830379486084,-0.1454901248216629,0.40521544218063354,3.36950421333313,-0.23696985840797424,0.4275457854761788,1
2026-09-24T12:26:57.740449,S012,S012_A5_Y_20260924_1226,elevated_20,A5,young,class_1,0.46191516518592834,0.4909325838088989,-1.0212345123291016,0.5067160725593567,0.40257886052131653,-0.9829177856445312,0.5354259014129639,0.40383589267730713,-0.9828241467475891,0.5597538352012634,0.40725013613700867,-0.9826751947402954,0.438037246465683,0.4016638398170471,-0.9549830555915833,0.42073559761047363,0.4000873565673828,-0.9540536999702454,0.40863966941833496,0.3995703160762787,-0.9546642303466797,0.6054264307022095,0.4472252428531647,-0.6578987836837769,0.4123441278934479,0.43531420826911926,-0.5092841386795044,0.5144693851470947,0.5728622078895569,-0.8976784944534302,0.433182954788208,0.5749296545982361,-0.8541077375411987,0.8165114521980286,0.8775264620780945,-0.4180701673030853,0.24466946721076965,0.8803120255470276,-0.39537662267684937,0.9353513717651367,1.3941575288772583,-0.41450589895248413,0.14596234261989594,1.3504717350006104,-0.29629403352737427,0.8706377744674683,1.7667301893234253,-0.6848840713500977,0.16365352272987366,1.7675824165344238,-0.7180171012878418,0.8889819979667664,1.9003431797027588,-0.7984378933906555,0.12625335156917572,1.9050567150115967,-0.8480947613716125,0.8169323801994324,1.8883732557296753,-0.8437396883964539,0.193006694316864,1.9015244245529175,-0.9275949597358704,0.7996712327003479,1.8277159929275513,-0.7254840731620789,0.22025993466377258,1.8427389860153198,-0.7718710899353027,0.707336962223053,1.7839598655700684,-0.05652989074587822,0.34942537546157837,1.7803380489349365,0.0634380355477333,0.6718347668647766,2.5172388553619385,-0.12975344061851501,0.3382303714752197,2.510958433151245,0.03555507957935333,0.6667934060096741,3.1826367378234863,0.5052691698074341,0.35308197140693665,3.1593663692474365,0.42884621024131775,0.6808973550796509,3.2974092960357666,0.53236323595047,0.35394150018692017,3.272953748703003,0.4489215016365051,0.5896021723747253,3.399132013320923,-0.12296877056360245,0.39555951952934265,3.3698151111602783,-0.2388775795698166,0.42621027663717265,1
2026-09-24T12:26:57.844492,S012,S012_A5_Y_20260924_1226,elevated_20,A5,young,class_1,0.46388426423072815,0.4906148910522461,-1.0010334253311157,0.5074810981750488,0.402264267206192,-0.9616314172744751,0.5361322164535522,0.40336376428604126,-0.961489200592041,0.5604214072227478,0.40663057565689087,-0.9613598585128784,0.43770819902420044,0.4016124904155731,-0.938796877861023,0.4201701581478119,0.400189608335495,-0.9378830194473267,0.40760383009910583,0.3998107612133026,-0.938437283039093,0.6054854989051819,0.4465188980102539,-0.6457498669624329,0.41095367074012756,0.4354800581932068,-0.5090916156768799,0.5169340372085571,0.5726344585418701,-0.878548264503479,0.4343429207801819,0.574941098690033,-0.8415099382400513,0.8173718452453613,0.87766033411026,-0.41403236985206604,0.24447953701019287,0.8803443908691406,-0.40060845017433167,0.936865508556366,1.3955304622650146,-0.4172622561454773,0.14409981667995453,1.3505734205245972,-0.3099817633628845,0.8703023791313171,1.7692652940750122,-0.6900847554206848,0.16230706870555878,1.771005630493164,-0.7033515572547913,0.8881939053535461,1.9026473760604858,-0.8046897053718567,0.12655700743198395,1.9135679006576538,-0.8305767774581909,0.8163005709648132,1.8902344703674316,-0.8475783467292786,0.19250790774822235,1.9085309505462646,-0.9128021001815796,0.799132764339447,1.8299980163574219,-0.7301181554794312,0.219530388712883,1.8495633602142334,-0.7574728727340698,0.7064523696899414,1.7857391834259033,-0.05573805049061775,0.34744176268577576,1.7810828685760498,0.06258241832256317,0.6713308095932007,2.5206730365753174,-0.11904032528400421,0.3379632532596588,2.5137407779693604,0.03347528725862503,0.6661472916603088,3.186767578125,0.5132622718811035,0.35310110449790955,3.165203094482422,0.4307249188423157,0.6800891160964966,3.3010270595550537,0.5439494252204895,0.3538528084754944,3.2791197299957275,0.4504472315311432,0.5911339521408081,3.405994176864624,-0.11252094805240631,0.39581194519996643,3.376375675201416,-0.23745861649513245,0.4250466039234473,1
2026-09-24T12:26:57.945342,S012,S012_A5_Y_20260924_1226,elevated_20,A5,young,class_1,0.4650917947292328,0.4957093596458435,-1.0391466617584229,0.5090247392654419,0.40619009733200073,-0.9931421279907227,0.5365084409713745,0.4067411720752716,-0.993071436882019,0.5610101222991943,0.4092441499233246,-0.9930030703544617,0.4403782784938812,0.4063534736633301,-0.9804924726486206,0.42232513427734375,0.40591564774513245,-0.979681670665741,0.4091200828552246,0.40605589747428894,-0.9802199602127075,0.6059637069702148,0.4474894404411316,-0.6432271599769592,0.40948429703712463,0.43944159150123596,-0.5539476275444031,0.5211605429649353,0.5774070620536804,-0.900749683380127,0.43543368577957153,0.5804771184921265,-0.8772968053817749,0.8172275424003601,0.8774023056030273,-0.41071319580078125,0.24426069855690002,0.8802170157432556,-0.415717750787735,0.9363212585449219,1.3940837383270264,-0.40036845207214355,0.14368295669555664,1.358527421951294,-0.3185793161392212,0.8702523112297058,1.768062949180603,-0.6971043944358826,0.1626284420490265,1.773963451385498,-0.7246075868606567,0.8882594108581543,1.9003034830093384,-0.8176801800727844,0.1272784173488617,1.9164315462112427,-0.8573244214057922,0.8166400790214539,1.8881893157958984,-0.8722119331359863,0.1925765573978424,1.9114623069763184,-0.9409981966018677,0.7991927862167358,1.8285491466522217,-0.7418506145477295,0.21973080933094025,1.8525943756103516,-0.7794856429100037,0.7035903334617615,1.78452730178833,-0.050041817128658295,0.346486359834671,1.7800666093826294,0.0567292645573616,0.6707204580307007,2.519195556640625,-0.11426881700754166,0.3382411301136017,2.5103814601898193,-0.048670731484889984,0.6655759215354919,3.1862869262695312,0.49147167801856995,0.3531982898712158,3.1648881435394287,0.31833556294441223,0.6787547469139099,3.3004109859466553,0.5161434412002563,0.35370659828186035,3.2786803245544434,0.33269041776657104,0.5927101373672485,3.404981851577759,-0.13872873783111572,0.3967113494873047,3.3758926391601562,-0.3710595369338989,0.42411949633322255,1
2026-09-24T12:26:58.068862,S012,S012_A5_Y_20260924_1226,elevated_20,A5,young,class_1,0.481804758310318,0.5019794702529907,-1.0552011728286743,0.5177596807479858,0.4107367694377899,-1.0006636381149292,0.5431109070777893,0.41048890352249146,-1.0006757974624634,0.5640338659286499,0.4117654263973236,-1.0007507801055908,0.4480377733707428,0.41376325488090515,-1.0016343593597412,0.42766866087913513,0.41425302624702454,-1.0010392665863037,0.4124758839607239,0.41579726338386536,-1.0015944242477417,0.60633784532547,0.44855907559394836,-0.6376705765724182,0.4095734655857086,0.44977518916130066,-0.587782084941864,0.5333682298660278,0.5824292302131653,-0.9018028378486633,0.44909757375717163,0.5874631404876709,-0.895789623260498,0.8142799139022827,0.8763850331306458,-0.33615511655807495,0.24432985484600067,0.8806599974632263,-0.43597015738487244,0.931323230266571,1.3646492958068848,-0.3203805387020111,0.1438945084810257,1.3637545108795166,-0.34219056367874146,0.8712126612663269,1.7541447877883911,-0.698281466960907,0.17143961787223816,1.772163987159729,-0.752689003944397,0.8898056745529175,1.8922492265701294,-0.8243862390518188,0.14410045742988586,1.9107928276062012,-0.9020825624465942,0.8204042315483093,1.8849154710769653,-0.8940743207931519,0.20564153790473938,1.9075576066970825,-0.9930766224861145,0.8031654357910156,1.8246750831604004,-0.7481751441955566,0.22859473526477814,1.8495776653289795,-0.8061269521713257,0.7036531567573547,1.7806193828582764,-0.03118400275707245,0.3530367314815521,1.7799798250198364,0.037076812237501144,0.6772654056549072,2.5128602981567383,-0.10160275548696518,0.3523430824279785,2.5065414905548096,-0.0956556499004364,0.6794533729553223,3.181518316268921,0.5062395930290222,0.3745848834514618,3.1636152267456055,0.26601308584213257,0.6904819011688232,3.29502010345459,0.5304385423660278,0.37518924474716187,3.2771995067596436,0.27809852361679077,0.618362307548523,3.399214744567871,-0.11738522350788116,0.4240172803401947,3.3713574409484863,-0.4192700982093811,0.4237354685908692,1
2026-09-24T12:26:58.186508,S012,S012_A5_Y_20260924_1226,elevated_20,A5,young,class_1,0.501472532749176,0.5067030191421509,-1.044551134109497,0.5310320258140564,0.41381585597991943,-0.990157425403595,0.5522205829620361,0.412961483001709,-0.9901291728019714,0.5699918270111084,0.4133720397949219,-0.9902212023735046,0.4605545997619629,0.41928622126579285,-0.9932390451431274,0.43855658173561096,0.42095690965652466,-0.9926217794418335,0.4193198084831238,0.42382389307022095,-0.993106484413147,0.6073283553123474,0.44915875792503357,-0.6209813356399536,0.410172700881958,0.45816725492477417,-0.5939883589744568,0.546285092830658,0.5865859389305115,-0.8931205868721008,0.46388038992881775,0.5934111475944519,-0.8900002241134644,0.8118383288383484,0.8718469738960266,-0.316033273935318,0.24639196693897247,0.8808645009994507,-0.445426881313324,0.9283401370048523,1.3441944122314453,-0.2893229126930237,0.1454598754644394,1.3677383661270142,-0.36138224601745605,0.8739662170410156,1.7378214597702026,-0.6900521516799927,0.1792883723974228,1.7692294120788574,-0.7673352956771851,0.8947476148605347,1.8763563632965088,-0.820475697517395,0.15381553769111633,1.9030704498291016,-0.9181678891181946,0.8284024000167847,1.8745228052139282,-0.888788104057312,0.21363511681556702,1.901572823524475,-1.0107228755950928,0.8101814985275269,1.8153549432754517,-0.7458778619766235,0.23524752259254456,1.8445231914520264,-0.8202527165412903,0.7058364152908325,1.7714585065841675,-0.025927409529685974,0.36283254623413086,1.7778334617614746,0.03164060786366463,0.6848772764205933,2.499843120574951,-0.07069458067417145,0.36712267994880676,2.501729726791382,-0.06558074802160263,0.6882026195526123,3.170588731765747,0.5244457125663757,0.3851485848426819,3.160722255706787,0.3154394328594208,0.6970115900039673,3.2840490341186523,0.5489771366119385,0.3844413161277771,3.2744979858398438,0.3301873207092285,0.6358007192611694,3.3856756687164307,-0.07464607059955597,0.4351230561733246,3.3651673793792725,-0.3591890335083008,0.4234624416302805,1
2026-09-24T12:26:58.282087,S012,S012_A5_Y_20260924_1226,elevated_20,A5,young,class_1,0.5109847784042358,0.5074583888053894,-0.9719852209091187,0.5383504033088684,0.4144151508808136,-0.9199493527412415,0.5576669573783875,0.4133354425430298,-0.9198631048202515,0.5740363597869873,0.4134393632411957,-0.9200688600540161,0.4674736559391022,0.4209415316581726,-0.9282387495040894,0.44459861516952515,0.4229448437690735,-0.9275588989257812,0.4234694838523865,0.4261242151260376,-0.9279588460922241,0.6082944273948669,0.44912195205688477,-0.5528621077537537,0.4107348918914795,0.46098124980926514,-0.5650363564491272,0.5534475445747375,0.5873928070068359,-0.824832558631897,0.4712076783180237,0.5947204232215881,-0.8287574648857117,0.810248851776123,0.8699063658714294,-0.2893466353416443,0.24831907451152802,0.8805913329124451,-0.43483105301856995,0.9163346290588379,1.338535189628601,-0.2622656524181366,0.1455567479133606,1.3634229898452759,-0.3572815954685211,0.8698344230651855,1.7291395664215088,-0.6170324087142944,0.17992845177650452,1.7536855936050415,-0.739673912525177,0.8916617631912231,1.8666725158691406,-0.7395604252815247,0.15383513271808624,1.8857532739639282,-0.8800144195556641,0.8272919654846191,1.8655306100845337,-0.8139640688896179,0.21355874836444855,1.885443091392517,-0.9657713174819946,0.8089065551757812,1.8073277473449707,-0.6712099313735962,0.23532059788703918,1.8289803266525269,-0.7909157276153564,0.7053496837615967,1.7623494863510132,-0.0228292103856802,0.36255842447280884,1.7700154781341553,0.02851126715540886,0.6847158670425415,2.487205743789673,-0.045100584626197815,0.3670077919960022,2.490551471710205,-0.05279456451535225,0.6876513957977295,3.1566145420074463,0.5445021390914917,0.3836668133735657,3.1493616104125977,0.3381420075893402,0.6966875195503235,3.2688939571380615,0.5700981616973877,0.3827703893184662,3.2632272243499756,0.3543566167354584,0.6359626054763794,3.3704562187194824,-0.03211786225438118,0.4333127439022064,3.3502681255340576,-0.3339698314666748,0.42316352233292215,1
2026-09-24T12:26:58.386633,S012,S012_A5_Y_20260924_1226,elevated_20,A5,young,class_1,0.5175722241401672,0.507661759853363,-0.9756037592887878,0.5439275503158569,0.4145626127719879,-0.9211732745170593,0.5619539618492126,0.41342273354530334,-0.9210308790206909,0.577743411064148,0.4134252369403839,-0.9211471676826477,0.47302788496017456,0.4215770661830902,-0.9343398809432983,0.44953495264053345,0.42380842566490173,-0.9336889386177063,0.4272201657295227,0.4271259605884552,-0.9341201782226562,0.6091905236244202,0.44910624623298645,-0.5469883680343628,0.41126999258995056,0.46254226565361023,-0.5674241185188293,0.5582231283187866,0.5880680680274963,-0.8285918235778809,0.4763450026512146,0.5958760380744934,-0.8331753611564636,0.8087430000305176,0.8683278560638428,-0.2692250609397888,0.24854767322540283,0.8806326389312744,-0.4388555586338043,0.902050793170929,1.3348429203033447,-0.22878535091876984,0.14674027264118195,1.3624496459960938,-0.3735184967517853,0.8626457452774048,1.7232404947280884,-0.6006454229354858,0.18213000893592834,1.742569088935852,-0.7671293616294861,0.8844375610351562,1.8604111671447754,-0.7227284908294678,0.1567968726158142,1.873911738395691,-0.9114556312561035,0.8243644833564758,1.8595236539840698,-0.8030400276184082,0.21521401405334473,1.872143030166626,-0.9939526319503784,0.8058207631111145,1.8016036748886108,-0.6569737195968628,0.23654723167419434,1.8156371116638184,-0.8160558938980103,0.7048642039299011,1.7570949792861938,-0.016769513487815857,0.3624814450740814,1.7655417919158936,0.022419758141040802,0.6845776438713074,2.4785196781158447,-0.04623115807771683,0.36649590730667114,2.4816734790802,-0.048036493360996246,0.6872475743293762,3.1446733474731445,0.5452749133110046,0.38260605931282043,3.137561798095703,0.33553212881088257,0.6962655186653137,3.255638599395752,0.571060061454773,0.3816685974597931,3.251141309738159,0.35095125436782837,0.6359562873840332,3.358142852783203,-0.03365498408675194,0.43216466903686523,3.335815191268921,-0.3299266993999481,0.42291023124512733,1
2026-09-24T12:26:58.483227,S012,S012_A5_Y_20260924_1226,elevated_20,A5,young,class_1,0.5194600820541382,0.5078448057174683,-1.0138213634490967,0.5454587936401367,0.4148619771003723,-0.95476233959198,0.5634639263153076,0.4137013554573059,-0.9547393918037415,0.5790466070175171,0.4135468900203705,-0.9549371004104614,0.4750819206237793,0.4220128059387207,-0.9671193361282349,0.4516017436981201,0.4242669939994812,-0.9664937257766724,0.4290691018104553,0.4275358319282532,-0.9669333696365356,0.6092758178710938,0.4491567611694336,-0.5503093004226685,0.4115990698337555,0.4631613790988922,-0.5857159495353699,0.5598018765449524,0.5883797407150269,-0.8579926490783691,0.47853517532348633,0.5961799621582031,-0.8663643598556519,0.8069649934768677,0.8672874569892883,-0.28381916880607605,0.24859492480754852,0.8807113766670227,-0.44303765892982483,0.9004486799240112,1.3317320346832275,-0.25461870431900024,0.14773638546466827,1.3647232055664062,-0.398810476064682,0.8624415397644043,1.7175238132476807,-0.6372453570365906,0.18420971930027008,1.742972493171692,-0.8453687429428101,0.8844922184944153,1.8550803661346436,-0.7696939706802368,0.15891167521476746,1.8747130632400513,-0.9962031245231628,0.8243683576583862,1.8550190925598145,-0.858502984046936,0.21698415279388428,1.8728293180465698,-1.0840728282928467,0.8058163523674011,1.7965373992919922,-0.6984978914260864,0.23812393844127655,1.8161811828613281,-0.8985287547111511,0.7052321434020996,1.7560063600540161,-0.01496147084981203,0.3650009036064148,1.765302062034607,0.020668044686317444,0.6871166229248047,2.4761438369750977,-0.050893086940050125,0.37295112013816833,2.4810495376586914,-0.06869792938232422,0.69072425365448,3.142775058746338,0.5266237258911133,0.3861798346042633,3.137533664703369,0.2887462079524994,0.698909342288971,3.2548987865448,0.5498627424240112,0.3839082419872284,3.2514307498931885,0.29945340752601624,0.6416677236557007,3.3553614616394043,-0.07119248062372208,0.43595975637435913,3.335937023162842,-0.38662025332450867,0.42250766544312873,1
2026-09-24T12:26:58.585783,S012,S012_A5_Y_20260924_1226,elevated_20,A5,young,class_1,0.5196613073348999,0.5091066956520081,-0.9903484582901001,0.5458712577819824,0.41611459851264954,-0.9349880218505859,0.5640643835067749,0.41483834385871887,-0.9349271059036255,0.5795555114746094,0.4143894612789154,-0.9350476264953613,0.4759008288383484,0.42333099246025085,-0.9460890889167786,0.45253339409828186,0.42552152276039124,-0.9454705119132996,0.42999768257141113,0.4286162257194519,-0.9458616375923157,0.6093664765357971,0.4492756426334381,-0.5489593744277954,0.41173267364501953,0.463832825422287,-0.5816813707351685,0.5600284934043884,0.5888079404830933,-0.8402572870254517,0.4789502024650574,0.5969268679618835,-0.8478878140449524,0.8061021566390991,0.8664847016334534,-0.2899506688117981,0.24859550595283508,0.8807284235954285,-0.43555235862731934,0.8953297734260559,1.3326537609100342,-0.26674884557724,0.14772716164588928,1.3642991781234741,-0.383978009223938,0.8600103259086609,1.7162963151931763,-0.6380581259727478,0.1851826161146164,1.7399940490722656,-0.7850548028945923,0.8830052614212036,1.8513635396957397,-0.771245002746582,0.16022944450378418,1.8708322048187256,-0.922561764717102,0.8240397572517395,1.8509153127670288,-0.8590447306632996,0.21777920424938202,1.8674228191375732,-1.0066392421722412,0.8051946759223938,1.7935279607772827,-0.6998839974403381,0.23884885013103485,1.8111158609390259,-0.8354912996292114,0.7054185271263123,1.7509900331497192,-0.0156871285289526,0.3662448525428772,1.7628064155578613,0.021423397585749626,0.6873741149902344,2.468334913253784,-0.05131654813885689,0.37383803725242615,2.4766552448272705,-0.06290111690759659,0.6910629272460938,3.1361379623413086,0.5289345979690552,0.3877893388271332,3.1320037841796875,0.3097050189971924,0.6990755796432495,3.2478792667388916,0.5527900457382202,0.38504940271377563,3.245231866836548,0.32296591997146606,0.642851710319519,3.3484301567077637,-0.07042589038610458,0.4384691119194031,3.3299107551574707,-0.3628324866294861,0.4222075079816491,1
2026-09-24T12:26:58.706341,S012,S012_A5_Y_20260924_1226,elevated_20,A5,young,class_1,0.5199975371360779,0.5108148455619812,-0.9794719815254211,0.5463474988937378,0.4174050986766815,-0.9257630109786987,0.5645982027053833,0.41588661074638367,-0.9256442785263062,0.5799998044967651,0.4151299297809601,-0.9257205724716187,0.47666701674461365,0.42491117119789124,-0.9342368841171265,0.4534512460231781,0.4271197021007538,-0.9335657358169556,0.43093734979629517,0.4301456809043884,-0.9339195489883423,0.6094135046005249,0.4493468701839447,-0.5498524904251099,0.4118437170982361,0.46503040194511414,-0.5744364261627197,0.5602465867996216,0.5896128416061401,-0.8336778879165649,0.4793115556240082,0.5981214046478271,-0.8384790420532227,0.8049993515014648,0.8660087585449219,-0.29396703839302063,0.2485906332731247,0.8805468678474426,-0.42801928520202637,0.8947428464889526,1.3319289684295654,-0.2690263092517853,0.14780393242835999,1.3640997409820557,-0.38094645738601685,0.8599815368652344,1.7119108438491821,-0.6486779451370239,0.18007519841194153,1.7286521196365356,-0.7826618552207947,0.8831526637077332,1.8433167934417725,-0.7824770212173462,0.1627950519323349,1.86491858959198,-0.9189996719360352,0.8246392011642456,1.843070387840271,-0.863910973072052,0.21951039135456085,1.8594204187393188,-1.0033321380615234,0.8053406476974487,1.7873790264129639,-0.7087782621383667,0.24052086472511292,1.8036766052246094,-0.8335620164871216,0.7056170701980591,1.7445091009140015,-0.016185540705919266,0.3665996789932251,1.7580792903900146,0.02189440093934536,0.6881645917892456,2.4601223468780518,-0.05309709161520004,0.3744506537914276,2.470811367034912,-0.059258680790662766,0.6923962831497192,3.1292622089385986,0.5281113982200623,0.38886386156082153,3.125422239303589,0.31798526644706726,0.7005034685134888,3.2409963607788086,0.552066445350647,0.3858402371406555,3.23846435546875,0.33266282081604004,0.6444587111473083,3.340148687362671,-0.0716739147901535,0.439697265625,3.3220760822296143,-0.3516313433647156,0.4216940857814651,1
2026-09-24T12:26:58.827732,S012,S012_A5_Y_20260924_1226,elevated_20,A5,young,class_1,0.5212045311927795,0.5107882022857666,-0.976779580116272,0.5467832684516907,0.417521208524704,-0.9218541979789734,0.5649594664573669,0.41602662205696106,-0.9217241406440735,0.5801976919174194,0.41519060730934143,-0.9218137860298157,0.47740882635116577,0.4250183701515198,-0.931674599647522,0.45428386330604553,0.42730364203453064,-0.9309678077697754,0.4316745698451996,0.4304196238517761,-0.9313039779663086,0.6093825101852417,0.4493412971496582,-0.5461148023605347,0.41188210248947144,0.466195285320282,-0.5710709691047668,0.560996413230896,0.5895906090736389,-0.8313209414482117,0.48024874925613403,0.5980243682861328,-0.8372775912284851,0.8039953112602234,0.8635374307632446,-0.2914932370185852,0.2484700232744217,0.8818725347518921,-0.43569913506507874,0.8955224752426147,1.3262932300567627,-0.2720082104206085,0.14782026410102844,1.3707984685897827,-0.3865744173526764,0.8639073371887207,1.70258629322052,-0.6509387493133545,0.1786310076713562,1.7286629676818848,-0.7925582528114319,0.8919888734817505,1.8309990167617798,-0.785319447517395,0.16243213415145874,1.8709757328033447,-0.9311248660087585,0.8331964612007141,1.832662582397461,-0.8654836416244507,0.2193438559770584,1.8658748865127563,-1.0145599842071533,0.8115488290786743,1.779022216796875,-0.7118574380874634,0.24055734276771545,1.8096377849578857,-0.8435817956924438,0.7080482244491577,1.7439911365509033,-0.016380976885557175,0.3676542639732361,1.7581977844238281,0.022054774686694145,0.6937688589096069,2.461259603500366,-0.053773991763591766,0.37963682413101196,2.47139573097229,-0.03828888386487961,0.7034635543823242,3.130296230316162,0.5478849411010742,0.3979951739311218,3.1260151863098145,0.3606410622596741,0.7117601633071899,3.2424638271331787,0.5741337537765503,0.3945816159248352,3.239055633544922,0.37782737612724304,0.6602940559387207,3.3400981426239014,-0.049470752477645874,0.4518123269081116,3.323162794113159,-0.30944377183914185,0.4214798221127322,1
2026-09-24T12:26:58.960835,S012,S012_A5_Y_20260924_1226,elevated_20,A5,young,class_1,0.5215011239051819,0.5066623687744141,-1.017556071281433,0.5471919178962708,0.4147322475910187,-0.9553610682487488,0.5653225183486938,0.413295716047287,-0.9552820324897766,0.5805152654647827,0.41217583417892456,-0.9553519487380981,0.4778749942779541,0.4235348105430603,-0.9688935279846191,0.45454031229019165,0.42617368698120117,-0.9681988954544067,0.4318498969078064,0.4296259582042694,-0.9685649871826172,0.6093517541885376,0.4462820887565613,-0.556730329990387,0.41190385818481445,0.4659214913845062,-0.5968543291091919,0.5612393617630005,0.5852906107902527,-0.8655250668525696,0.48057156801223755,0.5935461521148682,-0.8763238787651062,0.8031073808670044,0.8621309995651245,-0.2927742600440979,0.24846240878105164,0.8843299150466919,-0.4681890904903412,0.8959847688674927,1.3243186473846436,-0.2642809748649597,0.14510798454284668,1.3707276582717896,-0.40183225274086,0.8667117357254028,1.701072096824646,-0.6526317596435547,0.16674639284610748,1.7265808582305908,-0.8071262240409851,0.8962108492851257,1.8299992084503174,-0.7855951189994812,0.16076311469078064,1.8723167181015015,-0.9431616067886353,0.8382387161254883,1.8319990634918213,-0.8651857376098633,0.21829919517040253,1.868341088294983,-1.0248143672943115,0.8157442808151245,1.7774816751480103,-0.713841438293457,0.2392919361591339,1.8111319541931152,-0.8564728498458862,0.7126710414886475,1.74423086643219,-0.016791680827736855,0.3697693347930908,1.758272647857666,0.022515632212162018,0.697057843208313,2.46208119392395,-0.04370304197072983,0.38098400831222534,2.471890449523926,-0.003716103732585907,0.7066232562065125,3.130035877227783,0.6231580376625061,0.3993310332298279,3.1253645420074463,0.4519302248954773,0.7146885991096497,3.242971897125244,0.6545451283454895,0.39567020535469055,3.2381508350372314,0.4748149514198303,0.6647792458534241,3.338292121887207,0.02372974157333374,0.454552561044693,3.322894811630249,-0.2241905927658081,0.42144878482513654,1
2026-09-24T12:26:59.070385,S012,S012_A5_Y_20260924_1226,elevated_20,A5,young,class_1,0.5229027271270752,0.49183958768844604,-1.0163240432739258,0.5483604073524475,0.40640488266944885,-0.9482151865959167,0.5662192702293396,0.40597692131996155,-0.9481132626533508,0.5814844369888306,0.4061008393764496,-0.9481427073478699,0.4798089861869812,0.41348397731781006,-0.9655485153198242,0.4561944007873535,0.4174274802207947,-0.9647904634475708,0.4335963726043701,0.4214589297771454,-0.9651122093200684,0.6095126867294312,0.4433901906013489,-0.5496864318847656,0.4120956361293793,0.46059128642082214,-0.591098964214325,0.5619226694107056,0.5755926370620728,-0.8650230169296265,0.48146238923072815,0.5799791812896729,-0.8714205026626587,0.8027753829956055,0.8618231415748596,-0.29312455654144287,0.24841606616973877,0.8867969512939453,-0.4659838080406189,0.8963568806648254,1.3246784210205078,-0.2627374529838562,0.14416077733039856,1.3724709749221802,-0.39835479855537415,0.8670257329940796,1.699886441230774,-0.6380001902580261,0.16099314391613007,1.7244328260421753,-0.8010480999946594,0.896831214427948,1.8289666175842285,-0.7614956498146057,0.15990030765533447,1.8753383159637451,-0.9340890049934387,0.8381142616271973,1.8304907083511353,-0.8322161436080933,0.2179311215877533,1.8718608617782593,-1.0122077465057373,0.8157190084457397,1.7753963470458984,-0.6942328810691833,0.23885495960712433,1.8138803243637085,-0.8489495515823364,0.7147589921951294,1.7444058656692505,-0.017109522596001625,0.3697085380554199,1.7586878538131714,0.022907907143235207,0.6971346735954285,2.4627907276153564,-0.048130735754966736,0.38043859601020813,2.474323272705078,0.005770498886704445,0.7060107588768005,3.1305954456329346,0.6070262789726257,0.39847859740257263,3.125741481781006,0.43964678049087524,0.714141309261322,3.2435178756713867,0.6364001035690308,0.3950212001800537,3.238469123840332,0.45960456132888794,0.6630119681358337,3.3393747806549072,0.007639099843800068,0.4530230164527893,3.3236045837402344,-0.231525257229805,0.42128602743700455,1
2026-09-24T12:26:59.190924,S012,S012_A5_Y_20260924_1226,elevated_20,A5,young,class_1,0.5254182815551758,0.4825875461101532,-0.9563697576522827,0.5491762161254883,0.4001927077770233,-0.8905223608016968,0.5668192505836487,0.40017732977867126,-0.8902544975280762,0.5821824073791504,0.4009926915168762,-0.8901460766792297,0.48209452629089355,0.4061484932899475,-0.9052342176437378,0.45860791206359863,0.4107537567615509,-0.9044525027275085,0.43655890226364136,0.41552844643592834,-0.9047276377677917,0.6095437407493591,0.4406358599662781,-0.5187650918960571,0.41266512870788574,0.4568069279193878,-0.5639338493347168,0.5633208751678467,0.570044219493866,-0.8182541131973267,0.4844614565372467,0.5722161531448364,-0.8291503190994263,0.8018810153007507,0.8610205054283142,-0.27848953008651733,0.24841415882110596,0.8871470093727112,-0.4630742073059082,0.8970590829849243,1.3172296285629272,-0.24052710831165314,0.14414842426776886,1.371730923652649,-0.39242666959762573,0.8765630722045898,1.6947510242462158,-0.583978533744812,0.161528542637825,1.7169958353042603,-0.7571728229522705,0.9114875793457031,1.8219069242477417,-0.6955044269561768,0.15968310832977295,1.8747485876083374,-0.8856796026229858,0.851597785949707,1.8257813453674316,-0.7646764516830444,0.21785077452659607,1.8713881969451904,-0.9564763307571411,0.8266202807426453,1.7721549272537231,-0.6380301713943481,0.2390296757221222,1.813564419746399,-0.8027216196060181,0.7157797813415527,1.7438286542892456,-0.016554055735468864,0.3696037232875824,1.7582091093063354,0.022497927770018578,0.6972600817680359,2.463367223739624,-0.048119742423295975,0.3800700008869171,2.4747424125671387,0.0035186365712434053,0.7073971629142761,3.1299235820770264,0.5988777875900269,0.3983542323112488,3.1230528354644775,0.43545451760292053,0.7152611613273621,3.2437939643859863,0.6277190446853638,0.3947754502296448,3.235675096511841,0.45746392011642456,0.6668539047241211,3.3341429233551025,-0.001045930664986372,0.4536133408546448,3.3200504779815674,-0.24289579689502716,0.421999374331542,1
2026-09-24T12:26:59.305508,S012,S012_A5_Y_20260924_1226,elevated_20,A5,young,class_1,0.5267997980117798,0.47652414441108704,-0.8845522999763489,0.5494205355644226,0.39593595266342163,-0.8261873126029968,0.5669938325881958,0.3962912857532501,-0.8258589506149292,0.5823721885681152,0.3975241780281067,-0.8257454037666321,0.48318466544151306,0.40132203698158264,-0.836148738861084,0.46005478501319885,0.40638256072998047,-0.8352881669998169,0.4386577010154724,0.41189560294151306,-0.8355646133422852,0.6095403432846069,0.43899503350257874,-0.48472467064857483,0.41349369287490845,0.45533496141433716,-0.512234091758728,0.5643417239189148,0.5658982992172241,-0.7577293515205383,0.48687463998794556,0.5678234100341797,-0.764585554599762,0.801708996295929,0.860640287399292,-0.26604291796684265,0.24849291145801544,0.8872292637825012,-0.44825658202171326,0.8964275121688843,1.3171327114105225,-0.22324088215827942,0.14519725739955902,1.366507649421692,-0.38792896270751953,0.8765384554862976,1.6944152116775513,-0.5196545124053955,0.1667317897081375,1.7173426151275635,-0.7423834800720215,0.9114093780517578,1.820088267326355,-0.6247754096984863,0.16033266484737396,1.8660989999771118,-0.869189441204071,0.8524311184883118,1.824313998222351,-0.6905737519264221,0.2193993777036667,1.86113440990448,-0.9365465044975281,0.8272190093994141,1.7716457843780518,-0.5708000063896179,0.24105751514434814,1.804144263267517,-0.7874153256416321,0.7156405448913574,1.7423075437545776,-0.016436513513326645,0.36812859773635864,1.7559733390808105,0.02243954874575138,0.6971461176872253,2.4625298976898193,-0.02628016099333763,0.37971431016921997,2.4736907482147217,0.008117699064314365,0.7072232961654663,3.126734972000122,0.6281578540802002,0.3980112671852112,3.11745023727417,0.43823832273483276,0.7148553133010864,3.240664482116699,0.6576529145240784,0.3944574296474457,3.228890895843506,0.4597989618778229,0.6692322492599487,3.32837176322937,0.0494568906724453,0.4532085955142975,3.314103603363037,-0.21559853851795197,0.42253414463991223,1
2026-09-24T12:26:59.428144,S012,S012_A5_Y_20260924_1226,elevated_20,A5,young,class_1,0.5270777940750122,0.4731963574886322,-0.8985926508903503,0.5494827032089233,0.3933509290218353,-0.8389598727226257,0.5670504570007324,0.39382216334342957,-0.8387206196784973,0.582423985004425,0.3952304422855377,-0.8386788368225098,0.4834941029548645,0.3982354700565338,-0.8484005928039551,0.46048158407211304,0.40341225266456604,-0.847540557384491,0.4393017292022705,0.40923795104026794,-0.8478510975837708,0.6094777584075928,0.4375227987766266,-0.4858701825141907,0.4138590693473816,0.4538133442401886,-0.5103151798248291,0.5645464062690735,0.5631198287010193,-0.7664006352424622,0.48734474182128906,0.565218985080719,-0.7728468179702759,0.801579475402832,0.8605331182479858,-0.26323401927948,0.24848847091197968,0.8878727555274963,-0.44079145789146423,0.8965360522270203,1.3162155151367188,-0.22033926844596863,0.14676064252853394,1.366410493850708,-0.3871940076351166,0.8767620921134949,1.692808985710144,-0.5282239317893982,0.17627745866775513,1.719893217086792,-0.7479573488235474,0.9110702276229858,1.8184478282928467,-0.6362893581390381,0.1605420857667923,1.8660861253738403,-0.8744449615478516,0.8520762324333191,1.82228422164917,-0.7031246423721313,0.21977078914642334,1.8609466552734375,-0.9412452578544617,0.8272110223770142,1.769690752029419,-0.5794548392295837,0.2414838820695877,1.8037258386611938,-0.791592001914978,0.7156857252120972,1.7417757511138916,-0.01649503782391548,0.36792391538619995,1.7552964687347412,0.02253689244389534,0.6975661516189575,2.461409091949463,-0.02846207097172737,0.37966009974479675,2.4726405143737793,0.010126722045242786,0.7105008959770203,3.1233251094818115,0.6199606657028198,0.4007644057273865,3.113206386566162,0.43138623237609863,0.7181552052497864,3.2376134395599365,0.6487419605255127,0.39738327264785767,3.2245380878448486,0.4514898657798767,0.674298107624054,3.323845148086548,0.03461996093392372,0.4575672745704651,3.3095271587371826,-0.22294878959655762,0.42255581224598054,1
2026-09-24T12:26:59.560761,S012,S012_A5_Y_20260924_1226,elevated_20,A5,young,class_1,0.5269646644592285,0.4713970422744751,-0.8677234649658203,0.5494785904884338,0.3921860158443451,-0.809486985206604,0.5670695304870605,0.39283016324043274,-0.8091370463371277,0.5824503898620605,0.3943592607975006,-0.8089970350265503,0.48359718918800354,0.39656028151512146,-0.8161023259162903,0.46072205901145935,0.40164676308631897,-0.8152077794075012,0.43975406885147095,0.4074362814426422,-0.8154784440994263,0.6094845533370972,0.43705806136131287,-0.4712815284729004,0.4144001603126526,0.452485591173172,-0.48480361700057983,0.564574658870697,0.5615817308425903,-0.7426930069923401,0.4874129295349121,0.563245415687561,-0.7461240887641907,0.8009699583053589,0.8604475855827332,-0.2552568316459656,0.24847766757011414,0.8878709077835083,-0.4256344437599182,0.8962100148200989,1.315899133682251,-0.20741987228393555,0.1463434398174286,1.3567336797714233,-0.3790503740310669,0.8774626851081848,1.6890373229980469,-0.49585041403770447,0.16873107850551605,1.7090786695480347,-0.7430590987205505,0.9126049876213074,1.8111129999160767,-0.5986329317092896,0.1586119681596756,1.8526020050048828,-0.869766354560852,0.8550493121147156,1.813782811164856,-0.6639507412910461,0.21891000866889954,1.8451464176177979,-0.9349142909049988,0.8292916417121887,1.7633557319641113,-0.546464741230011,0.2410655915737152,1.7892403602600098,-0.7873395681381226,0.7157419919967651,1.739331603050232,-0.016045445576310158,0.3676677346229553,1.7516988515853882,0.02216261997818947,0.6974776983261108,2.459463357925415,-0.029611755162477493,0.37956422567367554,2.470238208770752,0.008198336698114872,0.7102383375167847,3.1209630966186523,0.596230685710907,0.4005877375602722,3.1090176105499268,0.40358901023864746,0.7178093194961548,3.2356789112091064,0.620944619178772,0.39710676670074463,3.2192893028259277,0.4198327660560608,0.6746056079864502,3.31815505027771,0.013583933003246784,0.45746588706970215,3.305363178253174,-0.2449062168598175,0.42362723625644844,1
2026-09-24T12:26:59.737025,S012,S012_A5_Y_20260924_1226,elevated_20,A5,young,class_1,0.5269740223884583,0.4699370265007019,-0.8637170791625977,0.5495997667312622,0.3911501467227936,-0.8051521182060242,0.5671927332878113,0.39193207025527954,-0.8048187494277954,0.582656741142273,0.3935665786266327,-0.8046988248825073,0.48379698395729065,0.39510276913642883,-0.8112927675247192,0.46105146408081055,0.40005168318748474,-0.8103643655776978,0.440284788608551,0.4057989716529846,-0.8106226921081543,0.6094939708709717,0.43641698360443115,-0.46599069237709045,0.4148597717285156,0.4506729543209076,-0.4760877192020416,0.56472247838974,0.5601333379745483,-0.7381764650344849,0.4874967038631439,0.5611795783042908,-0.7408432364463806,0.8002845644950867,0.8601934313774109,-0.25707003474235535,0.24828705191612244,0.8878670334815979,-0.4138966202735901,0.8963037729263306,1.316077709197998,-0.2142208367586136,0.1463010609149933,1.355588674545288,-0.3704482913017273,0.87736576795578,1.6868717670440674,-0.5075625777244568,0.1668853461742401,1.7046326398849487,-0.7417150735855103,0.9121369123458862,1.8081390857696533,-0.6137372255325317,0.1582966148853302,1.8471474647521973,-0.8683797717094421,0.8543451428413391,1.8093430995941162,-0.6754143238067627,0.21855680644512177,1.8384467363357544,-0.935278058052063,0.8288863301277161,1.7592369318008423,-0.5567494630813599,0.24080193042755127,1.783094048500061,-0.7872072458267212,0.715743362903595,1.7382687330245972,-0.016614994034171104,0.36743777990341187,1.7500426769256592,0.022806452587246895,0.69724041223526,2.458923101425171,-0.03354986757040024,0.3794320523738861,2.4698941707611084,0.012403239496052265,0.7100868821144104,3.120086193084717,0.5917869806289673,0.40037909150123596,3.1089181900024414,0.40700775384902954,0.7177228927612305,3.234624147415161,0.6165923476219177,0.39698541164398193,3.219290018081665,0.4237233102321625,0.673545241355896,3.3175599575042725,0.01199182029813528,0.45709967613220215,3.3053653240203857,-0.24109211564064026,0.4240315383326423,1
2026-09-24T12:26:59.900477,S012,S012_A5_Y_20260924_1226,elevated_20,A5,young,class_1,0.5272647142410278,0.46832147240638733,-0.8464221954345703,0.5499457716941833,0.3900969922542572,-0.7880692481994629,0.5675133466720581,0.3910200297832489,-0.7876459956169128,0.5831975340843201,0.3927834630012512,-0.7874504327774048,0.4841732978820801,0.3938794434070587,-0.792728066444397,0.46150779724121094,0.39877715706825256,-0.7917799949645996,0.44090381264686584,0.404553085565567,-0.7920398116111755,0.6096480488777161,0.4361698031425476,-0.45875245332717896,0.41522693634033203,0.44942671060562134,-0.46388769149780273,0.5650762319564819,0.5589519739151001,-0.7250193953514099,0.48762550950050354,0.5593782067298889,-0.7263810038566589,0.7999821901321411,0.8602921366691589,-0.2560872435569763,0.24714453518390656,0.8879227042198181,-0.39791736006736755,0.8963963389396667,1.3185213804244995,-0.20323047041893005,0.14607879519462585,1.3532646894454956,-0.30825987458229065,0.8752630949020386,1.687314748764038,-0.47318750619888306,0.16980209946632385,1.7049118280410767,-0.6317064762115479,0.9097526669502258,1.809133768081665,-0.5778010487556458,0.15815648436546326,1.8466099500656128,-0.7507473230361938,0.8514640927314758,1.8100565671920776,-0.636005163192749,0.21851544082164764,1.8370747566223145,-0.8196194767951965,0.8257395625114441,1.7597413063049316,-0.5210195183753967,0.2407742440700531,1.7815964221954346,-0.6786237955093384,0.7154009342193604,1.7381900548934937,-0.01676737144589424,0.36516425013542175,1.7494120597839355,0.02295653522014618,0.6937825679779053,2.45912504196167,-0.03901755437254906,0.3754153251647949,2.469698429107666,0.009824337437748909,0.7060322761535645,3.120368242263794,0.5707611441612244,0.3968694806098938,3.1084189414978027,0.3917769491672516,0.7133254408836365,3.2348556518554688,0.5944115519523621,0.3935752809047699,3.219041109085083,0.40713223814964294,0.6690543293952942,3.3181962966918945,-0.012413634918630123,0.4537484049797058,3.304436683654785,-0.2533729672431946,0.424507696822633,1
2026-09-24T12:27:00.037620,S012,S012_A5_Y_20260924_1226,elevated_20,A5,young,class_1,0.527437686920166,0.46724456548690796,-0.8508967161178589,0.5501729249954224,0.3894501030445099,-0.7923752069473267,0.5677193403244019,0.3904409110546112,-0.7919961810112,0.5835382342338562,0.392307847738266,-0.7918511033058167,0.4844425618648529,0.393265038728714,-0.7983913421630859,0.4618453085422516,0.39813631772994995,-0.797487735748291,0.4413493573665619,0.403872013092041,-0.7977569103240967,0.6097688674926758,0.43606510758399963,-0.45907098054885864,0.4154420793056488,0.44875478744506836,-0.468318372964859,0.5652762651443481,0.5574464797973633,-0.7273282408714294,0.4877696633338928,0.5575740933418274,-0.7300726175308228,0.7999045848846436,0.8598023653030396,-0.25742024183273315,0.24707850813865662,0.888776421546936,-0.3981162905693054,0.8965133428573608,1.3186851739883423,-0.20819994807243347,0.1460997611284256,1.3532887697219849,-0.3117133677005768,0.8752608299255371,1.6875922679901123,-0.4887716770172119,0.17761552333831787,1.7076507806777954,-0.6434497237205505,0.9096134901046753,1.8094009160995483,-0.5949996113777161,0.1584644615650177,1.8476083278656006,-0.7638763189315796,0.8511780500411987,1.8100950717926025,-0.654960036277771,0.21881349384784698,1.8385426998138428,-0.8334997296333313,0.825637936592102,1.7597291469573975,-0.537283718585968,0.24112792313098907,1.7828861474990845,-0.6902769804000854,0.715623140335083,1.7380439043045044,-0.017056357115507126,0.36514779925346375,1.7494665384292603,0.023289505392313004,0.6957679390907288,2.459195375442505,-0.039838455617427826,0.37776705622673035,2.469742774963379,0.01386474259197712,0.711118757724762,3.1199300289154053,0.5792117118835449,0.4023990035057068,3.108706474304199,0.4063414931297302,0.7189605236053467,3.2341039180755615,0.605155885219574,0.3991847336292267,3.2194530963897705,0.42378944158554077,0.6744341254234314,3.3183834552764893,0.001953022787347436,0.4596906304359436,3.3046371936798096,-0.232525035738945,0.42443612957513877,1
2026-09-24T12:27:00.165878,S012,S012_A5_Y_20260924_1226,elevated_20,A5,young,class_1,0.5280707478523254,0.46723175048828125,-0.835020899772644,0.5510488152503967,0.3893600404262543,-0.7794317007064819,0.5685144662857056,0.39037439227104187,-0.7790395617485046,0.5848485231399536,0.39226967096328735,-0.7789195775985718,0.4852886199951172,0.39313822984695435,-0.7850515842437744,0.4627140164375305,0.3979085087776184,-0.7841482758522034,0.44244176149368286,0.40352538228034973,-0.7844115495681763,0.6108546257019043,0.43599167466163635,-0.44922417402267456,0.41586366295814514,0.4478401243686676,-0.4572102129459381,0.5656009912490845,0.557106077671051,-0.7111351490020752,0.4881528317928314,0.5570794939994812,-0.7134528756141663,0.7997792959213257,0.8577263355255127,-0.2522071599960327,0.24701103568077087,0.888295590877533,-0.38788673281669617,0.8956162333488464,1.3193906545639038,-0.20934021472930908,0.14852696657180786,1.3460063934326172,-0.3106151223182678,0.8690511584281921,1.6879031658172607,-0.493878036737442,0.1798502504825592,1.7017929553985596,-0.6595269441604614,0.9011887311935425,1.809913158416748,-0.6013408303260803,0.16011710464954376,1.8363279104232788,-0.7823973894119263,0.8421295881271362,1.8097063302993774,-0.6613823771476746,0.2200055569410324,1.827877163887024,-0.8525112271308899,0.818060576915741,1.759285807609558,-0.5421045422554016,0.24252858757972717,1.7727879285812378,-0.707062304019928,0.7133935689926147,1.7371504306793213,-0.01717236265540123,0.3633307218551636,1.747843861579895,0.023405227810144424,0.691548228263855,2.4579036235809326,-0.023329485207796097,0.3750865161418915,2.4656946659088135,0.019162427634000778,0.704951822757721,3.115849018096924,0.6086370944976807,0.398048460483551,3.102579355239868,0.42599624395370483,0.7123905420303345,3.2287890911102295,0.637878954410553,0.39478737115859985,3.213223934173584,0.4464426636695862,0.6672710180282593,3.3143129348754883,0.045942507684230804,0.4543824791908264,3.2967965602874756,-0.20164147019386292,0.42422903883297375,1
2026-09-24T12:27:00.304469,S012,S012_A5_Y_20260924_1226,elevated_20,A5,young,class_1,0.5297040939331055,0.4673536717891693,-0.8249030113220215,0.5531442761421204,0.3892807364463806,-0.7722253203392029,0.5702734589576721,0.3903473913669586,-0.7718385457992554,0.5874491333961487,0.3922726809978485,-0.771725594997406,0.48752737045288086,0.3927922546863556,-0.7793751358985901,0.4647805690765381,0.39736759662628174,-0.778499186038971,0.44486913084983826,0.4028622508049011,-0.7787641286849976,0.612897515296936,0.43587908148765564,-0.44180017709732056,0.4166765809059143,0.44655925035476685,-0.45537033677101135,0.5661531686782837,0.55706387758255,-0.6991174221038818,0.48894357681274414,0.5569776892662048,-0.7031980752944946,0.7991868257522583,0.8563064336776733,-0.24603240191936493,0.24586252868175507,0.887675940990448,-0.38139840960502625,0.8893583416938782,1.3194659948349,-0.2020043581724167,0.14860238134860992,1.3334513902664185,-0.3096463084220886,0.8617920875549316,1.6868407726287842,-0.4851335883140564,0.18151631951332092,1.6967778205871582,-0.6677254438400269,0.8925836682319641,1.807526707649231,-0.5917088985443115,0.16061784327030182,1.8263038396835327,-0.7904571890830994,0.8363825678825378,1.8056817054748535,-0.6525558233261108,0.2058958113193512,1.813446283340454,-0.8589622378349304,0.8130586743354797,1.7557673454284668,-0.5332628488540649,0.24351465702056885,1.7585110664367676,-0.714664101600647,0.7099294662475586,1.7354109287261963,-0.017987120896577835,0.3598267436027527,1.7450883388519287,0.024207081645727158,0.6880320310592651,2.455245018005371,0.013708772137761116,0.3720846474170685,2.4615683555603027,0.037977226078510284,0.7001944184303284,3.1094629764556885,0.6971036195755005,0.3944719135761261,3.097137212753296,0.4984765648841858,0.7067710161209106,3.2194371223449707,0.7328378558158875,0.39123639464378357,3.207265615463257,0.5264083743095398,0.6637758016586304,3.3106534481048584,0.1532621681690216,0.4491233825683594,3.290123224258423,-0.121281698346138,0.4241518087502768,1
2026-09-24T12:27:00.456709,S012,S012_A5_Y_20260924_1226,elevated_20,A5,young,class_1,0.529821515083313,0.4673883318901062,-0.8223788142204285,0.5538820028305054,0.3891400694847107,-0.7721636891365051,0.5710277557373047,0.39028432965278625,-0.7717746496200562,0.5887329578399658,0.39226895570755005,-0.771632730960846,0.48810863494873047,0.39242181181907654,-0.7765299081802368,0.4653829038143158,0.3968603014945984,-0.7756584286689758,0.4455864429473877,0.4022425711154938,-0.7759498357772827,0.6145709753036499,0.4358219802379608,-0.44633665680885315,0.4169948697090149,0.4453207552433014,-0.45195668935775757,0.5661534070968628,0.557025671005249,-0.698347806930542,0.48894253373146057,0.5568515062332153,-0.6994180679321289,0.7988322973251343,0.8558890223503113,-0.24414841830730438,0.24566428363323212,0.8846502900123596,-0.375074565410614,0.8858766555786133,1.3205684423446655,-0.1969095766544342,0.14813025295734406,1.325417160987854,-0.28276342153549194,0.853896975517273,1.6870296001434326,-0.4829636514186859,0.18205225467681885,1.693604588508606,-0.6039780974388123,0.8828096389770508,1.807716965675354,-0.5914081335067749,0.15967103838920593,1.8227332830429077,-0.7239354848861694,0.8279086351394653,1.804385781288147,-0.6541351079940796,0.20599403977394104,1.8106040954589844,-0.7951761484146118,0.8046652674674988,1.7544747591018677,-0.5323541164398193,0.24262146651744843,1.7559959888458252,-0.6510584950447083,0.7069237232208252,1.731682538986206,-0.016760941594839096,0.35822200775146484,1.7402867078781128,0.022983530536293983,0.6821439862251282,2.4485886096954346,0.006234233267605305,0.3678590953350067,2.451215982437134,0.004688133019953966,0.6923061609268188,3.1020572185516357,0.6192444562911987,0.38901418447494507,3.085914373397827,0.3955208659172058,0.6985136270523071,3.211469888687134,0.6467447876930237,0.3855143189430237,3.1955254077911377,0.4146391451358795,0.6535400152206421,3.3045783042907715,0.07896614074707031,0.4439656734466553,3.278289794921875,-0.22728046774864197,0.42483746968639136,1
2026-09-24T12:27:00.597752,S012,S012_A5_Y_20260924_1226,elevated_20,A5,young,class_1,0.5298416614532471,0.46666163206100464,-0.8422768712043762,0.5540902018547058,0.388497918844223,-0.790433943271637,0.5712848901748657,0.3897882103919983,-0.7900357246398926,0.5892499089241028,0.39193812012672424,-0.7898968458175659,0.4881884455680847,0.39170485734939575,-0.7955725789070129,0.4654964804649353,0.39613714814186096,-0.7948479056358337,0.4456879496574402,0.4015210270881653,-0.7951532602310181,0.6151922345161438,0.4356423616409302,-0.45827022194862366,0.4171067774295807,0.4443630278110504,-0.4670073986053467,0.566254734992981,0.5565550923347473,-0.7156739830970764,0.48896917700767517,0.5559328198432922,-0.7175659537315369,0.7985891699790955,0.8557479977607727,-0.2510684132575989,0.24569816887378693,0.884658694267273,-0.3967137932777405,0.8858407735824585,1.3212192058563232,-0.23276610672473907,0.15079525113105774,1.3316551446914673,-0.3662905693054199,0.8525117635726929,1.687551498413086,-0.565261721611023,0.18767043948173523,1.7016385793685913,-0.7765020132064819,0.8811451196670532,1.809511661529541,-0.6817601919174194,0.16065265238285065,1.8290594816207886,-0.91545170545578,0.8244778513908386,1.806142807006836,-0.7519863843917847,0.21208444237709045,1.820247769355774,-0.9816228747367859,0.8020164370536804,1.75531804561615,-0.6177988648414612,0.2443338930606842,1.764157772064209,-0.8231964111328125,0.7075031995773315,1.7317452430725098,-0.013080915436148643,0.35890135169029236,1.740356683731079,0.019332416355609894,0.682197093963623,2.4491043090820312,0.010168090462684631,0.368019163608551,2.451824426651001,-0.003965991549193859,0.6925216317176819,3.1024556159973145,0.6331604719161987,0.38881778717041016,3.0865671634674072,0.3909095227718353,0.6987758874893188,3.211728572845459,0.6617563962936401,0.3852826654911041,3.195754051208496,0.40890806913375854,0.6537137627601624,3.304771900177002,0.07802103459835052,0.4438723921775818,3.28315806388855,-0.23915798962116241,0.4252361711051807,1
2026-09-24T12:27:00.757213,S012,S012_A5_Y_20260924_1226,elevated_20,A5,young,class_1,0.5295751094818115,0.46564310789108276,-0.9495131373405457,0.5541256666183472,0.38737553358078003,-0.8924742937088013,0.571398138999939,0.3887990117073059,-0.8921549916267395,0.5896162986755371,0.3911682069301605,-0.8920189738273621,0.48809972405433655,0.3902956247329712,-0.8949286341667175,0.46541690826416016,0.39466190338134766,-0.8941673040390015,0.4455844759941101,0.4001117944717407,-0.8944813013076782,0.6164790987968445,0.4352743327617645,-0.5345680117607117,0.41717854142189026,0.44245609641075134,-0.5266896486282349,0.5662549734115601,0.556262195110321,-0.8145338296890259,0.48879337310791016,0.5550293326377869,-0.8119813203811646,0.8001725077629089,0.8559995293617249,-0.3156668245792389,0.24576914310455322,0.8849385976791382,-0.43768948316574097,0.8914470672607422,1.3361133337020874,-0.3355312943458557,0.1607195883989334,1.3670790195465088,-0.504708468914032,0.852783203125,1.7049416303634644,-0.7068836092948914,0.18961818516254425,1.7356619834899902,-1.1050423383712769,0.8808608055114746,1.8357776403427124,-0.8378844261169434,0.1604904681444168,1.8685256242752075,-1.2694127559661865,0.8200241923332214,1.8309367895126343,-0.9017626643180847,0.21348802745342255,1.8581432104110718,-1.344393014907837,0.7986149191856384,1.775998830795288,-0.7576844692230225,0.24479791522026062,1.7993372678756714,-1.1606037616729736,0.7084240913391113,1.7390233278274536,-0.01455830316990614,0.35883328318595886,1.7474520206451416,0.021052774041891098,0.6857985258102417,2.4656624794006348,0.019029181450605392,0.3680526912212372,2.4712347984313965,0.025731611996889114,0.6951810121536255,3.1180636882781982,0.7186819314956665,0.38895589113235474,3.1065587997436523,0.4975135326385498,0.7027093768119812,3.2288129329681396,0.7535837888717651,0.3855052590370178,3.2167794704437256,0.5229253172874451,0.6538441181182861,3.3279566764831543,0.1380538046360016,0.4442099630832672,3.3136963844299316,-0.16035985946655273,0.4256576843077765,1
2026-09-24T12:27:00.905797,S012,S012_A5_Y_20260924_1226,elevated_20,A5,young,class_1,0.5294098258018494,0.4646000564098358,-0.9382110834121704,0.5541964173316956,0.3856678009033203,-0.8787004351615906,0.5715349912643433,0.3870096802711487,-0.8783984184265137,0.5900068879127502,0.38936787843704224,-0.8783162236213684,0.4878740906715393,0.38878849148750305,-0.883904755115509,0.4651223123073578,0.3932114839553833,-0.8831170201301575,0.4451477527618408,0.39875978231430054,-0.8834050893783569,0.6176883578300476,0.43385007977485657,-0.5240427255630493,0.41722115874290466,0.4410063922405243,-0.5218890905380249,0.5663280487060547,0.5559303760528564,-0.802759051322937,0.48842769861221313,0.5544201731681824,-0.8047359585762024,0.801556408405304,0.8561967611312866,-0.30711936950683594,0.2453281581401825,0.8850225210189819,-0.4346197247505188,0.894424319267273,1.3461347818374634,-0.30569493770599365,0.16029849648475647,1.371806263923645,-0.47336190938949585,0.85260009765625,1.7240315675735474,-0.6474623084068298,0.18950895965099335,1.7481120824813843,-1.0147610902786255,0.8800420761108398,1.857897400856018,-0.768337607383728,0.16024670004844666,1.8838602304458618,-1.1546566486358643,0.8172758221626282,1.8507364988327026,-0.8328540921211243,0.21400658786296844,1.8727073669433594,-1.2111008167266846,0.7962389588356018,1.7944992780685425,-0.6983665227890015,0.24478673934936523,1.813734769821167,-1.0564028024673462,0.7085272073745728,1.745464563369751,-0.014694822020828724,0.3566346764564514,1.7536333799362183,0.0212610624730587,0.6856099367141724,2.478149890899658,0.05600401759147644,0.3645695745944977,2.4825949668884277,0.04770416393876076,0.6928197741508484,3.1277992725372314,0.7879154086112976,0.38306206464767456,3.1154568195343018,0.5554616451263428,0.7000709772109985,3.2388088703155518,0.8269612193107605,0.3801884055137634,3.225311756134033,0.5868164300918579,0.6497294902801514,3.341454267501831,0.23463468253612518,0.43869414925575256,3.326533555984497,-0.0768619105219841,0.42632237415327007,1
2026-09-24T12:27:01.057956,S012,S012_A5_Y_20260924_1226,elevated_20,A5,young,class_1,0.5292245745658875,0.46299952268600464,-0.8750858306884766,0.5543675422668457,0.38435277342796326,-0.8208511471748352,0.5718285441398621,0.3858586251735687,-0.8204798698425293,0.5907496213912964,0.3883857727050781,-0.8203303217887878,0.4878045618534088,0.38698169589042664,-0.822012722492218,0.4650295376777649,0.3912445604801178,-0.8211437463760376,0.44499683380126953,0.39681652188301086,-0.8214619755744934,0.6192291975021362,0.4333309531211853,-0.4850260317325592,0.4172516465187073,0.43928810954093933,-0.47059908509254456,0.5663526058197021,0.5552074313163757,-0.7471712231636047,0.4879513382911682,0.5529746413230896,-0.7435930967330933,0.8023757934570312,0.8561697602272034,-0.2829076945781708,0.24533429741859436,0.884438157081604,-0.4015434682369232,0.8953436613082886,1.3472684621810913,-0.2867735028266907,0.1611952781677246,1.3707163333892822,-0.3585856556892395,0.8520135879516602,1.7225608825683594,-0.6333829164505005,0.1837945431470871,1.745977759361267,-0.7678661942481995,0.8781379461288452,1.8550642728805542,-0.7619212865829468,0.15821753442287445,1.881637454032898,-0.9001948237419128,0.8154476284980774,1.8480874300003052,-0.8175275921821594,0.2141384333372116,1.870283842086792,-0.9766440391540527,0.7949548959732056,1.7924467325210571,-0.6805936098098755,0.24476954340934753,1.8117311000823975,-0.8187990188598633,0.7094429135322571,1.7455477714538574,-0.01478818990290165,0.3567311763763428,1.7536827325820923,0.021356189623475075,0.6856321096420288,2.4775643348693848,0.04149005562067032,0.3646318316459656,2.4820799827575684,0.042902715504169464,0.6928071975708008,3.1279590129852295,0.7498741149902344,0.38301464915275574,3.115295886993408,0.5207352042198181,0.7000536918640137,3.238983631134033,0.7872413396835327,0.3802345395088196,3.225214958190918,0.5492087602615356,0.6496651768684387,3.340686082839966,0.1834631711244583,0.43878546357154846,3.3252365589141846,-0.09790752828121185,0.42670110647973025,1
2026-09-24T12:27:01.205542,S012,S012_A5_Y_20260924_1226,elevated_20,A5,young,class_1,0.5291720628738403,0.46236786246299744,-0.8608177304267883,0.5543765425682068,0.383518785238266,-0.8062335252761841,0.5718390941619873,0.38502809405326843,-0.80583655834198,0.5907855033874512,0.3876272737979889,-0.8056510090827942,0.4877804219722748,0.38621464371681213,-0.8073503375053406,0.46498918533325195,0.3905414938926697,-0.8065029382705688,0.4448813796043396,0.3962049186229706,-0.8068059086799622,0.6193121671676636,0.43292444944381714,-0.4747352600097656,0.4172554910182953,0.4385765492916107,-0.46141141653060913,0.5663570761680603,0.5549214482307434,-0.735397458076477,0.4877835214138031,0.5525036454200745,-0.731651246547699,0.8023980855941772,0.8561774492263794,-0.2712639272212982,0.2452625036239624,0.8845494389533997,-0.3989306688308716,0.8953520059585571,1.3491097688674927,-0.2855583429336548,0.1612667590379715,1.3732779026031494,-0.3671194911003113,0.8517950773239136,1.72270667552948,-0.6165294051170349,0.1841702163219452,1.7547965049743652,-0.8213796615600586,0.8780083656311035,1.85421884059906,-0.7396938800811768,0.15619751811027527,1.891913652420044,-0.9630244970321655,0.8155811429023743,1.8468106985092163,-0.7986729741096497,0.2140430212020874,1.8814740180969238,-1.0343025922775269,0.794818639755249,1.7918821573257446,-0.6647037267684937,0.2444305419921875,1.822303056716919,-0.8728206753730774,0.7095116376876831,1.7472217082977295,-0.01353941299021244,0.3563503324985504,1.7552930116653442,0.02018575184047222,0.6847635507583618,2.480430841445923,0.05823560431599617,0.3634384274482727,2.4838991165161133,0.039369501173496246,0.6915735006332397,3.130521059036255,0.749658465385437,0.3818899691104889,3.11608624458313,0.5026534199714661,0.6988623738288879,3.2420270442962646,0.7839546203613281,0.379291832447052,3.225429058074951,0.5284360647201538,0.6485029458999634,3.34136962890625,0.1899873912334442,0.43865957856178284,3.3265011310577393,-0.12732750177383423,0.42724032594858063,1
2026-09-24T12:27:01.329136,S012,S012_A5_Y_20260924_1226,elevated_20,A5,young,class_1,0.529159665107727,0.4624065160751343,-0.8384585380554199,0.5544261932373047,0.3832680583000183,-0.7882070541381836,0.5718691349029541,0.38472098112106323,-0.7877359390258789,0.5908606648445129,0.3872773349285126,-0.787540078163147,0.48776617646217346,0.38600975275039673,-0.7870979905128479,0.4649569094181061,0.3903317451477051,-0.7862614989280701,0.4447934627532959,0.39596250653266907,-0.7865487337112427,0.619486391544342,0.432621031999588,-0.46555382013320923,0.41724061965942383,0.4381004273891449,-0.44323521852493286,0.5664051175117493,0.554930567741394,-0.7157027721405029,0.4877677857875824,0.5525225400924683,-0.7088037729263306,0.8025602102279663,0.8561168313026428,-0.2667272686958313,0.24565863609313965,0.8833827376365662,-0.3726302683353424,0.8958524465560913,1.3486924171447754,-0.2828896939754486,0.16106674075126648,1.364475131034851,-0.3540450632572174,0.8517061471939087,1.7223114967346191,-0.6103448867797852,0.18456050753593445,1.7439156770706177,-0.8122435808181763,0.8774853944778442,1.8528156280517578,-0.7290251851081848,0.1558389514684677,1.8783949613571167,-0.9511605501174927,0.8158730268478394,1.839988112449646,-0.7977538704872131,0.19501528143882751,1.8632774353027344,-1.02390456199646,0.7949648499488831,1.7874372005462646,-0.6628600358963013,0.24384644627571106,1.8065791130065918,-0.8639165163040161,0.7096993327140808,1.7471710443496704,-0.01461202371865511,0.3563768267631531,1.7552752494812012,0.02120727300643921,0.6843447685241699,2.4799184799194336,0.0740509107708931,0.36346596479415894,2.483776092529297,0.0493466891348362,0.6898571848869324,3.130251407623291,0.7746089100837708,0.3816193640232086,3.1155762672424316,0.5373111963272095,0.6969821453094482,3.240764617919922,0.8102216720581055,0.3791484534740448,3.224113702774048,0.5674251317977905,0.6466476321220398,3.3403995037078857,0.22349727153778076,0.43822377920150757,3.3252031803131104,-0.08825469017028809,0.4284651829388388,1
2026-09-24T12:27:01.437620,S012,S012_A5_Y_20260924_1226,elevated_20,A5,young,class_1,0.5291486382484436,0.46247756481170654,-0.8355361223220825,0.5544676184654236,0.3832187056541443,-0.7829309701919556,0.5718955397605896,0.3846342861652374,-0.7824561595916748,0.5909055471420288,0.3871622383594513,-0.7822054624557495,0.48775067925453186,0.38602209091186523,-0.7824258804321289,0.46490994095802307,0.3903599679470062,-0.7815433740615845,0.44469159841537476,0.39598768949508667,-0.7818251252174377,0.6195400953292847,0.4324788451194763,-0.4575430452823639,0.4171972870826721,0.4381044805049896,-0.43845170736312866,0.5664894580841064,0.5549536347389221,-0.7125131487846375,0.48775237798690796,0.5525692701339722,-0.7068283557891846,0.8031711578369141,0.8566319942474365,-0.259034663438797,0.24576738476753235,0.8825349807739258,-0.37195467948913574,0.8960191011428833,1.3492190837860107,-0.281347393989563,0.16202716529369354,1.364376187324524,-0.35834017395973206,0.851689338684082,1.7216012477874756,-0.6027172207832336,0.18581455945968628,1.742668867111206,-0.8442476987838745,0.87744140625,1.8516062498092651,-0.7212291955947876,0.1558026820421219,1.8770290613174438,-0.988556981086731,0.81597900390625,1.8393462896347046,-0.7867482304573059,0.1990571916103363,1.860343098640442,-1.0581103563308716,0.7949355840682983,1.7867628335952759,-0.6539198160171509,0.24388368427753448,1.8036482334136963,-0.8960229754447937,0.7102672457695007,1.7471222877502441,-0.014268128201365471,0.3563341498374939,1.7551034688949585,0.02092825435101986,0.6834776997566223,2.4795920848846436,0.06815024465322495,0.36180227994918823,2.4825446605682373,0.03637237101793289,0.6881399154663086,3.130028009414673,0.7502314448356628,0.3786061704158783,3.112727165222168,0.48803281784057617,0.6952416300773621,3.2407121658325195,0.7790181636810303,0.3762010931968689,3.2203707695007324,0.5113589763641357,0.6446141004562378,3.3386547565460205,0.17454038560390472,0.4358660578727722,3.322779893875122,-0.15183588862419128,0.4293505308751678,1
2026-09-24T12:27:01.598264,S012,S012_A5_Y_20260924_1226,elevated_20,A5,young,class_1,0.5294453501701355,0.46249040961265564,-0.8393059968948364,0.5546274781227112,0.38305696845054626,-0.7863653302192688,0.5720401406288147,0.3844464123249054,-0.7859137654304504,0.5911046266555786,0.38697415590286255,-0.7856805324554443,0.48782235383987427,0.3859613239765167,-0.786729097366333,0.4649515748023987,0.3903310000896454,-0.7858549356460571,0.44470587372779846,0.3959724009037018,-0.7861444354057312,0.6196801662445068,0.4322095215320587,-0.45912304520606995,0.41720908880233765,0.4380943477153778,-0.44133704900741577,0.5669339299201965,0.5549576878547668,-0.7154601812362671,0.4879457950592041,0.5525898337364197,-0.7105888724327087,0.8039942979812622,0.8581288456916809,-0.25841662287712097,0.24434390664100647,0.8825191259384155,-0.38106971979141235,0.898863673210144,1.3542979955673218,-0.2697925567626953,0.15650098025798798,1.365132212638855,-0.3278349041938782,0.8534245491027832,1.7329764366149902,-0.6023265719413757,0.1827792376279831,1.7535192966461182,-0.6850711107254028,0.8787614703178406,1.8641084432601929,-0.7196382284164429,0.15040919184684753,1.889999508857727,-0.8115575909614563,0.8166489601135254,1.8508213758468628,-0.785509467124939,0.19986724853515625,1.875610589981079,-0.8907400965690613,0.795459508895874,1.7973936796188354,-0.6529180407524109,0.23977799713611603,1.8189890384674072,-0.7366007566452026,0.7098404169082642,1.7527374029159546,-0.013660237193107605,0.3544023931026459,1.7602570056915283,0.020358672365546227,0.6791899800300598,2.485077381134033,0.04889827221632004,0.3554847240447998,2.484848737716675,0.009134757332503796,0.6793886423110962,3.137242078781128,0.6806100606918335,0.3674148917198181,3.11784291267395,0.42254820466041565,0.6856120824813843,3.24780011177063,0.7066583633422852,0.36446473002433777,3.2264366149902344,0.4424208700656891,0.6337974071502686,3.3476316928863525,0.11295144259929657,0.42338791489601135,3.3266611099243164,-0.21360942721366882,0.43041452696385907,1
2026-09-24T12:27:01.711482,S012,S012_A5_Y_20260924_1226,elevated_20,A5,young,class_1,0.5295243859291077,0.4625106453895569,-0.8695201873779297,0.5546501278877258,0.3830510973930359,-0.8134194612503052,0.5720680356025696,0.3844335675239563,-0.8131324052810669,0.5911163687705994,0.3869627118110657,-0.8130562901496887,0.48782604932785034,0.3860025107860565,-0.8182116746902466,0.46495646238327026,0.39043477177619934,-0.8174060583114624,0.4447060525417328,0.3961098790168762,-0.8178071975708008,0.6196666955947876,0.43219223618507385,-0.47000718116760254,0.41723862290382385,0.4383983016014099,-0.4707491993904114,0.5671661496162415,0.5549735426902771,-0.7384393215179443,0.48811259865760803,0.552636981010437,-0.739101767539978,0.8040591478347778,0.8587567210197449,-0.26184383034706116,0.24422499537467957,0.8827701210975647,-0.4060840606689453,0.9002319574356079,1.355104684829712,-0.26668912172317505,0.1526280641555786,1.3678052425384521,-0.3303949534893036,0.8555809259414673,1.734615445137024,-0.5980193018913269,0.17906814813613892,1.7571481466293335,-0.6954149007797241,0.880875289440155,1.8666514158248901,-0.7156221270561218,0.14643168449401855,1.893880009651184,-0.8245113492012024,0.8177495002746582,1.855573058128357,-0.7797714471817017,0.19988051056861877,1.8830312490463257,-0.9007369875907898,0.7969716787338257,1.801029920578003,-0.6481152176856995,0.2342914640903473,1.8259776830673218,-0.7453175783157349,0.7098680734634399,1.7561607360839844,-0.013692386448383331,0.35442060232162476,1.7644081115722656,0.02038177289068699,0.6792718768119812,2.4880659580230713,0.03755559027194977,0.35547205805778503,2.488664388656616,0.008855661377310753,0.6797362565994263,3.14208984375,0.6726331114768982,0.36817532777786255,3.124338388442993,0.42707759141921997,0.6859756708145142,3.2524924278259277,0.7013267874717712,0.36526647210121155,3.234015703201294,0.4481958746910095,0.6342430114746094,3.355725049972534,0.10960487276315689,0.4239474833011627,3.331555128097534,-0.20820224285125732,0.43015992936855607,1
2026-09-24T12:27:01.821059,S012,S012_A5_Y_20260924_1226,elevated_20,A5,young,class_1,0.5293680429458618,0.4625503718852997,-0.8925883173942566,0.5545796751976013,0.3831244707107544,-0.8342939615249634,0.5720458030700684,0.3845198452472687,-0.8340848088264465,0.5910793542861938,0.3870813548564911,-0.8339983820915222,0.48769038915634155,0.3861045837402344,-0.8395949602127075,0.46486011147499084,0.39056673645973206,-0.8388330340385437,0.44461411237716675,0.39622774720191956,-0.839246928691864,0.6196662187576294,0.4323362410068512,-0.4828715920448303,0.4172481894493103,0.4384966492652893,-0.4870717525482178,0.567149817943573,0.5549682974815369,-0.7598172426223755,0.4880463182926178,0.5526581406593323,-0.7611859440803528,0.804064154624939,0.8584352731704712,-0.26509642601013184,0.2445666342973709,0.8834237456321716,-0.4241783022880554,0.898609459400177,1.3548613786697388,-0.2745703160762787,0.153549462556839,1.3676482439041138,-0.4157502055168152,0.8547223806381226,1.7328274250030518,-0.6254412531852722,0.18135690689086914,1.7565838098526,-0.8652083277702332,0.8796733021736145,1.8658291101455688,-0.744451642036438,0.14817744493484497,1.893125295639038,-1.011048436164856,0.8173448443412781,1.8551278114318848,-0.8129342794418335,0.2058911770582199,1.881526231765747,-1.0748908519744873,0.7967773675918579,1.8003349304199219,-0.6777873039245605,0.236257866024971,1.8246757984161377,-0.911616325378418,0.711787760257721,1.7555196285247803,-0.013188036158680916,0.3578813374042511,1.7641931772232056,0.019827652722597122,0.6834303140640259,2.4858620166778564,0.013670528307557106,0.36010193824768066,2.4878339767456055,0.00198852876201272,0.688848614692688,3.139979362487793,0.6378149390220642,0.3764408528804779,3.1235544681549072,0.4032885432243347,0.69667649269104,3.250988721847534,0.6657162308692932,0.3729676902294159,3.233635902404785,0.42174822092056274,0.6427152156829834,3.3541691303253174,0.06409455835819244,0.4344436228275299,3.330646514892578,-0.23770928382873535,0.42985176414939624,1
2026-09-24T12:27:01.930013,S012,S012_A5_Y_20260924_1226,elevated_20,A5,young,class_1,0.5276874303817749,0.46354761719703674,-0.8460135459899902,0.5542014837265015,0.384650319814682,-0.7935476303100586,0.5719078779220581,0.3860912621021271,-0.7932795882225037,0.5908886790275574,0.3887234032154083,-0.7931495308876038,0.4871765077114105,0.38727131485939026,-0.7952932119369507,0.4644983410835266,0.39147821068763733,-0.7944535613059998,0.4443136155605316,0.39674267172813416,-0.7948591113090515,0.6197286248207092,0.43356943130493164,-0.4598981738090515,0.4172708988189697,0.438714861869812,-0.4499726891517639,0.5663618445396423,0.5550567507743835,-0.7191550731658936,0.4870017170906067,0.5528767108917236,-0.716056227684021,0.8040599822998047,0.8583444356918335,-0.24669083952903748,0.24467942118644714,0.8830094933509827,-0.3931336998939514,0.8974955677986145,1.3546091318130493,-0.2464267462491989,0.15398699045181274,1.3566033840179443,-0.33094000816345215,0.8532527685165405,1.7314112186431885,-0.578045666217804,0.16786637902259827,1.7495193481445312,-0.7035549283027649,0.8775865435600281,1.8634974956512451,-0.6936334371566772,0.14755015075206757,1.8814913034439087,-0.8378382921218872,0.8165181279182434,1.8514291048049927,-0.7631081342697144,0.20601625740528107,1.8715863227844238,-0.9068670272827148,0.796221137046814,1.7971457242965698,-0.6303609609603882,0.23585133254528046,1.8151758909225464,-0.7509538531303406,0.7114022970199585,1.7552852630615234,-0.013126341626048088,0.35780763626098633,1.7631510496139526,0.019744405522942543,0.6824373006820679,2.484391212463379,0.013516800478100777,0.35997456312179565,2.4841954708099365,-0.0007672508945688605,0.6874328255653381,3.1376535892486572,0.6341193318367004,0.37622785568237305,3.120302438735962,0.3969888389110565,0.6947672367095947,3.247610330581665,0.6620076894760132,0.3728663921356201,3.230196952819824,0.4161306321620941,0.6415964365005493,3.3523471355438232,0.06746827065944672,0.4339210093021393,3.324965715408325,-0.23666734993457794,0.4303774977419256,1
2026-09-24T12:27:02.052158,S012,S012_A5_Y_20260924_1226,elevated_20,A5,young,class_1,0.5247209668159485,0.46494996547698975,-0.8448234796524048,0.553686261177063,0.3863159418106079,-0.7930258512496948,0.5717622637748718,0.3878480792045593,-0.7927460670471191,0.5907462239265442,0.3905147910118103,-0.7926479578018188,0.48619747161865234,0.3885093331336975,-0.7934964895248413,0.4636359214782715,0.39239829778671265,-0.7926141619682312,0.44344496726989746,0.39724284410476685,-0.7930032014846802,0.6199828386306763,0.434763640165329,-0.46019506454467773,0.4172831177711487,0.4389194846153259,-0.4439970850944519,0.5652066469192505,0.5552071332931519,-0.7179404497146606,0.4849778115749359,0.5531764626502991,-0.7131181359291077,0.804068922996521,0.8582509160041809,-0.24864685535430908,0.24528777599334717,0.8815910816192627,-0.3761780858039856,0.8975733518600464,1.3547128438949585,-0.25171181559562683,0.15215392410755157,1.353241205215454,-0.3078579008579254,0.8526736497879028,1.7306180000305176,-0.5768317580223083,0.16858401894569397,1.7449642419815063,-0.6680785417556763,0.8765022158622742,1.8623474836349487,-0.6932874917984009,0.1463426649570465,1.8783740997314453,-0.7992059588432312,0.8148717880249023,1.8506003618240356,-0.7600792050361633,0.2056453973054886,1.8691753149032593,-0.8734415769577026,0.7951745390892029,1.796403169631958,-0.6277320384979248,0.23395398259162903,1.8131781816482544,-0.717700183391571,0.7099179029464722,1.7549479007720947,-0.015206011943519115,0.3570322096347809,1.7613351345062256,0.02174818143248558,0.6795052886009216,2.4836065769195557,0.008834945037961006,0.35560840368270874,2.481440305709839,0.0034412220120429993,0.6826162338256836,3.137057065963745,0.6272979974746704,0.3709601163864136,3.1186110973358154,0.404263436794281,0.6901374459266663,3.246689558029175,0.6556110978126526,0.3679736256599426,3.228429079055786,0.42426377534866333,0.6339191198348999,3.3517837524414062,0.056724440306425095,0.4271109700202942,3.323200225830078,-0.23026248812675476,0.4298325127686536,1
2026-09-24T12:27:02.163834,S012,S012_A5_Y_20260924_1226,elevated_20,A5,young,class_1,0.520164430141449,0.46544694900512695,-0.9280527234077454,0.5522648096084595,0.3868594765663147,-0.8752866983413696,0.5712244510650635,0.3883751630783081,-0.8751136660575867,0.5902887582778931,0.39108192920684814,-0.8751102685928345,0.48320823907852173,0.3889773488044739,-0.8747080564498901,0.46095943450927734,0.3927410840988159,-0.8739148378372192,0.440849632024765,0.39737430214881897,-0.8744028806686401,0.6205648183822632,0.4354226291179657,-0.5193649530410767,0.41728758811950684,0.4388847351074219,-0.4984303414821625,0.5635226368904114,0.5552499890327454,-0.7911841869354248,0.4818178117275238,0.5532225966453552,-0.7852395176887512,0.8048993945121765,0.8582454919815063,-0.28373512625694275,0.24636149406433105,0.8784769773483276,-0.4061530530452728,0.8977527618408203,1.3546168804168701,-0.2809823155403137,0.15234436094760895,1.3520716428756714,-0.39528241753578186,0.8524625897407532,1.7301691770553589,-0.6136407256126404,0.17343151569366455,1.7393677234649658,-0.8533018827438354,0.8755506277084351,1.8617749214172363,-0.7313672304153442,0.14944635331630707,1.8751323223114014,-0.9991741180419922,0.8135310411453247,1.850559949874878,-0.7992969751358032,0.20990291237831116,1.8663338422775269,-1.069545030593872,0.794501781463623,1.7958251237869263,-0.6638680100440979,0.23576398193836212,1.8096762895584106,-0.9019317626953125,0.7087306976318359,1.7547804117202759,-0.015284177847206593,0.35674843192100525,1.7590274810791016,0.02180745266377926,0.6784610748291016,2.4822027683258057,-0.019469190388917923,0.35186833143234253,2.47809100151062,-0.003347617806866765,0.6804336309432983,3.1357367038726807,0.585300087928772,0.3663536310195923,3.1174099445343018,0.379957377910614,0.6885574460029602,3.2454733848571777,0.6121472120285034,0.36327123641967773,3.2277767658233643,0.39651376008987427,0.6277066469192505,3.3511431217193604,-0.00025189691223204136,0.42102017998695374,3.322476387023926,-0.26586219668388367,0.4290907982909134,1
2026-09-24T12:27:02.283364,S012,S012_A5_Y_20260924_1226,elevated_20,A5,young,class_1,0.5198495984077454,0.46557024121284485,-0.9166314005851746,0.5522651672363281,0.38706064224243164,-0.8639433979988098,0.5712940096855164,0.38863733410835266,-0.8637388944625854,0.5904711484909058,0.39145562052726746,-0.8637136220932007,0.48308318853378296,0.38909128308296204,-0.8642948865890503,0.46085605025291443,0.39283356070518494,-0.8634788393974304,0.44074636697769165,0.3974081575870514,-0.8639277219772339,0.6218849420547485,0.43571990728378296,-0.5142504572868347,0.41747036576271057,0.43889662623405457,-0.49631160497665405,0.5634464621543884,0.5552530884742737,-0.7825644612312317,0.4811776578426361,0.5532482266426086,-0.7776322364807129,0.8053839802742004,0.857894241809845,-0.2874264717102051,0.24659578502178192,0.8781505823135376,-0.4084962010383606,0.8980571031570435,1.3544245958328247,-0.28252357244491577,0.15233616530895233,1.3518887758255005,-0.3888673484325409,0.8531045913696289,1.729178547859192,-0.6114712357521057,0.17457666993141174,1.7391870021820068,-0.8263958096504211,0.8761174082756042,1.861174464225769,-0.7291257977485657,0.14958712458610535,1.8750253915786743,-0.9684554934501648,0.8143410682678223,1.8503055572509766,-0.7963013648986816,0.21038849651813507,1.866196870803833,-1.0408982038497925,0.7955449819564819,1.7952324151992798,-0.6625325083732605,0.23580482602119446,1.8094958066940308,-0.8761459589004517,0.7087555527687073,1.7546426057815552,-0.016289470717310905,0.3567599058151245,1.7585853338241577,0.022714871913194656,0.6784526705741882,2.4818849563598633,-0.011528749018907547,0.3515833914279938,2.477360248565674,0.005515645258128643,0.6799968481063843,3.134774923324585,0.6104430556297302,0.36609774827957153,3.116391658782959,0.4130696654319763,0.6880167126655579,3.2443997859954834,0.6404902338981628,0.36321064829826355,3.2267117500305176,0.4336896538734436,0.6276150941848755,3.350778818130493,0.03384720906615257,0.4203634262084961,3.3216166496276855,-0.2245076447725296,0.42848327466101016,1
2026-09-24T12:27:02.386491,S012,S012_A5_Y_20260924_1226,elevated_20,A5,young,class_1,0.5218698382377625,0.4653995633125305,-0.9512213468551636,0.553345799446106,0.38708382844924927,-0.894662082195282,0.5722771883010864,0.38875070214271545,-0.8945261240005493,0.5919222831726074,0.39168351888656616,-0.8945733904838562,0.4849603772163391,0.3889675438404083,-0.8997839689254761,0.462902694940567,0.3925819396972656,-0.8990792036056519,0.44338101148605347,0.3971495032310486,-0.8995341062545776,0.623094916343689,0.43589362502098083,-0.5266883373260498,0.4186559319496155,0.4384683072566986,-0.5283276438713074,0.564315676689148,0.5552566647529602,-0.8099128603935242,0.48263460397720337,0.5529159903526306,-0.810737133026123,0.8053650856018066,0.8567034602165222,-0.28856444358825684,0.24751102924346924,0.8779779672622681,-0.42689114809036255,0.898044228553772,1.3458240032196045,-0.28027859330177307,0.15277205407619476,1.3512442111968994,-0.4183759093284607,0.8532416224479675,1.7191170454025269,-0.6168718934059143,0.18020126223564148,1.733614206314087,-0.8823463320732117,0.8762739300727844,1.8537042140960693,-0.7340939044952393,0.15338100492954254,1.8690553903579712,-1.0285427570343018,0.8146188855171204,1.8466095924377441,-0.8038408160209656,0.21524028480052948,1.863816738128662,-1.101036787033081,0.7960533499717712,1.7898519039154053,-0.668411135673523,0.23858430981636047,1.8065197467803955,-0.9312926530838013,0.709647536277771,1.7529528141021729,-0.01633850298821926,0.3592013418674469,1.7572627067565918,0.022737296298146248,0.6822289824485779,2.477935314178467,-0.00022682509734295309,0.35538679361343384,2.4755046367645264,0.00927567109465599,0.6846104860305786,3.130685567855835,0.6565632820129395,0.37097299098968506,3.1147255897521973,0.4426190257072449,0.6924792528152466,3.241321563720703,0.689248263835907,0.3681889474391937,3.2255563735961914,0.464744508266449,0.6339103579521179,3.345494270324707,0.07759752869606018,0.42563629150390625,3.318760633468628,-0.20345401763916016,0.42774872642157236,1
2026-09-24T12:27:02.498824,S012,S012_A5_Y_20260924_1226,elevated_20,A5,young,class_1,0.528564453125,0.46595972776412964,-0.9531512260437012,0.5573436617851257,0.3874801993370056,-0.8963001370429993,0.5756730437278748,0.3895587921142578,-0.8961232304573059,0.5956195592880249,0.3928910195827484,-0.8961492776870728,0.49162396788597107,0.3887914717197418,-0.9034886360168457,0.4684048593044281,0.39207446575164795,-0.9027997255325317,0.4488387107849121,0.39652636647224426,-0.9032293558120728,0.6243105530738831,0.43663281202316284,-0.5266887545585632,0.4205603003501892,0.4372974634170532,-0.5394550561904907,0.5663765072822571,0.555560290813446,-0.8114377856254578,0.48533138632774353,0.5529152750968933,-0.815159022808075,0.8051207661628723,0.856080949306488,-0.287366658449173,0.2475908100605011,0.8779879212379456,-0.43684300780296326,0.8957917094230652,1.3415501117706299,-0.2768596410751343,0.1527903974056244,1.3509117364883423,-0.44994670152664185,0.8530541658401489,1.7117295265197754,-0.6145046353340149,0.1845395863056183,1.7284077405929565,-0.9398016929626465,0.8763221502304077,1.8453716039657593,-0.7321244478225708,0.15657849609851837,1.8627363443374634,-1.0897960662841797,0.8148378133773804,1.8402491807937622,-0.8025155067443848,0.2193838655948639,1.8577715158462524,-1.1594641208648682,0.7961705923080444,1.78384268283844,-0.6663849949836731,0.24191470444202423,1.8005872964859009,-0.9880634546279907,0.7104331254959106,1.751778244972229,-0.01587659865617752,0.36102166771888733,1.756696105003357,0.022224044427275658,0.6847888231277466,2.47554349899292,0.013689987361431122,0.3590541481971741,2.474750518798828,0.009319750592112541,0.6876647472381592,3.1287038326263428,0.6887353658676147,0.37571001052856445,3.113257884979248,0.4531211853027344,0.6949310898780823,3.2399137020111084,0.7218545079231262,0.37260669469833374,3.2239842414855957,0.47619396448135376,0.6403504610061646,3.341674327850342,0.11194942891597748,0.43146777153015137,3.316784620285034,-0.19647517800331116,0.42737752667365686,1
2026-09-24T12:27:02.623425,S012,S012_A5_Y_20260924_1226,elevated_20,A5,young,class_1,0.5338435769081116,0.4675193428993225,-0.9643702507019043,0.5605115294456482,0.38873761892318726,-0.9091778993606567,0.5785040259361267,0.3911118507385254,-0.9089579582214355,0.5983953475952148,0.3946314752101898,-0.9089739918708801,0.4963562488555908,0.38884130120277405,-0.9166777729988098,0.4723340570926666,0.39201802015304565,-0.9160197973251343,0.45244914293289185,0.39633867144584656,-0.9164119958877563,0.6249173283576965,0.43735846877098083,-0.5383630990982056,0.4218567907810211,0.4365989863872528,-0.5549207925796509,0.5680249929428101,0.5562329888343811,-0.8220211267471313,0.4878525733947754,0.5530369877815247,-0.826452374458313,0.8046148419380188,0.8552812337875366,-0.292432963848114,0.2482604682445526,0.8774551749229431,-0.43922528624534607,0.8937572240829468,1.3326433897018433,-0.275745153427124,0.15526524186134338,1.3488500118255615,-0.46285635232925415,0.8527160882949829,1.6996456384658813,-0.6147117614746094,0.1974021941423416,1.712890863418579,-0.9732092022895813,0.8762880563735962,1.8319982290267944,-0.73348069190979,0.17014220356941223,1.8442026376724243,-1.123841643333435,0.8149374127388,1.8281464576721191,-0.8061450123786926,0.23190991580486298,1.8369301557540894,-1.1959996223449707,0.7961945533752441,1.772350788116455,-0.6671723127365112,0.2533048391342163,1.7804105281829834,-1.0227354764938354,0.7104763984680176,1.7485989332199097,-0.014919260516762733,0.36270537972450256,1.7545292377471924,0.021149907261133194,0.6858798861503601,2.468327760696411,0.027707496657967567,0.3628338575363159,2.4696054458618164,0.005714717321097851,0.6879109144210815,3.122502565383911,0.6990243792533875,0.37678539752960205,3.1075809001922607,0.45195192098617554,0.6949380040168762,3.234170436859131,0.7313196063041687,0.3734026551246643,3.218360185623169,0.4747091233730316,0.6417016983032227,3.3329529762268066,0.12506051361560822,0.4317912459373474,3.308863878250122,-0.19689880311489105,0.4269304381880857,1
2026-09-24T12:27:02.760508,S012,S012_A5_Y_20260924_1226,elevated_20,A5,young,class_1,0.5422713160514832,0.46759718656539917,-0.93272864818573,0.5662967562675476,0.38874879479408264,-0.8751562833786011,0.5843296647071838,0.39112135767936707,-0.8749977946281433,0.6033320426940918,0.39463645219802856,-0.8751475214958191,0.5036899447441101,0.38883504271507263,-0.8888443112373352,0.4781111776828766,0.39198559522628784,-0.8882359266281128,0.4570605754852295,0.39630749821662903,-0.8886743783950806,0.6264928579330444,0.4373458921909332,-0.5049270391464233,0.4230608344078064,0.436516135931015,-0.5487939119338989,0.5729633569717407,0.5562751293182373,-0.7903364896774292,0.49365681409835815,0.5530602931976318,-0.8024352788925171,0.8044759631156921,0.8552676439285278,-0.27304425835609436,0.2484736144542694,0.8774684071540833,-0.4369974136352539,0.8906480073928833,1.3322865962982178,-0.2559477686882019,0.15578314661979675,1.3477433919906616,-0.450582355260849,0.8505008816719055,1.7000765800476074,-0.5899986028671265,0.1969420313835144,1.7124934196472168,-0.9218633770942688,0.8743970990180969,1.8324253559112549,-0.7042089104652405,0.16930127143859863,1.844092607498169,-1.0603610277175903,0.8137499094009399,1.8282763957977295,-0.7764956951141357,0.23103244602680206,1.8379031419754028,-1.1294457912445068,0.7950250506401062,1.7725008726119995,-0.6418493390083313,0.25295186042785645,1.781260371208191,-0.965663731098175,0.710315465927124,1.7482646703720093,-0.013916212134063244,0.36276522278785706,1.754138469696045,0.020017921924591064,0.6854647994041443,2.467424154281616,0.027609538286924362,0.3628137707710266,2.4687387943267822,0.0043409401550889015,0.6876145005226135,3.121961832046509,0.6965678930282593,0.37682586908340454,3.1065292358398438,0.4405631422996521,0.6942447423934937,3.233882427215576,0.728418231010437,0.373404324054718,3.217132568359375,0.4622935354709625,0.6423256993293762,3.3315012454986572,0.12049122899770737,0.4321894645690918,3.3074951171875,-0.20129582285881042,0.4263448396853054,1
2026-09-24T12:27:02.888606,S012,S012_A5_Y_20260924_1226,elevated_20,A5,young,class_1,0.5489683151245117,0.467745304107666,-0.8774032592773438,0.5705972909927368,0.3887571692466736,-0.822601318359375,0.5885432362556458,0.39110204577445984,-0.8223466873168945,0.6067478060722351,0.39451712369918823,-0.8223639726638794,0.5086683034896851,0.3888726532459259,-0.83311927318573,0.4822815954685211,0.39202579855918884,-0.8324271440505981,0.4604570269584656,0.3963635265827179,-0.8327935338020325,0.627411961555481,0.43680062890052795,-0.4766504764556885,0.42426997423171997,0.43653276562690735,-0.5089915990829468,0.5775280594825745,0.5562840700149536,-0.7459783554077148,0.499180406332016,0.5532003045082092,-0.7539490461349487,0.8047293424606323,0.8552604913711548,-0.2689494490623474,0.2487809658050537,0.8785982728004456,-0.42719903588294983,0.8891180157661438,1.3324354887008667,-0.25613731145858765,0.15728068351745605,1.3476014137268066,-0.4379551410675049,0.8494445085525513,1.7002359628677368,-0.5875018835067749,0.2002970278263092,1.7129981517791748,-0.8475077748298645,0.8740765452384949,1.831752061843872,-0.7024568915367126,0.1713923066854477,1.8449211120605469,-0.9752715229988098,0.8138165473937988,1.827581524848938,-0.7701715230941772,0.2326982319355011,1.8386698961257935,-1.0442407131195068,0.7949599623680115,1.7721747159957886,-0.6381349563598633,0.25470492243766785,1.7819702625274658,-0.8918831944465637,0.7112066745758057,1.7482192516326904,-0.014247225597500801,0.36371365189552307,1.7541630268096924,0.020318977534770966,0.6857266426086426,2.467427968978882,0.03059469722211361,0.36558955907821655,2.469325065612793,0.019667401909828186,0.6877198815345764,3.1219584941864014,0.6988199353218079,0.37909749150276184,3.106778383255005,0.46730750799179077,0.6942437887191772,3.2338647842407227,0.731181263923645,0.3750195801258087,3.2172915935516357,0.4916267395019531,0.6440838575363159,3.3312954902648926,0.13865002989768982,0.43430429697036743,3.307612895965576,-0.16303525865077972,0.4260691111601938,1
2026-09-24T12:27:03.032541,S012,S012_A5_Y_20260924_1226,elevated_20,A5,young,class_1,0.5480249524116516,0.46780064702033997,-0.8575814962387085,0.5708067417144775,0.38904112577438354,-0.8020706176757812,0.5890520811080933,0.3914604187011719,-0.8017629384994507,0.6076375246047974,0.3949297070503235,-0.8016977310180664,0.5080727338790894,0.38888365030288696,-0.8067846298217773,0.4820329546928406,0.39201152324676514,-0.8060330152511597,0.46054378151893616,0.39631158113479614,-0.8063780665397644,0.6294358968734741,0.43731263279914856,-0.46572771668434143,0.42484402656555176,0.43649977445602417,-0.47190698981285095,0.5774549841880798,0.5562953948974609,-0.7316131591796875,0.4988686442375183,0.5532104969024658,-0.7327243089675903,0.8062543869018555,0.8595502376556396,-0.26939624547958374,0.2483048141002655,0.8817656636238098,-0.40383076667785645,0.8895015716552734,1.3456956148147583,-0.2724896967411041,0.15727302432060242,1.3486751317977905,-0.41508060693740845,0.84942626953125,1.7082087993621826,-0.6002058982849121,0.19977793097496033,1.718367338180542,-0.8413734436035156,0.8741008639335632,1.838018536567688,-0.7198389172554016,0.16850285232067108,1.8511766195297241,-0.9692106246948242,0.8138504028320312,1.8320777416229248,-0.7775388956069946,0.23068824410438538,1.845863699913025,-1.0407880544662476,0.7949367761611938,1.776837944984436,-0.6475011110305786,0.2532448172569275,1.788839340209961,-0.8881958723068237,0.7118924856185913,1.7582756280899048,-0.017808102071285248,0.3638049364089966,1.7634183168411255,0.023904887959361076,0.685775637626648,2.4787306785583496,0.04227863997220993,0.36646872758865356,2.4815495014190674,0.05012569576501846,0.6876016855239868,3.129711627960205,0.7363089919090271,0.379628986120224,3.116389513015747,0.5355440974235535,0.694033145904541,3.241157293319702,0.7713732719421387,0.37538623809814453,3.2273786067962646,0.564642071723938,0.6440637707710266,3.338517904281616,0.187224879860878,0.43467602133750916,3.315842866897583,-0.08610879629850388,0.425911587901627,1
2026-09-24T12:27:03.167976,S012,S012_A5_Y_20260924_1226,elevated_20,A5,young,class_1,0.5449860692024231,0.4659744203090668,-0.8588875532150269,0.5694562196731567,0.38782986998558044,-0.8046205639839172,0.5877821445465088,0.3900447487831116,-0.8041936159133911,0.6067095398902893,0.3933442234992981,-0.8041002154350281,0.5055633187294006,0.3886435925960541,-0.8115118145942688,0.4808379113674164,0.39195501804351807,-0.8107553720474243,0.46007031202316284,0.3963150084018707,-0.811081051826477,0.6294320821762085,0.43609172105789185,-0.4662231504917145,0.425009548664093,0.43656301498413086,-0.47425875067710876,0.5769808292388916,0.5543041229248047,-0.7356704473495483,0.49817174673080444,0.5520740747451782,-0.7333409190177917,0.8070565462112427,0.8599768877029419,-0.2725023627281189,0.2512085735797882,0.8823122382164001,-0.4087706506252289,0.8923309445381165,1.3482797145843506,-0.2838052213191986,0.15824177861213684,1.34967839717865,-0.4135587811470032,0.8554874658584595,1.7087873220443726,-0.6218013763427734,0.1994297206401825,1.7255951166152954,-0.8376935124397278,0.8796494603157043,1.8382554054260254,-0.7393777966499329,0.16788096725940704,1.8600660562515259,-0.9665105938911438,0.8208874464035034,1.8324859142303467,-0.7976486086845398,0.23001766204833984,1.8583576679229736,-1.038317084312439,0.8022637367248535,1.7770143747329712,-0.6697200536727905,0.25229525566101074,1.8002067804336548,-0.8846834897994995,0.7148405909538269,1.7581549882888794,-0.01993308775126934,0.36771872639656067,1.76328444480896,0.02591819502413273,0.6900295615196228,2.4787392616271973,0.02465054579079151,0.3746306896209717,2.4821152687072754,0.047676511108875275,0.6945849657058716,3.130457639694214,0.7148909568786621,0.39026039838790894,3.118619203567505,0.5143061876296997,0.7017292380332947,3.242079734802246,0.7505613565444946,0.38626545667648315,3.23002552986145,0.5406911969184875,0.65109783411026,3.3402624130249023,0.1637018769979477,0.4434848725795746,3.3180434703826904,-0.11438621580600739,0.4252139445132922,1
2026-09-24T12:27:03.284213,S012,S012_A5_Y_20260924_1226,elevated_20,A5,young,class_1,0.5454263687133789,0.46504831314086914,-0.8662022352218628,0.5701379179954529,0.38693055510520935,-0.8073908686637878,0.5884981155395508,0.3892946243286133,-0.807010293006897,0.6075041890144348,0.39275407791137695,-0.8069313168525696,0.5063000321388245,0.3868749737739563,-0.8159564733505249,0.4811282753944397,0.3899519145488739,-0.8152564167976379,0.4603899121284485,0.39441967010498047,-0.8156100511550903,0.6300277709960938,0.43580150604248047,-0.4673923850059509,0.4257279336452484,0.43591538071632385,-0.48059701919555664,0.5775771737098694,0.5537645220756531,-0.7429121732711792,0.49813562631607056,0.5514667630195618,-0.7431069016456604,0.8074806928634644,0.8599463105201721,-0.2729126513004303,0.25123482942581177,0.8851183652877808,-0.42570242285728455,0.8957492709159851,1.347619891166687,-0.28486543893814087,0.15777108073234558,1.356304407119751,-0.4252590537071228,0.859549343585968,1.7087641954421997,-0.6307727098464966,0.19909971952438354,1.7363044023513794,-0.8444116711616516,0.8851422071456909,1.8383115530014038,-0.749411940574646,0.16727159917354584,1.8716496229171753,-0.9772970080375671,0.825230598449707,1.8327170610427856,-0.8093074560165405,0.2297406643629074,1.8701436519622803,-1.047112226486206,0.8059379458427429,1.7772773504257202,-0.6798027753829956,0.25217539072036743,1.8118722438812256,-0.8908995389938354,0.7201236486434937,1.7582507133483887,-0.019574416801333427,0.3709900975227356,1.7642658948898315,0.025565315037965775,0.696395218372345,2.480910301208496,0.030563080683350563,0.37865909934043884,2.485976457595825,0.04456598684191704,0.7038280367851257,3.134003162384033,0.7220030426979065,0.39667007327079773,3.1219589710235596,0.507061779499054,0.7108415365219116,3.246945381164551,0.7565934062004089,0.3928139805793762,3.232957363128662,0.532755434513092,0.6632932424545288,3.343092203140259,0.1647728681564331,0.45299649238586426,3.323286294937134,-0.1253359466791153,0.42498742990299876,1
2026-09-24T12:27:03.421691,S012,S012_A5_Y_20260924_1226,elevated_20,A5,young,class_1,0.5519617795944214,0.4644978940486908,-0.8706647157669067,0.5736056566238403,0.38590437173843384,-0.8117364645004272,0.591957688331604,0.38812968134880066,-0.8114218711853027,0.6100984811782837,0.3915136158466339,-0.8113734126091003,0.511722981929779,0.38568878173828125,-0.8199071884155273,0.4855009913444519,0.3888753056526184,-0.8191949129104614,0.4635158181190491,0.3935798704624176,-0.8195573091506958,0.6304682493209839,0.4338473677635193,-0.465460866689682,0.4267886281013489,0.4356163442134857,-0.48169225454330444,0.5810955762863159,0.5533012747764587,-0.7445753812789917,0.5029645562171936,0.5513748526573181,-0.7456831932067871,0.8075050115585327,0.8591631650924683,-0.268266499042511,0.2514573335647583,0.8885133862495422,-0.4289673864841461,0.8971239328384399,1.346468210220337,-0.28382766246795654,0.157822847366333,1.3620491027832031,-0.43331199884414673,0.8639928102493286,1.7060929536819458,-0.6367914080619812,0.19868320226669312,1.7404322624206543,-0.857897162437439,0.8917320966720581,1.83548903465271,-0.7576068639755249,0.16710834205150604,1.874800205230713,-0.9953603744506836,0.8310449719429016,1.8308886289596558,-0.8204914331436157,0.22937817871570587,1.873698353767395,-1.0645101070404053,0.8110238909721375,1.7757350206375122,-0.6873277425765991,0.2519238591194153,1.8154484033584595,-0.9045677185058594,0.7258579730987549,1.7585002183914185,-0.01886678673326969,0.3765232264995575,1.766042947769165,0.024907303974032402,0.7037140727043152,2.4822182655334473,0.02464365027844906,0.38588947057724,2.490034341812134,0.04266710579395294,0.7158941030502319,3.137908697128296,0.6959186792373657,0.40788212418556213,3.1261255741119385,0.4763519763946533,0.7234115600585938,3.252795457839966,0.7272920608520508,0.4037325382232666,3.2366833686828613,0.49763989448547363,0.6784615516662598,3.344935655593872,0.13239602744579315,0.4684007167816162,3.329519033432007,-0.15819112956523895,0.42472133137293483,1
2026-09-24T12:27:03.557841,S012,S012_A5_Y_20260924_1226,elevated_20,A5,young,class_1,0.570141077041626,0.4645370841026306,-0.8758977055549622,0.5886284708976746,0.3858971893787384,-0.8137823939323425,0.6055221557617188,0.38809141516685486,-0.813522458076477,0.6214795112609863,0.39136776328086853,-0.8135610818862915,0.5288621187210083,0.385612815618515,-0.8301531076431274,0.5016068816184998,0.38868728280067444,-0.8294742703437805,0.47634416818618774,0.3933939039707184,-0.8298517465591431,0.6350938081741333,0.4320785701274872,-0.4675196707248688,0.4305954873561859,0.4352637231349945,-0.5060526132583618,0.5947057008743286,0.5532425045967102,-0.7452913522720337,0.5193773508071899,0.5513278841972351,-0.7556143403053284,0.8077012896537781,0.8573312163352966,-0.264089435338974,0.25251010060310364,0.8902895450592041,-0.4525342583656311,0.9020050168037415,1.3412554264068604,-0.2738005518913269,0.15909770131111145,1.3676356077194214,-0.44719910621643066,0.8743430376052856,1.7045217752456665,-0.6352935433387756,0.19999103248119354,1.744474172592163,-0.8585959672927856,0.9040240049362183,1.8347141742706299,-0.756729781627655,0.16863518953323364,1.8783211708068848,-0.9960979223251343,0.8436514735221863,1.8307595252990723,-0.8224905133247375,0.2312445193529129,1.8769015073776245,-1.0673739910125732,0.8222661018371582,1.7756747007369995,-0.6867362856864929,0.2535648047924042,1.8186362981796265,-0.9052597880363464,0.7339516878128052,1.7606672048568726,-0.017879558727145195,0.3851242959499359,1.77200448513031,0.02383274957537651,0.7134928703308105,2.484187602996826,0.04121077060699463,0.39484620094299316,2.495854377746582,0.04225155711174011,0.7267059087753296,3.1409759521484375,0.7317488193511963,0.417222261428833,3.1295013427734375,0.4971521496772766,0.7331733703613281,3.256442070007324,0.7659850120544434,0.4129559099674225,3.2394864559173584,0.5226873755455017,0.6941694617271423,3.347158193588257,0.17989851534366608,0.4787527620792389,3.3334054946899414,-0.13024337589740753,0.4249290719113477,1
2026-09-24T12:27:03.689354,S012,S012_A5_Y_20260924_1226,elevated_20,A5,young,class_1,0.5889400243759155,0.4647197723388672,-0.8778194189071655,0.6025389432907104,0.38592472672462463,-0.8165467381477356,0.618094265460968,0.3880564272403717,-0.8163005113601685,0.6329180002212524,0.39107009768486023,-0.8163384199142456,0.545699417591095,0.3856460452079773,-0.8330411911010742,0.518675684928894,0.38867875933647156,-0.8324204683303833,0.49034637212753296,0.39335814118385315,-0.8327968716621399,0.6384605765342712,0.42877522110939026,-0.462729275226593,0.43412527441978455,0.43470194935798645,-0.5310078859329224,0.6102895140647888,0.5529564023017883,-0.7456315159797668,0.5387436151504517,0.5513521432876587,-0.7588173151016235,0.8069254755973816,0.8533235192298889,-0.2589174807071686,0.25353360176086426,0.8912566900253296,-0.4679664075374603,0.9026862382888794,1.3339301347732544,-0.2592845857143402,0.15847763419151306,1.3747258186340332,-0.4639471471309662,0.8756836652755737,1.7014256715774536,-0.632611095905304,0.20193079113960266,1.7452796697616577,-0.8578635454177856,0.9066036939620972,1.831533432006836,-0.7562721967697144,0.17360618710517883,1.8782981634140015,-0.9956081509590149,0.8472388386726379,1.8283607959747314,-0.8219878077507019,0.2342618703842163,1.8766647577285767,-1.066383957862854,0.8248195648193359,1.7743473052978516,-0.6845415234565735,0.2553960084915161,1.8182165622711182,-0.904495358467102,0.7384381294250488,1.7614437341690063,-0.016755416989326477,0.38898342847824097,1.77663254737854,0.02257491834461689,0.7189465761184692,2.485990047454834,0.054807476699352264,0.39900368452072144,2.50301456451416,0.04296896606683731,0.7307131886482239,3.1455538272857666,0.7581037878990173,0.42198094725608826,3.136423349380493,0.5165823698043823,0.7361655831336975,3.260568380355835,0.7932126522064209,0.41718512773513794,3.24518084526062,0.5450030565261841,0.702193021774292,3.351147413253784,0.20884940028190613,0.4838343560695648,3.341221570968628,-0.11242310702800751,0.4252390551389247,1
2026-09-24T12:27:03.855076,S012,S012_A5_Y_20260924_1226,elevated_20,A5,young,class_1,0.5972350835800171,0.46474894881248474,-0.847836971282959,0.6094631552696228,0.38585636019706726,-0.7893843054771423,0.6248656511306763,0.38778695464134216,-0.7890938520431519,0.6396105885505676,0.39035606384277344,-0.7892199158668518,0.5526777505874634,0.38550588488578796,-0.8116554021835327,0.5260063409805298,0.3882909119129181,-0.8109411001205444,0.49746936559677124,0.39278754591941833,-0.8112714886665344,0.6416181921958923,0.42545759677886963,-0.4410995543003082,0.43808674812316895,0.43357735872268677,-0.5283812880516052,0.6183131337165833,0.552452802658081,-0.7151356339454651,0.5470272302627563,0.5513273477554321,-0.7375094890594482,0.8069151639938354,0.8528653979301453,-0.244917631149292,0.25515472888946533,0.8912296295166016,-0.4598102569580078,0.901971697807312,1.3290539979934692,-0.18957705795764923,0.15842866897583008,1.373546838760376,-0.39413419365882874,0.8749514818191528,1.698564887046814,-0.4635874629020691,0.20474593341350555,1.7402154207229614,-0.7006256580352783,0.9062048196792603,1.8254815340042114,-0.5687342286109924,0.17824137210845947,1.8707741498947144,-0.8141212463378906,0.848166823387146,1.8236290216445923,-0.6276782751083374,0.23709480464458466,1.8643583059310913,-0.8866966962814331,0.8251236081123352,1.7716094255447388,-0.5102835893630981,0.2574062943458557,1.807556390762329,-0.7443774938583374,0.7377976775169373,1.7613617181777954,-0.017158305272459984,0.38829341530799866,1.77631413936615,0.022909730672836304,0.7175096273422241,2.485588550567627,0.058873821049928665,0.39751070737838745,2.5022740364074707,0.05323256179690361,0.7281609773635864,3.1451454162597656,0.7691519260406494,0.420060932636261,3.1354520320892334,0.5466185212135315,0.7339379787445068,3.259366512298584,0.8052251935005188,0.41554325819015503,3.243260383605957,0.5778432488441467,0.6995092034339905,3.3495264053344727,0.22607019543647766,0.4808082580566406,3.3380913734436035,-0.07369975745677948,0.425285531035501,1
2026-09-24T12:27:04.027248,S012,S012_A5_Y_20260924_1226,elevated_20,A5,young,class_1,0.5929433107376099,0.4650821089744568,-0.8338152170181274,0.6066247224807739,0.38598889112472534,-0.7762008309364319,0.622231125831604,0.3878578543663025,-0.7759034037590027,0.6376293301582336,0.39037975668907166,-0.7760008573532104,0.5488184690475464,0.38572344183921814,-0.7915511727333069,0.5227360129356384,0.3885208070278168,-0.7907736301422119,0.49504002928733826,0.3930720388889313,-0.791057288646698,0.6424708962440491,0.4255412817001343,-0.42956510186195374,0.43862444162368774,0.4343462884426117,-0.4816092550754547,0.6156958341598511,0.552455484867096,-0.7023566365242004,0.5429209470748901,0.5516430139541626,-0.7159280180931091,0.8069519996643066,0.8528332114219666,-0.24077999591827393,0.2592262029647827,0.8912232518196106,-0.40861091017723083,0.9023140072822571,1.3276941776275635,-0.20317237079143524,0.16030582785606384,1.369256854057312,-0.3638620674610138,0.87444007396698,1.6966092586517334,-0.49821528792381287,0.20721249282360077,1.7350528240203857,-0.7307265996932983,0.905360996723175,1.8223621845245361,-0.6098048686981201,0.1802203208208084,1.8650555610656738,-0.8543792963027954,0.8472628593444824,1.819824457168579,-0.6675519347190857,0.23915250599384308,1.8578166961669922,-0.9260625839233398,0.8245295286178589,1.7688244581222534,-0.5446451902389526,0.25968581438064575,1.8017292022705078,-0.7764999270439148,0.7374192476272583,1.7596114873886108,-0.02257256582379341,0.3878084123134613,1.7744956016540527,0.028263989835977554,0.7171741127967834,2.483982563018799,0.05863206833600998,0.397304892539978,2.5003082752227783,0.08483464270830154,0.7281613349914551,3.1415858268737793,0.7869181036949158,0.42187148332595825,3.133336067199707,0.5994793772697449,0.7336602807044983,3.253629207611084,0.8261755704879761,0.41826772689819336,3.2408435344696045,0.6338074803352356,0.6999331116676331,3.344817876815796,0.2459031641483307,0.4811754822731018,3.3326380252838135,-0.01904408261179924,0.42558386583707697,1
2026-09-24T12:27:04.198595,S012,S012_A5_Y_20260924_1226,elevated_20,A5,young,class_1,0.5588400959968567,0.4648147523403168,-0.8279582262039185,0.5872575640678406,0.3858060836791992,-0.7752942442893982,0.604781985282898,0.38754090666770935,-0.7750049829483032,0.6239060759544373,0.38998934626579285,-0.775063693523407,0.5211054086685181,0.3860996961593628,-0.7789725065231323,0.49816274642944336,0.3892560303211212,-0.7781748175621033,0.4780241847038269,0.39393001794815063,-0.7784924507141113,0.6414145231246948,0.4255743622779846,-0.43492159247398376,0.43784746527671814,0.4349653124809265,-0.43628811836242676,0.5962172150611877,0.5519100427627563,-0.7022914290428162,0.516764223575592,0.5516335368156433,-0.7004906535148621,0.8077457547187805,0.8538959622383118,-0.24146071076393127,0.2628856301307678,0.8886627554893494,-0.37034231424331665,0.9029043912887573,1.3294868469238281,-0.20507696270942688,0.16072571277618408,1.3467248678207397,-0.32247188687324524,0.8740452527999878,1.696205735206604,-0.5108155012130737,0.2054673433303833,1.719075322151184,-0.7066448926925659,0.9048064351081848,1.8198904991149902,-0.6208557486534119,0.17655643820762634,1.8500062227249146,-0.8317193984985352,0.8465840220451355,1.8146742582321167,-0.6764429211616516,0.23585228621959686,1.8414043188095093,-0.9017997980117798,0.8240848779678345,1.764385461807251,-0.5565422773361206,0.25773176550865173,1.7867045402526855,-0.753731906414032,0.7349705696105957,1.7549141645431519,-0.02489570342004299,0.3853762149810791,1.7627989053726196,0.030578071251511574,0.712256908416748,2.479119062423706,0.055480461567640305,0.3941616117954254,2.4846222400665283,0.0774637907743454,0.7209394574165344,3.1343255043029785,0.7684752941131592,0.41865333914756775,3.119899034500122,0.5744987726211548,0.727162778377533,3.244356870651245,0.8056550025939941,0.4161319136619568,3.2267673015594482,0.6053379774093628,0.6867659687995911,3.3370213508605957,0.22199860215187073,0.4746181070804596,3.31714129447937,-0.0491788387298584,0.4257669368737907,1
2026-09-24T12:27:04.349821,S012,S012_A5_Y_20260924_1226,elevated_20,A5,young,class_1,0.5373256206512451,0.46462100744247437,-0.8301843404769897,0.5724974274635315,0.38593724370002747,-0.7794985771179199,0.592526912689209,0.38764673471450806,-0.7791807055473328,0.6128436326980591,0.39014020562171936,-0.7791811227798462,0.5024070143699646,0.38680556416511536,-0.7791284322738647,0.481209933757782,0.39026638865470886,-0.7782787680625916,0.46321290731430054,0.39478424191474915,-0.7785869240760803,0.6401673555374146,0.42642655968666077,-0.44836491346359253,0.4365835189819336,0.43568679690361023,-0.43030285835266113,0.5825315713882446,0.5511996150016785,-0.7067895531654358,0.5003119111061096,0.5515516400337219,-0.7003064751625061,0.8089082837104797,0.855644941329956,-0.25087884068489075,0.26733237504959106,0.8841587901115417,-0.36541831493377686,0.9028807878494263,1.3410983085632324,-0.212722510099411,0.1621025949716568,1.3413312435150146,-0.29893428087234497,0.8719514012336731,1.702033519744873,-0.5187811255455017,0.20463106036186218,1.7195197343826294,-0.6612817645072937,0.9014074206352234,1.8228975534439087,-0.6307461261749268,0.1728193163871765,1.8506696224212646,-0.7826892733573914,0.844002902507782,1.815899133682251,-0.6848627328872681,0.23355500400066376,1.8422930240631104,-0.8578380346298218,0.8216477632522583,1.7658703327178955,-0.5645865797996521,0.2570539712905884,1.7873804569244385,-0.7112420797348022,0.7306231260299683,1.753778338432312,-0.025555962696671486,0.3808894455432892,1.7587854862213135,0.031370826065540314,0.7012770175933838,2.4782557487487793,0.05083364248275757,0.38848042488098145,2.4794576168060303,0.07529938220977783,0.7057307362556458,3.1323318481445312,0.7448267936706543,0.4061186909675598,3.114957094192505,0.5636358261108398,0.7121779322624207,3.2422497272491455,0.7800053358078003,0.40371689200401306,3.2225022315979004,0.5926660299301147,0.6653227806091309,3.3345720767974854,0.19589826464653015,0.4585281014442444,3.311107873916626,-0.061446450650691986,0.4260995456580724,1
2026-09-24T12:27:04.485425,S012,S012_A5_Y_20260924_1226,elevated_20,A5,young,class_1,0.526759684085846,0.4634544551372528,-0.8350264430046082,0.5629785656929016,0.385606974363327,-0.7868123054504395,0.5839532017707825,0.3871803879737854,-0.7863776087760925,0.6039869785308838,0.38970670104026794,-0.7861605286598206,0.49233874678611755,0.38679465651512146,-0.7826178073883057,0.47178196907043457,0.3902812600135803,-0.781785249710083,0.4538569450378418,0.39478954672813416,-0.782113790512085,0.6374406218528748,0.42640620470046997,-0.47252511978149414,0.434724897146225,0.43566784262657166,-0.4397563934326172,0.574087917804718,0.5486158728599548,-0.72032630443573,0.49126487970352173,0.5504907965660095,-0.7008095979690552,0.8090349435806274,0.8560987114906311,-0.27116984128952026,0.2671048045158386,0.8834156394004822,-0.37376365065574646,0.9028582572937012,1.350070595741272,-0.26917213201522827,0.16633951663970947,1.3417785167694092,-0.35574620962142944,0.8707032203674316,1.706092119216919,-0.6007933020591736,0.2046481817960739,1.7197611331939697,-0.8429085612297058,0.8993550539016724,1.8267987966537476,-0.7220749258995056,0.17250697314739227,1.8511801958084106,-0.9834413528442383,0.8416778445243835,1.818613886833191,-0.7799355387687683,0.23346328735351562,1.8429888486862183,-1.054969310760498,0.8194958567619324,1.7677054405212402,-0.649443507194519,0.2573767900466919,1.7878001928329468,-0.8949753642082214,0.7296322584152222,1.7536842823028564,-0.024602191522717476,0.3795146644115448,1.758537769317627,0.030594084411859512,0.6987490653991699,2.477839469909668,0.04711493104696274,0.387342631816864,2.479086399078369,0.05127398297190666,0.7030991315841675,3.131319761276245,0.7213104963302612,0.4023469388484955,3.114443302154541,0.513542652130127,0.7101569175720215,3.2417869567871094,0.7532908320426941,0.39957141876220703,3.222429037094116,0.5379495620727539,0.6600534319877625,3.3339715003967285,0.16149373352527618,0.45505523681640625,3.3113136291503906,-0.12215039879083633,0.4265839876389333,1
2026-09-24T12:27:04.619288,S012,S012_A5_Y_20260924_1226,elevated_20,A5,young,class_1,0.5222254991531372,0.462457537651062,-0.8385875821113586,0.5592066645622253,0.3854703903198242,-0.7888880968093872,0.5804850459098816,0.3870052397251129,-0.788476288318634,0.6003488302230835,0.38958871364593506,-0.7882953882217407,0.4885139465332031,0.3867882788181305,-0.7868167161941528,0.4678145945072174,0.3902873694896698,-0.7859967947006226,0.4495682716369629,0.39478984475135803,-0.7863353490829468,0.636069118976593,0.42644694447517395,-0.4723880887031555,0.4335170388221741,0.4356341063976288,-0.44101324677467346,0.5697718262672424,0.5472398996353149,-0.7212660908699036,0.4865756630897522,0.549603283405304,-0.7064112424850464,0.8090529441833496,0.8563315868377686,-0.2707604169845581,0.2669509947299957,0.8821983337402344,-0.37866345047950745,0.9011843800544739,1.3515361547470093,-0.27087920904159546,0.1666669249534607,1.3397163152694702,-0.3492151200771332,0.8661611676216125,1.7068849802017212,-0.5996175408363342,0.20203383266925812,1.7195122241973877,-0.7841517329216003,0.8925606608390808,1.8286749124526978,-0.7197549939155579,0.16795706748962402,1.851540446281433,-0.9215956926345825,0.8341833353042603,1.8198918104171753,-0.7791498899459839,0.22975102066993713,1.8433386087417603,-0.9951881170272827,0.813495934009552,1.7681671380996704,-0.6484243273735046,0.25441986322402954,1.7881454229354858,-0.835063099861145,0.7255869507789612,1.7525991201400757,-0.024539293721318245,0.3764748275279999,1.7552826404571533,0.03052850067615509,0.6920850276947021,2.475768804550171,0.0409899577498436,0.3800336718559265,2.474838972091675,0.044914744794368744,0.693792462348938,3.1281514167785645,0.7040993571281433,0.39233261346817017,3.1101415157318115,0.49878495931625366,0.7006396651268005,3.2386980056762695,0.7359983325004578,0.38926947116851807,3.2183876037597656,0.5236004590988159,0.6496055126190186,3.3322746753692627,0.1479237973690033,0.4448266923427582,3.3081119060516357,-0.1335611343383789,0.4265088867739106,1
2026-09-24T12:27:04.735533,S012,S012_A5_Y_20260924_1226,elevated_20,A5,young,class_1,0.5214225053787231,0.4615967869758606,-0.8755782246589661,0.5579442977905273,0.3853352665901184,-0.8232674598693848,0.579006552696228,0.3868596851825714,-0.8229324221611023,0.5986232161521912,0.3895122706890106,-0.8227555155754089,0.4872937798500061,0.38675323128700256,-0.8183549046516418,0.4662547707557678,0.3902871012687683,-0.8174945712089539,0.4475645422935486,0.39478743076324463,-0.817823588848114,0.6350195407867432,0.4265316128730774,-0.49724945425987244,0.43238121271133423,0.43558117747306824,-0.4557107090950012,0.5680166482925415,0.5458543300628662,-0.7552663087844849,0.48465481400489807,0.5483806729316711,-0.740947961807251,0.8089609146118164,0.8566226363182068,-0.297999769449234,0.2668995261192322,0.8808462619781494,-0.3883984684944153,0.9011247754096985,1.3512539863586426,-0.31660518050193787,0.16996249556541443,1.340138554573059,-0.4125490188598633,0.8659343719482422,1.7058346271514893,-0.6522361040115356,0.2029401957988739,1.718051552772522,-0.9183856844902039,0.892259418964386,1.8280258178710938,-0.7759348154067993,0.16833069920539856,1.850198745727539,-1.0668492317199707,0.8333293199539185,1.8193432092666626,-0.8370983004570007,0.23058998584747314,1.8423740863800049,-1.1373554468154907,0.8127487897872925,1.7670053243637085,-0.7017520666122437,0.25566524267196655,1.7866663932800293,-0.9695488810539246,0.7241600751876831,1.7481739521026611,-0.024467283859848976,0.3754774034023285,1.7495224475860596,0.03044690564274788,0.6913544535636902,2.4689137935638428,0.023327527567744255,0.3790644705295563,2.468414068222046,0.03990928456187248,0.6930815577507019,3.1201696395874023,0.6772960424423218,0.3892256021499634,3.1029767990112305,0.4838176667690277,0.7001679539680481,3.2317259311676025,0.7078385353088379,0.3856639266014099,3.2123687267303467,0.5067018270492554,0.6473445296287537,3.3250343799591064,0.10566084086894989,0.4402620196342468,3.3011813163757324,-0.1554851531982422,0.42638857893085846,1
2026-09-24T12:27:04.854300,S012,S012_A5_Y_20260924_1226,elevated_20,A5,young,class_1,0.5207566022872925,0.46084922552108765,-0.8916260600090027,0.5566167831420898,0.38518524169921875,-0.8392674326896667,0.5774754881858826,0.38671499490737915,-0.8389970064163208,0.5966857671737671,0.38943445682525635,-0.8388694524765015,0.48659080266952515,0.3866502046585083,-0.8351249694824219,0.46539559960365295,0.3902524411678314,-0.8342925906181335,0.4464276432991028,0.394755482673645,-0.834644615650177,0.633630633354187,0.426602840423584,-0.5084322094917297,0.4316580295562744,0.4354769289493561,-0.46886882185935974,0.5666162371635437,0.5447182059288025,-0.768673300743103,0.48370009660720825,0.5471646189689636,-0.7566503286361694,0.8085944056510925,0.8566203713417053,-0.30372339487075806,0.2667504847049713,0.8792365193367004,-0.3954874873161316,0.9008666276931763,1.3499867916107178,-0.31722790002822876,0.17263439297676086,1.3403209447860718,-0.42346930503845215,0.8664671182632446,1.7011152505874634,-0.6555519700050354,0.20325902104377747,1.7147538661956787,-0.9224592447280884,0.8931840658187866,1.82345712184906,-0.7779388427734375,0.1684485375881195,1.8465640544891357,-1.0684814453125,0.8343283534049988,1.8156899213790894,-0.8416613340377808,0.23069334030151367,1.8394737243652344,-1.1408066749572754,0.8136024475097656,1.7625806331634521,-0.7058989405632019,0.25584033131599426,1.7833583354949951,-0.9734662175178528,0.7229429483413696,1.7449003458023071,-0.02440807968378067,0.37516623735427856,1.7460787296295166,0.030394086614251137,0.6912997961044312,2.4626004695892334,0.020504180341959,0.37904441356658936,2.4632301330566406,0.03984396159648895,0.6931174397468567,3.1129605770111084,0.6789690852165222,0.38828927278518677,3.0980374813079834,0.48639512062072754,0.700194239616394,3.224632978439331,0.7104147672653198,0.3845100700855255,3.2085530757904053,0.5100728273391724,0.6473122835159302,3.3190605640411377,0.11124156415462494,0.4384922981262207,3.294997215270996,-0.15087899565696716,0.42628761063702547,1
2026-09-24T12:27:04.978893,S012,S012_A5_Y_20260924_1226,elevated_20,A5,young,class_1,0.5200439095497131,0.46037569642066956,-0.9015358090400696,0.5558524131774902,0.3850885033607483,-0.848290741443634,0.5765239000320435,0.38660573959350586,-0.8480402827262878,0.5953500270843506,0.389366090297699,-0.8478949666023254,0.4861757755279541,0.386635959148407,-0.8453769683837891,0.4649457335472107,0.390259325504303,-0.8445520401000977,0.4458082616329193,0.39475956559181213,-0.8449195623397827,0.6320667862892151,0.4266313314437866,-0.5101648569107056,0.4312954843044281,0.43545734882354736,-0.4755721092224121,0.565111517906189,0.5434768199920654,-0.7748621702194214,0.48271721601486206,0.5460910797119141,-0.7650436162948608,0.8085886240005493,0.857246458530426,-0.3012072741985321,0.26666122674942017,0.877979576587677,-0.4002395570278168,0.8980206251144409,1.3497720956802368,-0.3149920701980591,0.17332175374031067,1.3389164209365845,-0.4287703037261963,0.864599883556366,1.7012825012207031,-0.6646550893783569,0.2030268907546997,1.7129608392715454,-0.9329145550727844,0.8910945653915405,1.8243211507797241,-0.7874956727027893,0.16753271222114563,1.8453177213668823,-1.082740306854248,0.8322941064834595,1.8166581392288208,-0.8536992073059082,0.2301826924085617,1.8390560150146484,-1.1531498432159424,0.8117201924324036,1.7629412412643433,-0.7161778211593628,0.255582332611084,1.7826666831970215,-0.9834763407707214,0.7198361158370972,1.7441378831863403,-0.02432628720998764,0.3726409375667572,1.7446777820587158,0.030337879434227943,0.688655436038971,2.461182117462158,0.018785277381539345,0.3755580186843872,2.46077823638916,0.03567703068256378,0.6908160448074341,3.109541893005371,0.675594687461853,0.3859071731567383,3.0948898792266846,0.47741302847862244,0.6982888579368591,3.220764636993408,0.7070825695991516,0.382317453622818,3.2057533264160156,0.5004958510398865,0.6429081559181213,3.316732883453369,0.1074816957116127,0.4358677864074707,3.2916858196258545,-0.1584576964378357,0.4268492906463011,1
2026-09-24T12:27:05.105461,S012,S012_A5_Y_20260924_1226,elevated_20,A5,young,class_1,0.5204928517341614,0.4604890048503876,-0.9019718170166016,0.555695116519928,0.38527712225914,-0.848828136920929,0.5761362314224243,0.3868180513381958,-0.8485990762710571,0.5947301387786865,0.3896135985851288,-0.8485119938850403,0.4864197373390198,0.3868347704410553,-0.847261905670166,0.46513432264328003,0.3905133903026581,-0.8464430570602417,0.44591623544692993,0.39497193694114685,-0.8468117713928223,0.6310077905654907,0.42722007632255554,-0.5074144601821899,0.431105375289917,0.43551021814346313,-0.47783738374710083,0.5647906064987183,0.5434272289276123,-0.7731713652610779,0.4829176366329193,0.5460503697395325,-0.7652074098587036,0.8079900741577148,0.8568445444107056,-0.2979123890399933,0.2667374908924103,0.8738733530044556,-0.40054649114608765,0.8910333514213562,1.3470866680145264,-0.3078259825706482,0.177581325173378,1.3381773233413696,-0.4271336495876312,0.8621358871459961,1.6965928077697754,-0.6550427675247192,0.2030181586742401,1.704365611076355,-0.9300649762153625,0.8887124061584473,1.8204247951507568,-0.7766658663749695,0.16746088862419128,1.8344004154205322,-1.0817749500274658,0.8310605883598328,1.8134156465530396,-0.8376747965812683,0.22976069152355194,1.8291943073272705,-1.1536965370178223,0.810583233833313,1.7590999603271484,-0.7036201357841492,0.2553117871284485,1.773089051246643,-0.9811344146728516,0.7160017490386963,1.7358112335205078,-0.02183561585843563,0.3716728985309601,1.7362544536590576,0.027863293886184692,0.6869007349014282,2.4487736225128174,0.007839744910597801,0.37477171421051025,2.4474523067474365,0.010795489884912968,0.6903384327888489,3.098355770111084,0.6304954886436462,0.38573378324508667,3.0832417011260986,0.4115104079246521,0.6976767778396606,3.209784507751465,0.6587609052658081,0.38216057419776917,3.1938698291778564,0.4295293390750885,0.643633246421814,3.3044135570526123,0.058952827006578445,0.43629950284957886,3.2792675495147705,-0.22959080338478088,0.42690277266986715,1
2026-09-24T12:27:05.234030,S012,S012_A5_Y_20260924_1226,elevated_20,A5,young,class_1,0.5209770798683167,0.46117374300956726,-0.8800519704818726,0.5556928515434265,0.3859086036682129,-0.831798255443573,0.5759984254837036,0.3873354196548462,-0.8315708041191101,0.5945073366165161,0.3900029957294464,-0.8315436244010925,0.4868023991584778,0.3878691494464874,-0.8292191624641418,0.4655199646949768,0.39150747656822205,-0.828352153301239,0.4462505280971527,0.3957197964191437,-0.828696072101593,0.6304363012313843,0.4276418685913086,-0.499495267868042,0.43107420206069946,0.43584588170051575,-0.4666348397731781,0.5648624300956726,0.5434948205947876,-0.7528172731399536,0.48333874344825745,0.5461053252220154,-0.7434958219528198,0.8078759908676147,0.8549884557723999,-0.28852611780166626,0.2672824561595917,0.8708295822143555,-0.39381927251815796,0.8939021229743958,1.3418402671813965,-0.3016197979450226,0.1769992858171463,1.3356727361679077,-0.3835636377334595,0.8669271469116211,1.6939976215362549,-0.6311380863189697,0.20035859942436218,1.7025099992752075,-0.8161555528640747,0.8944687843322754,1.8172191381454468,-0.7502375841140747,0.16461214423179626,1.832126259803772,-0.9585323333740234,0.8367382287979126,1.8103034496307373,-0.815001368522644,0.22657597064971924,1.826639175415039,-1.0310719013214111,0.8158296346664429,1.7571974992752075,-0.68121737241745,0.25225263833999634,1.771443247795105,-0.8663246035575867,0.7147327661514282,1.7341140508651733,-0.021905450150370598,0.3706040382385254,1.735001802444458,0.027934730052947998,0.6863017678260803,2.4481265544891357,0.01348891668021679,0.37399381399154663,2.4468064308166504,0.014680102467536926,0.6900780200958252,3.0975582599639893,0.6347328424453735,0.385405957698822,3.0816574096679688,0.41637539863586426,0.6971498727798462,3.208369731903076,0.6648321747779846,0.38210529088974,3.1912155151367188,0.43750089406967163,0.6442171335220337,3.3036510944366455,0.07886979728937149,0.4360317289829254,3.2782297134399414,-0.20622317492961884,0.426938599026278,1
2026-09-24T12:27:05.349141,S012,S012_A5_Y_20260924_1226,elevated_20,A5,young,class_1,0.5215182304382324,0.4612402617931366,-0.8962564468383789,0.5559409260749817,0.3861977458000183,-0.8454324007034302,0.5761557221412659,0.387647420167923,-0.8452558517456055,0.5946549773216248,0.3903349041938782,-0.8452551960945129,0.4871925413608551,0.3882499039173126,-0.8444997668266296,0.46575790643692017,0.39187610149383545,-0.843691349029541,0.44639691710472107,0.3959890604019165,-0.8440908193588257,0.6304216384887695,0.42878055572509766,-0.5056145191192627,0.43112999200820923,0.43604210019111633,-0.47955837845802307,0.5650991797447205,0.5435033440589905,-0.7661396265029907,0.4836880564689636,0.5460570454597473,-0.7589130997657776,0.8079035878181458,0.8548702001571655,-0.28998199105262756,0.2672286927700043,0.8699960112571716,-0.3983467221260071,0.8963580131530762,1.3387911319732666,-0.29925888776779175,0.1768084168434143,1.335792899131775,-0.38222262263298035,0.8673890233039856,1.6926859617233276,-0.6288033127784729,0.20038875937461853,1.7029211521148682,-0.8092624545097351,0.8945435285568237,1.816789984703064,-0.7478008270263672,0.1650015413761139,1.8327983617782593,-0.9505221247673035,0.836667537689209,1.810153603553772,-0.8126404881477356,0.2268129289150238,1.827181100845337,-1.024167537689209,0.8158326148986816,1.7568016052246094,-0.6790193319320679,0.25232332944869995,1.7718409299850464,-0.8591421842575073,0.7140771746635437,1.731677532196045,-0.021963562816381454,0.37044933438301086,1.7330374717712402,0.027982095256447792,0.6863692998886108,2.4458227157592773,0.008433764800429344,0.3736465871334076,2.4441018104553223,0.016311978921294212,0.6902391314506531,3.0960283279418945,0.6394224762916565,0.38551583886146545,3.0797910690307617,0.43300098180770874,0.6972931623458862,3.2065556049346924,0.6701063513755798,0.38217219710350037,3.18982195854187,0.4553688168525696,0.644339382648468,3.303316831588745,0.07610394060611725,0.436337411403656,3.2758431434631348,-0.1956087052822113,0.42637564762768915,1
2026-09-24T12:27:05.493818,S012,S012_A5_Y_20260924_1226,elevated_20,A5,young,class_1,0.5219214558601379,0.4614401161670685,-0.8932172656059265,0.5561381578445435,0.38652077317237854,-0.8427146673202515,0.5762940645217896,0.38795098662376404,-0.8425143361091614,0.5947887897491455,0.39058226346969604,-0.8425198793411255,0.48747333884239197,0.3886910676956177,-0.8426235914230347,0.4659039378166199,0.39226844906806946,-0.8418475389480591,0.44666188955307007,0.3962450623512268,-0.8422327041625977,0.6304152607917786,0.4294793903827667,-0.5046329498291016,0.43123164772987366,0.436189740896225,-0.4807162284851074,0.5652452707290649,0.5436241030693054,-0.7647832036018372,0.48387986421585083,0.5460397005081177,-0.7584048509597778,0.8079188466072083,0.8547229170799255,-0.2894253134727478,0.26692697405815125,0.8700435757637024,-0.403097927570343,0.896445095539093,1.3385223150253296,-0.2980667054653168,0.17673012614250183,1.338266372680664,-0.39180853962898254,0.8673497438430786,1.69273042678833,-0.6249219179153442,0.20136985182762146,1.7048674821853638,-0.820097804069519,0.8945311307907104,1.816840410232544,-0.7427894473075867,0.16658857464790344,1.8347805738449097,-0.9601012468338013,0.8365727663040161,1.8106770515441895,-0.8073847889900208,0.22883453965187073,1.8295643329620361,-1.0301299095153809,0.8157315254211426,1.757317066192627,-0.6750170588493347,0.25398698449134827,1.7739040851593018,-0.8685281872749329,0.7141128778457642,1.7318090200424194,-0.021058155223727226,0.3704414367675781,1.7332841157913208,0.027078300714492798,0.6869240999221802,2.446324586868286,0.029044881463050842,0.3740774393081665,2.4449501037597656,0.021713782101869583,0.6917897462844849,3.096673011779785,0.6941096782684326,0.38621029257774353,3.0802862644195557,0.46617570519447327,0.6985172629356384,3.2072675228118896,0.7286855578422546,0.3829190135002136,3.1902055740356445,0.4917674958705902,0.6482213139533997,3.303865671157837,0.14768849313259125,0.43789368867874146,3.2767937183380127,-0.1552256941795349,0.42574092631621446,1
2026-09-24T12:27:05.616447,S012,S012_A5_Y_20260924_1226,elevated_20,A5,young,class_1,0.5221580266952515,0.4614391624927521,-0.8925272226333618,0.5562700629234314,0.38653087615966797,-0.8415228128433228,0.5764094591140747,0.3879518210887909,-0.8413087725639343,0.5948933959007263,0.3905716836452484,-0.8413056135177612,0.48770785331726074,0.38885703682899475,-0.8419537544250488,0.46606025099754333,0.39247041940689087,-0.8411831855773926,0.44678598642349243,0.3964250385761261,-0.8415602445602417,0.6304089426994324,0.4295584559440613,-0.5037344098091125,0.4312400221824646,0.43637779355049133,-0.48449474573135376,0.565345048904419,0.5436315536499023,-0.7640860676765442,0.4839901328086853,0.5460168123245239,-0.7586466073989868,0.8079239130020142,0.8547183871269226,-0.2882387936115265,0.2664806842803955,0.8700781464576721,-0.410745769739151,0.8959125280380249,1.3384379148483276,-0.29664140939712524,0.17658597230911255,1.338255763053894,-0.4219663143157959,0.8649312853813171,1.694359302520752,-0.6246106028556824,0.20160655677318573,1.7050917148590088,-0.8889042139053345,0.8916684985160828,1.8198916912078857,-0.7412933111190796,0.16673581302165985,1.8351901769638062,-1.0343847274780273,0.8330381512641907,1.8148483037948608,-0.8072195053100586,0.22912843525409698,1.829943060874939,-1.1010218858718872,0.8126128911972046,1.7609789371490479,-0.674726128578186,0.2543192207813263,1.7742520570755005,-0.9370072484016418,0.7134751677513123,1.7321912050247192,-0.018964597955346107,0.369671106338501,1.7337497472763062,0.024990776553750038,0.6866584420204163,2.4464612007141113,0.04075683653354645,0.37342819571495056,2.4454572200775146,0.02196422778069973,0.6917327642440796,3.097093343734741,0.7127188444137573,0.38566142320632935,3.0807762145996094,0.46779799461364746,0.698314368724823,3.207674264907837,0.7473396062850952,0.3824319839477539,3.1906585693359375,0.49359482526779175,0.6483701467514038,3.3043038845062256,0.1638450175523758,0.4376731812953949,3.277505397796631,-0.1536925733089447,0.425401143491592,1
2026-09-24T12:27:05.746503,S012,S012_A5_Y_20260924_1226,elevated_20,A5,young,class_1,0.5223764777183533,0.4613891541957855,-0.8826072812080383,0.5563176870346069,0.3865088224411011,-0.8304071426391602,0.5764897465705872,0.38791173696517944,-0.8301470875740051,0.5949546694755554,0.3905201554298401,-0.8301199078559875,0.4877868592739105,0.3889135420322418,-0.8329911231994629,0.4662681519985199,0.3925752639770508,-0.8322308659553528,0.44725051522254944,0.3965558409690857,-0.8325926661491394,0.6304028034210205,0.429605633020401,-0.4957502484321594,0.4312657415866852,0.4366013705730438,-0.4839507043361664,0.5655611753463745,0.5436189770698547,-0.7556256055831909,0.48435917496681213,0.5459445714950562,-0.7527755498886108,0.8079226613044739,0.856298565864563,-0.2838039696216583,0.26593154668807983,0.8707968592643738,-0.4126925468444824,0.8947417140007019,1.339059591293335,-0.29393333196640015,0.17617395520210266,1.3387707471847534,-0.41892313957214355,0.8626171946525574,1.6980105638504028,-0.6241421699523926,0.20163312554359436,1.7082830667495728,-0.8486719131469727,0.8895975947380066,1.8240587711334229,-0.7408959865570068,0.16674646735191345,1.8388729095458984,-0.9880290031433105,0.8304719924926758,1.820464849472046,-0.8070418238639832,0.22918634116649628,1.835915446281433,-1.0553762912750244,0.8101199269294739,1.7664309740066528,-0.6741729974746704,0.25436708331108093,1.7796963453292847,-0.8963373899459839,0.7128646373748779,1.7339996099472046,-0.018152937293052673,0.3685849606990814,1.7364259958267212,0.024200094863772392,0.6864001154899597,2.4486618041992188,0.04750438034534454,0.37316226959228516,2.4483985900878906,0.024577537551522255,0.6918014287948608,3.098588705062866,0.7329609394073486,0.3857049345970154,3.081904649734497,0.48868387937545776,0.6983644366264343,3.209519863128662,0.769052267074585,0.3825487494468689,3.191728115081787,0.5163229703903198,0.6490483283996582,3.305302619934082,0.1892615407705307,0.4378305971622467,3.2785420417785645,-0.13042709231376648,0.4249461479800051,1
2026-09-24T12:27:05.906473,S012,S012_A5_Y_20260924_1226,elevated_20,A5,young,class_1,0.5231469869613647,0.4608548581600189,-0.8811524510383606,0.5566694140434265,0.38632455468177795,-0.8274281620979309,0.5766193866729736,0.3877372443675995,-0.8271673321723938,0.5950959324836731,0.3903507590293884,-0.8271245956420898,0.48831820487976074,0.3888460099697113,-0.8313295245170593,0.4668757915496826,0.39254122972488403,-0.8305690884590149,0.44798868894577026,0.39655792713165283,-0.8309340476989746,0.6303161382675171,0.42962175607681274,-0.4885214865207672,0.43125900626182556,0.4366105794906616,-0.48378998041152954,0.5658046007156372,0.5432594418525696,-0.753567099571228,0.48489657044410706,0.5455266833305359,-0.7522798776626587,0.8066825866699219,0.8569087386131287,-0.2796862721443176,0.26465123891830444,0.8709844350814819,-0.4138208031654358,0.8927754163742065,1.338960886001587,-0.2935280203819275,0.17616289854049683,1.3383504152297974,-0.4170859754085541,0.8607824444770813,1.6980079412460327,-0.6266673803329468,0.20185568928718567,1.7081949710845947,-0.8500581979751587,0.8878691792488098,1.8241034746170044,-0.7440540790557861,0.166795551776886,1.8388417959213257,-0.9903553128242493,0.8284507989883423,1.82047438621521,-0.8105279207229614,0.22927376627922058,1.8360220193862915,-1.05775785446167,0.8081697225570679,1.7664341926574707,-0.6773465871810913,0.2544940114021301,1.7797913551330566,-0.8978725671768188,0.7115781307220459,1.7342259883880615,-0.0171999279409647,0.3671001195907593,1.7365981340408325,0.023253995925188065,0.6854576468467712,2.448770761489868,0.0473947748541832,0.37213096022605896,2.4488022327423096,0.023227611556649208,0.6915329694747925,3.098930597305298,0.7272033095359802,0.38552677631378174,3.0816919803619385,0.48555389046669006,0.6979681253433228,3.2098960876464844,0.7624066472053528,0.38240689039230347,3.191356897354126,0.5126020312309265,0.6491621732711792,3.3053810596466064,0.17936968803405762,0.43787074089050293,3.277794599533081,-0.13274648785591125,0.4248271495633052,1
2026-09-24T12:27:06.054742,S012,S012_A5_Y_20260924_1226,elevated_20,A5,young,class_1,0.5239521861076355,0.46176064014434814,-0.8954257965087891,0.5571734309196472,0.38685929775238037,-0.8404620289802551,0.5767865180969238,0.3882594704627991,-0.8401790857315063,0.595260500907898,0.39082780480384827,-0.8401023745536804,0.48867955803871155,0.38968631625175476,-0.8445377349853516,0.46707892417907715,0.39334264397621155,-0.8437706232070923,0.448150634765625,0.3972003757953644,-0.8441211581230164,0.630212128162384,0.4303022623062134,-0.49817371368408203,0.43107670545578003,0.4373959004878998,-0.4966389238834381,0.5660799741744995,0.5445159077644348,-0.7667495012283325,0.48499488830566406,0.5466178059577942,-0.7662181854248047,0.8059941530227661,0.8584792613983154,-0.2866019606590271,0.26264891028404236,0.8714085817337036,-0.41958221793174744,0.8931987881660461,1.3389562368392944,-0.2967211604118347,0.17517401278018951,1.3412755727767944,-0.4200761914253235,0.8611848950386047,1.6980125904083252,-0.6405802965164185,0.20167379081249237,1.7123048305511475,-0.8738332986831665,0.8888627886772156,1.8241139650344849,-0.7619107961654663,0.16657249629497528,1.8435895442962646,-1.0161746740341187,0.8287679553031921,1.8204888105392456,-0.8260247111320496,0.2291136533021927,1.8405499458312988,-1.0880794525146484,0.808286190032959,1.7664401531219482,-0.6913740634918213,0.25437965989112854,1.7838884592056274,-0.9238750338554382,0.7112796306610107,1.735042691230774,-0.017298499122262,0.36589303612709045,1.7373030185699463,0.023390736430883408,0.6846919059753418,2.4503891468048096,0.03813347592949867,0.3700367212295532,2.4505369663238525,0.02352924272418022,0.689803957939148,3.100832223892212,0.7234757542610168,0.3832691013813019,3.0828452110290527,0.48702892661094666,0.6962069272994995,3.2126543521881104,0.7584980726242065,0.3797958791255951,3.1926305294036865,0.5135537385940552,0.6471788883209229,3.3061108589172363,0.16457894444465637,0.43620356917381287,3.279416084289551,-0.1336025595664978,0.42487391821405807,1
2026-09-24T12:27:06.212765,S012,S012_A5_Y_20260924_1226,elevated_20,A5,young,class_1,0.5249003171920776,0.46276894211769104,-0.8951088190078735,0.5576494336128235,0.38753068447113037,-0.839666485786438,0.5769588947296143,0.3889610171318054,-0.8393799066543579,0.5953916907310486,0.39151766896247864,-0.8393020629882812,0.48901787400245667,0.3906096816062927,-0.8443304300308228,0.46724599599838257,0.39428603649139404,-0.8435636758804321,0.44827646017074585,0.3980117440223694,-0.8439099192619324,0.6300981640815735,0.4313085973262787,-0.4971191883087158,0.430743545293808,0.43823105096817017,-0.49579256772994995,0.5665264129638672,0.5461248159408569,-0.7661866545677185,0.4850509762763977,0.5482364296913147,-0.765461266040802,0.8055931329727173,0.8611091375350952,-0.2863899767398834,0.25970152020454407,0.8720040917396545,-0.42017871141433716,0.8921648859977722,1.3416087627410889,-0.29590901732444763,0.17436376214027405,1.3433475494384766,-0.4167202413082123,0.858291745185852,1.7041053771972656,-0.6389575600624084,0.20104029774665833,1.7141581773757935,-0.8501151204109192,0.8858793377876282,1.831906795501709,-0.7596869468688965,0.16579392552375793,1.845186471939087,-0.9896877408027649,0.8244129419326782,1.828643560409546,-0.8220734596252441,0.22824513912200928,1.8427666425704956,-1.061408281326294,0.8040169477462769,1.7736176252365112,-0.6890868544578552,0.2535097599029541,1.7861391305923462,-0.9001232981681824,0.7081015110015869,1.7363355159759521,-0.016997916623950005,0.3619084060192108,1.7383689880371094,0.023133236914873123,0.6804088354110718,2.4521119594573975,0.038058046251535416,0.36402690410614014,2.4510843753814697,0.023002583533525467,0.6844757795333862,3.1019222736358643,0.7222228646278381,0.3782748281955719,3.0830578804016113,0.4816339612007141,0.690635085105896,3.213815927505493,0.7573776841163635,0.3748665153980255,3.193068742752075,0.507463276386261,0.641518235206604,3.3074257373809814,0.1624290645122528,0.43174177408218384,3.2794928550720215,-0.13793915510177612,0.42454619780014446,1
2026-09-24T12:27:06.451723,S012,S012_A5_Y_20260924_1226,elevated_20,A5,young,class_1,0.5256936550140381,0.4624997675418854,-0.9343569874763489,0.558135449886322,0.38730791211128235,-0.8743918538093567,0.5771940350532532,0.38878947496414185,-0.8741496205329895,0.5956546068191528,0.39139795303344727,-0.874101996421814,0.4892529845237732,0.3904985785484314,-0.8815887570381165,0.4673197269439697,0.3942582309246063,-0.8808945417404175,0.44836458563804626,0.3980281949043274,-0.8812840580940247,0.6300559043884277,0.4313296675682068,-0.5132498741149902,0.4303308427333832,0.43824270367622375,-0.5272758603096008,0.5670567154884338,0.5461265444755554,-0.7984636425971985,0.48514825105667114,0.5482154488563538,-0.802471935749054,0.8047731518745422,0.8616230487823486,-0.2952363193035126,0.2569884955883026,0.8726635575294495,-0.43622469902038574,0.8921551704406738,1.3415958881378174,-0.3008563816547394,0.1718992292881012,1.3467648029327393,-0.42320045828819275,0.8577912449836731,1.7047069072723389,-0.6553753018379211,0.20114007592201233,1.716003179550171,-0.8655151128768921,0.8848183751106262,1.8333793878555298,-0.7775974869728088,0.16690322756767273,1.8464874029159546,-1.0070037841796875,0.8226813077926636,1.8298680782318115,-0.8423296213150024,0.22914937138557434,1.8439680337905884,-1.0789873600006104,0.8026866912841797,1.7743483781814575,-0.7061430215835571,0.25388774275779724,1.7872945070266724,-0.9149282574653625,0.7072299122810364,1.7368923425674438,-0.01701989397406578,0.36159998178482056,1.7395018339157104,0.023150209337472916,0.679861843585968,2.452960729598999,0.034644052386283875,0.3626564145088196,2.451897382736206,0.0207560732960701,0.6834639310836792,3.1031758785247803,0.7179715633392334,0.3775402307510376,3.0845956802368164,0.47797948122024536,0.6895881295204163,3.2150180339813232,0.7531840801239014,0.37428730726242065,3.1950056552886963,0.5029682517051697,0.6401014924049377,3.309386968612671,0.15564677119255066,0.4305357336997986,3.2807652950286865,-0.14790308475494385,0.4240933441866549,1
2026-09-24T12:27:06.628502,S012,S012_A5_Y_20260924_1226,elevated_20,A5,young,class_1,0.5262631177902222,0.46247750520706177,-0.9280220866203308,0.5584788918495178,0.3873111307621002,-0.8694179654121399,0.5774216055870056,0.388805091381073,-0.8691903352737427,0.5958870053291321,0.3914395570755005,-0.8691540956497192,0.4894305169582367,0.3905050456523895,-0.8759207725524902,0.4673907160758972,0.3942679464817047,-0.8752066493034363,0.4484536647796631,0.39805278182029724,-0.8755984306335449,0.6299731731414795,0.43140825629234314,-0.5119603872299194,0.43002063035964966,0.4382205903530121,-0.524078905582428,0.5673538446426392,0.5461592078208923,-0.7936283349990845,0.485251247882843,0.548206627368927,-0.796749472618103,0.8034776449203491,0.860547661781311,-0.29488879442214966,0.2568599581718445,0.8726133704185486,-0.43485817313194275,0.8934448957443237,1.3354740142822266,-0.29496777057647705,0.17099100351333618,1.3478763103485107,-0.39782166481018066,0.8589186668395996,1.701419472694397,-0.6499068140983582,0.20109662413597107,1.716774582862854,-0.7989104986190796,0.8860812187194824,1.8306899070739746,-0.7722424268722534,0.16711664199829102,1.8469594717025757,-0.9340077638626099,0.8233895301818848,1.8282382488250732,-0.8364971280097961,0.22918076813220978,1.8447632789611816,-1.0105060338974,0.8033784031867981,1.7726062536239624,-0.7005899548530579,0.2538491189479828,1.788171648979187,-0.8482247591018677,0.7072625756263733,1.7355161905288696,-0.01727183721959591,0.361847460269928,1.7386767864227295,0.023387938737869263,0.6797992587089539,2.4516072273254395,0.030257761478424072,0.36214619874954224,2.450303554534912,0.02193537726998329,0.6826547384262085,3.101806402206421,0.710200309753418,0.3764752745628357,3.0831375122070312,0.4794211983680725,0.6884180903434753,3.2137551307678223,0.7453495264053345,0.37307512760162354,3.1937856674194336,0.5044711232185364,0.6396967172622681,3.3077940940856934,0.14876899123191833,0.4299713969230652,3.278904676437378,-0.14737781882286072,0.423576347319409,1
2026-09-24T12:27:06.815681,S012,S012_A5_Y_20260924_1226,elevated_20,A5,young,class_1,0.5270018577575684,0.4624723494052887,-0.9398815035820007,0.558772623538971,0.38731124997138977,-0.878968358039856,0.5775269865989685,0.3888145387172699,-0.8787788152694702,0.5959423780441284,0.39146697521209717,-0.8787708282470703,0.4897763133049011,0.390508234500885,-0.8879199028015137,0.4675738215446472,0.3942778706550598,-0.8872321844100952,0.4485183358192444,0.3980778753757477,-0.8876445889472961,0.62948077917099,0.4314611852169037,-0.5118384957313538,0.4296479821205139,0.4382266700267792,-0.5331109762191772,0.567552924156189,0.5462031960487366,-0.8005768060684204,0.4853113293647766,0.5482273697853088,-0.8071663975715637,0.8009165525436401,0.8605077266693115,-0.2863686978816986,0.2559872269630432,0.8725438714027405,-0.4385828375816345,0.8933669328689575,1.3315908908843994,-0.2736952602863312,0.17044775187969208,1.347840428352356,-0.3985571265220642,0.8598145246505737,1.6971811056137085,-0.6489002704620361,0.20087632536888123,1.7166880369186401,-0.8019570112228394,0.8869026303291321,1.8273673057556152,-0.770374596118927,0.16711032390594482,1.8468457460403442,-0.9394853711128235,0.8245943188667297,1.8258062601089478,-0.8331084251403809,0.2291560173034668,1.8448710441589355,-1.0180859565734863,0.8047499656677246,1.7695536613464355,-0.6989738345146179,0.2535841464996338,1.788204312324524,-0.8497399091720581,0.7061648368835449,1.735582709312439,-0.01630496419966221,0.36185306310653687,1.7387968301773071,0.022362401708960533,0.6786313652992249,2.4512953758239746,0.022065892815589905,0.3614785969257355,2.4501092433929443,0.010467125102877617,0.6813129186630249,3.101621150970459,0.6792674660682678,0.37559130787849426,3.083190679550171,0.4459964334964752,0.6867523193359375,3.213749885559082,0.7117308974266052,0.37198197841644287,3.193897008895874,0.4669647812843323,0.6391083002090454,3.3073744773864746,0.11565462499856949,0.4294655919075012,3.2786917686462402,-0.19029510021209717,0.423280926410853,1
2026-09-24T12:27:06.991011,S012,S012_A5_Y_20260924_1226,elevated_20,A5,young,class_1,0.5270790457725525,0.46230167150497437,-0.9536207318305969,0.5588480234146118,0.3872153162956238,-0.8912909626960754,0.5775513648986816,0.38875535130500793,-0.8910796046257019,0.5959306955337524,0.39143532514572144,-0.8909989595413208,0.4899568557739258,0.39022037386894226,-0.8988950848579407,0.46775946021080017,0.3939702808856964,-0.8981637954711914,0.4486864507198334,0.3978812098503113,-0.8985691070556641,0.6290057897567749,0.43151700496673584,-0.517646849155426,0.4294191002845764,0.43777450919151306,-0.5361125469207764,0.5674856305122375,0.5460297465324402,-0.813501238822937,0.4853382110595703,0.547930121421814,-0.8185089826583862,0.8008400797843933,0.8618509769439697,-0.2863064408302307,0.2556690573692322,0.8726269006729126,-0.4436470568180084,0.8935312032699585,1.331754446029663,-0.27431637048721313,0.17041394114494324,1.347864031791687,-0.4144030213356018,0.8611423373222351,1.6970670223236084,-0.6644092202186584,0.19811636209487915,1.7170659303665161,-0.8897115588188171,0.8884406089782715,1.8272442817687988,-0.7874016761779785,0.16275355219841003,1.8473775386810303,-1.0376501083374023,0.8261884450912476,1.8256971836090088,-0.8548277616500854,0.2255595475435257,1.846601963043213,-1.1146423816680908,0.8061478734016418,1.7693554162979126,-0.7170957326889038,0.2503749430179596,1.7896760702133179,-0.9403437376022339,0.7064024209976196,1.7383930683135986,-0.016718789935112,0.3619169592857361,1.7405896186828613,0.022828025743365288,0.6784788370132446,2.4541027545928955,0.021935492753982544,0.3610069453716278,2.4527742862701416,0.017860818654298782,0.6809039115905762,3.103567600250244,0.6976143717765808,0.3741312623023987,3.0849690437316895,0.4851713180541992,0.6862536072731018,3.216586112976074,0.7320806980133057,0.3702811598777771,3.195732593536377,0.5094665884971619,0.6389957666397095,3.3078830242156982,0.12653537094593048,0.4283989369869232,3.279876708984375,-0.16254183650016785,0.4236514176940077,1
2026-09-24T12:27:07.138624,S012,S012_A5_Y_20260924_1226,elevated_20,A5,young,class_1,0.5267249345779419,0.46255412697792053,-1.0357470512390137,0.558491587638855,0.3875499963760376,-0.973551869392395,0.5773319005966187,0.38908737897872925,-0.9734565019607544,0.5956511497497559,0.3917454779148102,-0.9734418988227844,0.49009785056114197,0.3903781771659851,-0.9801767468452454,0.46791523694992065,0.3940521478652954,-0.979535698890686,0.44881805777549744,0.3979264199733734,-0.9800041317939758,0.6286128163337708,0.4319416880607605,-0.5802286863327026,0.4293745458126068,0.43774837255477905,-0.5935869812965393,0.5673748254776001,0.5464032888412476,-0.8873297572135925,0.48542800545692444,0.5480011105537415,-0.890782356262207,0.8002565503120422,0.8618661761283875,-0.3238518238067627,0.25567522644996643,0.8722668886184692,-0.46629762649536133,0.893541693687439,1.329722285270691,-0.30498307943344116,0.1696392446756363,1.349612832069397,-0.41876810789108276,0.8609695434570312,1.6971819400787354,-0.7055184841156006,0.19667840003967285,1.7223892211914062,-0.8881796598434448,0.8877770304679871,1.828559160232544,-0.8349787592887878,0.16220726072788239,1.8531684875488281,-1.0372117757797241,0.8250031471252441,1.8284857273101807,-0.9061595797538757,0.2246038019657135,1.8543524742126465,-1.1215126514434814,0.8052600622177124,1.771043300628662,-0.7593961954116821,0.24910423159599304,1.7970060110092163,-0.9408286809921265,0.7030591368675232,1.7382512092590332,-0.017749521881341934,0.36116889119148254,1.7401278018951416,0.023742008954286575,0.6739896535873413,2.4539568424224854,0.02653399109840393,0.357002854347229,2.4520459175109863,0.023293685168027878,0.6721051335334778,3.1035895347595215,0.7132764458656311,0.36992281675338745,3.085034132003784,0.5025518536567688,0.6777571439743042,3.2165417671203613,0.7482713460922241,0.36675143241882324,3.1958067417144775,0.5275351405143738,0.6237384080886841,3.3079302310943604,0.13062867522239685,0.42129144072532654,3.2800133228302,-0.15349885821342468,0.4235518711644462,1
2026-09-24T12:27:07.292197,S012,S012_A5_Y_20260924_1226,elevated_20,A5,young,class_1,0.5268853902816772,0.46765270829200745,-1.0271944999694824,0.5585552453994751,0.39203885197639465,-0.9682027697563171,0.5773802995681763,0.393720805644989,-0.9680778384208679,0.5956939458847046,0.39623329043388367,-0.9680854082107544,0.49051791429519653,0.3932185769081116,-0.9745357632637024,0.4684523642063141,0.39591142535209656,-0.9738519787788391,0.4493183493614197,0.3989374339580536,-0.9742902517318726,0.6285179853439331,0.4360905885696411,-0.5830352306365967,0.42935147881507874,0.4380285143852234,-0.5942329168319702,0.5674277544021606,0.550085723400116,-0.8809665441513062,0.4856056571006775,0.5501611828804016,-0.8837219476699829,0.7995952367782593,0.8619046807289124,-0.32783591747283936,0.25647640228271484,0.8717662692070007,-0.4647350311279297,0.8956167101860046,1.3235957622528076,-0.3059099614620209,0.1680516004562378,1.3494030237197876,-0.40603184700012207,0.8628678321838379,1.69377601146698,-0.6934705376625061,0.19692258536815643,1.7223681211471558,-0.8352103233337402,0.8894268870353699,1.8251700401306152,-0.8213254809379578,0.16412453353405,1.8531463146209717,-0.9793363809585571,0.8268778920173645,1.825944423675537,-0.89061039686203,0.22606272995471954,1.8542711734771729,-1.0699803829193115,0.8071605563163757,1.768894076347351,-0.7465331554412842,0.24976789951324463,1.7969365119934082,-0.8886603116989136,0.7030271291732788,1.7376208305358887,-0.019412357360124588,0.36135512590408325,1.7394384145736694,0.025237422436475754,0.6740821003913879,2.4534192085266113,0.053687684237957,0.35712477564811707,2.4516491889953613,0.04017781838774681,0.672054648399353,3.1030921936035156,0.767910361289978,0.36996278166770935,3.0850987434387207,0.5534195899963379,0.6775426864624023,3.2154695987701416,0.8056705594062805,0.36687788367271423,3.195861577987671,0.5831165313720703,0.6239719986915588,3.307948112487793,0.19087079167366028,0.42039021849632263,3.2800238132476807,-0.10081106424331665,0.42351260748710323,1
2026-09-24T12:27:07.424742,S012,S012_A5_Y_20260924_1226,elevated_20,A5,young,class_1,0.5269922614097595,0.4702136814594269,-1.0057809352874756,0.5586055517196655,0.3938136696815491,-0.9472152590751648,0.5774103999137878,0.39531755447387695,-0.9470562934875488,0.595708429813385,0.3975991904735565,-0.9470523595809937,0.49058064818382263,0.39501211047172546,-0.9530457258224487,0.4685468077659607,0.39741823077201843,-0.9523550271987915,0.44938158988952637,0.4000896215438843,-0.9527802467346191,0.6283389329910278,0.437848836183548,-0.5753570199012756,0.4292849898338318,0.43882182240486145,-0.582091748714447,0.5674734711647034,0.5520481467247009,-0.8648279905319214,0.4859454035758972,0.5518614053726196,-0.8667351007461548,0.7995847463607788,0.8617982268333435,-0.3242179751396179,0.25754591822624207,0.8710986375808716,-0.45862966775894165,0.8955563306808472,1.3233792781829834,-0.30556339025497437,0.16564182937145233,1.3490861654281616,-0.37944963574409485,0.8629199266433716,1.6937400102615356,-0.6859442591667175,0.19392724335193634,1.7230894565582275,-0.7866367101669312,0.8895097970962524,1.8249012231826782,-0.812130331993103,0.16144424676895142,1.8536232709884644,-0.9286061525344849,0.8270257711410522,1.8258379697799683,-0.8809614181518555,0.2237497866153717,1.8551173210144043,-1.0109567642211914,0.807331383228302,1.7688877582550049,-0.73881995677948,0.24731428921222687,1.7983125448226929,-0.8378428220748901,0.7030541300773621,1.737092137336731,-0.020675303414463997,0.3615971505641937,1.738642930984497,0.026586070656776428,0.6738268136978149,2.4534308910369873,0.029707860201597214,0.3565672039985657,2.451509714126587,0.0294403787702322,0.6716474294662476,3.103111743927002,0.7042125463485718,0.3693849742412567,3.085146188735962,0.49383488297462463,0.6772876977920532,3.215315580368042,0.7381910085678101,0.36663299798965454,3.1959023475646973,0.5177522897720337,0.622641384601593,3.3079938888549805,0.12651485204696655,0.4186905324459076,3.280102252960205,-0.15832087397575378,0.4236501035587053,1
2026-09-24T12:27:07.533332,S012,S012_A5_Y_20260924_1226,elevated_20,A5,young,class_1,0.5270682573318481,0.47406429052352905,-1.010256052017212,0.5586498975753784,0.39568087458610535,-0.9491197466850281,0.57744300365448,0.39689114689826965,-0.9489923715591431,0.5957348942756653,0.3988247513771057,-0.9489727020263672,0.49068814516067505,0.39674949645996094,-0.9561222791671753,0.4686484932899475,0.3987521231174469,-0.9553855061531067,0.4493788778781891,0.40102776885032654,-0.9558144807815552,0.6281201839447021,0.438600093126297,-0.5678160786628723,0.42875808477401733,0.43912798166275024,-0.5786018967628479,0.5674601197242737,0.5556383728981018,-0.8649458885192871,0.4859846234321594,0.5546716451644897,-0.8684007525444031,0.7996333837509155,0.8633737564086914,-0.3237486481666565,0.2571004033088684,0.8720504641532898,-0.45744332671165466,0.8969858288764954,1.3266146183013916,-0.3227703869342804,0.16464264690876007,1.3574872016906738,-0.3802695870399475,0.8626025915145874,1.7018026113510132,-0.7215285301208496,0.19211311638355255,1.7363697290420532,-0.792209804058075,0.8883543014526367,1.8360743522644043,-0.8515012860298157,0.1603589951992035,1.8680198192596436,-0.9337909817695618,0.8246167898178101,1.8348288536071777,-0.9180630445480347,0.2217646837234497,1.8677551746368408,-1.0170633792877197,0.8055453300476074,1.777190923690796,-0.7738906741142273,0.24520115554332733,1.8111302852630615,-0.8439663648605347,0.7038768529891968,1.745033860206604,-0.022650042548775673,0.36210817098617554,1.7486884593963623,0.028583109378814697,0.6758455634117126,2.464336633682251,-0.016077373176813126,0.35708123445510864,2.4644880294799805,0.01863473281264305,0.6742633581161499,3.1171278953552246,0.6260674595832825,0.3708934187889099,3.101895570755005,0.4408203959465027,0.6813892126083374,3.22851300239563,0.6558158993721008,0.36845162510871887,3.2128243446350098,0.4602455198764801,0.6232998967170715,3.327263832092285,0.03231056407094002,0.4193955361843109,3.2994391918182373,-0.21613605320453644,0.4234548569321773,1
2026-09-24T12:27:07.656436,S012,S012_A5_Y_20260924_1226,elevated_20,A5,young,class_1,0.5271307229995728,0.4749879240989685,-1.0018739700317383,0.5585082173347473,0.3957521319389343,-0.9415408968925476,0.5773270130157471,0.3968767523765564,-0.9414135217666626,0.5954951047897339,0.39881032705307007,-0.941423237323761,0.49068889021873474,0.39717525243759155,-0.9481303095817566,0.46852296590805054,0.39925917983055115,-0.9473719596862793,0.44895416498184204,0.4016079008579254,-0.9477964639663696,0.6270338296890259,0.4384253919124603,-0.5630150437355042,0.42781195044517517,0.43955564498901367,-0.5736045241355896,0.5674892067909241,0.5568497180938721,-0.8579121828079224,0.4860475957393646,0.5567518472671509,-0.8611381649971008,0.8000775575637817,0.8649436831474304,-0.32345816493034363,0.2565031051635742,0.8742006421089172,-0.45853281021118164,0.897434413433075,1.3331351280212402,-0.32618921995162964,0.16408656537532806,1.3627594709396362,-0.3805619478225708,0.8604676127433777,1.7145379781723022,-0.7100104093551636,0.19216091930866241,1.7426707744598389,-0.792862594127655,0.8854624032974243,1.8502318859100342,-0.8375474810600281,0.160537987947464,1.8745002746582031,-0.9318567514419556,0.8207799792289734,1.8482955694198608,-0.9042305946350098,0.22181737422943115,1.873223900794983,-1.0146130323410034,0.8019573092460632,1.7906768321990967,-0.7619861364364624,0.24523384869098663,1.8168472051620483,-0.8444474935531616,0.7061808705329895,1.752342939376831,-0.023159032687544823,0.362873375415802,1.7581902742385864,0.029100652784109116,0.6789559125900269,2.4773776531219482,-0.0031550931744277477,0.35951298475265503,2.480822801589966,0.022797636687755585,0.6773267388343811,3.1324334144592285,0.671502411365509,0.3742072880268097,3.122750759124756,0.46269434690475464,0.6849073171615601,3.2433509826660156,0.7048614621162415,0.37229999899864197,3.234196186065674,0.48528796434402466,0.6250638961791992,3.3456108570098877,0.08952612429857254,0.4214705526828766,3.323570489883423,-0.18950210511684418,0.4235718268298914,1
2026-09-24T12:27:07.799341,S012,S012_A5_Y_20260924_1226,elevated_20,A5,young,class_1,0.5265767574310303,0.4760780930519104,-0.9889159202575684,0.5576983690261841,0.39612242579460144,-0.9312676191329956,0.5768027901649475,0.39710870385169983,-0.931076169013977,0.5947846174240112,0.39892491698265076,-0.9309664964675903,0.49006158113479614,0.39791733026504517,-0.9363307952880859,0.46760573983192444,0.4000289738178253,-0.9356275796890259,0.4477437436580658,0.40241608023643494,-0.936029314994812,0.6257405877113342,0.4385031759738922,-0.5593728423118591,0.4268370270729065,0.4401665925979614,-0.5640915632247925,0.5670804977416992,0.5585116147994995,-0.8473453521728516,0.48562854528427124,0.5588148236274719,-0.8485996127128601,0.8001314401626587,0.8657997846603394,-0.3208853006362915,0.25587403774261475,0.8769035339355469,-0.4549775719642639,0.8974212408065796,1.337188959121704,-0.3155286908149719,0.1640874445438385,1.3626259565353394,-0.36595237255096436,0.85919189453125,1.7175602912902832,-0.6875547170639038,0.197127103805542,1.7419426441192627,-0.7531583309173584,0.8840602040290833,1.851829171180725,-0.8119152188301086,0.16775473952293396,1.8737353086471558,-0.8869454264640808,0.8195853233337402,1.8488363027572632,-0.8755955696105957,0.2279568463563919,1.8730422258377075,-0.9680633544921875,0.8005342483520508,1.7915229797363281,-0.7379187941551208,0.25076332688331604,1.8166013956069946,-0.8035944104194641,0.7071934938430786,1.7541160583496094,-0.02315434440970421,0.363190621137619,1.7602027654647827,0.029097285121679306,0.6803776621818542,2.4790425300598145,0.002010940108448267,0.3614945113658905,2.482191562652588,0.02226870134472847,0.6790205240249634,3.1336512565612793,0.6798263788223267,0.3760204315185547,3.1234123706817627,0.46421581506729126,0.6864678263664246,3.244748830795288,0.7137936949729919,0.37422317266464233,3.234477996826172,0.4865052103996277,0.6278975605964661,3.345614194869995,0.1078709214925766,0.42327338457107544,3.323594570159912,-0.18816491961479187,0.42376714124879017,1
2026-09-24T12:27:07.904924,S012,S012_A5_Y_20260924_1226,elevated_20,A5,young,class_1,0.525698721408844,0.47753939032554626,-0.988720715045929,0.5569940805435181,0.3969406187534332,-0.9302337765693665,0.5764421224594116,0.39779990911483765,-0.9300583004951477,0.5944217443466187,0.399443119764328,-0.9299668073654175,0.48882466554641724,0.3988942801952362,-0.9361763000488281,0.4659680724143982,0.40091466903686523,-0.9354546666145325,0.4459141790866852,0.40326395630836487,-0.9358514547348022,0.6255031824111938,0.4388278126716614,-0.5565533638000488,0.425788938999176,0.4406183660030365,-0.5627918243408203,0.5666614770889282,0.5598376989364624,-0.8457909822463989,0.4851115345954895,0.5605106949806213,-0.847854495048523,0.8001615405082703,0.8645660281181335,-0.31101736426353455,0.25556039810180664,0.8782331943511963,-0.45436304807662964,0.8981615900993347,1.337142825126648,-0.2859830856323242,0.16405102610588074,1.3625575304031372,-0.36456549167633057,0.8594015836715698,1.7169890403747559,-0.6575402021408081,0.19928854703903198,1.7414188385009766,-0.759501576423645,0.8841379284858704,1.8509221076965332,-0.7808132171630859,0.17117086052894592,1.8733490705490112,-0.8964640498161316,0.8198728561401367,1.8480827808380127,-0.8475464582443237,0.23146212100982666,1.8724753856658936,-0.9775564074516296,0.8008524775505066,1.7909694910049438,-0.7094608545303345,0.25365275144577026,1.8159089088439941,-0.8102933168411255,0.7090006470680237,1.7514702081680298,-0.023151563480496407,0.36403751373291016,1.7587283849716187,0.029098991304636,0.6843939423561096,2.476944923400879,0.004094365052878857,0.3657836318016052,2.4818801879882812,0.021133380010724068,0.684425950050354,3.132967710494995,0.6810920834541321,0.3805329203605652,3.121838331222534,0.46590203046798706,0.6917867660522461,3.2444159984588623,0.715116024017334,0.3788639008998871,3.2327699661254883,0.4884907305240631,0.6348077058792114,3.3453385829925537,0.10859069973230362,0.42869824171066284,3.3213820457458496,-0.18486110866069794,0.4233713610167687,1
2026-09-24T12:27:08.040508,S012,S012_A5_Y_20260924_1226,elevated_20,A5,young,class_1,0.5250179171562195,0.4784778356552124,-0.9874097108840942,0.5566697120666504,0.39743438363075256,-0.9284388422966003,0.5762805938720703,0.39828523993492126,-0.9282272458076477,0.5942585468292236,0.3998606503009796,-0.9281033277511597,0.4880271553993225,0.399262011051178,-0.9341428875923157,0.4647183418273926,0.40122684836387634,-0.933425784111023,0.44447821378707886,0.40356117486953735,-0.9338198900222778,0.6254855990409851,0.4390484690666199,-0.545748233795166,0.42497897148132324,0.4407268464565277,-0.5560640096664429,0.566219687461853,0.5606540441513062,-0.840124249458313,0.4843842387199402,0.5616565346717834,-0.8433658480644226,0.8005472421646118,0.8623371124267578,-0.28869277238845825,0.2552659809589386,0.8782681226730347,-0.44149428606033325,0.8982243537902832,1.3367316722869873,-0.2715967893600464,0.1638256162405014,1.3567042350769043,-0.3542073965072632,0.8567225337028503,1.716581106185913,-0.6469454169273376,0.199283629655838,1.73865807056427,-0.7587466835975647,0.8781418800354004,1.8504328727722168,-0.7698026895523071,0.17135919630527496,1.8721098899841309,-0.8991257548332214,0.8153641819953918,1.8474421501159668,-0.8377213478088379,0.23165901005268097,1.8713982105255127,-0.9778205752372742,0.7981444597244263,1.7906750440597534,-0.6986211538314819,0.25364816188812256,1.8143974542617798,-0.8085994720458984,0.7095816135406494,1.7510986328125,-0.02403261885046959,0.3643742799758911,1.7585530281066895,0.029926147311925888,0.6864639520645142,2.476717948913574,0.011913423426449299,0.3671119809150696,2.4809329509735107,0.027585649862885475,0.6877092719078064,3.1328117847442627,0.6966798901557922,0.38433438539505005,3.1204895973205566,0.4845708906650543,0.695283055305481,3.2434282302856445,0.7317910194396973,0.3836342394351959,3.2314465045928955,0.5099472403526306,0.6374024152755737,3.343825578689575,0.1193118542432785,0.433023601770401,3.3199820518493652,-0.16789552569389343,0.42282450178436193,1
2026-09-24T12:27:08.164608,S012,S012_A5_Y_20260924_1226,elevated_20,A5,young,class_1,0.5244174599647522,0.47955188155174255,-0.9541107416152954,0.5563659071922302,0.398078054189682,-0.8998215794563293,0.5761094689369202,0.39894264936447144,-0.8996304273605347,0.5940982103347778,0.40048789978027344,-0.8995620012283325,0.4873976707458496,0.39985355734825134,-0.9044997096061707,0.46384674310684204,0.40171754360198975,-0.9037291407585144,0.4434989392757416,0.4039784073829651,-0.9041352272033691,0.625455379486084,0.43955057859420776,-0.5307155847549438,0.4243090748786926,0.440843403339386,-0.5358251929283142,0.5657058954238892,0.5618513822555542,-0.8110793232917786,0.48380255699157715,0.5629323124885559,-0.8126848936080933,0.8005889058113098,0.8601532578468323,-0.28106075525283813,0.25449150800704956,0.8784124851226807,-0.42794695496559143,0.8974475860595703,1.3368223905563354,-0.26128894090652466,0.16358941793441772,1.3527030944824219,-0.34281641244888306,0.8542773127555847,1.7164644002914429,-0.609948456287384,0.19823893904685974,1.7374061346054077,-0.726853609085083,0.875340461730957,1.849849820137024,-0.7271349430084229,0.17004182934761047,1.8715075254440308,-0.8635905981063843,0.8138562440872192,1.8449466228485107,-0.7978479862213135,0.23006422817707062,1.8698686361312866,-0.938582718372345,0.7963956594467163,1.7888482809066772,-0.6623388528823853,0.2525326907634735,1.8130054473876953,-0.7757527828216553,0.7098516821861267,1.7479058504104614,-0.02232106775045395,0.3645785450935364,1.755432367324829,0.028309915214776993,0.6865891218185425,2.470902681350708,0.0005342041840776801,0.36713874340057373,2.4735257625579834,-0.0008885711431503296,0.688296377658844,3.126802921295166,0.6378809213638306,0.3843251168727875,3.112467050552368,0.4066161513328552,0.6957982182502747,3.237135887145996,0.6677720546722412,0.3835504353046417,3.222438097000122,0.42582932114601135,0.6384755373001099,3.3386356830596924,0.06093334034085274,0.43317365646362305,3.313350200653076,-0.2405530959367752,0.42233715549450196,1
2026-09-24T12:27:08.267162,S012,S012_A5_Y_20260924_1226,elevated_20,A5,young,class_1,0.5249627828598022,0.48315414786338806,-0.9085572361946106,0.5563526153564453,0.39947277307510376,-0.8567250370979309,0.576056957244873,0.39999499917030334,-0.8565133810043335,0.593994677066803,0.40112972259521484,-0.8563709259033203,0.48741278052330017,0.40178176760673523,-0.8619454503059387,0.46387115120887756,0.40358951687812805,-0.8611467480659485,0.44354256987571716,0.4057508707046509,-0.8615155220031738,0.6248717308044434,0.43958422541618347,-0.5018776655197144,0.4241052269935608,0.44224533438682556,-0.5066276788711548,0.5658963322639465,0.5642210841178894,-0.7707706689834595,0.4842897057533264,0.566605269908905,-0.7722815275192261,0.8010897636413574,0.8600856065750122,-0.28014200925827026,0.25445836782455444,0.8798519968986511,-0.41564279794692993,0.8979930877685547,1.3394904136657715,-0.2629252076148987,0.16358235478401184,1.354525089263916,-0.33928146958351135,0.8541593551635742,1.7243074178695679,-0.6144420504570007,0.20106887817382812,1.7387830018997192,-0.703788161277771,0.8753539323806763,1.8587852716445923,-0.7332494258880615,0.17439469695091248,1.8728779554367065,-0.8331049084663391,0.8137612342834473,1.852154016494751,-0.796352744102478,0.2336970865726471,1.8697888851165771,-0.9070942997932434,0.7961825132369995,1.7967115640640259,-0.6639848351478577,0.2557593584060669,1.813227891921997,-0.7518095970153809,0.7127215266227722,1.751070261001587,-0.023915283381938934,0.36571112275123596,1.761508584022522,0.029933791607618332,0.6897302865982056,2.476551055908203,0.004727753810584545,0.3703959584236145,2.4833481311798096,0.01814139448106289,0.6915296912193298,3.1317923069000244,0.6569029688835144,0.38862738013267517,3.123141288757324,0.44693607091903687,0.6988786458969116,3.2407803535461426,0.690704882144928,0.3881149888038635,3.2326388359069824,0.4732576012611389,0.6429265141487122,3.3472342491149902,0.10758453607559204,0.4371336102485657,3.324852705001831,-0.17328043282032013,0.42246079455148766,1
2026-09-24T12:27:08.377716,S012,S012_A5_Y_20260924_1226,elevated_20,A5,young,class_1,0.5252994298934937,0.49263542890548706,-0.9352067708969116,0.5563514828681946,0.4049926996231079,-0.8852373361587524,0.5760006904602051,0.4047606587409973,-0.8850004076957703,0.5939217805862427,0.40476617217063904,-0.8848063349723816,0.4874221682548523,0.4086816906929016,-0.8892320394515991,0.4639095366001129,0.4101230204105377,-0.8884645700454712,0.44353556632995605,0.4118143916130066,-0.8888375163078308,0.6248087882995605,0.4419625699520111,-0.530001699924469,0.4239049553871155,0.44806575775146484,-0.5273803472518921,0.5661783814430237,0.5714803338050842,-0.7975574731826782,0.4844936430454254,0.5754436254501343,-0.7962476015090942,0.8026793599128723,0.8602067828178406,-0.2989005446434021,0.25440460443496704,0.8819096088409424,-0.42644596099853516,0.9007627367973328,1.3400852680206299,-0.2758428454399109,0.16266517341136932,1.3618929386138916,-0.3519970774650574,0.8587740659713745,1.7246167659759521,-0.6187264323234558,0.19565686583518982,1.7386752367019653,-0.7087827920913696,0.8834802508354187,1.858142614364624,-0.7378875613212585,0.17515820264816284,1.8760063648223877,-0.8380590677261353,0.8222111463546753,1.8520750999450684,-0.8035811185836792,0.2118651419878006,1.8695054054260254,-0.9124371409416199,0.8021249771118164,1.7971985340118408,-0.6692485809326172,0.25645047426223755,1.8142249584197998,-0.7602608799934387,0.7170551419258118,1.7532117366790771,-0.026372496038675308,0.3672971725463867,1.7641615867614746,0.032461218535900116,0.6928672790527344,2.480975866317749,0.0319167822599411,0.37108492851257324,2.4895081520080566,0.054712552577257156,0.6930031776428223,3.136430501937866,0.7619426250457764,0.3894681930541992,3.1294944286346436,0.5647159218788147,0.7002697587013245,3.245481014251709,0.8008067011833191,0.3889613747596741,3.23883318901062,0.5978676080703735,0.6444492340087891,3.351245880126953,0.19389817118644714,0.43804606795310974,3.332475185394287,-0.08007688820362091,0.4227119929034664,1
2026-09-24T12:27:08.493300,S012,S012_A5_Y_20260924_1226,elevated_20,A5,young,class_1,0.5252792835235596,0.4992475211620331,-0.925269603729248,0.5561643838882446,0.4091953635215759,-0.8767337799072266,0.5757565498352051,0.408727765083313,-0.876473605632782,0.593651294708252,0.40827491879463196,-0.8762801289558411,0.48713722825050354,0.4133516252040863,-0.8786705136299133,0.46373867988586426,0.41441968083381653,-0.8778606653213501,0.4431324005126953,0.41590452194213867,-0.8782184720039368,0.6247807741165161,0.44494274258613586,-0.5299597978591919,0.42326274514198303,0.45163461565971375,-0.5208463668823242,0.5661805868148804,0.5777818560600281,-0.7919539213180542,0.4843984544277191,0.5816648006439209,-0.788287341594696,0.8041761517524719,0.8607639074325562,-0.30335721373558044,0.2542673945426941,0.8827804923057556,-0.4232356548309326,0.9046902656555176,1.3418371677398682,-0.27611711621284485,0.1609654426574707,1.3637150526046753,-0.353353887796402,0.8613578081130981,1.7260944843292236,-0.5921949148178101,0.1884073168039322,1.7372814416885376,-0.7158129811286926,0.887043833732605,1.8583730459213257,-0.7075378894805908,0.17418286204338074,1.8786441087722778,-0.8537278175354004,0.8261851072311401,1.8521753549575806,-0.7593371272087097,0.21279719471931458,1.8698174953460693,-0.9295001029968262,0.8049324154853821,1.7979415655136108,-0.6374064087867737,0.25567883253097534,1.8145861625671387,-0.7658364176750183,0.7193955183029175,1.7545124292373657,-0.03010844625532627,0.3673587441444397,1.765236258506775,0.036272015422582626,0.6938163042068481,2.483283042907715,0.04025411978363991,0.3710591495037079,2.492607593536377,0.08129550516605377,0.6934594511985779,3.138270139694214,0.782447874546051,0.3894551396369934,3.131836175918579,0.6077476143836975,0.7006661891937256,3.247123956680298,0.8215129971504211,0.3889077603816986,3.240952968597412,0.6424263715744019,0.645301878452301,3.352936267852783,0.2142493724822998,0.4383067488670349,3.335484266281128,-0.03544211387634277,0.4230181708615033,1
2026-09-24T12:27:08.617365,S012,S012_A5_Y_20260924_1226,elevated_20,A5,young,class_1,0.5275098085403442,0.5089715123176575,-0.9503520131111145,0.5570913553237915,0.41520941257476807,-0.9017723798751831,0.5762608051300049,0.41409942507743835,-0.9015793800354004,0.5943022966384888,0.4131234288215637,-0.9014350771903992,0.4875037670135498,0.4196246564388275,-0.9028818011283875,0.46392184495925903,0.4204826354980469,-0.9019880294799805,0.44314640760421753,0.4216804802417755,-0.9022882580757141,0.6247581839561462,0.4474344253540039,-0.5523819327354431,0.4221380352973938,0.4549097418785095,-0.5373811721801758,0.5673220753669739,0.5876402258872986,-0.8154155611991882,0.48529043793678284,0.5924693942070007,-0.81001216173172,0.8045069575309753,0.8607369661331177,-0.33056655526161194,0.2538433074951172,0.8845789432525635,-0.4238220155239105,0.905716061592102,1.344184398651123,-0.3142763376235962,0.15497392416000366,1.381875991821289,-0.3522356152534485,0.8623199462890625,1.725692629814148,-0.6411994099617004,0.18861135840415955,1.763261079788208,-0.7221599817276001,0.8892366290092468,1.8581393957138062,-0.7706831693649292,0.1728241890668869,1.899273157119751,-0.8530298471450806,0.8276217579841614,1.8514695167541504,-0.8177434206008911,0.21331219375133514,1.8871190547943115,-0.9370603561401367,0.8057454228401184,1.7978178262710571,-0.6862927079200745,0.25384366512298584,1.8310720920562744,-0.7742928266525269,0.7236047387123108,1.7563738822937012,-0.034517738968133926,0.3713299632072449,1.7687400579452515,0.040769193321466446,0.6971870064735413,2.484135389328003,0.011182550340890884,0.37341246008872986,2.49513840675354,0.07484150677919388,0.695954442024231,3.1395485401153564,0.7290680408477783,0.391925185918808,3.133155584335327,0.5767385363578796,0.7037075757980347,3.248976945877075,0.7637195587158203,0.39083239436149597,3.242450714111328,0.6076310276985168,0.6467218995094299,3.353635311126709,0.13544216752052307,0.44115811586380005,3.336926221847534,-0.06506766378879547,0.4228027915510486,1
2026-09-24T12:27:08.720974,S012,S012_A5_Y_20260924_1226,elevated_20,A5,young,class_1,0.5287426710128784,0.5218991637229919,-1.018134355545044,0.5575039982795715,0.4220771789550781,-0.9625927209854126,0.5764659643173218,0.4197565019130707,-0.9626179933547974,0.594595193862915,0.418050080537796,-0.9626258611679077,0.4875691533088684,0.42979997396469116,-0.9651893377304077,0.4639533460140228,0.43170419335365295,-0.9641281962394714,0.44314518570899963,0.434503972530365,-0.9644092321395874,0.624994158744812,0.45082947611808777,-0.5717079639434814,0.4215008616447449,0.4655727744102478,-0.5569119453430176,0.5692671537399292,0.5988748669624329,-0.8649594187736511,0.48677390813827515,0.6072820425033569,-0.8607214689254761,0.8093689680099487,0.8607549071311951,-0.3313234746456146,0.2538120746612549,0.8878259658813477,-0.42182794213294983,0.9128074645996094,1.3449007272720337,-0.3370698094367981,0.15463383495807648,1.4097188711166382,-0.3533594608306885,0.8730079531669617,1.7203352451324463,-0.7369083166122437,0.18879272043704987,1.7877060174942017,-0.8072841763496399,0.9026554822921753,1.8489686250686646,-0.8826638460159302,0.1727445125579834,1.9223812818527222,-0.9533693194389343,0.8395522832870483,1.8376052379608154,-0.9343273043632507,0.215619757771492,1.9025654792785645,-1.049048900604248,0.816266655921936,1.787237524986267,-0.7857391834259033,0.25370511412620544,1.846708059310913,-0.866176426410675,0.7342644929885864,1.7617758512496948,-0.045186106115579605,0.3773725628852844,1.7761026620864868,0.051777433604002,0.711661696434021,2.491579532623291,-0.0008987657492980361,0.38223034143447876,2.5056769847869873,0.12107022106647491,0.7114013433456421,3.1460678577423096,0.7277748584747314,0.4043709337711334,3.1421213150024414,0.6336909532546997,0.72059565782547,3.2562644481658936,0.762479841709137,0.4034267067909241,3.2509984970092773,0.6663233041763306,0.6590244770050049,3.3598382472991943,0.11133285611867905,0.4561096131801605,3.3493082523345947,-0.039790473878383636,0.42277927456731934,1
2026-09-24T12:27:08.836544,S012,S012_A5_Y_20260924_1226,elevated_20,A5,young,class_1,0.5305267572402954,0.5270342230796814,-1.00675630569458,0.5581278204917908,0.42543575167655945,-0.9519156217575073,0.5767137408256531,0.42262759804725647,-0.9518668055534363,0.5948519110679626,0.42058518528938293,-0.9518475532531738,0.4878665506839752,0.4342566430568695,-0.9545621871948242,0.46410197019577026,0.4365154206752777,-0.9535838961601257,0.44315391778945923,0.4399644732475281,-0.953882098197937,0.6249945163726807,0.4525962769985199,-0.5739502906799316,0.4209119379520416,0.47105440497398376,-0.5562770366668701,0.5707172155380249,0.6033154726028442,-0.8591667413711548,0.4881371557712555,0.6133296489715576,-0.8548717498779297,0.8113604784011841,0.8612930774688721,-0.34769758582115173,0.2537609040737152,0.888889729976654,-0.42187419533729553,0.9172833561897278,1.3473021984100342,-0.3649173378944397,0.15220408141613007,1.4173624515533447,-0.3949142396450043,0.8766494989395142,1.7167967557907104,-0.7345901727676392,0.1886356920003891,1.788778305053711,-0.9009561538696289,0.9076744318008423,1.840270757675171,-0.8745614290237427,0.17034336924552917,1.9221928119659424,-1.0455855131149292,0.8448346257209778,1.8268135786056519,-0.9230908155441284,0.21635325253009796,1.9008501768112183,-1.1330618858337402,0.8208175897598267,1.7793687582015991,-0.781383752822876,0.2516236901283264,1.8453896045684814,-0.9584243893623352,0.7347186803817749,1.7651779651641846,-0.047257788479328156,0.37727051973342896,1.7807908058166504,0.05391838401556015,0.7121937870979309,2.4956212043762207,0.0011211388045921922,0.3824515640735626,2.5105080604553223,0.13242709636688232,0.7117865681648254,3.1500191688537598,0.7387868165969849,0.40535205602645874,3.145228147506714,0.6553018093109131,0.7209439873695374,3.260895013809204,0.7746316194534302,0.40416979789733887,3.254660129547119,0.689084529876709,0.6594770550727844,3.3632280826568604,0.11941331624984741,0.45734459161758423,3.353175401687622,-0.010884784162044525,0.42292499999989147,1
2026-09-24T12:27:08.928222,S012,S012_A5_Y_20260924_1226,elevated_20,A5,young,class_1,0.5315133333206177,0.5282909870147705,-1.0050570964813232,0.558557391166687,0.42663663625717163,-0.947638213634491,0.5768822431564331,0.42368271946907043,-0.9475499987602234,0.595019519329071,0.42152225971221924,-0.9474622011184692,0.4880116879940033,0.4359593987464905,-0.952250599861145,0.4641602635383606,0.43840235471725464,-0.9513527154922485,0.4431590139865875,0.44209346175193787,-0.951693058013916,0.6249929070472717,0.453161358833313,-0.5705124139785767,0.42045703530311584,0.4730335772037506,-0.5520281791687012,0.5713236331939697,0.6039422750473022,-0.8578886985778809,0.4888461232185364,0.614589273929596,-0.8516924977302551,0.812003493309021,0.8613035678863525,-0.34763839840888977,0.25374484062194824,0.8889360427856445,-0.41669782996177673,0.9171808362007141,1.3477100133895874,-0.37142452597618103,0.15257085859775543,1.4145228862762451,-0.4111446440219879,0.8760992884635925,1.715196967124939,-0.7310964465141296,0.18854525685310364,1.7844963073730469,-0.9291937947273254,0.9065964818000793,1.8380030393600464,-0.8701214790344238,0.16757379472255707,1.9186378717422485,-1.0745952129364014,0.8438657522201538,1.824713945388794,-0.9192333221435547,0.21619924902915955,1.9002152681350708,-1.1623740196228027,0.8202358484268188,1.7772881984710693,-0.7777128219604492,0.2485213726758957,1.8442903757095337,-0.9870688319206238,0.734834611415863,1.7656646966934204,-0.04975951835513115,0.37784498929977417,1.7814433574676514,0.056379906833171844,0.7126742601394653,2.495495319366455,0.0024727066047489643,0.3831348717212677,2.51039719581604,0.13799574971199036,0.7123798727989197,3.1497690677642822,0.7392016649246216,0.4063095152378082,3.146054744720459,0.6580687761306763,0.7217108011245728,3.2603647708892822,0.7753084897994995,0.4047980308532715,3.255972146987915,0.6921019554138184,0.6597875952720642,3.3634941577911377,0.12325668334960938,0.458112895488739,3.3534443378448486,-0.003516676602885127,0.4226426973108794,1
2026-09-24T12:27:09.045168,S012,S012_A5_Y_20260924_1226,elevated_20,A5,young,class_1,0.5335268378257751,0.532315194606781,-1.0042110681533813,0.559829831123352,0.43048158288002014,-0.9491910934448242,0.5778442621231079,0.4270300567150116,-0.9490970373153687,0.5962504148483276,0.4244144856929779,-0.9491388201713562,0.4887397289276123,0.43956154584884644,-0.9547867774963379,0.464535653591156,0.4414462745189667,-0.9539523124694824,0.44327157735824585,0.4446775019168854,-0.9542967081069946,0.6255524754524231,0.45441076159477234,-0.5713045001029968,0.42021554708480835,0.4742375612258911,-0.5648661255836487,0.572783887386322,0.6078994870185852,-0.8566325902938843,0.4899769425392151,0.6179914474487305,-0.8538540005683899,0.812436580657959,0.8616456389427185,-0.345904141664505,0.2536042332649231,0.8897049427032471,-0.4235766530036926,0.9165833592414856,1.3560453653335571,-0.36320775747299194,0.15141060948371887,1.4143383502960205,-0.40608644485473633,0.8726115226745605,1.7229548692703247,-0.7319284677505493,0.18760715425014496,1.783166766166687,-0.8963988423347473,0.9025514721870422,1.849865198135376,-0.8714073300361633,0.16501997411251068,1.9168387651443481,-1.0402710437774658,0.8378432989120483,1.8363380432128906,-0.926026463508606,0.21557065844535828,1.8992371559143066,-1.120930552482605,0.8152507543563843,1.785671353340149,-0.7803477644920349,0.24495646357536316,1.8435293436050415,-0.9508592486381531,0.7344911694526672,1.771297812461853,-0.04955771192908287,0.3775956332683563,1.7865468263626099,0.05614824965596199,0.712016224861145,2.499537944793701,0.0030286633409559727,0.3830302357673645,2.5123507976531982,0.13225220143795013,0.7117308378219604,3.1541926860809326,0.7381744384765625,0.40575775504112244,3.148085594177246,0.654163658618927,0.7209241986274719,3.2646751403808594,0.7740656137466431,0.4042835235595703,3.258155584335327,0.6865580081939697,0.659435510635376,3.368975877761841,0.1255207359790802,0.4574640691280365,3.3559908866882324,-0.006865689065307379,0.4222987372086484,1
2026-09-24T12:27:09.197224,S012,S012_A5_Y_20260924_1226,elevated_20,A5,young,class_1,0.5343784093856812,0.5356578230857849,-1.0268950462341309,0.5603658556938171,0.4344392418861389,-0.9758666157722473,0.5783880949020386,0.4308953583240509,-0.9758057594299316,0.5969801545143127,0.4281662404537201,-0.9759641885757446,0.48902758955955505,0.44226792454719543,-0.9792969822883606,0.4646833539009094,0.44353845715522766,-0.9785199165344238,0.4433061182498932,0.4462485611438751,-0.9788988828659058,0.6262909173965454,0.45636600255966187,-0.5932389497756958,0.420112282037735,0.4745522737503052,-0.5820448994636536,0.5735360383987427,0.6114211678504944,-0.8757792711257935,0.4907960295677185,0.6200441718101501,-0.8722130656242371,0.8126870393753052,0.8611127138137817,-0.34851524233818054,0.25389939546585083,0.8892946839332581,-0.4262641966342926,0.9163082242012024,1.3571006059646606,-0.3672577142715454,0.15004876255989075,1.4121145009994507,-0.40316662192344666,0.8712671995162964,1.7239813804626465,-0.7595077753067017,0.1858738362789154,1.7813302278518677,-0.8751131296157837,0.9000234603881836,1.8522275686264038,-0.9009516835212708,0.16244257986545563,1.9151870012283325,-1.01669180393219,0.8346384167671204,1.838858962059021,-0.9603622555732727,0.2150716483592987,1.8980863094329834,-1.1010587215423584,0.8127049207687378,1.7870489358901978,-0.8097590208053589,0.24256543815135956,1.8424848318099976,-0.9296368360519409,0.7341572642326355,1.770982027053833,-0.04935159161686897,0.3778577446937561,1.7859946489334106,0.05585172027349472,0.7115224003791809,2.4992992877960205,-0.0035682048182934523,0.3827991783618927,2.511281728744507,0.09744332730770111,0.7112610936164856,3.153792142868042,0.6969181895256042,0.4053792357444763,3.1471588611602783,0.5705426931381226,0.7203344106674194,3.264456033706665,0.7301138639450073,0.4038845896720886,3.2565529346466064,0.5970742702484131,0.6589187979698181,3.3682539463043213,0.08856476843357086,0.45697277784347534,3.355217695236206,-0.1033691018819809,0.42198583900389247,1
