timestamp,subject_id,session_id,camera_angle,angle_code,age_bracket,posture_class,x0,y0,z0,x1,y1,z1,x2,y2,z2,x3,y3,z3,x4,y4,z4,x5,y5,z5,x6,y6,z6,x7,y7,z7,x8,y8,z8,x9,y9,z9,x10,y10,z10,x11,y11,z11,x12,y12,z12,x13,y13,z13,x14,y14,z14,x15,y15,z15,x16,y16,z16,x17,y17,z17,x18,y18,z18,x19,y19,z19,x20,y20,z20,x21,y21,z21,x22,y22,z22,x23,y23,z23,x24,y24,z24,x25,y25,z25,x26,y26,z26,x27,y27,z27,x28,y28,z28,x29,y29,z29,x30,y30,z30,x31,y31,z31,x32,y32,z32,frame_quality,label
2026-09-24T12:27:14.300185,S012,S012_A5_Y_20260924_1227,elevated_20,A5,young,class_2,0.3925822675228119,0.4684945344924927,-0.8145627975463867,0.43191686272621155,0.3757363259792328,-0.8620263338088989,0.4590100646018982,0.3711622953414917,-0.8619705438613892,0.4899802803993225,0.3660847246646881,-0.8624672889709473,0.3818601965904236,0.3825032413005829,-0.7574992775917053,0.36933276057243347,0.38341468572616577,-0.7563544511795044,0.3568125367164612,0.38442185521125793,-0.7568449378013611,0.5825627446174622,0.3978050649166107,-0.7785900831222534,0.3921358585357666,0.41890183091163635,-0.32433393597602844,0.44742146134376526,0.5561594367027283,-0.7873328328132629,0.3877856433391571,0.5564859509468079,-0.6409668326377869,0.834447979927063,0.8407841324806213,-0.677040696144104,0.2570978105068207,0.8437061309814453,-0.1605357974767685,0.9596928358078003,1.355088472366333,-0.7080574631690979,0.1857692450284958,1.3910866975784302,-0.0914802998304367,0.8821877241134644,1.7382559776306152,-0.7681212425231934,0.1857464611530304,1.7708381414413452,-0.6693270206451416,0.9078723192214966,1.890408992767334,-0.8888472318649292,0.15625979006290436,1.914075255393982,-0.7825661897659302,0.8345600366592407,1.8838016986846924,-0.9453788995742798,0.20904096961021423,1.8976858854293823,-0.8729273080825806,0.8130730390548706,1.8195768594741821,-0.7986141443252563,0.23681935667991638,1.841033697128296,-0.7361887693405151,0.7405727505683899,1.7707329988479614,-0.16932426393032074,0.3777851164340973,1.7668533325195312,0.17706985771656036,0.712726891040802,2.51108980178833,-0.1843658983707428,0.38104817271232605,2.5107078552246094,0.3978901505470276,0.7122160196304321,3.1739461421966553,0.5835983157157898,0.3912741243839264,3.151439905166626,0.8975663185119629,0.7315058708190918,3.2956278324127197,0.623541533946991,0.39169102907180786,3.2686636447906494,0.9336773753166199,0.6257579326629639,3.3896405696868896,-0.03689834102988243,0.4065307676792145,3.379091739654541,0.290602445602417,0.42186082516472007,2
2026-09-24T12:27:14.374395,S012,S012_A5_Y_20260924_1227,elevated_20,A5,young,class_2,0.3799002468585968,0.44358739256858826,-0.8713067173957825,0.4232048988342285,0.3508361577987671,-0.9250691533088684,0.4522516131401062,0.34792667627334595,-0.9252393841743469,0.4848062992095947,0.3448631167411804,-0.9258796572685242,0.3714727759361267,0.355795681476593,-0.8184368014335632,0.35852986574172974,0.3563905656337738,-0.817446231842041,0.3459607660770416,0.35655736923217773,-0.8178717494010925,0.578255295753479,0.3852732479572296,-0.9046316146850586,0.3879545331001282,0.39868006110191345,-0.38367506861686707,0.4388350546360016,0.5398048162460327,-0.8493167161941528,0.37794673442840576,0.5367884039878845,-0.7065659761428833,0.8559125065803528,0.8419703245162964,-0.7904041409492493,0.26037439703941345,0.8397156596183777,-0.18104086816310883,0.9867759943008423,1.370057225227356,-0.8472322225570679,0.19094589352607727,1.3942482471466064,-0.08566934615373611,0.9008854031562805,1.7565438747406006,-0.9574376344680786,0.17499467730522156,1.7699108123779297,-0.6798040270805359,0.9281390309333801,1.9133648872375488,-1.0826268196105957,0.1350642740726471,1.9137847423553467,-0.7941946983337402,0.8409219980239868,1.9063044786453247,-1.107511043548584,0.18664707243442535,1.8969311714172363,-0.8839057087898254,0.8232846260070801,1.8392335176467896,-0.9769986271858215,0.21422210335731506,1.8403804302215576,-0.7477878928184509,0.7496120929718018,1.8006237745285034,-0.21048247814178467,0.3777290880680084,1.7777609825134277,0.21847423911094666,0.7144101858139038,2.5723421573638916,-0.12446586787700653,0.3791440725326538,2.5478081703186035,0.6757206916809082,0.7113970518112183,3.2482261657714844,0.7999258041381836,0.37230005860328674,3.2086524963378906,1.4889087677001953,0.7317266464233398,3.380394220352173,0.8591011166572571,0.3720514178276062,3.3351998329162598,1.5598909854888916,0.5923734307289124,3.468064785003662,0.16385053098201752,0.37679702043533325,3.4576303958892822,0.8949677348136902,0.4206241902935827,2
2026-09-24T12:27:14.479593,S012,S012_A5_Y_20260924_1227,elevated_20,A5,young,class_2,0.3776227831840515,0.4422210454940796,-0.9134944081306458,0.42089104652404785,0.34557926654815674,-0.9900133013725281,0.4509635865688324,0.3422994017601013,-0.99041748046875,0.4849511682987213,0.33901986479759216,-0.9908903241157532,0.36789390444755554,0.3518435060977936,-0.8466267585754395,0.35474690794944763,0.35280102491378784,-0.8457626104354858,0.3418087363243103,0.3534764051437378,-0.8466135263442993,0.5793507695198059,0.37940242886543274,-0.9440954923629761,0.3850981593132019,0.39488252997398376,-0.42124253511428833,0.4372350573539734,0.5395959615707397,-0.9073354005813599,0.3768501579761505,0.535727322101593,-0.7258964776992798,0.8701620101928711,0.8420656323432922,-0.7813654541969299,0.2648400366306305,0.8353735208511353,-0.17121358215808868,1.004204273223877,1.3695613145828247,-0.7708954215049744,0.20487987995147705,1.3942512273788452,0.14626052975654602,0.9173391461372375,1.7539403438568115,-0.8805292248725891,0.17643308639526367,1.7647496461868286,-0.25727853178977966,0.9392094612121582,1.9059576988220215,-0.9982078671455383,0.13841989636421204,1.9044302701950073,-0.3344387412071228,0.8548266291618347,1.8979953527450562,-1.0322710275650024,0.18862733244895935,1.8882280588150024,-0.43486976623535156,0.8403852581977844,1.835012674331665,-0.9050140380859375,0.2152821570634842,1.8315904140472412,-0.3233540654182434,0.7611603736877441,1.8000017404556274,-0.20152664184570312,0.3837239146232605,1.7728067636489868,0.2087782621383667,0.7290059328079224,2.5600199699401855,-0.19190089404582977,0.3892410099506378,2.5421183109283447,0.4292811453342438,0.719927966594696,3.2381625175476074,0.708570659160614,0.38019150495529175,3.2099382877349854,1.0434211492538452,0.743625819683075,3.3668720722198486,0.7670099139213562,0.38315051794052124,3.3370606899261475,1.0902069807052612,0.5996991395950317,3.465820074081421,0.0446510836482048,0.38809046149253845,3.4543099403381348,0.40519627928733826,0.4185553556397171,2
2026-09-24T12:27:14.569108,S012,S012_A5_Y_20260924_1227,elevated_20,A5,young,class_2,0.3768550455570221,0.4284437894821167,-1.2495414018630981,0.4213781952857971,0.32644346356391907,-1.3008559942245483,0.4512702524662018,0.32319116592407227,-1.3012640476226807,0.4862367510795593,0.3203682601451874,-1.3017516136169434,0.365756094455719,0.33457860350608826,-1.197516918182373,0.35171613097190857,0.33616164326667786,-1.197034239768982,0.3378370702266693,0.33726269006729126,-1.1978963613510132,0.5823948979377747,0.3627238869667053,-1.218392014503479,0.38151270151138306,0.3777711093425751,-0.7281407713890076,0.4405835270881653,0.5297247767448425,-1.1971216201782227,0.37582671642303467,0.5240300893783569,-1.0520212650299072,0.8860276937484741,0.836924135684967,-0.9503089189529419,0.26299571990966797,0.8282479643821716,-0.37015631794929504,1.0327588319778442,1.3690409660339355,-0.9229246973991394,0.2041819989681244,1.3961279392242432,0.03501119092106819,0.9490610957145691,1.675679326057434,-1.0465489625930786,0.1768161803483963,1.7837212085723877,-0.22784367203712463,0.961536705493927,1.7930920124053955,-1.1378380060195923,0.13919998705387115,1.927966833114624,-0.2749269902706146,0.8949733972549438,1.7596230506896973,-1.1514135599136353,0.18540167808532715,1.9113330841064453,-0.3731209933757782,0.8829743266105652,1.7040570974349976,-1.0585510730743408,0.21207943558692932,1.8504079580307007,-0.28466442227363586,0.7746668457984924,1.7970995903015137,-0.18789680302143097,0.3902743458747864,1.7713648080825806,0.19452956318855286,0.7443727850914001,2.5527215003967285,-0.15510061383247375,0.4108063578605652,2.5374934673309326,0.4251115918159485,0.7348307371139526,3.232555866241455,0.894370436668396,0.3993516266345978,3.205082416534424,1.1732665300369263,0.7576739192008972,3.362656354904175,0.9583185315132141,0.404163122177124,3.3320720195770264,1.233785629272461,0.6204553842544556,3.469458818435669,0.26247453689575195,0.39474213123321533,3.4555282592773438,0.5488603115081787,0.4154154891456611,2
2026-09-24T12:27:14.641116,S012,S012_A5_Y_20260924_1227,elevated_20,A5,young,class_2,0.3741481900215149,0.4179319143295288,-1.1949024200439453,0.41869181394577026,0.31640446186065674,-1.234136939048767,0.4476860463619232,0.3127714693546295,-1.2345693111419678,0.4824613928794861,0.3093200623989105,-1.2351396083831787,0.3634665608406067,0.3229214549064636,-1.131229281425476,0.3494715392589569,0.32304686307907104,-1.130588173866272,0.33571597933769226,0.32244446873664856,-1.1311848163604736,0.5828887224197388,0.3498714566230774,-1.126575231552124,0.38138455152511597,0.36077478528022766,-0.6411846280097961,0.4363175332546234,0.5202175378799438,-1.132838249206543,0.3751729428768158,0.5131085515022278,-0.9877227544784546,0.8890895843505859,0.8298586010932922,-0.9356228113174438,0.26739683747291565,0.8105380535125732,-0.2522226572036743,1.0465123653411865,1.3642346858978271,-0.9591471552848816,0.20566853880882263,1.384726881980896,0.10251875966787338,0.9538294672966003,1.6590545177459717,-1.116880178451538,0.18436183035373688,1.7458502054214478,-0.3924502730369568,0.9651253819465637,1.7814850807189941,-1.240319013595581,0.15038904547691345,1.8831433057785034,-0.47560566663742065,0.8956926465034485,1.7493369579315186,-1.2491270303726196,0.1883798986673355,1.8610281944274902,-0.5811838507652283,0.8846647143363953,1.6911144256591797,-1.1303588151931763,0.21366479992866516,1.8023223876953125,-0.45974045991897583,0.7762448787689209,1.7953295707702637,-0.24352917075157166,0.3920138478279114,1.7713582515716553,0.2503480315208435,0.7559384703636169,2.5570693016052246,-0.13157837092876434,0.42605122923851013,2.5399978160858154,0.7007766962051392,0.7510989904403687,3.2591159343719482,0.8856915235519409,0.4211288094520569,3.2281410694122314,1.5097249746322632,0.7820838689804077,3.3966293334960938,0.9462186694145203,0.425908625125885,3.3617258071899414,1.5777256488800049,0.6216922998428345,3.4959375858306885,0.22995929419994354,0.410383939743042,3.488008737564087,0.8815596699714661,0.41390415778059003,2
2026-09-24T12:27:14.725664,S012,S012_A5_Y_20260924_1227,elevated_20,A5,young,class_2,0.39154425263404846,0.36664488911628723,-1.1543676853179932,0.4335938096046448,0.2579391300678253,-1.169182300567627,0.45773252844810486,0.24945951998233795,-1.169415831565857,0.4874667525291443,0.2422274649143219,-1.1697546243667603,0.3731786906719208,0.2690955698490143,-1.0903379917144775,0.35645750164985657,0.2692861557006836,-1.0895284414291382,0.33980119228363037,0.26852110028266907,-1.0902297496795654,0.5959364175796509,0.266275554895401,-1.0002819299697876,0.37512773275375366,0.2973497211933136,-0.609866738319397,0.4485166072845459,0.4733467698097229,-1.0751714706420898,0.3851608633995056,0.47379955649375916,-0.9594618082046509,0.9113826751708984,0.7869770526885986,-0.7836344242095947,0.26518458127975464,0.7739496231079102,-0.38436245918273926,1.0522419214248657,1.3741906881332397,-0.8108453750610352,0.1824919730424881,1.3872082233428955,-0.15736857056617737,0.9466283917427063,1.760805606842041,-1.08328378200531,0.1599418967962265,1.8185391426086426,-0.5746866464614868,0.9594396352767944,1.9330389499664307,-1.202942132949829,0.11955215036869049,1.9875365495681763,-0.6899706125259399,0.8910506963729858,1.9083737134933472,-1.198486089706421,0.17718394100666046,1.9721851348876953,-0.7793272733688354,0.8790292739868164,1.8301054239273071,-1.0847903490066528,0.2062709629535675,1.9044667482376099,-0.6333591341972351,0.7952965497970581,1.790716528892517,-0.21237421035766602,0.3918490409851074,1.7693347930908203,0.22077596187591553,0.7680283188819885,2.5670926570892334,-0.03127974271774292,0.4208727777004242,2.5514562129974365,0.5698581337928772,0.7563823461532593,3.2637553215026855,1.0017009973526,0.41907796263694763,3.2414679527282715,1.4049136638641357,0.783578634262085,3.4021077156066895,1.061785101890564,0.4230120778083801,3.3787412643432617,1.4754356145858765,0.6280778050422668,3.5189311504364014,0.33672845363616943,0.42290449142456055,3.5139448642730713,0.7524771094322205,0.4138047268121144,2
2026-09-24T12:27:14.834864,S012,S012_A5_Y_20260924_1227,elevated_20,A5,young,class_2,0.40077072381973267,0.355034738779068,-1.2143433094024658,0.4412413239479065,0.24475577473640442,-1.20741868019104,0.4582802355289459,0.23528693616390228,-1.2077559232711792,0.5027492642402649,0.22716930508613586,-1.2081114053726196,0.3799520432949066,0.2558504045009613,-1.1439330577850342,0.36246374249458313,0.2562667429447174,-1.1431336402893066,0.345236599445343,0.2554001212120056,-1.143923044204712,0.6069993376731873,0.25324752926826477,-0.9712616801261902,0.37551623582839966,0.2875332534313202,-0.6304187178611755,0.45310941338539124,0.45899254083633423,-1.1104439496994019,0.39087313413619995,0.4590727388858795,-1.013992428779602,0.9099375009536743,0.7827378511428833,-0.736312210559845,0.2591659426689148,0.7734201550483704,-0.4324437975883484,1.0601913928985596,1.3738658428192139,-0.7480336427688599,0.16543547809123993,1.3986400365829468,-0.2508474886417389,0.9579922556877136,1.7771830558776855,-0.9844619631767273,0.15756568312644958,1.8464372158050537,-0.6678258180618286,0.9738942384719849,1.9559345245361328,-1.1042953729629517,0.12131904065608978,2.020944833755493,-0.7818486094474792,0.8885711431503296,1.9391100406646729,-1.123391032218933,0.1795261800289154,2.008697748184204,-0.8754255175590515,0.8771533966064453,1.859470248222351,-1.0029582977294922,0.2081148624420166,1.9386959075927734,-0.7253935933113098,0.7987493872642517,1.790231466293335,-0.20672006905078888,0.3921898603439331,1.7750937938690186,0.21613788604736328,0.7788097858428955,2.5911264419555664,-0.06022583320736885,0.4192472994327545,2.5823545455932617,0.547265887260437,0.7723153829574585,3.302680730819702,0.9235607981681824,0.4266219735145569,3.2911899089813232,1.2096836566925049,0.79850172996521,3.443039894104004,0.9784181714057922,0.42933622002601624,3.4321179389953613,1.2652981281280518,0.653385579586029,3.5674288272857666,0.27827444672584534,0.44994252920150757,3.564990997314453,0.6688284873962402,0.4132772666227924,2
2026-09-24T12:27:14.930489,S012,S012_A5_Y_20260924_1227,elevated_20,A5,young,class_2,0.4078436493873596,0.3601377308368683,-1.3077526092529297,0.45737943053245544,0.24480919539928436,-1.286501169204712,0.4913114905357361,0.23790553212165833,-1.286736249923706,0.5359668731689453,0.23305797576904297,-1.2865911722183228,0.3805873990058899,0.2532013952732086,-1.2308852672576904,0.36479422450065613,0.25279515981674194,-1.2297552824020386,0.3486948609352112,0.2504846453666687,-1.2303788661956787,0.6242809891700745,0.26418837904930115,-0.9907163381576538,0.3762270510196686,0.27854081988334656,-0.6852232217788696,0.4788137972354889,0.46271848678588867,-1.185051441192627,0.3922256827354431,0.46414414048194885,-1.100915789604187,0.9092706441879272,0.7776572704315186,-0.7171140909194946,0.2474786341190338,0.7805529832839966,-0.4341977536678314,1.0703681707382202,1.3759210109710693,-0.8693462610244751,0.16565939784049988,1.4480496644973755,-0.3304547369480133,0.952846884727478,1.6138607263565063,-1.317059874534607,0.1587151736021042,1.880516529083252,-0.9199519157409668,0.9682799577713013,1.7114204168319702,-1.4474830627441406,0.124110147356987,2.0532965660095215,-1.0497771501541138,0.8880637884140015,1.6681609153747559,-1.4233652353286743,0.1802624762058258,2.017568826675415,-1.124480128288269,0.8738505244255066,1.6299198865890503,-1.326025128364563,0.21149936318397522,1.9500705003738403,-0.9722732305526733,0.8155989646911621,1.7897868156433105,-0.18811894953250885,0.39586278796195984,1.777866244316101,0.19644154608249664,0.798413097858429,2.595025062561035,-0.3546479046344757,0.43864718079566956,2.5938868522644043,0.40279698371887207,0.7987734079360962,3.305473566055298,0.4409465789794922,0.4485117793083191,3.288486957550049,1.0437424182891846,0.8245218396186829,3.4463658332824707,0.4696865677833557,0.4492603838443756,3.4236905574798584,1.0848369598388672,0.6854747533798218,3.5614993572235107,-0.3338838517665863,0.48961973190307617,3.559105157852173,0.33399710059165955,0.41433816489035796,2
2026-09-24T12:27:15.026036,S012,S012_A5_Y_20260924_1227,elevated_20,A5,young,class_2,0.4598379135131836,0.5305079817771912,-1.2341266870498657,0.5092536211013794,0.4179714024066925,-1.221665620803833,0.5437802076339722,0.41325074434280396,-1.2218509912490845,0.5762757658958435,0.40970155596733093,-1.221902847290039,0.4195435643196106,0.4236178994178772,-1.173366665840149,0.40047508478164673,0.4224039912223816,-1.1721558570861816,0.38259124755859375,0.420925498008728,-1.1725914478302002,0.6358718276023865,0.4132850468158722,-0.8388321995735168,0.3949839770793915,0.41753897070884705,-0.6563258767127991,0.5281113386154175,0.6128193140029907,-1.1680221557617188,0.4289983808994293,0.623573899269104,-1.038114070892334,0.87931889295578,0.8152972459793091,-0.488596111536026,0.25087085366249084,0.7818717956542969,-0.4053834080696106,0.9668647050857544,1.3721845149993896,-0.35088902711868286,0.17567825317382812,1.3967609405517578,-0.16751205921173096,0.9101807475090027,1.6519840955734253,-0.5891771912574768,0.1781214326620102,1.8266756534576416,-0.5752936601638794,0.9338488578796387,1.7444822788238525,-0.6806244254112244,0.1490880846977234,1.982934594154358,-0.6945945620536804,0.8786324262619019,1.727882981300354,-0.7419139742851257,0.19424839317798615,1.959233045578003,-0.7983910441398621,0.8567155599594116,1.689004898071289,-0.63386070728302,0.22267970442771912,1.898323655128479,-0.6360785961151123,0.7620974779129028,1.7824742794036865,-0.14145299792289734,0.3701719641685486,1.759797215461731,0.14880169928073883,0.7253686189651489,2.588228702545166,-0.2501349449157715,0.36354750394821167,2.5677995681762695,0.20773939788341522,0.7039859890937805,3.293795347213745,0.4821407198905945,0.3674679398536682,3.283815622329712,0.696696400642395,0.7162781953811646,3.439488410949707,0.511504054069519,0.3662727475166321,3.4013478755950928,0.7248363494873047,0.6214943528175354,3.5466601848602295,-0.25210097432136536,0.41008415818214417,3.5474488735198975,-0.08642745763063431,0.4144635857370979,2
2026-09-24T12:27:15.125429,S012,S012_A5_Y_20260924_1227,elevated_20,A5,young,class_2,0.49904054403305054,0.5471265316009521,-1.1368296146392822,0.5412846207618713,0.4485287070274353,-1.1062337160110474,0.5707615613937378,0.4453020691871643,-1.1057934761047363,0.595980703830719,0.44311147928237915,-1.1057945489883423,0.45982059836387634,0.45237788558006287,-1.1014364957809448,0.4383049011230469,0.4516310691833496,-1.1001602411270142,0.42186784744262695,0.45107385516166687,-1.1002377271652222,0.6390782594680786,0.4495796859264374,-0.7056125402450562,0.4117653965950012,0.4528353810310364,-0.6391569972038269,0.5572275519371033,0.6240368485450745,-0.9857000112533569,0.46370306611061096,0.6371572017669678,-0.9535893201828003,0.8440545797348022,0.816821277141571,-0.3960082530975342,0.26276499032974243,0.7864453792572021,-0.39995118975639343,0.8721697926521301,1.3320441246032715,-0.21800804138183594,0.20001907646656036,1.3510717153549194,-0.2142413854598999,0.8331934809684753,1.6580302715301514,-0.3516896069049835,0.2174423187971115,1.767381191253662,-0.5984400510787964,0.8572123646736145,1.7668696641921997,-0.430716335773468,0.18268069624900818,1.9101330041885376,-0.7166341543197632,0.8230417370796204,1.7509639263153076,-0.4995167851448059,0.2302270233631134,1.8914495706558228,-0.8153699636459351,0.799292266368866,1.7051931619644165,-0.39799195528030396,0.25994306802749634,1.8367642164230347,-0.6578503251075745,0.7307190299034119,1.7248362302780151,-0.08717967569828033,0.3649449646472931,1.7087329626083374,0.09308683127164841,0.6912365555763245,2.520834445953369,-0.22664447128772736,0.35458844900131226,2.499976396560669,0.001666167052462697,0.6715073585510254,3.249587297439575,0.4187062382698059,0.362571656703949,3.230607509613037,0.30792927742004395,0.6804431676864624,3.3641231060028076,0.43626222014427185,0.3614453375339508,3.3302834033966064,0.3170831799507141,0.606517493724823,3.4804420471191406,-0.27448174357414246,0.404331773519516,3.4679818153381348,-0.4676678776741028,0.4170615205874018,2
2026-09-24T12:27:15.241912,S012,S012_A5_Y_20260924_1227,elevated_20,A5,young,class_2,0.5171374082565308,0.5462456941604614,-1.2598626613616943,0.5559008717536926,0.45560136437416077,-1.2180968523025513,0.5812264084815979,0.45322662591934204,-1.2179369926452637,0.6024683713912964,0.45197340846061707,-1.2180969715118408,0.48166003823280334,0.4578983187675476,-1.2148938179016113,0.4594075679779053,0.4566807746887207,-1.213854432106018,0.44148772954940796,0.4560369551181793,-1.2141038179397583,0.6386764645576477,0.46143224835395813,-0.7628026008605957,0.4238613247871399,0.4605535864830017,-0.71465003490448,0.5680950880050659,0.6229621767997742,-1.0706409215927124,0.4810198247432709,0.6330901384353638,-1.0593982934951782,0.8198724985122681,0.8203418850898743,-0.4281204342842102,0.2666979432106018,0.7886336445808411,-0.41061145067214966,0.8510382771492004,1.3061968088150024,-0.2760980427265167,0.20885804295539856,1.2935572862625122,-0.313215434551239,0.7882086038589478,1.5852339267730713,-0.5079964399337769,0.2443896234035492,1.6032404899597168,-0.888604998588562,0.800815761089325,1.6871986389160156,-0.6066311001777649,0.2203383445739746,1.717252254486084,-1.0430406332015991,0.7696029543876648,1.6561462879180908,-0.6768687963485718,0.2593969702720642,1.6861783266067505,-1.1321682929992676,0.7523705959320068,1.6154892444610596,-0.5552874207496643,0.28269925713539124,1.6419256925582886,-0.9477313160896301,0.7131262421607971,1.7107945680618286,-0.07346713542938232,0.3619915843009949,1.6924115419387817,0.07932008802890778,0.6726435422897339,2.499241352081299,-0.21729306876659393,0.3416493535041809,2.4712791442871094,-0.04290442168712616,0.6457644104957581,3.220954179763794,0.3491209149360657,0.339844286441803,3.1973989009857178,0.23825354874134064,0.6534152626991272,3.3246724605560303,0.36227962374687195,0.33786118030548096,3.294726610183716,0.2410035878419876,0.5761631727218628,3.44199538230896,-0.392609179019928,0.3765166103839874,3.4230949878692627,-0.5623015761375427,0.41788748429786265,2
2026-09-24T12:27:15.332162,S012,S012_A5_Y_20260924_1227,elevated_20,A5,young,class_2,0.5220856666564941,0.5376834273338318,-1.429611086845398,0.5568311214447021,0.4502672553062439,-1.3637446165084839,0.5812263488769531,0.4485825002193451,-1.364048957824707,0.601734459400177,0.4477042853832245,-1.3642083406448364,0.48677435517311096,0.45364564657211304,-1.3690992593765259,0.46530041098594666,0.4534602761268616,-1.3686802387237549,0.4470839500427246,0.4543032944202423,-1.3693015575408936,0.6375404000282288,0.463971346616745,-0.7983635663986206,0.42691463232040405,0.4668954312801361,-0.839693546295166,0.5704396963119507,0.6166929602622986,-1.2186884880065918,0.4902929663658142,0.626040518283844,-1.221347689628601,0.8016273379325867,0.8323655724525452,-0.43656954169273376,0.2722622752189636,0.793639063835144,-0.49709421396255493,0.8542854189872742,1.2848707437515259,-0.3288072943687439,0.20839986205101013,1.307569980621338,-0.37595659494400024,0.7888158559799194,1.5607439279556274,-0.6278921961784363,0.25131818652153015,1.642944097518921,-0.9331720471382141,0.7987642884254456,1.665695071220398,-0.7961215376853943,0.23715639114379883,1.767932653427124,-1.10947585105896,0.7652699947357178,1.6371573209762573,-0.9242852926254272,0.2732456922531128,1.7415204048156738,-1.2139408588409424,0.7491745948791504,1.5945378541946411,-0.7314262390136719,0.2921261191368103,1.6914607286453247,-0.9969950914382935,0.7050471305847168,1.7149990797042847,-0.06066831201314926,0.36139407753944397,1.6951731443405151,0.06626992672681808,0.6714374423027039,2.5045006275177,-0.23947294056415558,0.34625744819641113,2.4793131351470947,-0.2099628746509552,0.65497887134552,3.2217962741851807,0.3336126208305359,0.34782469272613525,3.198655128479004,0.108869269490242,0.6621652245521545,3.3285675048828125,0.3456485867500305,0.34648025035858154,3.30033802986145,0.11189953982830048,0.5872930288314819,3.438690185546875,-0.4408639371395111,0.3856812119483948,3.4210808277130127,-0.7253223061561584,0.41831205254002823,2
2026-09-24T12:27:15.426233,S012,S012_A5_Y_20260924_1227,elevated_20,A5,young,class_2,0.5253965258598328,0.5320277810096741,-1.3680216073989868,0.5586629509925842,0.4503752589225769,-1.3067383766174316,0.5819278359413147,0.44950759410858154,-1.3070279359817505,0.6013708710670471,0.4488087594509125,-1.3071489334106445,0.4922398030757904,0.4530555009841919,-1.309568166732788,0.4715864062309265,0.45294374227523804,-1.3091490268707275,0.45269832015037537,0.4539739489555359,-1.3097947835922241,0.6373409032821655,0.46455875039100647,-0.7908744812011719,0.43199318647384644,0.46916070580482483,-0.8096081614494324,0.5721750855445862,0.6110804080963135,-1.173243761062622,0.49662643671035767,0.6195106506347656,-1.1723768711090088,0.794806718826294,0.8360502123832703,-0.3939492404460907,0.27969369292259216,0.8090543150901794,-0.49010270833969116,0.8419909477233887,1.2764191627502441,-0.26188191771507263,0.21073059737682343,1.3188837766647339,-0.3598879873752594,0.7906127572059631,1.5780056715011597,-0.6626523733139038,0.2515297532081604,1.6642040014266968,-0.8791836500167847,0.8039608001708984,1.6898696422576904,-0.8013798594474792,0.2383706271648407,1.7903836965560913,-1.0453956127166748,0.7684333324432373,1.6658692359924316,-0.9147354960441589,0.27295511960983276,1.7650753259658813,-1.1504981517791748,0.7514668703079224,1.6195836067199707,-0.7365220189094543,0.29175978899002075,1.713478922843933,-0.9419872164726257,0.7052604556083679,1.7206209897994995,-0.04817378893494606,0.3615133762359619,1.6986050605773926,0.053453780710697174,0.6704788208007812,2.4980013370513916,-0.27602773904800415,0.3490474820137024,2.476059913635254,-0.24031229317188263,0.6603690981864929,3.2088334560394287,0.252534955739975,0.35324570536613464,3.188037872314453,0.03236477077007294,0.6674357652664185,3.3165974617004395,0.2617204785346985,0.35225993394851685,3.292802333831787,0.031177442520856857,0.5931531190872192,3.4145264625549316,-0.49643462896347046,0.3912230432033539,3.394415855407715,-0.7670239210128784,0.41880338578343845,2
2026-09-24T12:27:15.519135,S012,S012_A5_Y_20260924_1227,elevated_20,A5,young,class_2,0.5260240435600281,0.5269492864608765,-1.3196247816085815,0.5586951971054077,0.4451562762260437,-1.2756006717681885,0.5814114212989807,0.4445975422859192,-1.2757470607757568,0.6002466082572937,0.4448026120662689,-1.2758426666259766,0.4921571612358093,0.44761401414871216,-1.2630677223205566,0.4712185263633728,0.4478125274181366,-1.2624351978302002,0.4520394206047058,0.44909992814064026,-1.2629793882369995,0.6347411870956421,0.46444350481033325,-0.7266254425048828,0.4310896396636963,0.468065083026886,-0.7774644494056702,0.5715031623840332,0.6068810820579529,-1.151487112045288,0.4964560866355896,0.6145797371864319,-1.1297515630722046,0.7838453054428101,0.8363707661628723,-0.3310466408729553,0.2789801359176636,0.8181054592132568,-0.49091416597366333,0.8315316438674927,1.2798961400985718,-0.1681784689426422,0.2098836600780487,1.3227734565734863,-0.3781769573688507,0.801500141620636,1.5838545560836792,-0.5648225545883179,0.245924711227417,1.664384126663208,-0.9129118919372559,0.8194443583488464,1.697187900543213,-0.6871530413627625,0.22909805178642273,1.7871575355529785,-1.0794107913970947,0.7789720892906189,1.6789535284042358,-0.7959783673286438,0.26667219400405884,1.7673643827438354,-1.1861648559570312,0.7612583041191101,1.6352519989013672,-0.6339024305343628,0.28690844774246216,1.7160842418670654,-0.9764406085014343,0.6993128061294556,1.717555284500122,-0.037977173924446106,0.36051511764526367,1.7041064500808716,0.04318969324231148,0.6629078388214111,2.488286256790161,-0.24337618052959442,0.3428645730018616,2.468306541442871,-0.13692617416381836,0.6516865491867065,3.198394775390625,0.3665074110031128,0.34859615564346313,3.1728923320770264,0.19875429570674896,0.6569405198097229,3.3064475059509277,0.3842840790748596,0.3478390574455261,3.277111053466797,0.20499129593372345,0.592606246471405,3.4030091762542725,-0.36637574434280396,0.3890088200569153,3.3779985904693604,-0.6016472578048706,0.41946771010197786,2
2026-09-24T12:27:15.614688,S012,S012_A5_Y_20260924_1227,elevated_20,A5,young,class_2,0.5226353406906128,0.5264855623245239,-1.4381543397903442,0.5550218224525452,0.447140097618103,-1.3716546297073364,0.5781406164169312,0.447360634803772,-1.371739149093628,0.5981177687644958,0.44834083318710327,-1.3718945980072021,0.4883951246738434,0.447858601808548,-1.3827544450759888,0.4673435091972351,0.44758349657058716,-1.3820914030075073,0.44852328300476074,0.44852668046951294,-1.3824020624160767,0.6270624399185181,0.4679815173149109,-0.7934865355491638,0.4296620488166809,0.4688091278076172,-0.8745512962341309,0.567952573299408,0.6057427525520325,-1.2315268516540527,0.4924454092979431,0.6126742959022522,-1.241260051727295,0.7687245607376099,0.8368240594863892,-0.39217817783355713,0.2762242555618286,0.820195198059082,-0.5470991730690002,0.8049677014350891,1.2737823724746704,-0.24237951636314392,0.21102948486804962,1.3087135553359985,-0.4848597049713135,0.7776323556900024,1.5701897144317627,-0.6239964962005615,0.24832062423229218,1.5712487697601318,-1.1653509140014648,0.7971710562705994,1.6783987283706665,-0.7401717901229858,0.2308790683746338,1.6677711009979248,-1.3461097478866577,0.7622944116592407,1.6502845287322998,-0.8194221258163452,0.2652982473373413,1.6324007511138916,-1.4526705741882324,0.7439087629318237,1.6085013151168823,-0.6777433753013611,0.2856750190258026,1.5919984579086304,-1.2318131923675537,0.688067615032196,1.704562783241272,-0.03946807235479355,0.3551057279109955,1.6967228651046753,0.04452582448720932,0.6486908793449402,2.4780771732330322,-0.1689525544643402,0.3327808976173401,2.457824230194092,-0.07016071677207947,0.6301913857460022,3.1882071495056152,0.4286099076271057,0.33659827709198,3.1613211631774902,0.3046877980232239,0.6334079504013062,3.292429208755493,0.43667012453079224,0.33651265501976013,3.2600769996643066,0.3155754506587982,0.5756046772003174,3.3917014598846436,-0.3294747769832611,0.3739919066429138,3.369419574737549,-0.5097228288650513,0.42188089449590543,2
2026-09-24T12:27:15.700432,S012,S012_A5_Y_20260924_1227,elevated_20,A5,young,class_2,0.5202435255050659,0.5237160921096802,-1.4963676929473877,0.5522745847702026,0.44294312596321106,-1.4154818058013916,0.5763466358184814,0.44269275665283203,-1.4158343076705933,0.5979663729667664,0.44336530566215515,-1.4159859418869019,0.48531374335289,0.44464218616485596,-1.4307153224945068,0.46432051062583923,0.44491031765937805,-1.4304574728012085,0.44563713669776917,0.4463888704776764,-1.4309518337249756,0.6180856823921204,0.46500247716903687,-0.796363115310669,0.428933322429657,0.47037646174430847,-0.8755426406860352,0.5657085180282593,0.6037276387214661,-1.265267252922058,0.4903676509857178,0.6104589104652405,-1.2812302112579346,0.7632765173912048,0.834779679775238,-0.3843447268009186,0.2759905755519867,0.8280411958694458,-0.5240923166275024,0.826656699180603,1.259033203125,-0.284849613904953,0.21605196595191956,1.2976303100585938,-0.5618780851364136,0.777814507484436,1.5317490100860596,-0.8097877502441406,0.26300162076950073,1.4401298761367798,-1.3665771484375,0.7873903512954712,1.6365275382995605,-0.9643077850341797,0.2583639919757843,1.5076929330825806,-1.5751616954803467,0.7529438734054565,1.595090627670288,-1.067363977432251,0.2755243480205536,1.454750895500183,-1.6728579998016357,0.7384816408157349,1.5543537139892578,-0.8754884004592896,0.2903464734554291,1.4277950525283813,-1.432855486869812,0.6917874217033386,1.7087066173553467,-0.04374539852142334,0.3562721610069275,1.6982250213623047,0.04880352318286896,0.6562150716781616,2.4773573875427246,-0.16795161366462708,0.33435991406440735,2.462476968765259,-0.08985521644353867,0.633791446685791,3.179652452468872,0.43969064950942993,0.35258498787879944,3.163994073867798,0.2792879045009613,0.6381539106369019,3.283217191696167,0.4544917941093445,0.35594287514686584,3.264068126678467,0.2872561812400818,0.6027922630310059,3.3787574768066406,-0.31507012248039246,0.39127129316329956,3.372013568878174,-0.5481016635894775,0.42525801026645105,2
2026-09-24T12:27:15.815727,S012,S012_A5_Y_20260924_1227,elevated_20,A5,young,class_2,0.5179187059402466,0.521801233291626,-1.422294020652771,0.5514363646507263,0.4399353563785553,-1.3860046863555908,0.575069785118103,0.4392870366573334,-1.385874629020691,0.5951514840126038,0.43961721658706665,-1.38608717918396,0.4839019775390625,0.44302311539649963,-1.3678114414215088,0.46283453702926636,0.4439772665500641,-1.3672770261764526,0.44384321570396423,0.44615253806114197,-1.3677585124969482,0.611423134803772,0.46154531836509705,-0.7497544884681702,0.42583197355270386,0.4721416234970093,-0.8332321047782898,0.5642192959785461,0.6030063033103943,-1.2496740818023682,0.48846763372421265,0.6089267730712891,-1.2224465608596802,0.767139196395874,0.8322444558143616,-0.3514992594718933,0.27656301856040955,0.8327106833457947,-0.48881953954696655,0.8333768844604492,1.2506775856018066,-0.29919567704200745,0.21519175171852112,1.2988449335098267,-0.4780219495296478,0.786645770072937,1.543128252029419,-0.8722934722900391,0.2585107684135437,1.4814213514328003,-1.1527889966964722,0.7989991903305054,1.6530250310897827,-1.0401403903961182,0.25058436393737793,1.5781550407409668,-1.3481189012527466,0.7609384059906006,1.6207510232925415,-1.1408891677856445,0.2720848023891449,1.5329264402389526,-1.458832025527954,0.7453581094741821,1.577597737312317,-0.9424954652786255,0.28837233781814575,1.4975953102111816,-1.2220592498779297,0.6954400539398193,1.7086377143859863,-0.047517865896224976,0.3580746054649353,1.7026326656341553,0.05273117870092392,0.6595805883407593,2.4771242141723633,-0.16874554753303528,0.3384355306625366,2.465057849884033,-0.07098698616027832,0.6354206204414368,3.1786837577819824,0.44659513235092163,0.3582652807235718,3.165316343307495,0.31183484196662903,0.642959713935852,3.2839930057525635,0.46406954526901245,0.36165955662727356,3.2669949531555176,0.321594774723053,0.6089866757392883,3.3790030479431152,-0.3137972056865692,0.3982008099555969,3.3738858699798584,-0.516869068145752,0.4263054764468865,2
2026-09-24T12:27:15.904889,S012,S012_A5_Y_20260924_1227,elevated_20,A5,young,class_2,0.5169538855552673,0.5214803218841553,-1.369227647781372,0.5474852323532104,0.43847936391830444,-1.2915680408477783,0.5691272020339966,0.4381255805492401,-1.2920050621032715,0.5887129306793213,0.4387361407279968,-1.2922453880310059,0.48141932487487793,0.44150209426879883,-1.3015638589859009,0.4609999656677246,0.4431932866573334,-1.3012502193450928,0.44348835945129395,0.446391761302948,-1.3019378185272217,0.6066906452178955,0.45935121178627014,-0.7135933041572571,0.4226737916469574,0.4746531844139099,-0.7668349146842957,0.5631370544433594,0.600659191608429,-1.1660575866699219,0.4872261881828308,0.6078856587409973,-1.173081636428833,0.771797776222229,0.8294993042945862,-0.3168773651123047,0.27929437160491943,0.8372669816017151,-0.4846177101135254,0.837065577507019,1.2538936138153076,-0.17135806381702423,0.21730127930641174,1.3115222454071045,-0.4233230948448181,0.7873607277870178,1.5658371448516846,-0.55117267370224,0.25541847944259644,1.6406973600387573,-0.9703831672668457,0.8000227808952332,1.689921259880066,-0.6739513874053955,0.24538937211036682,1.7740364074707031,-1.1590858697891235,0.7623118758201599,1.67476224899292,-0.7747082114219666,0.27054697275161743,1.7606488466262817,-1.2850210666656494,0.7459688186645508,1.6263008117675781,-0.6156909465789795,0.28865915536880493,1.7044425010681152,-1.0400022268295288,0.6964002847671509,1.710382103919983,-0.05026126652956009,0.3646075129508972,1.7057279348373413,0.055630914866924286,0.6680418848991394,2.4784440994262695,-0.208370178937912,0.3554914891719818,2.465770721435547,-0.05690647289156914,0.6570708751678467,3.1774725914001465,0.4039081931114197,0.37548351287841797,3.166764974594116,0.3111315071582794,0.6649826765060425,3.2841475009918213,0.4190565049648285,0.376941442489624,3.269700288772583,0.3193274140357971,0.6261404752731323,3.377659320831299,-0.35898080468177795,0.41971033811569214,3.3757882118225098,-0.4953576624393463,0.4270966474664006,2
2026-09-24T12:27:15.999247,S012,S012_A5_Y_20260924_1227,elevated_20,A5,young,class_2,0.5156193375587463,0.5211493372917175,-1.092749834060669,0.5457988381385803,0.43790721893310547,-1.0289405584335327,0.5661980509757996,0.43776118755340576,-1.0290881395339966,0.5852535963058472,0.4373551607131958,-1.0293254852294922,0.48034319281578064,0.4403756856918335,-1.0431054830551147,0.4598017632961273,0.44262340664863586,-1.042596459388733,0.44215184450149536,0.4464191198348999,-1.043079137802124,0.6037157773971558,0.4575129449367523,-0.5753142237663269,0.4224071502685547,0.475506454706192,-0.6146038174629211,0.5624439716339111,0.5967879891395569,-0.9215852618217468,0.486809104681015,0.6073657870292664,-0.930902361869812,0.7743393182754517,0.8211678266525269,-0.22895178198814392,0.2816721796989441,0.8390089869499207,-0.4617387652397156,0.8416298627853394,1.2400494813919067,-0.09542034566402435,0.22147628664970398,1.322786569595337,-0.4062141478061676,0.7966871857643127,1.5669136047363281,-0.42062950134277344,0.25874391198158264,1.6847044229507446,-0.8319233655929565,0.816454291343689,1.6942429542541504,-0.5258868932723999,0.24288050830364227,1.8166736364364624,-0.9814621806144714,0.7771561741828918,1.6954184770584106,-0.6118410229682922,0.2771073281764984,1.808325171470642,-1.0748835802078247,0.7588765025138855,1.6482882499694824,-0.4785902500152588,0.297156423330307,1.7526379823684692,-0.885032057762146,0.6970801949501038,1.7008129358291626,-0.03562353178858757,0.373972624540329,1.7060012817382812,0.04048902168869972,0.6770123243331909,2.46169376373291,-0.18326601386070251,0.37378475069999695,2.4595515727996826,-0.0740097165107727,0.6786245703697205,3.1634554862976074,0.41109269857406616,0.39527761936187744,3.1568667888641357,0.24441906809806824,0.6859274506568909,3.2692337036132812,0.4278748035430908,0.3942583203315735,3.261467456817627,0.25200724601745605,0.647834300994873,3.3664474487304688,-0.29274898767471313,0.44356194138526917,3.361081123352051,-0.5030778050422668,0.42790478220713063,2
2026-09-24T12:27:16.074588,S012,S012_A5_Y_20260924_1227,elevated_20,A5,young,class_2,0.5148035883903503,0.5170332193374634,-0.9713813066482544,0.545268177986145,0.4348747134208679,-0.9139418601989746,0.5659147500991821,0.4337996542453766,-0.9139539003372192,0.5840230584144592,0.4325326085090637,-0.9141873121261597,0.4793078899383545,0.43944719433784485,-0.920669674873352,0.4588744044303894,0.44239577651023865,-0.9199349284172058,0.441150963306427,0.44559720158576965,-0.9203923940658569,0.6031942963600159,0.4549036920070648,-0.5117658376693726,0.4220856726169586,0.4739581048488617,-0.5196818709373474,0.5618741512298584,0.5924627184867859,-0.819433867931366,0.48644405603408813,0.6051461100578308,-0.820409893989563,0.775108277797699,0.8214222192764282,-0.19527390599250793,0.2851060628890991,0.8382049798965454,-0.42631953954696655,0.8335172533988953,1.245855450630188,-0.06261217594146729,0.22755594551563263,1.323140025138855,-0.410681813955307,0.8021327257156372,1.6153866052627563,-0.32767972350120544,0.2586232125759125,1.6825485229492188,-0.8693936467170715,0.8309629559516907,1.743074893951416,-0.42562395334243774,0.2406350076198578,1.8125554323196411,-1.0249592065811157,0.7940518856048584,1.7540185451507568,-0.5139654278755188,0.2768471837043762,1.8024219274520874,-1.1161320209503174,0.7709485292434692,1.705707311630249,-0.3862001597881317,0.2989427447319031,1.7483049631118774,-0.9256819486618042,0.6990166902542114,1.6890910863876343,-0.016680393368005753,0.3763965964317322,1.6917502880096436,0.021585755050182343,0.6774485111236572,2.43619704246521,-0.14349408447742462,0.3738146424293518,2.429605722427368,-0.07083599269390106,0.6769163608551025,3.1277711391448975,0.41676416993141174,0.39353683590888977,3.1144492626190186,0.2509719729423523,0.6834064722061157,3.2333626747131348,0.4348478317260742,0.3886164128780365,3.220609188079834,0.26041799783706665,0.6449847221374512,3.3273236751556396,-0.21465115249156952,0.4409637451171875,3.314703941345215,-0.47986331582069397,0.4293227936933831,2
2026-09-24T12:27:16.181137,S012,S012_A5_Y_20260924_1227,elevated_20,A5,young,class_2,0.5146459937095642,0.5125659108161926,-0.9945462942123413,0.5444228649139404,0.4310437738895416,-0.9372810125350952,0.565369725227356,0.4292753040790558,-0.9372776746749878,0.583879828453064,0.4275907278060913,-0.9373846054077148,0.47909387946128845,0.43736085295677185,-0.9449998140335083,0.4589540362358093,0.4410940408706665,-0.944177508354187,0.44084614515304565,0.4451642632484436,-0.944551944732666,0.6034700274467468,0.45246487855911255,-0.5385910272598267,0.4221555292606354,0.4729102551937103,-0.546273410320282,0.5620415210723877,0.5877932906150818,-0.8432677984237671,0.48720675706863403,0.601544201374054,-0.8450791239738464,0.7765339612960815,0.8213005065917969,-0.23337654769420624,0.2850095331668854,0.8384953141212463,-0.4276610314846039,0.8366943597793579,1.249861240386963,-0.09347137063741684,0.22661474347114563,1.3238378763198853,-0.3706482946872711,0.8043544888496399,1.643329381942749,-0.3390115797519684,0.25762468576431274,1.6932538747787476,-0.7477176785469055,0.835249125957489,1.7718178033828735,-0.4329427182674408,0.2354191094636917,1.8261371850967407,-0.8823275566101074,0.796746551990509,1.783043384552002,-0.5118664503097534,0.2757954001426697,1.822350025177002,-0.9664157032966614,0.7733685374259949,1.7317681312561035,-0.3936729431152344,0.29766085743904114,1.7654918432235718,-0.7981407642364502,0.7009479403495789,1.683445692062378,-0.019323421642184258,0.3774762451648712,1.6885162591934204,0.024354148656129837,0.6801252961158752,2.424095392227173,-0.11106501519680023,0.37990427017211914,2.4227004051208496,-0.06719230860471725,0.6812787652015686,3.109682559967041,0.4860156178474426,0.3954440653324127,3.0979394912719727,0.2692532539367676,0.6875127553939819,3.2174994945526123,0.508653998374939,0.39056649804115295,3.2056305408477783,0.2875133156776428,0.6483181715011597,3.3100576400756836,-0.13116206228733063,0.4450695514678955,3.295729398727417,-0.39910486340522766,0.4299723365663588,2
2026-09-24T12:27:16.295026,S012,S012_A5_Y_20260924_1227,elevated_20,A5,young,class_2,0.514198362827301,0.5110152363777161,-1.0112855434417725,0.5439768433570862,0.42935994267463684,-0.9587075114250183,0.5650220513343811,0.4280460476875305,-0.95866459608078,0.5837756395339966,0.4269388020038605,-0.9586848020553589,0.47859224677085876,0.43523654341697693,-0.9604638814926147,0.4585723280906677,0.43899524211883545,-0.9597107172012329,0.44041499495506287,0.44336655735969543,-0.9601424932479858,0.6048294305801392,0.45173779129981995,-0.5716139674186707,0.4223725199699402,0.4722762107849121,-0.5551599860191345,0.5617373585700989,0.5863945484161377,-0.8649150133132935,0.48682737350463867,0.6001482009887695,-0.8587735295295715,0.7775262594223022,0.8196505308151245,-0.26238715648651123,0.2874815762042999,0.8384315371513367,-0.4269184470176697,0.8387923240661621,1.2507816553115845,-0.1320132166147232,0.22641310095787048,1.3242188692092896,-0.3531152307987213,0.8055247068405151,1.6403006315231323,-0.3859359622001648,0.2606523334980011,1.7020455598831177,-0.7336183190345764,0.8378526568412781,1.7666093111038208,-0.48457837104797363,0.23676499724388123,1.8366705179214478,-0.8690659403800964,0.7982701063156128,1.7730848789215088,-0.5591816306114197,0.28432172536849976,1.83002507686615,-0.9501855969429016,0.7749215364456177,1.7222371101379395,-0.4392256736755371,0.3066263496875763,1.7728652954101562,-0.7822151780128479,0.7017041444778442,1.6781103610992432,-0.022024597972631454,0.3774576783180237,1.685111165046692,0.02713540755212307,0.6803304553031921,2.4189562797546387,-0.11986130475997925,0.37978145480155945,2.421677827835083,-0.06115610525012016,0.682357668876648,3.107067584991455,0.47210630774497986,0.39433014392852783,3.0972049236297607,0.28309714794158936,0.6888392567634583,3.216057300567627,0.4928952157497406,0.38995644450187683,3.2052419185638428,0.29752877354621887,0.6466817855834961,3.3082809448242188,-0.16957005858421326,0.4431193470954895,3.294846296310425,-0.4030095934867859,0.43122574768153066,2
2026-09-24T12:27:16.435628,S012,S012_A5_Y_20260924_1227,elevated_20,A5,young,class_2,0.5136052370071411,0.5100570917129517,-1.1010993719100952,0.542593240737915,0.4277442693710327,-1.0280009508132935,0.5638677477836609,0.42613765597343445,-1.0280561447143555,0.5826115012168884,0.42481276392936707,-1.028296709060669,0.47765398025512695,0.4347442388534546,-1.0327866077423096,0.4575454592704773,0.4387369751930237,-1.0320380926132202,0.4400474429130554,0.44276419281959534,-1.0325074195861816,0.6049364805221558,0.45069199800491333,-0.5941884517669678,0.422203928232193,0.47207310795783997,-0.579706072807312,0.5615411400794983,0.5860359072685242,-0.9246020317077637,0.48673754930496216,0.5999820828437805,-0.9184490442276001,0.7830581665039062,0.8202936053276062,-0.27599096298217773,0.2916339039802551,0.8383331298828125,-0.4475629925727844,0.8418194055557251,1.2674800157546997,-0.1345837116241455,0.23046059906482697,1.3296453952789307,-0.45871153473854065,0.8106096386909485,1.658366084098816,-0.3902877867221832,0.2597070038318634,1.70097017288208,-1.0883228778839111,0.840624213218689,1.7902425527572632,-0.4857632517814636,0.23477299511432648,1.8344078063964844,-1.2668510675430298,0.7996060848236084,1.7965034246444702,-0.5669484734535217,0.2827032804489136,1.8273711204528809,-1.3540111780166626,0.7775222659111023,1.7428545951843262,-0.4444926381111145,0.3052971363067627,1.770536184310913,-1.1459673643112183,0.7152144908905029,1.6847937107086182,-0.035492993891239166,0.3843596577644348,1.690985083580017,0.04070354253053665,0.7005007863044739,2.4262399673461914,-0.07331769913434982,0.3917369544506073,2.4345788955688477,0.12053079903125763,0.7036293745040894,3.110706090927124,0.6399267911911011,0.4085547924041748,3.1024391651153564,0.6455650329589844,0.7125869989395142,3.2193610668182373,0.6696518659591675,0.40630975365638733,3.2115676403045654,0.6766242384910583,0.6599159836769104,3.3144352436065674,-0.050133634358644485,0.4577808380126953,3.301170825958252,-0.09988147765398026,0.43263754187975073,2
2026-09-24T12:27:16.558071,S012,S012_A5_Y_20260924_1227,elevated_20,A5,young,class_2,0.5132800936698914,0.505325198173523,-1.078794240951538,0.5421658754348755,0.4215663969516754,-1.0156127214431763,0.5635853409767151,0.4193631112575531,-1.0156610012054443,0.5824258327484131,0.4178106188774109,-1.0158733129501343,0.4773288369178772,0.43043288588523865,-1.0183724164962769,0.4572775959968567,0.4346121549606323,-1.0175162553787231,0.43980908393859863,0.4395953416824341,-1.0178841352462769,0.606381893157959,0.44695234298706055,-0.5866774320602417,0.42207035422325134,0.470830500125885,-0.5674394369125366,0.561615526676178,0.5823832750320435,-0.9138320088386536,0.48645123839378357,0.5968961119651794,-0.9074225425720215,0.7864799499511719,0.81988924741745,-0.2838384211063385,0.2913961708545685,0.8382561802864075,-0.43525418639183044,0.8481227159500122,1.2679822444915771,-0.24286046624183655,0.2304283082485199,1.3298358917236328,-0.4389984607696533,0.8268094062805176,1.656545639038086,-0.5932014584541321,0.25905469059944153,1.7001250982284546,-1.0171878337860107,0.8579018712043762,1.786498785018921,-0.7156497240066528,0.23068006336688995,1.8318696022033691,-1.1852543354034424,0.8117445111274719,1.790759563446045,-0.7864612340927124,0.2817804217338562,1.8242911100387573,-1.2742958068847656,0.7894195914268494,1.7389556169509888,-0.6477257609367371,0.3042326867580414,1.7686195373535156,-1.0748049020767212,0.7200011014938354,1.6860167980194092,-0.039220377802848816,0.3866579234600067,1.6924430131912231,0.04450460523366928,0.7104791402816772,2.4296844005584717,-0.06254766881465912,0.3999076783657074,2.4366376399993896,0.09529345482587814,0.721009373664856,3.113673210144043,0.623185396194458,0.42462119460105896,3.1061995029449463,0.5533105731010437,0.7319585084915161,3.2227368354797363,0.6508355736732483,0.42399677634239197,3.214278221130371,0.5774202942848206,0.6750743389129639,3.315166711807251,-0.04551821947097778,0.47601860761642456,3.3063299655914307,-0.17738774418830872,0.43295352354261646,2
2026-09-24T12:27:16.676035,S012,S012_A5_Y_20260924_1227,elevated_20,A5,young,class_2,0.5130539536476135,0.5063627362251282,-1.0976572036743164,0.5424129366874695,0.42191222310066223,-1.035414695739746,0.5643186569213867,0.4196324646472931,-1.0355100631713867,0.5826870203018188,0.41836103796958923,-1.0357081890106201,0.477056086063385,0.4306890368461609,-1.0377410650253296,0.4570477604866028,0.43480923771858215,-1.0368913412094116,0.4394596219062805,0.43965092301368713,-1.0372726917266846,0.6087136268615723,0.446562796831131,-0.5868037343025208,0.4212074875831604,0.47046929597854614,-0.5675009489059448,0.5615262389183044,0.5835395455360413,-0.9280118942260742,0.48625636100769043,0.5977643132209778,-0.9221623539924622,0.7857023477554321,0.8289172053337097,-0.2869948446750641,0.28787529468536377,0.8383558988571167,-0.4112791419029236,0.8505617380142212,1.2914044857025146,-0.3326819837093353,0.2192368060350418,1.3350216150283813,-0.44758790731430054,0.8357210159301758,1.6726723909378052,-0.8094252347946167,0.20721335709095,1.7213889360427856,-1.128909707069397,0.8657037019729614,1.8073840141296387,-0.9523008465766907,0.16217157244682312,1.858380913734436,-1.316697359085083,0.8154697418212891,1.8080543279647827,-1.030260443687439,0.22226376831531525,1.8554110527038574,-1.4209532737731934,0.79270339012146,1.7558207511901855,-0.8694461584091187,0.25200963020324707,1.799254298210144,-1.1970582008361816,0.718958854675293,1.7048404216766357,-0.048073165118694305,0.3837915062904358,1.7052853107452393,0.054019201546907425,0.7075861692428589,2.449078321456909,-0.0794859454035759,0.3892025351524353,2.452976942062378,0.08684499561786652,0.712891161441803,3.1306865215301514,0.5871820449829102,0.4139350950717926,3.118023633956909,0.5093933343887329,0.7245352268218994,3.2430431842803955,0.6122119426727295,0.41316795349121094,3.225083351135254,0.5285612940788269,0.6609532833099365,3.3297533988952637,-0.09400008618831635,0.46716317534446716,3.325871467590332,-0.23645266890525818,0.4339269728390553,2
2026-09-24T12:27:16.789664,S012,S012_A5_Y_20260924_1227,elevated_20,A5,young,class_2,0.5101891160011292,0.5109496116638184,-1.0840510129928589,0.540878176689148,0.42448604106903076,-1.0273821353912354,0.5632126927375793,0.4221540689468384,-1.027318000793457,0.5817865133285522,0.42088863253593445,-1.0274144411087036,0.4712158739566803,0.4337778389453888,-1.029502034187317,0.4500015377998352,0.43744751811027527,-1.0285661220550537,0.43226152658462524,0.44201505184173584,-1.0288419723510742,0.6060424447059631,0.4471656084060669,-0.5948371887207031,0.40947288274765015,0.4701775312423706,-0.5770887136459351,0.5584844350814819,0.5883280038833618,-0.9207009077072144,0.47739163041114807,0.601371705532074,-0.9153947830200195,0.7764917612075806,0.8432132601737976,-0.3139804005622864,0.2604561150074005,0.8383896350860596,-0.4136587679386139,0.8499599695205688,1.3129962682724,-0.38196998834609985,0.18387290835380554,1.3422112464904785,-0.4744947552680969,0.8350619077682495,1.6767593622207642,-0.828707218170166,0.18703396618366241,1.722174882888794,-1.135195016860962,0.8649638891220093,1.805147409439087,-0.9725273251533508,0.14643427729606628,1.8566176891326904,-1.3080376386642456,0.8148581385612488,1.8023346662521362,-1.041085958480835,0.2037024199962616,1.8485394716262817,-1.4066898822784424,0.7921730279922485,1.7523165941238403,-0.885096549987793,0.23283688724040985,1.7934101819992065,-1.2008945941925049,0.7028692960739136,1.7198452949523926,-0.04809917137026787,0.35798409581184387,1.7223925590515137,0.05403606966137886,0.6868470311164856,2.4621756076812744,-0.062287308275699615,0.36601510643959045,2.469862461090088,0.08878429234027863,0.6819849610328674,3.147855043411255,0.6046009659767151,0.3796001374721527,3.131351947784424,0.560205340385437,0.6899617314338684,3.2614173889160156,0.6291192770004272,0.37702906131744385,3.2380244731903076,0.5843110084533691,0.6307131052017212,3.3476035594940186,-0.07222410291433334,0.4268617630004883,3.3384859561920166,-0.1818755567073822,0.43361034709386964,2
2026-09-24T12:27:16.917022,S012,S012_A5_Y_20260924_1227,elevated_20,A5,young,class_2,0.5075632333755493,0.5153341293334961,-1.1543457508087158,0.5379673838615417,0.428702175617218,-1.0918574333190918,0.5602399110794067,0.42635706067085266,-1.09188973903656,0.5790735483169556,0.42486757040023804,-1.0920616388320923,0.4663151800632477,0.4378109276294708,-1.0957112312316895,0.4443827271461487,0.44108232855796814,-1.0947974920272827,0.42622676491737366,0.4455699622631073,-1.0949949026107788,0.6008239984512329,0.44812139868736267,-0.6010205149650574,0.4004485011100769,0.4714130759239197,-0.5943345427513123,0.5543801188468933,0.5912386178970337,-0.9677153825759888,0.4708624482154846,0.603778064250946,-0.9655323028564453,0.7690269947052002,0.8442854285240173,-0.3419284224510193,0.24797336757183075,0.8383992910385132,-0.4109043478965759,0.8454650640487671,1.312375545501709,-0.4905540347099304,0.17956310510635376,1.3419709205627441,-0.6023373603820801,0.823202908039093,1.6729471683502197,-1.0686371326446533,0.17461785674095154,1.6204097270965576,-1.5554028749465942,0.8526798486709595,1.8003400564193726,-1.2395182847976685,0.1353607326745987,1.7221797704696655,-1.7722200155258179,0.796120822429657,1.8014887571334839,-1.3065643310546875,0.18454422056674957,1.6890016794204712,-1.8684251308441162,0.7731694579124451,1.7506673336029053,-1.1257587671279907,0.21258017420768738,1.6489837169647217,-1.6273329257965088,0.6923096179962158,1.72085702419281,-0.05838076025247574,0.3469906151294708,1.722981333732605,0.06432168930768967,0.673528790473938,2.466209888458252,-0.007451201323419809,0.351037859916687,2.4707067012786865,0.11270797252655029,0.6650907397270203,3.1501083374023438,0.7117252945899963,0.3621462285518646,3.1327223777770996,0.6110600233078003,0.6736878752708435,3.2620365619659424,0.7392423748970032,0.3596437871456146,3.238569974899292,0.6378711462020874,0.6076844334602356,3.3518881797790527,0.007628854364156723,0.4089484214782715,3.3436877727508545,-0.15813767910003662,0.43456301280975546,2
2026-09-24T12:27:17.030553,S012,S012_A5_Y_20260924_1227,elevated_20,A5,young,class_2,0.4907906949520111,0.5150349140167236,-1.0792385339736938,0.5164729356765747,0.4284646809101105,-1.0239264965057373,0.5387226343154907,0.42614445090293884,-1.0238683223724365,0.5590517520904541,0.42468681931495667,-1.0240156650543213,0.44681185483932495,0.43754586577415466,-1.0222309827804565,0.4271344244480133,0.44083064794540405,-1.0210235118865967,0.4074557423591614,0.44543716311454773,-1.0211759805679321,0.5847113132476807,0.44680628180503845,-0.5878698825836182,0.3832986652851105,0.4715365469455719,-0.5548832416534424,0.539480984210968,0.5911647081375122,-0.9132407307624817,0.4547998011112213,0.6035986542701721,-0.9026511907577515,0.7672406435012817,0.8437249064445496,-0.3397303521633148,0.23698285222053528,0.8411619067192078,-0.38607972860336304,0.8457927703857422,1.3140639066696167,-0.42183738946914673,0.170436292886734,1.3495241403579712,-0.330864816904068,0.8203724026679993,1.686496376991272,-0.6873844861984253,0.1720024198293686,1.7070428133010864,-0.8174184560775757,0.8487059473991394,1.8157843351364136,-0.8163215517997742,0.1336175948381424,1.8339942693710327,-0.9657099843025208,0.7916345596313477,1.8141639232635498,-0.8697391748428345,0.18476514518260956,1.8235085010528564,-1.0745972394943237,0.7698898911476135,1.762502670288086,-0.73450767993927,0.21292336285114288,1.7711793184280396,-0.8840535283088684,0.6897155046463013,1.717873454093933,-0.06541349738836288,0.3422982394695282,1.721365213394165,0.0716155543923378,0.6725019812583923,2.4613797664642334,-0.07832641899585724,0.3520205616950989,2.4676730632781982,0.10244754701852798,0.6628223061561584,3.1436915397644043,0.6348412036895752,0.36260277032852173,3.1318652629852295,0.5626295804977417,0.6717680096626282,3.2534611225128174,0.6686255931854248,0.3605319857597351,3.238323450088501,0.5861679315567017,0.6053114533424377,3.348797082901001,-0.026732414960861206,0.4072936177253723,3.3408381938934326,-0.1870817244052887,0.4341418015304622,2
2026-09-24T12:27:17.144237,S012,S012_A5_Y_20260924_1227,elevated_20,A5,young,class_2,0.4721272885799408,0.509674608707428,-1.0697788000106812,0.49535661935806274,0.42387259006500244,-1.0121394395828247,0.5180524587631226,0.41983455419540405,-1.0120441913604736,0.5396703481674194,0.4163099229335785,-1.012170433998108,0.4279317855834961,0.4352627396583557,-1.0092644691467285,0.4085220396518707,0.43856656551361084,-1.008143663406372,0.38811397552490234,0.44338831305503845,-1.0083539485931396,0.5703920125961304,0.4381127655506134,-0.5853449702262878,0.3626081347465515,0.4707755148410797,-0.5462055802345276,0.5238107442855835,0.585321307182312,-0.9076845049858093,0.44004178047180176,0.5986948013305664,-0.8960267901420593,0.7668654918670654,0.8442944288253784,-0.33931764960289,0.21943454444408417,0.84363853931427,-0.38997048139572144,0.844589114189148,1.3271292448043823,-0.4018951952457428,0.154181569814682,1.3632588386535645,-0.46312493085861206,0.8189290165901184,1.694551944732666,-0.7957533597946167,0.15390989184379578,1.741310477256775,-1.1441035270690918,0.8482499122619629,1.8239073753356934,-0.9289728403091431,0.1131543293595314,1.8778281211853027,-1.3247636556625366,0.7904102802276611,1.8214027881622314,-0.9865925908088684,0.17115400731563568,1.8678396940231323,-1.411031723022461,0.768316388130188,1.7697818279266357,-0.8464670181274414,0.20032911002635956,1.8117128610610962,-1.206819772720337,0.6882659792900085,1.7253525257110596,-0.06487175822257996,0.3340814709663391,1.7284246683120728,0.07100735604763031,0.6706007719039917,2.471566677093506,-0.04420841857790947,0.3423939347267151,2.477829933166504,0.10823605209589005,0.6632387638092041,3.1482114791870117,0.6824010610580444,0.35507965087890625,3.1397616863250732,0.5825067758560181,0.6726490259170532,3.25911808013916,0.714161217212677,0.35353928804397583,3.247667074203491,0.6070879697799683,0.605645477771759,3.356659412384033,0.01564653590321541,0.40175825357437134,3.353001356124878,-0.15486572682857513,0.4340316901371724,2
2026-09-24T12:27:17.288454,S012,S012_A5_Y_20260924_1227,elevated_20,A5,young,class_2,0.46387243270874023,0.5070427060127258,-1.0290051698684692,0.48428574204444885,0.42064163088798523,-0.9788382649421692,0.5075516700744629,0.41493311524391174,-0.9785374402999878,0.5301507115364075,0.4094904959201813,-0.9784309267997742,0.41816702485084534,0.4343172013759613,-0.9734644889831543,0.3990190029144287,0.4379722476005554,-0.972516655921936,0.3786744773387909,0.4431154131889343,-0.9727627038955688,0.5636332631111145,0.4306628406047821,-0.5880941152572632,0.3531176745891571,0.47063779830932617,-0.5425285696983337,0.5180181264877319,0.5824788808822632,-0.8832475543022156,0.4349979758262634,0.5972650051116943,-0.8681801557540894,0.7665063142776489,0.8422909379005432,-0.3374221920967102,0.22242403030395508,0.8447156548500061,-0.39086395502090454,0.8328296542167664,1.3248711824417114,-0.3502626121044159,0.15750762820243835,1.3661402463912964,-0.48405423760414124,0.8129373788833618,1.6833919286727905,-0.6256626844406128,0.15702800452709198,1.7349083423614502,-1.1345186233520508,0.8448067903518677,1.804132103919983,-0.730484127998352,0.12337145954370499,1.868933916091919,-1.303890585899353,0.7906268835067749,1.7997130155563354,-0.7907788157463074,0.18645699322223663,1.8608152866363525,-1.390390157699585,0.7680240273475647,1.7527867555618286,-0.6732084155082703,0.21489612758159637,1.807723879814148,-1.1921496391296387,0.6851716637611389,1.7251884937286377,-0.06180063635110855,0.3293088972568512,1.7282696962356567,0.0680205300450325,0.666172981262207,2.470270872116089,-0.052017681300640106,0.33890676498413086,2.477403402328491,0.08791905641555786,0.6602793335914612,3.1453001499176025,0.6440940499305725,0.35486751794815063,3.1385107040405273,0.5209189653396606,0.6695419549942017,3.2548863887786865,0.6692136526107788,0.3531860113143921,3.2466158866882324,0.5408754348754883,0.6053177714347839,3.3543522357940674,-0.020359527319669724,0.4025130271911621,3.3504157066345215,-0.16854427754878998,0.4361792945379751,2
2026-09-24T12:27:17.473515,S012,S012_A5_Y_20260924_1227,elevated_20,A5,young,class_2,0.4606955647468567,0.505144476890564,-1.1212971210479736,0.4816443920135498,0.4156685173511505,-1.0698786973953247,0.5040234327316284,0.4092022180557251,-1.0696083307266235,0.525874674320221,0.40345853567123413,-1.0695054531097412,0.4165162146091461,0.4310038983821869,-1.0644619464874268,0.39707642793655396,0.43482962250709534,-1.0633327960968018,0.3767812252044678,0.43999525904655457,-1.0635713338851929,0.5595366954803467,0.4259462058544159,-0.6402232050895691,0.34899845719337463,0.46729135513305664,-0.5910577178001404,0.5141652226448059,0.5796076059341431,-0.9556238055229187,0.4318409562110901,0.5952202677726746,-0.9405442476272583,0.7638965249061584,0.8421022891998291,-0.35167554020881653,0.2102385312318802,0.8432943224906921,-0.4099853038787842,0.8306390047073364,1.3294785022735596,-0.4541817307472229,0.1499009132385254,1.374157428741455,-0.5494655966758728,0.8127171397209167,1.681424617767334,-1.0288156270980835,0.15186446905136108,1.7278903722763062,-1.3728382587432861,0.8452054262161255,1.8029927015304565,-1.1938444375991821,0.1175525039434433,1.858111023902893,-1.574371099472046,0.790435254573822,1.798221230506897,-1.265868902206421,0.17640259861946106,1.8348472118377686,-1.6649726629257202,0.7668218016624451,1.7509045600891113,-1.0901576280593872,0.2039979249238968,1.7839395999908447,-1.4390265941619873,0.6758238077163696,1.7250217199325562,-0.061599381268024445,0.31813591718673706,1.7280834913253784,0.06794653832912445,0.6538423299789429,2.4700927734375,-0.053055714815855026,0.31771641969680786,2.4759018421173096,0.12402737140655518,0.6425690054893494,3.1430580615997314,0.6602646112442017,0.33058831095695496,3.132403612136841,0.6385939717292786,0.6521545648574829,3.2532737255096436,0.6886688470840454,0.32864850759506226,3.2406303882598877,0.6665086150169373,0.5783747434616089,3.352257490158081,-0.026516417041420937,0.3787791430950165,3.3464574813842773,-0.1083073765039444,0.4363925143223958,2
2026-09-24T12:27:17.614032,S012,S012_A5_Y_20260924_1227,elevated_20,A5,young,class_2,0.46131467819213867,0.5035412907600403,-1.1669118404388428,0.48076072335243225,0.4145210087299347,-1.1087279319763184,0.5030320882797241,0.40776780247688293,-1.108712911605835,0.5248380899429321,0.4018316864967346,-1.1088378429412842,0.41488486528396606,0.43077346682548523,-1.1022729873657227,0.39467713236808777,0.4347708821296692,-1.1012942790985107,0.3754591941833496,0.43994301557540894,-1.1016961336135864,0.557794988155365,0.42534467577934265,-0.661803126335144,0.3500984013080597,0.46835631132125854,-0.6020954847335815,0.5157057642936707,0.578109860420227,-0.9939485788345337,0.4327961504459381,0.5939808487892151,-0.9770137071609497,0.7694723606109619,0.8476026654243469,-0.353206068277359,0.21511158347129822,0.8530944585800171,-0.43179431557655334,0.8500812649726868,1.350769281387329,-0.46102800965309143,0.12824082374572754,1.3838346004486084,-0.6633704900741577,0.8242650032043457,1.7240678071975708,-0.9988812208175659,0.12565088272094727,1.6867015361785889,-1.6174196004867554,0.8579128980636597,1.8607292175292969,-1.149429202079773,0.09390044212341309,1.8076460361480713,-1.836147665977478,0.7945869565010071,1.857848882675171,-1.2149676084518433,0.15166041254997253,1.772041916847229,-1.9134960174560547,0.7711392641067505,1.8024638891220093,-1.0548408031463623,0.1751590073108673,1.7245292663574219,-1.6820745468139648,0.6775888800621033,1.7609320878982544,-0.062311749905347824,0.3162437379360199,1.7619595527648926,0.06882654130458832,0.6558377146720886,2.507357358932495,0.030509542673826218,0.31604573130607605,2.5079195499420166,0.1727951169013977,0.6470680832862854,3.172743797302246,0.8588992357254028,0.3356174826622009,3.1567227840423584,0.7642197012901306,0.659292995929718,3.2880430221557617,0.897596538066864,0.3342488408088684,3.2653768062591553,0.8009931445121765,0.5807901620864868,3.383547306060791,0.1654358208179474,0.3830304443836212,3.3794147968292236,0.013818031176924706,0.43612271062088304,2
2026-09-24T12:27:17.731574,S012,S012_A5_Y_20260924_1227,elevated_20,A5,young,class_2,0.4633285403251648,0.5035701990127563,-1.0447593927383423,0.48353925347328186,0.4144195318222046,-0.9929283857345581,0.5061246156692505,0.40762197971343994,-0.9932082295417786,0.5277827978134155,0.4016956388950348,-0.9932567477226257,0.4163413941860199,0.4307146966457367,-0.9689922332763672,0.39566880464553833,0.4348069727420807,-0.9679540395736694,0.3766593933105469,0.44012272357940674,-0.9680776596069336,0.5601294040679932,0.42538687586784363,-0.5675944685935974,0.3525952994823456,0.4698605537414551,-0.43020445108413696,0.5172356963157654,0.5789505243301392,-0.8819991946220398,0.43456214666366577,0.5942630171775818,-0.8436175584793091,0.7737358808517456,0.8472835421562195,-0.31517285108566284,0.21657773852348328,0.86140376329422,-0.19718949496746063,0.9267604947090149,1.346449613571167,-0.5428511500358582,0.06773243844509125,1.3830763101577759,-0.729904055595398,0.9000042676925659,1.5560901165008545,-1.0804728269577026,0.049489982426166534,1.0265611410140991,-2.01871395111084,0.9253300428390503,1.6319708824157715,-1.1968069076538086,0.01710442081093788,0.9306467175483704,-2.2367804050445557,0.8765977025032043,1.5791486501693726,-1.2126424312591553,0.09380199760198593,0.8767080903053284,-2.212726593017578,0.8511967658996582,1.559191346168518,-1.1106948852539062,0.11185556650161743,0.9101108312606812,-2.052595615386963,0.6806942224502563,1.788181185722351,-0.08622872829437256,0.31816884875297546,1.7855108976364136,0.09326039254665375,0.656733512878418,2.542346715927124,-0.18874505162239075,0.31654441356658936,2.5374062061309814,0.20378923416137695,0.6477473974227905,3.215409755706787,0.41998347640037537,0.3386882543563843,3.189687490463257,0.6910189390182495,0.6597626805305481,3.3261325359344482,0.4303962290287018,0.3376633822917938,3.286989450454712,0.7168034315109253,0.587264358997345,3.4110820293426514,-0.3399423360824585,0.38633406162261963,3.4165825843811035,-0.0537237823009491,0.44497871346119966,2
2026-09-24T12:27:17.867620,S012,S012_A5_Y_20260924_1227,elevated_20,A5,young,class_2,0.464456170797348,0.504168689250946,-1.056769847869873,0.48551568388938904,0.41450998187065125,-1.003800630569458,0.5082066059112549,0.4077177941799164,-1.0039222240447998,0.5297375917434692,0.40177276730537415,-1.0039955377578735,0.4178530275821686,0.4308362603187561,-0.9895183444023132,0.3968070149421692,0.4352041482925415,-0.988512396812439,0.3776828348636627,0.4407600462436676,-0.9887218475341797,0.5616346597671509,0.425967812538147,-0.5799933075904846,0.3520531952381134,0.4720207452774048,-0.474874347448349,0.5178834199905396,0.582332968711853,-0.8952387571334839,0.4357454180717468,0.5962400436401367,-0.865965723991394,0.7763351202011108,0.8501976728439331,-0.32673293352127075,0.21405646204948425,0.8711989521980286,-0.36377501487731934,0.9101632237434387,1.3585957288742065,-0.4816676080226898,0.0893147811293602,1.4150631427764893,-0.6573589444160461,0.8846203684806824,1.6967746019363403,-0.9732664823532104,0.08127830177545547,1.6878056526184082,-1.3885014057159424,0.9099957346916199,1.828365683555603,-1.1094353199005127,0.044744595885276794,1.8213258981704712,-1.5630156993865967,0.8749759793281555,1.825736165046692,-1.1542812585830688,0.1128273755311966,1.805187702178955,-1.651031494140625,0.8468717336654663,1.7719975709915161,-1.0189998149871826,0.13698139786720276,1.748741865158081,-1.4524462223052979,0.6815209984779358,1.7924504280090332,-0.07785902172327042,0.31702202558517456,1.790472388267517,0.08573423326015472,0.658115804195404,2.5462377071380615,-0.09574107080698013,0.31622570753097534,2.545090913772583,0.18998786807060242,0.6498308777809143,3.2188072204589844,0.662277340888977,0.33374643325805664,3.1974520683288574,0.7270224094390869,0.6612092852592468,3.335585117340088,0.696334183216095,0.3321939706802368,3.3050475120544434,0.7593547105789185,0.5887748599052429,3.424490213394165,-0.0004252921789884567,0.38600021600723267,3.425579071044922,0.013493995182216167,0.443410864417577,2
2026-09-24T12:27:17.964867,S012,S012_A5_Y_20260924_1227,elevated_20,A5,young,class_2,0.4698646664619446,0.5047546625137329,-1.0830965042114258,0.49082303047180176,0.41450783610343933,-1.0278799533843994,0.5144256353378296,0.4077565371990204,-1.0278743505477905,0.5350183844566345,0.40184083580970764,-1.0279799699783325,0.4206077456474304,0.43072307109832764,-1.0235127210617065,0.3991229832172394,0.4351218640804291,-1.0224815607070923,0.37995293736457825,0.44070425629615784,-1.0228238105773926,0.5661460161209106,0.4274694621562958,-0.5975279808044434,0.3525843322277069,0.47198522090911865,-0.546369731426239,0.5229026079177856,0.5852327942848206,-0.9164656400680542,0.4403098225593567,0.5975764393806458,-0.9012969136238098,0.7787569761276245,0.8529464602470398,-0.33102861046791077,0.21499624848365784,0.8705278038978577,-0.40363627672195435,0.9017491340637207,1.368272066116333,-0.4590466618537903,0.09962774068117142,1.4199635982513428,-0.6298097372055054,0.8782976865768433,1.7393101453781128,-0.9381479024887085,0.096494659781456,1.6891899108886719,-1.4782936573028564,0.9037730097770691,1.8784105777740479,-1.0815926790237427,0.06146584823727608,1.8111602067947388,-1.6750462055206299,0.8469992876052856,1.8717589378356934,-1.1327449083328247,0.12265131622552872,1.7772433757781982,-1.7613067626953125,0.8210949897766113,1.8164066076278687,-0.9868842363357544,0.14760099351406097,1.7280800342559814,-1.5437557697296143,0.6783214807510376,1.7889958620071411,-0.07199516147375107,0.3097568154335022,1.785968542098999,0.07982116937637329,0.6475397348403931,2.542959451675415,-0.017397932708263397,0.30489227175712585,2.5395779609680176,0.17795994877815247,0.6238070726394653,3.2184345722198486,0.7646390199661255,0.3039182722568512,3.197869300842285,0.7494174242019653,0.6309351921081543,3.3332149982452393,0.7989736795425415,0.2994951605796814,3.3065638542175293,0.7859877943992615,0.559076726436615,3.4298629760742188,0.08609230071306229,0.356942355632782,3.425694704055786,0.010654592886567116,0.4423010002656156,2
2026-09-24T12:27:18.091397,S012,S012_A5_Y_20260924_1227,elevated_20,A5,young,class_2,0.4739091396331787,0.5113623142242432,-1.090348482131958,0.4964062571525574,0.41915827989578247,-1.0394953489303589,0.520314633846283,0.41417524218559265,-1.0393238067626953,0.5402870178222656,0.41052696108818054,-1.0393638610839844,0.42502561211586,0.4326426088809967,-1.0363507270812988,0.4025358259677887,0.436758428812027,-1.0353453159332275,0.3830995559692383,0.4422490894794464,-1.0356528759002686,0.5719638466835022,0.4387548565864563,-0.6344618201255798,0.35337454080581665,0.4729536771774292,-0.5904150009155273,0.5256584882736206,0.5949372053146362,-0.9312235713005066,0.44148826599121094,0.6040090322494507,-0.9175987243652344,0.7790155410766602,0.8585413098335266,-0.3692399263381958,0.21579739451408386,0.8700571060180664,-0.4324307441711426,0.897310733795166,1.3665540218353271,-0.45972222089767456,0.10545007139444351,1.4226036071777344,-0.5360328555107117,0.8707143664360046,1.7393096685409546,-0.9448034167289734,0.10475128889083862,1.7645351886749268,-1.201080083847046,0.8979484438896179,1.874101161956787,-1.0976264476776123,0.0692831352353096,1.8994590044021606,-1.3721048831939697,0.8416301012039185,1.8697991371154785,-1.1539099216461182,0.12915967404842377,1.875559687614441,-1.4743691682815552,0.8167287707328796,1.8153185844421387,-0.9973421096801758,0.1551705300807953,1.8199197053909302,-1.267730474472046,0.6783528327941895,1.7872987985610962,-0.07073865830898285,0.31083327531814575,1.7846144437789917,0.07864879071712494,0.6467235088348389,2.539515495300293,-0.019117139279842377,0.3057008385658264,2.5362837314605713,0.1700880080461502,0.6209537386894226,3.2169642448425293,0.7619931697845459,0.3038925528526306,3.19730544090271,0.7118440270423889,0.6283226609230042,3.331406593322754,0.7920243144035339,0.29934418201446533,3.308302402496338,0.7433738708496094,0.5519824028015137,3.4305481910705566,0.04276157170534134,0.3516058623790741,3.42167329788208,-0.031128833070397377,0.44108684661797737,2
2026-09-24T12:27:18.227932,S012,S012_A5_Y_20260924_1227,elevated_20,A5,young,class_2,0.4762635827064514,0.517500102519989,-1.2229067087173462,0.49887728691101074,0.42503321170806885,-1.165734052658081,0.5228446125984192,0.4212643802165985,-1.1656930446624756,0.5424834489822388,0.41883620619773865,-1.1657384634017944,0.42678102850914,0.4358765780925751,-1.1677696704864502,0.40344008803367615,0.43956345319747925,-1.1667126417160034,0.38410499691963196,0.44471609592437744,-1.167022705078125,0.5724048018455505,0.4455097019672394,-0.7096509337425232,0.354850709438324,0.4747866690158844,-0.6899603605270386,0.5262694358825684,0.6010035276412964,-1.0438868999481201,0.44160404801368713,0.6086111068725586,-1.0381443500518799,0.7771156430244446,0.8601748943328857,-0.41221293807029724,0.21259038150310516,0.870435893535614,-0.46051961183547974,0.8853428959846497,1.3644003868103027,-0.4502447545528412,0.10189305245876312,1.4212744235992432,-0.49061188101768494,0.847985565662384,1.7302765846252441,-0.9284814596176147,0.11053021252155304,1.7494313716888428,-1.1514825820922852,0.8732473254203796,1.861933946609497,-1.0800786018371582,0.09037157893180847,1.8780791759490967,-1.3305126428604126,0.8129140138626099,1.8561099767684937,-1.1427948474884033,0.1445777714252472,1.8476336002349854,-1.4293758869171143,0.7912843823432922,1.804165005683899,-0.9806963801383972,0.16542917490005493,1.7945301532745361,-1.2162878513336182,0.6767557263374329,1.7844680547714233,-0.07215811312198639,0.31118685007095337,1.782243251800537,0.07976670563220978,0.6481512784957886,2.5365240573883057,-0.0287894606590271,0.3077002763748169,2.533374309539795,0.15245512127876282,0.6249922513961792,3.214077949523926,0.7285274267196655,0.30719366669654846,3.1973533630371094,0.6973192691802979,0.6327234506607056,3.3280396461486816,0.7600933313369751,0.3032734990119934,3.309173107147217,0.7262578010559082,0.5588185787200928,3.4290719032287598,0.022107917815446854,0.35668668150901794,3.4184420108795166,-0.06541062891483307,0.439169886110931,2
2026-09-24T12:27:18.355113,S012,S012_A5_Y_20260924_1227,elevated_20,A5,young,class_2,0.47701892256736755,0.5204722881317139,-1.2440087795257568,0.4995361268520355,0.4278443455696106,-1.1865742206573486,0.5234774351119995,0.42450734972953796,-1.1866817474365234,0.5431205034255981,0.4222507178783417,-1.186854600906372,0.4276910424232483,0.43735912442207336,-1.1880996227264404,0.40439772605895996,0.44079968333244324,-1.1870529651641846,0.38577181100845337,0.4458507299423218,-1.1873505115509033,0.5725435614585876,0.44853249192237854,-0.7159819602966309,0.35706162452697754,0.4759446382522583,-0.690744161605835,0.5263827443122864,0.6039817929267883,-1.0588290691375732,0.4417651295661926,0.6108548045158386,-1.051110029220581,0.7768816947937012,0.8598259687423706,-0.41859108209609985,0.21366211771965027,0.8733231425285339,-0.45114627480506897,0.8829153180122375,1.3603565692901611,-0.45129284262657166,0.10296159982681274,1.4390379190444946,-0.41746243834495544,0.8459059000015259,1.7259745597839355,-0.9461971521377563,0.11404341459274292,1.7680364847183228,-1.0941239595413208,0.8709424138069153,1.8551994562149048,-1.1117980480194092,0.09130173176527023,1.8916510343551636,-1.2771779298782349,0.8093618154525757,1.8487199544906616,-1.1821095943450928,0.1445768028497696,1.8632233142852783,-1.3876123428344727,0.7883726358413696,1.797853946685791,-1.0031853914260864,0.16713079810142517,1.8111934661865234,-1.164139747619629,0.6781114339828491,1.7832473516464233,-0.08765345066785812,0.315436989068985,1.785577416419983,0.09457371383905411,0.6534956693649292,2.536454916000366,-0.03353682532906532,0.31640103459358215,2.538076639175415,0.1616358757019043,0.6342875361442566,3.217667818069458,0.7364377975463867,0.3235918879508972,3.2049708366394043,0.7140185832977295,0.64349365234375,3.3300411701202393,0.7720526456832886,0.3236207365989685,3.314868927001953,0.7469791173934937,0.5668135285377502,3.436577320098877,0.03221466764807701,0.3671358823776245,3.4260337352752686,-0.04794327914714813,0.4377487027793243,2
2026-09-24T12:27:18.470202,S012,S012_A5_Y_20260924_1227,elevated_20,A5,young,class_2,0.47715044021606445,0.5238847732543945,-1.317199468612671,0.4997917115688324,0.431900292634964,-1.2538177967071533,0.5238085985183716,0.4289592206478119,-1.2541059255599976,0.5436065196990967,0.42690229415893555,-1.2543575763702393,0.4279126226902008,0.43985655903816223,-1.251471996307373,0.40452641248703003,0.44294801354408264,-1.250720739364624,0.38661545515060425,0.4478212893009186,-1.251112699508667,0.5728431940078735,0.4509126543998718,-0.7539560794830322,0.35861140489578247,0.4774029552936554,-0.7176554203033447,0.5266463756561279,0.6068184971809387,-1.1219980716705322,0.4421716630458832,0.6140296459197998,-1.111129641532898,0.7824119329452515,0.859502375125885,-0.43623581528663635,0.21423478424549103,0.8789142370223999,-0.4472436308860779,0.8820825815200806,1.3586602210998535,-0.5160639882087708,0.11438212543725967,1.439338207244873,-0.5184639096260071,0.8457330465316772,1.7248003482818604,-1.1036694049835205,0.15743927657604218,1.763905644416809,-1.4135953187942505,0.8698466420173645,1.8586143255233765,-1.293818712234497,0.14846879243850708,1.8873686790466309,-1.642600417137146,0.80763179063797,1.8482372760772705,-1.3765041828155518,0.19516725838184357,1.8303643465042114,-1.73593008518219,0.787195086479187,1.7950788736343384,-1.1670030355453491,0.2108733206987381,1.779242753982544,-1.4821308851242065,0.6866320371627808,1.7922238111495972,-0.08764072507619858,0.33122992515563965,1.8001335859298706,0.09425975382328033,0.6644251346588135,2.546074390411377,-0.03797661513090134,0.32857710123062134,2.54923677444458,0.11528012901544571,0.6556995511054993,3.22601580619812,0.7231020927429199,0.3475777208805084,3.216548442840576,0.6454213857650757,0.6664892435073853,3.338222026824951,0.7561620473861694,0.35083311796188354,3.3250083923339844,0.6729468703269958,0.5892815589904785,3.4457333087921143,0.028503796085715294,0.3928070664405823,3.4392569065093994,-0.1445360779762268,0.4365683084888863,2
2026-09-24T12:27:18.576917,S012,S012_A5_Y_20260924_1227,elevated_20,A5,young,class_2,0.47621244192123413,0.5253822803497314,-1.2634326219558716,0.499347984790802,0.43331846594810486,-1.201948881149292,0.5233926177024841,0.42980584502220154,-1.202096700668335,0.5436358451843262,0.4273447096347809,-1.2022712230682373,0.42783743143081665,0.4413790702819824,-1.2008174657821655,0.40490737557411194,0.44467905163764954,-1.1999499797821045,0.38712629675865173,0.4493437111377716,-1.2002995014190674,0.5729692578315735,0.450684517621994,-0.734712541103363,0.3590626120567322,0.47806787490844727,-0.691105306148529,0.5268155336380005,0.607201874256134,-1.0781638622283936,0.4410387873649597,0.6158990859985352,-1.0686453580856323,0.789076566696167,0.8593255877494812,-0.42202386260032654,0.21467995643615723,0.8783531188964844,-0.4454246461391449,0.8985589146614075,1.358303427696228,-0.4642545282840729,0.11940036714076996,1.4364774227142334,-0.3803017735481262,0.8646857142448425,1.7060458660125732,-0.9729313850402832,0.16732268035411835,1.774941086769104,-0.9422627687454224,0.8913806676864624,1.8298949003219604,-1.1493065357208252,0.15482255816459656,1.9061254262924194,-1.1086863279342651,0.8315834999084473,1.816279649734497,-1.2389873266220093,0.2041947841644287,1.8740957975387573,-1.2152118682861328,0.81041020154953,1.7638795375823975,-1.038323998451233,0.22102102637290955,1.817116379737854,-1.007284164428711,0.6949869990348816,1.7919527292251587,-0.086960569024086,0.3393687307834625,1.7977226972579956,0.0935208797454834,0.6772080659866333,2.5424914360046387,-0.04487577825784683,0.3404364585876465,2.548292398452759,0.1048256978392601,0.673506498336792,3.2253334522247314,0.6995961666107178,0.36530476808547974,3.213833808898926,0.6058714985847473,0.6853273510932922,3.336958885192871,0.7331032156944275,0.367480993270874,3.322176933288574,0.6308430433273315,0.6083050966262817,3.442939281463623,0.01049009244889021,0.41363272070884705,3.437779426574707,-0.16098973155021667,0.4344051862337823,2
2026-09-24T12:27:18.703553,S012,S012_A5_Y_20260924_1227,elevated_20,A5,young,class_2,0.475069135427475,0.5285905599594116,-1.1513651609420776,0.4986933171749115,0.4353240132331848,-1.10462486743927,0.5230532288551331,0.431017130613327,-1.1046710014343262,0.5436141490936279,0.42790311574935913,-1.104904294013977,0.4265161454677582,0.4446336328983307,-1.0970723628997803,0.4041266441345215,0.44826069474220276,-1.0961871147155762,0.3863254189491272,0.45301300287246704,-1.0965192317962646,0.5727697610855103,0.4506109654903412,-0.7032054662704468,0.3590470254421234,0.480185866355896,-0.6312477588653564,0.5268079042434692,0.6083371043205261,-0.9908272624015808,0.4392792284488678,0.6185236573219299,-0.9711817502975464,0.7922466397285461,0.8591793179512024,-0.4038155972957611,0.21510395407676697,0.877974271774292,-0.43868738412857056,0.9088083505630493,1.3558117151260376,-0.40718260407447815,0.12702873349189758,1.436118483543396,-0.3556712567806244,0.8767180442810059,1.7056622505187988,-0.8340509533882141,0.17415346205234528,1.7771793603897095,-0.8670031428337097,0.9053510427474976,1.8287922143936157,-0.9872078895568848,0.15728679299354553,1.9115090370178223,-1.0212962627410889,0.8453696370124817,1.8153122663497925,-1.0575025081634521,0.20856419205665588,1.8859827518463135,-1.1225358247756958,0.823501706123352,1.763024926185608,-0.8911453485488892,0.2276957780122757,1.8289287090301514,-0.9289658665657043,0.7032793164253235,1.791250228881836,-0.08540856093168259,0.3483465015888214,1.7956143617630005,0.09184417128562927,0.6922546029090881,2.54089093208313,-0.07621059566736221,0.3591272532939911,2.5458595752716064,0.10538885742425919,0.6964222192764282,3.223377227783203,0.6180649995803833,0.3931668698787689,3.2133703231811523,0.5891430377960205,0.708834171295166,3.335113763809204,0.6479655504226685,0.39528971910476685,3.322967052459717,0.614509105682373,0.6369847059249878,3.4404890537261963,-0.05182887986302376,0.4440055787563324,3.434760093688965,-0.15471261739730835,0.43280988264720666,2
2026-09-24T12:27:18.830802,S012,S012_A5_Y_20260924_1227,elevated_20,A5,young,class_2,0.4741421341896057,0.5312658548355103,-1.084630012512207,0.4980028569698334,0.4372592866420746,-1.0401279926300049,0.5226314663887024,0.4321724474430084,-1.0401725769042969,0.5435393452644348,0.4283725321292877,-1.0404528379440308,0.425102174282074,0.44781965017318726,-1.0338101387023926,0.4031603932380676,0.45166724920272827,-1.0329444408416748,0.38507017493247986,0.45660871267318726,-1.033368468284607,0.5725947618484497,0.4503984749317169,-0.6495118141174316,0.35844865441322327,0.48265185952186584,-0.5850186347961426,0.5268760919570923,0.6093457341194153,-0.9265762567520142,0.43808284401893616,0.6207837462425232,-0.9090003967285156,0.7959874868392944,0.857614278793335,-0.36078786849975586,0.21569673717021942,0.8796416521072388,-0.41955074667930603,0.9060139656066895,1.3556092977523804,-0.3843179941177368,0.12718650698661804,1.4312655925750732,-0.3477090001106262,0.8745786547660828,1.70501708984375,-0.8075354695320129,0.17366182804107666,1.7842398881912231,-0.8498367071151733,0.9010273218154907,1.8279948234558105,-0.9495506286621094,0.15558138489723206,1.9221652746200562,-0.9999464154243469,0.8433741331100464,1.8142127990722656,-1.0095348358154297,0.20762136578559875,1.9025357961654663,-1.0954253673553467,0.8231582641601562,1.761980414390564,-0.8602922558784485,0.22673241794109344,1.8452537059783936,-0.9093897938728333,0.7108155488967896,1.7896846532821655,-0.08191327750682831,0.35353463888168335,1.7946033477783203,0.08818744122982025,0.7017684578895569,2.5398201942443848,-0.07556624710559845,0.3626716136932373,2.544196605682373,0.10471925884485245,0.7107213735580444,3.2221434116363525,0.6259750723838806,0.4022468030452728,3.2121970653533936,0.5774205327033997,0.7231978178024292,3.3341002464294434,0.6567074656486511,0.4045236110687256,3.321955919265747,0.6037986874580383,0.657082200050354,3.4400763511657715,-0.03638561815023422,0.4601671099662781,3.4340009689331055,-0.14887148141860962,0.4312716210370953,2
2026-09-24T12:27:18.956359,S012,S012_A5_Y_20260924_1227,elevated_20,A5,young,class_2,0.4922458231449127,0.5318336486816406,-1.0270577669143677,0.5162767767906189,0.43762028217315674,-0.9816598892211914,0.5379612445831299,0.4331490397453308,-0.9815349578857422,0.5561099052429199,0.42978715896606445,-0.9816401600837708,0.44474610686302185,0.44777700304985046,-0.98359614610672,0.4192470610141754,0.45156580209732056,-0.9826153516769409,0.39738279581069946,0.45654135942459106,-0.9829559326171875,0.5858915448188782,0.45396846532821655,-0.605610191822052,0.3671568036079407,0.48270517587661743,-0.5811975598335266,0.5358235239982605,0.6114655137062073,-0.8763052821159363,0.44998279213905334,0.6228166222572327,-0.8709143400192261,0.7951872944831848,0.8576221466064453,-0.3425385057926178,0.21586211025714874,0.8795185685157776,-0.41676950454711914,0.9005517959594727,1.355039358139038,-0.29976359009742737,0.11988797038793564,1.413493037223816,-0.310904324054718,0.874180018901825,1.7180575132369995,-0.6348147988319397,0.17221257090568542,1.7766635417938232,-0.7003439664840698,0.8993144035339355,1.8403029441833496,-0.7634599208831787,0.1516471952199936,1.9118802547454834,-0.8267158269882202,0.839931845664978,1.830696702003479,-0.8224225044250488,0.20401768386363983,1.8909220695495605,-0.9200213551521301,0.8198655843734741,1.7803494930267334,-0.6856170296669006,0.22388789057731628,1.8355324268341064,-0.7557792663574219,0.7080525755882263,1.7794299125671387,-0.0703355073928833,0.3509780764579773,1.7868309020996094,0.07644543796777725,0.6926255822181702,2.524569511413574,-0.07533203065395355,0.35815125703811646,2.5315444469451904,0.07864885032176971,0.6966813802719116,3.2076518535614014,0.6204068064689636,0.39215558767318726,3.1963400840759277,0.5538737177848816,0.7055426836013794,3.317682981491089,0.6509768962860107,0.39153069257736206,3.3059499263763428,0.5818964242935181,0.6496821641921997,3.425612688064575,-0.03152432292699814,0.446671724319458,3.407512664794922,-0.1553022712469101,0.4301752336684303,2
2026-09-24T12:27:19.093563,S012,S012_A5_Y_20260924_1227,elevated_20,A5,young,class_2,0.5030586123466492,0.5316601395606995,-1.0321052074432373,0.527442991733551,0.4380315840244293,-0.9790053367614746,0.5474872589111328,0.4345274269580841,-0.9789013862609863,0.5652855634689331,0.43241289258003235,-0.9789811372756958,0.4571816325187683,0.44747453927993774,-0.9837953448295593,0.43104949593544006,0.4509061276912689,-0.9827879667282104,0.4069270193576813,0.4553728699684143,-0.9831328392028809,0.5947281122207642,0.4598616361618042,-0.5874816179275513,0.3750901520252228,0.4821709394454956,-0.5804908871650696,0.5414973497390747,0.6122117638587952,-0.8787261843681335,0.45724278688430786,0.6227512955665588,-0.8769389986991882,0.7931054830551147,0.8644245862960815,-0.3310660719871521,0.21613387763500214,0.8807972073554993,-0.41907089948654175,0.8997774124145508,1.358410358428955,-0.2904592454433441,0.11600186675786972,1.4095172882080078,-0.32462114095687866,0.8719937205314636,1.7305684089660645,-0.643639087677002,0.17086535692214966,1.777781367301941,-0.7369291186332703,0.8973922729492188,1.8569635152816772,-0.7752844095230103,0.14886434376239777,1.914226770401001,-0.8708831667900085,0.8379461169242859,1.849378228187561,-0.8324066996574402,0.20112386345863342,1.8957234621047974,-0.9638493657112122,0.8177987933158875,1.7972004413604736,-0.6942747235298157,0.22170205414295197,1.839813232421875,-0.7926091551780701,0.7032453417778015,1.7796896696090698,-0.06571459770202637,0.34434738755226135,1.7866007089614868,0.07189850509166718,0.681490421295166,2.5247530937194824,-0.07436999678611755,0.3474070429801941,2.53165602684021,0.09413628280162811,0.6787015795707703,3.207728147506714,0.6252844929695129,0.371309757232666,3.196275234222412,0.6149649024009705,0.6859006285667419,3.318063974380493,0.6558358669281006,0.36753982305526733,3.3059656620025635,0.6488184928894043,0.6308305263519287,3.425429105758667,-0.02367015741765499,0.42521506547927856,3.4070234298706055,-0.08381237089633942,0.4291349064842507,2
2026-09-24T12:27:19.196452,S012,S012_A5_Y_20260924_1227,elevated_20,A5,young,class_2,0.529162585735321,0.533169686794281,-1.2218563556671143,0.5542882680892944,0.4408917725086212,-1.1560553312301636,0.5735452175140381,0.43930771946907043,-1.1560512781143188,0.5910925269126892,0.43931224942207336,-1.1561256647109985,0.4833897650241852,0.4473976492881775,-1.1757616996765137,0.45501700043678284,0.44979411363601685,-1.174755334854126,0.42978256940841675,0.45299842953681946,-1.175204873085022,0.6109153628349304,0.4662483036518097,-0.6894899010658264,0.3884408175945282,0.47962263226509094,-0.7532806992530823,0.555659830570221,0.6149241328239441,-1.03944993019104,0.47647014260292053,0.6226018071174622,-1.0584853887557983,0.7919656038284302,0.8711735606193542,-0.3526872992515564,0.2164233922958374,0.8809025287628174,-0.5395577549934387,0.889552116394043,1.3649325370788574,-0.2624647319316864,0.11505216360092163,1.4107633829116821,-0.35469067096710205,0.8600185513496399,1.7386280298233032,-0.6415673494338989,0.1703612506389618,1.7941011190414429,-0.8417617082595825,0.8855026364326477,1.8686569929122925,-0.7725026607513428,0.1470244973897934,1.9351001977920532,-0.9887116551399231,0.8303097486495972,1.859901785850525,-0.8411872982978821,0.19948622584342957,1.9173036813735962,-1.0864289999008179,0.8086277842521667,1.8059426546096802,-0.6970847249031067,0.22048898041248322,1.858949065208435,-0.8999589681625366,0.6971425414085388,1.7880401611328125,-0.06061995029449463,0.33161914348602295,1.7927948236465454,0.06678861379623413,0.673362672328949,2.5332703590393066,-0.011864309199154377,0.3344227075576782,2.5408997535705566,0.14937864243984222,0.6677428483963013,3.2158477306365967,0.8260133862495422,0.35455724596977234,3.2001051902770996,0.8028300404548645,0.6722298264503479,3.3279097080230713,0.8683242797851562,0.35046446323394775,3.309392213821411,0.8479121327400208,0.6236368417739868,3.4333534240722656,0.14968785643577576,0.41161808371543884,3.4104230403900146,0.05715533345937729,0.42794321563404525,2
2026-09-24T12:27:19.287140,S012,S012_A5_Y_20260924_1227,elevated_20,A5,young,class_2,0.5447902083396912,0.5330579876899719,-1.1981700658798218,0.570041298866272,0.4423915445804596,-1.1443760395050049,0.5882266759872437,0.4413507282733917,-1.1444047689437866,0.6045759916305542,0.4415808618068695,-1.1444931030273438,0.5049763321876526,0.4473516047000885,-1.146249532699585,0.4761219918727875,0.44973424077033997,-1.145243525505066,0.45073071122169495,0.45287665724754333,-1.145646572113037,0.6221436262130737,0.4686572849750519,-0.6620423793792725,0.40206676721572876,0.4796160161495209,-0.7189155220985413,0.5678275227546692,0.614923357963562,-1.0302726030349731,0.4933489263057709,0.6220453977584839,-1.0272481441497803,0.7918949127197266,0.8738430738449097,-0.3111457824707031,0.22012333571910858,0.8831044435501099,-0.525395929813385,0.8862708806991577,1.3646188974380493,-0.18194377422332764,0.1220107302069664,1.4061251878738403,-0.3589208722114563,0.8592013120651245,1.7390767335891724,-0.6030722856521606,0.17325638234615326,1.786962628364563,-0.8519232869148254,0.8851631283760071,1.8705755472183228,-0.7364569902420044,0.14976726472377777,1.9241408109664917,-0.998839259147644,0.8308628797531128,1.8658618927001953,-0.8166714906692505,0.2022499144077301,1.9056668281555176,-1.1033269166946411,0.8084418177604675,1.8101154565811157,-0.6633954048156738,0.22321005165576935,1.8483951091766357,-0.9105173349380493,0.6969196796417236,1.7882976531982422,-0.041363272815942764,0.3330213725566864,1.7939741611480713,0.04710531234741211,0.6733783483505249,2.5329411029815674,0.012497016228735447,0.3421953618526459,2.5418782234191895,0.09503026306629181,0.6684752106666565,3.216374397277832,0.7966300249099731,0.36016157269477844,3.2045791149139404,0.709656834602356,0.6722939014434814,3.329047203063965,0.8344253301620483,0.35461288690567017,3.3160061836242676,0.7508596181869507,0.6268793344497681,3.4329802989959717,0.14591749012470245,0.41683292388916016,3.4111928939819336,-0.03461817651987076,0.42845374236270745,2
2026-09-24T12:27:19.401031,S012,S012_A5_Y_20260924_1227,elevated_20,A5,young,class_2,0.5574439764022827,0.5302947163581848,-1.2200905084609985,0.5822620391845703,0.4410988986492157,-1.1500098705291748,0.6010079979896545,0.44083136320114136,-1.1500052213668823,0.6188976764678955,0.4414673149585724,-1.1500319242477417,0.5157995223999023,0.441219687461853,-1.1664928197860718,0.48518285155296326,0.44154122471809387,-1.1655032634735107,0.45936235785484314,0.4434237480163574,-1.1658855676651,0.6355401277542114,0.4684341251850128,-0.6723425388336182,0.40859097242355347,0.47617387771606445,-0.7487820386886597,0.5813295841217041,0.614829421043396,-1.0444979667663574,0.5076327919960022,0.6199862957000732,-1.0609791278839111,0.7949780225753784,0.8780723214149475,-0.33654263615608215,0.2218446433544159,0.8877096176147461,-0.5660978555679321,0.8911439180374146,1.3752672672271729,-0.23733846843242645,0.1267361342906952,1.425506830215454,-0.42051205039024353,0.8660025596618652,1.7594314813613892,-0.6413635611534119,0.17269188165664673,1.8061691522598267,-0.8847342729568481,0.8946201205253601,1.897139310836792,-0.7696454524993896,0.14849412441253662,1.9434928894042969,-1.0368977785110474,0.8369666337966919,1.8905911445617676,-0.8378316760063171,0.2019074410200119,1.926428198814392,-1.1357929706573486,0.8131340742111206,1.832755446434021,-0.6940842866897583,0.2233802080154419,1.8676382303237915,-0.9438441395759583,0.700140118598938,1.798611044883728,-0.04114069789648056,0.3337404727935791,1.802133560180664,0.047066859900951385,0.6734181642532349,2.550222873687744,0.04671188071370125,0.34149351716041565,2.556870460510254,0.11318936198949814,0.6684833765029907,3.233494281768799,0.8787239193916321,0.3597000241279602,3.216000556945801,0.7426971197128296,0.67246013879776,3.3488962650299072,0.9194046854972839,0.354401171207428,3.327092409133911,0.7825574278831482,0.6260464787483215,3.449622869491577,0.21339769661426544,0.4166509509086609,3.426460027694702,-0.0034257664810866117,0.42833081850739924,2
2026-09-24T12:27:19.517798,S012,S012_A5_Y_20260924_1227,elevated_20,A5,young,class_2,0.5605447888374329,0.5299586653709412,-1.3639270067214966,0.5853968262672424,0.44098252058029175,-1.292177438735962,0.6044467687606812,0.44069740176200867,-1.2922241687774658,0.623132586479187,0.4412088990211487,-1.2923126220703125,0.5183118581771851,0.44003286957740784,-1.3131296634674072,0.4878128468990326,0.43992289900779724,-1.3123314380645752,0.4625512957572937,0.44147273898124695,-1.3127988576889038,0.6411150693893433,0.46866321563720703,-0.7907630801200867,0.4119211733341217,0.4751649796962738,-0.8668548464775085,0.5854588747024536,0.6152551174163818,-1.1710784435272217,0.5108457803726196,0.6199496984481812,-1.1917073726654053,0.7998381853103638,0.8784000873565674,-0.39936187863349915,0.2267313003540039,0.8873319029808044,-0.6285468935966492,0.8954187631607056,1.3738665580749512,-0.25694912672042847,0.13471318781375885,1.427564263343811,-0.48977088928222656,0.8710154294967651,1.7557119131088257,-0.7613450288772583,0.18452638387680054,1.7995948791503906,-0.9843059778213501,0.9000269770622253,1.8910980224609375,-0.9137422442436218,0.16604121029376984,1.9349770545959473,-1.149774193763733,0.8434047698974609,1.8841251134872437,-1.0010459423065186,0.21654662489891052,1.9173213243484497,-1.2625455856323242,0.8191179037094116,1.8281574249267578,-0.8258587718009949,0.23605267703533173,1.8602542877197266,-1.0464016199111938,0.7050241231918335,1.7977067232131958,-0.03786994144320488,0.33757439255714417,1.8014771938323975,0.04379672557115555,0.6787078976631165,2.548729658126831,0.059831030666828156,0.34419575333595276,2.5556883811950684,0.12624312937259674,0.6744309067726135,3.232205629348755,0.9145172834396362,0.3640950322151184,3.2154579162597656,0.7836900353431702,0.6783803105354309,3.3477745056152344,0.9564363360404968,0.35917985439300537,3.3264658451080322,0.8248705863952637,0.6314330101013184,3.448042869567871,0.22315070033073425,0.42421120405197144,3.4262144565582275,0.014547476544976234,0.42857702875153336,2
2026-09-24T12:27:19.629652,S012,S012_A5_Y_20260924_1227,elevated_20,A5,young,class_2,0.559508204460144,0.5293165445327759,-1.3014024496078491,0.5855525732040405,0.4408581852912903,-1.232667326927185,0.6051685810089111,0.44057515263557434,-1.232730507850647,0.6241783499717712,0.44109514355659485,-1.232895016670227,0.5179877281188965,0.43852514028549194,-1.2495232820510864,0.4885834753513336,0.43788766860961914,-1.248652696609497,0.4646965563297272,0.4390746057033539,-1.249110221862793,0.64427649974823,0.4690060317516327,-0.7523972392082214,0.41625016927719116,0.4733982980251312,-0.8019593358039856,0.585910975933075,0.615186870098114,-1.1144726276397705,0.5106181502342224,0.6181638836860657,-1.1289688348770142,0.8032388687133789,0.8781716227531433,-0.3946225047111511,0.2336234748363495,0.8848406076431274,-0.5850649476051331,0.9017901420593262,1.3740421533584595,-0.2592708170413971,0.14082768559455872,1.4254621267318726,-0.4779350757598877,0.8729493021965027,1.7532645463943481,-0.8199516534805298,0.1827363669872284,1.7983167171478271,-0.9806278944015503,0.9017033576965332,1.890737771987915,-0.9808340072631836,0.16280554234981537,1.9311665296554565,-1.1471737623214722,0.8425678014755249,1.8821061849594116,-1.0646761655807495,0.21415886282920837,1.9111751317977905,-1.2595888376235962,0.8188620805740356,1.8247089385986328,-0.8842450380325317,0.23423948884010315,1.8548446893692017,-1.0433038473129272,0.7077005505561829,1.7973769903182983,-0.039058275520801544,0.34003373980522156,1.8011345863342285,0.04502974450588226,0.6801117062568665,2.5484225749969482,0.05569439381361008,0.34404999017715454,2.554816722869873,0.13396862149238586,0.675000786781311,3.2316625118255615,0.891229510307312,0.36348631978034973,3.2151598930358887,0.7685382962226868,0.6794200539588928,3.3476593494415283,0.9322854280471802,0.3588281571865082,3.32600736618042,0.8076906204223633,0.6306678056716919,3.4472360610961914,0.20657332241535187,0.423915296792984,3.42583966255188,0.007537295110523701,0.42842400834596256,2
2026-09-24T12:27:19.769478,S012,S012_A5_Y_20260924_1227,elevated_20,A5,young,class_2,0.5595963001251221,0.5278416275978088,-1.4292300939559937,0.5854811072349548,0.4396592378616333,-1.3561851978302002,0.6053363084793091,0.4398306906223297,-1.356306791305542,0.6244688630104065,0.4407418966293335,-1.3564611673355103,0.5177257657051086,0.4365348219871521,-1.3744078874588013,0.4887073040008545,0.43586239218711853,-1.373600721359253,0.4652476906776428,0.43713510036468506,-1.374055027961731,0.6459254026412964,0.4688139259815216,-0.8379462957382202,0.4182148575782776,0.47234728932380676,-0.8956035375595093,0.5877959728240967,0.6147575974464417,-1.2285301685333252,0.511968731880188,0.6162488460540771,-1.2450464963912964,0.804135799407959,0.8779091238975525,-0.4554792046546936,0.23681268095970154,0.8842636346817017,-0.6328808069229126,0.9096035957336426,1.368226408958435,-0.39294150471687317,0.1485409140586853,1.4273784160614014,-0.5195251107215881,0.8797389268875122,1.7477128505706787,-0.99616539478302,0.1832083761692047,1.7943357229232788,-1.0857878923416138,0.9082694053649902,1.8901360034942627,-1.1719757318496704,0.162135049700737,1.9270964860916138,-1.2652145624160767,0.8470005989074707,1.8815722465515137,-1.2568446397781372,0.21339209377765656,1.9072329998016357,-1.3902580738067627,0.8233564496040344,1.821324110031128,-1.0622410774230957,0.2339213639497757,1.8508741855621338,-1.1547642946243286,0.7137014269828796,1.796860933303833,-0.03946748003363609,0.347987562417984,1.800679087638855,0.04537760466337204,0.6918060779571533,2.5477235317230225,0.052015818655490875,0.3542099595069885,2.554060935974121,0.15891294181346893,0.6881393194198608,3.231539487838745,0.9089366793632507,0.37589651346206665,3.21474552154541,0.8039276003837585,0.6939706206321716,3.347062110900879,0.9516293406486511,0.3718024492263794,3.3256723880767822,0.8439972996711731,0.6401272416114807,3.447089433670044,0.206045463681221,0.43722718954086304,3.4259660243988037,0.028424199670553207,0.4290601744301746,2
2026-09-24T12:27:19.886239,S012,S012_A5_Y_20260924_1227,elevated_20,A5,young,class_2,0.5593649744987488,0.5272199511528015,-1.4825472831726074,0.5851221084594727,0.43913257122039795,-1.4111313819885254,0.6050577759742737,0.43950656056404114,-1.411356806755066,0.623998761177063,0.4405834376811981,-1.4115477800369263,0.5177499055862427,0.43580108880996704,-1.428031325340271,0.4889858365058899,0.4351641535758972,-1.427333950996399,0.4658111035823822,0.436500608921051,-1.4278380870819092,0.6463527679443359,0.46865788102149963,-0.8836787939071655,0.4192996025085449,0.4717479348182678,-0.9356017112731934,0.5882221460342407,0.6144262552261353,-1.276482343673706,0.512400209903717,0.6153215169906616,-1.2914960384368896,0.8055286407470703,0.8773940205574036,-0.4862727224826813,0.2385469675064087,0.8838726878166199,-0.645433783531189,0.914473831653595,1.3598835468292236,-0.448983758687973,0.15927812457084656,1.430408239364624,-0.545528769493103,0.8845999836921692,1.7345006465911865,-1.0712013244628906,0.1894807666540146,1.7916920185089111,-1.16701078414917,0.9135966300964355,1.8786532878875732,-1.2532742023468018,0.16880373656749725,1.922638177871704,-1.3572590351104736,0.851911187171936,1.8701690435409546,-1.3448944091796875,0.21773532032966614,1.9006716012954712,-1.4855725765228271,0.8277631998062134,1.8084444999694824,-1.1398851871490479,0.23819835484027863,1.8435652256011963,-1.2389483451843262,0.7193773984909058,1.7964810132980347,-0.040170833468437195,0.3560725748538971,1.80039644241333,0.04602690041065216,0.7003861665725708,2.547254800796509,0.04980093985795975,0.3621973395347595,2.553858757019043,0.15515603125095367,0.6991076469421387,3.229672431945801,0.8939902186393738,0.38669317960739136,3.214545965194702,0.7795411348342896,0.7059469223022461,3.3460853099823,0.9347267150878906,0.38354089856147766,3.3253250122070312,0.8173922300338745,0.6480464935302734,3.44570255279541,0.18501286208629608,0.450681209564209,3.425778865814209,0.01461611408740282,0.4290429529217804,2
2026-09-24T12:27:19.995790,S012,S012_A5_Y_20260924_1227,elevated_20,A5,young,class_2,0.5615191459655762,0.5270674228668213,-1.4102323055267334,0.5870376825332642,0.43909960985183716,-1.3388265371322632,0.606785237789154,0.43947240710258484,-1.338959813117981,0.6253467798233032,0.4405389726161957,-1.3391144275665283,0.5202842354774475,0.43584176898002625,-1.356106162071228,0.49108022451400757,0.4352125823497772,-1.3553391695022583,0.4675191044807434,0.4365450143814087,-1.3557977676391602,0.6467013359069824,0.46923017501831055,-0.8330765962600708,0.42067837715148926,0.4717985689640045,-0.8854069709777832,0.5895310044288635,0.6142364144325256,-1.2141480445861816,0.5146869421005249,0.6147706508636475,-1.2296055555343628,0.8054124712944031,0.8771860599517822,-0.4627249240875244,0.24094633758068085,0.8834466934204102,-0.6240121126174927,0.9140462875366211,1.3547624349594116,-0.42303723096847534,0.16061383485794067,1.4300026893615723,-0.5285350680351257,0.8836771249771118,1.7315648794174194,-0.9985926747322083,0.19166454672813416,1.7844254970550537,-1.1140096187591553,0.9128316044807434,1.8774398565292358,-1.1706984043121338,0.17027251422405243,1.913459062576294,-1.292921781539917,0.8509101867675781,1.8694171905517578,-1.2547212839126587,0.2196470946073532,1.8932031393051147,-1.4128284454345703,0.8268972635269165,1.8076815605163574,-1.0638377666473389,0.23989196121692657,1.8355792760849,-1.181841254234314,0.7202717065811157,1.7949237823486328,-0.040733590722084045,0.3591846823692322,1.7993258237838745,0.046631909906864166,0.7001983523368835,2.543013334274292,0.04909846931695938,0.36214399337768555,2.551832437515259,0.15284320712089539,0.6977518796920776,3.2256126403808594,0.8838580846786499,0.38523009419441223,3.2130253314971924,0.7788277864456177,0.7047178745269775,3.3431689739227295,0.9246197938919067,0.3821391463279724,3.3246665000915527,0.8119267225265503,0.6461706161499023,3.439641237258911,0.16739583015441895,0.4477449953556061,3.423555850982666,-0.005603219382464886,0.42915003179865435,2
2026-09-24T12:27:20.110705,S012,S012_A5_Y_20260924_1227,elevated_20,A5,young,class_2,0.5647081136703491,0.524868905544281,-1.3983027935028076,0.5885478258132935,0.437751442193985,-1.3373414278030396,0.6078826189041138,0.4383563995361328,-1.3376843929290771,0.6261417269706726,0.43966445326805115,-1.3380491733551025,0.5229312777519226,0.434318870306015,-1.3400185108184814,0.49366503953933716,0.43376410007476807,-1.338967204093933,0.469743549823761,0.43539169430732727,-1.3392844200134277,0.6465571522712708,0.4691387414932251,-0.8216819763183594,0.42129379510879517,0.4716692864894867,-0.8571571111679077,0.5917332768440247,0.6124498844146729,-1.205652117729187,0.5180312395095825,0.612506628036499,-1.2063286304473877,0.8052997589111328,0.8770487904548645,-0.4518217444419861,0.24309003353118896,0.883368730545044,-0.6099351644515991,0.9126359820365906,1.3542592525482178,-0.3954373300075531,0.15941870212554932,1.4277417659759521,-0.5221418142318726,0.882523238658905,1.7316313982009888,-0.9859845042228699,0.19137302041053772,1.7766062021255493,-1.0337551832199097,0.9113011360168457,1.8764489889144897,-1.1502506732940674,0.17020440101623535,1.9033416509628296,-1.199021816253662,0.8503338694572449,1.8691521883010864,-1.2520232200622559,0.2193966805934906,1.8872802257537842,-1.3140473365783691,0.8265525698661804,1.807641863822937,-1.0575129985809326,0.2393607348203659,1.8296445608139038,-1.0971707105636597,0.7197006344795227,1.7946876287460327,-0.03996153548359871,0.3603026270866394,1.799163579940796,0.04575783386826515,0.699951708316803,2.5429139137268066,0.04603052884340286,0.3617202639579773,2.5515971183776855,0.13103033602237701,0.6973894834518433,3.225259304046631,0.8684248924255371,0.38421300053596497,3.2127647399902344,0.7262434363365173,0.7044792175292969,3.3426458835601807,0.908394992351532,0.38120195269584656,3.324408769607544,0.7579754590988159,0.6454082727432251,3.439500331878662,0.16381296515464783,0.4459245800971985,3.423450469970703,-0.038006000220775604,0.42829331793845166,2
2026-09-24T12:27:20.223257,S012,S012_A5_Y_20260924_1227,elevated_20,A5,young,class_2,0.5671103596687317,0.5237755179405212,-1.3936282396316528,0.589806318283081,0.43752002716064453,-1.3234362602233887,0.608914315700531,0.4382585287094116,-1.3236438035964966,0.6270467042922974,0.4395999312400818,-1.3238445520401,0.5245544910430908,0.4337143898010254,-1.337761402130127,0.4951588213443756,0.43312695622444153,-1.336974859237671,0.4710245728492737,0.43488937616348267,-1.3374171257019043,0.6464167833328247,0.4693143963813782,-0.8191547393798828,0.42145290970802307,0.4716712236404419,-0.8727739453315735,0.5939435362815857,0.6118596792221069,-1.2017818689346313,0.5205675363540649,0.6108325719833374,-1.2145254611968994,0.8051813244819641,0.8780118823051453,-0.45230478048324585,0.24450261890888214,0.8832493424415588,-0.6258934140205383,0.9121670722961426,1.3536455631256104,-0.4435616433620453,0.15907391905784607,1.4349098205566406,-0.5362498164176941,0.8854654431343079,1.7213462591171265,-1.087349534034729,0.19114339351654053,1.7775260210037231,-1.0798827409744263,0.9155147671699524,1.860338807106018,-1.2679250240325928,0.17000529170036316,1.9042537212371826,-1.2538278102874756,0.8556200861930847,1.8536155223846436,-1.3542377948760986,0.2192574292421341,1.8873012065887451,-1.3728127479553223,0.8310330510139465,1.7941429615020752,-1.156177282333374,0.23920957744121552,1.829748511314392,-1.1456871032714844,0.7198561429977417,1.7961446046829224,-0.0403142012655735,0.3616596460342407,1.8007786273956299,0.046146344393491745,0.6993144750595093,2.543213129043579,0.03576897084712982,0.36284661293029785,2.5522618293762207,0.12387529760599136,0.6968435645103455,3.225999355316162,0.8419376611709595,0.38493019342422485,3.213906764984131,0.7050102353096008,0.7040508389472961,3.343780755996704,0.878616213798523,0.38139718770980835,3.3260693550109863,0.7357579469680786,0.6446240544319153,3.439379930496216,0.13110415637493134,0.44638076424598694,3.4245686531066895,-0.06438048183917999,0.4280261820751107,2
2026-09-24T12:27:20.337261,S012,S012_A5_Y_20260924_1227,elevated_20,A5,young,class_2,0.5667803287506104,0.5223232507705688,-1.378646731376648,0.5891917943954468,0.43643850088119507,-1.3074979782104492,0.6083478927612305,0.437147319316864,-1.3076461553573608,0.6264241933822632,0.4385032653808594,-1.3078070878982544,0.5236874222755432,0.4328390657901764,-1.3235752582550049,0.4944511950016022,0.43241673707962036,-1.322821021080017,0.47041940689086914,0.4343574345111847,-1.3232654333114624,0.6459235548973083,0.46925824880599976,-0.8082639575004578,0.42141690850257874,0.47168540954589844,-0.8619500994682312,0.5942838788032532,0.6113120317459106,-1.1874871253967285,0.5200732350349426,0.610045850276947,-1.2017695903778076,0.8050864934921265,0.8783947825431824,-0.455310195684433,0.24497418105602264,0.8831517100334167,-0.6176780462265015,0.9118298292160034,1.350823998451233,-0.4429883062839508,0.16006825864315033,1.4391223192214966,-0.5308786034584045,0.8850134015083313,1.6954243183135986,-1.031198263168335,0.19954560697078705,1.7632007598876953,-1.138477087020874,0.9149473905563354,1.822548508644104,-1.2039201259613037,0.18310385942459106,1.8821815252304077,-1.3178470134735107,0.8549879193305969,1.8089479207992554,-1.2834599018096924,0.22892029583454132,1.851438283920288,-1.4275559186935425,0.8303987383842468,1.755069375038147,-1.0953093767166138,0.24732378125190735,1.7974356412887573,-1.2032088041305542,0.7196106910705566,1.795028805732727,-0.042876653373241425,0.3613464832305908,1.8005287647247314,0.048639461398124695,0.6989336609840393,2.5416224002838135,0.04268185794353485,0.3626749515533447,2.550889253616333,0.12678958475589752,0.6963474154472351,3.22456693649292,0.860343337059021,0.38488709926605225,3.2120659351348877,0.7269371747970581,0.7035626769065857,3.3413267135620117,0.8986002802848816,0.38150787353515625,3.3226864337921143,0.7615667581558228,0.6441138982772827,3.4374749660491943,0.15605074167251587,0.4458617568016052,3.4225728511810303,-0.041311196982860565,0.4272639977451752,2
2026-09-24T12:27:20.452819,S012,S012_A5_Y_20260924_1227,elevated_20,A5,young,class_2,0.5665291547775269,0.510403573513031,-1.4615929126739502,0.5885467529296875,0.4239948093891144,-1.3892186880111694,0.6077665686607361,0.42435944080352783,-1.389423131942749,0.6257030367851257,0.42565879225730896,-1.389577031135559,0.5228198766708374,0.42275846004486084,-1.4041478633880615,0.49386316537857056,0.42343151569366455,-1.4034509658813477,0.4699319005012512,0.4258209466934204,-1.4039933681488037,0.645370364189148,0.4622914493083954,-0.8780040740966797,0.4210105836391449,0.4679338335990906,-0.9216698408126831,0.5939508676528931,0.6012324094772339,-1.26441490650177,0.5180960893630981,0.5998511910438538,-1.2769696712493896,0.8055963516235352,0.8782684803009033,-0.505399763584137,0.24531753361225128,0.8822034001350403,-0.6448959708213806,0.9115371704101562,1.3474631309509277,-0.456866979598999,0.16286854445934296,1.4362945556640625,-0.5332810282707214,0.884682297706604,1.697349190711975,-1.0073760747909546,0.20415601134300232,1.7610307931900024,-1.1129533052444458,0.9143867492675781,1.8261158466339111,-1.1733533143997192,0.18846993148326874,1.8820894956588745,-1.2883152961730957,0.8546258807182312,1.8134207725524902,-1.2545000314712524,0.23362424969673157,1.8529858589172363,-1.3995996713638306,0.8301272392272949,1.7589751482009888,-1.070916771888733,0.2516780495643616,1.7983216047286987,-1.1778018474578857,0.719404399394989,1.792673945426941,-0.04645971581339836,0.36108481884002686,1.7969170808792114,0.05213930457830429,0.6985765099525452,2.540949583053589,0.04060755670070648,0.3624401390552521,2.548748254776001,0.13951295614242554,0.6959294080734253,3.2220618724823,0.873393714427948,0.3844892978668213,3.2090044021606445,0.7655948400497437,0.7030796408653259,3.3387961387634277,0.9131787419319153,0.38129928708076477,3.318925142288208,0.8030365705490112,0.6434513926506042,3.435075521469116,0.15753696858882904,0.4451548457145691,3.421436309814453,-0.010933623649179935,0.4263445692675746,2
2026-09-24T12:27:20.575899,S012,S012_A5_Y_20260924_1227,elevated_20,A5,young,class_2,0.5653867125511169,0.5068104267120361,-1.4844129085540771,0.5873974561691284,0.4191039204597473,-1.4110157489776611,0.6070441603660583,0.41941097378730774,-1.4112324714660645,0.6253148317337036,0.42069387435913086,-1.4113565683364868,0.521260142326355,0.4182383716106415,-1.4259912967681885,0.49297523498535156,0.41925758123397827,-1.425386667251587,0.46912017464637756,0.42187750339508057,-1.4259506464004517,0.6449264883995056,0.4594237208366394,-0.8960627317428589,0.42072954773902893,0.46595534682273865,-0.940991222858429,0.593682050704956,0.5985415577888489,-1.284807562828064,0.5160666108131409,0.5959725975990295,-1.2982232570648193,0.8070192337036133,0.87821364402771,-0.517649233341217,0.24527235329151154,0.8816065192222595,-0.6548187732696533,0.911749541759491,1.347031831741333,-0.4718252718448639,0.1633540689945221,1.4290798902511597,-0.5553667545318604,0.8839496374130249,1.7017194032669067,-1.0076236724853516,0.2036093920469284,1.7531089782714844,-1.1492246389389038,0.9135825037956238,1.8322657346725464,-1.1677262783050537,0.18758220970630646,1.8761967420578003,-1.3276718854904175,0.8539379835128784,1.8234326839447021,-1.2505912780761719,0.23283472657203674,1.849899172782898,-1.4377772808074951,0.8295353651046753,1.7661875486373901,-1.0707776546478271,0.25095754861831665,1.7944227457046509,-1.215270757675171,0.7193173170089722,1.7891408205032349,-0.04647282883524895,0.36091679334640503,1.7931705713272095,0.052169688045978546,0.6982484459877014,2.5388565063476562,0.040085889399051666,0.36242279410362244,2.5421042442321777,0.05813167616724968,0.6962108612060547,3.220034599304199,0.8718858957290649,0.3855871260166168,3.2061054706573486,0.6662455797195435,0.7035858631134033,3.3374059200286865,0.9128117561340332,0.38370975852012634,3.3167104721069336,0.7000523209571838,0.6432550549507141,3.4339232444763184,0.13589707016944885,0.44628483057022095,3.419318914413452,-0.12944579124450684,0.4250202616869336,2
2026-09-24T12:27:20.685437,S012,S012_A5_Y_20260924_1227,elevated_20,A5,young,class_2,0.5644545555114746,0.5070458650588989,-1.502103328704834,0.586834192276001,0.41892433166503906,-1.427695393562317,0.6066840887069702,0.4190950393676758,-1.427913784980774,0.6251094937324524,0.4202548861503601,-1.4280387163162231,0.5204771757125854,0.4180256724357605,-1.446511149406433,0.49221450090408325,0.4189331829547882,-1.4459469318389893,0.4685382843017578,0.4214608073234558,-1.4465396404266357,0.6445516347885132,0.4585776627063751,-0.9097415208816528,0.4206395149230957,0.4655541777610779,-0.9723480939865112,0.5931299924850464,0.5986100435256958,-1.301147222518921,0.5154445767402649,0.5960903167724609,-1.319678544998169,0.8068042993545532,0.8785380721092224,-0.5153194069862366,0.24457243084907532,0.8815352916717529,-0.6851428151130676,0.9112428426742554,1.3465205430984497,-0.45367202162742615,0.16299684345722198,1.42816960811615,-0.5530189275741577,0.8834953308105469,1.709584355354309,-0.9353349804878235,0.20307961106300354,1.7532426118850708,-1.1139562129974365,0.9130047559738159,1.8426486253738403,-1.0791736841201782,0.18727242946624756,1.876781702041626,-1.2790749073028564,0.853669285774231,1.8382668495178223,-1.1677734851837158,0.23227450251579285,1.8508890867233276,-1.3920600414276123,0.8291343450546265,1.7790061235427856,-0.9988528490066528,0.25040730834007263,1.795361876487732,-1.1776281595230103,0.7192494869232178,1.7885607481002808,-0.04445185884833336,0.3607955276966095,1.7928287982940674,0.05005437135696411,0.6980285048484802,2.538794994354248,0.038725823163986206,0.3623453974723816,2.5416479110717773,0.04958466812968254,0.6960927248001099,3.21970796585083,0.8667694926261902,0.3856067657470703,3.2060117721557617,0.6623681783676147,0.7035174369812012,3.3371596336364746,0.9066791534423828,0.38390210270881653,3.316657781600952,0.6971474289894104,0.6431154608726501,3.433854103088379,0.1359933465719223,0.4461289942264557,3.4192988872528076,-0.127523735165596,0.4242355856675369,2
2026-09-24T12:27:20.789211,S012,S012_A5_Y_20260924_1227,elevated_20,A5,young,class_2,0.563829779624939,0.507257878780365,-1.4831955432891846,0.5864771008491516,0.418491929769516,-1.4083689451217651,0.6059483289718628,0.41854968667030334,-1.4085928201675415,0.6241685152053833,0.4196030795574188,-1.40872323513031,0.5200964212417603,0.4175850749015808,-1.4278879165649414,0.4917333126068115,0.4183940291404724,-1.4273498058319092,0.46814489364624023,0.4208320677280426,-1.4279440641403198,0.6433531641960144,0.4579295814037323,-0.896920382976532,0.4205232262611389,0.46517500281333923,-0.9636006355285645,0.5927791595458984,0.598706066608429,-1.2849026918411255,0.5149760842323303,0.5962597131729126,-1.3044965267181396,0.8067506551742554,0.8790038228034973,-0.5096837282180786,0.24374325573444366,0.8816292881965637,-0.683271586894989,0.9109573364257812,1.3468211889266968,-0.44856157898902893,0.16126221418380737,1.4280399084091187,-0.5470971465110779,0.8846085667610168,1.7253040075302124,-0.9267385601997375,0.20251961052417755,1.755373477935791,-1.0569632053375244,0.9154132604598999,1.8616299629211426,-1.0700209140777588,0.1865631639957428,1.8805241584777832,-1.218385934829712,0.8563979864120483,1.8621933460235596,-1.159448266029358,0.23180106282234192,1.8574144840240479,-1.3280959129333496,0.830988883972168,1.800938367843628,-0.9905654788017273,0.24992616474628448,1.8007185459136963,-1.1187756061553955,0.7186351418495178,1.788514256477356,-0.04053422063589096,0.35987919569015503,1.7928072214126587,0.04608117789030075,0.6968344449996948,2.5386507511138916,0.018681205809116364,0.36223119497299194,2.5408599376678467,-0.037848539650440216,0.6959937810897827,3.21999454498291,0.8027985692024231,0.3855057954788208,3.206310272216797,0.5342244505882263,0.7033784985542297,3.3378846645355225,0.8373074531555176,0.3839653432369232,3.318084716796875,0.5642696619033813,0.6427122354507446,3.4352989196777344,0.07706887274980545,0.4458252489566803,3.4195234775543213,-0.25679296255111694,0.4232377125698611,2
2026-09-24T12:27:20.890744,S012,S012_A5_Y_20260924_1227,elevated_20,A5,young,class_2,0.560684323310852,0.5051347613334656,-1.4177045822143555,0.5827215313911438,0.4147050976753235,-1.3486897945404053,0.6021255850791931,0.41483354568481445,-1.3487709760665894,0.6207188963890076,0.4160565137863159,-1.3488560914993286,0.5159757733345032,0.4142799973487854,-1.3638808727264404,0.488430917263031,0.41518986225128174,-1.3631950616836548,0.46496233344078064,0.4176155924797058,-1.3637630939483643,0.6417149305343628,0.4558611512184143,-0.882147490978241,0.4198072850704193,0.46362125873565674,-0.9285731315612793,0.5911519527435303,0.597297728061676,-1.2363243103027344,0.5113567113876343,0.5945706963539124,-1.2500637769699097,0.8070001602172852,0.8794410228729248,-0.5036040544509888,0.24369437992572784,0.881503164768219,-0.6759722828865051,0.9125005602836609,1.3506362438201904,-0.4242115914821625,0.15983542799949646,1.4264456033706665,-0.512004554271698,0.8843634724617004,1.7439123392105103,-0.8507199287414551,0.19673669338226318,1.7661606073379517,-0.9574790000915527,0.9150779843330383,1.8827321529388428,-0.9868599772453308,0.17764903604984283,1.8965072631835938,-1.1087030172348022,0.8560709953308105,1.8826801776885986,-1.065654993057251,0.22439177334308624,1.8789997100830078,-1.2156277894973755,0.8307158350944519,1.8209521770477295,-0.9097591638565063,0.2443118542432785,1.8211663961410522,-1.018764853477478,0.7186947464942932,1.788458228111267,-0.03933670371770859,0.3595854640007019,1.792783498764038,0.044975824654102325,0.6966277956962585,2.539039373397827,0.013324555940926075,0.36204200983047485,2.541179656982422,0.00023098697420209646,0.6959555149078369,3.2212729454040527,0.7925800085067749,0.38522428274154663,3.20761775970459,0.5719001293182373,0.7036478519439697,3.339200496673584,0.827424168586731,0.38391274213790894,3.3198041915893555,0.6029817461967468,0.6424552202224731,3.437940835952759,0.08298507332801819,0.4449172914028168,3.4212734699249268,-0.20124128460884094,0.42233669034984894,2
2026-09-24T12:27:21.023779,S012,S012_A5_Y_20260924_1227,elevated_20,A5,young,class_2,0.5563642382621765,0.5037016272544861,-1.3808192014694214,0.5791558027267456,0.411316454410553,-1.316521167755127,0.5985797047615051,0.4117903411388397,-1.3165193796157837,0.6176677942276001,0.4134773015975952,-1.3166064023971558,0.5117217302322388,0.4111311137676239,-1.3283947706222534,0.4849420487880707,0.41214755177497864,-1.3276121616363525,0.4616548418998718,0.41463974118232727,-1.328122615814209,0.6403967142105103,0.4545653164386749,-0.8756250143051147,0.4190860688686371,0.4615005552768707,-0.8986309170722961,0.5881009101867676,0.5964686274528503,-1.2062938213348389,0.5063498616218567,0.5935607552528381,-1.2147164344787598,0.8080527186393738,0.8797883987426758,-0.5027366876602173,0.24364376068115234,0.8813526630401611,-0.6698147058486938,0.9139271974563599,1.355742335319519,-0.4268178939819336,0.15953686833381653,1.4258836507797241,-0.49820250272750854,0.8841667175292969,1.7516016960144043,-0.8689697980880737,0.19350624084472656,1.7763934135437012,-0.9434336423873901,0.9137980341911316,1.8917206525802612,-1.0131611824035645,0.17227405309677124,1.9103760719299316,-1.09493088722229,0.8530963063240051,1.8892097473144531,-1.0897489786148071,0.22022660076618195,1.8963358402252197,-1.205656886100769,0.8290031552314758,1.8273112773895264,-0.9279072880744934,0.24124333262443542,1.8375613689422607,-1.0067851543426514,0.7187793254852295,1.7884095907211304,-0.03968657925724983,0.35927411913871765,1.792648434638977,0.045358628034591675,0.6964735388755798,2.539598226547241,0.04628251865506172,0.3598923683166504,2.542222499847412,0.09726119786500931,0.6958484053611755,3.222774028778076,0.8850448727607727,0.3813440203666687,3.2090418338775635,0.7279297113418579,0.7035630941390991,3.34066104888916,0.928195595741272,0.3806000053882599,3.3215203285217285,0.7676538825035095,0.6419099569320679,3.4415123462677,0.2108144313097,0.4383174479007721,3.4236979484558105,-0.015329256653785706,0.4215671947489351,2
2026-09-24T12:27:21.129098,S012,S012_A5_Y_20260924_1227,elevated_20,A5,young,class_2,0.5495818853378296,0.5037005543708801,-1.2645213603973389,0.5745294690132141,0.41029107570648193,-1.2071715593338013,0.5941914319992065,0.41104719042778015,-1.2071202993392944,0.6143293380737305,0.41302749514579773,-1.2071869373321533,0.5051268339157104,0.41043806076049805,-1.2166584730148315,0.47911256551742554,0.4117121994495392,-1.2158464193344116,0.45621880888938904,0.4146609604358673,-1.2163232564926147,0.6397268772125244,0.4545504152774811,-0.7872878909111023,0.4184033274650574,0.4615079164505005,-0.8025652170181274,0.5841687917709351,0.5965157151222229,-1.0987799167633057,0.4996080994606018,0.5938862562179565,-1.1040016412734985,0.8081299066543579,0.8786678910255432,-0.46648693084716797,0.24403023719787598,0.8801220655441284,-0.607846736907959,0.9137894511222839,1.3559783697128296,-0.3790134787559509,0.15938088297843933,1.4176775217056274,-0.4416045546531677,0.8802260160446167,1.7522377967834473,-0.7641829252243042,0.19157053530216217,1.7781034708023071,-0.8495108485221863,0.9064019918441772,1.8919917345046997,-0.8946135640144348,0.16795751452445984,1.9131884574890137,-0.9894670248031616,0.8467048406600952,1.8880411386489868,-0.9635502696037292,0.21690556406974792,1.900394320487976,-1.0950384140014648,0.8243611454963684,1.8268247842788696,-0.8177512288093567,0.23936858773231506,1.8416966199874878,-0.9099184274673462,0.7178195714950562,1.7821177244186401,-0.039546478539705276,0.3578125238418579,1.7872546911239624,0.04519132897257805,0.6964320540428162,2.534980058670044,0.04398982599377632,0.35986050963401794,2.5394651889801025,0.09103453159332275,0.6957204341888428,3.2202677726745605,0.8490952253341675,0.38132214546203613,3.2076568603515625,0.6682825088500977,0.7034749984741211,3.3361730575561523,0.8890820741653442,0.3807029724121094,3.319523572921753,0.7035917043685913,0.6419931650161743,3.440997838973999,0.1899929940700531,0.4374562203884125,3.421722888946533,-0.03469102084636688,0.4212751655294128,2
2026-09-24T12:27:21.272501,S012,S012_A5_Y_20260924_1227,elevated_20,A5,young,class_2,0.5461663007736206,0.5023520588874817,-1.3450098037719727,0.5719245076179504,0.40845146775245667,-1.2836244106292725,0.5913845896720886,0.40949147939682007,-1.283713698387146,0.6119385957717896,0.41187354922294617,-1.2838280200958252,0.5023607015609741,0.4090195894241333,-1.2984328269958496,0.47653546929359436,0.41059547662734985,-1.2977492809295654,0.45393848419189453,0.4139867126941681,-1.2983170747756958,0.6384813189506531,0.45432421565055847,-0.8271814584732056,0.41808080673217773,0.46104440093040466,-0.8701105117797852,0.5816327929496765,0.5957837700843811,-1.1646925210952759,0.4959879517555237,0.593395471572876,-1.178236961364746,0.8073417544364929,0.8778015971183777,-0.47580820322036743,0.24400992691516876,0.8797674179077148,-0.6327480673789978,0.9082425236701965,1.3534355163574219,-0.3812699019908905,0.1576913297176361,1.4097726345062256,-0.45404428243637085,0.8753523826599121,1.7510977983474731,-0.8066134452819824,0.18675094842910767,1.7794142961502075,-0.9040558934211731,0.9002636671066284,1.8911718130111694,-0.9420751333236694,0.16294558346271515,1.91566002368927,-1.0533983707427979,0.8431342840194702,1.8866194486618042,-1.0206021070480347,0.21171405911445618,1.9051566123962402,-1.160850167274475,0.8215373158454895,1.8253436088562012,-0.8644005656242371,0.23425371944904327,1.8458036184310913,-0.9653785824775696,0.7166894674301147,1.7801513671875,-0.03923564404249191,0.3566395044326782,1.7858928442001343,0.0448157899081707,0.6962653398513794,2.533574104309082,0.014681922271847725,0.35980796813964844,2.5386767387390137,0.06347570568323135,0.6965696215629578,3.2193782329559326,0.7929320335388184,0.3826720416545868,3.207641363143921,0.6160109639167786,0.7043269276618958,3.335231065750122,0.83001708984375,0.38321593403816223,3.319514513015747,0.6470862030982971,0.6439647674560547,3.4402172565460205,0.11483309417963028,0.43848544359207153,3.4208056926727295,-0.11900345981121063,0.42098757703694323,2
2026-09-24T12:27:21.420012,S012,S012_A5_Y_20260924_1227,elevated_20,A5,young,class_2,0.5439088940620422,0.502423107624054,-1.1985876560211182,0.5698843002319336,0.40845218300819397,-1.1312978267669678,0.588908314704895,0.4095463752746582,-1.1313294172286987,0.6096251606941223,0.4119599163532257,-1.1314243078231812,0.5012191534042358,0.409007728099823,-1.1507105827331543,0.4757486879825592,0.4106348752975464,-1.149778962135315,0.4534624218940735,0.4140818417072296,-1.1502186059951782,0.636690080165863,0.4543299376964569,-0.6716021299362183,0.41792577505111694,0.4610627293586731,-0.7380258440971375,0.5794587731361389,0.5957679152488708,-1.0208909511566162,0.4944164752960205,0.5934674739837646,-1.0402100086212158,0.8037073016166687,0.8758669495582581,-0.3478759527206421,0.24399065971374512,0.8791821599006653,-0.5523502826690674,0.8977856636047363,1.3519779443740845,-0.2465500384569168,0.15535888075828552,1.3845117092132568,-0.40220755338668823,0.8714771270751953,1.750063180923462,-0.6448192000389099,0.18396368622779846,1.7756644487380981,-0.8249596357345581,0.8976030349731445,1.8897664546966553,-0.7692364454269409,0.15760347247123718,1.914372205734253,-0.9685747027397156,0.8415762782096863,1.8851450681686401,-0.8487470746040344,0.20928971469402313,1.9038302898406982,-1.0687711238861084,0.82005375623703,1.8242905139923096,-0.703414797782898,0.23216083645820618,1.8446027040481567,-0.883499264717102,0.7135277986526489,1.7746959924697876,-0.037049368023872375,0.35299670696258545,1.7810626029968262,0.042695969343185425,0.6936030387878418,2.526089668273926,-0.003655102103948593,0.3583560585975647,2.5338830947875977,0.055621881037950516,0.6956895589828491,3.2130722999572754,0.7435649633407593,0.38147789239883423,3.2025866508483887,0.5803954005241394,0.7029943466186523,3.328537940979004,0.77745521068573,0.38202470541000366,3.3145949840545654,0.6091182231903076,0.6438566446304321,3.4305360317230225,0.0745832696557045,0.4370521008968353,3.408874988555908,-0.15506601333618164,0.4208713857804634,2
2026-09-24T12:27:21.595257,S012,S012_A5_Y_20260924_1227,elevated_20,A5,young,class_2,0.5438747406005859,0.5027121305465698,-1.2413307428359985,0.5693556666374207,0.4086790680885315,-1.170680284500122,0.5881713032722473,0.4100724756717682,-1.1708277463912964,0.6087210178375244,0.4128403663635254,-1.1709935665130615,0.5011906027793884,0.4090941548347473,-1.189988613128662,0.4756833612918854,0.41070011258125305,-1.1891670227050781,0.45340532064437866,0.41415107250213623,-1.189645528793335,0.6351919770240784,0.4554157257080078,-0.6906940937042236,0.4178646504878998,0.4610922932624817,-0.7583569288253784,0.5786722302436829,0.5960749387741089,-1.0560990571975708,0.49427229166030884,0.5941463112831116,-1.0754740238189697,0.8009678721427917,0.8754863142967224,-0.34873807430267334,0.24398550391197205,0.8782780766487122,-0.5507816076278687,0.8888827562332153,1.3488428592681885,-0.26087188720703125,0.15555664896965027,1.3754791021347046,-0.4135580062866211,0.8661625981330872,1.7478129863739014,-0.7153654098510742,0.18186303973197937,1.7667567729949951,-0.8736573457717896,0.8922478556632996,1.8888981342315674,-0.8517099618911743,0.1537085473537445,1.905601978302002,-1.0256121158599854,0.8369003534317017,1.8844186067581177,-0.9386633634567261,0.2063780128955841,1.9028047323226929,-1.1302599906921387,0.8158634901046753,1.8241275548934937,-0.7780517935752869,0.22915390133857727,1.842339277267456,-0.9345773458480835,0.7087346315383911,1.7720768451690674,-0.03592891991138458,0.3523577153682709,1.7770429849624634,0.04160768911242485,0.6882134675979614,2.51957368850708,-0.02692846953868866,0.35799136757850647,2.5264508724212646,0.0332917794585228,0.6922227144241333,3.205822706222534,0.6930297613143921,0.3810657262802124,3.1973679065704346,0.522631049156189,0.6994354128837585,3.321974515914917,0.7249573469161987,0.3815785050392151,3.3107657432556152,0.5455941557884216,0.6408601999282837,3.420574903488159,0.013487456366419792,0.43586573004722595,3.4005417823791504,-0.2218569964170456,0.42082717421004473,2
2026-09-24T12:27:21.763233,S012,S012_A5_Y_20260924_1227,elevated_20,A5,young,class_2,0.5439063310623169,0.5035129189491272,-1.268053412437439,0.5693517923355103,0.4097445607185364,-1.1996616125106812,0.5881708860397339,0.4115404784679413,-1.1997872591018677,0.6086747646331787,0.4145781397819519,-1.1999322175979614,0.5013687014579773,0.4091719090938568,-1.2163870334625244,0.4758274555206299,0.4107588231563568,-1.2156277894973755,0.4535042345523834,0.41416215896606445,-1.2161318063735962,0.6349142789840698,0.4561200737953186,-0.719515860080719,0.4177166521549225,0.460934042930603,-0.7798421382904053,0.5782380700111389,0.596609890460968,-1.0841343402862549,0.4943247437477112,0.5948096513748169,-1.0998104810714722,0.8002108335494995,0.8755253553390503,-0.3747718334197998,0.2437818944454193,0.878259539604187,-0.5591208338737488,0.886944591999054,1.3487892150878906,-0.29067471623420715,0.15753918886184692,1.377869963645935,-0.4259563386440277,0.8646734952926636,1.7475075721740723,-0.7506970763206482,0.18182115256786346,1.7666817903518677,-0.8920653462409973,0.8909987211227417,1.8879963159561157,-0.8899502754211426,0.15329989790916443,1.9055006504058838,-1.0426359176635742,0.835521399974823,1.883506178855896,-0.9725971221923828,0.2059280425310135,1.902443766593933,-1.1470097303390503,0.8146942257881165,1.823244571685791,-0.8119052648544312,0.22871604561805725,1.8419170379638672,-0.9529978036880493,0.7088953852653503,1.772173285484314,-0.035993169993162155,0.352725088596344,1.77715003490448,0.04167460650205612,0.6887339353561401,2.5195631980895996,-0.004801344592124224,0.3586037755012512,2.5265653133392334,0.07308768481016159,0.6938494443893433,3.2044179439544678,0.7586501240730286,0.38280969858169556,3.196180820465088,0.6077670454978943,0.7013416290283203,3.320439577102661,0.7962828874588013,0.3835567235946655,3.309113025665283,0.6359487771987915,0.6429965496063232,3.418915271759033,0.08599898219108582,0.43762898445129395,3.399815320968628,-0.12986861169338226,0.4208644103966545,2
2026-09-24T12:27:21.898350,S012,S012_A5_Y_20260924_1227,elevated_20,A5,young,class_2,0.537373423576355,0.5043441653251648,-1.2828737497329712,0.5648781061172485,0.4104537069797516,-1.2117352485656738,0.5835496783256531,0.4120412766933441,-1.2118383646011353,0.6044365167617798,0.4148435890674591,-1.2119708061218262,0.4950183033943176,0.41017666459083557,-1.2310292720794678,0.47104644775390625,0.41160842776298523,-1.23026442527771,0.44951897859573364,0.4151798486709595,-1.2307641506195068,0.6339788436889648,0.4562720060348511,-0.7450758218765259,0.41741281747817993,0.4609430730342865,-0.79118812084198,0.5754035115242004,0.5967921614646912,-1.0967769622802734,0.4910814166069031,0.5949822068214417,-1.1135036945343018,0.8008119463920593,0.8725544810295105,-0.4227634072303772,0.2466506063938141,0.8766940832138062,-0.5645774602890015,0.8867858052253723,1.34451425075531,-0.3583666682243347,0.16068904101848602,1.3749016523361206,-0.4285942614078522,0.8613194227218628,1.7325801849365234,-0.780735433101654,0.18784140050411224,1.7569862604141235,-0.8915644884109497,0.8877929449081421,1.8707643747329712,-0.9200178980827332,0.16070306301116943,1.8938840627670288,-1.0434982776641846,0.8319849967956543,1.8662601709365845,-0.9952508807182312,0.21336296200752258,1.889702558517456,-1.1486945152282715,0.8112776875495911,1.806329607963562,-0.837157130241394,0.2357720136642456,1.8304330110549927,-0.9526323080062866,0.7096756100654602,1.7625888586044312,-0.040508370846509933,0.3554307818412781,1.7666294574737549,0.04605918750166893,0.689825177192688,2.507981538772583,0.005314354784786701,0.3599095344543457,2.512219190597534,0.10063247382640839,0.6944700479507446,3.1894607543945312,0.7687087059020996,0.3849237561225891,3.177381992340088,0.6534854173660278,0.7024018168449402,3.3041679859161377,0.8073087930679321,0.3861585259437561,3.2882564067840576,0.685799241065979,0.6429394483566284,3.4046804904937744,0.10685096681118011,0.4387747645378113,3.3830010890960693,-0.07431865483522415,0.42046609392047796,2
2026-09-24T12:27:22.009226,S012,S012_A5_Y_20260924_1227,elevated_20,A5,young,class_2,0.5268047451972961,0.5076272487640381,-1.1379482746124268,0.5575789213180542,0.4121178686618805,-1.088995337486267,0.5769262313842773,0.41297072172164917,-1.0889440774917603,0.597227931022644,0.41522687673568726,-1.0890021324157715,0.485943078994751,0.4137319028377533,-1.0923197269439697,0.46347132325172424,0.4155865013599396,-1.0914047956466675,0.4426606297492981,0.4195011556148529,-1.0917760133743286,0.6313225626945496,0.456283301115036,-0.6888138651847839,0.41694560647010803,0.46221306920051575,-0.6792358756065369,0.5703089833259583,0.5976784229278564,-0.9797328114509583,0.48558345437049866,0.5990826487541199,-0.9767060279846191,0.8016990423202515,0.8705664277076721,-0.4070158004760742,0.24847126007080078,0.8726913332939148,-0.49208149313926697,0.8871773481369019,1.3446369171142578,-0.3503735065460205,0.15865488350391388,1.364212155342102,-0.3388791084289551,0.8603032231330872,1.7331633567810059,-0.6851037740707397,0.18322888016700745,1.7560070753097534,-0.7214176654815674,0.8867026567459106,1.870627522468567,-0.8074430227279663,0.15414664149284363,1.8923555612564087,-0.8488059043884277,0.8302780985832214,1.8656220436096191,-0.869916558265686,0.20758076012134552,1.8877345323562622,-0.9456683397293091,0.8094704747200012,1.806344747543335,-0.7347103953361511,0.23203423619270325,1.8297566175460815,-0.7784039974212646,0.7085621953010559,1.7597144842147827,-0.043035343289375305,0.3548138439655304,1.7619067430496216,0.04856637865304947,0.6861057877540588,2.5079214572906494,-0.004095664247870445,0.3567703068256378,2.509449005126953,0.08045589923858643,0.6863318681716919,3.1900033950805664,0.7270615100860596,0.3791901767253876,3.175251007080078,0.5884015560150146,0.6936090588569641,3.303523540496826,0.762101411819458,0.38138359785079956,3.283912181854248,0.6196144819259644,0.6345437169075012,3.4057343006134033,0.09118098020553589,0.4263685345649719,3.3822662830352783,-0.11287365108728409,0.42039021968158713,2
2026-09-24T12:27:22.108753,S012,S012_A5_Y_20260924_1227,elevated_20,A5,young,class_2,0.5180137753486633,0.5076529383659363,-1.1699737310409546,0.5517498254776001,0.41204962134361267,-1.1173222064971924,0.5722969770431519,0.41268065571784973,-1.1174020767211914,0.5924025177955627,0.4146634638309479,-1.1175261735916138,0.47863608598709106,0.41405269503593445,-1.1191260814666748,0.4565585255622864,0.4162824749946594,-1.1182504892349243,0.436333566904068,0.42041733860969543,-1.118682622909546,0.6294153332710266,0.4554768204689026,-0.69605553150177,0.41619786620140076,0.4622548818588257,-0.6771873235702515,0.5651297569274902,0.5972481966018677,-1.0034292936325073,0.4803697168827057,0.599210798740387,-0.9984171986579895,0.801715075969696,0.8644409775733948,-0.3994866609573364,0.2512824237346649,0.8660459518432617,-0.4713904857635498,0.8872554898262024,1.340847134590149,-0.34680241346359253,0.164593905210495,1.3600561618804932,-0.32647204399108887,0.859776496887207,1.7274887561798096,-0.7193273305892944,0.18703457713127136,1.747559666633606,-0.7551444172859192,0.8863685727119446,1.8632526397705078,-0.8507647514343262,0.15792234241962433,1.8824771642684937,-0.8996507525444031,0.8299764394760132,1.8593984842300415,-0.9231611490249634,0.21033111214637756,1.8790385723114014,-1.0037105083465576,0.8091336488723755,1.8003616333007812,-0.7740975022315979,0.23462088406085968,1.8218227624893188,-0.8162275552749634,0.708579421043396,1.7525898218154907,-0.04499853402376175,0.356755793094635,1.7551418542861938,0.05052793025970459,0.6871377229690552,2.4973840713500977,-0.0036367904394865036,0.3607793152332306,2.4994468688964844,0.08015137165784836,0.6878318190574646,3.17738676071167,0.7292042374610901,0.38201630115509033,3.1651856899261475,0.587192177772522,0.6958814859390259,3.2901217937469482,0.7637022137641907,0.3842083513736725,3.274219274520874,0.6169033646583557,0.6345802545547485,3.393995761871338,0.07791605591773987,0.42731738090515137,3.371762990951538,-0.12472306191921234,0.419917636580177,2
2026-09-24T12:27:22.225139,S012,S012_A5_Y_20260924_1227,elevated_20,A5,young,class_2,0.5129299759864807,0.5079910755157471,-1.1667884588241577,0.5478368997573853,0.41208216547966003,-1.1170233488082886,0.5689979791641235,0.41273507475852966,-1.1171177625656128,0.5886234641075134,0.41469672322273254,-1.1172605752944946,0.474468469619751,0.4147988259792328,-1.1168757677078247,0.452444851398468,0.4173746705055237,-1.1160080432891846,0.43253955245018005,0.4215485453605652,-1.1164627075195312,0.6277707815170288,0.45541828870773315,-0.6996792554855347,0.41570329666137695,0.4622841775417328,-0.6748529672622681,0.5609948039054871,0.5967687964439392,-1.001642107963562,0.4764704704284668,0.5995930433273315,-0.9941211938858032,0.8019061088562012,0.8611428141593933,-0.3976490795612335,0.2536860406398773,0.8611597418785095,-0.4687723219394684,0.8874632716178894,1.335659146308899,-0.3446044921875,0.1658989042043686,1.3557568788528442,-0.3242873251438141,0.8596545457839966,1.7222925424575806,-0.7107099294662476,0.18660381436347961,1.7464396953582764,-0.7515791654586792,0.8858083486557007,1.8576124906539917,-0.838864803314209,0.156782329082489,1.8814254999160767,-0.8947583436965942,0.8294345140457153,1.853448748588562,-0.9114114046096802,0.20925696194171906,1.8783321380615234,-0.9987683296203613,0.8087810277938843,1.7952889204025269,-0.7647301554679871,0.2340719997882843,1.8214011192321777,-0.8124895095825195,0.7084566354751587,1.7501579523086548,-0.04644286260008812,0.3572520613670349,1.7518813610076904,0.05191078782081604,0.6869820356369019,2.494528293609619,-0.002998183248564601,0.36077001690864563,2.494068145751953,0.07955536991357803,0.6873329281806946,3.1731507778167725,0.7272027730941772,0.3820115327835083,3.1582112312316895,0.582594633102417,0.6954285502433777,3.284986734390259,0.7614163756370544,0.3842180073261261,3.266035318374634,0.6121340990066528,0.63325035572052,3.389934539794922,0.07698028534650803,0.42733174562454224,3.365719795227051,-0.1276448667049408,0.4197351630566228,2
2026-09-24T12:27:22.328431,S012,S012_A5_Y_20260924_1227,elevated_20,A5,young,class_2,0.5094075798988342,0.508223295211792,-1.1357619762420654,0.5449060201644897,0.41245514154434204,-1.0849387645721436,0.5663278698921204,0.41300779581069946,-1.0850483179092407,0.5850751996040344,0.41497519612312317,-1.0851774215698242,0.4721468985080719,0.4157208800315857,-1.0846551656723022,0.4502952992916107,0.418426513671875,-1.0837857723236084,0.4304924011230469,0.42247915267944336,-1.084262728691101,0.6253700852394104,0.45554038882255554,-0.6677075624465942,0.41549214720726013,0.4623039662837982,-0.6423203945159912,0.5571783781051636,0.596203625202179,-0.9709193110466003,0.4728521704673767,0.5996553897857666,-0.9637416005134583,0.8017546534538269,0.8587861657142639,-0.36077362298965454,0.25631454586982727,0.8569799065589905,-0.44007283449172974,0.8868557214736938,1.3272781372070312,-0.28848057985305786,0.16759517788887024,1.3318485021591187,-0.2935723662376404,0.8591920733451843,1.7130770683288574,-0.647041916847229,0.18658581376075745,1.7243053913116455,-0.7226090431213379,0.8850038647651672,1.8483601808547974,-0.7677796483039856,0.15656748414039612,1.86085045337677,-0.8661888837814331,0.8292304277420044,1.8450350761413574,-0.8471226692199707,0.20918285846710205,1.8614166975021362,-0.968517005443573,0.8087331056594849,1.786868691444397,-0.7029733061790466,0.2339567244052887,1.8041713237762451,-0.7829593420028687,0.7076666355133057,1.7401013374328613,-0.046423837542533875,0.3576500415802002,1.7391717433929443,0.051898546516895294,0.6857362985610962,2.4781744480133057,-0.010177850723266602,0.3606581389904022,2.4740524291992188,0.059035129845142365,0.6864194273948669,3.155182361602783,0.6877381205558777,0.38196122646331787,3.13649320602417,0.5321041345596313,0.6945953369140625,3.2667601108551025,0.7186283469200134,0.3842124044895172,3.2438268661499023,0.5569770336151123,0.6319513320922852,3.3684375286102295,0.031167734414339066,0.42740464210510254,3.3399291038513184,-0.1857733279466629,0.419689967247271,2
2026-09-24T12:27:22.468414,S012,S012_A5_Y_20260924_1227,elevated_20,A5,young,class_2,0.5093848705291748,0.5085076689720154,-1.219515323638916,0.5443583726882935,0.41325098276138306,-1.1643760204315186,0.5655670762062073,0.41379058361053467,-1.1646062135696411,0.5840092897415161,0.4159049093723297,-1.1646978855133057,0.4723893105983734,0.4167165756225586,-1.1625956296920776,0.45044058561325073,0.4195728302001953,-1.1617581844329834,0.4304735064506531,0.4236469268798828,-1.1622989177703857,0.6241385340690613,0.45625877380371094,-0.7128365635871887,0.41545724868774414,0.46265608072280884,-0.6667452454566956,0.5558740496635437,0.5961297154426575,-1.0414386987686157,0.4722496569156647,0.5998237133026123,-1.0315110683441162,0.800997257232666,0.8580267429351807,-0.3652741312980652,0.2568081021308899,0.8572171330451965,-0.45746660232543945,0.8869086503982544,1.326551079750061,-0.30808889865875244,0.16751408576965332,1.3363381624221802,-0.31577640771865845,0.8592334985733032,1.7135015726089478,-0.7579578757286072,0.18542282283306122,1.72819185256958,-0.760127604007721,0.8850656747817993,1.8487197160720825,-0.8961765170097351,0.15369287133216858,1.870381236076355,-0.923387348651886,0.8291963338851929,1.846066951751709,-0.9885936975479126,0.20814283192157745,1.8776240348815918,-1.038697361946106,0.8087131381034851,1.7871521711349487,-0.8210073709487915,0.23295831680297852,1.8172630071640015,-0.827374279499054,0.7076820135116577,1.7405009269714355,-0.046340953558683395,0.3576590418815613,1.7405332326889038,0.05183866620063782,0.6859248280525208,2.480587959289551,-0.01494653057307005,0.3604871928691864,2.4777309894561768,0.05916294455528259,0.6876877546310425,3.1579649448394775,0.6929125785827637,0.38191527128219604,3.1407861709594727,0.5484562516212463,0.6966800093650818,3.270587682723999,0.7242227792739868,0.38417965173721313,3.2489967346191406,0.5745298266410828,0.6319988965988159,3.370582342147827,0.014888989739120007,0.4275469183921814,3.3449418544769287,-0.17866231501102448,0.42032256120734074,2
2026-09-24T12:27:22.576941,S012,S012_A5_Y_20260924_1227,elevated_20,A5,young,class_2,0.5088906288146973,0.5093465447425842,-1.2629244327545166,0.5434433221817017,0.41457778215408325,-1.2081140279769897,0.5646148324012756,0.4148021340370178,-1.2082610130310059,0.5825868844985962,0.4167724549770355,-1.2083704471588135,0.47185221314430237,0.4183956980705261,-1.2058629989624023,0.4499071538448334,0.42124873399734497,-1.204978346824646,0.4299491047859192,0.4251834452152252,-1.205452799797058,0.6222784519195557,0.45638492703437805,-0.754905641078949,0.4152235984802246,0.4628366529941559,-0.7039278745651245,0.5546766519546509,0.5961514711380005,-1.0849817991256714,0.47172194719314575,0.6001869440078735,-1.0740478038787842,0.7993949055671692,0.8580161929130554,-0.41236501932144165,0.256527841091156,0.8564048409461975,-0.46067070960998535,0.8875640630722046,1.3263651132583618,-0.3641330599784851,0.16326220333576202,1.3388197422027588,-0.3188880980014801,0.8598873019218445,1.7105295658111572,-0.8073180913925171,0.17370782792568207,1.7300243377685547,-0.8170259594917297,0.8860877752304077,1.8459724187850952,-0.9523009061813354,0.13960838317871094,1.8712981939315796,-0.9837392568588257,0.829390823841095,1.8428475856781006,-1.0376710891723633,0.196242555975914,1.8776546716690063,-1.1019147634506226,0.8088902235031128,1.7843363285064697,-0.8686864972114563,0.2218848019838333,1.8173316717147827,-0.8869835138320923,0.703734278678894,1.7415989637374878,-0.050901543349027634,0.3545977473258972,1.7413477897644043,0.05663232132792473,0.6795799136161804,2.4823241233825684,-0.03198296204209328,0.3524346351623535,2.4803106784820557,0.07644324004650116,0.6767388582229614,3.1601755619049072,0.6908985376358032,0.36989110708236694,3.1435093879699707,0.567644476890564,0.686288595199585,3.27311110496521,0.7228685021400452,0.37154966592788696,3.252027988433838,0.5921353697776794,0.6152216196060181,3.3729240894317627,0.0025597731582820415,0.4144924283027649,3.3483760356903076,-0.17562054097652435,0.4207944697610869,2
2026-09-24T12:27:22.704990,S012,S012_A5_Y_20260924_1227,elevated_20,A5,young,class_2,0.5082262754440308,0.5103225708007812,-1.3066494464874268,0.5425170660018921,0.4161955416202545,-1.248581051826477,0.5637450218200684,0.4160956144332886,-1.2488369941711426,0.5813677310943604,0.41790154576301575,-1.248932123184204,0.4712759852409363,0.4204714000225067,-1.2471387386322021,0.4493557810783386,0.423333078622818,-1.2464393377304077,0.42950114607810974,0.42708590626716614,-1.2469942569732666,0.6209757328033447,0.4567912220954895,-0.7853447198867798,0.41512665152549744,0.463532418012619,-0.7458428144454956,0.5538963079452515,0.5962758660316467,-1.1250672340393066,0.4712192118167877,0.600821852684021,-1.1163301467895508,0.7992278933525085,0.8584235906600952,-0.43362706899642944,0.2565496563911438,0.8564966917037964,-0.47154736518859863,0.8890765309333801,1.3233816623687744,-0.4121008813381195,0.16326391696929932,1.3394277095794678,-0.33135223388671875,0.8627835512161255,1.7051314115524292,-0.9012091755867004,0.1739760935306549,1.7341920137405396,-0.8645228147506714,0.8896902799606323,1.8402811288833618,-1.0521447658538818,0.14061914384365082,1.8761016130447388,-1.0346240997314453,0.8323305249214172,1.8370757102966309,-1.1441690921783447,0.1967574954032898,1.8799647092819214,-1.1498939990997314,0.8109953999519348,1.7790191173553467,-0.9654828906059265,0.22216320037841797,1.8199520111083984,-0.9334672093391418,0.7032066583633423,1.7450822591781616,-0.05109907314181328,0.35461995005607605,1.7426221370697021,0.05686472728848457,0.6763494610786438,2.4841866493225098,-0.12359829992055893,0.350458025932312,2.482069492340088,-0.04374561458826065,0.6720079779624939,3.1615183353424072,0.5101309418678284,0.3654424548149109,3.144946336746216,0.3608624339103699,0.6817112565040588,3.275632619857788,0.5316094160079956,0.36691516637802124,3.253150224685669,0.37360697984695435,0.6083318591117859,3.3741085529327393,-0.2049880027770996,0.4099806845188141,3.3498053550720215,-0.40180596709251404,0.4209200077424832,2
2026-09-24T12:27:22.825548,S012,S012_A5_Y_20260924_1227,elevated_20,A5,young,class_2,0.5075170993804932,0.5109851956367493,-1.324995756149292,0.5412039160728455,0.41685208678245544,-1.2676986455917358,0.5627001523971558,0.41643330454826355,-1.2679450511932373,0.5800289511680603,0.4180717468261719,-1.2680402994155884,0.4702371060848236,0.42195525765419006,-1.2664122581481934,0.44848713278770447,0.424951434135437,-1.265769362449646,0.42889341711997986,0.4286027252674103,-1.2663363218307495,0.6191996335983276,0.4567841589450836,-0.809868335723877,0.4149709641933441,0.4641491174697876,-0.776996910572052,0.5532368421554565,0.5962952971458435,-1.1452620029449463,0.4708849787712097,0.6011146306991577,-1.1372805833816528,0.7991734147071838,0.8589645624160767,-0.4559473395347595,0.25656476616859436,0.8566464781761169,-0.49180158972740173,0.8892876505851746,1.3236013650894165,-0.4227863848209381,0.1631470024585724,1.340209722518921,-0.35621869564056396,0.8627973794937134,1.7084767818450928,-0.8802875280380249,0.1738497018814087,1.7441790103912354,-0.8694930076599121,0.8897223472595215,1.8459450006484985,-1.0227326154708862,0.14116708934307098,1.8871486186981201,-1.0337022542953491,0.8321337699890137,1.8453328609466553,-1.1127188205718994,0.19693608582019806,1.8911795616149902,-1.1451820135116577,0.8107200860977173,1.7859477996826172,-0.942483127117157,0.2221851646900177,1.8310391902923584,-0.9359086751937866,0.7027065753936768,1.7485578060150146,-0.05106548219919205,0.3546268045902252,1.7442471981048584,0.05683445185422897,0.6745990514755249,2.487243413925171,-0.1452542096376419,0.34934812784194946,2.483227252960205,-0.07521786540746689,0.6710201501846313,3.1656956672668457,0.4779430031776428,0.36482009291648865,3.145188570022583,0.316167950630188,0.6808097958564758,3.281937837600708,0.4988763928413391,0.36656254529953003,3.2541344165802,0.32753583788871765,0.6074760556221008,3.3761491775512695,-0.2338375747203827,0.40962329506874084,3.3504817485809326,-0.44268569350242615,0.42072669825528,2
2026-09-24T12:27:22.948492,S012,S012_A5_Y_20260924_1227,elevated_20,A5,young,class_2,0.5070653557777405,0.5111258625984192,-1.3398215770721436,0.5405904054641724,0.41692954301834106,-1.2814924716949463,0.5621687173843384,0.4164707064628601,-1.2817575931549072,0.579318642616272,0.41810572147369385,-1.2818533182144165,0.46942681074142456,0.42222753167152405,-1.2807817459106445,0.44761309027671814,0.4252542555332184,-1.2801004648208618,0.4282141625881195,0.42888352274894714,-1.2806717157363892,0.6177704334259033,0.45660465955734253,-0.8191283345222473,0.4146425127983093,0.46422189474105835,-0.7904844880104065,0.5527856349945068,0.5962520837783813,-1.1586158275604248,0.47046804428100586,0.6011484265327454,-1.1512501239776611,0.7991575598716736,0.8605126142501831,-0.47041741013526917,0.25651639699935913,0.8570214509963989,-0.5079153776168823,0.8893712162971497,1.3261133432388306,-0.450845330953598,0.1615632027387619,1.3462594747543335,-0.37867802381515503,0.8613743782043457,1.71584153175354,-0.925764262676239,0.17120790481567383,1.7536232471466064,-0.8908632397651672,0.8880071640014648,1.8560959100723267,-1.073448657989502,0.13976983726024628,1.8975766897201538,-1.0544220209121704,0.8290174603462219,1.8553870916366577,-1.1591256856918335,0.19488787651062012,1.8990387916564941,-1.1670266389846802,0.8074720501899719,1.7950996160507202,-0.9868720173835754,0.21984711289405823,1.8391386270523071,-0.9573743939399719,0.7024399638175964,1.7565854787826538,-0.05437631532549858,0.35419076681137085,1.7509074211120605,0.06016376614570618,0.6742762327194214,2.4975075721740723,-0.1141895204782486,0.34759682416915894,2.4901413917541504,-0.056304335594177246,0.6706663370132446,3.174508810043335,0.5477501749992371,0.36374473571777344,3.151128053665161,0.3477385938167572,0.6804746389389038,3.2912983894348145,0.5737019777297974,0.36554425954818726,3.2596659660339355,0.35699647665023804,0.607524573802948,3.3850631713867188,-0.14030151069164276,0.40922409296035767,3.361370325088501,-0.4095717966556549,0.4205488434927798,2
2026-09-24T12:27:23.102748,S012,S012_A5_Y_20260924_1227,elevated_20,A5,young,class_2,0.5072494745254517,0.5111645460128784,-1.3569236993789673,0.5405064821243286,0.4169243276119232,-1.2945728302001953,0.5619348287582397,0.4164048731327057,-1.2948715686798096,0.578921377658844,0.4179339110851288,-1.2949554920196533,0.4693904519081116,0.4222356975078583,-1.2962238788604736,0.4475332796573639,0.4252554178237915,-1.2955846786499023,0.42809921503067017,0.4288889765739441,-1.2961562871932983,0.6165060997009277,0.4562298655509949,-0.817707359790802,0.41456499695777893,0.4642365276813507,-0.7999306321144104,0.5526672601699829,0.5959269404411316,-1.1705150604248047,0.4705579876899719,0.601133406162262,-1.1664246320724487,0.7988938689231873,0.861877977848053,-0.46915116906166077,0.2564793825149536,0.8572941422462463,-0.5213108062744141,0.8893994092941284,1.3263846635818481,-0.46730104088783264,0.16184429824352264,1.3573791980743408,-0.4284762442111969,0.8613120913505554,1.7172514200210571,-0.9919643402099609,0.1713828146457672,1.7612272500991821,-0.9912189245223999,0.887914776802063,1.8583871126174927,-1.1509459018707275,0.14019884169101715,1.9044346809387207,-1.1662962436676025,0.8287146687507629,1.8573689460754395,-1.241326093673706,0.19510580599308014,1.9035611152648926,-1.2837269306182861,0.8070204854011536,1.797290563583374,-1.0565727949142456,0.2199842631816864,1.8439881801605225,-1.0611261129379272,0.7025984525680542,1.762174129486084,-0.05604851245880127,0.3547092378139496,1.7593661546707153,0.061875831335783005,0.6758676767349243,2.504009246826172,-0.10121642053127289,0.34786146879196167,2.49984073638916,0.0020692781545221806,0.6746429204940796,3.1815104484558105,0.5778821110725403,0.3673955798149109,3.1595749855041504,0.4431893229484558,0.6849133968353271,3.2987897396087646,0.6054935455322266,0.36981719732284546,3.2676913738250732,0.4558958113193512,0.6132004261016846,3.3908092975616455,-0.10807020962238312,0.4146536886692047,3.3723204135894775,-0.3417246341705322,0.4204117401678752,2
2026-09-24T12:27:23.280282,S012,S012_A5_Y_20260924_1227,elevated_20,A5,young,class_2,0.5070828795433044,0.511152982711792,-1.2794822454452515,0.540410041809082,0.4168301522731781,-1.220517873764038,0.5618058443069458,0.41635626554489136,-1.2206895351409912,0.5787514448165894,0.41790929436683655,-1.2208149433135986,0.469310998916626,0.4218158423900604,-1.2226135730743408,0.4474946856498718,0.42459410429000854,-1.2219288349151611,0.42796796560287476,0.4281362295150757,-1.2224342823028564,0.6164104342460632,0.4561561644077301,-0.7713191509246826,0.4144720435142517,0.4635621905326843,-0.7590385675430298,0.5521191954612732,0.5955057144165039,-1.1040562391281128,0.47000378370285034,0.6007748246192932,-1.1012368202209473,0.7988940477371216,0.8620058298110962,-0.4400230944156647,0.2557002007961273,0.8555495738983154,-0.5072355270385742,0.8892653584480286,1.3266648054122925,-0.39291876554489136,0.16659316420555115,1.3496017456054688,-0.35866814851760864,0.8615180850028992,1.7153888940811157,-0.8322490453720093,0.17762741446495056,1.7407267093658447,-0.831263542175293,0.8884602785110474,1.8542802333831787,-0.9678465127944946,0.14677764475345612,1.877981424331665,-0.987647533416748,0.8289101719856262,1.8535338640213013,-1.0613927841186523,0.20027688145637512,1.8815059661865234,-1.096879482269287,0.8072986602783203,1.7924481630325317,-0.8952546119689941,0.22429916262626648,1.8218224048614502,-0.8960587382316589,0.6981979608535767,1.753926396369934,-0.04987481236457825,0.35307979583740234,1.749539852142334,0.055737175047397614,0.6739500761032104,2.4897425174713135,-0.10757856070995331,0.3479161858558655,2.481926441192627,-0.06832307577133179,0.6723753213882446,3.1699419021606445,0.5255265235900879,0.36728742718696594,3.149033784866333,0.3263598382472992,0.6821984648704529,3.2867302894592285,0.5495773553848267,0.36953088641166687,3.2606000900268555,0.33771613240242004,0.6101521849632263,3.381561279296875,-0.15781214833259583,0.41350871324539185,3.3543479442596436,-0.4262703061103821,0.41974071190606715,2
2026-09-24T12:27:23.446636,S012,S012_A5_Y_20260924_1227,elevated_20,A5,young,class_2,0.5062639713287354,0.5120742917060852,-1.2934589385986328,0.5401355028152466,0.41844287514686584,-1.2395646572113037,0.5616635084152222,0.41814202070236206,-1.2397207021713257,0.5786999464035034,0.4199526011943817,-1.239876627922058,0.46922945976257324,0.42227697372436523,-1.240060567855835,0.4474469721317291,0.42477288842201233,-1.2394049167633057,0.42791420221328735,0.4281715452671051,-1.2399101257324219,0.6164214611053467,0.45747581124305725,-0.7964580059051514,0.41437703371047974,0.46349817514419556,-0.7781225442886353,0.5512343645095825,0.5960042476654053,-1.1180498600006104,0.4691165089607239,0.6008864641189575,-1.1134158372879028,0.7987048625946045,0.862515389919281,-0.457115113735199,0.25524014234542847,0.8545700311660767,-0.515600323677063,0.8857898712158203,1.3276588916778564,-0.39489006996154785,0.1675298511981964,1.3470966815948486,-0.35031628608703613,0.8582723736763,1.715429425239563,-0.8273491859436035,0.1780444085597992,1.7402431964874268,-0.7922348380088806,0.8844606280326843,1.8539494276046753,-0.9580356478691101,0.14729991555213928,1.8772169351577759,-0.9401959180831909,0.8260078430175781,1.8531583547592163,-1.050567865371704,0.2003023326396942,1.8812108039855957,-1.0480930805206299,0.8049675822257996,1.7917910814285278,-0.889191746711731,0.22431762516498566,1.8215464353561401,-0.8549818992614746,0.6905185580253601,1.748531460762024,-0.04937665909528732,0.34838518500328064,1.7418502569198608,0.05515441298484802,0.6655266880989075,2.482372283935547,-0.11566637456417084,0.3452751338481903,2.469745397567749,-0.07288289070129395,0.6590797305107117,3.1615729331970215,0.5156752467155457,0.3622182607650757,3.1383512020111084,0.3320463299751282,0.6677886247634888,3.2767629623413086,0.540428876876831,0.36421945691108704,3.2502505779266357,0.3459964692592621,0.5949028730392456,3.3750498294830322,-0.1679760366678238,0.40560516715049744,3.3421900272369385,-0.41581040620803833,0.4192858339166846,2
2026-09-24T12:27:23.588698,S012,S012_A5_Y_20260924_1227,elevated_20,A5,young,class_2,0.5058870911598206,0.5141573548316956,-1.397533893585205,0.5400955677032471,0.4213174283504486,-1.3413337469100952,0.5616886019706726,0.4204629957675934,-1.3415167331695557,0.5787495374679565,0.4217684864997864,-1.3416225910186768,0.4692305624485016,0.424718976020813,-1.3420476913452148,0.44739222526550293,0.4266328811645508,-1.3414816856384277,0.42790237069129944,0.4293900430202484,-1.3420137166976929,0.6166841983795166,0.4579930007457733,-0.8816278576850891,0.41430798172950745,0.4636780619621277,-0.8629838228225708,0.5511445999145508,0.5967826843261719,-1.2156163454055786,0.46890202164649963,0.6020435094833374,-1.210608720779419,0.8019896745681763,0.8627668023109436,-0.5275240540504456,0.255015105009079,0.8546619415283203,-0.5812088251113892,0.8920489549636841,1.3277746438980103,-0.4655512273311615,0.16748900711536407,1.3500428199768066,-0.4017375409603119,0.8586753010749817,1.714935064315796,-0.8944469690322876,0.17915016412734985,1.7404497861862183,-0.8587902784347534,0.8845216631889343,1.8531029224395752,-1.02910578250885,0.15077361464500427,1.8777810335159302,-1.0112684965133667,0.8259690403938293,1.8512777090072632,-1.1142899990081787,0.20201770961284637,1.8809247016906738,-1.1154512166976929,0.8050028681755066,1.7897992134094238,-0.9530336260795593,0.22543489933013916,1.8214819431304932,-0.9202898740768433,0.6909570097923279,1.7486549615859985,-0.052665531635284424,0.3485521376132965,1.7423980236053467,0.058329254388809204,0.6661109328269958,2.48394775390625,-0.10886751115322113,0.3453279137611389,2.4707045555114746,-0.06137347221374512,0.6601334810256958,3.163524627685547,0.5267153978347778,0.3624219298362732,3.1390373706817627,0.36797693371772766,0.6688655614852905,3.278561592102051,0.5568385720252991,0.3644478917121887,3.2514145374298096,0.38772502541542053,0.596798300743103,3.3781888484954834,-0.151834636926651,0.406217485666275,3.3456451892852783,-0.4028673768043518,0.4188260494889123,2
2026-09-24T12:27:23.716335,S012,S012_A5_Y_20260924_1227,elevated_20,A5,young,class_2,0.4965144097805023,0.5147202014923096,-1.4155408143997192,0.5361055135726929,0.42237144708633423,-1.3661774396896362,0.5594293475151062,0.42171716690063477,-1.3662688732147217,0.5776386260986328,0.42324215173721313,-1.3662385940551758,0.46415168046951294,0.42488008737564087,-1.3561104536056519,0.4428476393222809,0.42662420868873596,-1.355358600616455,0.4251124858856201,0.42896515130996704,-1.3559081554412842,0.6164697408676147,0.4591493606567383,-0.9266942739486694,0.4140811860561371,0.4616856873035431,-0.8567855954170227,0.5465895533561707,0.5978472828865051,-1.2405176162719727,0.4603252410888672,0.6020971536636353,-1.2208292484283447,0.8048443794250488,0.8745489716529846,-0.5652278661727905,0.25331419706344604,0.8547223210334778,-0.5778905153274536,0.9099340438842773,1.3448325395584106,-0.5183879137039185,0.16496065258979797,1.352870225906372,-0.40044456720352173,0.8681668043136597,1.7224938869476318,-0.9407280087471008,0.17433151602745056,1.7432098388671875,-0.8593343496322632,0.8958528637886047,1.8605256080627441,-1.0744554996490479,0.1455913484096527,1.8839291334152222,-1.0116758346557617,0.8319182395935059,1.8559850454330444,-1.1513350009918213,0.1976892352104187,1.882610559463501,-1.1165428161621094,0.8102108240127563,1.7940350770950317,-0.9956254959106445,0.22147929668426514,1.8233939409255981,-0.9207792282104492,0.6926453709602356,1.7692265510559082,-0.059711091220378876,0.34543994069099426,1.7551144361495972,0.0658305361866951,0.6665292978286743,2.5113577842712402,-0.10482931137084961,0.33982619643211365,2.4919326305389404,-0.012907402589917183,0.659937858581543,3.187880277633667,0.5949661731719971,0.353095680475235,3.160649538040161,0.49949589371681213,0.6691073179244995,3.3075156211853027,0.6282748579978943,0.3546620309352875,3.2759366035461426,0.5263575315475464,0.5928165316581726,3.4098896980285645,-0.12949302792549133,0.39765921235084534,3.3796937465667725,-0.2785038650035858,0.4187413188035476,2
2026-09-24T12:27:23.815879,S012,S012_A5_Y_20260924_1227,elevated_20,A5,young,class_2,0.4814693331718445,0.5299828052520752,-1.6381056308746338,0.5253786444664001,0.43795812129974365,-1.5932600498199463,0.5522400140762329,0.4377182722091675,-1.5934946537017822,0.5733147859573364,0.4390002489089966,-1.5934218168258667,0.45391330122947693,0.4346838593482971,-1.5701168775558472,0.43466535210609436,0.4328368902206421,-1.5698659420013428,0.4196290373802185,0.43223777413368225,-1.570551872253418,0.6153464913368225,0.46670839190483093,-1.1122691631317139,0.4140090346336365,0.4617018699645996,-0.991968035697937,0.5329287052154541,0.6156600713729858,-1.4415092468261719,0.44721221923828125,0.6133354306221008,-1.408336877822876,0.8092605471611023,0.8773691654205322,-0.6951502561569214,0.2523166537284851,0.8547612428665161,-0.5863751173019409,0.9162675142288208,1.356777310371399,-0.7390108108520508,0.16313683986663818,1.3530361652374268,-0.5290029644966125,0.8542301058769226,1.6497950553894043,-1.2536084651947021,0.17363767325878143,1.6777489185333252,-1.3242303133010864,0.8599635362625122,1.7579840421676636,-1.4039467573165894,0.14678063988685608,1.802671194076538,-1.5260858535766602,0.8096910715103149,1.719115138053894,-1.4734065532684326,0.19757094979286194,1.7659229040145874,-1.6052888631820679,0.7946152687072754,1.66864812374115,-1.3026304244995117,0.22079575061798096,1.7144304513931274,-1.3861310482025146,0.6936880350112915,1.7831180095672607,-0.07064857333898544,0.34542590379714966,1.7631281614303589,0.07679383456707001,0.666577935218811,2.5223000049591064,-0.1368851363658905,0.338038831949234,2.4919722080230713,-0.18217059969902039,0.6587881445884705,3.193432569503784,0.5184401869773865,0.3482710123062134,3.1628661155700684,0.2543545365333557,0.6677682995796204,3.313002824783325,0.5396825075149536,0.3510180711746216,3.2809410095214844,0.26782530546188354,0.5896156430244446,3.415557622909546,-0.23233282566070557,0.3928433358669281,3.3806469440460205,-0.538135290145874,0.41848503271108767,2
2026-09-24T12:27:23.939792,S012,S012_A5_Y_20260924_1227,elevated_20,A5,young,class_2,0.4804394245147705,0.5636731386184692,-1.6002744436264038,0.5259686708450317,0.4683726727962494,-1.5461844205856323,0.5525214076042175,0.4694475829601288,-1.5463011264801025,0.5741997361183167,0.47170403599739075,-1.5460216999053955,0.4521861970424652,0.4629056751728058,-1.5233219861984253,0.4323093891143799,0.45878639817237854,-1.5230506658554077,0.4174244999885559,0.4560411870479584,-1.523598074913025,0.618747889995575,0.49090442061424255,-1.0489933490753174,0.4137946665287018,0.47137531638145447,-0.9388901591300964,0.5336886644363403,0.6492447257041931,-1.3996102809906006,0.4441733956336975,0.6417392492294312,-1.3686834573745728,0.8103721737861633,0.8790172338485718,-0.6259223818778992,0.25233832001686096,0.8572492599487305,-0.5264409184455872,0.9280357360839844,1.3471988439559937,-1.0863085985183716,0.154253289103508,1.35328209400177,-0.6707508563995361,0.8373827934265137,1.1451046466827393,-1.8901503086090088,0.1560514271259308,1.578194260597229,-1.6176185607910156,0.8145540356636047,0.9802014231681824,-2.048719882965088,0.1313881129026413,1.6710213422775269,-1.8058955669403076,0.803497314453125,0.9333896636962891,-2.0039684772491455,0.17431794106960297,1.61123788356781,-1.8343102931976318,0.7941870093345642,0.9505669474601746,-1.8981075286865234,0.19908711314201355,1.5794520378112793,-1.6619987487792969,0.6937129497528076,1.8085098266601562,-0.07066622376441956,0.343580961227417,1.7821357250213623,0.07679649442434311,0.6635104417800903,2.5561301708221436,-0.18857306241989136,0.33780139684677124,2.5126211643218994,-0.2887054681777954,0.6566985845565796,3.2259435653686523,0.4264073967933655,0.3475094437599182,3.200939178466797,0.12357355654239655,0.6638439893722534,3.3393936157226562,0.4403155744075775,0.35060787200927734,3.3148081302642822,0.13046756386756897,0.5886963605880737,3.45211124420166,-0.3193379044532776,0.3912215232849121,3.430206060409546,-0.6710754036903381,0.42438955055965355,2
2026-09-24T12:27:24.071905,S012,S012_A5_Y_20260924_1227,elevated_20,A5,young,class_2,0.4928458631038666,0.589454710483551,-1.8551990985870361,0.5425559282302856,0.4919116199016571,-1.7995927333831787,0.5708836913108826,0.4911843538284302,-1.800063133239746,0.5935108065605164,0.491884708404541,-1.8002405166625977,0.4569396376609802,0.4900400936603546,-1.7956663370132446,0.43330422043800354,0.48774242401123047,-1.7957847118377686,0.4176071286201477,0.4867899715900421,-1.7964143753051758,0.6368604898452759,0.505462110042572,-1.2233482599258423,0.406826913356781,0.49759724736213684,-1.1894952058792114,0.5481319427490234,0.6738248467445374,-1.614506721496582,0.44996142387390137,0.6743559241294861,-1.6070674657821655,0.8160275220870972,0.8854483962059021,-0.7393909692764282,0.24053733050823212,0.8780667185783386,-0.6511979699134827,0.9281970858573914,1.353814721107483,-0.8593646287918091,0.1503089964389801,1.3889521360397339,-0.6759027242660522,0.8377458453178406,1.2915481328964233,-1.5204379558563232,0.1634417325258255,1.6211572885513306,-1.528390884399414,0.8278017044067383,1.351750135421753,-1.6862815618515015,0.16292241215705872,1.7318171262741089,-1.7284185886383057,0.8041804432868958,0.9430946111679077,-1.7525352239608765,0.18734662234783173,1.6789528131484985,-1.7985975742340088,0.7949512004852295,0.9748142957687378,-1.5705584287643433,0.2027004063129425,1.6360024213790894,-1.5865960121154785,0.7016681432723999,1.8296809196472168,-0.07354529201984406,0.3474732041358948,1.8123435974121094,0.07954971492290497,0.676949143409729,2.5565359592437744,-0.3446497917175293,0.354206919670105,2.513249635696411,-0.37210366129875183,0.6857357025146484,3.230647325515747,0.37054696679115295,0.37500590085983276,3.207737922668457,0.08102653920650482,0.6920918822288513,3.342419385910034,0.3949602246284485,0.3782648742198944,3.3215744495391846,0.0940086618065834,0.6296371817588806,3.464085817337036,-0.3892154395580292,0.4208827614784241,3.440186023712158,-0.7381594181060791,0.4232695925739156,2
2026-09-24T12:27:24.202470,S012,S012_A5_Y_20260924_1227,elevated_20,A5,young,class_2,0.5104453563690186,0.6278811097145081,-2.000236988067627,0.5570847988128662,0.5160259008407593,-1.9640783071517944,0.5831881165504456,0.5130689144134521,-1.964621901512146,0.6058850884437561,0.511368989944458,-1.9650911092758179,0.46517834067344666,0.5163203477859497,-1.9552850723266602,0.43799471855163574,0.5141899585723877,-1.9553407430648804,0.4193485379219055,0.5125671029090881,-1.9557329416275024,0.6479169130325317,0.5143312215805054,-1.3940843343734741,0.405709445476532,0.5103238821029663,-1.3388550281524658,0.5610438585281372,0.7027612328529358,-1.751477599143982,0.4638764262199402,0.710514485836029,-1.7379348278045654,0.8237558603286743,0.8851107954978943,-0.8643211126327515,0.24209745228290558,0.8772678375244141,-0.7016820907592773,0.9307441711425781,1.345448613166809,-0.8800543546676636,0.18094035983085632,1.3844273090362549,-0.6277951002120972,0.8547555208206177,1.426625370979309,-1.4445141553878784,0.21514537930488586,1.530200481414795,-1.445264458656311,0.8485611081123352,1.472846508026123,-1.5958845615386963,0.21847951412200928,1.603640079498291,-1.6290614604949951,0.8262150883674622,1.3397458791732788,-1.682403802871704,0.2284415066242218,1.548757553100586,-1.7041658163070679,0.8156833648681641,1.3225654363632202,-1.4992856979370117,0.24109749495983124,1.515090823173523,-1.5056122541427612,0.7246341109275818,1.8127888441085815,-0.07656140625476837,0.37481558322906494,1.803510308265686,0.08253967761993408,0.7151458263397217,2.5542218685150146,-0.30827611684799194,0.4030524790287018,2.502675771713257,-0.3218328356742859,0.7193066477775574,3.22695255279541,0.35941556096076965,0.42863327264785767,3.2041049003601074,0.05865439027547836,0.7237392663955688,3.3393378257751465,0.3822630047798157,0.43161940574645996,3.3176496028900146,0.06651151180267334,0.6713768839836121,3.4581706523895264,-0.4026818871498108,0.4806653559207916,3.433037757873535,-0.7685331106185913,0.42185962771415664,2
2026-09-24T12:27:24.336377,S012,S012_A5_Y_20260924_1227,elevated_20,A5,young,class_2,0.5128247737884521,0.6405206322669983,-2.0404937267303467,0.5597594380378723,0.5285562872886658,-2.0020205974578857,0.5868315100669861,0.5257026553153992,-2.0024044513702393,0.6101869344711304,0.5236181020736694,-2.0026755332946777,0.4652007520198822,0.5283981561660767,-1.9952869415283203,0.43759316205978394,0.525998055934906,-1.9953283071517944,0.418886661529541,0.5243799686431885,-1.9957668781280518,0.6540679335594177,0.5258177518844604,-1.4406507015228271,0.4007982611656189,0.5213913321495056,-1.3932390213012695,0.5661343336105347,0.7232241034507751,-1.7956336736679077,0.4649067521095276,0.7271595001220703,-1.784120798110962,0.8297315835952759,0.8881341218948364,-0.9037092924118042,0.24180369079113007,0.8866606950759888,-0.7770310640335083,0.9354208111763,1.356562852859497,-0.9220946431159973,0.17920002341270447,1.402374505996704,-0.6230630278587341,0.8622323274612427,1.4949003458023071,-1.477414846420288,0.21227017045021057,1.6023027896881104,-1.3354564905166626,0.8584559559822083,1.5892674922943115,-1.6229746341705322,0.21111497282981873,1.69730544090271,-1.5082992315292358,0.8338271379470825,1.4260119199752808,-1.6969925165176392,0.22978456318378448,1.6071475744247437,-1.5878541469573975,0.8214484453201294,1.4003655910491943,-1.5271819829940796,0.24289730191230774,1.5621323585510254,-1.394059181213379,0.7345306873321533,1.8232883214950562,-0.07856954634189606,0.37769216299057007,1.8153210878372192,0.0846107006072998,0.7238210439682007,2.5551578998565674,-0.30995771288871765,0.39563173055648804,2.5063998699188232,-0.36226552724838257,0.7306138277053833,3.230109453201294,0.39287930727005005,0.42756566405296326,3.211418628692627,0.07873570173978806,0.7357434630393982,3.343616247177124,0.4190141260623932,0.4339204728603363,3.324312448501587,0.0915699452161789,0.6788831353187561,3.4687113761901855,-0.34785664081573486,0.47929853200912476,3.454091787338257,-0.7190548181533813,0.4204273784147738,2
2026-09-24T12:27:24.459217,S012,S012_A5_Y_20260924_1227,elevated_20,A5,young,class_2,0.5178363919258118,0.6386839747428894,-2.0309700965881348,0.5640948414802551,0.5242230892181396,-1.9895124435424805,0.5904783606529236,0.5206756591796875,-1.9898583889007568,0.6131281852722168,0.5184770822525024,-1.9900906085968018,0.46780794858932495,0.5269619822502136,-1.9925758838653564,0.43831029534339905,0.5254404544830322,-1.9925609827041626,0.4189262390136719,0.5247982144355774,-1.993096113204956,0.6543601751327515,0.5228517651557922,-1.425765872001648,0.3971409499645233,0.5234972238540649,-1.4232922792434692,0.5692939162254333,0.7186318039894104,-1.786957025527954,0.46765127778053284,0.7245403528213501,-1.7884104251861572,0.8287813067436218,0.887839138507843,-0.8784475326538086,0.23476119339466095,0.8898730874061584,-0.8681336641311646,0.936983585357666,1.3564608097076416,-0.8796026110649109,0.1674865484237671,1.4297261238098145,-0.8036254048347473,0.875141978263855,1.5134727954864502,-1.448034644126892,0.21060244739055634,1.694248080253601,-1.5380315780639648,0.8781312108039856,1.635408639907837,-1.5948220491409302,0.20364490151405334,1.812660813331604,-1.7235686779022217,0.847669780254364,1.4706321954727173,-1.6725225448608398,0.2272895872592926,1.7409828901290894,-1.7961231470108032,0.8329488635063171,1.4342011213302612,-1.5006264448165894,0.24162569642066956,1.684034824371338,-1.5940418243408203,0.7336348295211792,1.8199843168258667,-0.07241059094667435,0.3763411343097687,1.8154842853546143,0.07845189422369003,0.7210573554039001,2.565415382385254,-0.28454864025115967,0.39267733693122864,2.527703285217285,-0.3530460000038147,0.7289645671844482,3.247176170349121,0.4218263626098633,0.4223298132419586,3.2275948524475098,0.08574339747428894,0.7348400354385376,3.3632760047912598,0.448087602853775,0.42729219794273376,3.343547821044922,0.0988214984536171,0.6739953756332397,3.4919188022613525,-0.3217875063419342,0.4764650762081146,3.4670863151550293,-0.7425090074539185,0.4191773617525486,2
2026-09-24T12:27:24.573705,S012,S012_A5_Y_20260924_1227,elevated_20,A5,young,class_2,0.49162325263023376,0.6229679584503174,-1.7293751239776611,0.5465027093887329,0.50471431016922,-1.6993093490600586,0.5779082179069519,0.5034793019294739,-1.6992908716201782,0.6037832498550415,0.5040745139122009,-1.699148178100586,0.4507320821285248,0.5046401619911194,-1.678011178970337,0.4261234700679779,0.5032305121421814,-1.6771198511123657,0.40771976113319397,0.5024758577346802,-1.6776220798492432,0.6508949995040894,0.5188167095184326,-1.3398759365081787,0.39356493949890137,0.5080509781837463,-1.16086745262146,0.555014967918396,0.71766197681427,-1.5544013977050781,0.4468454420566559,0.7104160785675049,-1.5182985067367554,0.8297402262687683,0.8944900631904602,-0.8106379508972168,0.22348932921886444,0.8889277577400208,-0.7917636632919312,0.9368063807487488,1.3975434303283691,-0.7242773771286011,0.13662436604499817,1.4312034845352173,-0.6245561838150024,0.8762720227241516,1.7265586853027344,-1.0738191604614258,0.17078837752342224,1.7966701984405518,-1.087111473083496,0.8882120847702026,1.868282675743103,-1.201834797859192,0.15500518679618835,1.9421095848083496,-1.2360875606536865,0.8465692400932312,1.8255704641342163,-1.2716443538665771,0.20075273513793945,1.9137217998504639,-1.323704481124878,0.8317044973373413,1.7656989097595215,-1.1224322319030762,0.2221265584230423,1.8533626794815063,-1.1448458433151245,0.7223890423774719,1.83122718334198,-0.07337912172079086,0.34811803698539734,1.8226344585418701,0.07976784557104111,0.6997810006141663,2.601097345352173,-0.2151813507080078,0.351850301027298,2.575099468231201,-0.12824615836143494,0.6927666664123535,3.292469024658203,0.5510262250900269,0.36858922243118286,3.269228458404541,0.3816937506198883,0.702262818813324,3.411078691482544,0.5832223892211914,0.37255042791366577,3.38790225982666,0.4064489006996155,0.6191545724868774,3.5437400341033936,-0.18581393361091614,0.4116312861442566,3.5121545791625977,-0.4169463515281677,0.41809776109849656,2
2026-09-24T12:27:24.693565,S012,S012_A5_Y_20260924_1227,elevated_20,A5,young,class_2,0.4620988368988037,0.5919389128684998,-1.6064704656600952,0.5219548940658569,0.4818282127380371,-1.5795308351516724,0.5563633441925049,0.4827475845813751,-1.5797131061553955,0.5851012468338013,0.48571595549583435,-1.579763412475586,0.4330812096595764,0.47675859928131104,-1.5472185611724854,0.4125141501426697,0.47381800413131714,-1.546666145324707,0.3947227895259857,0.47207584977149963,-1.5473662614822388,0.6401311755180359,0.5120656490325928,-1.2247449159622192,0.3913169503211975,0.48837506771087646,-1.0040242671966553,0.5254108309745789,0.7001961469650269,-1.4333875179290771,0.4239846169948578,0.6819507479667664,-1.3852685689926147,0.8293024301528931,0.894156277179718,-0.7911335229873657,0.21797457337379456,0.8878523707389832,-0.6393530368804932,0.9361610412597656,1.3989206552505493,-0.7126304507255554,0.1255469024181366,1.4279109239578247,-0.5293015837669373,0.8765522837638855,1.728431224822998,-1.0608011484146118,0.13914136588573456,1.8011763095855713,-1.0949689149856567,0.890151858329773,1.862805724143982,-1.1784758567810059,0.11560281366109848,1.950691819190979,-1.2492280006408691,0.8460966348648071,1.8304799795150757,-1.2496683597564697,0.16761653125286102,1.9344929456710815,-1.3322994709014893,0.8313935399055481,1.7710120677947998,-1.1057695150375366,0.19415870308876038,1.8741267919540405,-1.153234839439392,0.7094782590866089,1.8348543643951416,-0.07311822474002838,0.33376866579055786,1.8212227821350098,0.07962863147258759,0.6827714443206787,2.5920612812042236,-0.22209866344928741,0.33619359135627747,2.573125123977661,-0.14727208018302917,0.6843308210372925,3.2801260948181152,0.4793466627597809,0.3578900694847107,3.2614569664001465,0.36650359630584717,0.696173906326294,3.397672176361084,0.5079118013381958,0.36097732186317444,3.3757872581481934,0.38566452264785767,0.6103845238685608,3.5242912769317627,-0.23408035933971405,0.4016183912754059,3.497790813446045,-0.4625360369682312,0.41690646816939325,2
2026-09-24T12:27:24.800838,S012,S012_A5_Y_20260924_1227,elevated_20,A5,young,class_2,0.39609935879707336,0.5677909851074219,-1.3308985233306885,0.44553011655807495,0.46857962012290955,-1.3379542827606201,0.4729599356651306,0.47117334604263306,-1.3380976915359497,0.5044592618942261,0.4752989709377289,-1.3378956317901611,0.3926770091056824,0.462419331073761,-1.261000633239746,0.3793335556983948,0.45952099561691284,-1.2607090473175049,0.3669169843196869,0.4573354125022888,-1.261629343032837,0.5940645933151245,0.5104745030403137,-1.1019368171691895,0.39063379168510437,0.4796801209449768,-0.7203601598739624,0.4484843313694,0.6832306981086731,-1.217139720916748,0.3844103217124939,0.6601187586784363,-1.1143581867218018,0.8285258412361145,0.9041787981987,-0.7662819623947144,0.21938768029212952,0.8873623013496399,-0.39093485474586487,0.9360030889511108,1.403917908668518,-1.137917160987854,0.12234018743038177,1.3976876735687256,-0.41248926520347595,0.6953922510147095,1.0996606349945068,-1.6514747142791748,0.14603661000728607,1.749462604522705,-1.096184253692627,0.7535356283187866,1.260933756828308,-1.7752628326416016,0.13514050841331482,1.9055501222610474,-1.2339719533920288,0.7420099973678589,1.1909507513046265,-1.7075517177581787,0.19070890545845032,1.864824891090393,-1.2678344249725342,0.7408397793769836,1.1976276636123657,-1.6407880783081055,0.20826618373394012,1.8083412647247314,-1.1395668983459473,0.7069358229637146,1.8891983032226562,-0.10573544353246689,0.3304220736026764,1.8585842847824097,0.11230071634054184,0.6757298707962036,2.626939296722412,-0.19738733768463135,0.3332374691963196,2.584028959274292,-0.10198678076267242,0.6792131066322327,3.3199496269226074,0.5193095207214355,0.34785106778144836,3.275477886199951,0.4192449450492859,0.6931896209716797,3.445169687271118,0.547285795211792,0.35073256492614746,3.3926589488983154,0.44397488236427307,0.5996772646903992,3.549481153488159,-0.20265261828899384,0.3827669620513916,3.511181592941284,-0.3158147931098938,0.4150257599989841,2
2026-09-24T12:27:24.919383,S012,S012_A5_Y_20260924_1227,elevated_20,A5,young,class_2,0.3634898066520691,0.5422459244728088,-1.146399736404419,0.4120114743709564,0.45016947388648987,-1.1747573614120483,0.4363292157649994,0.45461517572402954,-1.1751072406768799,0.46507588028907776,0.46100106835365295,-1.1752310991287231,0.36833158135414124,0.4453023672103882,-1.083604097366333,0.35828787088394165,0.4437394440174103,-1.0833361148834229,0.3483467996120453,0.44222763180732727,-1.0842900276184082,0.5654515624046326,0.5086710453033447,-0.9958852529525757,0.38685521483421326,0.4726875126361847,-0.5608442425727844,0.41238683462142944,0.6497538685798645,-1.0518622398376465,0.3596818745136261,0.6306394338607788,-0.9297009706497192,0.8249573707580566,0.9037491083145142,-0.6946858167648315,0.2197154462337494,0.8803983330726624,-0.2029401808977127,0.9228488206863403,1.4061486721038818,-0.9602987170219421,0.1249743103981018,1.3480852842330933,-0.09490125626325607,0.7442257404327393,1.339929223060608,-1.377655267715454,0.14193227887153625,1.6732829809188843,-0.7648555636405945,0.7471550703048706,1.4510743618011475,-1.4577653408050537,0.12622448801994324,1.8091180324554443,-0.9013220071792603,0.7270897626876831,1.3980090618133545,-1.4177625179290771,0.17067167162895203,1.779822587966919,-0.957327663898468,0.7256224155426025,1.3740321397781372,-1.354809284210205,0.18792824447155,1.7248109579086304,-0.8193934559822083,0.6925753951072693,1.876168131828308,-0.11893310397863388,0.32467538118362427,1.8533066511154175,0.12565268576145172,0.6675922870635986,2.5786378383636475,-0.3080138564109802,0.3258301913738251,2.532205104827881,-0.12268666177988052,0.6700313687324524,3.2873029708862305,0.2304624319076538,0.3377188742160797,3.2440874576568604,0.18538828194141388,0.6848259568214417,3.4174602031707764,0.24724552035331726,0.3402782082557678,3.3650412559509277,0.18855515122413635,0.5891614556312561,3.4965405464172363,-0.4635866582393646,0.36510515213012695,3.4658937454223633,-0.48747068643569946,0.4132606896188615,2
2026-09-24T12:27:25.037936,S012,S012_A5_Y_20260924_1227,elevated_20,A5,young,class_2,0.37315863370895386,0.5395348072052002,-1.2795908451080322,0.41886529326438904,0.4482831656932831,-1.2911726236343384,0.4436398148536682,0.45243847370147705,-1.2915844917297363,0.4728716313838959,0.45824289321899414,-1.2917052507400513,0.3741011917591095,0.44295915961265564,-1.208514928817749,0.36332735419273376,0.4409535527229309,-1.208470106124878,0.35316383838653564,0.43903395533561707,-1.209188461303711,0.5676778554916382,0.5075706243515015,-1.0255205631256104,0.3884955644607544,0.46945056319236755,-0.6350165605545044,0.4198880195617676,0.6442372798919678,-1.1543118953704834,0.3666996359825134,0.6264792680740356,-1.0447123050689697,0.8250893354415894,0.903202474117279,-0.7293992638587952,0.23448622226715088,0.8804867267608643,-0.17829981446266174,0.9253110885620117,1.3918062448501587,-1.11281156539917,0.13471077382564545,1.2949680089950562,-0.16976089775562286,0.7639268636703491,1.3467072248458862,-1.6468429565429688,0.16139768064022064,1.4175752401351929,-0.9550255537033081,0.7434363961219788,1.3784643411636353,-1.7749027013778687,0.1663302183151245,1.483429193496704,-1.1090537309646606,0.7311863899230957,1.3071086406707764,-1.7544443607330322,0.18139517307281494,1.42671799659729,-1.1660547256469727,0.7299719452857971,1.2961524724960327,-1.6497962474822998,0.1927616447210312,1.4022128582000732,-1.0119943618774414,0.6947152614593506,1.8798819780349731,-0.15844133496284485,0.3436867892742157,1.8515902757644653,0.16442875564098358,0.6670453548431396,2.5222067832946777,-0.3035803437232971,0.3303898274898529,2.4824066162109375,-0.10235345363616943,0.6706343293190002,3.2307653427124023,0.3138023614883423,0.3496229648590088,3.1956655979156494,0.24763429164886475,0.6866391897201538,3.355086326599121,0.3361591100692749,0.3632940948009491,3.308192014694214,0.25532564520835876,0.5906649827957153,3.4201884269714355,-0.3783361613750458,0.3672798275947571,3.4093620777130127,-0.4004310965538025,0.41297033251105336,2
2026-09-24T12:27:25.150043,S012,S012_A5_Y_20260924_1227,elevated_20,A5,young,class_2,0.38433146476745605,0.5389726758003235,-1.196976900100708,0.42811912298202515,0.4466027617454529,-1.2200911045074463,0.45362353324890137,0.45048850774765015,-1.2204945087432861,0.48316317796707153,0.45578107237815857,-1.220613718032837,0.3815178871154785,0.44104671478271484,-1.128240704536438,0.36977618932724,0.4387187957763672,-1.128102421760559,0.35861891508102417,0.4365248680114746,-1.1288232803344727,0.5726088285446167,0.5036807656288147,-1.0095031261444092,0.39692744612693787,0.46535438299179077,-0.583817183971405,0.43155819177627563,0.6425417065620422,-1.0933796167373657,0.3746947944164276,0.6258946657180786,-0.9723554849624634,0.8254059553146362,0.9028645753860474,-0.7289866209030151,0.25192856788635254,0.8790881633758545,-0.16654720902442932,0.9271857142448425,1.3926219940185547,-1.0007658004760742,0.1434694230556488,1.270979404449463,-0.03206538036465645,0.7753762006759644,1.4002255201339722,-1.4768530130386353,0.17478454113006592,1.4742673635482788,-0.6905026435852051,0.7576841115951538,1.4573094844818115,-1.5520727634429932,0.17746561765670776,1.575776219367981,-0.8131163716316223,0.7370036840438843,1.3986823558807373,-1.5071547031402588,0.2000681608915329,1.5314451456069946,-0.8503864407539368,0.7353675365447998,1.3743680715560913,-1.4453761577606201,0.20658867061138153,1.4898418188095093,-0.7359380722045898,0.6969164609909058,1.8821414709091187,-0.15984424948692322,0.3480220437049866,1.848300576210022,0.1660037785768509,0.6677287220954895,2.5253427028656006,-0.33332160115242004,0.34068408608436584,2.4798390865325928,-0.11418616771697998,0.6741820573806763,3.2314631938934326,0.25166434049606323,0.3603993058204651,3.1956264972686768,0.20736682415008545,0.6937901973724365,3.3553454875946045,0.27127498388290405,0.3729199767112732,3.3092575073242188,0.21341928839683533,0.5930317640304565,3.4283177852630615,-0.4332042336463928,0.3707464635372162,3.413163423538208,-0.4401535987854004,0.41180939917390014,2
2026-09-24T12:27:25.276470,S012,S012_A5_Y_20260924_1227,elevated_20,A5,young,class_2,0.3933858573436737,0.5375663638114929,-1.2635301351547241,0.4388490319252014,0.4429062008857727,-1.2850393056869507,0.4652247428894043,0.4472593367099762,-1.2854328155517578,0.49318927526474,0.45266351103782654,-1.2855746746063232,0.38713592290878296,0.4343875050544739,-1.1966420412063599,0.3739219009876251,0.43114450573921204,-1.1963484287261963,0.36174941062927246,0.42833706736564636,-1.1970510482788086,0.5746458768844604,0.5024979114532471,-1.048208475112915,0.4003533720970154,0.45987600088119507,-0.6561216115951538,0.4407137334346771,0.6425256133079529,-1.1578830480575562,0.3798566460609436,0.6258840560913086,-1.0397851467132568,0.8259112238883972,0.9030001759529114,-0.8008040189743042,0.2586744427680969,0.8777374029159546,-0.2296290099620819,0.9295148849487305,1.4009605646133423,-0.8966342806816101,0.1491498053073883,1.2859694957733154,0.14168451726436615,0.8272676467895508,1.6526416540145874,-1.0902786254882812,0.1727418452501297,1.5562896728515625,-0.27981141209602356,0.8268958926200867,1.768241047859192,-1.1810702085494995,0.17128287255764008,1.6849772930145264,-0.3745976388454437,0.7824625968933105,1.736186146736145,-1.2291338443756104,0.1947011798620224,1.6723973751068115,-0.4483777582645416,0.7755800485610962,1.6760040521621704,-1.1156560182571411,0.20439621806144714,1.6179347038269043,-0.3338952660560608,0.6972287893295288,1.8804056644439697,-0.16475555300712585,0.34801846742630005,1.8460205793380737,0.17117252945899963,0.6658355593681335,2.5336837768554688,-0.3080896735191345,0.340990275144577,2.483576774597168,0.010957189835608006,0.6740984320640564,3.2426934242248535,0.3519549071788788,0.3606263995170593,3.1997416019439697,0.4258870482444763,0.6938661932945251,3.371762275695801,0.39132848381996155,0.3718361556529999,3.316962718963623,0.44395413994789124,0.5920683741569519,3.4399566650390625,-0.28068387508392334,0.37134596705436707,3.4227309226989746,-0.24067409336566925,0.4106442808223426,2
2026-09-24T12:27:25.379039,S012,S012_A5_Y_20260924_1227,elevated_20,A5,young,class_2,0.39935582876205444,0.5368919372558594,-1.174665093421936,0.44506096839904785,0.4422878921031952,-1.1923108100891113,0.4706377387046814,0.44664570689201355,-1.1926649808883667,0.4945293962955475,0.4519634246826172,-1.1928856372833252,0.390344500541687,0.4328809678554535,-1.1102025508880615,0.37599977850914,0.4291016161441803,-1.1095901727676392,0.36314186453819275,0.42587339878082275,-1.1103500127792358,0.5787879228591919,0.5007854104042053,-0.9795114398002625,0.4021167755126953,0.4569939970970154,-0.5835303664207458,0.4474220871925354,0.6425207853317261,-1.0712969303131104,0.38339364528656006,0.6263498663902283,-0.9580651521682739,0.8358715176582336,0.9068868160247803,-0.6934444904327393,0.2576664388179779,0.8779525756835938,-0.24105656147003174,0.9447028040885925,1.4127978086471558,-0.6318507194519043,0.14882463216781616,1.3286776542663574,0.01444934494793415,0.8627421259880066,1.75913405418396,-0.8111893534660339,0.16270974278450012,1.6873085498809814,-0.5059862732887268,0.8704888224601746,1.9026180505752563,-0.9063510894775391,0.15061168372631073,1.8306825160980225,-0.6338383555412292,0.8082579374313354,1.8806719779968262,-0.9658204317092896,0.18577522039413452,1.8216644525527954,-0.7099767923355103,0.798218846321106,1.8095736503601074,-0.8463073968887329,0.2005547285079956,1.762020468711853,-0.5640023946762085,0.6984161138534546,1.878951907157898,-0.15763631463050842,0.34421777725219727,1.844086766242981,0.16363176703453064,0.6659291386604309,2.595618724822998,-0.2972347140312195,0.3324311077594757,2.5422401428222656,-0.02613585628569126,0.6691504120826721,3.303002119064331,0.3581475615501404,0.3447866439819336,3.2672009468078613,0.3785005211830139,0.6873595714569092,3.4339332580566406,0.39313769340515137,0.3505958318710327,3.3952460289001465,0.3947293162345886,0.5833492875099182,3.526266574859619,-0.2901487946510315,0.36614859104156494,3.4993367195129395,-0.3303835391998291,0.4097993899424292,2
2026-09-24T12:27:25.486584,S012,S012_A5_Y_20260924_1227,elevated_20,A5,young,class_2,0.4029602110385895,0.5351865887641907,-0.9798884391784668,0.44887080788612366,0.44053974747657776,-1.0060533285140991,0.4746338725090027,0.4446769058704376,-1.0063577890396118,0.4971310496330261,0.44976806640625,-1.0066641569137573,0.39218777418136597,0.43161633610725403,-0.9208159446716309,0.37656375765800476,0.42792242765426636,-0.920055091381073,0.3640281856060028,0.424858957529068,-0.9208474159240723,0.5820950865745544,0.49855735898017883,-0.8501742482185364,0.40552258491516113,0.4555132985115051,-0.43673181533813477,0.45133623480796814,0.6417925357818604,-0.8972764015197754,0.3853149116039276,0.6266504526138306,-0.779714047908783,0.8459795713424683,0.9167356491088867,-0.5965116024017334,0.25696370005607605,0.8784799575805664,-0.17458759248256683,0.9599979519844055,1.4349746704101562,-0.5753712058067322,0.14135871827602386,1.3496578931808472,0.024795567616820335,0.8876226544380188,1.818066954612732,-0.7263280749320984,0.15197603404521942,1.7393132448196411,-0.47198885679244995,0.8999064564704895,1.9682426452636719,-0.8119951486587524,0.13504867255687714,1.8876445293426514,-0.5889425277709961,0.8319771885871887,1.946605920791626,-0.8611690402030945,0.1793462336063385,1.8762905597686768,-0.6534190773963928,0.819564163684845,1.8767415285110474,-0.7570086121559143,0.19714535772800446,1.8173391819000244,-0.5257266163825989,0.701777458190918,1.8932077884674072,-0.15174025297164917,0.3403901159763336,1.8551139831542969,0.15766112506389618,0.6661450862884521,2.652438163757324,-0.29322561621665955,0.31880977749824524,2.603041172027588,-0.007675577886402607,0.665910005569458,3.3610153198242188,0.34375688433647156,0.32608699798583984,3.321141481399536,0.36070963740348816,0.6842679381370544,3.492182970046997,0.3725454807281494,0.32918670773506165,3.449193239212036,0.37630516290664673,0.5731162428855896,3.5916967391967773,-0.33299583196640015,0.3544791340827942,3.560065507888794,-0.34678202867507935,0.40905352637249354,2
2026-09-24T12:27:25.561692,S012,S012_A5_Y_20260924_1227,elevated_20,A5,young,class_2,0.4172893166542053,0.5390178561210632,-0.9214075803756714,0.46552133560180664,0.4431745409965515,-0.929141640663147,0.4973601698875427,0.4463662803173065,-0.9290405511856079,0.5273342728614807,0.4507308006286621,-0.9294499158859253,0.4007795751094818,0.4342785179615021,-0.8708950281143188,0.384745329618454,0.4303359389305115,-0.8698639869689941,0.36989113688468933,0.42695051431655884,-0.8704583048820496,0.602328896522522,0.49741441011428833,-0.7128986120223999,0.4060989022254944,0.45584458112716675,-0.41555553674697876,0.47771573066711426,0.6441942453384399,-0.818556010723114,0.39651045203208923,0.6301184296607971,-0.7339610457420349,0.8512402772903442,0.9147475361824036,-0.4394148886203766,0.2548189163208008,0.8714325428009033,-0.23487703502178192,0.9657396078109741,1.4421162605285645,-0.4420602321624756,0.1276322305202484,1.3610011339187622,-0.017121577635407448,0.8803685903549194,1.8323663473129272,-0.6660377979278564,0.1347583681344986,1.778888463973999,-0.6286215782165527,0.8929413557052612,1.9796465635299683,-0.7734680771827698,0.10501211881637573,1.9306070804595947,-0.7604324221611023,0.8267958760261536,1.9577933549880981,-0.8226917386054993,0.16617317497730255,1.9182683229446411,-0.8245104551315308,0.8159095644950867,1.8925503492355347,-0.7050056457519531,0.19067995250225067,1.860568881034851,-0.681867241859436,0.7019733190536499,1.8790185451507568,-0.10589029639959335,0.3340384364128113,1.838086724281311,0.11327095329761505,0.6628934144973755,2.6398024559020996,-0.19367672502994537,0.2987613081932068,2.5932207107543945,0.042790286242961884,0.6520568132400513,3.3418898582458496,0.4086983799934387,0.3030717074871063,3.302155017852783,0.38293975591659546,0.669737696647644,3.468846082687378,0.43517881631851196,0.30286166071891785,3.4275832176208496,0.39641550183296204,0.5532195568084717,3.5702672004699707,-0.2566845417022705,0.341486394405365,3.5411670207977295,-0.32450565695762634,0.4087843066581902,2
2026-09-24T12:27:25.679503,S012,S012_A5_Y_20260924_1227,elevated_20,A5,young,class_2,0.4490237832069397,0.5623311400413513,-1.059761643409729,0.4986400008201599,0.4577106237411499,-1.043009638786316,0.5337172746658325,0.4582517743110657,-1.0430493354797363,0.5631914138793945,0.4600032567977905,-1.0434890985488892,0.41819339990615845,0.45318853855133057,-1.0049152374267578,0.3999793529510498,0.4500283896923065,-1.0039418935775757,0.38214734196662903,0.448489248752594,-1.004483699798584,0.6232458353042603,0.49702587723731995,-0.6967078447341919,0.4062553346157074,0.46637779474258423,-0.5064111948013306,0.5165885090827942,0.6605513691902161,-0.9161591529846191,0.41815322637557983,0.650001585483551,-0.8575407266616821,0.8558697700500488,0.9047524333000183,-0.3855593800544739,0.2543644309043884,0.8714076280593872,-0.2584224343299866,0.9746761322021484,1.4376188516616821,-0.343056857585907,0.12857195734977722,1.3938504457473755,-0.12219679355621338,0.8987044095993042,1.8223906755447388,-0.6195858716964722,0.13706648349761963,1.820997953414917,-0.6754622459411621,0.9172819256782532,1.968597650527954,-0.7367584109306335,0.10741311311721802,1.9717427492141724,-0.8128030896186829,0.8442680239677429,1.9521820545196533,-0.7975371479988098,0.1678825467824936,1.9607889652252197,-0.869320273399353,0.8289219737052917,1.8902618885040283,-0.6657732725143433,0.19141452014446259,1.9032039642333984,-0.7299195528030396,0.7173827290534973,1.8598915338516235,-0.09521446377038956,0.3421650528907776,1.8314671516418457,0.10246162116527557,0.683035671710968,2.6312365531921387,-0.12627696990966797,0.31058257818222046,2.593181610107422,0.10880360752344131,0.6649817228317261,3.33185076713562,0.5715278387069702,0.32092928886413574,3.2939419746398926,0.5339450836181641,0.6805341839790344,3.456723928451538,0.6050168871879578,0.3181232213973999,3.415243625640869,0.5578585863113403,0.5715077519416809,3.5612382888793945,-0.1083664521574974,0.3760669529438019,3.536515235900879,-0.19678862392902374,0.4089896609547202,2
2026-09-24T12:27:25.789336,S012,S012_A5_Y_20260924_1227,elevated_20,A5,young,class_2,0.5004042983055115,0.567120373249054,-1.4128079414367676,0.5432023406028748,0.46623146533966064,-1.3595324754714966,0.5732431411743164,0.4648548662662506,-1.3597018718719482,0.5980046391487122,0.46463364362716675,-1.3599268198013306,0.4574907422065735,0.4673004746437073,-1.3597049713134766,0.43247097730636597,0.46623241901397705,-1.3584473133087158,0.41418328881263733,0.4672881066799164,-1.3588947057724,0.6422532796859741,0.49701786041259766,-0.7350969314575195,0.4068719744682312,0.4846927225589752,-0.8127511143684387,0.5605366230010986,0.6607882380485535,-1.201055884361267,0.4568822979927063,0.6560174822807312,-1.1933581829071045,0.8545880317687988,0.900938868522644,-0.47086000442504883,0.2500176429748535,0.8733593821525574,-0.5175563097000122,0.9613622426986694,1.4347819089889526,-0.4079471230506897,0.12640616297721863,1.4187610149383545,-0.40565091371536255,0.8906862139701843,1.8222602605819702,-0.7992703318595886,0.13730494678020477,1.8383290767669678,-0.9732453227043152,0.9093219041824341,1.9722589254379272,-0.9292834401130676,0.10872658342123032,1.9904754161834717,-1.1580147743225098,0.8416396379470825,1.9552116394042969,-0.9573809504508972,0.1685764044523239,1.972954511642456,-1.277328610420227,0.8248761892318726,1.895334243774414,-0.8489049673080444,0.19223520159721375,1.9151486158370972,-1.04678475856781,0.7169408798217773,1.8516966104507446,-0.08420135080814362,0.3386273682117462,1.830171823501587,0.09178832918405533,0.6817731261253357,2.6282503604888916,-0.06130482628941536,0.31212934851646423,2.598358631134033,0.07954810559749603,0.6583763957023621,3.330821990966797,0.7584798336029053,0.32226112484931946,3.29952335357666,0.6276699304580688,0.6688655614852905,3.4525182247161865,0.7957884073257446,0.32097119092941284,3.4178428649902344,0.6603354215621948,0.5724718570709229,3.564408540725708,2.8545016903080977e-05,0.3751782774925232,3.5399200916290283,-0.19131480157375336,0.4097428074951908,2
2026-09-24T12:27:25.879965,S012,S012_A5_Y_20260924_1227,elevated_20,A5,young,class_2,0.5283587574958801,0.576819121837616,-1.7074158191680908,0.5649883151054382,0.4744238555431366,-1.6499141454696655,0.5915852785110474,0.4705061614513397,-1.650149941444397,0.6143603920936584,0.46775656938552856,-1.6504192352294922,0.47933951020240784,0.48044225573539734,-1.6607074737548828,0.4510878622531891,0.4814067780971527,-1.6598974466323853,0.4302597939968109,0.4841054081916809,-1.66042160987854,0.6501109600067139,0.49691322445869446,-1.0705251693725586,0.40733641386032104,0.4995090663433075,-1.1101620197296143,0.5816012024879456,0.663860559463501,-1.477819800376892,0.4824233651161194,0.6664080023765564,-1.4840059280395508,0.8535615801811218,0.892996609210968,-0.5699794292449951,0.2477378398180008,0.8818457722663879,-0.7385697960853577,0.9654684066772461,1.4120266437530518,-0.4898797571659088,0.1266678124666214,1.4548683166503906,-0.6347118020057678,0.9116156697273254,1.8018602132797241,-0.9365269541740417,0.167685866355896,1.847975254058838,-1.2327955961227417,0.9361346364021301,1.9491647481918335,-1.1205118894577026,0.15544286370277405,1.9980366230010986,-1.4246569871902466,0.875255286693573,1.9322737455368042,-1.2193533182144165,0.2083429992198944,1.9660398960113525,-1.549494743347168,0.8515973091125488,1.8756790161132812,-1.0180585384368896,0.22800342738628387,1.9088656902313232,-1.3058786392211914,0.7280335426330566,1.8426361083984375,-0.07537998259067535,0.3452622592449188,1.8314871788024902,0.0826852023601532,0.7109495401382446,2.6256675720214844,-0.006281217094510794,0.34634166955947876,2.6116538047790527,0.08234301954507828,0.6986780762672424,3.330386161804199,0.9054946899414062,0.37042608857154846,3.31632661819458,0.7283557653427124,0.7048453092575073,3.4496490955352783,0.948555588722229,0.3691709041595459,3.4330689907073975,0.7692761421203613,0.6376106142997742,3.568371534347534,0.12266198545694351,0.4359963536262512,3.557593584060669,-0.13181613385677338,0.4102185895953329,2
2026-09-24T12:27:26.018520,S012,S012_A5_Y_20260924_1227,elevated_20,A5,young,class_2,0.5396214723587036,0.580784261226654,-1.8168208599090576,0.5732080936431885,0.4766293466091156,-1.7585418224334717,0.5978438258171082,0.47187063097953796,-1.7587549686431885,0.6198169589042664,0.46830329298973083,-1.7590043544769287,0.48994794487953186,0.48436784744262695,-1.7704827785491943,0.4613637924194336,0.4859009385108948,-1.7698023319244385,0.43840765953063965,0.48911091685295105,-1.7702713012695312,0.6531127691268921,0.4965883493423462,-1.1915819644927979,0.4081009328365326,0.5056484341621399,-1.222095251083374,0.5891273617744446,0.6649281978607178,-1.5845611095428467,0.4944106638431549,0.6714046001434326,-1.5932581424713135,0.8526531457901001,0.888773500919342,-0.6893437504768372,0.2461167573928833,0.8847676515579224,-0.8038424253463745,0.9658470153808594,1.4006417989730835,-0.5157955884933472,0.13467851281166077,1.4564541578292847,-0.6922026872634888,0.9114324450492859,1.797667145729065,-1.0828511714935303,0.19974130392074585,1.8216720819473267,-1.331682562828064,0.9351409077644348,1.9466526508331299,-1.2631852626800537,0.19619698822498322,1.9665261507034302,-1.5330440998077393,0.8740330934524536,1.929407000541687,-1.3688215017318726,0.2422925978899002,1.9415065050125122,-1.646895408630371,0.8512058258056641,1.8708665370941162,-1.157706618309021,0.2580459713935852,1.8858073949813843,-1.40280020236969,0.7380620241165161,1.8276102542877197,-0.06223929673433304,0.35234764218330383,1.8298777341842651,0.06938612461090088,0.7263973951339722,2.6233506202697754,-0.059527404606342316,0.3735256791114807,2.6090102195739746,-0.09351993352174759,0.7221289873123169,3.329770565032959,0.8031998872756958,0.39640408754348755,3.318213701248169,0.689886748790741,0.7283970713615417,3.4482181072235107,0.8410245776176453,0.39699631929397583,3.4359045028686523,0.7333377003669739,0.6615263223648071,3.5710935592651367,0.007853460498154163,0.45901623368263245,3.5587692260742188,-0.3733863830566406,0.4104955567415869,2
2026-09-24T12:27:26.133027,S012,S012_A5_Y_20260924_1227,elevated_20,A5,young,class_2,0.5369937419891357,0.5798405408859253,-1.7514874935150146,0.56904536485672,0.4762169420719147,-1.6839933395385742,0.5935314893722534,0.4714334309101105,-1.6843793392181396,0.6152014136314392,0.46716970205307007,-1.6845448017120361,0.48907098174095154,0.48377272486686707,-1.6939328908920288,0.46120762825012207,0.4858214259147644,-1.6935495138168335,0.4390381872653961,0.4898640811443329,-1.6941970586776733,0.6505464911460876,0.49612876772880554,-1.1271028518676758,0.40808868408203125,0.5117676258087158,-1.1450226306915283,0.5868558287620544,0.6641885638237,-1.5224701166152954,0.495911180973053,0.6708824038505554,-1.530854344367981,0.8524450063705444,0.8987932801246643,-0.6660627722740173,0.24535410106182098,0.8967882990837097,-0.7345017194747925,0.9658349752426147,1.4005547761917114,-0.5415703058242798,0.13478200137615204,1.4707108736038208,-0.6843505501747131,0.927841067314148,1.798439860343933,-1.1180580854415894,0.20824937522411346,1.8088144063949585,-1.400436282157898,0.9544283151626587,1.9449838399887085,-1.2893249988555908,0.21042156219482422,1.9510458707809448,-1.6125568151474,0.8968865275382996,1.930227518081665,-1.3943513631820679,0.25564226508140564,1.9304330348968506,-1.704986572265625,0.8728848695755005,1.8694874048233032,-1.1893885135650635,0.26797667145729065,1.8770934343338013,-1.4655616283416748,0.7403998374938965,1.838617205619812,-0.052674539387226105,0.35530489683151245,1.8514244556427002,0.05952733755111694,0.7302509546279907,2.63787841796875,-0.12322358042001724,0.38257813453674316,2.6247246265411377,-0.278760701417923,0.7377559542655945,3.3441004753112793,0.7131749391555786,0.4116089940071106,3.338916540145874,0.3353649377822876,0.7444530725479126,3.462756872177124,0.7486056089401245,0.41435685753822327,3.461879014968872,0.36617571115493774,0.6818066835403442,3.589481830596924,-0.021472502499818802,0.4731672406196594,3.570563316345215,-0.5742627382278442,0.41058466046171926,2
2026-09-24T12:27:26.262667,S012,S012_A5_Y_20260924_1227,elevated_20,A5,young,class_2,0.5357533097267151,0.5791527032852173,-1.8916126489639282,0.566278338432312,0.47439438104629517,-1.81955087184906,0.5907539129257202,0.4685959219932556,-1.8200620412826538,0.612143337726593,0.4636116027832031,-1.8202695846557617,0.48717793822288513,0.4827445447444916,-1.8327748775482178,0.45976367592811584,0.4844827950000763,-1.832581877708435,0.43831053376197815,0.4885295331478119,-1.833279013633728,0.6487571597099304,0.49250051379203796,-1.2147666215896606,0.4072616994380951,0.5126925706863403,-1.2553240060806274,0.5864306688308716,0.6616536974906921,-1.6458238363265991,0.4960102438926697,0.6701933741569519,-1.6592605113983154,0.8522040247917175,0.898719847202301,-0.7114014625549316,0.240779310464859,0.8995229601860046,-0.7968288660049438,0.9714087247848511,1.3864091634750366,-0.6576867699623108,0.13490161299705505,1.4688571691513062,-0.808025062084198,0.9473150968551636,1.7775745391845703,-1.3194632530212402,0.2222152203321457,1.7765191793441772,-1.6532195806503296,0.9731351137161255,1.9196991920471191,-1.5011975765228271,0.23369905352592468,1.903318166732788,-1.885845422744751,0.920415997505188,1.9003715515136719,-1.6087796688079834,0.2737138867378235,1.8503657579421997,-1.9624760150909424,0.8970850110054016,1.838117003440857,-1.3914726972579956,0.281780481338501,1.7971450090408325,-1.7147117853164673,0.7420979142189026,1.8389838933944702,-0.049138445407152176,0.35632532835006714,1.8515002727508545,0.055797021836042404,0.7327271699905396,2.639449119567871,-0.12419841438531876,0.3910793662071228,2.6215016841888428,-0.3369578421115875,0.7431031465530396,3.347052812576294,0.7112938165664673,0.42020320892333984,3.3380444049835205,0.27167096734046936,0.7501784563064575,3.466646671295166,0.7441523671150208,0.42355450987815857,3.4612629413604736,0.2994349002838135,0.6856297254562378,3.592334747314453,-0.03486587852239609,0.48359188437461853,3.570596218109131,-0.6480555534362793,0.41050568513574864,2
2026-09-24T12:27:26.376750,S012,S012_A5_Y_20260924_1227,elevated_20,A5,young,class_2,0.5342179536819458,0.5779421329498291,-1.919032335281372,0.5648911595344543,0.47236698865890503,-1.8460142612457275,0.5890606045722961,0.4658873677253723,-1.8465903997421265,0.6100462675094604,0.46061643958091736,-1.8468425273895264,0.48585233092308044,0.4820145070552826,-1.857910394668579,0.4582761824131012,0.4835143983364105,-1.8579734563827515,0.43707776069641113,0.4875571131706238,-1.8587955236434937,0.6476321220397949,0.4902680516242981,-1.2409358024597168,0.4053240716457367,0.5124422907829285,-1.2787076234817505,0.5845073461532593,0.6599185466766357,-1.672907829284668,0.493508517742157,0.6698146462440491,-1.6855509281158447,0.8498213887214661,0.8978422284126282,-0.7209981679916382,0.2384544163942337,0.902155339717865,-0.8099285364151001,0.9728018045425415,1.368289589881897,-0.6963843107223511,0.1337834745645523,1.467462420463562,-0.7525572180747986,0.9454643130302429,1.7065175771713257,-1.3939628601074219,0.21613916754722595,1.788232684135437,-1.509089469909668,0.9657224416732788,1.831423282623291,-1.5729552507400513,0.22417370975017548,1.9227596521377563,-1.7238070964813232,0.9176197052001953,1.7949589490890503,-1.6707788705825806,0.2655486464500427,1.866172432899475,-1.801842451095581,0.8967572450637817,1.7394931316375732,-1.4611997604370117,0.2751317620277405,1.808847188949585,-1.5672526359558105,0.7432292699813843,1.843294620513916,-0.04821890965104103,0.359857976436615,1.8536629676818848,0.05473966524004936,0.7321332693099976,2.63558292388916,-0.2208004891872406,0.39728909730911255,2.604274272918701,-0.3982645571231842,0.7513521909713745,3.3366079330444336,0.6139973402023315,0.42829251289367676,3.319243907928467,0.18612492084503174,0.758781373500824,3.4566125869750977,0.645950198173523,0.42954081296920776,3.444075107574463,0.21094226837158203,0.7004187703132629,3.5779402256011963,-0.17609164118766785,0.4940561354160309,3.545166015625,-0.6819092035293579,0.4106677923946611,2
2026-09-24T12:27:26.495921,S012,S012_A5_Y_20260924_1227,elevated_20,A5,young,class_2,0.5289154052734375,0.577353835105896,-1.8609298467636108,0.5609802603721619,0.47215306758880615,-1.7892932891845703,0.5857383012771606,0.46579819917678833,-1.7898519039154053,0.6076051592826843,0.46049344539642334,-1.7900959253311157,0.4834068715572357,0.4825553297996521,-1.7958290576934814,0.45721250772476196,0.48472803831100464,-1.7956842184066772,0.4362870156764984,0.48914769291877747,-1.7963918447494507,0.644144594669342,0.4892716109752655,-1.1867460012435913,0.39857956767082214,0.5138431191444397,-1.191669225692749,0.5802594423294067,0.6598456501960754,-1.6124753952026367,0.4893323481082916,0.6695169806480408,-1.6174360513687134,0.8479747772216797,0.8977193236351013,-0.7010713815689087,0.23225390911102295,0.9039498567581177,-0.739806592464447,0.9727242588996887,1.3704955577850342,-0.723387598991394,0.13616469502449036,1.4633718729019165,-0.8245379328727722,0.9400293231010437,1.7077378034591675,-1.4235488176345825,0.22600647807121277,1.7090710401535034,-1.788060188293457,0.9591644406318665,1.8328758478164673,-1.6134154796600342,0.23886434733867645,1.8215835094451904,-2.0400843620300293,0.9091625213623047,1.800758957862854,-1.7156107425689697,0.27456870675086975,1.7538491487503052,-2.1049022674560547,0.8893097639083862,1.7457579374313354,-1.4940208196640015,0.28166618943214417,1.704582691192627,-1.8500162363052368,0.7432923316955566,1.852932095527649,-0.04974813014268875,0.3607332110404968,1.8647029399871826,0.05631915479898453,0.7315603494644165,2.653179883956909,-0.21740403771400452,0.39502257108688354,2.621112108230591,-0.4050220847129822,0.7475162744522095,3.3556456565856934,0.6131628155708313,0.4239414632320404,3.3433268070220947,0.1333029419183731,0.7552677392959595,3.47662353515625,0.6425687670707703,0.4271233081817627,3.4713172912597656,0.15260496735572815,0.6908837556838989,3.597622871398926,-0.20803292095661163,0.4866463243961334,3.566582202911377,-0.7711387872695923,0.4105327109220635,2
2026-09-24T12:27:26.613568,S012,S012_A5_Y_20260924_1227,elevated_20,A5,young,class_2,0.5265725255012512,0.5788682103157043,-1.923205018043518,0.5589451789855957,0.47473713755607605,-1.8519560098648071,0.5836554765701294,0.4683755934238434,-1.8525314331054688,0.6061372756958008,0.46328210830688477,-1.8529075384140015,0.4753786623477936,0.48495998978614807,-1.858330488204956,0.4482191205024719,0.48721492290496826,-1.8586517572402954,0.4261409342288971,0.4915885031223297,-1.8591467142105103,0.6414185166358948,0.4894607961177826,-1.2080894708633423,0.3857891261577606,0.5147685408592224,-1.2214900255203247,0.5770568251609802,0.6619115471839905,-1.658490538597107,0.48586511611938477,0.6714248657226562,-1.665676474571228,0.845400333404541,0.8976817727088928,-0.7353709936141968,0.21917302906513214,0.9029479622840881,-0.7444361448287964,0.9760814905166626,1.372032880783081,-1.0195112228393555,-0.0028173797763884068,1.2265011072158813,-1.4213831424713135,0.9399883151054382,1.6765018701553345,-1.7325140237808228,0.020682239904999733,0.7460395097732544,-2.676077365875244,0.9550496935844421,1.79043447971344,-1.859607458114624,0.024977950379252434,0.6022049784660339,-2.9220175743103027,0.9065014123916626,1.7346444129943848,-1.9047801494598389,0.056372035294771194,0.5457190871238708,-2.854922294616699,0.887626051902771,1.6906757354736328,-1.7738479375839233,0.09020934998989105,0.6154800653457642,-2.693584680557251,0.7369903326034546,1.8860355615615845,-0.05175555869936943,0.35600632429122925,1.8883672952651978,0.05852881073951721,0.7264873385429382,2.664071559906006,-0.13307401537895203,0.39194661378860474,2.62186598777771,-0.3233068585395813,0.744270384311676,3.364790678024292,0.6866843700408936,0.4190763533115387,3.3482308387756348,0.21678316593170166,0.7546629309654236,3.480668067932129,0.7229077816009521,0.4223076403141022,3.4688363075256348,0.24001148343086243,0.6862940788269043,3.603105068206787,-0.069377101957798,0.4795873165130615,3.579335927963257,-0.6410364508628845,0.41817561553475435,2
2026-09-24T12:27:26.700559,S012,S012_A5_Y_20260924_1227,elevated_20,A5,young,class_2,0.5282332301139832,0.5918615460395813,-2.19143009185791,0.5623007416725159,0.4862011671066284,-2.13153338432312,0.5866555571556091,0.4792799949645996,-2.131998062133789,0.6083508729934692,0.47381699085235596,-2.1322922706604004,0.4763687252998352,0.49802935123443604,-2.1383166313171387,0.4484075605869293,0.5003023147583008,-2.138746738433838,0.42659473419189453,0.5037328600883484,-2.1392338275909424,0.642145037651062,0.493215948343277,-1.4608174562454224,0.38651400804519653,0.5202447772026062,-1.4723265171051025,0.5793266296386719,0.6725196838378906,-1.9070974588394165,0.48708081245422363,0.6854991316795349,-1.9136146306991577,0.8453218340873718,0.8903955817222595,-0.9012319445610046,0.21989849209785461,0.9027532935142517,-0.8845434188842773,0.9842113256454468,1.3137279748916626,-1.2862350940704346,0.10229482501745224,1.312425971031189,-1.3607782125473022,0.9098644256591797,1.3430763483047485,-2.1400301456451416,0.2562679648399353,1.1904674768447876,-2.4723968505859375,0.8956960439682007,1.3673211336135864,-2.29824161529541,0.30785566568374634,1.161522626876831,-2.6854958534240723,0.8344616889953613,1.0835039615631104,-2.300333023071289,0.2885168790817261,1.0897341966629028,-2.635448455810547,0.8659170269966125,1.2859212160110474,-2.1624372005462646,0.29114729166030884,1.102853775024414,-2.485538959503174,0.7416082620620728,1.8675925731658936,-0.06492755562067032,0.36971384286880493,1.8757078647613525,0.07078613340854645,0.7253170609474182,2.5379676818847656,-0.24419721961021423,0.3904537558555603,2.539839744567871,-0.2899295687675476,0.7528467774391174,3.2588562965393066,0.6771758794784546,0.4491802155971527,3.250784397125244,0.35750558972358704,0.7609072327613831,3.3744561672210693,0.7201756834983826,0.457213819026947,3.3533775806427,0.39906251430511475,0.7177563905715942,3.4942314624786377,-0.05673988536000252,0.5101242661476135,3.491631031036377,-0.421679824590683,0.4195291224164204,2
2026-09-24T12:27:26.826033,S012,S012_A5_Y_20260924_1227,elevated_20,A5,young,class_2,0.5292173624038696,0.5945268273353577,-2.281280279159546,0.5637476444244385,0.4884217083454132,-2.211099863052368,0.5879008173942566,0.4816214144229889,-2.211501121520996,0.6092237234115601,0.4760870933532715,-2.2117414474487305,0.477212131023407,0.5000578761100769,-2.2182528972625732,0.44851088523864746,0.5024783611297607,-2.2187349796295166,0.4267639219760895,0.5056868195533752,-2.219261646270752,0.6421455144882202,0.493539959192276,-1.5273517370224,0.3871258795261383,0.5208574533462524,-1.542525053024292,0.5801147222518921,0.6750943064689636,-1.9964735507965088,0.4883042275905609,0.6881118416786194,-2.0041134357452393,0.8452128171920776,0.8900174498558044,-0.954020619392395,0.22066161036491394,0.902492880821228,-0.9575573205947876,0.996350884437561,1.3089213371276855,-1.334925889968872,0.10863228887319565,1.3721237182617188,-1.3170053958892822,0.901842474937439,1.3171252012252808,-2.2494564056396484,0.26083046197891235,1.3501191139221191,-2.3919553756713867,0.88005530834198,1.338183045387268,-2.4319534301757812,0.30451327562332153,1.377063512802124,-2.6076455116271973,0.8397199511528015,1.2455165386199951,-2.4298908710479736,0.3028964102268219,1.309105634689331,-2.5922181606292725,0.8568782806396484,1.2577242851257324,-2.272589683532715,0.3031272292137146,1.2998615503311157,-2.417813777923584,0.7454477548599243,1.8644133806228638,-0.06506548076868057,0.3764611482620239,1.8735417127609253,0.07089966535568237,0.7292187809944153,2.4827613830566406,-0.2884330153465271,0.3963901400566101,2.5120856761932373,-0.2884768843650818,0.7721171975135803,3.206751585006714,0.6773931384086609,0.47131118178367615,3.2005527019500732,0.41511163115501404,0.7804141044616699,3.327409267425537,0.7272887229919434,0.4753298759460449,3.301785707473755,0.45945167541503906,0.7523136138916016,3.433943033218384,-0.03927513584494591,0.5471831560134888,3.4370510578155518,-0.36612826585769653,0.42117783394606895,2
2026-09-24T12:27:26.954098,S012,S012_A5_Y_20260924_1227,elevated_20,A5,young,class_2,0.5453212857246399,0.5936077833175659,-2.1687140464782715,0.5764938592910767,0.48780345916748047,-2.097813606262207,0.5980402231216431,0.4812045097351074,-2.098252534866333,0.6180347204208374,0.47587674856185913,-2.0984883308410645,0.49302005767822266,0.4992462992668152,-2.1149799823760986,0.4616625905036926,0.5015379190444946,-2.115342140197754,0.4348713457584381,0.5046870708465576,-2.1160242557525635,0.6454120874404907,0.4935019910335541,-1.4361021518707275,0.39034509658813477,0.520339846611023,-1.4963032007217407,0.5876933336257935,0.6749476194381714,-1.8939231634140015,0.4985836148262024,0.6886224746704102,-1.9143537282943726,0.8450447916984558,0.8855767846107483,-0.8873360753059387,0.22087566554546356,0.9029611349105835,-0.9523409008979797,0.9946638345718384,1.3179675340652466,-1.1724071502685547,0.140851691365242,1.4092000722885132,-1.2388619184494019,0.8879718780517578,1.3869997262954712,-2.0269176959991455,0.2756189703941345,1.4040608406066895,-2.199411630630493,0.8640133142471313,1.4298721551895142,-2.199763059616089,0.3126101791858673,1.4465714693069458,-2.4064106941223145,0.8360719680786133,1.3537657260894775,-2.218168020248413,0.3124469220638275,1.3789105415344238,-2.406095266342163,0.8417477607727051,1.3419677019119263,-2.0590310096740723,0.313662588596344,1.363945484161377,-2.2283170223236084,0.7488594651222229,1.8445709943771362,-0.062246181070804596,0.37821099162101746,1.8571617603302002,0.06783584505319595,0.7306660413742065,2.4891815185546875,-0.26811110973358154,0.3971662223339081,2.5225729942321777,-0.27685239911079407,0.7669368386268616,3.2222492694854736,0.674510657787323,0.46134328842163086,3.2154922485351562,0.3739604353904724,0.7793411016464233,3.347832202911377,0.7218528985977173,0.4652775228023529,3.3231232166290283,0.40936946868896484,0.7362416982650757,3.446204662322998,-0.054785579442977905,0.5324825048446655,3.4510695934295654,-0.4253641664981842,0.4217242378764433,2
2026-09-24T12:27:27.080338,S012,S012_A5_Y_20260924_1227,elevated_20,A5,young,class_2,0.5530000329017639,0.5935153961181641,-2.1892507076263428,0.5828354954719543,0.48735538125038147,-2.1124095916748047,0.6044015884399414,0.4809883236885071,-2.1129324436187744,0.6249167919158936,0.47587698698043823,-2.11312198638916,0.4982205927371979,0.49878546595573425,-2.1340391635894775,0.46604737639427185,0.5012061595916748,-2.1344523429870605,0.4381757378578186,0.5044607520103455,-2.1352310180664062,0.6505540013313293,0.4933808445930481,-1.434044599533081,0.3930954337120056,0.5199891328811646,-1.516088843345642,0.5922590494155884,0.6768150329589844,-1.909682273864746,0.5028622150421143,0.6903738379478455,-1.936287522315979,0.846369743347168,0.8856670260429382,-0.8590071797370911,0.22048285603523254,0.9087800979614258,-0.9782165288925171,0.9936230778694153,1.3304717540740967,-1.087491750717163,0.14637163281440735,1.470158338546753,-1.109154224395752,0.8908066749572754,1.4444433450698853,-2.0219905376434326,0.2601011395454407,1.6862279176712036,-2.0432496070861816,0.8665337562561035,1.5143356323242188,-2.2236170768737793,0.2872548997402191,1.7985955476760864,-2.246575117111206,0.8482781648635864,1.4370590448379517,-2.2713463306427,0.2987074851989746,1.7167012691497803,-2.254964590072632,0.8461067080497742,1.4310470819473267,-2.0709900856018066,0.3029547333717346,1.6680670976638794,-2.073409080505371,0.7498403191566467,1.8469609022140503,-0.05219919607043266,0.37731924653053284,1.8614501953125,0.05777270346879959,0.7314444184303284,2.5374643802642822,-0.27883172035217285,0.39670395851135254,2.5413362979888916,-0.3912535309791565,0.7650107145309448,3.2504141330718994,0.6037693023681641,0.4539927840232849,3.243779420852661,0.21321094036102295,0.7741885185241699,3.372962474822998,0.6442916989326477,0.4578942656517029,3.3561105728149414,0.2398175448179245,0.7327948808670044,3.4863743782043457,-0.14470826089382172,0.5248042345046997,3.479814052581787,-0.6321457028388977,0.4218122785131334,2
2026-09-24T12:27:27.209907,S012,S012_A5_Y_20260924_1227,elevated_20,A5,young,class_2,0.5553035140037537,0.5930166840553284,-2.109727382659912,0.5853291153907776,0.4871949553489685,-2.0395827293395996,0.6072680354118347,0.48088324069976807,-2.039992570877075,0.6282208561897278,0.4758008122444153,-2.0401484966278076,0.5006983280181885,0.4980545938014984,-2.056457042694092,0.4688746929168701,0.5003679394721985,-2.0565345287323,0.4405367970466614,0.5037685632705688,-2.0572149753570557,0.6546735763549805,0.49332934617996216,-1.3984159231185913,0.3962324261665344,0.5195599794387817,-1.4609452486038208,0.5962461829185486,0.6776098608970642,-1.8449989557266235,0.5052302479743958,0.6902657151222229,-1.864825963973999,0.8493645787239075,0.8896899819374084,-0.8493992686271667,0.22084161639213562,0.9106558561325073,-0.9566933512687683,0.9940959811210632,1.3445130586624146,-0.9516061544418335,0.1461772918701172,1.4930330514907837,-1.0656945705413818,0.9402424693107605,1.6196767091751099,-1.7312824726104736,0.25288382172584534,1.7348971366882324,-2.0067238807678223,0.9516998529434204,1.7394636869430542,-1.9408622980117798,0.27628129720687866,1.8550093173980713,-2.189502477645874,0.9110321998596191,1.6965779066085815,-2.1081697940826416,0.29892227053642273,1.7800345420837402,-2.209789276123047,0.8938243985176086,1.6438220739364624,-1.8142080307006836,0.3034418523311615,1.7272322177886963,-2.025861978530884,0.7520264983177185,1.855622410774231,-0.04721004143357277,0.3743627667427063,1.8740382194519043,0.05308978632092476,0.7426080703735352,2.6394119262695312,-0.20436719059944153,0.4010988771915436,2.6350300312042236,-0.39446204900741577,0.766700029373169,3.362358808517456,0.6165177226066589,0.45008355379104614,3.359067678451538,0.1915496438741684,0.7740387320518494,3.485266923904419,0.648152232170105,0.4542887210845947,3.483617067337036,0.21645581722259521,0.7265118360519409,3.6222314834594727,-0.162334144115448,0.5178676843643188,3.5969491004943848,-0.7086289525032043,0.42081681734645937,2
2026-09-24T12:27:27.374452,S012,S012_A5_Y_20260924_1227,elevated_20,A5,young,class_2,0.5537446141242981,0.5948140025138855,-2.065807819366455,0.5865300297737122,0.4887157082557678,-1.9998499155044556,0.6089156866073608,0.483028382062912,-2.0002753734588623,0.6302666068077087,0.47863009572029114,-2.0004749298095703,0.5011420249938965,0.49984249472618103,-2.011824131011963,0.46922963857650757,0.5025051236152649,-2.0118565559387207,0.44100746512413025,0.506239652633667,-2.01252818107605,0.6589035987854004,0.49573376774787903,-1.3759145736694336,0.39923954010009766,0.521335780620575,-1.4148166179656982,0.5961650609970093,0.6807165145874023,-1.8070180416107178,0.5045867562294006,0.6929541230201721,-1.8198049068450928,0.852142333984375,0.8920948505401611,-0.8378475904464722,0.22203731536865234,0.9105940461158752,-0.917395293712616,0.9935803413391113,1.3555108308792114,-0.8114112615585327,0.14488768577575684,1.4920321702957153,-0.8312181234359741,0.9489768147468567,1.7065235376358032,-1.478997826576233,0.23985008895397186,1.7890410423278809,-1.626997947692871,0.9680797457695007,1.843192219734192,-1.6687825918197632,0.24741411209106445,1.9215233325958252,-1.8481194972991943,0.9202547073364258,1.811022400856018,-1.7973359823226929,0.2878550589084625,1.8652138710021973,-1.9370429515838623,0.90009605884552,1.7513431310653687,-1.5560944080352783,0.29667797684669495,1.8074952363967896,-1.6900956630706787,0.751700758934021,1.8557263612747192,-0.04799077659845352,0.3729797601699829,1.8732335567474365,0.05397187918424606,0.7423515319824219,2.654468059539795,-0.2488570660352707,0.4007434844970703,2.6359848976135254,-0.4618794322013855,0.7648308277130127,3.3792405128479004,0.47751912474632263,0.4484194219112396,3.3679826259613037,0.02271469309926033,0.7720513343811035,3.5010859966278076,0.4998359680175781,0.4523014426231384,3.4952125549316406,0.038182880729436874,0.7183180451393127,3.637282371520996,-0.3570195436477661,0.5165774822235107,3.60290789604187,-0.8964927792549133,0.41995764974721667,2
2026-09-24T12:27:27.530434,S012,S012_A5_Y_20260924_1227,elevated_20,A5,young,class_2,0.5536105632781982,0.5957834720611572,-2.031485080718994,0.5869566798210144,0.4887181520462036,-1.9648189544677734,0.6095578074455261,0.4830605387687683,-1.9652416706085205,0.631025493144989,0.4786757230758667,-1.965435266494751,0.5018399953842163,0.4999743402004242,-1.9833930730819702,0.4701506197452545,0.5027541518211365,-1.982982873916626,0.442003071308136,0.5066305994987488,-1.9837000370025635,0.6600728631019592,0.4960286021232605,-1.3488385677337646,0.40105360746383667,0.5218124985694885,-1.4043934345245361,0.5965116024017334,0.6820363402366638,-1.7767292261123657,0.5051055550575256,0.694523274898529,-1.7974830865859985,0.8527679443359375,0.8955335021018982,-0.8296225666999817,0.22228416800498962,0.9117164015769958,-0.9033318758010864,0.9934117197990417,1.3756803274154663,-0.778596043586731,0.14466309547424316,1.502451777458191,-0.7739466428756714,0.9481155276298523,1.7646446228027344,-1.438920259475708,0.2257489711046219,1.833436369895935,-1.5376344919204712,0.968248724937439,1.909229040145874,-1.634068250656128,0.22208388149738312,1.9723155498504639,-1.7674338817596436,0.9168950915336609,1.8807950019836426,-1.7511790990829468,0.2694113850593567,1.921607494354248,-1.868922472000122,0.8967232704162598,1.82020103931427,-1.5151833295822144,0.2845221161842346,1.8627129793167114,-1.607886552810669,0.7530742287635803,1.8574870824813843,-0.04833349585533142,0.37275516986846924,1.8755356073379517,0.054466623812913895,0.7430023550987244,2.672469139099121,-0.2456885129213333,0.4001995027065277,2.6515696048736572,-0.4492212235927582,0.7631589770317078,3.3961167335510254,0.5159009099006653,0.44079795479774475,3.387087345123291,0.10159295797348022,0.770139753818512,3.5159194469451904,0.5460196733474731,0.44560232758522034,3.5135929584503174,0.12425859272480011,0.7130162715911865,3.6579604148864746,-0.28176552057266235,0.5096326470375061,3.6268413066864014,-0.8247019648551941,0.41934815157318633,2
2026-09-24T12:27:27.678547,S012,S012_A5_Y_20260924_1227,elevated_20,A5,young,class_2,0.5524080395698547,0.595859169960022,-1.9580156803131104,0.5858842134475708,0.4886656403541565,-1.8997621536254883,0.6085761785507202,0.4830297827720642,-1.9003092050552368,0.6302622556686401,0.4786137640476227,-1.9006528854370117,0.5003123879432678,0.499594122171402,-1.9116332530975342,0.46871107816696167,0.5023204684257507,-1.91127610206604,0.44113999605178833,0.5062064528465271,-1.9119058847427368,0.6594263315200806,0.49569764733314514,-1.2923816442489624,0.4008804261684418,0.5212541222572327,-1.323527216911316,0.5962427258491516,0.681949257850647,-1.7023184299468994,0.5046132802963257,0.6944905519485474,-1.7133995294570923,0.8526840209960938,0.8916551470756531,-0.7703080773353577,0.2238951474428177,0.9115682244300842,-0.7859317660331726,0.9867895841598511,1.3745068311691284,-0.7093116641044617,0.15739187598228455,1.4974478483200073,-0.7002006769180298,0.9451595544815063,1.7395902872085571,-1.336209774017334,0.2320595532655716,1.7672455310821533,-1.5253729820251465,0.9640029072761536,1.877413034439087,-1.5216468572616577,0.23038525879383087,1.886293888092041,-1.7531242370605469,0.9134652018547058,1.8458178043365479,-1.6429706811904907,0.27260977029800415,1.8321611881256104,-1.8531814813613892,0.8939167261123657,1.7878425121307373,-1.4116952419281006,0.28644612431526184,1.7801719903945923,-1.5972635746002197,0.7535302639007568,1.8500499725341797,-0.048609986901283264,0.3736676871776581,1.8698961734771729,0.05481719970703125,0.7458076477050781,2.6645448207855225,-0.24647286534309387,0.40216898918151855,2.643927574157715,-0.44241228699684143,0.7631036043167114,3.385005474090576,0.4926227927207947,0.44089651107788086,3.3762779235839844,0.023495128378272057,0.7702992558479309,3.5048255920410156,0.518024742603302,0.44631823897361755,3.5025084018707275,0.036906130611896515,0.7115329504013062,3.6410653591156006,-0.3195036053657532,0.5085774660110474,3.6128499507904053,-0.8840352892875671,0.4186295729552071,2
2026-09-24T12:27:27.815342,S012,S012_A5_Y_20260924_1227,elevated_20,A5,young,class_2,0.5414342880249023,0.590884804725647,-1.9036248922348022,0.5775219202041626,0.48567435145378113,-1.8366546630859375,0.6018287539482117,0.4799872636795044,-1.837095856666565,0.6237146854400635,0.47508248686790466,-1.8372634649276733,0.49107080698013306,0.4963265359401703,-1.8439232110977173,0.4608277678489685,0.4982675313949585,-1.8435100317001343,0.4368245601654053,0.5020536184310913,-1.844169020652771,0.6570947170257568,0.4928293824195862,-1.235262155532837,0.3992794156074524,0.51866215467453,-1.2459781169891357,0.5914326906204224,0.6763335466384888,-1.6562626361846924,0.4967687726020813,0.6885254383087158,-1.6617889404296875,0.8533124923706055,0.8979560136795044,-0.7329691648483276,0.22394223511219025,0.9114099144935608,-0.7751724720001221,0.9841777682304382,1.3974015712738037,-0.7004455924034119,0.1549769788980484,1.4931014776229858,-0.751405656337738,0.9386496543884277,1.762961506843567,-1.3202252388000488,0.2316802740097046,1.7498457431793213,-1.5935609340667725,0.9618571400642395,1.9021739959716797,-1.5071427822113037,0.2328493595123291,1.8738629817962646,-1.826416015625,0.9036632776260376,1.8697035312652588,-1.6089483499526978,0.27602487802505493,1.8159903287887573,-1.9081084728240967,0.882279098033905,1.8088284730911255,-1.390261173248291,0.2874845266342163,1.763574481010437,-1.6584186553955078,0.752447247505188,1.8586972951889038,-0.04871547967195511,0.3643640875816345,1.8729556798934937,0.05506046861410141,0.7435826659202576,2.6775307655334473,-0.14347894489765167,0.3965260982513428,2.651305913925171,-0.43657660484313965,0.7554104328155518,3.3935482501983643,0.7206745743751526,0.4247306287288666,3.385232448577881,0.20151445269584656,0.7633095979690552,3.5125839710235596,0.7547623515129089,0.42888832092285156,3.511774778366089,0.23124238848686218,0.6932249665260315,3.651620626449585,-0.13514265418052673,0.4911881983280182,3.6236038208007812,-0.82880038022995,0.41767416531541984,2
2026-09-24T12:27:27.950228,S012,S012_A5_Y_20260924_1227,elevated_20,A5,young,class_2,0.539472222328186,0.5882624387741089,-1.9974613189697266,0.5755447149276733,0.48152390122413635,-1.9235270023345947,0.6001678109169006,0.4752518832683563,-1.9239864349365234,0.6222163438796997,0.46974146366119385,-1.9241018295288086,0.4885341227054596,0.4935665428638458,-1.935426950454712,0.45859450101852417,0.49529996514320374,-1.935530424118042,0.435375452041626,0.4991523325443268,-1.9361937046051025,0.6566006541252136,0.4881036579608917,-1.2659028768539429,0.3983345627784729,0.516897439956665,-1.299180269241333,0.5907673239707947,0.673419713973999,-1.7279220819473267,0.4957783818244934,0.6859847903251648,-1.7404674291610718,0.8532415628433228,0.8976537585258484,-0.7408238053321838,0.2240932285785675,0.9112886190414429,-0.8237866163253784,0.985856831073761,1.3757215738296509,-1.0111786127090454,0.15554554760456085,1.477981686592102,-1.118567705154419,0.9148938059806824,1.531235933303833,-1.840296745300293,0.28355672955513,1.4337488412857056,-2.068150281906128,0.9138938188552856,1.5995405912399292,-2.0045182704925537,0.3195924162864685,1.4486316442489624,-2.287665843963623,0.8764767646789551,1.5371202230453491,-2.0387020111083984,0.3290988504886627,1.3759156465530396,-2.2623682022094727,0.8638289570808411,1.5049948692321777,-1.881060242652893,0.3299117088317871,1.3676016330718994,-2.0875539779663086,0.753440260887146,1.858665108680725,-0.04883558303117752,0.36574703454971313,1.8719066381454468,0.05519028380513191,0.7454475164413452,2.6716692447662354,-0.11008689552545547,0.4025839865207672,2.646780252456665,-0.3484402596950531,0.7620192170143127,3.387223243713379,0.6856538653373718,0.438131183385849,3.3781204223632812,0.22331571578979492,0.7681125402450562,3.5064878463745117,0.7172170281410217,0.44435542821884155,3.5038726329803467,0.246535986661911,0.7117747664451599,3.6458706855773926,-0.14759625494480133,0.5015287399291992,3.617128610610962,-0.7354796528816223,0.4176719050548413,2
2026-09-24T12:27:28.070750,S012,S012_A5_Y_20260924_1227,elevated_20,A5,young,class_2,0.5392845869064331,0.581527829170227,-1.9882217645645142,0.5751056671142578,0.4739343822002411,-1.9101377725601196,0.5996966361999512,0.46759113669395447,-1.910684585571289,0.6216390132904053,0.46233853697776794,-1.9108701944351196,0.4883263111114502,0.4873127043247223,-1.9213736057281494,0.45832881331443787,0.489149272441864,-1.9216270446777344,0.43511253595352173,0.4934481978416443,-1.922309160232544,0.656413733959198,0.4824444055557251,-1.2524155378341675,0.39778509736061096,0.514898419380188,-1.2799694538116455,0.5903673768043518,0.667407214641571,-1.716560959815979,0.495612233877182,0.6811311841011047,-1.728219747543335,0.8535388708114624,0.8957628011703491,-0.7347737550735474,0.22421059012413025,0.9122745394706726,-0.8045755624771118,0.9915388822555542,1.3620988130569458,-1.0766384601593018,0.15690946578979492,1.4770466089248657,-1.1710423231124878,0.9135974645614624,1.4540129899978638,-1.9841554164886475,0.2977396547794342,1.4138941764831543,-2.239377975463867,0.9082039594650269,1.507677435874939,-2.165867567062378,0.3383951485157013,1.4277104139328003,-2.4756979942321777,0.8757107853889465,1.4376928806304932,-2.19461989402771,0.3448098301887512,1.3514682054519653,-2.449181079864502,0.8638170957565308,1.4145925045013428,-2.0238661766052246,0.34445735812187195,1.3435858488082886,-2.2624497413635254,0.7602375149726868,1.8581733703613281,-0.05115470290184021,0.374705970287323,1.870540976524353,0.05724675580859184,0.7532362341880798,2.670226573944092,-0.12277950346469879,0.41480374336242676,2.637831449508667,-0.34475177526474,0.7780705690383911,3.38344144821167,0.6246803998947144,0.4576633870601654,3.3651998043060303,0.21315543353557587,0.7843508720397949,3.502861976623535,0.6508969068527222,0.4636417329311371,3.485825777053833,0.23370817303657532,0.7344647645950317,3.6258039474487305,-0.1975221335887909,0.5208443403244019,3.595784902572632,-0.7339992523193359,0.41822370602158393,2
2026-09-24T12:27:28.202533,S012,S012_A5_Y_20260924_1227,elevated_20,A5,young,class_2,0.5422347784042358,0.5804216265678406,-1.9880049228668213,0.5773380398750305,0.4734683632850647,-1.9094187021255493,0.6014276742935181,0.4673748314380646,-1.9099512100219727,0.6229408383369446,0.46235358715057373,-1.9101155996322632,0.49241575598716736,0.4849584996700287,-1.9212234020233154,0.462526798248291,0.4864879846572876,-1.921442985534668,0.43749380111694336,0.4897594451904297,-1.9221299886703491,0.656574010848999,0.4821698069572449,-1.2622963190078735,0.39931896328926086,0.5113629698753357,-1.3092901706695557,0.590691328048706,0.6662989854812622,-1.719783067703247,0.4965067505836487,0.6791642904281616,-1.7332544326782227,0.8535078167915344,0.894957959651947,-0.7443143725395203,0.22324959933757782,0.9123798608779907,-0.8312234878540039,0.9787887334823608,1.3632787466049194,-0.7919018864631653,0.14225326478481293,1.4859825372695923,-0.762698769569397,0.9142155647277832,1.639273762702942,-1.489437222480774,0.23181121051311493,1.7940208911895752,-1.4320104122161865,0.9184865951538086,1.763052225112915,-1.6858766078948975,0.23676462471485138,1.932955026626587,-1.6478561162948608,0.8789798021316528,1.731760859489441,-1.7980842590332031,0.28044742345809937,1.8859277963638306,-1.7484012842178345,0.8639402389526367,1.6775254011154175,-1.5649913549423218,0.29313433170318604,1.8259906768798828,-1.498136281967163,0.7589454650878906,1.855556607246399,-0.04770069569349289,0.3729044198989868,1.867582082748413,0.054149676114320755,0.7505886554718018,2.6669116020202637,-0.216142937541008,0.407515287399292,2.6364314556121826,-0.40892061591148376,0.7728000283241272,3.380864143371582,0.5750832557678223,0.44843965768814087,3.3632078170776367,0.14216162264347076,0.7797489166259766,3.500783681869507,0.6036399602890015,0.45284461975097656,3.4843716621398926,0.1620025932788849,0.7242279052734375,3.624401569366455,-0.2530565857887268,0.5150008797645569,3.595074415206909,-0.7837344408035278,0.4179928318322213,2
2026-09-24T12:27:28.331492,S012,S012_A5_Y_20260924_1227,elevated_20,A5,young,class_2,0.5437572598457336,0.5791776180267334,-1.9644063711166382,0.5793147683143616,0.4731024205684662,-1.8857158422470093,0.6030843257904053,0.467420369386673,-1.8861875534057617,0.6248188614845276,0.4627746045589447,-1.886309266090393,0.4960341453552246,0.4815269112586975,-1.8984105587005615,0.4673070013523102,0.48217999935150146,-1.8983838558197021,0.44186344742774963,0.48384031653404236,-1.8990590572357178,0.6578287482261658,0.4839535653591156,-1.254967212677002,0.4055057168006897,0.5077664852142334,-1.3016574382781982,0.5908107161521912,0.6655446290969849,-1.7063649892807007,0.4973515570163727,0.6755520701408386,-1.7210524082183838,0.8524746894836426,0.8949285745620728,-0.744381308555603,0.2210807502269745,0.9120725393295288,-0.8175144195556641,0.9705559015274048,1.3677793741226196,-0.7244345545768738,0.13005991280078888,1.4841986894607544,-0.7206205129623413,0.9141772389411926,1.7057584524154663,-1.3916411399841309,0.21331515908241272,1.8004390001296997,-1.4777390956878662,0.9194363355636597,1.8401812314987183,-1.5887649059295654,0.21686510741710663,1.9351346492767334,-1.7083330154418945,0.8788589239120483,1.807887315750122,-1.7032279968261719,0.2654630243778229,1.8809400796890259,-1.8008697032928467,0.8626449704170227,1.7511128187179565,-1.4677976369857788,0.2787071466445923,1.8241500854492188,-1.5436592102050781,0.7437955737113953,1.853141188621521,-0.047688256949186325,0.36087867617607117,1.8635669946670532,0.054189570248126984,0.728543758392334,2.6648013591766357,-0.27635854482650757,0.38292986154556274,2.636119842529297,-0.44787484407424927,0.7412968873977661,3.3788034915924072,0.49786487221717834,0.41706475615501404,3.362121105194092,0.06876080483198166,0.7475910186767578,3.4986860752105713,0.5246656537055969,0.41993603110313416,3.4829413890838623,0.08640512079000473,0.6874499320983887,3.6224944591522217,-0.33980056643486023,0.48252540826797485,3.5945448875427246,-0.8556879758834839,0.41798103063025116,2
2026-09-24T12:27:28.465411,S012,S012_A5_Y_20260924_1227,elevated_20,A5,young,class_2,0.5489000678062439,0.568321168422699,-1.96087646484375,0.5828759670257568,0.4647256135940552,-1.876905083656311,0.6059647798538208,0.4613223969936371,-1.8773746490478516,0.6280323266983032,0.4590297043323517,-1.8774524927139282,0.5032946467399597,0.47026315331459045,-1.8929026126861572,0.47612953186035156,0.4704361855983734,-1.8928343057632446,0.450955331325531,0.47167596220970154,-1.8935518264770508,0.6604788303375244,0.4839882254600525,-1.2380784749984741,0.41347795724868774,0.501868486404419,-1.2999916076660156,0.5926358103752136,0.6590325236320496,-1.7035878896713257,0.502226710319519,0.664150595664978,-1.720838189125061,0.8511322140693665,0.8947399258613586,-0.7369369268417358,0.2211674451828003,0.9111273884773254,-0.8194524645805359,0.9623244404792786,1.3688082695007324,-0.7345768213272095,0.12421689927577972,1.4832264184951782,-0.7742864489555359,0.912968635559082,1.707146167755127,-1.4442609548568726,0.2126195728778839,1.7952971458435059,-1.5716989040374756,0.9198832511901855,1.838469386100769,-1.6442312002182007,0.21906962990760803,1.928561806678772,-1.80793035030365,0.8779268264770508,1.8031209707260132,-1.7494351863861084,0.2662976384162903,1.8715931177139282,-1.8875592947006226,0.8606006503105164,1.7479088306427002,-1.5180000066757202,0.2786783277988434,1.8151073455810547,-1.6334683895111084,0.7395232915878296,1.8487473726272583,-0.04557365924119949,0.3561209440231323,1.8576098680496216,0.05217660591006279,0.7203842401504517,2.6600940227508545,-0.2624034285545349,0.37540310621261597,2.6256463527679443,-0.4769488275051117,0.7307940721511841,3.3740198612213135,0.5233016610145569,0.40691059827804565,3.3498215675354004,0.07844243198633194,0.7362135648727417,3.4935426712036133,0.5518017411231995,0.40896978974342346,3.471893310546875,0.09944887459278107,0.6770570874214172,3.6177172660827637,-0.30493804812431335,0.4732014536857605,3.5783042907714844,-0.8464674949645996,0.4181182648193719,2
2026-09-24T12:27:28.614284,S012,S012_A5_Y_20260924_1227,elevated_20,A5,young,class_2,0.5586676001548767,0.5611780881881714,-1.9445936679840088,0.5936106443405151,0.4602997601032257,-1.8587653636932373,0.616826057434082,0.45894917845726013,-1.8591299057006836,0.6392563581466675,0.45817694067955017,-1.8591861724853516,0.5161260366439819,0.4589815139770508,-1.8792692422866821,0.4881151616573334,0.4570700228214264,-1.8790556192398071,0.4632042944431305,0.45683735609054565,-1.8797328472137451,0.6693109273910522,0.48402854800224304,-1.2248752117156982,0.42057713866233826,0.487561970949173,-1.300550103187561,0.5976887941360474,0.6557942032814026,-1.6914088726043701,0.5076271891593933,0.6556724309921265,-1.7150357961654663,0.8493726849555969,0.8947563171386719,-0.7266091108322144,0.21995632350444794,0.907065749168396,-0.8418631553649902,0.9543473124504089,1.3805773258209229,-0.7128932476043701,0.11905418336391449,1.484130859375,-0.7832927107810974,0.9087916612625122,1.7300065755844116,-1.4322679042816162,0.21056175231933594,1.8047534227371216,-1.5378798246383667,0.9194196462631226,1.86293363571167,-1.6372430324554443,0.2172042578458786,1.9387212991714478,-1.7718126773834229,0.8736878633499146,1.8280986547470093,-1.7445520162582397,0.265495240688324,1.8827872276306152,-1.861355185508728,0.8539423942565918,1.771594524383545,-1.508061408996582,0.2776194214820862,1.8253647089004517,-1.6007416248321533,0.7337610125541687,1.8474725484848022,-0.039380524307489395,0.34909024834632874,1.8532062768936157,0.04607934132218361,0.6982535719871521,2.6589276790618896,-0.1694541871547699,0.3521907329559326,2.6252665519714355,-0.4514670968055725,0.6931294202804565,3.373891592025757,0.6272619962692261,0.36883923411369324,3.349754571914673,0.1422625631093979,0.6959094405174255,3.4937729835510254,0.6553820371627808,0.36935701966285706,3.4717090129852295,0.16475073993206024,0.6373084783554077,3.617569923400879,-0.20545801520347595,0.43055957555770874,3.5792317390441895,-0.8194692730903625,0.4186118133262481,2
2026-09-24T12:27:28.762844,S012,S012_A5_Y_20260924_1227,elevated_20,A5,young,class_2,0.5632736086845398,0.5585023760795593,-1.9530681371688843,0.5979278087615967,0.45831891894340515,-1.8599529266357422,0.6212882995605469,0.45756345987319946,-1.8602956533432007,0.6436324715614319,0.457403302192688,-1.8604013919830322,0.5199465155601501,0.4553171396255493,-1.8822733163833618,0.4909220337867737,0.4527219235897064,-1.882206678390503,0.46631312370300293,0.45221102237701416,-1.8828344345092773,0.6759957075119019,0.4838782846927643,-1.2240993976593018,0.424471378326416,0.48256435990333557,-1.2995525598526,0.600739598274231,0.6523510813713074,-1.6926610469818115,0.512304961681366,0.649341344833374,-1.7193950414657593,0.8489288091659546,0.8930365443229675,-0.7293115854263306,0.2228412926197052,0.9038259387016296,-0.8416247367858887,0.9556153416633606,1.3565757274627686,-0.8284314274787903,0.1211332455277443,1.4607058763504028,-1.0851762294769287,0.9089628458023071,1.645301342010498,-1.5885144472122192,0.2742707431316376,1.4619845151901245,-2.087606906890869,0.9196227788925171,1.760267972946167,-1.765840768814087,0.3160141110420227,1.4889981746673584,-2.328878402709961,0.8737924695014954,1.7089653015136719,-1.852321982383728,0.33392369747161865,1.4122061729431152,-2.320547580718994,0.8546048998832703,1.6576226949691772,-1.6498218774795532,0.3337615132331848,1.398863434791565,-2.114865303039551,0.7339950203895569,1.8419666290283203,-0.0378156378865242,0.35057181119918823,1.8454831838607788,0.04407082125544548,0.7011814713478088,2.6492233276367188,-0.17155179381370544,0.35599568486213684,2.613330841064453,-0.44999274611473083,0.7011968493461609,3.36446213722229,0.5881214737892151,0.37133631110191345,3.3416330814361572,0.05511545389890671,0.7049560546875,3.4850192070007324,0.6095541715621948,0.37206387519836426,3.46547532081604,0.0687827616930008,0.6444559097290039,3.600632667541504,-0.2194729745388031,0.4368748068809509,3.5598769187927246,-0.8442630767822266,0.41984306623282575,2
2026-09-24T12:27:28.902249,S012,S012_A5_Y_20260924_1227,elevated_20,A5,young,class_2,0.5632236003875732,0.5488717555999756,-1.8692986965179443,0.5988702774047852,0.45047685503959656,-1.7829173803329468,0.6227013468742371,0.45116719603538513,-1.7833690643310547,0.6456562280654907,0.45257705450057983,-1.7833820581436157,0.5201043486595154,0.4453466534614563,-1.7953155040740967,0.4913596510887146,0.4431913197040558,-1.795358419418335,0.4671940803527832,0.4431629478931427,-1.796007752418518,0.6818112730979919,0.4823804497718811,-1.1472121477127075,0.42695555090904236,0.47578611969947815,-1.1913881301879883,0.6019106507301331,0.6444368958473206,-1.6154005527496338,0.5126126408576965,0.636987566947937,-1.6310819387435913,0.850383460521698,0.8924095034599304,-0.6784389615058899,0.2315547913312912,0.8982778787612915,-0.753214955329895,0.9599574208259583,1.3388677835464478,-0.8192846179008484,0.1304447054862976,1.419394850730896,-1.0210974216461182,0.9142378568649292,1.6117324829101562,-1.5877587795257568,0.29410213232040405,1.417889952659607,-2.026414155960083,0.9251349568367004,1.7238926887512207,-1.7539904117584229,0.33546528220176697,1.4557808637619019,-2.2691173553466797,0.8810192942619324,1.6726948022842407,-1.8360309600830078,0.353890061378479,1.3802677392959595,-2.2694315910339355,0.8630791902542114,1.6227831840515137,-1.6446377038955688,0.3529112935066223,1.3647819757461548,-2.05800199508667,0.7369070053100586,1.8397376537322998,-0.03777192160487175,0.3560461401939392,1.8403294086456299,0.043912820518016815,0.7056254744529724,2.6440796852111816,-0.16777102649211884,0.3675200343132019,2.607671022415161,-0.4515487253665924,0.7021514177322388,3.3605797290802,0.5438547134399414,0.3803427219390869,3.3386785984039307,0.0069404952228069305,0.7058743834495544,3.4827592372894287,0.559770405292511,0.380942702293396,3.4641430377960205,0.01581123284995556,0.6480250954627991,3.591022491455078,-0.26003679633140564,0.44389042258262634,3.5505526065826416,-0.8818262815475464,0.4215294331908367,2
2026-09-24T12:27:29.024801,S012,S012_A5_Y_20260924_1227,elevated_20,A5,young,class_2,0.5605924725532532,0.5164021253585815,-1.7484391927719116,0.5985210537910461,0.4261050522327423,-1.658776044845581,0.6225675344467163,0.429729163646698,-1.6592724323272705,0.6451166868209839,0.43500980734825134,-1.659238576889038,0.5191186666488647,0.4200359880924225,-1.6625125408172607,0.4903928339481354,0.4184713661670685,-1.6625274419784546,0.46675437688827515,0.41788193583488464,-1.663177728652954,0.681573748588562,0.47739920020103455,-1.0215399265289307,0.4321359694004059,0.45558175444602966,-1.02818763256073,0.601751446723938,0.6171448826789856,-1.499140977859497,0.5115368962287903,0.6047190427780151,-1.5035288333892822,0.8505872488021851,0.8929875493049622,-0.6252710223197937,0.23481127619743347,0.8905953168869019,-0.6211454272270203,0.95984947681427,1.3384113311767578,-0.9388412237167358,0.14040857553482056,1.3827614784240723,-1.0775855779647827,0.8814560174942017,1.5251580476760864,-1.7450517416000366,0.31556159257888794,1.2525112628936768,-2.200122833251953,0.8733622431755066,1.6073120832443237,-1.9178184270858765,0.3644089102745056,1.2402136325836182,-2.448843240737915,0.8414942026138306,1.538793921470642,-1.9628499746322632,0.3713493347167969,1.1609138250350952,-2.410008430480957,0.8320902585983276,1.507864236831665,-1.7885792255401611,0.36999204754829407,1.1710442304611206,-2.2195794582366943,0.7348117828369141,1.8462733030319214,-0.04866188019514084,0.35616162419319153,1.840867519378662,0.05431336164474487,0.7031595706939697,2.6436831951141357,-0.16451118886470795,0.3677705228328705,2.6013150215148926,-0.39482954144477844,0.698881208896637,3.3592097759246826,0.5362820029258728,0.38094186782836914,3.3312580585479736,0.019463691860437393,0.7010537385940552,3.4783787727355957,0.5526386499404907,0.3818831741809845,3.4521982669830322,0.020271779969334602,0.6484073400497437,3.586246967315674,-0.28213393688201904,0.4320058226585388,3.540067195892334,-0.82646644115448,0.4240048074892856,2
2026-09-24T12:27:29.140763,S012,S012_A5_Y_20260924_1227,elevated_20,A5,young,class_2,0.4883245825767517,0.49863290786743164,-1.487950086593628,0.5442702770233154,0.40868809819221497,-1.4366375207901,0.5740054845809937,0.41387316584587097,-1.4369618892669678,0.6014003157615662,0.42061227560043335,-1.4368302822113037,0.4767290949821472,0.39852824807167053,-1.382256269454956,0.4594256281852722,0.3958335220813751,-1.3821083307266235,0.44576510787010193,0.3932563364505768,-1.382851004600525,0.6585093140602112,0.47012007236480713,-0.9674993753433228,0.4362512528896332,0.4303521513938904,-0.7200427651405334,0.5421338081359863,0.6014831066131592,-1.3021929264068604,0.4579526484012604,0.587234616279602,-1.232757806777954,0.8505316972732544,0.8943262696266174,-0.6396214962005615,0.24679207801818848,0.8837225437164307,-0.3059929311275482,0.9350248575210571,1.362364411354065,-1.3171740770339966,0.14311668276786804,1.32227623462677,-0.7400697469711304,0.6330211758613586,1.0245938301086426,-1.924673318862915,0.3085986375808716,1.2611027956008911,-1.8015419244766235,0.6201245784759521,1.0538935661315918,-2.056734800338745,0.35353344678878784,1.2744442224502563,-1.9672772884368896,0.631248950958252,0.9780247807502747,-1.9783254861831665,0.3633233904838562,1.215309739112854,-1.887210488319397,0.641923725605011,1.0055642127990723,-1.9043045043945312,0.36264950037002563,1.2170370817184448,-1.8017635345458984,0.7252684831619263,1.8751198053359985,-0.12424168735742569,0.3562438189983368,1.8465921878814697,0.12993313372135162,0.6849138736724854,2.5360841751098633,-0.3153311014175415,0.35274314880371094,2.519500732421875,-0.20346221327781677,0.6838855743408203,3.2670276165008545,0.3411918580532074,0.3768060505390167,3.2397377490997314,0.18584443628787994,0.6929071545600891,3.3887765407562256,0.362185537815094,0.38286739587783813,3.3517115116119385,0.19323164224624634,0.6245782375335693,3.481262683868408,-0.39111146330833435,0.3921152651309967,3.4564878940582275,-0.5506235361099243,0.42612392464952514,2
2026-09-24T12:27:29.267437,S012,S012_A5_Y_20260924_1227,elevated_20,A5,young,class_2,0.4230903089046478,0.4827527403831482,-1.2808938026428223,0.4775920510292053,0.39194220304489136,-1.2841808795928955,0.508989155292511,0.39580419659614563,-1.2846565246582031,0.5431891083717346,0.4014112055301666,-1.2846144437789917,0.4290652275085449,0.3849776089191437,-1.1971396207809448,0.41958126425743103,0.38303136825561523,-1.1970363855361938,0.41040071845054626,0.381107896566391,-1.1979458332061768,0.6297786831855774,0.45777347683906555,-1.0145349502563477,0.4364834427833557,0.4211004972457886,-0.6218772530555725,0.4694150388240814,0.5810444355010986,-1.1688569784164429,0.411186546087265,0.5699622631072998,-1.0528013706207275,0.8519883155822754,0.9012269973754883,-0.6833373308181763,0.2516072392463684,0.8826991319656372,-0.2755119204521179,0.9353078603744507,1.409096121788025,-1.0951745510101318,0.14301207661628723,1.3477787971496582,-0.3106124997138977,0.6941710114479065,1.4185870885849,-1.6610908508300781,0.19137564301490784,1.6414240598678589,-1.1483839750289917,0.7219563126564026,1.4791220426559448,-1.800000786781311,0.1815309226512909,1.7854431867599487,-1.321805715560913,0.709492564201355,1.4142282009124756,-1.798969030380249,0.22354789078235626,1.752271056175232,-1.3867168426513672,0.7064549326896667,1.3800183534622192,-1.6682751178741455,0.24024324119091034,1.695311427116394,-1.2094683647155762,0.7210005521774292,1.9079334735870361,-0.1439209282398224,0.35255318880081177,1.8642886877059937,0.15021583437919617,0.6819967031478882,2.5443499088287354,-0.5132854580879211,0.3462628722190857,2.5135562419891357,-0.16403906047344208,0.6835627555847168,3.276454210281372,0.18189454078674316,0.36362946033477783,3.242844581604004,0.22264797985553741,0.695989727973938,3.4015583992004395,0.20727220177650452,0.3686982989311218,3.3611433506011963,0.23132510483264923,0.6100559830665588,3.4910895824432373,-0.5374163389205933,0.37067490816116333,3.468743324279785,-0.4921189844608307,0.4235412184039667,2
2026-09-24T12:27:29.391049,S012,S012_A5_Y_20260924_1227,elevated_20,A5,young,class_2,0.3812949061393738,0.46903517842292786,-0.9685980677604675,0.43234118819236755,0.3790932893753052,-1.0233155488967896,0.4550575315952301,0.381283164024353,-1.0236504077911377,0.47957515716552734,0.3847886919975281,-1.023723840713501,0.39889413118362427,0.3760654032230377,-0.9029077291488647,0.39480337500572205,0.3749796152114868,-0.9027795791625977,0.39124810695648193,0.3737720549106598,-0.9037755727767944,0.5839036107063293,0.439757764339447,-0.9809120297431946,0.4505469799041748,0.41214001178741455,-0.42337942123413086,0.4294707179069519,0.5608514547348022,-0.9322129487991333,0.38545674085617065,0.5529049634933472,-0.7708355188369751,0.8550944328308105,0.9000508189201355,-0.7187572717666626,0.26669591665267944,0.8684595823287964,-0.14086255431175232,0.9370266795158386,1.407827615737915,-0.911410927772522,0.14377759397029877,1.33706533908844,0.06783197075128555,0.7283099293708801,1.5589350461959839,-1.0628966093063354,0.16604211926460266,1.6601128578186035,-0.47184666991233826,0.7629472017288208,1.6573033332824707,-1.1518266201019287,0.14868441224098206,1.7973823547363281,-0.5887317061424255,0.7492662668228149,1.614927053451538,-1.1878275871276855,0.19135215878486633,1.7746633291244507,-0.6491973996162415,0.7401173710823059,1.555210828781128,-1.0828635692596436,0.20729152858257294,1.7164075374603271,-0.5268792510032654,0.7218665480613708,1.9020994901657104,-0.15752388536930084,0.35493215918540955,1.8631619215011597,0.1642979085445404,0.6851078271865845,2.557316780090332,-0.4905402660369873,0.34724104404449463,2.526343584060669,-0.18709957599639893,0.6848350167274475,3.280961036682129,0.03444356471300125,0.36677390336990356,3.253082036972046,0.06348712742328644,0.7029333114624023,3.420384645462036,0.04787136986851692,0.37027108669281006,3.3644773960113525,0.05875302478671074,0.6142403483390808,3.5055325031280518,-0.662061333656311,0.37827634811401367,3.480412483215332,-0.5776482224464417,0.4210216256990062,2
2026-09-24T12:27:29.526851,S012,S012_A5_Y_20260924_1227,elevated_20,A5,young,class_2,0.36095932126045227,0.4609326720237732,-0.6989434361457825,0.41081252694129944,0.37178143858909607,-0.7692216634750366,0.42963728308677673,0.3721769154071808,-0.7693570256233215,0.449932724237442,0.3736114203929901,-0.7695428133010864,0.3832036852836609,0.3710113763809204,-0.6462767124176025,0.3817640542984009,0.3700171113014221,-0.6455115079879761,0.3806504011154175,0.3687998354434967,-0.6463316082954407,0.5626829266548157,0.42450088262557983,-0.8234745264053345,0.45393189787864685,0.4042437672615051,-0.2382013499736786,0.40898337960243225,0.5442255735397339,-0.696392297744751,0.37002888321876526,0.5405162572860718,-0.5296987295150757,0.855151355266571,0.8913065195083618,-0.6483249664306641,0.282833456993103,0.8419733643531799,-0.11179282516241074,0.9413871765136719,1.4193675518035889,-0.637824296951294,0.16315142810344696,1.3254096508026123,0.09939651191234589,0.8057302236557007,1.788297414779663,-0.6324197053909302,0.17869898676872253,1.6718049049377441,-0.3112596869468689,0.8471344709396362,1.9364491701126099,-0.7132276296615601,0.15770745277404785,1.809158205986023,-0.41887784004211426,0.779137372970581,1.9248619079589844,-0.7599650621414185,0.2039898931980133,1.7968789339065552,-0.4924074709415436,0.7611503005027771,1.8532789945602417,-0.659922182559967,0.22189021110534668,1.7401314973831177,-0.3697229027748108,0.7227946519851685,1.8998372554779053,-0.15022465586662292,0.354993999004364,1.8515949249267578,0.1571265161037445,0.6814595460891724,2.6321141719818115,-0.41201862692832947,0.3423120081424713,2.5798351764678955,-0.04890837520360947,0.6808100938796997,3.3710360527038574,0.16023093461990356,0.3520716428756714,3.3188812732696533,0.17899702489376068,0.7005645632743835,3.5061237812042236,0.1760064959526062,0.35436123609542847,3.438422203063965,0.18042661249637604,0.5871542096138,3.580831289291382,-0.5547474026679993,0.3652990758419037,3.551999092102051,-0.4960504174232483,0.41951732812572806,2
2026-09-24T12:27:29.661197,S012,S012_A5_Y_20260924_1227,elevated_20,A5,young,class_2,0.35930389165878296,0.45780181884765625,-0.6709089875221252,0.4080761969089508,0.3692365884780884,-0.7419606447219849,0.42615294456481934,0.36930400133132935,-0.7419334650039673,0.44504791498184204,0.37015917897224426,-0.7421693205833435,0.3803476393222809,0.36849960684776306,-0.6123420596122742,0.3789192736148834,0.3674018681049347,-0.6113868355751038,0.3779633641242981,0.3660975992679596,-0.6120902895927429,0.554823637008667,0.4194967448711395,-0.7980868816375732,0.4575595259666443,0.4021874666213989,-0.1877371370792389,0.4057502746582031,0.5397348999977112,-0.6727604269981384,0.36804038286209106,0.5370871424674988,-0.49752217531204224,0.8554021120071411,0.8932735323905945,-0.6502025723457336,0.2913359999656677,0.8327309489250183,-0.055688075721263885,0.9483148455619812,1.4334462881088257,-0.6645760536193848,0.16198061406612396,1.3194375038146973,0.15775902569293976,0.8598980903625488,1.8330296277999878,-0.7003712058067322,0.17045477032661438,1.6734631061553955,-0.27606359124183655,0.8964064717292786,1.9802072048187256,-0.7838271260261536,0.145721435546875,1.8097378015518188,-0.3751365542411804,0.8176745176315308,1.9699978828430176,-0.8308141827583313,0.19758857786655426,1.7962278127670288,-0.43738865852355957,0.7979499101638794,1.9014369249343872,-0.7283099889755249,0.21564647555351257,1.7417889833450317,-0.33028489351272583,0.7233009934425354,1.8966201543807983,-0.17133495211601257,0.3524196743965149,1.8470916748046875,0.17866244912147522,0.6693301796913147,2.672161817550659,-0.4005189538002014,0.3266124129295349,2.613877773284912,0.0916527509689331,0.6606078147888184,3.4136619567871094,0.1824387013912201,0.32280972599983215,3.3506829738616943,0.3443925976753235,0.683174729347229,3.545941114425659,0.20066463947296143,0.3224788308143616,3.469601631164551,0.34999528527259827,0.5492708086967468,3.6142361164093018,-0.5337656140327454,0.32817962765693665,3.5845048427581787,-0.3483354151248932,0.4184718256085144,2
2026-09-24T12:27:29.785470,S012,S012_A5_Y_20260924_1227,elevated_20,A5,young,class_2,0.36057305335998535,0.4494185149669647,-0.6842902898788452,0.40877771377563477,0.36438560485839844,-0.7571072578430176,0.4261259436607361,0.3643578588962555,-0.7567299604415894,0.444478839635849,0.3646993339061737,-0.756998598575592,0.3816930949687958,0.36281222105026245,-0.6352027654647827,0.38009729981422424,0.36123836040496826,-0.6341044306755066,0.3788522183895111,0.35946276783943176,-0.6346887350082397,0.5517359972000122,0.4094233512878418,-0.8059051632881165,0.4603493809700012,0.39654311537742615,-0.22403571009635925,0.4039973318576813,0.5290271043777466,-0.6832812428474426,0.3681102395057678,0.5273115038871765,-0.5148047208786011,0.8550467491149902,0.8771687150001526,-0.634861171245575,0.2932888865470886,0.8260704874992371,-0.12160506099462509,0.9493797421455383,1.4330779314041138,-0.5965633392333984,0.16444197297096252,1.3244117498397827,0.03868571296334267,0.8670369386672974,1.8331716060638428,-0.5987602472305298,0.1792764663696289,1.6973471641540527,-0.43411460518836975,0.9014606475830078,1.972462773323059,-0.6903191208839417,0.15753984451293945,1.8365353345870972,-0.5470665097236633,0.8245342373847961,1.963230013847351,-0.7363218069076538,0.2089894562959671,1.8199141025543213,-0.6241788864135742,0.8012658357620239,1.9024503231048584,-0.6279105544090271,0.22646188735961914,1.7666797637939453,-0.49285316467285156,0.7235995531082153,1.8770774602890015,-0.16748318076133728,0.35239332914352417,1.8237583637237549,0.17487838864326477,0.6646555066108704,2.6646459102630615,-0.29345184564590454,0.3215002417564392,2.6122710704803467,0.23106618225574493,0.652875542640686,3.402704954147339,0.3649512231349945,0.31566447019577026,3.3451333045959473,0.6791075468063354,0.6720754504203796,3.5343945026397705,0.39267420768737793,0.3151993155479431,3.4584884643554688,0.7062571048736572,0.5521084070205688,3.6080620288848877,-0.3077329099178314,0.3212968409061432,3.5739126205444336,-0.0002515235391911119,0.41820176581898,2
2026-09-24T12:27:29.902474,S012,S012_A5_Y_20260924_1227,elevated_20,A5,young,class_2,0.35228994488716125,0.44245970249176025,-0.724901020526886,0.4037803113460541,0.3616437017917633,-0.7800108194351196,0.4194597601890564,0.36275169253349304,-0.7798557877540588,0.43629440665245056,0.364292174577713,-0.7798475027084351,0.3796071410179138,0.3581240475177765,-0.660687267780304,0.3788502812385559,0.35614362359046936,-0.6594861745834351,0.3783320486545563,0.35405880212783813,-0.6597996950149536,0.5436680912971497,0.4109472334384918,-0.7595697045326233,0.4611791968345642,0.3951460123062134,-0.18572595715522766,0.3910134732723236,0.5258203744888306,-0.7040613889694214,0.35919493436813354,0.5233952403068542,-0.5402837991714478,0.843562126159668,0.8722079396247864,-0.628524899482727,0.2893050014972687,0.8197807669639587,0.011810587719082832,0.9399988055229187,1.470112919807434,-0.6886502504348755,0.022702384740114212,1.3279860019683838,-0.4014090895652771,0.8688045740127563,1.869372844696045,-0.722282886505127,0.05978560447692871,0.9608962535858154,-1.6119476556777954,0.9034307599067688,2.0043699741363525,-0.8125616908073425,0.06194629147648811,0.7929448485374451,-1.8102409839630127,0.8307861089706421,1.9792778491973877,-0.8297098875045776,0.11049572378396988,0.736113965511322,-1.7468509674072266,0.8016826510429382,1.9332387447357178,-0.7402855157852173,0.14975900948047638,0.8043015003204346,-1.6379058361053467,0.7022613883018494,1.896321177482605,-0.21154654026031494,0.32263028621673584,1.847853422164917,0.21980266273021698,0.6398385763168335,2.6997270584106445,-0.2831282317638397,0.28891855478286743,2.6544384956359863,0.4710073471069336,0.617260754108429,3.426753282546997,0.5090133547782898,0.2746269106864929,3.3627445697784424,1.1853891611099243,0.635907769203186,3.5435941219329834,0.5385333895683289,0.27137085795402527,3.4645206928253174,1.2444617748260498,0.520340085029602,3.619981288909912,-0.18974359333515167,0.2751292586326599,3.5948398113250732,0.5247815847396851,0.4317568609050905,2
2026-09-24T12:27:30.020682,S012,S012_A5_Y_20260924_1227,elevated_20,A5,young,class_2,0.35825181007385254,0.43609315156936646,-0.6204560995101929,0.4106081426143646,0.35719919204711914,-0.6733337640762329,0.42645978927612305,0.3591442108154297,-0.6730782389640808,0.443793922662735,0.36170074343681335,-0.6728410124778748,0.38493555784225464,0.3517879545688629,-0.5450734496116638,0.3830285966396332,0.3493447005748749,-0.5437921285629272,0.38137441873550415,0.34693366289138794,-0.5440578460693359,0.5441418886184692,0.41054868698120117,-0.6660770177841187,0.4652091860771179,0.39445918798446655,-0.057390499860048294,0.39504772424697876,0.5183412432670593,-0.6109262108802795,0.3610427975654602,0.5165931582450867,-0.43630775809288025,0.8356188535690308,0.8655203580856323,-0.567359209060669,0.29590487480163574,0.8209472298622131,0.1227220669388771,0.9195235371589661,1.5100250244140625,-0.7040513753890991,0.03968975692987442,1.316116213798523,-0.3529312312602997,0.8679558634757996,1.841619849205017,-0.7551592588424683,0.05594031885266304,0.8930217027664185,-1.4775840044021606,0.9008385539054871,1.9595803022384644,-0.8548842668533325,0.05877091735601425,0.7077452540397644,-1.674926519393921,0.8343741297721863,1.9243029356002808,-0.8755666017532349,0.10116665065288544,0.6574069261550903,-1.6299047470092773,0.8023492097854614,1.8827961683273315,-0.7774223685264587,0.1384320706129074,0.734009861946106,-1.5130670070648193,0.7004799246788025,1.899233102798462,-0.2211730182170868,0.32503122091293335,1.8568463325500488,0.22986659407615662,0.6390262842178345,2.7103402614593506,-0.3028640151023865,0.2969528138637543,2.671764850616455,0.4011811316013336,0.6221957206726074,3.443488836288452,0.48464614152908325,0.29040852189064026,3.386033058166504,1.0105174779891968,0.6404558420181274,3.5536601543426514,0.5303547382354736,0.2883797883987427,3.4797465801239014,1.0550366640090942,0.5307804942131042,3.629375457763672,-0.19390751421451569,0.29741865396499634,3.6130127906799316,0.30762213468551636,0.44380079977418063,2
2026-09-24T12:27:30.158267,S012,S012_A5_Y_20260924_1227,elevated_20,A5,young,class_2,0.35544440150260925,0.42898619174957275,-0.7069213390350342,0.41040247678756714,0.35085761547088623,-0.7520795464515686,0.42635947465896606,0.3537651598453522,-0.7518377304077148,0.4441673159599304,0.35761258006095886,-0.7517606019973755,0.3854160010814667,0.3435414731502533,-0.6398531794548035,0.3837681710720062,0.3404587507247925,-0.6386060118675232,0.3822675049304962,0.3374210298061371,-0.6388776898384094,0.542681097984314,0.4094487428665161,-0.7027037143707275,0.4650402069091797,0.38955387473106384,-0.16789090633392334,0.39219385385513306,0.5122310519218445,-0.6791789531707764,0.3576280176639557,0.5098000764846802,-0.525376558303833,0.8254480361938477,0.8572912216186523,-0.5587677359580994,0.29185470938682556,0.8072349429130554,0.02560141682624817,0.9229148030281067,1.49589204788208,-0.6689972281455994,-0.002177213551476598,1.3175843954086304,-0.4281342029571533,0.8841215372085571,1.8796260356903076,-0.756308913230896,0.044402334839105606,0.8900918960571289,-1.5412828922271729,0.9243763089179993,2.009842872619629,-0.8590667843818665,0.048044316470623016,0.7023158669471741,-1.7315819263458252,0.855972945690155,1.9847960472106934,-0.8860829472541809,0.09429112821817398,0.6549824476242065,-1.6832126379013062,0.8183631896972656,1.9403572082519531,-0.7825502157211304,0.1293630748987198,0.7253340482711792,-1.5699148178100586,0.6834830045700073,1.8959261178970337,-0.20419065654277802,0.310040146112442,1.8549197912216187,0.21235577762126923,0.6259773969650269,2.7009122371673584,-0.30342382192611694,0.28526759147644043,2.661433458328247,0.3042149543762207,0.602713406085968,3.4335646629333496,0.4465680718421936,0.2664462924003601,3.378962516784668,0.8951702117919922,0.6181043982505798,3.546329975128174,0.47811633348464966,0.26128941774368286,3.4770476818084717,0.9387041330337524,0.5125783085823059,3.6261823177337646,-0.26537463068962097,0.2676145136356354,3.6056697368621826,0.18972016870975494,0.45423749140393216,2
2026-09-24T12:27:30.276683,S012,S012_A5_Y_20260924_1227,elevated_20,A5,young,class_2,0.3508501648902893,0.41703692078590393,-0.6493571996688843,0.40294456481933594,0.34429651498794556,-0.6976608037948608,0.41716066002845764,0.3471972346305847,-0.6974853873252869,0.4324672222137451,0.3512241244316101,-0.6976708769798279,0.38211384415626526,0.33745425939559937,-0.5816318392753601,0.3818814754486084,0.33463558554649353,-0.5805076360702515,0.38161367177963257,0.3321327567100525,-0.5808809995651245,0.5294214487075806,0.40392446517944336,-0.657997727394104,0.4642527997493744,0.3860477805137634,-0.10797818005084991,0.3869181275367737,0.5003299117088318,-0.6273508667945862,0.35597681999206543,0.4983315169811249,-0.46923738718032837,0.823486328125,0.8583166003227234,-0.5516058206558228,0.29131555557250977,0.8103846311569214,0.05812286585569382,0.925044059753418,1.4888975620269775,-0.6731069087982178,-0.0029915974009782076,1.3145555257797241,-0.5242456793785095,0.9251945614814758,1.8915741443634033,-0.7349488139152527,0.030211973935365677,0.9115055203437805,-1.7718921899795532,0.9714469909667969,2.0254385471343994,-0.8275437355041504,0.0073396689258515835,0.7213065028190613,-1.9735053777694702,0.9069144129753113,2.0078330039978027,-0.8676789999008179,0.0926613137125969,0.6624611020088196,-1.9317972660064697,0.8693404197692871,1.9633214473724365,-0.7636591196060181,0.12445714324712753,0.7339383959770203,-1.8058841228485107,0.6765573620796204,1.8963038921356201,-0.20097577571868896,0.30874204635620117,1.8560999631881714,0.20914097130298615,0.6262837648391724,2.705366849899292,-0.30765217542648315,0.2839614152908325,2.664073944091797,0.3906445801258087,0.5989671945571899,3.442234992980957,0.406727135181427,0.2560635805130005,3.3898122310638428,1.026139497756958,0.616367518901825,3.5489370822906494,0.42609333992004395,0.24855633080005646,3.486985683441162,1.0736616849899292,0.495915949344635,3.6384787559509277,-0.30028706789016724,0.25222283601760864,3.6210336685180664,0.34020504355430603,0.4642179942179196,2
2026-09-24T12:27:30.411756,S012,S012_A5_Y_20260924_1227,elevated_20,A5,young,class_2,0.33320316672325134,0.4214818775653839,-0.7004435658454895,0.3843921720981598,0.3468686640262604,-0.7514918446540833,0.3986562490463257,0.3495040237903595,-0.7513331174850464,0.41343173384666443,0.3532864451408386,-0.7513585090637207,0.364348441362381,0.34052774310112,-0.6277246475219727,0.365200012922287,0.33773043751716614,-0.6264927983283997,0.36633312702178955,0.3352498710155487,-0.6268290281295776,0.512702465057373,0.40490615367889404,-0.7172443866729736,0.4564109742641449,0.3865658640861511,-0.13734178245067596,0.3718355596065521,0.5023903846740723,-0.6836219429969788,0.3429160714149475,0.5010754466056824,-0.5152338147163391,0.8185598254203796,0.8589543104171753,-0.5649851560592651,0.2888699173927307,0.8088258504867554,0.0583181269466877,0.9146223068237305,1.5042005777359009,-0.6991547346115112,-0.04272934049367905,1.289767861366272,-0.4847721457481384,0.91608726978302,1.9056733846664429,-0.7779295444488525,0.03729252517223358,0.8555397391319275,-1.602225661277771,0.965517520904541,2.0386147499084473,-0.8789020776748657,0.04361753910779953,0.6992933750152588,-1.7915995121002197,0.9031189680099487,2.015338182449341,-0.905077338218689,0.1111263632774353,0.6603853106498718,-1.7366793155670166,0.8620526194572449,1.9702963829040527,-0.8024410009384155,0.13430266082286835,0.7167300581932068,-1.628535270690918,0.6628745794296265,1.9020603895187378,-0.22614002227783203,0.29727864265441895,1.8603270053863525,0.23422697186470032,0.6045498251914978,2.7148008346557617,-0.33667510747909546,0.2713334560394287,2.6682019233703613,0.39782875776290894,0.5709434151649475,3.4550819396972656,0.3999713063240051,0.23259106278419495,3.3972744941711426,1.0255653858184814,0.5896821618080139,3.5586400032043457,0.41703900694847107,0.2234790325164795,3.495025634765625,1.0737240314483643,0.46200260519981384,3.6532204151153564,-0.3427514135837555,0.22732357680797577,3.6277661323547363,0.3158058524131775,0.47175471545933484,2
2026-09-24T12:27:30.520284,S012,S012_A5_Y_20260924_1227,elevated_20,A5,young,class_2,0.3337305188179016,0.4191049635410309,-0.682214617729187,0.38414454460144043,0.34665489196777344,-0.7373932600021362,0.3984421193599701,0.3489286005496979,-0.7374259233474731,0.41307535767555237,0.3523600995540619,-0.7374825477600098,0.36342212557792664,0.34097689390182495,-0.6050683856010437,0.36381590366363525,0.33828848600387573,-0.6039420366287231,0.36476823687553406,0.3359389901161194,-0.6043338179588318,0.5113587379455566,0.40360507369041443,-0.7299549579620361,0.4554080069065094,0.38636454939842224,-0.10584869235754013,0.37390702962875366,0.4984811842441559,-0.6755865812301636,0.343044251203537,0.49800822138786316,-0.49462199211120605,0.8205074071884155,0.8597590923309326,-0.5807921886444092,0.2877729833126068,0.8171611428260803,0.07188625633716583,0.9529622793197632,1.4989895820617676,-0.7627838850021362,-0.01834237203001976,1.3184645175933838,-0.46713757514953613,0.9301760792732239,1.9040526151657104,-0.8679367899894714,-0.022201601415872574,0.8745269775390625,-1.6174583435058594,0.9521716833114624,2.0477347373962402,-0.964002251625061,-0.05494646355509758,0.6954926252365112,-1.8121715784072876,0.9014583826065063,2.0229411125183105,-1.0187129974365234,0.016276994720101357,0.6289567351341248,-1.7899497747421265,0.8672996759414673,1.9771925210952759,-0.9020503759384155,0.054811857640743256,0.7090657353401184,-1.6603482961654663,0.6683903932571411,1.9067206382751465,-0.22126063704490662,0.3005709946155548,1.874794363975525,0.2292402982711792,0.6105450391769409,2.7159430980682373,-0.3770892024040222,0.2719307541847229,2.6739916801452637,0.35062170028686523,0.5778564810752869,3.4541141986846924,0.33609598875045776,0.24798695743083954,3.4086506366729736,0.9085429906845093,0.5944032669067383,3.558640956878662,0.35434168577194214,0.2414499968290329,3.513648748397827,0.9469202160835266,0.48179665207862854,3.6520020961761475,-0.3903067708015442,0.2459498941898346,3.6285102367401123,0.20948556065559387,0.47901360305408935,2
2026-09-24T12:27:30.701732,S012,S012_A5_Y_20260924_1227,elevated_20,A5,young,class_2,0.3372451961040497,0.40613847970962524,-0.6770907640457153,0.38921868801116943,0.33626478910446167,-0.7106178402900696,0.4035220742225647,0.3391985595226288,-0.7104797959327698,0.4183662533760071,0.3434935510158539,-0.7103422284126282,0.367095410823822,0.33081677556037903,-0.5938236117362976,0.36664432287216187,0.32876285910606384,-0.5926287174224854,0.3668179512023926,0.3272065222263336,-0.5929372310638428,0.5154666304588318,0.40104320645332336,-0.6554710865020752,0.4554930627346039,0.3835413157939911,-0.09383372217416763,0.37344616651535034,0.4873424768447876,-0.6548287868499756,0.34274935722351074,0.4882660210132599,-0.4929279685020447,0.819848895072937,0.8572905659675598,-0.5316029787063599,0.2776431143283844,0.8180925250053406,0.0689576044678688,0.9506806135177612,1.4959853887557983,-0.7347279191017151,-0.045168228447437286,1.3487433195114136,-0.4691365361213684,0.9280949831008911,1.90027916431427,-0.9305211305618286,0.006381973624229431,0.8774610161781311,-1.6200530529022217,0.9619079828262329,2.0361266136169434,-1.0566564798355103,-0.041467130184173584,0.709423303604126,-1.8192434310913086,0.9032341241836548,2.011840343475342,-1.0871226787567139,0.040953319519758224,0.6586858630180359,-1.7602717876434326,0.8688018918037415,1.9676696062088013,-0.9643712043762207,0.0875895768404007,0.7250413298606873,-1.6446144580841064,0.6626505851745605,1.906028389930725,-0.2149551659822464,0.2923080325126648,1.8768969774246216,0.22287783026695251,0.6129683256149292,2.7195146083831787,-0.3133564889431,0.27764466404914856,2.687819719314575,0.3491785228252411,0.5870411396026611,3.4575419425964355,0.5181012749671936,0.2559729218482971,3.4217944145202637,0.9951823353767395,0.6033459901809692,3.5616302490234375,0.5468699932098389,0.2499968260526657,3.5252065658569336,1.0454134941101074,0.49253711104393005,3.655949831008911,-0.21444448828697205,0.25444677472114563,3.6438379287719727,0.27962493896484375,0.4872213178057405,2
2026-09-24T12:27:30.851768,S012,S012_A5_Y_20260924_1227,elevated_20,A5,young,class_2,0.33050501346588135,0.41741910576820374,-0.6197689771652222,0.374653160572052,0.3438299000263214,-0.6784622073173523,0.38882309198379517,0.3452359437942505,-0.6783854365348816,0.40321794152259827,0.347635418176651,-0.6784345507621765,0.3548971712589264,0.3401489853858948,-0.5467103719711304,0.3559180796146393,0.33755865693092346,-0.5455251932144165,0.3577911853790283,0.33515673875808716,-0.5459140539169312,0.5009357929229736,0.40158721804618835,-0.680602490901947,0.4484408497810364,0.3840351700782776,-0.06251909583806992,0.3738328814506531,0.490720272064209,-0.6162289977073669,0.3444858491420746,0.49373859167099,-0.4358111023902893,0.8200690150260925,0.8562613129615784,-0.5528384447097778,0.28394031524658203,0.8190520405769348,0.10719843208789825,0.9547663927078247,1.492789626121521,-0.7305203080177307,-0.026206299662590027,1.323437213897705,-0.3770948648452759,0.9335905909538269,1.9051916599273682,-0.8268884420394897,-0.01286808680742979,0.855431318283081,-1.5627690553665161,0.9693447947502136,2.0427634716033936,-0.9307616353034973,-0.039998214691877365,0.6561647057533264,-1.7456855773925781,0.9060422778129578,2.0244297981262207,-0.98234623670578,0.018936892971396446,0.605085551738739,-1.7068287134170532,0.8735960721969604,1.979628324508667,-0.8625085949897766,0.06233552098274231,0.6995336413383484,-1.586357593536377,0.6660980582237244,1.905622124671936,-0.2164699137210846,0.29267367720603943,1.876333475112915,0.22450344264507294,0.6137165427207947,2.7163498401641846,-0.30883607268333435,0.284284770488739,2.683377742767334,0.3431445062160492,0.593191921710968,3.4540517330169678,0.4763195514678955,0.2632825970649719,3.415717363357544,0.9412357211112976,0.6104636788368225,3.559396266937256,0.5017814636230469,0.2603296637535095,3.51997709274292,0.9842659831047058,0.4966038763523102,3.653312921524048,-0.2494162619113922,0.2612130045890808,3.6427879333496094,0.24260294437408447,0.4930353499326112,2
2026-09-24T12:27:30.973841,S012,S012_A5_Y_20260924_1227,elevated_20,A5,young,class_2,0.32109004259109497,0.4468807876110077,-0.686578631401062,0.36299026012420654,0.3673022389411926,-0.7198506593704224,0.3795933127403259,0.3670460283756256,-0.7198840379714966,0.39593082666397095,0.3671146035194397,-0.719386637210846,0.3390408754348755,0.363745778799057,-0.6124141812324524,0.3396134376525879,0.3602604866027832,-0.6113196611404419,0.34154677391052246,0.35671788454055786,-0.6116088032722473,0.4920787811279297,0.404552161693573,-0.825607180595398,0.4382147192955017,0.3912649154663086,-0.15111735463142395,0.37278294563293457,0.519075334072113,-0.6619378924369812,0.34253570437431335,0.5218376517295837,-0.5009230971336365,0.8253194093704224,0.8566572070121765,-0.6358133554458618,0.28384602069854736,0.8195105195045471,-0.046975329518318176,0.9575222730636597,1.4786418676376343,-0.6959880590438843,0.06604236364364624,1.3532395362854004,-0.18127840757369995,0.9314403533935547,1.8934195041656494,-0.7522200345993042,0.004078200086951256,1.5940006971359253,-1.0116455554962158,0.9664230346679688,2.028015375137329,-0.8556833267211914,-0.009767938405275345,1.6946252584457397,-1.1600682735443115,0.9037266969680786,2.007427453994751,-0.9101155996322632,0.046566348522901535,1.6536327600479126,-1.2452279329299927,0.8723379969596863,1.962002158164978,-0.7839228510856628,0.08161504566669464,1.6223852634429932,-1.0833899974822998,0.6665095686912537,1.8916701078414917,-0.21044044196605682,0.2935006022453308,1.8581080436706543,0.21817171573638916,0.6163467764854431,2.7057137489318848,-0.22768089175224304,0.2866801917552948,2.662219762802124,0.38759806752204895,0.594398021697998,3.440690040588379,0.5232226252555847,0.26708778738975525,3.4011154174804688,1.0185967683792114,0.6124491095542908,3.548444986343384,0.5553849935531616,0.2640379071235657,3.511082172393799,1.0676121711730957,0.5006320476531982,3.643986701965332,-0.15434934198856354,0.26279687881469727,3.623302936553955,0.3628862202167511,0.48645921735905256,2
2026-09-24T12:27:31.081911,S012,S012_A5_Y_20260924_1227,elevated_20,A5,young,class_2,0.3168790340423584,0.4514494836330414,-0.6194595098495483,0.3618127703666687,0.372335284948349,-0.6791265606880188,0.37874534726142883,0.3730834424495697,-0.6790961027145386,0.39561349153518677,0.3742630183696747,-0.6789571642875671,0.3361004590988159,0.36787840723991394,-0.5464931726455688,0.3357636034488678,0.3644237518310547,-0.5453048348426819,0.3365611433982849,0.3608546555042267,-0.545653760433197,0.493203341960907,0.4108535349369049,-0.7270415425300598,0.43237242102622986,0.39570656418800354,-0.0534643717110157,0.3681381940841675,0.5261296629905701,-0.6149898171424866,0.3354397416114807,0.5256924033164978,-0.43062788248062134,0.820421576499939,0.859474778175354,-0.6183778047561646,0.2837929129600525,0.8152013421058655,0.13461866974830627,0.923974871635437,1.4981341361999512,-0.7060986757278442,0.024813765659928322,1.3282660245895386,-0.2591467797756195,0.8934308290481567,1.9012702703475952,-0.7709072828292847,0.015002621337771416,0.949057936668396,-1.242591142654419,0.9284937977790833,2.0340607166290283,-0.8683082461357117,0.013794876635074615,0.8111951947212219,-1.4301337003707886,0.8759913444519043,2.008875846862793,-0.8997858166694641,0.05289428308606148,0.7608919739723206,-1.2563097476959229,0.8440605998039246,1.9642235040664673,-0.7961742281913757,0.08950846642255783,0.8136265873908997,-1.2590060234069824,0.6634320020675659,1.9061979055404663,-0.2462272346019745,0.29377874732017517,1.872528076171875,0.2535286843776703,0.6121760010719299,2.717512845993042,-0.2823279798030853,0.2846938967704773,2.6805498600006104,0.4914141595363617,0.5944826602935791,3.456303834915161,0.4917793869972229,0.2680339515209198,3.4177536964416504,1.174478530883789,0.6135743260383606,3.560617208480835,0.5197314023971558,0.2651626467704773,3.5207479000091553,1.230364441871643,0.4989505708217621,3.6532585620880127,-0.20544195175170898,0.2641865611076355,3.639777421951294,0.49073725938796997,0.49310823604504217,2
2026-09-24T12:27:31.187284,S012,S012_A5_Y_20260924_1227,elevated_20,A5,young,class_2,0.31563374400138855,0.4508301317691803,-0.589157223701477,0.36272215843200684,0.3722093999385834,-0.6543169617652893,0.3789518475532532,0.3730308413505554,-0.6543413400650024,0.39523375034332275,0.37428218126296997,-0.6541444063186646,0.33789384365081787,0.3675428032875061,-0.5134514570236206,0.33747369050979614,0.3640601933002472,-0.5122089982032776,0.3380254805088043,0.3605307638645172,-0.5125324130058289,0.4918747544288635,0.41209378838539124,-0.7017425894737244,0.43095487356185913,0.3959362804889679,-0.021517958492040634,0.3625863194465637,0.5260926485061646,-0.59627366065979,0.33069178462028503,0.5246684551239014,-0.40377768874168396,0.806438148021698,0.8607876896858215,-0.620317816734314,0.2825351059436798,0.8144235610961914,0.20096154510974884,0.888811469078064,1.501657485961914,-0.7351623177528381,0.00833003781735897,1.3253575563430786,-0.08522701263427734,0.8730587959289551,1.8996376991271973,-0.7871894240379333,0.018732266500592232,0.8743138909339905,-1.030680537223816,0.909007728099823,2.022541046142578,-0.8933665156364441,0.01429135911166668,0.7212435007095337,-1.1909288167953491,0.8682212829589844,1.9925072193145752,-0.9315799474716187,0.06065978854894638,0.6724531054496765,-1.1451079845428467,0.835307776927948,1.9525628089904785,-0.81727534532547,0.0964989885687828,0.7294400930404663,-1.0623608827590942,0.6424834132194519,1.9102462530136108,-0.27019453048706055,0.2848706543445587,1.8818691968917847,0.27707889676094055,0.5937057137489319,2.719555616378784,-0.3279447555541992,0.27920985221862793,2.6887431144714355,0.4818722605705261,0.5754767060279846,3.4590911865234375,0.4771118760108948,0.26479578018188477,3.429551124572754,1.1536935567855835,0.5951533317565918,3.5604214668273926,0.505567193031311,0.2609274983406067,3.5296175479888916,1.207801103591919,0.47936558723449707,3.655562162399292,-0.22729428112506866,0.25992316007614136,3.644228935241699,0.4618292450904846,0.5003460011001594,2
2026-09-24T12:27:31.325036,S012,S012_A5_Y_20260924_1227,elevated_20,A5,young,class_2,0.3162897229194641,0.45079681277275085,-0.5542677640914917,0.3635109066963196,0.3716951310634613,-0.6216028332710266,0.3791198432445526,0.3725695013999939,-0.6217876672744751,0.39474767446517944,0.3739568293094635,-0.6219981908798218,0.34008654952049255,0.36664289236068726,-0.488257497549057,0.3398653268814087,0.36287224292755127,-0.48698410391807556,0.34037303924560547,0.35917308926582336,-0.48744744062423706,0.49083027243614197,0.4116334021091461,-0.6628941297531128,0.43140166997909546,0.3957104980945587,-0.031453270465135574,0.36236661672592163,0.5259114503860474,-0.5582438707351685,0.3317844569683075,0.5243979692459106,-0.37828654050827026,0.8082274198532104,0.8610240817070007,-0.5754727721214294,0.28232094645500183,0.8148176670074463,0.13313691318035126,0.9114096760749817,1.5032992362976074,-0.7077285051345825,0.03409312292933464,1.331923007965088,-0.2655004560947418,0.8795279264450073,1.8980871438980103,-0.7989121675491333,0.007962854579091072,0.9630668759346008,-1.5579472780227661,0.9095266461372375,2.0277535915374756,-0.8942705988883972,-0.021823059767484665,0.8621976971626282,-1.75153386592865,0.8681738972663879,1.9906190633773804,-0.9451330900192261,0.006555106490850449,0.7844658493995667,-1.7584514617919922,0.835925281047821,1.9486968517303467,-0.8300715684890747,0.051632750779390335,0.8511010408401489,-1.612230658531189,0.6474693417549133,1.9086425304412842,-0.2034718543291092,0.28769510984420776,1.8692198991775513,0.21058544516563416,0.5970066785812378,2.7161612510681152,-0.3363310694694519,0.2708062529563904,2.6678080558776855,0.21824601292610168,0.5686454772949219,3.458777666091919,0.31072282791137695,0.24745583534240723,3.412266254425049,0.5909289121627808,0.5858285427093506,3.5598623752593994,0.3210470974445343,0.2418883591890335,3.5102455615997314,0.6076737642288208,0.4665353298187256,3.6511547565460205,-0.4298422932624817,0.2363579273223877,3.631505012512207,-0.132038876414299,0.5025230667614035,2
2026-09-24T12:27:31.433578,S012,S012_A5_Y_20260924_1227,elevated_20,A5,young,class_2,0.31248193979263306,0.4524819254875183,-0.5835808515548706,0.358731210231781,0.3725939393043518,-0.6658576726913452,0.37536919116973877,0.373103529214859,-0.6659311056137085,0.3917366862297058,0.3742086589336395,-0.6660787463188171,0.3348945081233978,0.36783143877983093,-0.5315347909927368,0.33547133207321167,0.3639370799064636,-0.5303894281387329,0.33694973587989807,0.36001965403556824,-0.5309381484985352,0.48754581809043884,0.4100564122200012,-0.8065564036369324,0.4292914867401123,0.39554962515830994,-0.07048115879297256,0.36105185747146606,0.5263359546661377,-0.5969709753990173,0.330215722322464,0.5250066518783569,-0.40948882699012756,0.8092752695083618,0.8460357785224915,-0.7027102708816528,0.2823657989501953,0.7983690500259399,0.055620867758989334,0.9074504971504211,1.4310168027877808,-0.7165378332138062,0.13041280210018158,1.2774832248687744,0.1613067388534546,0.8771560788154602,1.8457998037338257,-0.757174015045166,0.11390306800603867,1.5565708875656128,-0.39250773191452026,0.9080535769462585,1.9818695783615112,-0.8486040830612183,0.07569841295480728,1.710578203201294,-0.49445462226867676,0.8646844029426575,1.968968152999878,-0.9090837240219116,0.10335471481084824,1.6860105991363525,-0.5946184396743774,0.835213840007782,1.914929986000061,-0.787834107875824,0.1347980797290802,1.6426923274993896,-0.4647917151451111,0.650040328502655,1.8483341932296753,-0.19920572638511658,0.2947351336479187,1.798465609550476,0.2061406373977661,0.5998779535293579,2.6507985591888428,-0.2588351368904114,0.2728680670261383,2.5906379222869873,0.25087612867355347,0.5744298100471497,3.3923914432525635,0.36194276809692383,0.2509881854057312,3.332332134246826,0.741310179233551,0.5915602445602417,3.5040736198425293,0.3863697946071625,0.24581106007099152,3.4395525455474854,0.7738437056541443,0.4734349846839905,3.582334041595459,-0.28244608640670776,0.24061620235443115,3.5443263053894043,-0.0028806652408093214,0.49549353114277683,2
2026-09-24T12:27:31.579249,S012,S012_A5_Y_20260924_1227,elevated_20,A5,young,class_2,0.3143898844718933,0.46490657329559326,-0.6038343906402588,0.360964834690094,0.38153108954429626,-0.7009941339492798,0.37748536467552185,0.38144126534461975,-0.7009386420249939,0.3933303654193878,0.3818018138408661,-0.7017670273780823,0.33432236313819885,0.3772706687450409,-0.5339252352714539,0.3334028720855713,0.3734559416770935,-0.5330437421798706,0.33324500918388367,0.36942851543426514,-0.5339576005935669,0.48802638053894043,0.4137108623981476,-0.833735466003418,0.4269503951072693,0.3993706703186035,-0.07396222651004791,0.36140644550323486,0.5367470383644104,-0.6049700975418091,0.3312999904155731,0.5364890694618225,-0.4324031472206116,0.8170552253723145,0.8468316793441772,-0.7600914835929871,0.28825268149375916,0.7995761632919312,0.08006414771080017,0.9136107563972473,1.420078992843628,-0.8026067018508911,0.19377000629901886,1.2810817956924438,0.24378018081188202,0.8783448934555054,1.834344744682312,-0.7682210206985474,0.16148461401462555,1.664574146270752,-0.43387675285339355,0.9070407152175903,1.9742943048477173,-0.8716130256652832,0.11515317112207413,1.7892917394638062,-0.5350571274757385,0.8615581393241882,1.9641989469528198,-0.9258573651313782,0.15635010600090027,1.771680235862732,-0.6292523741722107,0.8349214792251587,1.907624363899231,-0.8065754175186157,0.1887923926115036,1.728763461112976,-0.5047065019607544,0.6652464270591736,1.8421980142593384,-0.22262422740459442,0.31734490394592285,1.791164517402649,0.22894200682640076,0.6082550883293152,2.646646022796631,-0.2551993727684021,0.29195693135261536,2.5795538425445557,0.39713722467422485,0.5837907195091248,3.3876278400421143,0.375246524810791,0.27597326040267944,3.319338083267212,0.9677144289016724,0.6041289567947388,3.500049114227295,0.40807628631591797,0.2734159231185913,3.426577091217041,1.009810209274292,0.4749380648136139,3.57950758934021,-0.24578912556171417,0.26563605666160583,3.5378057956695557,0.3316010534763336,0.48826066808870755,2
2026-09-24T12:27:31.726850,S012,S012_A5_Y_20260924_1227,elevated_20,A5,young,class_2,0.3227905333042145,0.47456327080726624,-0.6655125021934509,0.37317541241645813,0.38699281215667725,-0.7603276371955872,0.39260295033454895,0.3867710530757904,-0.7601312398910522,0.4141688346862793,0.38726890087127686,-0.760386049747467,0.3376768231391907,0.38286688923835754,-0.6272842884063721,0.3339196443557739,0.37930983304977417,-0.6262888312339783,0.33453303575515747,0.3754207491874695,-0.6270474195480347,0.5245233178138733,0.4215165078639984,-0.841180682182312,0.4242250323295593,0.4018493890762329,-0.22490525245666504,0.3751761317253113,0.5505274534225464,-0.6623600721359253,0.3338393568992615,0.5465013384819031,-0.49973565340042114,0.8275524973869324,0.8465064167976379,-0.7222528457641602,0.2805885076522827,0.7987546920776367,-0.0613049753010273,0.9205930829048157,1.399632215499878,-0.7374703288078308,0.18364199995994568,1.22678542137146,0.14264214038848877,0.8779803514480591,1.8113046884536743,-0.6800256967544556,0.18355408310890198,1.6214903593063354,-0.2995789647102356,0.9010148048400879,1.955345869064331,-0.7399844527244568,0.15961907804012299,1.7785890102386475,-0.36587148904800415,0.8555046319961548,1.944703459739685,-0.7815460562705994,0.18349741399288177,1.7656939029693604,-0.44480568170547485,0.8326815366744995,1.8824421167373657,-0.6998148560523987,0.22791974246501923,1.7380188703536987,-0.35649821162223816,0.6883019804954529,1.8238964080810547,-0.16987234354019165,0.3302241563796997,1.783119797706604,0.17599472403526306,0.6469625234603882,2.593700647354126,-0.21971730887889862,0.32006120681762695,2.556919574737549,0.381478488445282,0.6311652660369873,3.3148951530456543,0.38609579205513,0.303278386592865,3.278759241104126,0.9824665188789368,0.6450188755989075,3.4264800548553467,0.42184892296791077,0.30025988817214966,3.389871835708618,1.0289812088012695,0.5510746240615845,3.5293421745300293,-0.21442189812660217,0.31712809205055237,3.4931726455688477,0.36227962374687195,0.48089830499013647,2
2026-09-24T12:27:31.856382,S012,S012_A5_Y_20260924_1227,elevated_20,A5,young,class_2,0.4273497462272644,0.5394325256347656,-0.7886831164360046,0.47334808111190796,0.4285857379436493,-0.8404409289360046,0.5063205361366272,0.42637601494789124,-0.8399418592453003,0.5403249263763428,0.42553940415382385,-0.8401663899421692,0.40723735094070435,0.42830535769462585,-0.7664676904678345,0.39118537306785583,0.4248258173465729,-0.7653598785400391,0.3762774169445038,0.42246246337890625,-0.7657250165939331,0.6156271696090698,0.44102585315704346,-0.7844615578651428,0.4232419431209564,0.42302486300468445,-0.3563314378261566,0.49313539266586304,0.6220927834510803,-0.7157672047615051,0.41082102060317993,0.6159072518348694,-0.6103078126907349,0.8501812219619751,0.847143828868866,-0.5197493433952332,0.28057241439819336,0.7931205034255981,-0.1948067545890808,0.9442006349563599,1.3888933658599854,-0.4002789855003357,0.18006810545921326,1.2434086799621582,0.02742624282836914,0.8779083490371704,1.781683087348938,-0.4233168661594391,0.18695667386054993,1.6824272871017456,-0.32627397775650024,0.8876029253005981,1.930511474609375,-0.49556756019592285,0.15832680463790894,1.8393137454986572,-0.4157571792602539,0.8281896710395813,1.9046658277511597,-0.5353434681892395,0.19401220977306366,1.8234838247299194,-0.5034598112106323,0.8100310564041138,1.8475029468536377,-0.4499385952949524,0.22897081077098846,1.7716801166534424,-0.3825876712799072,0.6951026320457458,1.7858635187149048,-0.11355171352624893,0.3329107165336609,1.7481043338775635,0.11971119791269302,0.648030161857605,2.5552902221679688,-0.10144593566656113,0.3218207061290741,2.514867067337036,0.3108122646808624,0.6286510229110718,3.2622907161712646,0.5585058927536011,0.30183640122413635,3.2314302921295166,0.8891968727111816,0.6436494588851929,3.3677570819854736,0.5968681573867798,0.2985469102859497,3.3471248149871826,0.9357653856277466,0.5449396371841431,3.4958114624023438,-0.03769388794898987,0.31579655408859253,3.4553778171539307,0.28798621892929077,0.4742952063352277,2
2026-09-24T12:27:31.968658,S012,S012_A5_Y_20260924_1227,elevated_20,A5,young,class_2,0.5623611211776733,0.5734442472457886,-0.9702242016792297,0.6002892851829529,0.4637676179409027,-0.951421856880188,0.6251074075698853,0.4610843360424042,-0.9510809779167175,0.6486958265304565,0.45937320590019226,-0.9513571858406067,0.5188823938369751,0.465658038854599,-0.9422006607055664,0.4911103844642639,0.4648146331310272,-0.9411504864692688,0.46697553992271423,0.46580976247787476,-0.9412916898727417,0.6863003969192505,0.46798282861709595,-0.6356647610664368,0.4382912218570709,0.4688509702682495,-0.5193523168563843,0.6062281131744385,0.6530217528343201,-0.8136774301528931,0.5171681046485901,0.6627967357635498,-0.7930882573127747,0.8609570264816284,0.85225510597229,-0.37067121267318726,0.2806130051612854,0.8159942030906677,-0.33585768938064575,0.9527064561843872,1.3874582052230835,-0.33929920196533203,0.1980741024017334,1.3504817485809326,-0.3324217200279236,0.8803741335868835,1.7821904420852661,-0.5775138139724731,0.21736983954906464,1.733989953994751,-0.8189045786857605,0.8916033506393433,1.9226746559143066,-0.5833376049995422,0.18356919288635254,1.8370383977890015,-0.9819673299789429,0.8304407000541687,1.898865818977356,-0.6919076442718506,0.23142234981060028,1.8294512033462524,-1.109570026397705,0.8121941685676575,1.8467819690704346,-0.5782897472381592,0.2633385956287384,1.7830595970153809,-0.8893405199050903,0.7324351072311401,1.782889723777771,-0.07867619395256042,0.36860746145248413,1.7613369226455688,0.08473818004131317,0.69377601146698,2.559033155441284,0.061286140233278275,0.3706790804862976,2.5331549644470215,0.2805945575237274,0.6716340780258179,3.26749849319458,0.8130836486816406,0.36676910519599915,3.2483062744140625,0.8861923217773438,0.6786474585533142,3.371777057647705,0.856879711151123,0.3618779182434082,3.3617727756500244,0.9344667196273804,0.6025306582450867,3.505049467086792,0.2162427455186844,0.4031260013580322,3.4736883640289307,0.2524140179157257,0.47001959999584925,2
2026-09-24T12:27:32.100654,S012,S012_A5_Y_20260924_1227,elevated_20,A5,young,class_2,0.6063225865364075,0.5817626714706421,-1.1501424312591553,0.6423081159591675,0.47813859581947327,-1.104069471359253,0.6659053564071655,0.4758036732673645,-1.1039659976959229,0.688575804233551,0.47452205419540405,-1.1043444871902466,0.5609639883041382,0.47591787576675415,-1.1161266565322876,0.5273706316947937,0.47413864731788635,-1.114924430847168,0.500180721282959,0.4747140109539032,-1.1150774955749512,0.717984139919281,0.48549604415893555,-0.6503369808197021,0.44878262281417847,0.4841960668563843,-0.6581331491470337,0.6424137949943542,0.6652592420578003,-0.9547098278999329,0.5525920391082764,0.6717323660850525,-0.9623950719833374,0.8639082908630371,0.8558986186981201,-0.3664396405220032,0.27750590443611145,0.8451977372169495,-0.42843833565711975,0.9623710513114929,1.3834052085876465,-0.3469887971878052,0.20852568745613098,1.4073748588562012,-0.4792207181453705,0.8975990414619446,1.7833306789398193,-0.6992875337600708,0.2354859560728073,1.7879810333251953,-1.160459280014038,0.9000738263130188,1.9271825551986694,-0.8720566630363464,0.20231223106384277,1.9212448596954346,-1.3495317697525024,0.8636857271194458,1.9040699005126953,-0.951268196105957,0.2570754885673523,1.8962340354919434,-1.4691879749298096,0.8322128057479858,1.8517909049987793,-0.7523820400238037,0.2853429615497589,1.8441277742385864,-1.2341794967651367,0.7541849613189697,1.792975902557373,-0.07780459523200989,0.3796802759170532,1.7626900672912598,0.08428265899419785,0.721291720867157,2.5738139152526855,0.18225032091140747,0.3824443221092224,2.5342602729797363,0.348029226064682,0.7039767503738403,3.2831549644470215,1.0933096408843994,0.3943771719932556,3.261432647705078,1.1347033977508545,0.7083520889282227,3.3902671337127686,1.1467419862747192,0.38907432556152344,3.372872829437256,1.2009929418563843,0.6447373032569885,3.5175094604492188,0.4362996518611908,0.4533170759677887,3.4866857528686523,0.41217321157455444,0.4655058202583997,2
2026-09-24T12:27:32.214183,S012,S012_A5_Y_20260924_1227,elevated_20,A5,young,class_2,0.618080735206604,0.5805168747901917,-1.2101870775222778,0.6504464745521545,0.4776870906352997,-1.1612865924835205,0.6739327907562256,0.4755608141422272,-1.1611822843551636,0.6968528628349304,0.4742569923400879,-1.1616538763046265,0.5713741183280945,0.47376298904418945,-1.1711797714233398,0.5376070737838745,0.47144460678100586,-1.170019268989563,0.509564220905304,0.4715743660926819,-1.1701018810272217,0.7258206605911255,0.4873869717121124,-0.6740119457244873,0.45341309905052185,0.4862249493598938,-0.6998082399368286,0.6530085802078247,0.6686402559280396,-1.0135059356689453,0.5651176571846008,0.6731569170951843,-1.0184333324432373,0.8719593286514282,0.8570762872695923,-0.4003840982913971,0.2712990641593933,0.8697049617767334,-0.450857013463974,0.9782315492630005,1.3885647058486938,-0.42417407035827637,0.20124590396881104,1.4507900476455688,-0.6259652376174927,0.9107052683830261,1.7873231172561646,-0.8868700265884399,0.25539630651474,1.7742606401443481,-1.491655707359314,0.9282771944999695,1.9308490753173828,-1.0758848190307617,0.23168691992759705,1.9028642177581787,-1.7038450241088867,0.8704631924629211,1.9070686101913452,-1.1329360008239746,0.2896516025066376,1.8588169813156128,-1.7980051040649414,0.8428255915641785,1.8547450304031372,-0.9383832216262817,0.3128817677497864,1.8081765174865723,-1.559584379196167,0.7682932615280151,1.7992682456970215,-0.07627838104963303,0.3835195302963257,1.7753961086273193,0.08298222720623016,0.7324543595314026,2.5796027183532715,0.24932333827018738,0.3831161558628082,2.5590567588806152,0.40603676438331604,0.7110635638237,3.296070098876953,1.2228432893753052,0.3930600583553314,3.266871452331543,1.2248661518096924,0.7148576974868774,3.4028725624084473,1.2811495065689087,0.3863643705844879,3.3751704692840576,1.2922170162200928,0.6517699956893921,3.519789934158325,0.5635245442390442,0.45691022276878357,3.510234832763672,0.49092897772789,0.46233302390971925,2
2026-09-24T12:27:32.334401,S012,S012_A5_Y_20260924_1227,elevated_20,A5,young,class_2,0.6126072406768799,0.5796286463737488,-1.0371787548065186,0.6476300954818726,0.47926750779151917,-1.0910853147506714,0.671237587928772,0.47655266523361206,-1.0919437408447266,0.6934612989425659,0.47487255930900574,-1.0926072597503662,0.56830894947052,0.476314514875412,-0.994784951210022,0.5358744263648987,0.4743351936340332,-0.9936278462409973,0.5094041228294373,0.4745437204837799,-0.9938575625419617,0.7233995795249939,0.4874718487262726,-0.5491205453872681,0.4566561281681061,0.48943406343460083,-0.5524212121963501,0.6479896903038025,0.6683611273765564,-0.9706964492797852,0.5577112436294556,0.6731091141700745,-0.8515304327011108,0.8741393089294434,0.8571761250495911,-0.3065831661224365,0.26872044801712036,0.8689497113227844,-0.35423171520233154,0.9790423512458801,1.3780087232589722,-0.2650550603866577,0.19795295596122742,1.4276773929595947,-0.4289291799068451,0.9095937609672546,1.7823089361190796,-0.560451328754425,0.22934727370738983,1.764721155166626,-1.0620746612548828,0.9275659322738647,1.924137830734253,-0.7047754526138306,0.20563344657421112,1.905585527420044,-1.2282077074050903,0.8699997663497925,1.901848554611206,-0.7387875318527222,0.2605753540992737,1.86979341506958,-1.3351293802261353,0.8427794575691223,1.8517986536026,-0.5994302034378052,0.28645721077919006,1.8180382251739502,-1.1172826290130615,0.7591687440872192,1.7984559535980225,-0.07623259723186493,0.37839484214782715,1.779305100440979,0.08286063373088837,0.720636248588562,2.57975172996521,0.18139711022377014,0.3738590180873871,2.562840461730957,0.5139909982681274,0.6995867490768433,3.2858691215515137,1.0682189464569092,0.3779473304748535,3.2611453533172607,1.4033844470977783,0.7040406465530396,3.3923394680023193,1.119426965713501,0.37209877371788025,3.3684422969818115,1.482892632484436,0.6397031545639038,3.5202598571777344,0.4126938283443451,0.43271929025650024,3.5062689781188965,0.7155675292015076,0.45975013820239063,2
2026-09-24T12:27:32.460063,S012,S012_A5_Y_20260924_1227,elevated_20,A5,young,class_2,0.6087718605995178,0.5739969611167908,-1.0520923137664795,0.6415449976921082,0.47625550627708435,-1.0287950038909912,0.6645220518112183,0.47388240694999695,-1.0289124250411987,0.6861783862113953,0.4725190997123718,-1.0293039083480835,0.5641769170761108,0.4743223488330841,-1.0116885900497437,0.5332587361335754,0.4733324646949768,-1.0105161666870117,0.5076927542686462,0.47446566820144653,-1.010772943496704,0.7151452302932739,0.4896070659160614,-0.5766288638114929,0.4581517279148102,0.4950399100780487,-0.5847334861755371,0.6430435180664062,0.6636118292808533,-0.9067885279655457,0.5553919076919556,0.6668093204498291,-0.8793877363204956,0.8734040260314941,0.8595945239067078,-0.33065518736839294,0.26623034477233887,0.8741203546524048,-0.39360567927360535,0.9786542057991028,1.3818928003311157,-0.33977437019348145,0.18779560923576355,1.4168758392333984,-0.46670961380004883,0.9129874110221863,1.7845290899276733,-0.6796778440475464,0.22010107338428497,1.7786754369735718,-1.1185665130615234,0.937488853931427,1.9262226819992065,-0.8596463203430176,0.1942383348941803,1.9169617891311646,-1.296752691268921,0.8781286478042603,1.9043604135513306,-0.9179668426513672,0.2507234513759613,1.8860821723937988,-1.3938051462173462,0.8520328402519226,1.8539507389068604,-0.7408885359764099,0.2774033844470978,1.8341761827468872,-1.1813253164291382,0.7556591629981995,1.800721526145935,-0.06511998921632767,0.3756580054759979,1.7809464931488037,0.07175862789154053,0.7193659543991089,2.5835390090942383,0.1616344153881073,0.3726922869682312,2.565660238265991,0.2676950991153717,0.7026636004447937,3.2881357669830322,1.0198904275894165,0.383057177066803,3.262101173400879,0.9219546318054199,0.707554817199707,3.3968405723571777,1.0665003061294556,0.37758907675743103,3.369905948638916,0.9718244671821594,0.6441562175750732,3.521096706390381,0.3770063519477844,0.4439318776130676,3.503648281097412,0.20103874802589417,0.456065076695185,2
2026-09-24T12:27:32.577837,S012,S012_A5_Y_20260924_1227,elevated_20,A5,young,class_2,0.5961463451385498,0.5688667893409729,-1.0087310075759888,0.6295982003211975,0.4718221426010132,-0.9277539253234863,0.6536847949028015,0.46972277760505676,-0.9274793863296509,0.6763402223587036,0.468689888715744,-0.9276731610298157,0.5484087467193604,0.4697190821170807,-0.9708703756332397,0.5191816091537476,0.4688756763935089,-0.9694916009902954,0.4944930076599121,0.470414936542511,-0.9694384336471558,0.7079859972000122,0.4868602454662323,-0.5124785304069519,0.45779767632484436,0.49438029527664185,-0.5304762721061707,0.6360484957695007,0.6574159264564514,-0.816382884979248,0.5439953804016113,0.6607393622398376,-0.856279194355011,0.8737851977348328,0.8639860153198242,-0.3057854473590851,0.26159006357192993,0.8758081197738647,-0.3440721333026886,0.977594256401062,1.3844316005706787,-0.2997732162475586,0.18359790742397308,1.4193004369735718,-0.42219290137290955,0.9121028780937195,1.78511381149292,-0.5672434568405151,0.23346062004566193,1.7753396034240723,-1.1110844612121582,0.9361981153488159,1.9269424676895142,-0.7006782293319702,0.21181447803974152,1.9108318090438843,-1.277071237564087,0.8756501078605652,1.9055551290512085,-0.7320884466171265,0.2668495178222656,1.870235800743103,-1.3567649126052856,0.8510599136352539,1.8542722463607788,-0.6050687432289124,0.2914545238018036,1.8196157217025757,-1.1569554805755615,0.7541004419326782,1.8025248050689697,-0.06495047360658646,0.37285152077674866,1.7835795879364014,0.07147185504436493,0.7190574407577515,2.586376190185547,0.1380138397216797,0.37199732661247253,2.5665500164031982,0.2803919315338135,0.7059025168418884,3.290522336959839,0.9700638055801392,0.3835267126560211,3.2652623653411865,0.9857401847839355,0.7113229632377625,3.3984293937683105,1.0148121118545532,0.37871384620666504,3.372779130935669,1.0467523336410522,0.6478281021118164,3.52441668510437,0.32952970266342163,0.4442712664604187,3.5058248043060303,0.29959872364997864,0.4524958366723557,2
2026-09-24T12:27:32.702998,S012,S012_A5_Y_20260924_1227,elevated_20,A5,young,class_2,0.5860182642936707,0.5664547681808472,-0.9878843426704407,0.6186206340789795,0.46572864055633545,-0.9282726049423218,0.6419349312782288,0.4631810188293457,-0.9279847145080566,0.6653210520744324,0.4621730148792267,-0.9281312227249146,0.5397211909294128,0.46639782190322876,-0.9475681185722351,0.5117106437683105,0.4667642414569855,-0.9462499618530273,0.4874768853187561,0.46917006373405457,-0.9463750720024109,0.7017198204994202,0.48650598526000977,-0.537913978099823,0.45633664727211,0.49125200510025024,-0.5307720303535461,0.6291159987449646,0.6554545164108276,-0.8171616792678833,0.537408709526062,0.6571764349937439,-0.8282438516616821,0.873160719871521,0.8640026450157166,-0.3197314739227295,0.2577165961265564,0.8753716349601746,-0.3721619248390198,0.9762088060379028,1.3857026100158691,-0.3046601414680481,0.17951828241348267,1.4170938730239868,-0.4256853461265564,0.9119885563850403,1.7876536846160889,-0.601481020450592,0.22578361630439758,1.8030189275741577,-1.0720417499542236,0.9383279085159302,1.9289759397506714,-0.7365209460258484,0.20337501168251038,1.9499601125717163,-1.2357923984527588,0.8780824542045593,1.9103974103927612,-0.7734752893447876,0.25921300053596497,1.9125944375991821,-1.3224728107452393,0.8528105020523071,1.8604203462600708,-0.6411475539207458,0.28473812341690063,1.857948899269104,-1.1192102432250977,0.7549207806587219,1.8018447160720825,-0.06193738058209419,0.37239137291908264,1.7856240272521973,0.06877193599939346,0.7168928384780884,2.5879528522491455,0.16442634165287018,0.36980968713760376,2.567420482635498,0.2826813757419586,0.7023261189460754,3.2910008430480957,1.0509166717529297,0.37844976782798767,3.26623272895813,1.0699437856674194,0.7076976895332336,3.3996407985687256,1.0990906953811646,0.3736611604690552,3.3736021518707275,1.1351349353790283,0.6432451009750366,3.5258753299713135,0.395641952753067,0.43556395173072815,3.5072741508483887,0.3662215769290924,0.4498062385449829,2
2026-09-24T12:27:32.824002,S012,S012_A5_Y_20260924_1227,elevated_20,A5,young,class_2,0.5806084871292114,0.5551873445510864,-1.125806450843811,0.6111807227134705,0.4528646469116211,-1.0650895833969116,0.6342703700065613,0.4496465027332306,-1.0648133754730225,0.6566110253334045,0.44768279790878296,-1.065001130104065,0.5337327718734741,0.4569132626056671,-1.0781340599060059,0.5060378909111023,0.4577922821044922,-1.0770037174224854,0.48265987634658813,0.46134909987449646,-1.0771695375442505,0.6942475438117981,0.47689148783683777,-0.5975979566574097,0.44796615839004517,0.4908853769302368,-0.6464189291000366,0.6242214441299438,0.6491663455963135,-0.9480859041213989,0.5327571630477905,0.6555024981498718,-0.9564309120178223,0.8724352121353149,0.8684089183807373,-0.34928977489471436,0.24348075687885284,0.8739392161369324,-0.4433836340904236,0.9744146466255188,1.3955097198486328,-0.34339550137519836,0.09722401946783066,1.4219624996185303,-0.49003830552101135,0.9114655256271362,1.7929842472076416,-0.8018301725387573,0.1968163400888443,1.8000539541244507,-1.1070079803466797,0.938019871711731,1.9300411939620972,-0.9636216163635254,0.19046397507190704,1.9434183835983276,-1.2782142162322998,0.8774657249450684,1.9143487215042114,-1.0077598094940186,0.25771045684814453,1.903337836265564,-1.3521777391433716,0.852325439453125,1.864932656288147,-0.8504063487052917,0.2713608741760254,1.8490922451019287,-1.1571141481399536,0.7520605325698853,1.806402325630188,-0.05296555161476135,0.3576391041278839,1.7965290546417236,0.059832341969013214,0.7155801057815552,2.5990724563598633,0.18047459423542023,0.35913246870040894,2.59185528755188,0.295700341463089,0.7016645669937134,3.3107335567474365,1.1075211763381958,0.3708292543888092,3.287240505218506,1.0718419551849365,0.7042344808578491,3.4303081035614014,1.1582441329956055,0.3662824332714081,3.3998281955718994,1.1336133480072021,0.637336015701294,3.54624605178833,0.42418235540390015,0.4312424063682556,3.532329797744751,0.3398061990737915,0.44742153405229945,2
2026-09-24T12:27:32.955531,S012,S012_A5_Y_20260924_1227,elevated_20,A5,young,class_2,0.5737320184707642,0.5419597625732422,-1.0075135231018066,0.6047478318214417,0.44034579396247864,-0.9313241243362427,0.6277278661727905,0.4365385174751282,-0.931148886680603,0.649915337562561,0.4340769648551941,-0.9312125444412231,0.52934730052948,0.4481258988380432,-0.9584248661994934,0.502585768699646,0.4502301812171936,-0.957180380821228,0.47983065247535706,0.45549991726875305,-0.9574395418167114,0.6938639879226685,0.4685565233230591,-0.5099132061004639,0.44215303659439087,0.4906104803085327,-0.5966559648513794,0.6178558468818665,0.6383556127548218,-0.8304983973503113,0.5281943082809448,0.6465409398078918,-0.871010959148407,0.8699768781661987,0.8683459162712097,-0.2745356261730194,0.2411486655473709,0.8789859414100647,-0.3943139910697937,0.9560615420341492,1.3912277221679688,-0.2537490129470825,0.10702626407146454,1.4226526021957397,-0.42041221261024475,0.9111105799674988,1.782244086265564,-0.6337639689445496,0.21578171849250793,1.7863849401474,-0.899124264717102,0.94117671251297,1.914461612701416,-0.7712857723236084,0.20832392573356628,1.9246617555618286,-1.0463815927505493,0.8838663101196289,1.8996542692184448,-0.8227136731147766,0.26702702045440674,1.885449767112732,-1.1246227025985718,0.8567063212394714,1.8505266904830933,-0.6837347745895386,0.283038467168808,1.8316415548324585,-0.9511022567749023,0.7508586049079895,1.8034557104110718,-0.05053522437810898,0.35823115706443787,1.796920657157898,0.057446133345365524,0.7189028263092041,2.592069387435913,0.05781010538339615,0.3656401038169861,2.590921640396118,0.18059788644313812,0.7121665477752686,3.3046834468841553,0.7793086767196655,0.38498541712760925,3.2853963375091553,0.7287693619728088,0.716568112373352,3.424448251724243,0.8099261522293091,0.38161227107048035,3.3978323936462402,0.7649461030960083,0.657387375831604,3.536468744277954,0.10914565622806549,0.4469669461250305,3.525603771209717,0.013442394323647022,0.4447652484452578,2
2026-09-24T12:27:33.104668,S012,S012_A5_Y_20260924_1227,elevated_20,A5,young,class_2,0.5692650675773621,0.53436678647995,-1.175261378288269,0.6039815545082092,0.4316522479057312,-1.1114321947097778,0.6261626482009888,0.42698925733566284,-1.11146080493927,0.6492307782173157,0.42362403869628906,-1.1116647720336914,0.5262405872344971,0.44277843832969666,-1.1263203620910645,0.49883395433425903,0.4463510811328888,-1.125173807144165,0.4773882329463959,0.45338985323905945,-1.125464677810669,0.6830101013183594,0.4594196677207947,-0.6208531260490417,0.4336893558502197,0.488749235868454,-0.6738332509994507,0.6129958629608154,0.6305091977119446,-0.985741138458252,0.5256075263023376,0.6425571441650391,-0.9978997111320496,0.865831732749939,0.8671852350234985,-0.31032127141952515,0.2384554147720337,0.8855788111686707,-0.4740513265132904,0.9429702758789062,1.3902974128723145,-0.3043150305747986,0.11204485595226288,1.4348342418670654,-0.4352704882621765,0.9107500910758972,1.7837692499160767,-0.822632908821106,0.2146979123353958,1.8149917125701904,-0.9244200587272644,0.9432862401008606,1.916542887687683,-0.9917622804641724,0.20752322673797607,1.9555479288101196,-1.0522550344467163,0.8837770223617554,1.905151128768921,-1.0588454008102417,0.2636198401451111,1.9327260255813599,-1.193989634513855,0.8567423820495605,1.8516818284988403,-0.8826631307601929,0.2827082574367523,1.8742737770080566,-0.9665797352790833,0.7512862682342529,1.8096864223480225,-0.053882282227277756,0.35964858531951904,1.8134844303131104,0.06077205017209053,0.723129153251648,2.598719358444214,0.12550635635852814,0.37042945623397827,2.609342336654663,0.18496206402778625,0.7191690802574158,3.3087589740753174,1.0181164741516113,0.3920811414718628,3.301156759262085,0.9109241366386414,0.7248873710632324,3.4316117763519287,1.0667356252670288,0.38889092206954956,3.4164459705352783,0.9604016542434692,0.6655575037002563,3.538635492324829,0.3343212902545929,0.45816054940223694,3.536785364151001,0.08143710345029831,0.4431157136235594,2
2026-09-24T12:27:33.250995,S012,S012_A5_Y_20260924_1227,elevated_20,A5,young,class_2,0.5675802826881409,0.5265105962753296,-1.4676520824432373,0.6009480953216553,0.4256279766559601,-1.4028759002685547,0.6241429448127747,0.42089319229125977,-1.4031621217727661,0.6460065841674805,0.4177915155887604,-1.4034512042999268,0.5199850797653198,0.4389272630214691,-1.41354238986969,0.49271243810653687,0.4436279535293579,-1.4127758741378784,0.4721296429634094,0.4521385133266449,-1.4133007526397705,0.675260066986084,0.4555448889732361,-0.87428218126297,0.42694053053855896,0.48724982142448425,-0.8992831110954285,0.6099777817726135,0.621452271938324,-1.256380558013916,0.5245146751403809,0.6364783644676208,-1.2630822658538818,0.8617690801620483,0.8622260689735413,-0.46317631006240845,0.23772427439689636,0.884289026260376,-0.5889840722084045,0.9417567253112793,1.3846794366836548,-0.44243496656417847,0.11449532210826874,1.4487141370773315,-0.551439642906189,0.9105080366134644,1.7802799940109253,-1.0115327835083008,0.21640972793102264,1.8087960481643677,-1.185394048690796,0.9427604675292969,1.9160321950912476,-1.192143440246582,0.21052928268909454,1.946222186088562,-1.3904857635498047,0.8835225105285645,1.905763030052185,-1.289513111114502,0.2644261121749878,1.9171957969665527,-1.5014064311981201,0.8567696809768677,1.8517682552337646,-1.0829945802688599,0.28218865394592285,1.8603098392486572,-1.2522549629211426,0.7500523328781128,1.8084895610809326,-0.051945317536592484,0.35958096385002136,1.8138307332992554,0.058877814561128616,0.7235016822814941,2.5984041690826416,0.024825531989336014,0.37066227197647095,2.608659505844116,-0.04285444691777229,0.725514829158783,3.310542583465576,0.8743114471435547,0.3986576199531555,3.3094704151153564,0.5437347292900085,0.7325845956802368,3.433999538421631,0.9133536219596863,0.39991316199302673,3.4282033443450928,0.5754643082618713,0.6702202558517456,3.5440430641174316,0.1054210439324379,0.46164798736572266,3.542497396469116,-0.30426788330078125,0.43984977538253367,2
2026-09-24T12:27:33.372678,S012,S012_A5_Y_20260924_1227,elevated_20,A5,young,class_2,0.5622937083244324,0.5263540148735046,-1.618013620376587,0.5930461883544922,0.4255583882331848,-1.5616642236709595,0.6179577708244324,0.4207742512226105,-1.561847448348999,0.6398463249206543,0.4176260828971863,-1.5620241165161133,0.5098753571510315,0.4388299286365509,-1.564348816871643,0.4832324981689453,0.44338458776474,-1.5637972354888916,0.4634666442871094,0.45139047503471375,-1.5643473863601685,0.6685806512832642,0.4545469582080841,-1.039255976676941,0.41902294754981995,0.485867440700531,-1.0233056545257568,0.6084104180335999,0.6211368441581726,-1.4042844772338867,0.5197228193283081,0.6360244750976562,-1.4009376764297485,0.861544132232666,0.8639602661132812,-0.5914812684059143,0.23794662952423096,0.8832834959030151,-0.669431746006012,0.9534584879875183,1.3823872804641724,-0.6850861310958862,0.1187688484787941,1.45986807346344,-0.7080451250076294,0.9103021621704102,1.6867583990097046,-1.359987735748291,0.21520745754241943,1.799552321434021,-1.5115512609481812,0.9401577115058899,1.8005375862121582,-1.5487244129180908,0.20711687207221985,1.9366179704666138,-1.7344709634780884,0.8830836415290833,1.7639377117156982,-1.6258741617202759,0.2611308693885803,1.8959612846374512,-1.8104431629180908,0.8565360903739929,1.7186241149902344,-1.4231269359588623,0.2796214818954468,1.841961145401001,-1.5711160898208618,0.7498561143875122,1.8166240453720093,-0.04909030348062515,0.3572917580604553,1.822180151939392,0.05614681914448738,0.7225296497344971,2.610307455062866,-0.03942780941724777,0.369971364736557,2.6093316078186035,-0.19309943914413452,0.7269079089164734,3.328238010406494,0.7082778215408325,0.3974643349647522,3.321923017501831,0.32399627566337585,0.7354825735092163,3.4509761333465576,0.7336950302124023,0.3983440101146698,3.4421002864837646,0.3459177315235138,0.6664872169494629,3.5658628940582275,-0.10153396427631378,0.465670108795166,3.558758020401001,-0.5522747039794922,0.4377779581203537,2
2026-09-24T12:27:33.498779,S012,S012_A5_Y_20260924_1227,elevated_20,A5,young,class_2,0.5575307607650757,0.5302565097808838,-1.4841002225875854,0.5862367749214172,0.4305804371833801,-1.417730689048767,0.612054705619812,0.4260888695716858,-1.4180901050567627,0.6331987977027893,0.4232179820537567,-1.4183018207550049,0.5023128390312195,0.44263964891433716,-1.4245580434799194,0.4757107198238373,0.44695547223091125,-1.4239246845245361,0.4562009871006012,0.4542418420314789,-1.424497365951538,0.658229649066925,0.4576212167739868,-0.8999748229980469,0.41293877363204956,0.48859354853630066,-0.895327091217041,0.6075993180274963,0.6239436268806458,-1.2739763259887695,0.514970064163208,0.6383149027824402,-1.275468111038208,0.8578569293022156,0.8789310455322266,-0.5432161092758179,0.23521363735198975,0.8903912901878357,-0.5873683094978333,0.9502556920051575,1.389594554901123,-0.604430079460144,0.12122868001461029,1.5015475749969482,-0.6165357828140259,0.9105285406112671,1.7075579166412354,-1.1310313940048218,0.21534641087055206,1.8322679996490479,-1.3601924180984497,0.9399864077568054,1.8300156593322754,-1.3139034509658813,0.21247056126594543,1.9717196226119995,-1.5690765380859375,0.8839172124862671,1.8022955656051636,-1.3979326486587524,0.26407453417778015,1.9241777658462524,-1.66474187374115,0.8579940795898438,1.7548311948776245,-1.196457028388977,0.2800406515598297,1.866510272026062,-1.4244647026062012,0.7492097616195679,1.8480104207992554,-0.05137503892183304,0.35721489787101746,1.8579328060150146,0.058399926871061325,0.7223680019378662,2.635211706161499,-0.04814755171537399,0.3695087134838104,2.6406149864196777,-0.02468787506222725,0.7249385118484497,3.3564112186431885,0.7500523328781128,0.39645522832870483,3.355611562728882,0.5385274291038513,0.733015239238739,3.478107213973999,0.7828298807144165,0.39632678031921387,3.47502064704895,0.5690642595291138,0.6668845415115356,3.5917608737945557,-0.020606979727745056,0.4639735817909241,3.5898473262786865,-0.29363393783569336,0.4359055950377903,2
2026-09-24T12:27:33.643345,S012,S012_A5_Y_20260924_1227,elevated_20,A5,young,class_2,0.5484515428543091,0.5425207614898682,-1.4894721508026123,0.5801085233688354,0.44399261474609375,-1.425740361213684,0.6073940992355347,0.43946272134780884,-1.4262257814407349,0.6281083226203918,0.4362443685531616,-1.4266231060028076,0.49245190620422363,0.45601075887680054,-1.4298160076141357,0.4661853313446045,0.45978933572769165,-1.4288811683654785,0.4464455544948578,0.46638140082359314,-1.4293789863586426,0.6518718600273132,0.46167993545532227,-0.882201075553894,0.4056185185909271,0.4954867660999298,-0.8669252395629883,0.6030403971672058,0.6295630931854248,-1.2679516077041626,0.504543125629425,0.6441020965576172,-1.2650351524353027,0.8570389747619629,0.8799070715904236,-0.5124126672744751,0.23395481705665588,0.8949206471443176,-0.5456043481826782,0.9479638338088989,1.393088698387146,-0.5544229745864868,0.12981513142585754,1.4896240234375,-0.5297414064407349,0.9109796285629272,1.7651883363723755,-1.037599802017212,0.20737755298614502,1.8417809009552002,-1.22732675075531,0.9413126707077026,1.909549355506897,-1.2164628505706787,0.1959846466779709,1.9833956956863403,-1.4923409223556519,0.8838391304016113,1.8984436988830566,-1.3102970123291016,0.24800726771354675,1.9537609815597534,-1.5682735443115234,0.8578898310661316,1.837133526802063,-1.1045321226119995,0.2664497494697571,1.8929692506790161,-1.3326318264007568,0.7485631704330444,1.8476969003677368,-0.057666439563035965,0.3579739034175873,1.8566011190414429,0.06495722383260727,0.72324538230896,2.6340086460113525,-0.09419753402471542,0.36992350220680237,2.6372487545013428,-0.011331720277667046,0.7266858220100403,3.3541014194488525,0.6843380928039551,0.3986561894416809,3.3510823249816895,0.5161165595054626,0.7354298830032349,3.475952625274658,0.7151138782501221,0.4002564549446106,3.4715707302093506,0.5414238572120667,0.6666892766952515,3.5889880657196045,-0.11417372524738312,0.4616645872592926,3.584416389465332,-0.3342827260494232,0.43380167866719904,2
2026-09-24T12:27:33.749313,S012,S012_A5_Y_20260924_1227,elevated_20,A5,young,class_2,0.5391957759857178,0.5584046244621277,-1.7972663640975952,0.5721584558486938,0.45965060591697693,-1.7341232299804688,0.5994077920913696,0.45478615164756775,-1.7347097396850586,0.6202935576438904,0.4509144723415375,-1.7349592447280884,0.48348864912986755,0.4736524820327759,-1.7410755157470703,0.4564686715602875,0.4778389632701874,-1.740648865699768,0.43396204710006714,0.48331841826438904,-1.741292953491211,0.6426482200622559,0.4693666398525238,-1.1435362100601196,0.39486223459243774,0.5080249309539795,-1.1485644578933716,0.5960036516189575,0.6430608034133911,-1.552856206893921,0.49501901865005493,0.6610614061355591,-1.5557787418365479,0.8509434461593628,0.8800182342529297,-0.6493967771530151,0.22757799923419952,0.8972286581993103,-0.6926392316818237,0.9452840685844421,1.3901516199111938,-0.6609185338020325,0.1334788203239441,1.4878901243209839,-0.6093040704727173,0.9061567187309265,1.7540167570114136,-1.3028464317321777,0.20928439497947693,1.8385957479476929,-1.3303519487380981,0.9303725957870483,1.8934063911437988,-1.494837999343872,0.20337986946105957,1.9788193702697754,-1.5580089092254639,0.8785098195075989,1.870813250541687,-1.5995726585388184,0.2501656711101532,1.941860318183899,-1.6656821966171265,0.8545201420783997,1.8124479055404663,-1.3770867586135864,0.267346054315567,1.8822866678237915,-1.4098764657974243,0.7480343580245972,1.856446385383606,-0.058823056519031525,0.35864099860191345,1.8668078184127808,0.06618745625019073,0.7258217334747314,2.650775194168091,-0.1652456521987915,0.3780210316181183,2.6376028060913086,-0.2800683379173279,0.7333658337593079,3.373579978942871,0.5724809169769287,0.408668577671051,3.3568785190582275,0.2149827927350998,0.7412603497505188,3.4968032836914062,0.5943698287010193,0.412061870098114,3.47990083694458,0.23434126377105713,0.6749260425567627,3.6104414463043213,-0.2784538269042969,0.46945720911026,3.588501453399658,-0.691696286201477,0.4311317157513589,2
2026-09-24T12:27:33.866174,S012,S012_A5_Y_20260924_1227,elevated_20,A5,young,class_2,0.5280181169509888,0.5817350745201111,-1.8665473461151123,0.5639457702636719,0.47526174783706665,-1.8097689151763916,0.5931440591812134,0.47000810503959656,-1.8101327419281006,0.615257203578949,0.4657248854637146,-1.8104333877563477,0.4690438210964203,0.4893779754638672,-1.8201534748077393,0.4404255449771881,0.4926411509513855,-1.819628357887268,0.4161403179168701,0.49648383259773254,-1.8202241659164429,0.6385216116905212,0.4780108630657196,-1.2429622411727905,0.37835320830345154,0.5151785016059875,-1.262958288192749,0.5880642533302307,0.6649826169013977,-1.6286484003067017,0.4803290367126465,0.6811014413833618,-1.6359084844589233,0.8415118455886841,0.8828716278076172,-0.7101691961288452,0.21582064032554626,0.8978747129440308,-0.8256271481513977,0.9468592405319214,1.3902499675750732,-0.5954482555389404,0.12012126296758652,1.4881428480148315,-0.618972897529602,0.906948447227478,1.7719671726226807,-1.2128336429595947,0.16946208477020264,1.8860849142074585,-1.1934070587158203,0.9305265545845032,1.9151101112365723,-1.3743826150894165,0.15778914093971252,2.0345027446746826,-1.3765660524368286,0.8786507844924927,1.9001506567001343,-1.5530664920806885,0.20440348982810974,2.0133070945739746,-1.4981290102005005,0.8549140095710754,1.8385483026504517,-1.2628438472747803,0.22439074516296387,1.9495385885238647,-1.2657464742660522,0.7408121228218079,1.855286955833435,-0.05543940141797066,0.34820666909217834,1.8647652864456177,0.06251650303602219,0.723142683506012,2.655273914337158,-0.13973495364189148,0.37552931904792786,2.63930082321167,-0.2658610939979553,0.7314769625663757,3.37766170501709,0.6528419852256775,0.4078388810157776,3.3634302616119385,0.2860289514064789,0.7392116785049438,3.500436544418335,0.6837502717971802,0.40935271978378296,3.4876084327697754,0.31295183300971985,0.6735356450080872,3.623870849609375,-0.15296776592731476,0.4682581424713135,3.599224805831909,-0.6049588918685913,0.42871121987010347,2
2026-09-24T12:27:33.985924,S012,S012_A5_Y_20260924_1227,elevated_20,A5,young,class_2,0.4957374036312103,0.5939680337905884,-1.9593486785888672,0.5329837799072266,0.4829465448856354,-1.918699026107788,0.5666077733039856,0.47796759009361267,-1.919018030166626,0.5945563912391663,0.47501757740974426,-1.9193998575210571,0.43434447050094604,0.49627381563186646,-1.9128278493881226,0.4067787528038025,0.5000395178794861,-1.9122822284698486,0.3797913193702698,0.5036740899085999,-1.912761926651001,0.6272546648979187,0.48797670006752014,-1.3651269674301147,0.3448329269886017,0.522713840007782,-1.3107218742370605,0.5640076994895935,0.6819826364517212,-1.7202221155166626,0.4520462453365326,0.6959800720214844,-1.7064640522003174,0.8359257578849792,0.8932915925979614,-0.8440933227539062,0.20322754979133606,0.8987556099891663,-0.7935869097709656,0.947034478187561,1.3940908908843994,-0.7958691716194153,0.11179129034280777,1.4841586351394653,-0.7085362672805786,0.9064480662345886,1.7752363681793213,-1.2960054874420166,0.16415216028690338,1.8329309225082397,-1.493477702140808,0.9294018745422363,1.9170336723327637,-1.451162338256836,0.15723279118537903,1.9629698991775513,-1.6981098651885986,0.876720130443573,1.9001744985580444,-1.5497665405273438,0.19937452673912048,1.9202369451522827,-1.7812814712524414,0.854175865650177,1.838673710823059,-1.3548403978347778,0.21696226298809052,1.8613829612731934,-1.5578739643096924,0.7299955487251282,1.8549039363861084,-0.06692143529653549,0.33522799611091614,1.8630229234695435,0.07383185625076294,0.7113025784492493,2.659921169281006,-0.14988116919994354,0.36011213064193726,2.638056516647339,-0.2582659125328064,0.7144961953163147,3.3794052600860596,0.6411615014076233,0.38300102949142456,3.36403489112854,0.2780803442001343,0.7239246964454651,3.5000357627868652,0.671370267868042,0.3882274031639099,3.487560987472534,0.3035516142845154,0.6414384245872498,3.635350465774536,-0.18999773263931274,0.4383910596370697,3.607623338699341,-0.6201902031898499,0.42616598637643177,2
2026-09-24T12:27:34.123586,S012,S012_A5_Y_20260924_1227,elevated_20,A5,young,class_2,0.480928897857666,0.6407822370529175,-2.353424310684204,0.5174575448036194,0.5188610553741455,-2.315290927886963,0.5526774525642395,0.5131152868270874,-2.315399408340454,0.5830746293067932,0.5089766979217529,-2.3157315254211426,0.41801148653030396,0.5356975197792053,-2.3125970363616943,0.3885112404823303,0.5412870049476624,-2.3127434253692627,0.3598121404647827,0.5469903945922852,-2.313054323196411,0.6205244064331055,0.5150417685508728,-1.6936743259429932,0.3208421766757965,0.5608721971511841,-1.6657392978668213,0.5504615902900696,0.7278319001197815,-2.0809950828552246,0.4382397532463074,0.7402864694595337,-2.075664758682251,0.823088526725769,0.8969727158546448,-1.0587236881256104,0.19253623485565186,0.9050561189651489,-0.9809635877609253,0.9517456293106079,1.3766521215438843,-1.3907992839813232,0.09593291580677032,1.4340342283248901,-0.999387264251709,0.8781892657279968,1.3973560333251953,-2.173226833343506,0.1538880318403244,1.4587533473968506,-1.7238528728485107,0.8706386685371399,1.4116120338439941,-2.301156997680664,0.157765194773674,1.4880820512771606,-1.859102487564087,0.822372555732727,1.1083664894104004,-2.2893474102020264,0.1771118938922882,1.429089903831482,-1.8505804538726807,0.8161565065383911,1.0881792306900024,-2.189011335372925,0.1901717185974121,1.417600154876709,-1.742664098739624,0.7119208574295044,1.8619664907455444,-0.07741929590702057,0.32358571887016296,1.8625887632369995,0.08370554447174072,0.6815467476844788,2.6581013202667236,-0.12218066304922104,0.32682347297668457,2.6206889152526855,-0.17896631360054016,0.6793040037155151,3.3629608154296875,0.677160918712616,0.34158337116241455,3.3448293209075928,0.39332324266433716,0.6831716299057007,3.4776227474212646,0.7216629385948181,0.35023123025894165,3.459639072418213,0.4276525378227234,0.6174058318138123,3.6278767585754395,-0.05932561680674553,0.39206233620643616,3.60599422454834,-0.5756702423095703,0.42505884589373827,2
2026-09-24T12:27:34.228572,S012,S012_A5_Y_20260924_1227,elevated_20,A5,young,class_2,0.47015661001205444,0.665902853012085,-2.6462013721466064,0.5098826885223389,0.5413051843643188,-2.604213237762451,0.5448397397994995,0.5348600149154663,-2.604304790496826,0.5756741762161255,0.5310920476913452,-2.6046836376190186,0.4102538526058197,0.5616906881332397,-2.6063952445983887,0.3794197738170624,0.5678714513778687,-2.6065874099731445,0.34974703192710876,0.5729074478149414,-2.60705828666687,0.6148251295089722,0.5385350584983826,-1.9609949588775635,0.30891749262809753,0.5811194777488708,-1.9534021615982056,0.5393961668014526,0.7510983943939209,-2.3652193546295166,0.4263225495815277,0.7620709538459778,-2.3658323287963867,0.8170667886734009,0.9065945148468018,-1.2486393451690674,0.1779697835445404,0.9171911478042603,-1.262305736541748,0.9683679342269897,1.3767989873886108,-1.4884462356567383,0.08457029610872269,1.4468212127685547,-1.1320675611495972,0.8803728222846985,1.4788109064102173,-2.277834415435791,0.12904894351959229,1.5133599042892456,-1.7478119134902954,0.8794924020767212,1.528563141822815,-2.4316482543945312,0.1300971955060959,1.5852268934249878,-1.8907486200332642,0.8294005393981934,1.435322880744934,-2.4409570693969727,0.15414221584796906,1.4561820030212402,-1.930545449256897,0.818265438079834,1.409514307975769,-2.3042821884155273,0.1672554314136505,1.4518837928771973,-1.7827049493789673,0.7059050798416138,1.8802921772003174,-0.07739361375570297,0.30841636657714844,1.8725603818893433,0.08368634432554245,0.672714114189148,2.6728808879852295,-0.15281711518764496,0.3153306841850281,2.62431001663208,-0.19773204624652863,0.6738933324813843,3.365328788757324,0.8148008584976196,0.32614123821258545,3.345832347869873,0.4036390781402588,0.6775696873664856,3.479844331741333,0.8716014623641968,0.332552969455719,3.4606666564941406,0.44910430908203125,0.6115115284919739,3.636671781539917,0.07186705619096756,0.38289687037467957,3.6173930168151855,-0.5650537014007568,0.4233333275188863,2
2026-09-24T12:27:34.344134,S012,S012_A5_Y_20260924_1227,elevated_20,A5,young,class_2,0.4591844081878662,0.6807660460472107,-2.6331756114959717,0.5011404156684875,0.552230954170227,-2.6042613983154297,0.5363898277282715,0.5448158979415894,-2.604515790939331,0.568167507648468,0.5405128002166748,-2.6049952507019043,0.4006751477718353,0.574811577796936,-2.5935513973236084,0.36865946650505066,0.5808632373809814,-2.593466281890869,0.3381216526031494,0.5853739976882935,-2.5937790870666504,0.6098008155822754,0.5460062623023987,-1.9809879064559937,0.2982338070869446,0.5886963605880737,-1.9100658893585205,0.5286803245544434,0.7618760466575623,-2.355571746826172,0.41647568345069885,0.77491694688797,-2.3372819423675537,0.8134759068489075,0.9090836644172668,-1.3062180280685425,0.17264606058597565,0.9164085984230042,-1.1769617795944214,0.950145423412323,1.3784373998641968,-1.34633207321167,0.08949179947376251,1.4471980333328247,-0.944779098033905,0.8807371258735657,1.6231952905654907,-1.9761741161346436,0.12653616070747375,1.6014378070831299,-1.568764090538025,0.8886917233467102,1.7385495901107788,-2.131195306777954,0.12386633455753326,1.7023717164993286,-1.7271404266357422,0.8410012125968933,1.7051732540130615,-2.2144768238067627,0.14367356896400452,1.6174068450927734,-1.7958911657333374,0.8268439173698425,1.6503372192382812,-2.031298875808716,0.15830393135547638,1.5911389589309692,-1.6199426651000977,0.702567994594574,1.8704618215560913,-0.08763138949871063,0.3071124851703644,1.8661240339279175,0.09373914450407028,0.6759623885154724,2.673783302307129,-0.17844007909297943,0.3200863301753998,2.626537322998047,-0.18618325889110565,0.6769282817840576,3.375112771987915,0.7778317332267761,0.33317604660987854,3.3579061031341553,0.41507863998413086,0.681484043598175,3.4901578426361084,0.8343126177787781,0.3382360339164734,3.4736721515655518,0.44954222440719604,0.6143515110015869,3.6482903957366943,-0.04246106371283531,0.3895065188407898,3.6307106018066406,-0.49206680059432983,0.42161052682940586,2
2026-09-24T12:27:34.469284,S012,S012_A5_Y_20260924_1227,elevated_20,A5,young,class_2,0.4457661211490631,0.6848849654197693,-2.5338969230651855,0.48926687240600586,0.5546194911003113,-2.5000083446502686,0.5258805155754089,0.5465456247329712,-2.500236988067627,0.5591325759887695,0.541717529296875,-2.5005199909210205,0.38935035467147827,0.5782772898674011,-2.486619710922241,0.3578936457633972,0.5843425989151001,-2.486729145050049,0.32848280668258667,0.5889227390289307,-2.4871163368225098,0.6042271852493286,0.5462267994880676,-1.8790712356567383,0.2935101091861725,0.5918249487876892,-1.7975761890411377,0.5175827741622925,0.7630992531776428,-2.260714292526245,0.4046541154384613,0.7756244540214539,-2.239570140838623,0.8106780052185059,0.9087410569190979,-1.2241766452789307,0.17115119099617004,0.9178596138954163,-1.0825250148773193,0.9502293467521667,1.374353051185608,-1.478567361831665,0.09152725338935852,1.449666976928711,-0.9125876426696777,0.8758969306945801,1.5114421844482422,-2.2489068508148193,0.12542185187339783,1.6413600444793701,-1.5347464084625244,0.8781906366348267,1.5655505657196045,-2.402599811553955,0.12180089950561523,1.7512993812561035,-1.6795375347137451,0.842322826385498,1.5154521465301514,-2.424015760421753,0.13727134466171265,1.6567803621292114,-1.7502037286758423,0.8270195126533508,1.4947949647903442,-2.2798714637756348,0.15311522781848907,1.626485824584961,-1.5851513147354126,0.7031169533729553,1.8710838556289673,-0.11289365589618683,0.30909305810928345,1.8663769960403442,0.11882325261831284,0.6687461137771606,2.6596596240997314,-0.2518159747123718,0.32023924589157104,2.6136434078216553,-0.1622374951839447,0.6760908961296082,3.3682096004486084,0.5815077424049377,0.3357749581336975,3.353950023651123,0.3801613450050354,0.6834596991539001,3.484175682067871,0.6185556054115295,0.3417262136936188,3.4660966396331787,0.40132632851600647,0.6139415502548218,3.6319422721862793,-0.185012549161911,0.38436394929885864,3.625859260559082,-0.454946905374527,0.42071251676503435,2
2026-09-24T12:27:34.570536,S012,S012_A5_Y_20260924_1227,elevated_20,A5,young,class_2,0.45264363288879395,0.6789014935493469,-2.4107584953308105,0.4949767589569092,0.5504539012908936,-2.3623430728912354,0.5303645730018616,0.5433063507080078,-2.3627147674560547,0.5617213249206543,0.5385190844535828,-2.3630290031433105,0.39432400465011597,0.5714077353477478,-2.355968475341797,0.36510708928108215,0.5764787793159485,-2.3561196327209473,0.33719602227211,0.5804170370101929,-2.356501579284668,0.6044897437095642,0.5439432263374329,-1.7175586223602295,0.30297407507896423,0.5859639644622803,-1.668492078781128,0.5224208235740662,0.7590191960334778,-2.132516622543335,0.4101909101009369,0.7728250026702881,-2.120957851409912,0.8108358383178711,0.9105336666107178,-1.1002238988876343,0.17296959459781647,0.9248373508453369,-0.9928485155105591,0.9543347358703613,1.378431797027588,-1.3426622152328491,0.09369121491909027,1.4537192583084106,-0.8640974164009094,0.8761296272277832,1.5533382892608643,-2.1622815132141113,0.1303844004869461,1.668718934059143,-1.5672657489776611,0.8827203512191772,1.6241477727890015,-2.3330864906311035,0.12527824938297272,1.7781001329421997,-1.7281553745269775,0.8443807363510132,1.5696260929107666,-2.369070053100586,0.1464425027370453,1.708174467086792,-1.7940866947174072,0.8290537595748901,1.5416349172592163,-2.201655864715576,0.16170480847358704,1.6689072847366333,-1.619223952293396,0.7038470506668091,1.891281008720398,-0.11545207351446152,0.3098156452178955,1.8871700763702393,0.12153621762990952,0.6691018342971802,2.6648318767547607,-0.3049854636192322,0.3223573863506317,2.613823413848877,-0.2953135371208191,0.6818441152572632,3.3687453269958496,0.6083545684814453,0.34110188484191895,3.3534140586853027,0.3253358006477356,0.6893587112426758,3.4845352172851562,0.6509439945220947,0.35209402441978455,3.4658405780792236,0.35476213693618774,0.6242703199386597,3.6297290325164795,-0.16167478263378143,0.38563403487205505,3.623997688293457,-0.5088288187980652,0.41977199671082693,2
2026-09-24T12:27:34.683868,S012,S012_A5_Y_20260924_1227,elevated_20,A5,young,class_2,0.4597971439361572,0.670832633972168,-2.5616888999938965,0.5010741353034973,0.5452782511711121,-2.5162222385406494,0.5348429083824158,0.5384387373924255,-2.516497850418091,0.5639519095420837,0.5338063836097717,-2.516867160797119,0.3983263373374939,0.5647769570350647,-2.5191478729248047,0.3701513111591339,0.5695940852165222,-2.519430637359619,0.3416988253593445,0.5736161470413208,-2.519885540008545,0.6059029698371887,0.5409796237945557,-1.854140281677246,0.3089023530483246,0.5816163420677185,-1.8519423007965088,0.5263786911964417,0.7526090741157532,-2.274977684020996,0.41591376066207886,0.7657483220100403,-2.2770822048187256,0.8070284128189087,0.907016932964325,-1.182547688484192,0.1748959869146347,0.9240171313285828,-1.1373803615570068,0.9649343490600586,1.3120967149734497,-1.5097370147705078,0.095543272793293,1.4375032186508179,-1.0137356519699097,0.8596122860908508,1.2578723430633545,-2.3580822944641113,0.13088753819465637,1.676279067993164,-1.651537299156189,0.8382729291915894,1.258420467376709,-2.523472785949707,0.1320042461156845,1.7881724834442139,-1.792891263961792,0.8193148374557495,1.1921149492263794,-2.505296468734741,0.14785753190517426,1.7239763736724854,-1.8443937301635742,0.8095186948776245,1.1954059600830078,-2.374384880065918,0.16596727073192596,1.680070161819458,-1.6923729181289673,0.7048395276069641,1.8873729705810547,-0.10919873416423798,0.31082847714424133,1.885959506034851,0.1146855503320694,0.6715438961982727,2.643325090408325,-0.2644621729850769,0.3255203664302826,2.5944020748138428,-0.25373077392578125,0.6820219159126282,3.3414740562438965,0.6388583779335022,0.3511466085910797,3.3317220211029053,0.3492623269557953,0.6898518204689026,3.449296236038208,0.6806790828704834,0.3603931963443756,3.43784761428833,0.37834230065345764,0.6293137669563293,3.6069064140319824,-0.14082643389701843,0.4020785391330719,3.6115798950195312,-0.48015251755714417,0.41995571787111025,2
2026-09-24T12:27:34.790778,S012,S012_A5_Y_20260924_1227,elevated_20,A5,young,class_2,0.46101245284080505,0.667112410068512,-2.5094521045684814,0.5051168203353882,0.5423260927200317,-2.470365047454834,0.5395830869674683,0.5355712175369263,-2.470547914505005,0.568053126335144,0.5310442447662354,-2.4706835746765137,0.4024498462677002,0.5625513792037964,-2.4703686237335205,0.3742857873439789,0.5677312612533569,-2.470454692840576,0.34616783261299133,0.5721320509910583,-2.4709532260894775,0.607606053352356,0.5389744639396667,-1.8387203216552734,0.3131541311740875,0.5794775485992432,-1.8196719884872437,0.5282378792762756,0.7484840750694275,-2.235496759414673,0.4179042875766754,0.7612454295158386,-2.231905937194824,0.807938277721405,0.9043545126914978,-1.170141339302063,0.17510738968849182,0.9213011860847473,-1.1710478067398071,0.959740936756134,1.3142788410186768,-1.4063302278518677,0.09683296084403992,1.4409090280532837,-1.0365550518035889,0.86469566822052,1.5281120538711548,-2.18455171585083,0.13115714490413666,1.7822636365890503,-1.7407270669937134,0.8547712564468384,1.6395779848098755,-2.337080717086792,0.12676967680454254,1.9253730773925781,-1.9214016199111938,0.8310419917106628,1.6002599000930786,-2.311184883117676,0.15072540938854218,1.8812909126281738,-2.0149521827697754,0.8183913230895996,1.552707552909851,-2.3678061962127686,0.1688951849937439,1.8214757442474365,-1.8015016317367554,0.7076796293258667,1.8868987560272217,-0.10696025937795639,0.3115741014480591,1.885154366493225,0.11222531646490097,0.6752086877822876,2.6528496742248535,-0.17094221711158752,0.3292720913887024,2.6169915199279785,-0.17726489901542664,0.6840605735778809,3.3634679317474365,0.7361032962799072,0.3550747036933899,3.3552587032318115,0.4655049741268158,0.6916221976280212,3.4799036979675293,0.7737325429916382,0.36382147669792175,3.467574119567871,0.49580901861190796,0.6305075287818909,3.6265530586242676,-0.10690377652645111,0.40889352560043335,3.629244089126587,-0.4422893524169922,0.4191263881617818,2
2026-09-24T12:27:34.895252,S012,S012_A5_Y_20260924_1227,elevated_20,A5,young,class_2,0.463716596364975,0.6632656455039978,-2.4405431747436523,0.5104268789291382,0.5398126244544983,-2.4053194522857666,0.5434986352920532,0.5332267880439758,-2.4055795669555664,0.5705874562263489,0.5288330912590027,-2.4059925079345703,0.4031442701816559,0.5600250363349915,-2.402184009552002,0.37481072545051575,0.5662073493003845,-2.402174949645996,0.3468784689903259,0.571080207824707,-2.4026613235473633,0.6078932881355286,0.5385850667953491,-1.7882633209228516,0.3141576647758484,0.5726006627082825,-1.7544591426849365,0.5284844636917114,0.7456710934638977,-2.17042875289917,0.4185226857662201,0.7582792639732361,-2.1628193855285645,0.808111846446991,0.9016606211662292,-1.146468997001648,0.17590351402759552,0.9165799617767334,-1.0929445028305054,0.9600743055343628,1.3335949182510376,-1.3238931894302368,0.09929866343736649,1.4392260313034058,-0.965827465057373,0.8656531572341919,1.5933711528778076,-2.0921101570129395,0.14880727231502533,1.762050747871399,-1.698423981666565,0.8589981198310852,1.707276463508606,-2.3018221855163574,0.15208283066749573,1.9022568464279175,-1.880889654159546,0.8334715962409973,1.658239483833313,-2.2324516773223877,0.17484723031520844,1.8463162183761597,-1.9627456665039062,0.8194212913513184,1.6087868213653564,-2.291142463684082,0.18809901177883148,1.7863047122955322,-1.7565696239471436,0.7170864939689636,1.8718390464782715,-0.10599730163812637,0.3197968006134033,1.8669620752334595,0.11141582578420639,0.6881362199783325,2.6570234298706055,-0.185896635055542,0.33800044655799866,2.6184065341949463,-0.17651593685150146,0.6846733689308167,3.3722519874572754,0.7495294213294983,0.3552817106246948,3.358492612838745,0.4730379581451416,0.6919411420822144,3.4878687858581543,0.7938518524169922,0.36373403668403625,3.4716951847076416,0.5072737336158752,0.6306445002555847,3.6395132541656494,-0.098564513027668,0.4108298718929291,3.631657600402832,-0.4319901466369629,0.41792350799633743,2
2026-09-24T12:27:35.010803,S012,S012_A5_Y_20260924_1227,elevated_20,A5,young,class_2,0.47449594736099243,0.6619184017181396,-2.6265780925750732,0.5216480493545532,0.538967490196228,-2.5703072547912598,0.5529710054397583,0.5322674512863159,-2.5706329345703125,0.578173816204071,0.5278728604316711,-2.570974588394165,0.4094982147216797,0.5583094358444214,-2.5775156021118164,0.3793555200099945,0.5635144114494324,-2.5777854919433594,0.3516916334629059,0.56717449426651,-2.5782053470611572,0.6133946180343628,0.5383102893829346,-1.8805242776870728,0.31482812762260437,0.5691009759902954,-1.8983354568481445,0.5348549485206604,0.7438091039657593,-2.332894802093506,0.42476576566696167,0.7565832138061523,-2.341187000274658,0.8069273829460144,0.894790768623352,-1.2015596628189087,0.17903625965118408,0.9161996245384216,-1.186682105064392,0.9647662043571472,1.2941242456436157,-1.5390111207962036,0.11666582524776459,1.4395769834518433,-1.0557698011398315,0.8602958917617798,1.2313683032989502,-2.395068407058716,0.17727339267730713,1.6913594007492065,-1.6848475933074951,0.8429455757141113,1.22449791431427,-2.576077938079834,0.18628105521202087,1.7986664772033691,-1.8395907878875732,0.8150113821029663,1.0049784183502197,-2.5499019622802734,0.20310933887958527,1.7287733554840088,-1.9031150341033936,0.8108453750610352,1.1650488376617432,-2.422670841217041,0.21304957568645477,1.683633804321289,-1.7286955118179321,0.717980682849884,1.8717533349990845,-0.10468636453151703,0.326795756816864,1.8705848455429077,0.11019463837146759,0.6891392469406128,2.645725727081299,-0.17856472730636597,0.34772151708602905,2.607288360595703,-0.14911802113056183,0.6913809776306152,3.350802421569824,0.8083996772766113,0.3739349842071533,3.33392071723938,0.5493655800819397,0.6978775262832642,3.463209867477417,0.8566504716873169,0.3796253800392151,3.441065549850464,0.5867358446121216,0.6447548866271973,3.6125597953796387,0.026794880628585815,0.43382102251052856,3.612788200378418,-0.30123376846313477,0.4185528246333971,2
2026-09-24T12:27:35.123408,S012,S012_A5_Y_20260924_1227,elevated_20,A5,young,class_2,0.48763784766197205,0.6517863869667053,-2.49853253364563,0.5375097393989563,0.5303276777267456,-2.4584622383117676,0.567808985710144,0.5259526371955872,-2.458665370941162,0.5915011167526245,0.5235871076583862,-2.458888530731201,0.42444053292274475,0.5418199300765991,-2.457277297973633,0.39216533303260803,0.5455518364906311,-2.457522392272949,0.36564159393310547,0.5491626858711243,-2.4578094482421875,0.6269172430038452,0.5379747748374939,-1.8174054622650146,0.3244895040988922,0.5572599172592163,-1.8881580829620361,0.5441029071807861,0.7382360696792603,-2.243147373199463,0.43325909972190857,0.7491406798362732,-2.237264394760132,0.8074547052383423,0.8968353271484375,-1.136439323425293,0.1803385615348816,0.9033114314079285,-1.1146796941757202,0.9613336324691772,1.3438782691955566,-1.1257708072662354,0.11460211127996445,1.4404981136322021,-1.0500138998031616,0.8793180584907532,1.6191304922103882,-1.8120359182357788,0.17598536610603333,1.6991589069366455,-1.761260747909546,0.8876104354858398,1.7398793697357178,-1.9997596740722656,0.18293550610542297,1.816652774810791,-1.96843683719635,0.8443573713302612,1.6782416105270386,-2.1011767387390137,0.2015029937028885,1.7431035041809082,-2.053555965423584,0.8298908472061157,1.6370606422424316,-1.8796322345733643,0.21226653456687927,1.6929256916046143,-1.8227516412734985,0.7178485989570618,1.8757531642913818,-0.10407526791095734,0.32177454233169556,1.8711590766906738,0.10951312631368637,0.6889872550964355,2.6901142597198486,-0.2522507607936859,0.3368655741214752,2.64451265335083,-0.30318978428840637,0.6789939403533936,3.413093328475952,0.6050228476524353,0.3352902829647064,3.391960620880127,0.2699088752269745,0.684410035610199,3.531186580657959,0.635222315788269,0.33541232347488403,3.516535997390747,0.2929142117500305,0.612241804599762,3.6826529502868652,-0.27720728516578674,0.3949674665927887,3.655623435974121,-0.683330774307251,0.41752204828861234,2
2026-09-24T12:27:35.237950,S012,S012_A5_Y_20260924_1227,elevated_20,A5,young,class_2,0.497563898563385,0.6464323401451111,-2.444206953048706,0.5497978329658508,0.5223241448402405,-2.399181842803955,0.5783740878105164,0.5193312168121338,-2.3994174003601074,0.6010428071022034,0.5180885791778564,-2.3997042179107666,0.43776169419288635,0.5294686555862427,-2.399785041809082,0.4026690125465393,0.5316221714019775,-2.3998923301696777,0.37590059638023376,0.5342971682548523,-2.400308847427368,0.6342242956161499,0.5339389443397522,-1.815389633178711,0.33291247487068176,0.542441725730896,-1.781365156173706,0.5500401258468628,0.7357768416404724,-2.179152011871338,0.43978166580200195,0.744338870048523,-2.1758358478546143,0.8065775036811829,0.89674311876297,-1.1105245351791382,0.1795131117105484,0.8988363146781921,-1.0878137350082397,0.9537737965583801,1.3745476007461548,-1.1219089031219482,0.11258814483880997,1.4413318634033203,-0.9160556793212891,0.8690069913864136,1.6248193979263306,-1.8140218257904053,0.1731964498758316,1.7105387449264526,-1.564447283744812,0.8728270530700684,1.726133108139038,-1.9828180074691772,0.18149712681770325,1.83225679397583,-1.7371199131011963,0.8333141207695007,1.6680349111557007,-2.0486245155334473,0.1982341706752777,1.7634804248809814,-1.8168437480926514,0.817887008190155,1.627051591873169,-1.8647127151489258,0.20824268460273743,1.7097710371017456,-1.617606520652771,0.7098666429519653,1.8790347576141357,-0.09829837083816528,0.3134327530860901,1.871107816696167,0.10402320325374603,0.677126944065094,2.6875221729278564,-0.247500941157341,0.32317692041397095,2.639028310775757,-0.2738123834133148,0.6685091257095337,3.406935214996338,0.6391881108283997,0.32570913434028625,3.390906810760498,0.3293268382549286,0.6739479303359985,3.5239171981811523,0.6753503084182739,0.32531100511550903,3.5117924213409424,0.35680511593818665,0.6042401790618896,3.6725375652313232,-0.19341932237148285,0.38495245575904846,3.6509416103363037,-0.567010760307312,0.4164757779034324,2
2026-09-24T12:27:35.354530,S012,S012_A5_Y_20260924_1227,elevated_20,A5,young,class_2,0.5063090920448303,0.632884681224823,-2.3802618980407715,0.5569667220115662,0.5131688714027405,-2.304447889328003,0.5845102071762085,0.512336015701294,-2.304853677749634,0.6069193482398987,0.512650728225708,-2.305013418197632,0.44769707322120667,0.5140532851219177,-2.319453477859497,0.4111645817756653,0.5159137845039368,-2.3198490142822266,0.38429296016693115,0.5190933346748352,-2.320279121398926,0.6399797797203064,0.5313354730606079,-1.6130155324935913,0.33995023369789124,0.5342933535575867,-1.668393850326538,0.555793821811676,0.7299397587776184,-2.089285373687744,0.44537168741226196,0.7348007559776306,-2.1105213165283203,0.8069878816604614,0.8977075219154358,-1.0019314289093018,0.1803121417760849,0.8988897800445557,-0.9803895950317383,0.9531130790710449,1.3780887126922607,-1.1379035711288452,0.1228746622800827,1.4372308254241943,-0.8766018748283386,0.860332190990448,1.550248384475708,-1.8675867319107056,0.17928391695022583,1.6354466676712036,-1.5702455043792725,0.852476954460144,1.6049283742904663,-2.0302979946136475,0.18857447803020477,1.7283507585525513,-1.7418606281280518,0.8255972862243652,1.5505257844924927,-2.056548595428467,0.20041868090629578,1.6586177349090576,-1.8134371042251587,0.8105696439743042,1.5184341669082642,-1.9012658596038818,0.20978398621082306,1.6185835599899292,-1.6231210231781006,0.709938645362854,1.8872431516647339,-0.09902007132768631,0.3191165030002594,1.8778367042541504,0.10485850274562836,0.6778324842453003,2.6717162132263184,-0.30110278725624084,0.321239709854126,2.6137032508850098,-0.35808005928993225,0.6705412268638611,3.384767770767212,0.5993666052818298,0.33601877093315125,3.3645331859588623,0.2768591642379761,0.6747074723243713,3.502041816711426,0.6397634148597717,0.34361380338668823,3.478710412979126,0.3064415454864502,0.6120833158493042,3.6377053260803223,-0.18242494761943817,0.3861413598060608,3.6292524337768555,-0.5590486526489258,0.41593604840873566,2
2026-09-24T12:27:35.454060,S012,S012_A5_Y_20260924_1227,elevated_20,A5,young,class_2,0.5095690488815308,0.6155725121498108,-2.3075966835021973,0.5609464645385742,0.5038338303565979,-2.2369723320007324,0.5890364050865173,0.5052576661109924,-2.2373900413513184,0.6124132871627808,0.507559597492218,-2.2375950813293457,0.4526998996734619,0.500914454460144,-2.247511863708496,0.41568368673324585,0.5023929476737976,-2.247758388519287,0.38982653617858887,0.5055202841758728,-2.2482166290283203,0.6482085585594177,0.5299229621887207,-1.5522555112838745,0.34823980927467346,0.5249232649803162,-1.5877093076705933,0.5612068176269531,0.7219898700714111,-2.019963264465332,0.44966211915016174,0.720596194267273,-2.034651041030884,0.8083584904670715,0.8980619311332703,-0.9574222564697266,0.18075551092624664,0.8987880349159241,-0.9126650094985962,0.945900559425354,1.3843225240707397,-1.0824671983718872,0.12687362730503082,1.4290164709091187,-0.8111652135848999,0.8656686544418335,1.5863001346588135,-1.8228464126586914,0.1780882179737091,1.6323821544647217,-1.5738768577575684,0.8666847348213196,1.6629958152770996,-1.990451455116272,0.18670246005058289,1.7314528226852417,-1.7443326711654663,0.8400943875312805,1.613642930984497,-2.04693865776062,0.19960224628448486,1.6674858331680298,-1.8185319900512695,0.8217505216598511,1.5706831216812134,-1.871319055557251,0.20863206684589386,1.624118685722351,-1.6255662441253662,0.7110959887504578,1.8866331577301025,-0.09876760095357895,0.3238600492477417,1.8774986267089844,0.10466904938220978,0.678721010684967,2.669840097427368,-0.2961304485797882,0.32170990109443665,2.612631320953369,-0.32338279485702515,0.6718226671218872,3.383570671081543,0.5190752744674683,0.33659517765045166,3.3634493350982666,0.20777904987335205,0.6754285097122192,3.5009968280792236,0.5510855317115784,0.34408438205718994,3.4779205322265625,0.22515687346458435,0.6143856644630432,3.637106418609619,-0.28306353092193604,0.3865949511528015,3.628743886947632,-0.6558318138122559,0.41520754876414273,2
2026-09-24T12:27:35.584142,S012,S012_A5_Y_20260924_1227,elevated_20,A5,young,class_2,0.5156285166740417,0.603831946849823,-2.3152260780334473,0.5668032169342041,0.49532222747802734,-2.2490017414093018,0.5944668054580688,0.49762487411499023,-2.2493736743927,0.6184777021408081,0.5007033348083496,-2.249641180038452,0.4605485796928406,0.48944512009620667,-2.252659320831299,0.4231778681278229,0.48966026306152344,-2.2529797554016113,0.3973011374473572,0.4918588399887085,-2.2533745765686035,0.6529065370559692,0.52559494972229,-1.5733448266983032,0.3563674986362457,0.5155104398727417,-1.5966465473175049,0.5648412704467773,0.7137947082519531,-2.021552562713623,0.4557717442512512,0.7093985676765442,-2.048555374145508,0.808485209941864,0.8981529474258423,-0.965938925743103,0.1798292100429535,0.8993365168571472,-0.9665638208389282,0.9407336115837097,1.3844693899154663,-1.0063717365264893,0.12663061916828156,1.4511895179748535,-0.8144356608390808,0.8664542436599731,1.623228907585144,-1.7015621662139893,0.18355527520179749,1.7071559429168701,-1.5758695602416992,0.8668864965438843,1.7245949506759644,-1.877494215965271,0.19182610511779785,1.826261043548584,-1.7500041723251343,0.8401521444320679,1.6788041591644287,-1.9496681690216064,0.21481537818908691,1.7658331394195557,-1.8321123123168945,0.821928858757019,1.6282397508621216,-1.758746862411499,0.22353994846343994,1.7122565507888794,-1.6283090114593506,0.7112610340118408,1.8863765001296997,-0.09583008289337158,0.32274559140205383,1.8775025606155396,0.10179941356182098,0.681887686252594,2.687992572784424,-0.2758972942829132,0.3287493586540222,2.6507456302642822,-0.3053952157497406,0.6753596067428589,3.4189181327819824,0.5688312649726868,0.34340745210647583,3.4011619091033936,0.25669044256210327,0.6788558959960938,3.5406606197357178,0.6033453345298767,0.3482353687286377,3.5230460166931152,0.27908405661582947,0.6170989871025085,3.6748435497283936,-0.26869288086891174,0.4007694125175476,3.655606269836426,-0.6685570478439331,0.4143169894843154,2
2026-09-24T12:27:35.707663,S012,S012_A5_Y_20260924_1227,elevated_20,A5,young,class_2,0.5219699144363403,0.5978688597679138,-2.384093999862671,0.5719234943389893,0.4913465082645416,-2.2968146800994873,0.5986931920051575,0.4941043555736542,-2.2972159385681152,0.6229669451713562,0.4979615807533264,-2.297396659851074,0.4694136083126068,0.4840641915798187,-2.3172733783721924,0.4326764643192291,0.48344287276268005,-2.31764817237854,0.4053426682949066,0.4848049283027649,-2.3183064460754395,0.6571383476257324,0.5252065658569336,-1.5876104831695557,0.36365047097206116,0.510769248008728,-1.658482551574707,0.5686659216880798,0.7100900411605835,-2.0841078758239746,0.46103182435035706,0.7032963633537292,-2.1189939975738525,0.8116623163223267,0.9098649621009827,-0.976967990398407,0.17666524648666382,0.9070314168930054,-1.0700753927230835,0.9441808462142944,1.4148921966552734,-1.1112935543060303,0.11492522060871124,1.481020212173462,-1.192391276359558,0.888822078704834,1.6316262483596802,-1.983594536781311,0.20241329073905945,1.6864479780197144,-2.1060004234313965,0.8961814045906067,1.7210620641708374,-2.1713109016418457,0.22670504450798035,1.7815613746643066,-2.3228442668914795,0.8665000200271606,1.6697636842727661,-2.2283620834350586,0.24942204356193542,1.7082303762435913,-2.350008487701416,0.8456627130508423,1.6275527477264404,-2.036334753036499,0.2523769736289978,1.6678462028503418,-2.1433520317077637,0.7114171981811523,1.9001573324203491,-0.07823125272989273,0.3189616799354553,1.8924007415771484,0.08415475487709045,0.6834885478019714,2.7238893508911133,-0.26883864402770996,0.33035844564437866,2.681640148162842,-0.406958669424057,0.6766116619110107,3.4484221935272217,0.5882657766342163,0.3443998694419861,3.4253644943237305,0.2152414619922638,0.6792886853218079,3.569267988204956,0.6201208233833313,0.348468154668808,3.550307035446167,0.24178767204284668,0.6190828084945679,3.708273410797119,-0.23345665633678436,0.40126752853393555,3.673386335372925,-0.7223242521286011,0.41404940094754705,2
2026-09-24T12:27:35.818106,S012,S012_A5_Y_20260924_1227,elevated_20,A5,young,class_2,0.5336138606071472,0.5980839133262634,-2.6113126277923584,0.5799111127853394,0.49133989214897156,-2.5052573680877686,0.6052817106246948,0.49370840191841125,-2.5056393146514893,0.629362940788269,0.497309148311615,-2.50582218170166,0.4803376793861389,0.4836779534816742,-2.526909351348877,0.4439176619052887,0.482583612203598,-2.5275163650512695,0.41461363434791565,0.48358485102653503,-2.5281946659088135,0.6605592966079712,0.524691104888916,-1.7226011753082275,0.37164872884750366,0.5103422403335571,-1.8175976276397705,0.574374794960022,0.7098262906074524,-2.3009018898010254,0.47253936529159546,0.7026955485343933,-2.332730293273926,0.8122438192367554,0.9146998524665833,-1.1601524353027344,0.17677605152130127,0.9140658974647522,-1.2289873361587524,0.9510856866836548,1.4051300287246704,-1.914656400680542,0.11446890980005264,1.4807791709899902,-1.6993461847305298,0.8563895225524902,1.1820136308670044,-2.9775872230529785,0.2534611225128174,1.4170371294021606,-2.7046046257019043,0.8325490951538086,1.116662621498108,-3.174485683441162,0.30020156502723694,1.4107469320297241,-2.910590410232544,0.820061206817627,0.9648095965385437,-3.094602108001709,0.3045993447303772,1.3406733274459839,-2.846845865249634,0.8163102269172668,1.083478331565857,-2.9763731956481934,0.3020913600921631,1.3450827598571777,-2.708143711090088,0.7085631489753723,1.928442120552063,-0.08034145087003708,0.3182907998561859,1.9241482019424438,0.08623506873846054,0.6785041689872742,2.6809051036834717,-0.2893882393836975,0.30703338980674744,2.6521735191345215,-0.4526783525943756,0.6805449724197388,3.401811122894287,0.7552384734153748,0.3569171726703644,3.3638622760772705,0.3910779058933258,0.6853628158569336,3.5262417793273926,0.8099725842475891,0.3650188446044922,3.4676108360290527,0.4466949999332428,0.6370037794113159,3.644019603729248,-0.03722148388624191,0.414461612701416,3.6290512084960938,-0.44767698645591736,0.41645327381301095,2
2026-09-24T12:27:35.928266,S012,S012_A5_Y_20260924_1227,elevated_20,A5,young,class_2,0.5365352630615234,0.5970115065574646,-2.596656322479248,0.580451488494873,0.4909151494503021,-2.508558750152588,0.6057568788528442,0.49270087480545044,-2.5089058876037598,0.6296367645263672,0.4956733286380768,-2.509178400039673,0.483083575963974,0.4842137396335602,-2.5286383628845215,0.4480493664741516,0.48336273431777954,-2.529172420501709,0.4185963571071625,0.48455458879470825,-2.529820442199707,0.6609418988227844,0.5216760635375977,-1.754913091659546,0.37743183970451355,0.510489284992218,-1.8401720523834229,0.5769239664077759,0.7065086960792542,-2.290555477142334,0.4780343174934387,0.7015826106071472,-2.3179335594177246,0.8227068185806274,0.9130756855010986,-1.1330336332321167,0.17707177996635437,0.9174136519432068,-1.217192530632019,0.9842977523803711,1.3798003196716309,-1.6714122295379639,0.11167682707309723,1.4803310632705688,-1.4653429985046387,0.8682019114494324,1.200692892074585,-2.7333970069885254,0.25233834981918335,1.4944185018539429,-2.3830623626708984,0.8363043665885925,1.1640058755874634,-2.936072826385498,0.29326340556144714,1.5326428413391113,-2.580315113067627,0.8225167393684387,0.9636917114257812,-2.8928592205047607,0.3051234483718872,1.458665370941162,-2.5595970153808594,0.8129399418830872,0.9635511040687561,-2.746898651123047,0.3041594624519348,1.443023920059204,-2.4004907608032227,0.7169317603111267,1.9273864030838013,-0.06909142434597015,0.32738643884658813,1.9195502996444702,0.07493787258863449,0.6949129700660706,2.65385103225708,-0.15832625329494476,0.3177744746208191,2.619837999343872,-0.41286197304725647,0.7002934217453003,3.3654189109802246,0.9003822207450867,0.3835846781730652,3.3331596851348877,0.5029242038726807,0.7035319805145264,3.4897706508636475,0.9578250050544739,0.387923002243042,3.4385793209075928,0.555027425289154,0.6685479879379272,3.6031484603881836,0.15701600909233093,0.4581400454044342,3.601686954498291,-0.31182655692100525,0.41785213669010607,2
2026-09-24T12:27:36.061004,S012,S012_A5_Y_20260924_1227,elevated_20,A5,young,class_2,0.5383111238479614,0.5956321358680725,-2.412895441055298,0.5808809399604797,0.48939257860183716,-2.3424975872039795,0.6066397428512573,0.4909822642803192,-2.3428943157196045,0.6310831308364868,0.49383649230003357,-2.343139410018921,0.4836711287498474,0.48277390003204346,-2.3664205074310303,0.4491799473762512,0.48217153549194336,-2.366755962371826,0.41986268758773804,0.48361584544181824,-2.367520809173584,0.6632601022720337,0.5190518498420715,-1.6599149703979492,0.3791324496269226,0.5096935033798218,-1.7646150588989258,0.5801812410354614,0.7039755582809448,-2.1288740634918213,0.4803306460380554,0.7002618908882141,-2.159043550491333,0.8297027349472046,0.9090026021003723,-1.0028237104415894,0.17877213656902313,0.9184576272964478,-1.1754289865493774,0.9821388125419617,1.3858438730239868,-1.0886552333831787,0.11169475317001343,1.4989395141601562,-1.1664788722991943,0.9041450619697571,1.5022943019866943,-1.9225660562515259,0.24168534576892853,1.7310504913330078,-1.9327888488769531,0.9050699472427368,1.5831371545791626,-2.111546039581299,0.27484869956970215,1.8546373844146729,-2.1533424854278564,0.8769903182983398,1.5191612243652344,-2.185969591140747,0.2889759838581085,1.7859656810760498,-2.2152810096740723,0.8596784472465515,1.470337152481079,-1.9819402694702148,0.2913016080856323,1.7300243377685547,-1.9796031713485718,0.7300631999969482,1.9190144538879395,-0.05053132772445679,0.32976049184799194,1.9155391454696655,0.05629844591021538,0.7149255871772766,2.711925745010376,-0.1323917657136917,0.35003387928009033,2.6865665912628174,-0.37745335698127747,0.7211148738861084,3.4478821754455566,0.8510969877243042,0.3928568363189697,3.431931257247925,0.4426514208316803,0.7231649160385132,3.573807716369629,0.8982283473014832,0.39559394121170044,3.550523281097412,0.48860374093055725,0.6801440715789795,3.7061092853546143,0.04544777423143387,0.4707133173942566,3.6950347423553467,-0.5276199579238892,0.4171523869173887,2
2026-09-24T12:27:36.183180,S012,S012_A5_Y_20260924_1227,elevated_20,A5,young,class_2,0.5394262075424194,0.5930777788162231,-2.273622751235962,0.581032395362854,0.48700055480003357,-2.2019588947296143,0.6068832874298096,0.48831912875175476,-2.202242374420166,0.6313403844833374,0.4908328056335449,-2.2024085521698,0.4843183159828186,0.48043686151504517,-2.221740245819092,0.45039549469947815,0.47985097765922546,-2.2217326164245605,0.42118483781814575,0.481252521276474,-2.222414493560791,0.6634297966957092,0.5164245367050171,-1.551565408706665,0.3805930018424988,0.5084779262542725,-1.628191351890564,0.5812886953353882,0.7001497149467468,-2.005218982696533,0.4815153479576111,0.6974025368690491,-2.028481960296631,0.831216037273407,0.9100664854049683,-0.9366470575332642,0.17891539633274078,0.9210057854652405,-1.1175986528396606,0.980198860168457,1.4024767875671387,-0.9928392171859741,0.0975545272231102,1.5166354179382324,-0.9928528070449829,0.910637378692627,1.6048475503921509,-1.7778068780899048,0.21871328353881836,1.8529510498046875,-1.6913760900497437,0.9205965995788574,1.6984100341796875,-1.9640382528305054,0.23607155680656433,2.0002641677856445,-1.8940929174423218,0.8860973119735718,1.648485541343689,-2.0298304557800293,0.27809688448905945,1.94181227684021,-1.9642575979232788,0.8658040761947632,1.604085922241211,-1.8348325490951538,0.28464239835739136,1.8781836032867432,-1.7415498495101929,0.7305608987808228,1.9165961742401123,-0.0484406054019928,0.32646098732948303,1.9143702983856201,0.054556697607040405,0.7167630791664124,2.746649980545044,-0.14202044904232025,0.3546050488948822,2.7225563526153564,-0.38335689902305603,0.7241418361663818,3.4920451641082764,0.8181071281433105,0.39085307717323303,3.47523832321167,0.3273554742336273,0.7275635004043579,3.6187477111816406,0.8769268989562988,0.3933320641517639,3.5999491214752197,0.3603436052799225,0.6766604781150818,3.7550594806671143,-0.0519011989235878,0.4655274748802185,3.7341420650482178,-0.6618707180023193,0.41647162313474284,2
2026-09-24T12:27:36.311182,S012,S012_A5_Y_20260924_1227,elevated_20,A5,young,class_2,0.5399357676506042,0.5910636186599731,-2.290050506591797,0.5809459090232849,0.4853562116622925,-2.216998338699341,0.6068058609962463,0.48613080382347107,-2.217355251312256,0.631144642829895,0.4880646765232086,-2.2175631523132324,0.48449960350990295,0.479940265417099,-2.2394394874572754,0.45043259859085083,0.4795900583267212,-2.239593267440796,0.4211622178554535,0.48118332028388977,-2.240253210067749,0.6633890867233276,0.5121252536773682,-1.5383267402648926,0.38121235370635986,0.5078598856925964,-1.6296497583389282,0.5818020105361938,0.6971838474273682,-2.008023738861084,0.4825472831726074,0.6957489848136902,-2.0366933345794678,0.8339627981185913,0.9089073538780212,-0.9188132286071777,0.1791187971830368,0.9208803176879883,-1.0813719034194946,0.9806367754936218,1.4022278785705566,-1.068079948425293,0.09815642982721329,1.5156663656234741,-1.0171276330947876,0.9092597961425781,1.5849167108535767,-1.910739541053772,0.21730880439281464,1.8141112327575684,-1.7711639404296875,0.9159547686576843,1.660245418548584,-2.096043825149536,0.2354200780391693,1.9294092655181885,-1.9697625637054443,0.8823803663253784,1.5841821432113647,-2.14082670211792,0.2724452018737793,1.8827030658721924,-2.0201191902160645,0.863564133644104,1.558488130569458,-1.958418607711792,0.279205858707428,1.8401724100112915,-1.8148982524871826,0.7362220883369446,1.91451895236969,-0.04812639206647873,0.33004623651504517,1.9126527309417725,0.05415838956832886,0.7222756147384644,2.75119948387146,-0.09613198041915894,0.3647730052471161,2.7271926403045654,-0.3375466465950012,0.7273890972137451,3.486738443374634,0.8544299006462097,0.3936364948749542,3.4756407737731934,0.36768075823783875,0.7300924062728882,3.6107656955718994,0.9023405909538269,0.395615816116333,3.5978996753692627,0.40216273069381714,0.678402304649353,3.749297857284546,0.026698831468820572,0.4676620066165924,3.7341158390045166,-0.6110686659812927,0.4157491420613069,2
2026-09-24T12:27:36.442390,S012,S012_A5_Y_20260924_1227,elevated_20,A5,young,class_2,0.5426702499389648,0.5911502838134766,-2.3164782524108887,0.5816659927368164,0.48522061109542847,-2.2639288902282715,0.6073190569877625,0.48545366525650024,-2.2644095420837402,0.6314502954483032,0.4866257309913635,-2.2647147178649902,0.4861285090446472,0.48027652502059937,-2.284863233566284,0.45215290784835815,0.4797169864177704,-2.285311460494995,0.4226225018501282,0.48198646306991577,-2.2860960960388184,0.6644550561904907,0.5074582099914551,-1.6261749267578125,0.38287878036499023,0.5079331994056702,-1.7024701833724976,0.5850570797920227,0.6970817446708679,-2.0480966567993164,0.4885026812553406,0.6964216828346252,-2.075124502182007,0.8376147150993347,0.8985512256622314,-0.9872748255729675,0.19147077202796936,0.9197875261306763,-1.1048623323440552,0.9802735447883606,1.3897857666015625,-1.0111216306686401,0.11934057623147964,1.5057446956634521,-0.9911057353019714,0.9118776321411133,1.6142700910568237,-1.7061322927474976,0.21637380123138428,1.784089207649231,-1.6933565139770508,0.9191527366638184,1.7152985334396362,-1.8711475133895874,0.23479969799518585,1.9048972129821777,-1.8818647861480713,0.8866664171218872,1.6595638990402222,-1.9569694995880127,0.27154970169067383,1.8488636016845703,-1.9556678533554077,0.869078516960144,1.6130768060684204,-1.765333890914917,0.27860182523727417,1.7972629070281982,-1.7469068765640259,0.7428151369094849,1.8747681379318237,-0.04228488355875015,0.34765809774398804,1.8764575719833374,0.048046380281448364,0.7297114133834839,2.706618309020996,-0.1157713308930397,0.3798198699951172,2.681922435760498,-0.2963971495628357,0.738548219203949,3.4369375705718994,0.8281853795051575,0.41080552339553833,3.427065372467041,0.36316561698913574,0.7405713200569153,3.5613811016082764,0.878725528717041,0.40891599655151367,3.548832416534424,0.394083708524704,0.7008198499679565,3.6881439685821533,0.004316865000873804,0.49580255150794983,3.6731550693511963,-0.582085907459259,0.41496212198487203,2
2026-09-24T12:27:36.568987,S012,S012_A5_Y_20260924_1227,elevated_20,A5,young,class_2,0.49669820070266724,0.5810644626617432,-1.647618055343628,0.5504708886146545,0.47587350010871887,-1.6047184467315674,0.5808733105659485,0.47629624605178833,-1.604961633682251,0.6060053706169128,0.47780463099479675,-1.605238676071167,0.4590197503566742,0.4693031311035156,-1.5863362550735474,0.4339717924594879,0.4663490653038025,-1.5855531692504883,0.4128058850765228,0.46549102663993835,-1.5862572193145752,0.6527659893035889,0.502166211605072,-1.1160979270935059,0.3855151832103729,0.48594722151756287,-1.0064359903335571,0.5547252893447876,0.6821062564849854,-1.4436343908309937,0.45387396216392517,0.6770197153091431,-1.4130151271820068,0.8410857915878296,0.9044797420501709,-0.6693407893180847,0.19677472114562988,0.9091288447380066,-0.6341835260391235,0.9737726449966431,1.4355456829071045,-0.5649152994155884,0.10362080484628677,1.4913229942321777,-0.42772069573402405,0.9107712507247925,1.8133305311203003,-0.9735127687454224,0.13322915136814117,1.8764749765396118,-0.9467441439628601,0.9176803827285767,1.9625189304351807,-1.1154115200042725,0.11402295529842377,2.035011053085327,-1.1126347780227661,0.8742719888687134,1.938560128211975,-1.2013219594955444,0.17310458421707153,2.0185706615448,-1.2228586673736572,0.8546660542488098,1.8714039325714111,-1.0321524143218994,0.19700177013874054,1.955487608909607,-1.0143071413040161,0.7284332513809204,1.898716688156128,-0.06006568670272827,0.3308343291282654,1.8847582340240479,0.0670560747385025,0.7037574052810669,2.7308452129364014,-0.12465490400791168,0.33112913370132446,2.701720952987671,-0.05242618918418884,0.6891311407089233,3.4698879718780518,0.6782766580581665,0.33483701944351196,3.448262929916382,0.4800277352333069,0.6983109712600708,3.596515655517578,0.7164586186408997,0.3326231837272644,3.576460599899292,0.5080580711364746,0.6125903725624084,3.725532293319702,-0.1033792644739151,0.3845977187156677,3.693023204803467,-0.3698635697364807,0.4146872445192209,2
2026-09-24T12:27:36.703793,S012,S012_A5_Y_20260924_1227,elevated_20,A5,young,class_2,0.4146772027015686,0.5544350743293762,-1.4029585123062134,0.4763733446598053,0.4515933394432068,-1.4114266633987427,0.5127519369125366,0.4554261863231659,-1.4118634462356567,0.5482953190803528,0.4607680141925812,-1.4122965335845947,0.4088501036167145,0.4386078119277954,-1.3323161602020264,0.39352554082870483,0.4328917860984802,-1.3315134048461914,0.37922966480255127,0.42852482199668884,-1.3322848081588745,0.6222891807556152,0.4989109933376312,-1.1311606168746948,0.3851713240146637,0.4569803476333618,-0.7508763074874878,0.46677127480506897,0.6647787690162659,-1.2745784521102905,0.3903582692146301,0.6481561660766602,-1.1649973392486572,0.8409474492073059,0.9159458875656128,-0.7703659534454346,0.20758254826068878,0.89960777759552,-0.35054445266723633,0.9733769297599792,1.4671330451965332,-0.8146804571151733,0.10157886892557144,1.4673333168029785,-0.052158333361148834,0.9015955924987793,1.8192883729934692,-1.1600642204284668,0.1312064379453659,1.8453898429870605,-0.5881034135818481,0.9127436876296997,1.962735652923584,-1.280134916305542,0.11730477958917618,1.9972306489944458,-0.7180054187774658,0.8513957858085632,1.9307665824890137,-1.332308053970337,0.17025020718574524,1.9743117094039917,-0.7922831773757935,0.8364599347114563,1.865127682685852,-1.1966028213500977,0.19093750417232513,1.9130492210388184,-0.6451853513717651,0.7217634916305542,1.944675326347351,-0.11541157960891724,0.3193950951099396,1.9127027988433838,0.12322638183832169,0.6886778473854065,2.7553701400756836,-0.229824036359787,0.3137948513031006,2.7091169357299805,-0.030486013740301132,0.6842527985572815,3.5052430629730225,0.5188828706741333,0.3226291239261627,3.4674341678619385,0.46422821283340454,0.6979928016662598,3.6427667140960693,0.5525496006011963,0.3220301568508148,3.6005148887634277,0.49053341150283813,0.5984297394752502,3.7557108402252197,-0.25674495100975037,0.37032246589660645,3.720510244369507,-0.345810204744339,0.4130211411377814,2
2026-09-24T12:27:36.822764,S012,S012_A5_Y_20260924_1227,elevated_20,A5,young,class_2,0.38829660415649414,0.5399177074432373,-1.6722123622894287,0.44788438081741333,0.436479777097702,-1.664508581161499,0.4822998046875,0.4398067593574524,-1.6648313999176025,0.519109845161438,0.4446626901626587,-1.6649688482284546,0.39008864760398865,0.4251888692378998,-1.5976465940475464,0.37802189588546753,0.4190587103366852,-1.5976636409759521,0.36666247248649597,0.4139173626899719,-1.5985028743743896,0.6059792041778564,0.4884288012981415,-1.289538860321045,0.3879193365573883,0.439914733171463,-0.98661869764328,0.4397647976875305,0.6520320773124695,-1.5103968381881714,0.3721396327018738,0.6315896511077881,-1.4234763383865356,0.8399679064750671,0.9175993800163269,-0.816875159740448,0.2159298211336136,0.8896062970161438,-0.509705662727356,0.9678535461425781,1.4600296020507812,-1.404585599899292,0.1011834591627121,1.415346622467041,-0.4014185070991516,0.7928429841995239,1.2695796489715576,-2.064321994781494,0.1371699571609497,1.801912546157837,-1.0535156726837158,0.743266761302948,1.2281121015548706,-2.1965508460998535,0.13042055070400238,1.960806965827942,-1.1767964363098145,0.7454499006271362,1.1562472581863403,-2.105597734451294,0.17049838602542877,1.9502824544906616,-1.217327356338501,0.7441922426223755,1.1709918975830078,-2.045076608657837,0.18807683885097504,1.8992012739181519,-1.0945532321929932,0.7039452791213989,1.9479511976242065,-0.13344639539718628,0.31635889410972595,1.9128222465515137,0.13957777619361877,0.6835533380508423,2.631185293197632,-0.5650732517242432,0.3093242049217224,2.5800411701202393,-0.30645936727523804,0.6863855719566345,3.3887016773223877,0.1746385395526886,0.32419946789741516,3.353299379348755,0.13721933960914612,0.698961079120636,3.521230459213257,0.20610256493091583,0.3347182869911194,3.474879503250122,0.1532956212759018,0.6061321496963501,3.618252754211426,-0.552912712097168,0.3753271996974945,3.6064045429229736,-0.5954112410545349,0.4118952895781452,2
2026-09-24T12:27:36.958945,S012,S012_A5_Y_20260924_1227,elevated_20,A5,young,class_2,0.3822671175003052,0.5284551978111267,-1.571863055229187,0.4372844099998474,0.4289948344230652,-1.5713063478469849,0.46958914399147034,0.4331028163433075,-1.5716516971588135,0.5065668225288391,0.4387003183364868,-1.5717111825942993,0.38278928399086,0.41906213760375977,-1.5016052722930908,0.3711215853691101,0.41369393467903137,-1.5016095638275146,0.36042696237564087,0.40922585129737854,-1.5025410652160645,0.5976947546005249,0.4856376349925995,-1.2389180660247803,0.387974351644516,0.43776950240135193,-0.9120439291000366,0.4335288107395172,0.6437240839004517,-1.422926664352417,0.3691938817501068,0.6226807832717896,-1.3310542106628418,0.8393927812576294,0.9244603514671326,-0.820857048034668,0.21454903483390808,0.8868821859359741,-0.480776846408844,0.9503366351127625,1.4600967168807983,-1.2531238794326782,0.09814417362213135,1.400874376296997,-0.41239476203918457,0.7834727764129639,1.3884835243225098,-1.9419279098510742,0.1373993456363678,1.782112956047058,-1.1046589612960815,0.7474803328514099,1.404677152633667,-1.9908469915390015,0.13294991850852966,1.9523037672042847,-1.243248701095581,0.7408261895179749,1.340842604637146,-1.9041852951049805,0.1699637472629547,1.9352163076400757,-1.275730848312378,0.7368699908256531,1.329847812652588,-1.8697278499603271,0.18552277982234955,1.8917605876922607,-1.144349455833435,0.6782937049865723,1.9574756622314453,-0.12494756281375885,0.29479461908340454,1.9159820079803467,0.13110288977622986,0.6494156122207642,2.6442770957946777,-0.46399420499801636,0.2932095229625702,2.593427896499634,-0.3477703928947449,0.6651793122291565,3.3946194648742676,0.25820595026016235,0.3147638440132141,3.3625218868255615,0.09332060813903809,0.6781018376350403,3.5248215198516846,0.2854234576225281,0.32064008712768555,3.4842286109924316,0.1051352247595787,0.5945159792900085,3.630748987197876,-0.48699846863746643,0.3522193133831024,3.616191864013672,-0.6816350221633911,0.4094056260860684,2
2026-09-24T12:27:37.083115,S012,S012_A5_Y_20260924_1227,elevated_20,A5,young,class_2,0.3788800835609436,0.5211966037750244,-1.337969183921814,0.43195098638534546,0.4230900704860687,-1.3632011413574219,0.462237685918808,0.4273308515548706,-1.363488793373108,0.49811872839927673,0.432925820350647,-1.3636202812194824,0.3801497519016266,0.4142092764377594,-1.2724549770355225,0.36907005310058594,0.40949711203575134,-1.271947979927063,0.3588844835758209,0.4056990444660187,-1.2728155851364136,0.5924826860427856,0.4810563325881958,-1.1404674053192139,0.39081138372421265,0.4353952705860138,-0.7085866928100586,0.4302736222743988,0.6330201029777527,-1.2280020713806152,0.3683392107486725,0.6131687164306641,-1.1043416261672974,0.8414069414138794,0.9253413081169128,-0.7785576581954956,0.21886169910430908,0.8798190355300903,-0.3373699486255646,0.9477413296699524,1.4645841121673584,-0.8381463885307312,0.0968337282538414,1.3885815143585205,-0.166189506649971,0.7908915281295776,1.6815998554229736,-1.1084201335906982,0.1186235323548317,1.7775416374206543,-0.8421870470046997,0.7719790935516357,1.800264835357666,-1.208677053451538,0.10331760346889496,1.9380378723144531,-0.9948342442512512,0.7577487826347351,1.7668688297271729,-1.2596333026885986,0.14904475212097168,1.9007521867752075,-1.061220407485962,0.7500734925270081,1.7050232887268066,-1.1386911869049072,0.1676408350467682,1.855672001838684,-0.9009764790534973,0.6831148862838745,1.9531534910202026,-0.12598687410354614,0.2969592213630676,1.9084831476211548,0.13275577127933502,0.6474167704582214,2.6685245037078857,-0.4585663676261902,0.29229676723480225,2.59491229057312,-0.2029368132352829,0.6516410112380981,3.4274213314056396,0.32727736234664917,0.3017708361148834,3.3725697994232178,0.181891530752182,0.6667088270187378,3.564582347869873,0.3493533730506897,0.3037583827972412,3.503676176071167,0.1970648467540741,0.5642682909965515,3.6559815406799316,-0.4497712552547455,0.33635786175727844,3.619503974914551,-0.6254919767379761,0.40818000384994474,2
2026-09-24T12:27:37.181690,S012,S012_A5_Y_20260924_1227,elevated_20,A5,young,class_2,0.3796006143093109,0.5207727551460266,-1.0192121267318726,0.4320484697818756,0.4219909608364105,-1.0523757934570312,0.4618765711784363,0.4255231022834778,-1.0524736642837524,0.49748674035072327,0.43023163080215454,-1.0526866912841797,0.38025814294815063,0.4140649437904358,-0.9681084752082825,0.3689698576927185,0.40953177213668823,-0.9672589302062988,0.3587963581085205,0.4060055911540985,-0.9680858850479126,0.5927245020866394,0.4776984751224518,-0.8990132212638855,0.3920804262161255,0.43414390087127686,-0.4899199604988098,0.43145179748535156,0.6319326758384705,-0.9337691068649292,0.3695063292980194,0.6143049597740173,-0.8174026608467102,0.8439300656318665,0.9198542833328247,-0.570574939250946,0.21946358680725098,0.8734222054481506,-0.27695944905281067,0.950477123260498,1.4613690376281738,-0.4760374128818512,0.09483106434345245,1.382554531097412,-0.11217118799686432,0.8237872123718262,1.807958960533142,-0.5760170221328735,0.1002650037407875,1.7802374362945557,-0.6397234201431274,0.8315789103507996,1.9538942575454712,-0.6495184302330017,0.07353045791387558,1.9334179162979126,-0.7843563556671143,0.7698432803153992,1.9348037242889404,-0.7089386582374573,0.12877187132835388,1.9154506921768188,-0.8511673212051392,0.7592819333076477,1.864520788192749,-0.6126132607460022,0.1535702347755432,1.859865427017212,-0.6969825029373169,0.6860787272453308,1.9355558156967163,-0.12425128370523453,0.2966380715370178,1.885837435722351,0.13043713569641113,0.6460556983947754,2.6878602504730225,-0.36931973695755005,0.2854672074317932,2.6244916915893555,-0.10078052431344986,0.6419870257377625,3.4513185024261475,0.3385153114795685,0.28870919346809387,3.397789716720581,0.21610000729560852,0.657648503780365,3.587376832962036,0.3611474633216858,0.29101234674453735,3.5300889015197754,0.23185570538043976,0.5435193181037903,3.6842775344848633,-0.4055163860321045,0.3195836544036865,3.6406376361846924,-0.5716358423233032,0.40731174992811936,2
2026-09-24T12:27:37.289229,S012,S012_A5_Y_20260924_1227,elevated_20,A5,young,class_2,0.3798968493938446,0.524145245552063,-0.8814816474914551,0.4320233464241028,0.4245310127735138,-0.9189386367797852,0.46158283948898315,0.42771634459495544,-0.9189138412475586,0.4971621632575989,0.43210405111312866,-0.9191449880599976,0.3798670172691345,0.41701290011405945,-0.834830641746521,0.3682308793067932,0.41276103258132935,-0.8336998820304871,0.3578338027000427,0.4094979465007782,-0.8343726992607117,0.5932909250259399,0.4780600965023041,-0.7863728404045105,0.3926132321357727,0.43645650148391724,-0.3740386366844177,0.433167040348053,0.6344003677368164,-0.8041006326675415,0.36961010098457336,0.6178150177001953,-0.6868851780891418,0.8466097116470337,0.9173901677131653,-0.4846577048301697,0.22161448001861572,0.8662350177764893,-0.20890788733959198,0.9545474052429199,1.4617000818252563,-0.39174672961235046,0.08866848051548004,1.3811893463134766,-0.06419320404529572,0.840338408946991,1.8351701498031616,-0.47046273946762085,0.09625930339097977,1.777398705482483,-0.5938882231712341,0.8572899699211121,1.983773112297058,-0.5358618497848511,0.0695408433675766,1.9268280267715454,-0.7300237417221069,0.7759748697280884,1.963319182395935,-0.5868691205978394,0.12811943888664246,1.9085381031036377,-0.7854599356651306,0.7633675336837769,1.89442777633667,-0.503476619720459,0.1527489870786667,1.8514404296875,-0.6456843018531799,0.6880203485488892,1.920032262802124,-0.12262988090515137,0.29373258352279663,1.8691351413726807,0.12831884622573853,0.6453558802604675,2.696213960647583,-0.25962918996810913,0.2791370153427124,2.6391329765319824,0.02979045733809471,0.6351755261421204,3.457125186920166,0.39117157459259033,0.2831379771232605,3.402254581451416,0.3538806736469269,0.6513723134994507,3.5910074710845947,0.4182245135307312,0.284659206867218,3.5318682193756104,0.36658424139022827,0.5340849757194519,3.6900877952575684,-0.3908140957355499,0.31741055846214294,3.648289680480957,-0.3842306137084961,0.40690465576467844,2
2026-09-24T12:27:37.407570,S012,S012_A5_Y_20260924_1227,elevated_20,A5,young,class_2,0.38003474473953247,0.5246419310569763,-0.8531816601753235,0.4317515790462494,0.4252518117427826,-0.891832709312439,0.46137961745262146,0.4281172454357147,-0.891697108745575,0.4971109926700592,0.43221062421798706,-0.8918666839599609,0.37982431054115295,0.41837871074676514,-0.804063618183136,0.3679860532283783,0.4143557548522949,-0.8026388883590698,0.35737112164497375,0.4112485349178314,-0.8031454086303711,0.5935431718826294,0.47747328877449036,-0.7729695439338684,0.3930757939815521,0.4378150999546051,-0.33784109354019165,0.43232759833335876,0.6341279745101929,-0.7865066528320312,0.3695183992385864,0.6183143258094788,-0.6620840430259705,0.8484277725219727,0.9131946563720703,-0.5192732214927673,0.22759997844696045,0.8646279573440552,-0.1988319307565689,0.9544926881790161,1.463735818862915,-0.5050123929977417,0.08234355598688126,1.3837029933929443,-0.13306832313537598,0.8490304946899414,1.832755208015442,-0.621909499168396,0.09514251351356506,1.7773072719573975,-0.7288509011268616,0.875045895576477,1.9725594520568848,-0.7068876624107361,0.06535492092370987,1.9266645908355713,-0.8704198002815247,0.7938485145568848,1.9509509801864624,-0.7463294267654419,0.1287403106689453,1.9036693572998047,-0.924107551574707,0.7734214067459106,1.8899586200714111,-0.6541308164596558,0.15410342812538147,1.8473987579345703,-0.7811374068260193,0.6888390779495239,1.9095165729522705,-0.12629958987236023,0.29192301630973816,1.8600356578826904,0.13320070505142212,0.6472262740135193,2.6983163356781006,-0.2610136866569519,0.2783733010292053,2.648993492126465,0.26777759194374084,0.6299931406974792,3.4565834999084473,0.39416736364364624,0.2769220471382141,3.402484893798828,0.7752395868301392,0.6460613012313843,3.589510917663574,0.419658362865448,0.2753349244594574,3.5309598445892334,0.808351993560791,0.5275636315345764,3.6890900135040283,-0.36629918217658997,0.3066926598548889,3.649195909500122,0.0383024588227272,0.40756717407070525,2
2026-09-24T12:27:37.533142,S012,S012_A5_Y_20260924_1227,elevated_20,A5,young,class_2,0.3817789554595947,0.5262551307678223,-0.8608050346374512,0.4338667392730713,0.42770692706108093,-0.8827861547470093,0.4648069441318512,0.43025901913642883,-0.8827000856399536,0.5010675191879272,0.4340948462486267,-0.8827677965164185,0.37898045778274536,0.42022255063056946,-0.800417423248291,0.36608460545539856,0.4160492718219757,-0.798859715461731,0.35461223125457764,0.4124094843864441,-0.7993535995483398,0.595098614692688,0.47931769490242004,-0.734207808971405,0.39189964532852173,0.4382328391075134,-0.3167347311973572,0.4360855221748352,0.6354151368141174,-0.7878369092941284,0.37004321813583374,0.6189927458763123,-0.668923556804657,0.8521891832351685,0.913156270980835,-0.5035715699195862,0.22761210799217224,0.8662015199661255,-0.18741346895694733,0.9559060335159302,1.4888522624969482,-0.5359476208686829,0.0810689777135849,1.4011062383651733,-0.056517552584409714,0.8586341738700867,1.8536208868026733,-0.7414413094520569,0.1001545786857605,1.832688570022583,-0.5655815601348877,0.8873717188835144,1.9926278591156006,-0.841262936592102,0.074005626142025,1.9978926181793213,-0.6940807104110718,0.8079788088798523,1.9666575193405151,-0.8760585784912109,0.134770929813385,1.9722565412521362,-0.754357635974884,0.7835052609443665,1.9059576988220215,-0.7755127549171448,0.15839970111846924,1.909933090209961,-0.6180746555328369,0.6933280229568481,1.9118571281433105,-0.1255076676607132,0.2917500138282776,1.8610289096832275,0.13299226760864258,0.6491182446479797,2.7219207286834717,-0.271900475025177,0.2780377268791199,2.6840100288391113,0.2898077964782715,0.6320013403892517,3.4749157428741455,0.37497609853744507,0.27684253454208374,3.4226672649383545,0.8159290552139282,0.6483187675476074,3.606635570526123,0.397036612033844,0.2748824954032898,3.5474512577056885,0.8478699922561646,0.5300059914588928,3.7060205936431885,-0.4010174870491028,0.30767542123794556,3.6755154132843018,0.051966793835163116,0.40762269149854546,2
2026-09-24T12:27:37.652301,S012,S012_A5_Y_20260924_1227,elevated_20,A5,young,class_2,0.3838731348514557,0.5393278002738953,-0.9287964701652527,0.43811559677124023,0.4375021755695343,-0.9447186589241028,0.4775986671447754,0.4392193853855133,-0.9446007013320923,0.5170061588287354,0.44285905361175537,-0.944800078868866,0.38076052069664,0.43126118183135986,-0.8746264576911926,0.36757251620292664,0.4273932874202728,-0.8732755780220032,0.3556733727455139,0.42372995615005493,-0.8736697435379028,0.6021405458450317,0.48034828901290894,-0.7395250201225281,0.3906213641166687,0.4406193196773529,-0.3819354176521301,0.45419955253601074,0.6497242450714111,-0.8299681544303894,0.3716419041156769,0.6293057203292847,-0.7280177474021912,0.8523370623588562,0.9112173914909363,-0.4730152487754822,0.2302323281764984,0.8669441938400269,-0.20749926567077637,0.9566558599472046,1.484268069267273,-0.5016595125198364,0.08115476369857788,1.393086552619934,-0.10274483263492584,0.8588680028915405,1.841888427734375,-0.7260106205940247,0.10372202098369598,1.822447419166565,-0.613672137260437,0.8861223459243774,1.9811338186264038,-0.832414448261261,0.07981358468532562,1.982667088508606,-0.7478567361831665,0.8089057803153992,1.9570311307907104,-0.8710241317749023,0.13847273588180542,1.9592617750167847,-0.8126699328422546,0.7866504192352295,1.8958407640457153,-0.7618874311447144,0.16098657250404358,1.8980276584625244,-0.6678046584129333,0.695138692855835,1.8994271755218506,-0.12383221089839935,0.2933783531188965,1.8525974750518799,0.13164180517196655,0.6501988172531128,2.717120885848999,-0.23869803547859192,0.28002026677131653,2.6832451820373535,0.24883151054382324,0.6343551874160767,3.467168092727661,0.39929381012916565,0.28201040625572205,3.4172239303588867,0.7703815698623657,0.6497997045516968,3.596906900405884,0.42175158858299255,0.28082630038261414,3.5411806106567383,0.8019653558731079,0.537007749080658,3.6984384059906006,-0.35068315267562866,0.31540605425834656,3.6692264080047607,0.0050584920682013035,0.40763516381709697,2
2026-09-24T12:27:37.759363,S012,S012_A5_Y_20260924_1227,elevated_20,A5,young,class_2,0.44582533836364746,0.5525003671646118,-1.0389785766601562,0.49524790048599243,0.45059993863105774,-1.0165456533432007,0.5340312719345093,0.4497871994972229,-1.0164978504180908,0.5648975372314453,0.45084843039512634,-1.0168201923370361,0.40934276580810547,0.4502905607223511,-0.9823571443557739,0.3898228108882904,0.4494284391403198,-0.9809996485710144,0.37223273515701294,0.44966068863868713,-0.9813545942306519,0.6213418245315552,0.4804634153842926,-0.6549040079116821,0.39013975858688354,0.4602937400341034,-0.4717148244380951,0.5221804976463318,0.6536639332771301,-0.8875214457511902,0.4114148020744324,0.6416772603988647,-0.8330894708633423,0.8578300476074219,0.9096390008926392,-0.36666345596313477,0.22977383434772491,0.867744505405426,-0.268066942691803,0.9614723920822144,1.4820663928985596,-0.3547506034374237,0.07802960276603699,1.4116523265838623,-0.1800464689731598,0.8618060350418091,1.859243392944336,-0.6098799705505371,0.10589122772216797,1.844200849533081,-0.7326393723487854,0.8872518539428711,1.9999018907546997,-0.7313052415847778,0.08288726210594177,2.003105878829956,-0.8791509866714478,0.8111435174942017,1.974575400352478,-0.7749646902084351,0.14077205955982208,1.9760769605636597,-0.9436410665512085,0.788948118686676,1.9168018102645874,-0.6522517204284668,0.1623617708683014,1.9164588451385498,-0.7874819040298462,0.7021661400794983,1.8978151082992554,-0.10674645751714706,0.2954482436180115,1.8540136814117432,0.11471806466579437,0.662270724773407,2.720271348953247,-0.091997429728508,0.28639882802963257,2.690826892852783,0.15769138932228088,0.6420419812202454,3.467092990875244,0.6812583804130554,0.2888726592063904,3.4245517253875732,0.6717005968093872,0.6551283001899719,3.595597505569458,0.7173371911048889,0.28574466705322266,3.5486905574798584,0.7030832767486572,0.5507639646530151,3.707498788833618,-0.05675976350903511,0.33460506796836853,3.678406000137329,-0.11754004657268524,0.4077061299476279,2
2026-09-24T12:27:37.884949,S012,S012_A5_Y_20260924_1227,elevated_20,A5,young,class_2,0.4906691610813141,0.5567604899406433,-1.1120470762252808,0.5326482653617859,0.4560728073120117,-1.081753134727478,0.5646857023239136,0.45374003052711487,-1.0817923545837402,0.5897115468978882,0.45338723063468933,-1.0821363925933838,0.44008827209472656,0.4584254026412964,-1.053295612335205,0.4147299826145172,0.459062397480011,-1.0520057678222656,0.39564287662506104,0.4613249599933624,-1.0523536205291748,0.6314663887023926,0.4805608093738556,-0.6556905508041382,0.3900696635246277,0.47518351674079895,-0.5144639611244202,0.5542438626289368,0.6539034247398376,-0.9438565969467163,0.44495582580566406,0.6493927240371704,-0.898151695728302,0.8613286018371582,0.9098213315010071,-0.37177979946136475,0.22490160167217255,0.8785000443458557,-0.2724287807941437,0.9670051336288452,1.4686760902404785,-0.3832893371582031,0.07869642972946167,1.4173578023910522,-0.19261199235916138,0.8848692774772644,1.8577557802200317,-0.7449600696563721,0.11609934270381927,1.836728572845459,-0.9678018689155579,0.9145060777664185,1.991481065750122,-0.8840097188949585,0.09430340677499771,1.992307186126709,-1.151835560798645,0.8418474197387695,1.964198350906372,-0.9325356483459473,0.15425673127174377,1.971095323562622,-1.2326716184616089,0.8188718557357788,1.9070773124694824,-0.7900876402854919,0.17549094557762146,1.914780855178833,-1.0316358804702759,0.7151826620101929,1.8948235511779785,-0.11020650714635849,0.30254942178726196,1.8547133207321167,0.11812709271907806,0.6753969192504883,2.7199690341949463,-0.016685377806425095,0.29412057995796204,2.6920957565307617,0.43783777952194214,0.6486390233039856,3.466161012649536,0.8471390604972839,0.2913472056388855,3.424354076385498,1.2683489322662354,0.658294677734375,3.590528964996338,0.8877874612808228,0.28600916266441345,3.5469367504119873,1.3348369598388672,0.564043402671814,3.7073328495025635,0.052242208272218704,0.3505072295665741,3.6796977519989014,0.468029648065567,0.40840022962451755,2
2026-09-24T12:27:37.965969,S012,S012_A5_Y_20260924_1227,elevated_20,A5,young,class_2,0.5139853358268738,0.5599490404129028,-1.2375239133834839,0.5521225333213806,0.4580402374267578,-1.147586703300476,0.5807854533195496,0.45530059933662415,-1.1479015350341797,0.6037920117378235,0.45419344305992126,-1.148634672164917,0.46009236574172974,0.46185922622680664,-1.1773602962493896,0.43083563446998596,0.4631088972091675,-1.1758729219436646,0.41124677658081055,0.466362863779068,-1.1760790348052979,0.6408134698867798,0.48064059019088745,-0.7151928544044495,0.3900124430656433,0.48510757088661194,-0.6308598518371582,0.5710753202438354,0.654244065284729,-0.9894139170646667,0.4631442129611969,0.6551958918571472,-1.0242406129837036,0.8609231114387512,0.9098093509674072,-0.37441447377204895,0.21773621439933777,0.8920409679412842,-0.3741557002067566,0.9689552187919617,1.466467261314392,-0.3519768714904785,0.07762433588504791,1.4585858583450317,-0.2981409430503845,0.9022942781448364,1.8592922687530518,-0.788509726524353,0.11940717697143555,1.8756769895553589,-0.9719405174255371,0.934409499168396,2.000976800918579,-0.9419466257095337,0.09851780533790588,2.030649185180664,-1.1597046852111816,0.8625877499580383,1.9796749353408813,-0.994229793548584,0.16204479336738586,2.001675605773926,-1.2622631788253784,0.8376983404159546,1.9223284721374512,-0.8424032330513,0.1825701892375946,1.9415699243545532,-1.0405292510986328,0.717180609703064,1.8945809602737427,-0.09691201150417328,0.3025971055030823,1.859131932258606,0.10494490712881088,0.6787282228469849,2.721569538116455,0.04191095381975174,0.29790687561035156,2.6973142623901367,0.26755136251449585,0.6504353284835815,3.466271162033081,0.9677177667617798,0.29162469506263733,3.4298925399780273,0.9436893463134766,0.6587409377098083,3.59173846244812,1.0141552686691284,0.28818202018737793,3.5550830364227295,0.990725040435791,0.5725846886634827,3.7095587253570557,0.18534788489341736,0.3565538227558136,3.6849398612976074,0.12008438259363174,0.40884607446864585,2
2026-09-24T12:27:38.083219,S012,S012_A5_Y_20260924_1227,elevated_20,A5,young,class_2,0.5242579579353333,0.5618559122085571,-1.2647556066513062,0.5605833530426025,0.4585322439670563,-1.1744263172149658,0.587631344795227,0.45561152696609497,-1.174653172492981,0.6098529696464539,0.45422664284706116,-1.1753864288330078,0.47044533491134644,0.46317559480667114,-1.2100805044174194,0.43994736671447754,0.4646221697330475,-1.2087037563323975,0.41952937841415405,0.46835020184516907,-1.2089102268218994,0.6449541449546814,0.48073920607566833,-0.738362729549408,0.38996827602386475,0.49020954966545105,-0.6928420662879944,0.5779412984848022,0.6545664668083191,-1.0140641927719116,0.47337374091148376,0.6590137481689453,-1.0601149797439575,0.8606413006782532,0.9108884334564209,-0.39578941464424133,0.2125675231218338,0.9015697240829468,-0.445338636636734,0.9673393964767456,1.467161774635315,-0.3672489523887634,0.07572158426046371,1.4830981492996216,-0.40183186531066895,0.902816891670227,1.8710376024246216,-0.8071339726448059,0.1273791640996933,1.8876423835754395,-1.038106918334961,0.9345400929450989,2.0141139030456543,-0.9653995633125305,0.11009709537029266,2.039322853088379,-1.227199912071228,0.8653466105461121,1.9949142932891846,-1.0189881324768066,0.17434991896152496,2.0052990913391113,-1.3280549049377441,0.8400890231132507,1.9382961988449097,-0.8623034358024597,0.1940227448940277,1.9458249807357788,-1.1060649156570435,0.7176811695098877,1.8970439434051514,-0.08398120850324631,0.30266818404197693,1.874125361442566,0.09190841019153595,0.6814753413200378,2.73213529586792,0.12416062504053116,0.3012917637825012,2.7169196605682373,0.2785487771034241,0.6547490358352661,3.476170063018799,1.1092959642410278,0.29641199111938477,3.446124315261841,1.0255086421966553,0.6606984734535217,3.6035571098327637,1.1624516248703003,0.2906838059425354,3.5712180137634277,1.0806357860565186,0.5851938724517822,3.7211694717407227,0.3584809899330139,0.36561840772628784,3.702451229095459,0.20980902016162872,0.4092393166468934,2
2026-09-24T12:27:38.187321,S012,S012_A5_Y_20260924_1227,elevated_20,A5,young,class_2,0.5280934572219849,0.5614535808563232,-1.308406949043274,0.5637634992599487,0.45718488097190857,-1.2292170524597168,0.5903462171554565,0.453428715467453,-1.2293223142623901,0.6124288439750671,0.45078182220458984,-1.2298252582550049,0.47376471757888794,0.4629426598548889,-1.2504875659942627,0.4431150555610657,0.46409228444099426,-1.2491744756698608,0.4225361943244934,0.4674001932144165,-1.2493423223495483,0.6471386551856995,0.47577759623527527,-0.7657917141914368,0.38984280824661255,0.4896485209465027,-0.738274872303009,0.582167387008667,0.6541088819503784,-1.0869243144989014,0.47690826654434204,0.6591536998748779,-1.107879400253296,0.8619235157966614,0.9117199182510376,-0.43196144700050354,0.20541951060295105,0.9078099727630615,-0.48830169439315796,0.9695512652397156,1.475953459739685,-0.43262529373168945,0.07570365071296692,1.5373282432556152,-0.5074386596679688,0.9169594049453735,1.8810254335403442,-0.9308026432991028,0.15247966349124908,1.9072364568710327,-1.2143133878707886,0.9545778036117554,2.022145986557007,-1.1177928447723389,0.1450166404247284,2.0542421340942383,-1.4132379293441772,0.8820998072624207,2.0021326541900635,-1.181792974472046,0.20932479202747345,2.0074942111968994,-1.5014724731445312,0.8540393114089966,1.9479601383209229,-0.9924622774124146,0.2259170114994049,1.9491479396820068,-1.2782704830169678,0.722446620464325,1.9060121774673462,-0.07437292486429214,0.30355456471443176,1.897648572921753,0.08255758136510849,0.6871376633644104,2.7514145374298096,0.1033063530921936,0.3035021722316742,2.741705894470215,0.23184268176555634,0.6612282395362854,3.4982118606567383,1.0588490962982178,0.2994803786277771,3.474902629852295,0.910050094127655,0.6661818623542786,3.629042387008667,1.1082004308700562,0.29217270016670227,3.603508710861206,0.9569589495658875,0.5935235023498535,3.748730182647705,0.3096228539943695,0.36918768286705017,3.7345480918884277,0.09303655475378036,0.409952435442392,2
2026-09-24T12:27:38.296815,S012,S012_A5_Y_20260924_1227,elevated_20,A5,young,class_2,0.5316375494003296,0.5617387890815735,-1.3742642402648926,0.5660421252250671,0.4571377635002136,-1.3056169748306274,0.5921400189399719,0.4534089267253876,-1.3057187795639038,0.6142786145210266,0.45067116618156433,-1.3061096668243408,0.47737473249435425,0.46270811557769775,-1.3189564943313599,0.4462616443634033,0.46375465393066406,-1.3178294897079468,0.4250623285770416,0.46703478693962097,-1.3181079626083374,0.6487920880317688,0.47554996609687805,-0.7766245603561401,0.38978496193885803,0.49040326476097107,-0.8123421669006348,0.5834661722183228,0.6541603207588196,-1.165318489074707,0.48045745491981506,0.660618007183075,-1.1740882396697998,0.8621551394462585,0.9115817546844482,-0.4491040110588074,0.20245341956615448,0.9105676412582397,-0.5421307682991028,0.9728524088859558,1.4754676818847656,-0.4551704525947571,0.07598767429590225,1.535360336303711,-0.49930697679519653,0.9247168302536011,1.886306643486023,-0.9458950161933899,0.15580514073371887,1.914690375328064,-1.1218677759170532,0.9624552726745605,2.0292186737060547,-1.1265556812286377,0.14642900228500366,2.0626723766326904,-1.3100740909576416,0.8902782201766968,2.0131947994232178,-1.1979886293411255,0.20932862162590027,2.018526554107666,-1.4034276008605957,0.8615838289260864,1.9576338529586792,-1.0093340873718262,0.22744806110858917,1.9593693017959595,-1.1859875917434692,0.7269120216369629,1.9057135581970215,-0.06444687396287918,0.3088638186454773,1.8995627164840698,0.0725528672337532,0.6940897703170776,2.749065399169922,0.05173151567578316,0.31306344270706177,2.7368621826171875,0.09960226714611053,0.6716628670692444,3.495495080947876,0.9515914916992188,0.31332895159721375,3.47343111038208,0.7484132051467896,0.676517903804779,3.625603437423706,0.9957554936408997,0.30667001008987427,3.601903200149536,0.7889803051948547,0.604274332523346,3.7456552982330322,0.19606974720954895,0.38166624307632446,3.73111891746521,-0.10176261514425278,0.4103058710379903,2
2026-09-24T12:27:38.398352,S012,S012_A5_Y_20260924_1227,elevated_20,A5,young,class_2,0.5345139503479004,0.5621070265769958,-1.6263654232025146,0.5680738687515259,0.4569079577922821,-1.5500600337982178,0.5938817858695984,0.45304012298583984,-1.5504010915756226,0.6161834597587585,0.4500463306903839,-1.5507755279541016,0.4792526364326477,0.4625059962272644,-1.5627713203430176,0.4478699564933777,0.46343934535980225,-1.5618157386779785,0.4263027310371399,0.4665340185165405,-1.5622107982635498,0.6503376960754395,0.47453075647354126,-0.9601761102676392,0.3897363543510437,0.4901173710823059,-0.9898732900619507,0.5846291184425354,0.6542139649391174,-1.3920567035675049,0.48234885931015015,0.6616246104240417,-1.4001919031143188,0.8628117442131042,0.9116171002388,-0.5220707058906555,0.20102059841156006,0.9133705496788025,-0.6354314088821411,0.9810582995414734,1.470258116722107,-0.5004630088806152,0.07619471102952957,1.5322990417480469,-0.5426886677742004,0.9383818507194519,1.878188967704773,-1.0779387950897217,0.1582457274198532,1.9111741781234741,-1.18582022190094,0.9763889312744141,2.0244803428649902,-1.2688604593276978,0.15026631951332092,2.061004638671875,-1.3982324600219727,0.901962399482727,2.010362386703491,-1.359173059463501,0.21311751008033752,2.020299196243286,-1.507014513015747,0.8734393119812012,1.9511561393737793,-1.1483862400054932,0.2294912040233612,1.959192156791687,-1.255929708480835,0.7378414273262024,1.9057276248931885,-0.06260716170072556,0.3168784976005554,1.9026132822036743,0.07060214132070541,0.7114351987838745,2.747462034225464,0.0389348529279232,0.33518725633621216,2.733076810836792,-0.034816451370716095,0.7013131380081177,3.49448823928833,0.9592683911323547,0.34241241216659546,3.4770164489746094,0.6458444595336914,0.7074843049049377,3.625877857208252,1.002738118171692,0.3378816545009613,3.610734701156616,0.686869740486145,0.6341001987457275,3.7467715740203857,0.14443683624267578,0.41388893127441406,3.732383966445923,-0.27605897188186646,0.4108657476905192,2
2026-09-24T12:27:38.508429,S012,S012_A5_Y_20260924_1227,elevated_20,A5,young,class_2,0.5358132123947144,0.5630140900611877,-1.8539384603500366,0.5698479413986206,0.45735636353492737,-1.787153959274292,0.5950702428817749,0.4537811279296875,-1.787437081336975,0.6172247529029846,0.4509153664112091,-1.7877126932144165,0.4818992018699646,0.46268314123153687,-1.7982854843139648,0.45030832290649414,0.4635639488697052,-1.7975950241088867,0.42795300483703613,0.4667271077632904,-1.7980859279632568,0.6507679224014282,0.4760900139808655,-1.1918858289718628,0.39083272218704224,0.49172478914260864,-1.212085485458374,0.5839203596115112,0.6550979614257812,-1.6098613739013672,0.48454904556274414,0.663543701171875,-1.616660714149475,0.8625348210334778,0.9119841456413269,-0.6881294250488281,0.1999424397945404,0.9187059998512268,-0.7775471210479736,0.9806564450263977,1.4610766172409058,-0.6542578935623169,0.0763247013092041,1.533221960067749,-0.6757237911224365,0.9331964254379272,1.8702690601348877,-1.2745115756988525,0.18476149439811707,1.9032037258148193,-1.3634626865386963,0.9673047065734863,2.023669719696045,-1.4720028638839722,0.19229468703269958,2.0531671047210693,-1.585010290145874,0.8962780237197876,2.0079522132873535,-1.5647130012512207,0.2495165318250656,2.0146617889404297,-1.679375410079956,0.869385838508606,1.9478811025619507,-1.3456792831420898,0.2594067454338074,1.9525994062423706,-1.4272291660308838,0.7415599822998047,1.908434510231018,-0.06408028304576874,0.32099857926368713,1.910792589187622,0.07193422317504883,0.7204946279525757,2.750302791595459,0.031875528395175934,0.3485791087150574,2.735013246536255,-0.07351106405258179,0.7154895067214966,3.495943307876587,0.9961355924606323,0.3630099296569824,3.4811325073242188,0.6457129120826721,0.7217162847518921,3.6255009174346924,1.042712926864624,0.3610949218273163,3.6124765872955322,0.6901521682739258,0.6489152908325195,3.751347303390503,0.15142986178398132,0.4342382550239563,3.736020088195801,-0.2886595129966736,0.41101075008312665,2
2026-09-24T12:27:38.607707,S012,S012_A5_Y_20260924_1227,elevated_20,A5,young,class_2,0.5385607481002808,0.565068781375885,-1.8494799137115479,0.573132336139679,0.46024373173713684,-1.787491798400879,0.597741961479187,0.4578171372413635,-1.7878656387329102,0.6200676560401917,0.456275075674057,-1.7881807088851929,0.48697614669799805,0.46391719579696655,-1.7983148097991943,0.4551459848880768,0.46467405557632446,-1.7975759506225586,0.43084612488746643,0.4675217270851135,-1.7981555461883545,0.6530156135559082,0.48276469111442566,-1.2016677856445312,0.39298850297927856,0.49336209893226624,-1.218955397605896,0.584453284740448,0.6583356261253357,-1.6065475940704346,0.4877623915672302,0.6661033034324646,-1.6131513118743896,0.8607058525085449,0.9119861721992493,-0.6970059871673584,0.20008023083209991,0.9193800687789917,-0.7735680937767029,0.9803450703620911,1.4391226768493652,-0.6346666216850281,0.0769975334405899,1.5266090631484985,-0.6233930587768555,0.9328357577323914,1.8609830141067505,-1.2036222219467163,0.18007834255695343,1.9010673761367798,-1.2614014148712158,0.9652810096740723,2.0219922065734863,-1.386897325515747,0.18230876326560974,2.052595615386963,-1.4695377349853516,0.8981112241744995,1.9985188245773315,-1.4848450422286987,0.2400955855846405,2.01375150680542,-1.5739425420761108,0.871684730052948,1.941299319267273,-1.274707317352295,0.2524247169494629,1.95137619972229,-1.3277264833450317,0.7414158582687378,1.9076142311096191,-0.06535495817661285,0.32379958033561707,1.9101940393447876,0.07314597070217133,0.7231165170669556,2.749828338623047,-0.013605525717139244,0.3545747697353363,2.7330119609832764,-0.1153174638748169,0.7215919494628906,3.495068311691284,0.9592733383178711,0.3737505376338959,3.4790117740631104,0.5439321994781494,0.7285064458847046,3.625331163406372,0.9997886419296265,0.37372884154319763,3.609255790710449,0.5822149515151978,0.6540336608886719,3.74965763092041,0.039184585213661194,0.441678911447525,3.733584403991699,-0.39413243532180786,0.4111608749681733,2
2026-09-24T12:27:38.728909,S012,S012_A5_Y_20260924_1227,elevated_20,A5,young,class_2,0.5404609441757202,0.5666971802711487,-1.994837999343872,0.5748206377029419,0.46182969212532043,-1.9297456741333008,0.5993329882621765,0.4598122835159302,-1.9301973581314087,0.6218337416648865,0.45866918563842773,-1.9305092096328735,0.489612340927124,0.46487873792648315,-1.9441823959350586,0.4578980803489685,0.4657081663608551,-1.9438457489013672,0.43266552686691284,0.46852752566337585,-1.9445340633392334,0.6548464894294739,0.48523247241973877,-1.315045952796936,0.39512816071510315,0.4946487545967102,-1.3560001850128174,0.5857270956039429,0.6600416302680969,-1.7386213541030884,0.49121078848838806,0.6683422327041626,-1.7520763874053955,0.858923077583313,0.9092229008674622,-0.7627267837524414,0.2011462152004242,0.9188997149467468,-0.8542027473449707,0.9817708730697632,1.4164236783981323,-0.6700488328933716,0.08054007589817047,1.5244113206863403,-0.6668822169303894,0.9378703832626343,1.8268508911132812,-1.2837475538253784,0.1813175529241562,1.8961883783340454,-1.3097329139709473,0.966335654258728,1.9845314025878906,-1.4669675827026367,0.18511559069156647,2.046066999435425,-1.5219426155090332,0.9042264223098755,1.9624565839767456,-1.5790164470672607,0.23923508822917938,2.0057430267333984,-1.6248594522476196,0.8797177076339722,1.9001764059066772,-1.3589885234832764,0.2513366639614105,1.9415537118911743,-1.375147819519043,0.7410985231399536,1.9067332744598389,-0.05837816745042801,0.32794153690338135,1.9096893072128296,0.065667062997818,0.7278186082839966,2.748948335647583,-0.12782786786556244,0.3659110367298126,2.732151508331299,-0.30659565329551697,0.7338864803314209,3.494175672531128,0.7929606437683105,0.3916994035243988,3.4780123233795166,0.3190346360206604,0.7404339909553528,3.6247711181640625,0.832325279712677,0.39346301555633545,3.6076807975769043,0.3506448566913605,0.6713395714759827,3.7498180866241455,-0.08091343194246292,0.45818591117858887,3.7320048809051514,-0.6267277002334595,0.4110916344718796,2
2026-09-24T12:27:38.851643,S012,S012_A5_Y_20260924_1227,elevated_20,A5,young,class_2,0.5407854318618774,0.5681194067001343,-1.9544458389282227,0.5750576257705688,0.4637415111064911,-1.892911672592163,0.5995968580245972,0.46210020780563354,-1.8932745456695557,0.6222237348556519,0.461384117603302,-1.8936207294464111,0.4904109537601471,0.46624645590782166,-1.9082295894622803,0.4590680003166199,0.46722090244293213,-1.9077885150909424,0.43356508016586304,0.47003990411758423,-1.9084043502807617,0.6556057929992676,0.48734036087989807,-1.2886683940887451,0.3966943621635437,0.495742529630661,-1.3330035209655762,0.5862225294113159,0.6611253619194031,-1.7013003826141357,0.49237093329429626,0.669504702091217,-1.715444564819336,0.8565816879272461,0.9015640616416931,-0.7393990159034729,0.20250622928142548,0.9188135862350464,-0.8468338251113892,0.9815775752067566,1.394953966140747,-0.6441896557807922,0.0847993791103363,1.5201462507247925,-0.6520099639892578,0.9428749084472656,1.8133426904678345,-1.1966749429702759,0.18017256259918213,1.892337441444397,-1.2583427429199219,0.9726557731628418,1.9693450927734375,-1.369582176208496,0.18209579586982727,2.038994789123535,-1.4619413614273071,0.9134732484817505,1.9557099342346191,-1.4723588228225708,0.23592984676361084,2.0037453174591064,-1.564921259880066,0.8883827328681946,1.8928749561309814,-1.2671529054641724,0.24874381721019745,1.9394575357437134,-1.3231885433197021,0.740894079208374,1.890343189239502,-0.05353202670812607,0.3330060839653015,1.9010882377624512,0.06052481010556221,0.7331067323684692,2.734192132949829,-0.14715781807899475,0.37542474269866943,2.721771717071533,-0.2895266115665436,0.7453628778457642,3.4842748641967773,0.7213545441627502,0.4076109528541565,3.476310968399048,0.2870337963104248,0.7529304027557373,3.6120643615722656,0.7585684061050415,0.4105462431907654,3.605804204940796,0.31462156772613525,0.684211015701294,3.743574857711792,-0.12635698914527893,0.4726031720638275,3.7270009517669678,-0.6505918502807617,0.41111370356697025,2
2026-09-24T12:27:38.957339,S012,S012_A5_Y_20260924_1227,elevated_20,A5,young,class_2,0.5424617528915405,0.5690020322799683,-1.9911161661148071,0.5767512917518616,0.46536222100257874,-1.9258161783218384,0.600925862789154,0.4640774726867676,-1.9261186122894287,0.623392641544342,0.4637480080127716,-1.926404595375061,0.4925978183746338,0.4672389328479767,-1.9442079067230225,0.4614025950431824,0.46833428740501404,-1.9439016580581665,0.4350948929786682,0.47099769115448,-1.9445512294769287,0.6559401750564575,0.48942384123802185,-1.3149147033691406,0.3979371190071106,0.49641096591949463,-1.3779253959655762,0.5865687131881714,0.6617733240127563,-1.737137794494629,0.4935254156589508,0.6700150966644287,-1.7566789388656616,0.854851245880127,0.9017500281333923,-0.754239559173584,0.20245079696178436,0.9186597466468811,-0.8937457799911499,0.9806127548217773,1.3971993923187256,-0.6313052773475647,0.08483047783374786,1.5174006223678589,-0.7041534781455994,0.9424120783805847,1.809930682182312,-1.1938179731369019,0.17863528430461884,1.8891063928604126,-1.3103435039520264,0.9711405634880066,1.9626634120941162,-1.3599941730499268,0.17987440526485443,2.0309414863586426,-1.5133073329925537,0.9134133458137512,1.949713110923767,-1.4734947681427002,0.23344595730304718,1.9945565462112427,-1.609895944595337,0.8886278867721558,1.8866932392120361,-1.267765760421753,0.24686279892921448,1.930838942527771,-1.3717842102050781,0.7393476366996765,1.8893303871154785,-0.04077146574854851,0.3324891924858093,1.9000871181488037,0.04745624214410782,0.732252299785614,2.7339134216308594,-0.17529815435409546,0.37054112553596497,2.7207911014556885,-0.3672042191028595,0.7388197183609009,3.4841301441192627,0.698236882686615,0.39812466502189636,3.4756529331207275,0.21984656155109406,0.746831476688385,3.6119720935821533,0.7365432977676392,0.4001946449279785,3.6047651767730713,0.24552138149738312,0.6756685376167297,3.743560314178467,-0.1345812976360321,0.4616921842098236,3.7262632846832275,-0.7209024429321289,0.411187867378017,2
2026-09-24T12:27:39.068971,S012,S012_A5_Y_20260924_1227,elevated_20,A5,young,class_2,0.5430310964584351,0.5690210461616516,-1.9709701538085938,0.5772948265075684,0.46548494696617126,-1.9034801721572876,0.601563572883606,0.46426457166671753,-1.90377938747406,0.6239112615585327,0.46396738290786743,-1.904038667678833,0.4931909441947937,0.4673207402229309,-1.9214146137237549,0.46199244260787964,0.46849092841148376,-1.9210964441299438,0.4354270100593567,0.4711926579475403,-1.9217694997787476,0.6559728384017944,0.49011334776878357,-1.2954744100570679,0.39816397428512573,0.4967619478702545,-1.356893539428711,0.5869635343551636,0.6618784666061401,-1.7188574075698853,0.49426060914993286,0.670021116733551,-1.7380880117416382,0.8537877798080444,0.9055086970329285,-0.748752772808075,0.2021784484386444,0.9183340072631836,-0.8840126991271973,0.9799900054931641,1.399297833442688,-0.6338019967079163,0.08104299008846283,1.5187023878097534,-0.7221390604972839,0.9409739375114441,1.8102619647979736,-1.2085994482040405,0.17842429876327515,1.8876627683639526,-1.3477098941802979,0.9693737030029297,1.9625656604766846,-1.3734781742095947,0.17802558839321136,2.0303518772125244,-1.5514339208602905,0.9110162854194641,1.948987603187561,-1.4832179546356201,0.23190006613731384,1.9927144050598145,-1.6389646530151367,0.8867158889770508,1.8853588104248047,-1.281003475189209,0.246392160654068,1.928737998008728,-1.4060251712799072,0.73807293176651,1.8948874473571777,-0.037706006318330765,0.3323454260826111,1.906859278678894,0.044391438364982605,0.7312911748886108,2.738980770111084,-0.16371388733386993,0.36748212575912476,2.724304437637329,-0.3738025724887848,0.7346811294555664,3.4896726608276367,0.7023990154266357,0.39268508553504944,3.4837212562561035,0.21774771809577942,0.7427104115486145,3.6164462566375732,0.7401415109634399,0.3943963646888733,3.6139447689056396,0.24417157471179962,0.6714266538619995,3.752408742904663,-0.12629252672195435,0.45551714301109314,3.730355978012085,-0.7178235650062561,0.4110943825789119,2
2026-09-24T12:27:39.204786,S012,S012_A5_Y_20260924_1227,elevated_20,A5,young,class_2,0.5441898107528687,0.5697458386421204,-1.9699506759643555,0.5784124135971069,0.46648794412612915,-1.906393051147461,0.602705717086792,0.46545276045799255,-1.9067245721817017,0.6250873804092407,0.46537744998931885,-1.90701425075531,0.4942443370819092,0.4681358337402344,-1.9245601892471313,0.4631231427192688,0.4695760905742645,-1.9242331981658936,0.4362157881259918,0.47247499227523804,-1.924912691116333,0.6565350890159607,0.49148088693618774,-1.3035365343093872,0.3988620340824127,0.4976688027381897,-1.3645614385604858,0.5875652432441711,0.6626778244972229,-1.7188644409179688,0.4951532781124115,0.6709354519844055,-1.7374664545059204,0.852300763130188,0.9054936766624451,-0.744775116443634,0.20261499285697937,0.9181423783302307,-0.8857752680778503,0.9795514941215515,1.4006019830703735,-0.633012056350708,0.0836663693189621,1.5197352170944214,-0.6818320155143738,0.9443362951278687,1.807232141494751,-1.1935937404632568,0.17785200476646423,1.8894062042236328,-1.323660135269165,0.9721789360046387,1.956560492515564,-1.359915852546692,0.17697875201702118,2.0318093299865723,-1.5175864696502686,0.9171081781387329,1.9418329000473022,-1.4746233224868774,0.22974593937397003,1.9944382905960083,-1.6204582452774048,0.8922933340072632,1.879269003868103,-1.2681418657302856,0.2445870190858841,1.931164026260376,-1.3913770914077759,0.7366942167282104,1.894361972808838,-0.03827165812253952,0.3321555554866791,1.9065043926239014,0.0449407622218132,0.7300999164581299,2.738156795501709,-0.18259458243846893,0.3656775653362274,2.723973512649536,-0.3340766131877899,0.732226550579071,3.489992380142212,0.639240562915802,0.3896750807762146,3.4846062660217285,0.2105831801891327,0.740578293800354,3.616518974304199,0.6718438267707825,0.3913745582103729,3.614534616470337,0.232428640127182,0.6685243844985962,3.752089262008667,-0.1942903846502304,0.45177799463272095,3.7305216789245605,-0.7230592966079712,0.411391168657274,2
2026-09-24T12:27:39.367700,S012,S012_A5_Y_20260924_1227,elevated_20,A5,young,class_2,0.544467568397522,0.5705521106719971,-1.9541072845458984,0.5786998271942139,0.46696701645851135,-1.893730878829956,0.6029929518699646,0.46597182750701904,-1.8941447734832764,0.6254955530166626,0.4659343659877777,-1.894505500793457,0.4942074716091156,0.4685176908969879,-1.9102907180786133,0.4631196856498718,0.4701140820980072,-1.910021424293518,0.4362272322177887,0.47314488887786865,-1.9107415676116943,0.6568521857261658,0.4917530417442322,-1.2911322116851807,0.3991346061229706,0.49823707342147827,-1.3434560298919678,0.5876556634902954,0.6635180115699768,-1.7014825344085693,0.49542784690856934,0.671914279460907,-1.7176449298858643,0.8493752479553223,0.9019332528114319,-0.7341817617416382,0.20305517315864563,0.9179726243019104,-0.8603793382644653,0.9750919342041016,1.3968701362609863,-0.6080140471458435,0.08754988759756088,1.519436001777649,-0.6606705188751221,0.9401698112487793,1.7986948490142822,-1.1849422454833984,0.1718389391899109,1.8947056531906128,-1.2659120559692383,0.9636235237121582,1.9458370208740234,-1.3528897762298584,0.1683008372783661,2.0388593673706055,-1.4531223773956299,0.9127497673034668,1.9285924434661865,-1.4557888507843018,0.21581323444843292,2.0057802200317383,-1.5925958156585693,0.8893616795539856,1.8666166067123413,-1.2540363073349,0.2327735424041748,1.94245183467865,-1.3425824642181396,0.7360038161277771,1.8920692205429077,-0.03962961584329605,0.33300215005874634,1.9043704271316528,0.04633070155978203,0.7289896011352539,2.7325665950775146,-0.2032550573348999,0.367995947599411,2.718036413192749,-0.299604207277298,0.7347186803817749,3.4862568378448486,0.5940075516700745,0.396416574716568,3.478158712387085,0.22660331428050995,0.7422128915786743,3.6124484539031982,0.6257997751235962,0.39804500341415405,3.6071505546569824,0.24822048842906952,0.6761524081230164,3.744067668914795,-0.23084327578544617,0.45661798119544983,3.718950033187866,-0.6873155832290649,0.4115521600634207,2
2026-09-24T12:27:39.495613,S012,S012_A5_Y_20260924_1227,elevated_20,A5,young,class_2,0.5437707901000977,0.5710445046424866,-1.9773681163787842,0.5784119367599487,0.46722322702407837,-1.9158198833465576,0.602854311466217,0.46628209948539734,-1.916248083114624,0.625518262386322,0.4663187563419342,-1.9165678024291992,0.49381718039512634,0.4687923789024353,-1.9300391674041748,0.46291622519493103,0.470468670129776,-1.9297993183135986,0.4361549913883209,0.47354477643966675,-1.9305391311645508,0.6572803854942322,0.4922701418399811,-1.3095020055770874,0.39945361018180847,0.49845585227012634,-1.3532469272613525,0.5874069333076477,0.6640766263008118,-1.7238571643829346,0.49506717920303345,0.6722492575645447,-1.7376083135604858,0.8486315011978149,0.8997184634208679,-0.7460246086120605,0.20320069789886475,0.9177394509315491,-0.8610294461250305,0.9732362031936646,1.3963943719863892,-0.6144210696220398,0.0881185382604599,1.5192904472351074,-0.6555927991867065,0.9390250444412231,1.7886892557144165,-1.210815191268921,0.16880984604358673,1.8995823860168457,-1.2551631927490234,0.960902988910675,1.9314066171646118,-1.3824315071105957,0.16535919904708862,2.044510841369629,-1.4460667371749878,0.9125615954399109,1.9100972414016724,-1.5015010833740234,0.21148817241191864,2.009895086288452,-1.569831132888794,0.8889075517654419,1.8505727052688599,-1.2867296934127808,0.22869297862052917,1.946982979774475,-1.3269883394241333,0.7358200550079346,1.8907045125961304,-0.040013477206230164,0.33445483446121216,1.9032413959503174,0.04675104469060898,0.7283412218093872,2.7290525436401367,-0.21813121438026428,0.3678664267063141,2.7124669551849365,-0.3365708291530609,0.7380521893501282,3.4827966690063477,0.5699154138565063,0.3991619646549225,3.471799373626709,0.1769620180130005,0.7452405691146851,3.6090173721313477,0.5999765396118164,0.40106111764907837,3.600131034851074,0.19643966853618622,0.6829344034194946,3.737480640411377,-0.263785719871521,0.4606940746307373,3.7099714279174805,-0.7439202070236206,0.411917588137316,2
2026-09-24T12:27:39.613484,S012,S012_A5_Y_20260924_1227,elevated_20,A5,young,class_2,0.5446889400482178,0.5706372857093811,-1.9684604406356812,0.5793827176094055,0.4666241407394409,-1.903780221939087,0.603834331035614,0.465737521648407,-1.904114007949829,0.6264026165008545,0.4658907949924469,-1.904358148574829,0.49425846338272095,0.4674384891986847,-1.9168670177459717,0.46332114934921265,0.46852099895477295,-1.9166114330291748,0.436516672372818,0.47086378931999207,-1.9172885417938232,0.6577481031417847,0.49211743474006653,-1.2998526096343994,0.3998601734638214,0.4959949851036072,-1.3404918909072876,0.5878978967666626,0.6638514399528503,-1.7176393270492554,0.4952927231788635,0.6708479523658752,-1.7309032678604126,0.8487003445625305,0.8996313214302063,-0.7581337690353394,0.20323948562145233,0.9154624342918396,-0.8483973741531372,0.9716389775276184,1.3977372646331787,-0.6709290742874146,0.08828453719615936,1.5093930959701538,-0.6818579435348511,0.9335395097732544,1.7556324005126953,-1.2957888841629028,0.17059029638767242,1.850751280784607,-1.371192216873169,0.9512459635734558,1.8872681856155396,-1.4720661640167236,0.17000100016593933,1.9868561029434204,-1.5843713283538818,0.9046260118484497,1.8531079292297363,-1.5843908786773682,0.21652205288410187,1.9405357837677002,-1.673466682434082,0.8843029737472534,1.7951819896697998,-1.3695158958435059,0.2316005975008011,1.8798325061798096,-1.4335182905197144,0.7346633672714233,1.884313941001892,-0.03890664875507355,0.33410516381263733,1.8924156427383423,0.04567088931798935,0.7248150706291199,2.7239370346069336,-0.20589978992938995,0.3669278621673584,2.700281858444214,-0.4181428551673889,0.7330945730209351,3.479088068008423,0.5771031379699707,0.39740803837776184,3.4660215377807617,0.094458669424057,0.7393995523452759,3.6046206951141357,0.6064322590827942,0.40029382705688477,3.5948498249053955,0.11220334470272064,0.6755872368812561,3.7359354496002197,-0.26146236062049866,0.4599173963069916,3.705052614212036,-0.8462437391281128,0.41177973245309357,2
2026-09-24T12:27:39.716193,S012,S012_A5_Y_20260924_1227,elevated_20,A5,young,class_2,0.5490633845329285,0.5603182911872864,-2.0327467918395996,0.5825968980789185,0.4567665457725525,-1.9592273235321045,0.6067551970481873,0.4570004642009735,-1.9596126079559326,0.6290193200111389,0.4585828185081482,-1.959890365600586,0.4975232481956482,0.4558892250061035,-1.9795204401016235,0.46666836738586426,0.45631611347198486,-1.9794514179229736,0.4391906261444092,0.4583519697189331,-1.9801925420761108,0.6592353582382202,0.4900442957878113,-1.3431932926177979,0.4020211696624756,0.4904688894748688,-1.4178624153137207,0.5906294584274292,0.6588884592056274,-1.7801704406738281,0.49780815839767456,0.661956250667572,-1.803479790687561,0.8492735624313354,0.9002779722213745,-0.8058702349662781,0.2021285593509674,0.9150142073631287,-0.9162851572036743,0.9854253530502319,1.3987085819244385,-0.7034958600997925,0.08684732019901276,1.5092365741729736,-0.7005643844604492,0.9422882795333862,1.7707222700119019,-1.31582510471344,0.17040836811065674,1.8510375022888184,-1.326834797859192,0.9592404365539551,1.9134806394577026,-1.4893720149993896,0.17163054645061493,1.988392949104309,-1.5328028202056885,0.9074203372001648,1.8867732286453247,-1.6018943786621094,0.21775726974010468,1.944339394569397,-1.6273305416107178,0.8871136903762817,1.8208881616592407,-1.388211965560913,0.23176462948322296,1.883115530014038,-1.3896048069000244,0.7345503568649292,1.8836644887924194,-0.03663400560617447,0.33403342962265015,1.8914740085601807,0.043176308274269104,0.7245784997940063,2.724128246307373,-0.19927360117435455,0.3663233816623688,2.700427532196045,-0.4437684416770935,0.7326628565788269,3.4789929389953613,0.6001744270324707,0.39605194330215454,3.466155767440796,0.14495262503623962,0.7390023469924927,3.6044201850891113,0.6387196183204651,0.3983907103538513,3.595118284225464,0.169287770986557,0.6741171479225159,3.737391710281372,-0.23656097054481506,0.4580278992652893,3.7070651054382324,-0.7949509620666504,0.41177044069715496,2
2026-09-24T12:27:39.847874,S012,S012_A5_Y_20260924_1227,elevated_20,A5,young,class_2,0.5540071725845337,0.5535889863967896,-2.000499963760376,0.5857996344566345,0.45111367106437683,-1.9253145456314087,0.6094605326652527,0.45203498005867004,-1.9257259368896484,0.6315830945968628,0.4544122815132141,-1.9259802103042603,0.5016746520996094,0.4492504298686981,-1.9442024230957031,0.4712032377719879,0.44940850138664246,-1.9440953731536865,0.4431981146335602,0.45147791504859924,-1.9448497295379639,0.660749077796936,0.48897355794906616,-1.3156907558441162,0.4047207832336426,0.48714807629585266,-1.3822005987167358,0.5935114622116089,0.6550320982933044,-1.7509368658065796,0.500689685344696,0.6555179953575134,-1.7727998495101929,0.8495866656303406,0.9006516337394714,-0.7892792820930481,0.20209582149982452,0.9146557450294495,-0.8957587480545044,0.993932843208313,1.397465467453003,-0.698705792427063,0.08634184300899506,1.5091614723205566,-0.7031052708625793,0.9569743275642395,1.7729376554489136,-1.3172332048416138,0.17032894492149353,1.851575493812561,-1.3247525691986084,0.97662353515625,1.9148399829864502,-1.492577314376831,0.17262430489063263,1.9898275136947632,-1.5316731929779053,0.921284556388855,1.8875023126602173,-1.6043277978897095,0.21925857663154602,1.9467880725860596,-1.625241994857788,0.8996641039848328,1.8225915431976318,-1.3900525569915771,0.23225991427898407,1.8854235410690308,-1.386414647102356,0.7353226542472839,1.8841801881790161,-0.036508746445178986,0.33528828620910645,1.8920892477035522,0.04306430742144585,0.7254694104194641,2.724188804626465,-0.22316133975982666,0.36793020367622375,2.6997673511505127,-0.46024101972579956,0.7344174385070801,3.4775073528289795,0.5997499823570251,0.3955428898334503,3.4639577865600586,0.11098863184452057,0.7402437925338745,3.6030726432800293,0.6352235078811646,0.3976738750934601,3.5939478874206543,0.13346128165721893,0.6781044602394104,3.7359619140625,-0.23023681342601776,0.4572698175907135,3.703099012374878,-0.8186395764350891,0.4117803471268747,2
2026-09-24T12:27:39.948414,S012,S012_A5_Y_20260924_1227,elevated_20,A5,young,class_2,0.5547799468040466,0.5460622906684875,-2.0268428325653076,0.5885570645332336,0.4426928758621216,-1.9530441761016846,0.6128343939781189,0.4457036256790161,-1.9534149169921875,0.6355174779891968,0.44974005222320557,-1.9536781311035156,0.5034281611442566,0.4355040490627289,-1.9700978994369507,0.4734932482242584,0.4342389404773712,-1.96993088722229,0.44622284173965454,0.4365907609462738,-1.970659852027893,0.6662760376930237,0.4875279366970062,-1.3409451246261597,0.4084468483924866,0.4790624976158142,-1.4013489484786987,0.5949483513832092,0.651083767414093,-1.776424765586853,0.5014690160751343,0.6479886770248413,-1.7957632541656494,0.8517812490463257,0.9010890126228333,-0.8140705227851868,0.20226752758026123,0.9108601808547974,-0.9091655611991882,0.9997255206108093,1.4018336534500122,-0.7147802114486694,0.08716179430484772,1.503034234046936,-0.7139807939529419,0.9625252485275269,1.8092330694198608,-1.30649733543396,0.1705697476863861,1.8411551713943481,-1.3369691371917725,0.9834123849868774,1.9620270729064941,-1.4804731607437134,0.1731446534395218,1.9782462120056152,-1.546042799949646,0.9242846369743347,1.942604899406433,-1.5939404964447021,0.2199876755475998,1.9373492002487183,-1.6423988342285156,0.9022625684738159,1.8740298748016357,-1.379223108291626,0.2328140288591385,1.8772042989730835,-1.399834156036377,0.7351586818695068,1.8827778100967407,-0.035817213356494904,0.3347443640232086,1.8892579078674316,0.042354974895715714,0.7251332402229309,2.7242395877838135,-0.22385115921497345,0.36741095781326294,2.6988492012023926,-0.4663940370082855,0.73378586769104,3.477266788482666,0.629905641078949,0.3946034014225006,3.463876485824585,0.14065799117088318,0.739604115486145,3.6023457050323486,0.6735752820968628,0.39674079418182373,3.593925714492798,0.16736114025115967,0.6770672798156738,3.7380049228668213,-0.2004547417163849,0.4562987685203552,3.7032477855682373,-0.797460675239563,0.41190110010685393,2
2026-09-24T12:27:40.056709,S012,S012_A5_Y_20260924_1227,elevated_20,A5,young,class_2,0.5577502250671387,0.5414769053459167,-2.0128517150878906,0.5933069586753845,0.4390396177768707,-1.9205623865127563,0.6178024411201477,0.44297856092453003,-1.9207652807235718,0.6406638622283936,0.44777554273605347,-1.9207441806793213,0.5080556869506836,0.4297650158405304,-1.9497454166412354,0.4782187044620514,0.4282340705394745,-1.9497365951538086,0.4514234960079193,0.43095770478248596,-1.9506051540374756,0.6704306602478027,0.48685815930366516,-1.3001904487609863,0.41272711753845215,0.47627612948417664,-1.3797460794448853,0.5972477197647095,0.6475897431373596,-1.7657067775726318,0.5032382011413574,0.642765998840332,-1.7797101736068726,0.8498371839523315,0.9011033773422241,-0.7560514211654663,0.2054663449525833,0.907386839389801,-0.8988048434257507,0.9931480288505554,1.3998717069625854,-0.5994490385055542,0.08717270195484161,1.4947694540023804,-0.7425759434700012,0.9583048820495605,1.7892601490020752,-1.1343042850494385,0.1705099195241928,1.8366814851760864,-1.3757264614105225,0.9790730476379395,1.931604027748108,-1.2842483520507812,0.17298758029937744,1.9754672050476074,-1.5823420286178589,0.9237052202224731,1.909543752670288,-1.3929048776626587,0.22018642723560333,1.9341527223587036,-1.6705976724624634,0.9015179872512817,1.847654104232788,-1.2044312953948975,0.2331327497959137,1.8741767406463623,-1.43505859375,0.7325925827026367,1.8815407752990723,-0.02401665225625038,0.3334387540817261,1.8863446712493896,0.030499432235956192,0.7225773334503174,2.719843626022339,-0.1751183569431305,0.36713695526123047,2.6937661170959473,-0.4538973271846771,0.7323365211486816,3.474149465560913,0.6305189728736877,0.39429768919944763,3.4588992595672607,0.11895889043807983,0.7371643781661987,3.5994153022766113,0.6773399710655212,0.396613746881485,3.5891599655151367,0.14075316488742828,0.6764200925827026,3.732388734817505,-0.19967041909694672,0.4557812809944153,3.6948652267456055,-0.8228236436843872,0.41211532125067385,2
2026-09-24T12:27:40.179740,S012,S012_A5_Y_20260924_1227,elevated_20,A5,young,class_2,0.5646896362304688,0.5410014986991882,-1.8577625751495361,0.5976474285125732,0.43874403834342957,-1.7747653722763062,0.6216520071029663,0.4423575699329376,-1.7751872539520264,0.6438075304031372,0.44681939482688904,-1.7753188610076904,0.5151192545890808,0.4302500784397125,-1.799110770225525,0.4846310615539551,0.4289384186267853,-1.7990165948867798,0.45835167169570923,0.43180790543556213,-1.799839735031128,0.6725022792816162,0.48583731055259705,-1.1556870937347412,0.4178483486175537,0.47636979818344116,-1.243998408317566,0.6007024049758911,0.6444054245948792,-1.6093002557754517,0.5090153217315674,0.6422439813613892,-1.6344249248504639,0.8494435548782349,0.8974362015724182,-0.6460460424423218,0.21905085444450378,0.9039484858512878,-0.7938652038574219,0.9813047647476196,1.3881925344467163,-0.5325829982757568,0.09685183316469193,1.4673314094543457,-0.7222469449043274,0.9474195241928101,1.7542082071304321,-1.1297969818115234,0.17493793368339539,1.7788774967193604,-1.3789939880371094,0.967364490032196,1.8927708864212036,-1.2934577465057373,0.17719432711601257,1.9095574617385864,-1.5922267436981201,0.9157949686050415,1.8664506673812866,-1.408257246017456,0.22267213463783264,1.8663814067840576,-1.6850945949554443,0.8947890400886536,1.8068264722824097,-1.2041817903518677,0.23512399196624756,1.8104100227355957,-1.4422385692596436,0.7341533899307251,1.8779332637786865,-0.02360299974679947,0.3403087258338928,1.8827804327011108,0.030052432790398598,0.723682165145874,2.7117087841033936,-0.17492607235908508,0.3708982467651367,2.6862072944641113,-0.428182452917099,0.732753574848175,3.467886447906494,0.6213584542274475,0.3973298966884613,3.451655626296997,0.12943509221076965,0.7374202013015747,3.593101739883423,0.6571869850158691,0.39907294511795044,3.581109046936035,0.15000270307064056,0.6781313419342041,3.7194533348083496,-0.20786544680595398,0.45960935950279236,3.6837821006774902,-0.806218147277832,0.41219238249279,2
2026-09-24T12:27:40.326841,S012,S012_A5_Y_20260924_1227,elevated_20,A5,young,class_2,0.569293737411499,0.5400155782699585,-1.8665330410003662,0.6016377210617065,0.43811100721359253,-1.788079857826233,0.6251709461212158,0.4415728449821472,-1.7884941101074219,0.6472456455230713,0.44583365321159363,-1.7886934280395508,0.5191000699996948,0.4298223555088043,-1.8080297708511353,0.4879564344882965,0.42864763736724854,-1.807814359664917,0.46162596344947815,0.4317069351673126,-1.8085752725601196,0.6766809225082397,0.4847458004951477,-1.1769707202911377,0.42018216848373413,0.4764128029346466,-1.2466280460357666,0.6043291091918945,0.6430703401565552,-1.6200838088989258,0.5117141604423523,0.6422735452651978,-1.6413533687591553,0.8501302003860474,0.8964645862579346,-0.6673428416252136,0.22853192687034607,0.9025441408157349,-0.7968838810920715,0.9813787341117859,1.3889083862304688,-0.5595523118972778,0.11189007759094238,1.4659444093704224,-0.7135218381881714,0.9504431486129761,1.7579158544540405,-1.1454976797103882,0.19027988612651825,1.774227261543274,-1.3934129476547241,0.9733487367630005,1.8970955610275269,-1.3024393320083618,0.1940535604953766,1.9043327569961548,-1.6103849411010742,0.9209344983100891,1.872104525566101,-1.4090403318405151,0.23798498511314392,1.859785795211792,-1.7064193487167358,0.8987513780593872,1.8122354745864868,-1.2166441679000854,0.2492283284664154,1.804540753364563,-1.4589364528656006,0.7391413450241089,1.8751345872879028,-0.02434583380818367,0.34695109724998474,1.8787389993667603,0.030733581632375717,0.7266361713409424,2.7097465991973877,-0.13029751181602478,0.3764626383781433,2.6835927963256836,-0.3761611580848694,0.7334412336349487,3.466057777404785,0.7007079720497131,0.4010531008243561,3.4480884075164795,0.21849513053894043,0.7382201552391052,3.5912089347839355,0.7335230112075806,0.4027261734008789,3.5765233039855957,0.24458400905132294,0.6781750917434692,3.7159814834594727,-0.15008163452148438,0.46231579780578613,3.681544542312622,-0.736345112323761,0.41201351712042006,2
2026-09-24T12:27:40.442423,S012,S012_A5_Y_20260924_1227,elevated_20,A5,young,class_2,0.5739135146141052,0.5395455956459045,-1.8602920770645142,0.6069227457046509,0.43822377920150757,-1.7805016040802002,0.6300692558288574,0.4415062963962555,-1.7809339761734009,0.6518152952194214,0.4455350637435913,-1.7810680866241455,0.5251445770263672,0.43021029233932495,-1.7974872589111328,0.4929395616054535,0.42896750569343567,-1.7972294092178345,0.466348260641098,0.4318311810493469,-1.7979377508163452,0.6804408431053162,0.48421260714530945,-1.1600297689437866,0.4227101802825928,0.47595471143722534,-1.2193716764450073,0.6079583764076233,0.6411410570144653,-1.612022042274475,0.5153478384017944,0.6408226490020752,-1.6308679580688477,0.8511916995048523,0.896327793598175,-0.6673220992088318,0.23298537731170654,0.9019514918327332,-0.7757570743560791,0.9814172983169556,1.3895193338394165,-0.5990660190582275,0.11838729679584503,1.4637291431427002,-0.7379051446914673,0.9503113031387329,1.740352988243103,-1.2777870893478394,0.21246054768562317,1.7494853734970093,-1.5609251260757446,0.9724477529525757,1.872741460800171,-1.472684621810913,0.22299647331237793,1.8747764825820923,-1.8029264211654663,0.9205541610717773,1.836713433265686,-1.5841213464736938,0.2658615708351135,1.8174186944961548,-1.8867161273956299,0.8980535268783569,1.7806917428970337,-1.3544028997421265,0.2742973864078522,1.765861988067627,-1.6256879568099976,0.7423199415206909,1.8752609491348267,-0.024670232087373734,0.34954115748405457,1.878879189491272,0.03113080933690071,0.7280287146568298,2.709886074066162,-0.10200592130422592,0.37809574604034424,2.6839489936828613,-0.37572136521339417,0.7341264486312866,3.4666740894317627,0.7143946886062622,0.4033929705619812,3.44826602935791,0.21744468808174133,0.7388697266578674,3.591592311859131,0.7438241243362427,0.4050044119358063,3.5765302181243896,0.24328148365020752,0.6787503361701965,3.7164359092712402,-0.14747054874897003,0.46572986245155334,3.6823925971984863,-0.7427468299865723,0.4124242636483387,2
2026-09-24T12:27:40.581984,S012,S012_A5_Y_20260924_1227,elevated_20,A5,young,class_2,0.5740333795547485,0.5382667183876038,-1.8435490131378174,0.6071582436561584,0.4373897612094879,-1.7647432088851929,0.6304227113723755,0.44058167934417725,-1.7651245594024658,0.6522427201271057,0.4445355236530304,-1.7652276754379272,0.5252768993377686,0.4295686185359955,-1.7788112163543701,0.4934505820274353,0.4283605217933655,-1.7784788608551025,0.46710991859436035,0.43123987317085266,-1.7791677713394165,0.6814433336257935,0.48352447152137756,-1.1547398567199707,0.42423731088638306,0.47542619705200195,-1.2027901411056519,0.6090137958526611,0.6393406987190247,-1.599334478378296,0.5160028338432312,0.6395421624183655,-1.614694595336914,0.8535444140434265,0.8965904116630554,-0.6692050695419312,0.23790359497070312,0.9000371694564819,-0.7642902135848999,0.9814295768737793,1.3978171348571777,-0.6012781858444214,0.12210854142904282,1.462459683418274,-0.7292543649673462,0.9501168131828308,1.7692680358886719,-1.2697614431381226,0.20884767174720764,1.7597827911376953,-1.4775571823120117,0.9722673296928406,1.9101333618164062,-1.4683691263198853,0.21686258912086487,1.8884310722351074,-1.702408790588379,0.9195652008056641,1.8814787864685059,-1.5744774341583252,0.2610780596733093,1.8374042510986328,-1.7925974130630493,0.897288978099823,1.8215906620025635,-1.349306344985962,0.2706755995750427,1.7838551998138428,-1.5416009426116943,0.7440600991249084,1.8750693798065186,-0.024896234273910522,0.35233503580093384,1.8780245780944824,0.03143257647752762,0.7281038761138916,2.709742784500122,-0.1264341175556183,0.3790390193462372,2.68229341506958,-0.40873727202415466,0.7340596914291382,3.4665005207061768,0.6622039079666138,0.4031546711921692,3.448132038116455,0.1418372243642807,0.7388108968734741,3.5912601947784424,0.6894906759262085,0.40486326813697815,3.5766007900238037,0.16335280239582062,0.6778296828269958,3.7167820930480957,-0.19808192551136017,0.4650382995605469,3.6824238300323486,-0.8183693885803223,0.4125880279033013,2
2026-09-24T12:27:40.680615,S012,S012_A5_Y_20260924_1227,elevated_20,A5,young,class_2,0.5730760097503662,0.5367345213890076,-1.8053057193756104,0.6067197918891907,0.43657371401786804,-1.7296857833862305,0.6299305558204651,0.43970203399658203,-1.7300424575805664,0.6517402529716492,0.44379743933677673,-1.7301380634307861,0.5247560739517212,0.4295778274536133,-1.740648627281189,0.49276724457740784,0.4286264479160309,-1.7402980327606201,0.4664387106895447,0.4316040277481079,-1.7410008907318115,0.6816784739494324,0.4834640324115753,-1.138178825378418,0.42532357573509216,0.4754742980003357,-1.1725432872772217,0.6086917519569397,0.6382796764373779,-1.5686230659484863,0.5159298181533813,0.6387062668800354,-1.5795414447784424,0.8543789982795715,0.8988266587257385,-0.6575764417648315,0.23955166339874268,0.9002646803855896,-0.7474781274795532,0.9811703562736511,1.4045122861862183,-0.5828264355659485,0.12052178382873535,1.4603524208068848,-0.6620945930480957,0.9483410716056824,1.7947548627853394,-1.1773360967636108,0.2063749134540558,1.767133355140686,-1.345038652420044,0.9706981778144836,1.9407916069030762,-1.3559093475341797,0.21362701058387756,1.8968119621276855,-1.561689019203186,0.9157096743583679,1.9201024770736694,-1.4651224613189697,0.25804924964904785,1.8443011045455933,-1.6540555953979492,0.8936663866043091,1.8574976921081543,-1.2524620294570923,0.2681771218776703,1.789722204208374,-1.409348487854004,0.7438902258872986,1.8788501024246216,-0.025979742407798767,0.35212743282318115,1.8793556690216064,0.03254317119717598,0.7265507578849792,2.713374137878418,-0.13737742602825165,0.3780754506587982,2.684343099594116,-0.40722888708114624,0.7323054075241089,3.470288038253784,0.6333463191986084,0.40136009454727173,3.4507827758789062,0.14419052004814148,0.7374535202980042,3.5956170558929443,0.6604760885238647,0.40312567353248596,3.5792365074157715,0.1648920327425003,0.6752289533615112,3.718733787536621,-0.214329332113266,0.46169227361679077,3.684772491455078,-0.8027107119560242,0.41276304134722025,2
2026-09-24T12:27:40.817520,S012,S012_A5_Y_20260924_1227,elevated_20,A5,young,class_2,0.5729123950004578,0.5368658304214478,-1.7934373617172241,0.6061569452285767,0.4366863965988159,-1.720203161239624,0.6295486688613892,0.4397650361061096,-1.7205215692520142,0.651528000831604,0.4438280165195465,-1.7206308841705322,0.5240458250045776,0.4297638535499573,-1.7336187362670898,0.49224114418029785,0.4287990927696228,-1.733205795288086,0.4659949243068695,0.4317565858364105,-1.7339003086090088,0.6820021271705627,0.48348909616470337,-1.1307218074798584,0.4260663092136383,0.47552281618118286,-1.1732453107833862,0.6084500551223755,0.6383075714111328,-1.5564472675323486,0.5157239437103271,0.6388425230979919,-1.5696706771850586,0.8543738126754761,0.8996126651763916,-0.6436208486557007,0.23850996792316437,0.9004526734352112,-0.7488558888435364,0.9790517091751099,1.4055334329605103,-0.5304180979728699,0.11939386278390884,1.4610625505447388,-0.603934109210968,0.9423092603683472,1.799789547920227,-1.0826812982559204,0.20550379157066345,1.7775856256484985,-1.2242635488510132,0.9643532037734985,1.9471174478530884,-1.249127745628357,0.210697203874588,1.9125266075134277,-1.4265122413635254,0.9077458381652832,1.9276278018951416,-1.3585165739059448,0.25666701793670654,1.8695317506790161,-1.5302255153656006,0.8859220743179321,1.8647418022155762,-1.155768632888794,0.2676089406013489,1.8131741285324097,-1.2899134159088135,0.7437483072280884,1.8812870979309082,-0.033082254230976105,0.35171785950660706,1.8806780576705933,0.03964226692914963,0.725633442401886,2.7135608196258545,-0.12570881843566895,0.3742096722126007,2.686584711074829,-0.2525274157524109,0.7293297052383423,3.470764636993408,0.6577142477035522,0.3982063829898834,3.450839042663574,0.2930188775062561,0.7346588373184204,3.596285343170166,0.6856464147567749,0.400279700756073,3.5788981914520264,0.3164457678794861,0.6716119050979614,3.718944549560547,-0.18565069139003754,0.4561373293399811,3.6850790977478027,-0.6301828622817993,0.41277737833551137,2
2026-09-24T12:27:40.953319,S012,S012_A5_Y_20260924_1227,elevated_20,A5,young,class_2,0.5727584958076477,0.5369537472724915,-1.8049818277359009,0.605841875076294,0.4367489814758301,-1.731348991394043,0.6292988061904907,0.43981048464775085,-1.7316268682479858,0.651286780834198,0.44384950399398804,-1.7317657470703125,0.5235638618469238,0.4299272298812866,-1.7465461492538452,0.49184489250183105,0.428989440202713,-1.7460886240005493,0.4656662940979004,0.43194323778152466,-1.7467632293701172,0.6818851232528687,0.48357993364334106,-1.1391741037368774,0.42613762617111206,0.47542619705200195,-1.1874775886535645,0.6083709001541138,0.6382669806480408,-1.5664805173873901,0.5154010653495789,0.6385000944137573,-1.581668734550476,0.853865921497345,0.8996442556381226,-0.6491574645042419,0.23776331543922424,0.899598240852356,-0.7503383159637451,0.9748889207839966,1.4055217504501343,-0.5305086970329285,0.11885356903076172,1.461556315422058,-0.6192050576210022,0.9342368245124817,1.7995697259902954,-1.0549747943878174,0.20436525344848633,1.7847398519515991,-1.258823275566101,0.9579324722290039,1.9466211795806885,-1.215775966644287,0.20973928272724152,1.9214454889297485,-1.46483314037323,0.9003732800483704,1.9260985851287842,-1.3198410272598267,0.25516048073768616,1.8833173513412476,-1.564551830291748,0.878315269947052,1.8634477853775024,-1.1256096363067627,0.2661602795124054,1.8254321813583374,-1.3234686851501465,0.7407166957855225,1.8767030239105225,-0.034642480313777924,0.34598851203918457,1.8757615089416504,0.041244685649871826,0.7213567495346069,2.707512617111206,-0.0700283795595169,0.36674270033836365,2.6822636127471924,-0.22792339324951172,0.7240037322044373,3.461268663406372,0.7899424433708191,0.3906438946723938,3.439948558807373,0.3811737895011902,0.7296175956726074,3.5862326622009277,0.8271099925041199,0.39257320761680603,3.565660238265991,0.41244712471961975,0.6637119054794312,3.710942029953003,-0.037794046103954315,0.44961386919021606,3.6766932010650635,-0.541512131690979,0.4125628345422173,2
2026-09-24T12:27:41.089155,S012,S012_A5_Y_20260924_1227,elevated_20,A5,young,class_2,0.5697165727615356,0.5359849333763123,-1.8130362033843994,0.6049039959907532,0.43605712056159973,-1.738245964050293,0.6286636590957642,0.43923383951187134,-1.7386068105697632,0.6508772969245911,0.4434334933757782,-1.7387415170669556,0.5221728086471558,0.429613322019577,-1.7527698278427124,0.4913955628871918,0.4288325905799866,-1.7523870468139648,0.46544718742370605,0.43181344866752625,-1.753051996231079,0.6816409230232239,0.48356837034225464,-1.1527589559555054,0.4260622560977936,0.47510623931884766,-1.2050230503082275,0.6075649261474609,0.6381077170372009,-1.568970799446106,0.5148487687110901,0.637144923210144,-1.5835068225860596,0.8520963788032532,0.900084376335144,-0.6501825451850891,0.23321016132831573,0.8993155360221863,-0.7920336127281189,0.9735733866691589,1.4057618379592896,-0.5237128734588623,0.11128047853708267,1.4678540229797363,-0.6263613700866699,0.9329930543899536,1.7918106317520142,-1.0234020948410034,0.19651168584823608,1.8226853609085083,-1.2168536186218262,0.9572793245315552,1.931617021560669,-1.1747236251831055,0.19857561588287354,1.9659792184829712,-1.4083374738693237,0.9003795385360718,1.912893533706665,-1.2748349905014038,0.24860291182994843,1.9310662746429443,-1.5055882930755615,0.8781331777572632,1.852985143661499,-1.0917651653289795,0.26095229387283325,1.8704636096954346,-1.2776286602020264,0.7356138229370117,1.8767389059066772,-0.03491619601845741,0.3374042809009552,1.8758699893951416,0.04152395576238632,0.7180639505386353,2.7077529430389404,-0.07688163965940475,0.36052146553993225,2.6830899715423584,-0.20845350623130798,0.7202273607254028,3.4610071182250977,0.7979522943496704,0.38440757989883423,3.4401533603668213,0.4153870940208435,0.7258291840553284,3.5860700607299805,0.8371020555496216,0.3852439224720001,3.5657804012298584,0.4474806785583496,0.6600780487060547,3.710881471633911,-0.017025964334607124,0.44450443983078003,3.6773250102996826,-0.4966251850128174,0.41220590645918326,2
2026-09-24T12:27:41.218087,S012,S012_A5_Y_20260924_1227,elevated_20,A5,young,class_2,0.5689900517463684,0.5345075130462646,-1.8241379261016846,0.6039393544197083,0.43421512842178345,-1.7511438131332397,0.6276227831840515,0.43699678778648376,-1.7515214681625366,0.649846613407135,0.4407997131347656,-1.751696228981018,0.5207485556602478,0.4289860129356384,-1.7662969827651978,0.4904199540615082,0.4283982813358307,-1.7660290002822876,0.4643774926662445,0.431484192609787,-1.7668176889419556,0.6800940036773682,0.48183727264404297,-1.177147626876831,0.42577582597732544,0.4745936095714569,-1.2290139198303223,0.607230007648468,0.6369981169700623,-1.5873481035232544,0.5146783590316772,0.6357370615005493,-1.6023952960968018,0.8518297076225281,0.8995072841644287,-0.665765643119812,0.23302194476127625,0.899476945400238,-0.8169557452201843,0.9760513305664062,1.4016826152801514,-0.5379043817520142,0.11154045909643173,1.4754211902618408,-0.6367304921150208,0.9330345988273621,1.7716941833496094,-1.0827661752700806,0.19587430357933044,1.8325139284133911,-1.2449932098388672,0.9570364952087402,1.9087427854537964,-1.2429662942886353,0.196604922413826,1.9759272336959839,-1.4447505474090576,0.900420069694519,1.8848938941955566,-1.3377562761306763,0.24606414139270782,1.938711166381836,-1.5414903163909912,0.8781720995903015,1.825527548789978,-1.1512000560760498,0.2593839764595032,1.8777371644973755,-1.307151198387146,0.7374919652938843,1.8768041133880615,-0.03480667248368263,0.33906587958335876,1.8762646913528442,0.04141240194439888,0.7218002080917358,2.7078895568847656,-0.08254348486661911,0.3639441132545471,2.6845505237579346,-0.2357267141342163,0.7257512807846069,3.4606451988220215,0.7858482599258423,0.3892405033111572,3.4407315254211426,0.37869903445243835,0.7315335273742676,3.585861921310425,0.8238714337348938,0.39024460315704346,3.5665969848632812,0.4087379574775696,0.6673820614814758,3.7105448246002197,-0.030831286683678627,0.45115238428115845,3.6778652667999268,-0.5367728471755981,0.4119581939079525,2
2026-09-24T12:27:41.353845,S012,S012_A5_Y_20260924_1227,elevated_20,A5,young,class_2,0.5685885548591614,0.5341512560844421,-1.8262090682983398,0.6032769680023193,0.43336188793182373,-1.7530101537704468,0.6265266537666321,0.4360481798648834,-1.7533998489379883,0.6485781669616699,0.4398196041584015,-1.7535454034805298,0.5205809473991394,0.4281383156776428,-1.7675098180770874,0.49020129442214966,0.42730894684791565,-1.7672218084335327,0.46423205733299255,0.430270791053772,-1.7680070400238037,0.6774888634681702,0.4811069667339325,-1.1789536476135254,0.4254278242588043,0.4737558364868164,-1.239442229270935,0.6068845987319946,0.6367409825325012,-1.5876076221466064,0.514504075050354,0.6353579163551331,-1.6055595874786377,0.8514568209648132,0.8993979096412659,-0.6684532761573792,0.23066246509552002,0.9003390669822693,-0.8321745991706848,0.9762794375419617,1.4015028476715088,-0.5437537431716919,0.11165913194417953,1.482855200767517,-0.636176586151123,0.9328219294548035,1.7771919965744019,-1.0952012538909912,0.19190117716789246,1.8497065305709839,-1.1964824199676514,0.9565705060958862,1.9176517724990845,-1.2584904432296753,0.1892307698726654,1.9918078184127808,-1.389294147491455,0.8990293741226196,1.8977130651474,-1.3588371276855469,0.23860540986061096,1.9597821235656738,-1.498363733291626,0.8768555521965027,1.8365494012832642,-1.1651803255081177,0.2536272406578064,1.8984532356262207,-1.261529803276062,0.7374847531318665,1.8766058683395386,-0.036671850830316544,0.3393290638923645,1.8763790130615234,0.0431884303689003,0.7210222482681274,2.7074062824249268,-0.04577412083745003,0.3624040186405182,2.686159372329712,-0.13593441247940063,0.7233411073684692,3.4599554538726807,0.8454734086990356,0.3876402974128723,3.4409666061401367,0.5063256025314331,0.7288821935653687,3.585279941558838,0.8876906633377075,0.3890487849712372,3.5669808387756348,0.5409451723098755,0.6655831336975098,3.7097256183624268,0.046452876180410385,0.4480089247226715,3.6780848503112793,-0.38791733980178833,0.4119108388214513,2
2026-09-24T12:27:41.517044,S012,S012_A5_Y_20260924_1227,elevated_20,A5,young,class_2,0.5684293508529663,0.5341748595237732,-1.8661342859268188,0.6030842065811157,0.43335598707199097,-1.789478063583374,0.6260564923286438,0.43596962094306946,-1.7899774312973022,0.647821843624115,0.4396803677082062,-1.7902320623397827,0.5203062891960144,0.4281792938709259,-1.8077062368392944,0.4899863302707672,0.42732366919517517,-1.807591199874878,0.46406158804893494,0.4302535951137543,-1.808459997177124,0.6745799779891968,0.48074987530708313,-1.194985270500183,0.42505335807800293,0.4735884964466095,-1.2642912864685059,0.6068079471588135,0.6367216110229492,-1.6220394372940063,0.5143757462501526,0.6353858709335327,-1.6436477899551392,0.849992573261261,0.898890495300293,-0.6762862801551819,0.2297758162021637,0.9005502462387085,-0.8312080502510071,0.9769502878189087,1.396521806716919,-0.5475822687149048,0.11395826190710068,1.4837982654571533,-0.6433023810386658,0.9358609318733215,1.7731120586395264,-1.136756181716919,0.1915794312953949,1.8492728471755981,-1.221250295639038,0.9591730237007141,1.91331148147583,-1.3055288791656494,0.189266175031662,1.9906812906265259,-1.4204580783843994,0.9028341174125671,1.893454909324646,-1.4169094562530518,0.23848748207092285,1.957945466041565,-1.5376771688461304,0.8801436424255371,1.832458257675171,-1.2098305225372314,0.2534402906894684,1.896324634552002,-1.290109634399414,0.7374897599220276,1.8749600648880005,-0.03644459694623947,0.3404681384563446,1.8744730949401855,0.042970772832632065,0.721092164516449,2.7030110359191895,-0.1648508608341217,0.3643661439418793,2.677720069885254,-0.2869667112827301,0.7236331105232239,3.450446128845215,0.7018892168998718,0.38797563314437866,3.431354284286499,0.30583328008651733,0.7290001511573792,3.5751826763153076,0.7420929670333862,0.3890857696533203,3.558699607849121,0.3328878879547119,0.6669699549674988,3.6994409561157227,-0.0935145765542984,0.4482964873313904,3.666393756866455,-0.5865849852561951,0.4119064828815736,2
2026-09-24T12:27:41.710413,S012,S012_A5_Y_20260924_1227,elevated_20,A5,young,class_2,0.5681874752044678,0.5336560606956482,-1.9094871282577515,0.6020771265029907,0.4316730499267578,-1.830644965171814,0.6245158910751343,0.4337623417377472,-1.8311793804168701,0.6458187699317932,0.4369497299194336,-1.8314387798309326,0.5200605392456055,0.4273831248283386,-1.8498218059539795,0.4897702634334564,0.426593154668808,-1.84969162940979,0.46365445852279663,0.4296773672103882,-1.8505876064300537,0.6701914072036743,0.47771593928337097,-1.2149690389633179,0.4242609143257141,0.47261688113212585,-1.286152720451355,0.6062883138656616,0.635787308216095,-1.6591726541519165,0.5142167806625366,0.6348102688789368,-1.6812248229980469,0.8483750224113464,0.8969401121139526,-0.6874781250953674,0.2283407747745514,0.8999050855636597,-0.834601104259491,0.9769697189331055,1.3927085399627686,-0.5763238668441772,0.11391480267047882,1.4813616275787354,-0.6486419439315796,0.9361333847045898,1.7705906629562378,-1.2192261219024658,0.18811388313770294,1.8457300662994385,-1.250465989112854,0.9592282176017761,1.9107931852340698,-1.4000415802001953,0.18643656373023987,1.9870984554290771,-1.459778904914856,0.9029905200004578,1.88992440700531,-1.5166852474212646,0.2338680922985077,1.9530093669891357,-1.5797983407974243,0.8802543878555298,1.8290350437164307,-1.295951247215271,0.2484954595565796,1.891514539718628,-1.3223215341567993,0.7369061708450317,1.8717586994171143,-0.03648579120635986,0.34050023555755615,1.8697396516799927,0.04301195219159126,0.7191919088363647,2.695051431655884,-0.17730525135993958,0.36384013295173645,2.662616014480591,-0.3062238097190857,0.720242440700531,3.4356560707092285,0.6851300001144409,0.38520967960357666,3.4094135761260986,0.2928156554698944,0.7249032258987427,3.5597214698791504,0.7234370112419128,0.385181725025177,3.5363237857818604,0.32014840841293335,0.6637614965438843,3.6821088790893555,-0.1272754818201065,0.44518810510635376,3.642874002456665,-0.6058844327926636,0.4117558232310605,2
2026-09-24T12:27:41.877212,S012,S012_A5_Y_20260924_1227,elevated_20,A5,young,class_2,0.5680204629898071,0.5333694219589233,-1.9176048040390015,0.6008895039558411,0.4310649633407593,-1.8410091400146484,0.623019278049469,0.4329228401184082,-1.8414993286132812,0.6439670920372009,0.43588492274284363,-1.841814398765564,0.5196407437324524,0.4271000027656555,-1.8600136041641235,0.48949354887008667,0.42629846930503845,-1.8598295450210571,0.4632233679294586,0.4293994605541229,-1.860660195350647,0.6669546961784363,0.4766250550746918,-1.2324326038360596,0.42347803711891174,0.47186195850372314,-1.301522970199585,0.6057220697402954,0.6353936791419983,-1.6704084873199463,0.5140892267227173,0.6341465711593628,-1.6915353536605835,0.8463228940963745,0.8950215578079224,-0.7066312432289124,0.22494640946388245,0.8998673558235168,-0.8437808156013489,0.9757068753242493,1.3893942832946777,-0.5846200585365295,0.11370285600423813,1.4843083620071411,-0.6637678742408752,0.9358502626419067,1.7735410928726196,-1.2064405679702759,0.18680499494075775,1.8543353080749512,-1.2619730234146118,0.9591549038887024,1.914742112159729,-1.383323073387146,0.18447467684745789,1.9961401224136353,-1.4721946716308594,0.9030026197433472,1.898583173751831,-1.4938929080963135,0.23204204440116882,1.9628183841705322,-1.5964411497116089,0.8801107406616211,1.8383382558822632,-1.2808738946914673,0.24725477397441864,1.901273488998413,-1.3361238241195679,0.7366083860397339,1.8645106554031372,-0.03556690365076065,0.34052690863609314,1.8663451671600342,0.0420466847717762,0.7192658185958862,2.6913626194000244,-0.16797612607479095,0.36531734466552734,2.6620099544525146,-0.34349849820137024,0.7220166325569153,3.434556245803833,0.6915072202682495,0.3873444199562073,3.4119088649749756,0.24982206523418427,0.7265897393226624,3.558532953262329,0.7292372584342957,0.3878726363182068,3.5381808280944824,0.276382714509964,0.6670621633529663,3.6830015182495117,-0.12414853274822235,0.446633517742157,3.6463329792022705,-0.6662629246711731,0.4117953460394567,2
2026-09-24T12:27:42.016259,S012,S012_A5_Y_20260924_1227,elevated_20,A5,young,class_2,0.5681039094924927,0.5333585739135742,-1.9098249673843384,0.6003893613815308,0.4308639168739319,-1.8344409465789795,0.6220318675041199,0.4325336217880249,-1.834865927696228,0.6426737904548645,0.43530648946762085,-1.8351516723632812,0.5194117426872253,0.42710450291633606,-1.8526222705841064,0.4893221855163574,0.4263131022453308,-1.8523881435394287,0.46307486295700073,0.42941606044769287,-1.8531843423843384,0.6647813320159912,0.476205050945282,-1.2233960628509521,0.4230884909629822,0.4717393219470978,-1.3009979724884033,0.6056647896766663,0.6349245309829712,-1.6655060052871704,0.5143628716468811,0.6339462995529175,-1.685070276260376,0.8456500172615051,0.8944312930107117,-0.700981080532074,0.2240222990512848,0.8987478613853455,-0.8303430676460266,0.9737140536308289,1.3893276453018188,-0.5961605906486511,0.1136011928319931,1.4841268062591553,-0.668033242225647,0.934351921081543,1.7749356031417847,-1.2531981468200684,0.18630678951740265,1.8453905582427979,-1.323885202407837,0.9569511413574219,1.9176312685012817,-1.4398384094238281,0.18422499299049377,1.9838902950286865,-1.5451996326446533,0.90086829662323,1.9008582830429077,-1.5589953660964966,0.2313622683286667,1.9473419189453125,-1.659324288368225,0.8780239820480347,1.8399276733398438,-1.3311705589294434,0.2462417185306549,1.8870996236801147,-1.3958935737609863,0.7353070378303528,1.8646498918533325,-0.03481220826506615,0.34055525064468384,1.8664872646331787,0.0413123182952404,0.7171393632888794,2.6911044120788574,-0.17279888689517975,0.36521536111831665,2.6602697372436523,-0.37803763151168823,0.7207425236701965,3.4327917098999023,0.6579189300537109,0.3872705399990082,3.4100024700164795,0.19445540010929108,0.7252556681632996,3.557029962539673,0.6920543909072876,0.38776981830596924,3.536998987197876,0.21869628131389618,0.666275143623352,3.6794238090515137,-0.16037259995937347,0.4466160237789154,3.642935037612915,-0.7188194990158081,0.41201460442662763,2
2026-09-24T12:27:42.164524,S012,S012_A5_Y_20260924_1227,elevated_20,A5,young,class_2,0.5680974721908569,0.5329753160476685,-1.8925867080688477,0.5998167991638184,0.4298710823059082,-1.8144826889038086,0.621091365814209,0.4311838150024414,-1.8150546550750732,0.6415299773216248,0.4336242973804474,-1.8153473138809204,0.5193014740943909,0.4268019497394562,-1.8320811986923218,0.4892333447933197,0.4261106252670288,-1.8319098949432373,0.4630141854286194,0.42928969860076904,-1.8327696323394775,0.663404107093811,0.4749464988708496,-1.1919231414794922,0.42275089025497437,0.4714752733707428,-1.2604899406433105,0.605546772480011,0.6340415477752686,-1.6420338153839111,0.5143769383430481,0.6335381865501404,-1.6614469289779663,0.8456603288650513,0.8943307995796204,-0.6840891242027283,0.2236437052488327,0.8975494503974915,-0.7910628914833069,0.973823070526123,1.3871747255325317,-0.6040714979171753,0.11455123126506805,1.4839463233947754,-0.669612467288971,0.937038242816925,1.7702215909957886,-1.276879072189331,0.18646922707557678,1.8367723226547241,-1.383100152015686,0.9595428705215454,1.9123622179031372,-1.4675312042236328,0.1847352236509323,1.973310947418213,-1.612076997756958,0.9046309590339661,1.892938256263733,-1.587679386138916,0.23156364262104034,1.9329622983932495,-1.7185207605361938,0.8816683888435364,1.8324791193008423,-1.35545015335083,0.24632832407951355,1.8737379312515259,-1.4540108442306519,0.7350867390632629,1.8655558824539185,-0.034828878939151764,0.34060734510421753,1.867689609527588,0.04133515805006027,0.7171211838722229,2.6914217472076416,-0.18450309336185455,0.36536097526550293,2.660862922668457,-0.3988797068595886,0.7208837270736694,3.433096170425415,0.6435865163803101,0.38748839497566223,3.4113011360168457,0.17593523859977722,0.7254120111465454,3.557284355163574,0.6774830222129822,0.38805079460144043,3.5385794639587402,0.20013687014579773,0.6663973331451416,3.680314064025879,-0.17733703553676605,0.4468357563018799,3.644329071044922,-0.7398711442947388,0.4121398485252884,2
2026-09-24T12:27:42.299655,S012,S012_A5_Y_20260924_1227,elevated_20,A5,young,class_2,0.568113386631012,0.5324357748031616,-1.897650957107544,0.5997083783149719,0.4290265440940857,-1.816941261291504,0.6208879947662354,0.4303840100765228,-1.8175245523452759,0.6412789821624756,0.43285444378852844,-1.8178064823150635,0.5191501379013062,0.4257006049156189,-1.8353945016860962,0.489122211933136,0.42491772770881653,-1.835312843322754,0.4628933072090149,0.42806893587112427,-1.8361915349960327,0.6633083820343018,0.47439658641815186,-1.1920764446258545,0.4226981997489929,0.4708835184574127,-1.261444330215454,0.6054093837738037,0.6333436965942383,-1.645795226097107,0.5144793391227722,0.6331709623336792,-1.6666653156280518,0.8456779718399048,0.8941506147384644,-0.6804674863815308,0.22382386028766632,0.8975212574005127,-0.7932808995246887,0.9740060567855835,1.3818504810333252,-0.6032684445381165,0.11826479434967041,1.4844270944595337,-0.6636384725570679,0.9379356503486633,1.745969295501709,-1.2630575895309448,0.1886424869298935,1.836323618888855,-1.374987244606018,0.9598048329353333,1.8804564476013184,-1.4467663764953613,0.18818797171115875,1.9729630947113037,-1.5982491970062256,0.9069312214851379,1.8551177978515625,-1.5646470785140991,0.23270860314369202,1.9327845573425293,-1.703059434890747,0.8843438029289246,1.7969393730163574,-1.3402178287506104,0.24699489772319794,1.8733545541763306,-1.4445569515228271,0.735479474067688,1.8665717840194702,-0.03481682389974594,0.3422228991985321,1.868471384048462,0.041325733065605164,0.7178441286087036,2.691596269607544,-0.22201411426067352,0.36726707220077515,2.6613705158233643,-0.417044460773468,0.7230818867683411,3.433645725250244,0.5806809663772583,0.38942667841911316,3.412001132965088,0.13301101326942444,0.7276628613471985,3.5577898025512695,0.6112395524978638,0.3896217346191406,3.539172649383545,0.1530417948961258,0.6704486012458801,3.680574655532837,-0.24452269077301025,0.4503428041934967,3.6457321643829346,-0.7859867215156555,0.4122424116659121,2
2026-09-24T12:27:42.487785,S012,S012_A5_Y_20260924_1227,elevated_20,A5,young,class_2,0.5680831670761108,0.5317215323448181,-1.8965559005737305,0.5993729829788208,0.42826423048973083,-1.8164844512939453,0.6204613447189331,0.42973771691322327,-1.81704843044281,0.6408117413520813,0.4323021173477173,-1.8173261880874634,0.5190372467041016,0.4246467053890228,-1.8351043462753296,0.48901858925819397,0.42379191517829895,-1.8350080251693726,0.4627748429775238,0.4269247055053711,-1.8358724117279053,0.6630330681800842,0.47403624653816223,-1.191717505455017,0.4226504862308502,0.4705125391483307,-1.2585139274597168,0.6053188443183899,0.6324339509010315,-1.6456903219223022,0.5145261883735657,0.6324325203895569,-1.6661040782928467,0.8455188870429993,0.8923751711845398,-0.6740877032279968,0.2238970547914505,0.8970394134521484,-0.7945323586463928,0.9724870920181274,1.3736692667007446,-0.6026090383529663,0.11816921085119247,1.4833362102508545,-0.6466272473335266,0.9369271397590637,1.7268803119659424,-1.2595183849334717,0.18858617544174194,1.8388025760650635,-1.2962558269500732,0.9587739109992981,1.857612133026123,-1.4429147243499756,0.18813148140907288,1.978103756904602,-1.5118190050125122,0.9068365097045898,1.8319941759109497,-1.559785008430481,0.2327130287885666,1.9385675191879272,-1.6221023797988892,0.8841730952262878,1.776450753211975,-1.336861491203308,0.24699541926383972,1.8783555030822754,-1.3651214838027954,0.735296905040741,1.8654594421386719,-0.034486789256334305,0.342228502035141,1.8671358823776245,0.041021134704351425,0.7178983092308044,2.68996000289917,-0.21306124329566956,0.36759981513023376,2.6595418453216553,-0.40888553857803345,0.7246633768081665,3.4323620796203613,0.5861203074455261,0.3903343677520752,3.411780595779419,0.13661789894104004,0.729487955570221,3.556859254837036,0.6163575649261475,0.39040306210517883,3.539400339126587,0.15708217024803162,0.6721609234809875,3.6779701709747314,-0.24101226031780243,0.45205560326576233,3.644644021987915,-0.7826033234596252,0.41248058813068905,2
2026-09-24T12:27:42.630589,S012,S012_A5_Y_20260924_1227,elevated_20,A5,young,class_2,0.5680985450744629,0.5310764908790588,-1.8974462747573853,0.5990386605262756,0.42735162377357483,-1.8184623718261719,0.6199985146522522,0.4287397563457489,-1.8190338611602783,0.6403257250785828,0.43123859167099,-1.819319486618042,0.5189012289047241,0.42400917410850525,-1.83804190158844,0.48893508315086365,0.4232321083545685,-1.8379579782485962,0.46270012855529785,0.42640864849090576,-1.8388395309448242,0.6627689003944397,0.47305968403816223,-1.196061372756958,0.42259031534194946,0.4701099991798401,-1.269103765487671,0.6052197813987732,0.6314731240272522,-1.6471576690673828,0.514822244644165,0.6319075226783752,-1.6686677932739258,0.8453480005264282,0.8891581892967224,-0.674313485622406,0.2240135371685028,0.8963740468025208,-0.8064512014389038,0.9711042642593384,1.3697319030761719,-0.5987633466720581,0.11841250956058502,1.483312964439392,-0.6392434239387512,0.9348179697990417,1.7244651317596436,-1.2514389753341675,0.18688710033893585,1.8527473211288452,-1.250627875328064,0.9560092091560364,1.8566925525665283,-1.4337599277496338,0.18505176901817322,1.9973399639129639,-1.4579904079437256,0.9050191640853882,1.831083059310913,-1.551466464996338,0.22975695133209229,1.961484670639038,-1.5752564668655396,0.8825473785400391,1.774836778640747,-1.3288129568099976,0.24481503665447235,1.8989508152008057,-1.3207327127456665,0.7351726293563843,1.8633500337600708,-0.034146834164857864,0.3423864245414734,1.8654406070709229,0.040688272565603256,0.7179921269416809,2.6860578060150146,-0.21025407314300537,0.3680896461009979,2.655465841293335,-0.3907232880592346,0.7251726388931274,3.4279372692108154,0.6055366396903992,0.3924708664417267,3.4043562412261963,0.14380760490894318,0.7299820780754089,3.5527517795562744,0.637153148651123,0.39232754707336426,3.5307395458221436,0.16719934344291687,0.6736518740653992,3.6697402000427246,-0.21982434391975403,0.4550582468509674,3.6354904174804688,-0.7622345685958862,0.4126064517120981,2
2026-09-24T12:27:42.760148,S012,S012_A5_Y_20260924_1227,elevated_20,A5,young,class_2,0.5684667825698853,0.5305945873260498,-1.896596908569336,0.598881185054779,0.4262303411960602,-1.8179681301116943,0.6199161410331726,0.42747724056243896,-1.818530797958374,0.640278160572052,0.42975613474845886,-1.8188228607177734,0.518890917301178,0.4231209456920624,-1.8380670547485352,0.4889675974845886,0.4223397672176361,-1.8379818201065063,0.46267110109329224,0.42542001605033875,-1.8388561010360718,0.6627958416938782,0.4715479016304016,-1.1972278356552124,0.42254114151000977,0.4693203866481781,-1.277011752128601,0.6052567958831787,0.6308982372283936,-1.646776795387268,0.5152362585067749,0.6313635110855103,-1.669161081314087,0.8453493118286133,0.887538731098175,-0.6768935322761536,0.22351479530334473,0.8960448503494263,-0.8176909685134888,0.9709924459457397,1.3701246976852417,-0.5966477990150452,0.11841849237680435,1.482574224472046,-0.6420750021934509,0.935352623462677,1.7252228260040283,-1.2463268041610718,0.18744347989559174,1.8509012460708618,-1.2570645809173584,0.9571805000305176,1.8592132329940796,-1.4275405406951904,0.18621060252189636,1.9953943490982056,-1.464634895324707,0.9059942960739136,1.8359601497650146,-1.5445936918258667,0.23067474365234375,1.9607044458389282,-1.5781134366989136,0.8832238912582397,1.778022050857544,-1.3231604099273682,0.24532552063465118,1.8977999687194824,-1.3260090351104736,0.7353397011756897,1.8631914854049683,-0.03300487622618675,0.34328994154930115,1.8654372692108154,0.039514005184173584,0.7194445133209229,2.6862027645111084,-0.20240095257759094,0.37004008889198303,2.655982255935669,-0.38811054825782776,0.7273635268211365,3.4283034801483154,0.6521462798118591,0.3957800269126892,3.404741048812866,0.19346582889556885,0.7320979237556458,3.5530920028686523,0.6892956495285034,0.39592355489730835,3.531287670135498,0.22077330946922302,0.6766049265861511,3.6702663898468018,-0.1578601896762848,0.45849862694740295,3.6358416080474854,-0.7130566239356995,0.4125023470262408,2
2026-09-24T12:27:42.855188,S012,S012_A5_Y_20260924_1227,elevated_20,A5,young,class_2,0.5688172578811646,0.529761016368866,-1.8895606994628906,0.5988221168518066,0.4254510998725891,-1.808498740196228,0.619810938835144,0.4265788197517395,-1.8091236352920532,0.6400818824768066,0.42871537804603577,-1.8094056844711304,0.5188471674919128,0.42272090911865234,-1.8292791843414307,0.4889981150627136,0.4220644533634186,-1.829214096069336,0.4626474380493164,0.42521628737449646,-1.8301060199737549,0.6625812649726868,0.4707486033439636,-1.1805838346481323,0.4224979281425476,0.46922051906585693,-1.2614504098892212,0.6052564382553101,0.6298925280570984,-1.6372833251953125,0.5157011151313782,0.6307233572006226,-1.6609328985214233,0.8453468084335327,0.8866521120071411,-0.669793426990509,0.2236202508211136,0.8960085511207581,-0.8018875122070312,0.9704350233078003,1.3704969882965088,-0.5967761874198914,0.12238564342260361,1.480552077293396,-0.6495741605758667,0.9354559779167175,1.7270067930221558,-1.2710477113723755,0.1926669329404831,1.8348153829574585,-1.3240498304367065,0.9573962092399597,1.8636137247085571,-1.46100914478302,0.19325289130210876,1.9752161502838135,-1.5441677570343018,0.9060832858085632,1.8401812314987183,-1.5826730728149414,0.23651711642742157,1.9366892576217651,-1.655691146850586,0.8832739591598511,1.7810382843017578,-1.3502066135406494,0.24988313019275665,1.8759161233901978,-1.3949792385101318,0.7353415489196777,1.8634250164031982,-0.03303711861371994,0.34461331367492676,1.8655544519424438,0.03955225273966789,0.7195231318473816,2.6858255863189697,-0.20046904683113098,0.37199467420578003,2.654388427734375,-0.3825955390930176,0.7273722887039185,3.4265944957733154,0.6464830636978149,0.3977122902870178,3.4005472660064697,0.19765165448188782,0.7320923805236816,3.551645040512085,0.6809868812561035,0.3977273404598236,3.5271694660186768,0.22409114241600037,0.6766276359558105,3.666717767715454,-0.16900146007537842,0.46004074811935425,3.6295056343078613,-0.7109107375144958,0.41261127070064313,2
2026-09-24T12:27:42.978547,S012,S012_A5_Y_20260924_1227,elevated_20,A5,young,class_2,0.5692379474639893,0.5293236970901489,-1.875147819519043,0.5987116098403931,0.42506828904151917,-1.7938791513442993,0.6197486519813538,0.4261326193809509,-1.79448664188385,0.6400481462478638,0.4281671345233917,-1.7947595119476318,0.5188530683517456,0.4225512444972992,-1.8158448934555054,0.4891027510166168,0.42197054624557495,-1.8157240152359009,0.46268612146377563,0.4251551330089569,-1.8166042566299438,0.6624966859817505,0.47044292092323303,-1.1737823486328125,0.42245927453041077,0.4691888093948364,-1.2567760944366455,0.6053776741027832,0.6294411420822144,-1.6265535354614258,0.5162962079048157,0.6303092241287231,-1.6514002084732056,0.8453390002250671,0.8865864276885986,-0.6682307124137878,0.22371990978717804,0.895767331123352,-0.80537348985672,0.9695435762405396,1.3734372854232788,-0.5879873633384705,0.12244747579097748,1.4803804159164429,-0.6496373414993286,0.9371468424797058,1.7541829347610474,-1.2706003189086914,0.1924305111169815,1.8361166715621948,-1.2838548421859741,0.9619337320327759,1.8969879150390625,-1.4551212787628174,0.1924750655889511,1.9772493839263916,-1.4965354204177856,0.9089840054512024,1.8811943531036377,-1.5719496011734009,0.23604746162891388,1.941510558128357,-1.6170389652252197,0.8848131895065308,1.8199920654296875,-1.3461376428604126,0.24951688945293427,1.8803961277008057,-1.3568273782730103,0.7354220151901245,1.8635905981063843,-0.031779833137989044,0.345343679189682,1.8657591342926025,0.03827656805515289,0.7195507884025574,2.686063528060913,-0.1472807228565216,0.37254753708839417,2.654711961746216,-0.33559930324554443,0.7273515462875366,3.4268579483032227,0.734272837638855,0.39820393919944763,3.401427984237671,0.29144248366355896,0.7320441603660583,3.5519051551818848,0.7733058333396912,0.3983440697193146,3.5280582904815674,0.32211849093437195,0.6765822172164917,3.6674630641937256,-0.07203979045152664,0.4602069854736328,3.630916118621826,-0.6100466251373291,0.41270141610672884,2
2026-09-24T12:27:43.128860,S012,S012_A5_Y_20260924_1227,elevated_20,A5,young,class_2,0.5716873407363892,0.5265303254127502,-1.8827680349349976,0.5994106531143188,0.4237733483314514,-1.7976715564727783,0.620161235332489,0.42485561966896057,-1.7982959747314453,0.6402968168258667,0.42666518688201904,-1.798584222793579,0.5208963751792908,0.42046239972114563,-1.8229970932006836,0.4904751181602478,0.4194945693016052,-1.8228769302368164,0.4634852409362793,0.42204001545906067,-1.82375967502594,0.6624436974525452,0.4686286747455597,-1.1750229597091675,0.42225462198257446,0.4672904908657074,-1.2691909074783325,0.605841338634491,0.626810610294342,-1.6324535608291626,0.5169683694839478,0.6279968619346619,-1.6618473529815674,0.8452757596969604,0.8863745331764221,-0.6701178550720215,0.2212054431438446,0.8969868421554565,-0.8262441754341125,0.9694460034370422,1.3757669925689697,-0.5942025184631348,0.12214209139347076,1.494554877281189,-0.6568831205368042,0.9346973299980164,1.7686007022857666,-1.2932360172271729,0.1918768733739853,1.8529585599899292,-1.2842402458190918,0.9586249589920044,1.9147007465362549,-1.4896149635314941,0.19211463630199432,1.9938172101974487,-1.4969450235366821,0.9026966094970703,1.8974601030349731,-1.6091960668563843,0.2355031967163086,1.9566947221755981,-1.6175123453140259,0.878799319267273,1.835070252418518,-1.3722518682479858,0.2488899677991867,1.8947848081588745,-1.3569482564926147,0.7356160879135132,1.8651177883148193,-0.03157557174563408,0.34541890025138855,1.8689522743225098,0.03808226436376572,0.7195562124252319,2.6882128715515137,-0.13732948899269104,0.37231606245040894,2.659165859222412,-0.29901307821273804,0.7276759147644043,3.4271867275238037,0.7558556795120239,0.39886513352394104,3.4020841121673584,0.34654930233955383,0.7322801351547241,3.5524330139160156,0.796444296836853,0.3990554213523865,3.528599739074707,0.3792240619659424,0.6785305738449097,3.668032646179199,-0.04898592084646225,0.46180209517478943,3.631920099258423,-0.54786217212677,0.4129431702855403,2
2026-09-24T12:27:43.267421,S012,S012_A5_Y_20260924_1227,elevated_20,A5,young,class_2,0.5720141530036926,0.5266253352165222,-1.8842207193374634,0.5997135639190674,0.424530953168869,-1.7988307476043701,0.620508074760437,0.42580971121788025,-1.7994611263275146,0.6406180262565613,0.4277540147304535,-1.7997219562530518,0.5214337706565857,0.4207151234149933,-1.8236106634140015,0.4911363124847412,0.4196384847164154,-1.8234994411468506,0.4641660749912262,0.4220966100692749,-1.824384331703186,0.6628178954124451,0.4697222113609314,-1.175749659538269,0.42230504751205444,0.46727249026298523,-1.2672040462493896,0.6060076951980591,0.6271152496337891,-1.633148431777954,0.5173017382621765,0.6279917359352112,-1.6619468927383423,0.8454004526138306,0.8878688812255859,-0.6700493693351746,0.22103026509284973,0.8969851136207581,-0.819429874420166,0.969641387462616,1.3781027793884277,-0.6051350831985474,0.12068761885166168,1.4883248805999756,-0.652837336063385,0.9346588850021362,1.7701988220214844,-1.3236192464828491,0.19107623398303986,1.8394320011138916,-1.2880383729934692,0.9581220746040344,1.9158847332000732,-1.523102045059204,0.19178332388401031,1.9783507585525513,-1.5062124729156494,0.902097225189209,1.8966925144195557,-1.6446669101715088,0.23524796962738037,1.9368029832839966,-1.6233737468719482,0.8784762620925903,1.8344982862472534,-1.404650092124939,0.2484581470489502,1.8772149085998535,-1.3604496717453003,0.7345107793807983,1.867961049079895,-0.031571969389915466,0.34493234753608704,1.870542287826538,0.038083456456661224,0.7182050943374634,2.6916210651397705,-0.15702839195728302,0.37199774384498596,2.6605618000030518,-0.3613209128379822,0.7266765832901001,3.4302780628204346,0.6836903691291809,0.3988707661628723,3.403742790222168,0.23319974541664124,0.7312346696853638,3.5557169914245605,0.7160173654556274,0.3990979790687561,3.5300941467285156,0.25890791416168213,0.6776129007339478,3.670395851135254,-0.15067222714424133,0.4618736803531647,3.6339190006256104,-0.6908217668533325,0.41314122750896565,2
2026-09-24T12:27:43.380949,S012,S012_A5_Y_20260924_1227,elevated_20,A5,young,class_2,0.5508092045783997,0.5282766819000244,-1.845532774925232,0.589931845664978,0.4263157248497009,-1.7784786224365234,0.6132357120513916,0.42727452516555786,-1.7789452075958252,0.6354436874389648,0.4290570318698883,-1.7791063785552979,0.5067294836044312,0.42404142022132874,-1.7822967767715454,0.47754669189453125,0.42318400740623474,-1.7819713354110718,0.4533488154411316,0.4250195324420929,-1.7827917337417603,0.663419246673584,0.4700891077518463,-1.1848207712173462,0.4218357503414154,0.4672561585903168,-1.2007051706314087,0.5964584946632385,0.6279203295707703,-1.6117767095565796,0.5038396120071411,0.6294236779212952,-1.6117242574691772,0.8486701846122742,0.8885290622711182,-0.6876291036605835,0.22220250964164734,0.8963354229927063,-0.7584854364395142,0.9695314168930054,1.393131136894226,-0.6280766129493713,0.11333069950342178,1.4643372297286987,-0.5700949430465698,0.9281404614448547,1.7848001718521118,-1.2454521656036377,0.17358452081680298,1.8441402912139893,-1.1540641784667969,0.9497860074043274,1.9304128885269165,-1.4193322658538818,0.16600103676319122,1.9921133518218994,-1.3541066646575928,0.8924081921577454,1.910555124282837,-1.5250475406646729,0.21952030062675476,1.9611672163009644,-1.4616800546646118,0.870481014251709,1.8475996255874634,-1.317297339439392,0.23635514080524445,1.8993780612945557,-1.2226965427398682,0.7343307733535767,1.8760865926742554,-0.04084889963269234,0.3440808355808258,1.872531533241272,0.04774541035294533,0.7147837281227112,2.7038018703460693,-0.23907768726348877,0.36318889260292053,2.6655068397521973,-0.38956117630004883,0.7198283672332764,3.4478254318237305,0.5145114064216614,0.3837989270687103,3.4178292751312256,0.10827304422855377,0.7258044481277466,3.5744943618774414,0.5393676161766052,0.38496214151382446,3.5472488403320312,0.1254080981016159,0.6587868928909302,3.6948015689849854,-0.33816736936569214,0.44169479608535767,3.6526694297790527,-0.8179415464401245,0.41306411952212907,2
2026-09-24T12:27:43.500459,S012,S012_A5_Y_20260924_1227,elevated_20,A5,young,class_2,0.5393937230110168,0.533557116985321,-1.8119747638702393,0.5829797983169556,0.4309004545211792,-1.7513206005096436,0.607632040977478,0.43111956119537354,-1.7517198324203491,0.6308740377426147,0.43199265003204346,-1.7518930435180664,0.4986719489097595,0.42949172854423523,-1.7492306232452393,0.47062578797340393,0.42782026529312134,-1.7488367557525635,0.4477366507053375,0.4284481108188629,-1.749589204788208,0.6634365320205688,0.47019779682159424,-1.182116150856018,0.42171531915664673,0.46705394983291626,-1.1633621454238892,0.5894491672515869,0.6303417086601257,-1.5818337202072144,0.4961210787296295,0.6328664422035217,-1.5745608806610107,0.8503780364990234,0.8893747329711914,-0.6874481439590454,0.22407369315624237,0.8959701061248779,-0.7132583856582642,0.9687203168869019,1.4081190824508667,-0.598930299282074,0.11069519817829132,1.4580729007720947,-0.5259319543838501,0.9229790568351746,1.8018485307693481,-1.090409517288208,0.17267414927482605,1.8394755125045776,-1.115535020828247,0.9422610998153687,1.9491150379180908,-1.2493844032287598,0.16646841168403625,1.9876939058303833,-1.3135528564453125,0.8851916193962097,1.9279571771621704,-1.3562376499176025,0.21972110867500305,1.9579215049743652,-1.4151840209960938,0.8647958636283875,1.8634651899337769,-1.1596883535385132,0.23616857826709747,1.8969454765319824,-1.18185293674469,0.7343207597732544,1.8833192586898804,-0.04857173562049866,0.3441702425479889,1.8769328594207764,0.055574316531419754,0.7149102687835693,2.710616111755371,-0.24889209866523743,0.3633473813533783,2.671738386154175,-0.3839796185493469,0.7199057340621948,3.458831310272217,0.4761850833892822,0.38435032963752747,3.431544780731201,0.0889606922864914,0.7260497212409973,3.585463047027588,0.49961215257644653,0.3854891359806061,3.56325626373291,0.10381495952606201,0.6587173938751221,3.7089524269104004,-0.36816710233688354,0.4410354197025299,3.6660306453704834,-0.8294842839241028,0.41302454917857895,2
2026-09-24T12:27:43.653032,S012,S012_A5_Y_20260924_1227,elevated_20,A5,young,class_2,0.5311269760131836,0.5347513556480408,-1.8695390224456787,0.5764906406402588,0.43287140130996704,-1.808457374572754,0.6022032499313354,0.4333864450454712,-1.8088891506195068,0.6257113814353943,0.43445533514022827,-1.8090425729751587,0.4916878342628479,0.4310306906700134,-1.7947784662246704,0.46462711691856384,0.4291492998600006,-1.7945163249969482,0.4431779980659485,0.4295903742313385,-1.7952922582626343,0.6631885170936584,0.471000999212265,-1.2315754890441895,0.42160338163375854,0.4670194387435913,-1.181269884109497,0.5839475393295288,0.6313177347183228,-1.6354801654815674,0.48888835310935974,0.633844792842865,-1.6124184131622314,0.8513504266738892,0.891447901725769,-0.7286772131919861,0.22663256525993347,0.8957982659339905,-0.7162440419197083,0.9688708186149597,1.4145162105560303,-0.6631410717964172,0.11140366643667221,1.4542392492294312,-0.5448036789894104,0.9212338328361511,1.805471658706665,-1.1626712083816528,0.17291392385959625,1.8299788236618042,-1.1372811794281006,0.9392906427383423,1.95088791847229,-1.316704511642456,0.16684439778327942,1.9773300886154175,-1.3515069484710693,0.8829312324523926,1.9280697107315063,-1.4141075611114502,0.22000829875469208,1.9442065954208374,-1.4214869737625122,0.8628683090209961,1.864040732383728,-1.2257976531982422,0.2363348752260208,1.8846664428710938,-1.2027368545532227,0.7367029786109924,1.8910707235336304,-0.05478881672024727,0.34760043025016785,1.8807069063186646,0.06196282431483269,0.7160197496414185,2.7122042179107666,-0.3397534489631653,0.3635508716106415,2.67059588432312,-0.4446134567260742,0.7223425507545471,3.4582648277282715,0.42123350501060486,0.3846370279788971,3.430945634841919,0.030456140637397766,0.7295911312103271,3.584719657897949,0.44638198614120483,0.38580411672592163,3.562854528427124,0.04422520473599434,0.6603549718856812,3.7075319290161133,-0.43889933824539185,0.4415284991264343,3.665865898132324,-0.8965609669685364,0.4128797429935234,2
2026-09-24T12:27:43.786651,S012,S012_A5_Y_20260924_1227,elevated_20,A5,young,class_2,0.5278222560882568,0.5374396443367004,-1.8695787191390991,0.5740855932235718,0.43568941950798035,-1.8099578619003296,0.6001318693161011,0.43650519847869873,-1.8103582859039307,0.6238428354263306,0.43766480684280396,-1.810498833656311,0.48958641290664673,0.4329124987125397,-1.7951112985610962,0.462942510843277,0.4304649233818054,-1.7947982549667358,0.4417857229709625,0.4304768443107605,-1.7955671548843384,0.6631803512573242,0.47224849462509155,-1.2490290403366089,0.4216391146183014,0.46688753366470337,-1.191218376159668,0.5805257558822632,0.6330190300941467,-1.6372721195220947,0.48576387763023376,0.6354573369026184,-1.615500807762146,0.8523963689804077,0.8931002020835876,-0.7442647218704224,0.22824521362781525,0.8951839208602905,-0.7296639084815979,0.9724524617195129,1.416016936302185,-0.6623966097831726,0.10928672552108765,1.4469119310379028,-0.5470429062843323,0.9227949380874634,1.8130944967269897,-1.1647177934646606,0.15661653876304626,1.845167636871338,-1.125610589981079,0.9411717653274536,1.9608001708984375,-1.3232215642929077,0.14295385777950287,2.0005273818969727,-1.3226573467254639,0.8833789825439453,1.941246509552002,-1.4287878274917603,0.19942094385623932,1.9796711206436157,-1.4251582622528076,0.8635488748550415,1.8762112855911255,-1.2322232723236084,0.21954140067100525,1.9172499179840088,-1.1944859027862549,0.7367498874664307,1.8935209512710571,-0.05535726994276047,0.34746861457824707,1.882043480873108,0.06254588812589645,0.7160792946815491,2.7163331508636475,-0.30864593386650085,0.3632698953151703,2.6720547676086426,-0.43334561586380005,0.7223440408706665,3.461421012878418,0.4509534239768982,0.38388994336128235,3.432385206222534,0.05202866718173027,0.7295974493026733,3.5880446434020996,0.476517915725708,0.38528597354888916,3.564547538757324,0.06785241514444351,0.659369170665741,3.712315082550049,-0.39946994185447693,0.43956178426742554,3.667797327041626,-0.8682500123977661,0.4128007840548834,2
2026-09-24T12:27:43.898835,S012,S012_A5_Y_20260924_1227,elevated_20,A5,young,class_2,0.5277031064033508,0.5378731489181519,-1.8599674701690674,0.572961151599884,0.43597424030303955,-1.8030849695205688,0.599022626876831,0.43660804629325867,-1.8034050464630127,0.6227403283119202,0.43766528367996216,-1.8035112619400024,0.488797128200531,0.43355968594551086,-1.7912919521331787,0.4622398912906647,0.43112248182296753,-1.7909570932388306,0.4411412179470062,0.43108388781547546,-1.7917156219482422,0.6631635427474976,0.4721854031085968,-1.2410399913787842,0.42162615060806274,0.4667888283729553,-1.1966006755828857,0.5798484683036804,0.6333061456680298,-1.631328821182251,0.4860602021217346,0.6358345746994019,-1.6137850284576416,0.8540030717849731,0.8943450450897217,-0.7365678548812866,0.2283649444580078,0.8951777219772339,-0.7341934442520142,0.9722987413406372,1.4183547496795654,-0.6507189869880676,0.10832150280475616,1.4474793672561646,-0.555317759513855,0.9226869344711304,1.8230797052383423,-1.128514289855957,0.1580488532781601,1.8568079471588135,-1.1431447267532349,0.9414119720458984,1.9726378917694092,-1.2864480018615723,0.1465119570493698,2.0121588706970215,-1.3396985530853271,0.8835724592208862,1.9564082622528076,-1.3963948488235474,0.20165424048900604,1.992583990097046,-1.4445546865463257,0.8634937405586243,1.8908041715621948,-1.1979619264602661,0.2208893746137619,1.92954683303833,-1.2106589078903198,0.7375756502151489,1.8932268619537354,-0.05522991344332695,0.34768038988113403,1.8827651739120483,0.06243037059903145,0.7168945074081421,2.7174720764160156,-0.2783152461051941,0.36332428455352783,2.6769020557403564,-0.4060630202293396,0.7252734899520874,3.462348461151123,0.5461291074752808,0.3852521777153015,3.436340093612671,0.12224805355072021,0.733116626739502,3.588703155517578,0.5809882283210754,0.387614369392395,3.567335367202759,0.14497478306293488,0.6630176901817322,3.7148220539093018,-0.2751176953315735,0.4408923089504242,3.673963785171509,-0.7828303575515747,0.4128728716860871,2
2026-09-24T12:27:44.039439,S012,S012_A5_Y_20260924_1227,elevated_20,A5,young,class_2,0.5281566381454468,0.5380707383155823,-1.8661448955535889,0.5726506114006042,0.4359416961669922,-1.8084672689437866,0.5985381007194519,0.43655723333358765,-1.80879807472229,0.6221791505813599,0.4374832212924957,-1.8088979721069336,0.4885254502296448,0.43376317620277405,-1.7984565496444702,0.4618152678012848,0.4313924014568329,-1.7980873584747314,0.44067496061325073,0.4313437044620514,-1.798832654953003,0.6631540656089783,0.47177445888519287,-1.2457857131958008,0.4216129183769226,0.46662580966949463,-1.2003509998321533,0.5796400308609009,0.6333907842636108,-1.6375019550323486,0.4864951968193054,0.6360769271850586,-1.6208670139312744,0.8545732498168945,0.8950755596160889,-0.7454063892364502,0.228644460439682,0.8951108455657959,-0.741253674030304,0.9722830653190613,1.4213470220565796,-0.6545301079750061,0.10846167802810669,1.4483262300491333,-0.5625938773155212,0.9228272438049316,1.8297051191329956,-1.1437348127365112,0.1591845452785492,1.864342451095581,-1.1515100002288818,0.9416860342025757,1.9797160625457764,-1.3092637062072754,0.1488330215215683,2.020773410797119,-1.3498585224151611,0.8840025067329407,1.963534951210022,-1.4217472076416016,0.20309630036354065,2.000889539718628,-1.4580605030059814,0.8637762069702148,1.897636890411377,-1.2157418727874756,0.2218354195356369,1.9369757175445557,-1.2204126119613647,0.7392810583114624,1.892971396446228,-0.054796017706394196,0.34826451539993286,1.882857084274292,0.061961580067873,0.7177138328552246,2.7184622287750244,-0.2710055708885193,0.3633784055709839,2.6777501106262207,-0.4067457318305969,0.7255110144615173,3.4631266593933105,0.5473067760467529,0.38548657298088074,3.4367716312408447,0.12680083513259888,0.7333482503890991,3.589256525039673,0.5836672186851501,0.3877677023410797,3.5674753189086914,0.14878641068935394,0.6631579995155334,3.7167060375213623,-0.2744603753089905,0.44137176871299744,3.675178050994873,-0.7814309000968933,0.41280115890317987,2
2026-09-24T12:27:44.153104,S012,S012_A5_Y_20260924_1227,elevated_20,A5,young,class_2,0.5293160676956177,0.5373489260673523,-1.8328605890274048,0.5729769468307495,0.43459203839302063,-1.770700216293335,0.598726749420166,0.43468067049980164,-1.7710628509521484,0.6222927570343018,0.4354335367679596,-1.7712208032608032,0.48908814787864685,0.43364953994750977,-1.7683531045913696,0.46221408247947693,0.4313863515853882,-1.7679708003997803,0.4408058524131775,0.43140509724617004,-1.7687113285064697,0.6632086038589478,0.4703685939311981,-1.2094395160675049,0.4215293526649475,0.46659791469573975,-1.1836706399917603,0.5799641013145447,0.6329666972160339,-1.604186773300171,0.4870593547821045,0.6358051300048828,-1.5962390899658203,0.8545933961868286,0.8945345282554626,-0.722161591053009,0.22879545390605927,0.8951147198677063,-0.7436800599098206,0.9727345705032349,1.420861005783081,-0.6393975019454956,0.10613416135311127,1.4487899541854858,-0.5657919645309448,0.926104724407196,1.8270102739334106,-1.153326392173767,0.15753336250782013,1.8697547912597656,-1.151932954788208,0.9473101496696472,1.9761617183685303,-1.321863055229187,0.14763040840625763,2.0251026153564453,-1.3499064445495605,0.8886071443557739,1.9590779542922974,-1.4337756633758545,0.20215943455696106,2.0039987564086914,-1.4593740701675415,0.8674893379211426,1.8938499689102173,-1.2258641719818115,0.2207213193178177,1.9408015012741089,-1.2208049297332764,0.7400263547897339,1.8927713632583618,-0.05466121435165405,0.3487468361854553,1.883388638496399,0.06176748126745224,0.7177802324295044,2.71990966796875,-0.21887795627117157,0.36300066113471985,2.682936668395996,-0.3275116980075836,0.725489616394043,3.4662599563598633,0.599392294883728,0.3852705955505371,3.4407923221588135,0.21967589855194092,0.7333170771598816,3.592613697052002,0.6334089636802673,0.38759562373161316,3.5700266361236572,0.24401935935020447,0.6633294820785522,3.718022108078003,-0.22684630751609802,0.44110041856765747,3.680250406265259,-0.6891049742698669,0.4128808259433065,2
2026-09-24T12:27:44.265946,S012,S012_A5_Y_20260924_1227,elevated_20,A5,young,class_2,0.5301604866981506,0.5357741713523865,-1.836474061012268,0.5732358694076538,0.4324149489402771,-1.7729580402374268,0.5988571047782898,0.43209975957870483,-1.7733396291732788,0.6223629117012024,0.4328494966030121,-1.773495078086853,0.48947077989578247,0.43293485045433044,-1.7720180749893188,0.46244296431541443,0.431158185005188,-1.7716890573501587,0.4408731460571289,0.431331992149353,-1.7724546194076538,0.6632329225540161,0.46933186054229736,-1.208777904510498,0.4215003550052643,0.466501384973526,-1.1857597827911377,0.5801954865455627,0.6318112015724182,-1.606117844581604,0.48751258850097656,0.6349372863769531,-1.600372076034546,0.8545894622802734,0.8945348262786865,-0.7217541337013245,0.22977468371391296,0.894929051399231,-0.7392786145210266,0.9730201959609985,1.414879322052002,-0.6631531715393066,0.10620492696762085,1.4494963884353638,-0.569485604763031,0.9266196489334106,1.7728546857833862,-1.2423299551010132,0.1601535826921463,1.858864665031433,-1.1986883878707886,0.9474302530288696,1.9089782238006592,-1.4118702411651611,0.1528066247701645,2.013087511062622,-1.399552822113037,0.8901267051696777,1.8799558877944946,-1.5138862133026123,0.20610705018043518,1.9831123352050781,-1.490773320198059,0.8698107600212097,1.8194042444229126,-1.3110415935516357,0.22329004108905792,1.9198925495147705,-1.261327862739563,0.7402645349502563,1.8941290378570557,-0.05437265709042549,0.34873807430267334,1.88466215133667,0.06145668029785156,0.718349814414978,2.7210357189178467,-0.27581000328063965,0.36328911781311035,2.6835415363311768,-0.41439127922058105,0.7259116768836975,3.46693754196167,0.48231592774391174,0.385265052318573,3.442166566848755,0.07238106429576874,0.7337104082107544,3.5933992862701416,0.507866621017456,0.38726624846458435,3.5720527172088623,0.08751168102025986,0.6634267568588257,3.7187917232513428,-0.36116039752960205,0.4413318634033203,3.681300163269043,-0.8471139073371887,0.4126302870216464,2
2026-09-24T12:27:44.388600,S012,S012_A5_Y_20260924_1227,elevated_20,A5,young,class_2,0.5307787656784058,0.5356673002243042,-1.8327951431274414,0.5734277963638306,0.4320780336856842,-1.769587755203247,0.5988935232162476,0.4315852224826813,-1.7699781656265259,0.6223255395889282,0.43221524357795715,-1.7701371908187866,0.48976975679397583,0.43286219239234924,-1.7699382305145264,0.46265339851379395,0.4311385750770569,-1.7696548700332642,0.4409714639186859,0.4313236176967621,-1.7704451084136963,0.6631163954734802,0.4688282310962677,-1.2080426216125488,0.4214816689491272,0.4664197266101837,-1.188736915588379,0.5804611444473267,0.6316712498664856,-1.6032224893569946,0.4878646433353424,0.6348467469215393,-1.599310278892517,0.8546260595321655,0.8944517374038696,-0.7213453650474548,0.2317875176668167,0.8943520784378052,-0.7407832145690918,0.9756836891174316,1.411916971206665,-0.6454090476036072,0.10625481605529785,1.4469013214111328,-0.5714539885520935,0.931856632232666,1.7748669385910034,-1.1741564273834229,0.1605447232723236,1.8553335666656494,-1.1700254678726196,0.9529458284378052,1.9127476215362549,-1.3312969207763672,0.15330944955348969,2.009230136871338,-1.3619779348373413,0.8965409994125366,1.8858749866485596,-1.4367997646331787,0.20610222220420837,1.9809216260910034,-1.4597724676132202,0.87591952085495,1.8247580528259277,-1.2423547506332397,0.2231830358505249,1.9177495241165161,-1.2340288162231445,0.7405539751052856,1.8940138816833496,-0.05381372570991516,0.34920379519462585,1.8847626447677612,0.06085438281297684,0.7201534509658813,2.7209882736206055,-0.26414021849632263,0.3669917583465576,2.683485746383667,-0.39669880270957947,0.7279196977615356,3.4668304920196533,0.5021482706069946,0.3882816433906555,3.441929578781128,0.08189604431390762,0.7357105016708374,3.593228816986084,0.529778242111206,0.3898855149745941,3.571746349334717,0.10008120536804199,0.6656205654144287,3.7185416221618652,-0.35623687505722046,0.4434519410133362,3.6810412406921387,-0.8199394345283508,0.412396865405533,2
2026-09-24T12:27:44.496707,S012,S012_A5_Y_20260924_1227,elevated_20,A5,young,class_2,0.5311747193336487,0.5356555581092834,-1.834424376487732,0.5735166072845459,0.4320589005947113,-1.7748205661773682,0.598807692527771,0.4315224885940552,-1.7751491069793701,0.6221231818199158,0.4321081042289734,-1.7752882242202759,0.4899585247039795,0.4328438937664032,-1.7777369022369385,0.4627600610256195,0.4311700165271759,-1.7774536609649658,0.4410044252872467,0.43139204382896423,-1.778232216835022,0.6629104018211365,0.4687851667404175,-1.220956563949585,0.42146068811416626,0.46641457080841064,-1.219383716583252,0.5805766582489014,0.6316713094711304,-1.6070005893707275,0.48815178871154785,0.6348222494125366,-1.6062629222869873,0.8537882566452026,0.8936530947685242,-0.7212608456611633,0.2320016324520111,0.892785370349884,-0.791221022605896,0.9746171236038208,1.4059855937957764,-0.6022433042526245,0.10572510957717896,1.4416422843933105,-0.5889614820480347,0.9294043779373169,1.773589015007019,-1.0765445232391357,0.15897849202156067,1.8557533025741577,-1.1430295705795288,0.9501456022262573,1.9127389192581177,-1.2186610698699951,0.14977598190307617,2.010207176208496,-1.324472188949585,0.8941459655761719,1.8884828090667725,-1.326522946357727,0.20339861512184143,1.9864201545715332,-1.4260178804397583,0.8736736178398132,1.826798677444458,-1.1441733837127686,0.22130291163921356,1.9222255945205688,-1.2063485383987427,0.7362766861915588,1.8859848976135254,-0.04784463346004486,0.3452247679233551,1.8767828941345215,0.05471683293581009,0.7170615792274475,2.711101770401001,-0.20539894700050354,0.3656648099422455,2.6744253635406494,-0.3734431862831116,0.7247015237808228,3.4583892822265625,0.5411866307258606,0.3873719573020935,3.431919813156128,0.11070007085800171,0.7321364879608154,3.585045576095581,0.5683709979057312,0.38890960812568665,3.5616445541381836,0.12908264994621277,0.6625528931617737,3.710174798965454,-0.2806934416294098,0.4423066973686218,3.6693522930145264,-0.7753594517707825,0.41212280580922117,2
2026-09-24T12:27:44.621247,S012,S012_A5_Y_20260924_1227,elevated_20,A5,young,class_2,0.5308231115341187,0.5353893637657166,-1.8360000848770142,0.5730732679367065,0.43152469396591187,-1.7752447128295898,0.5982542037963867,0.43081921339035034,-1.7755721807479858,0.6212915182113647,0.4312925338745117,-1.7756996154785156,0.48937052488327026,0.43241527676582336,-1.7782647609710693,0.4622046947479248,0.43085595965385437,-1.777971863746643,0.44063448905944824,0.4311140477657318,-1.778748869895935,0.6623073220252991,0.4683002531528473,-1.2185474634170532,0.42125043272972107,0.46605196595191956,-1.215877652168274,0.5801815986633301,0.631611704826355,-1.6070524454116821,0.4878208041191101,0.6344869136810303,-1.6066484451293945,0.8537725210189819,0.8960514068603516,-0.7180741429328918,0.2317633181810379,0.8918627500534058,-0.7900458574295044,0.9731535911560059,1.4094082117080688,-0.5975438952445984,0.10486848652362823,1.4405819177627563,-0.5855679512023926,0.9256501197814941,1.7808276414871216,-1.097123622894287,0.15928523242473602,1.8490368127822876,-1.1444066762924194,0.9446766972541809,1.9214873313903809,-1.2501449584960938,0.1502240002155304,2.0020368099212646,-1.332529067993164,0.88866126537323,1.8966385126113892,-1.3570014238357544,0.20361974835395813,1.9776532649993896,-1.4328553676605225,0.8688583374023438,1.8331540822982788,-1.1659588813781738,0.22152146697044373,1.9138740301132202,-1.208268404006958,0.7319803833961487,1.8867647647857666,-0.04788549244403839,0.3401094675064087,1.877063512802124,0.05477074906229973,0.7115808725357056,2.712141752243042,-0.20666053891181946,0.3606697618961334,2.6751441955566406,-0.3735033869743347,0.7169007062911987,3.4590697288513184,0.5459969639778137,0.3807559609413147,3.4326109886169434,0.12073713541030884,0.7241743803024292,3.5854220390319824,0.5745114684104919,0.38224464654922485,3.562546730041504,0.14077317714691162,0.6521519422531128,3.71248459815979,-0.2778245508670807,0.4344106614589691,3.670175790786743,-0.7715306282043457,0.4118683745248497,2
2026-09-24T12:27:44.750926,S012,S012_A5_Y_20260924_1227,elevated_20,A5,young,class_2,0.531060516834259,0.5351915955543518,-1.7882235050201416,0.5731402039527893,0.4313867390155792,-1.72482168674469,0.5981945991516113,0.4306080639362335,-1.7251756191253662,0.6210848689079285,0.4310148358345032,-1.7253259420394897,0.4894940257072449,0.43214577436447144,-1.7298637628555298,0.4622976779937744,0.43058842420578003,-1.7293872833251953,0.4406816363334656,0.430829256772995,-1.7300993204116821,0.6618067026138306,0.46802520751953125,-1.162155032157898,0.42114394903182983,0.4657334089279175,-1.1651577949523926,0.5802720189094543,0.6316048502922058,-1.5580217838287354,0.48797139525413513,0.6342732906341553,-1.5597296953201294,0.8534725308418274,0.8982205986976624,-0.6712310314178467,0.22942347824573517,0.892051100730896,-0.757866382598877,0.9700897336006165,1.4148547649383545,-0.561194896697998,0.10454722493886948,1.441456913948059,-0.5501187443733215,0.9236604571342468,1.7992497682571411,-1.0893030166625977,0.15898311138153076,1.852152705192566,-1.1154459714889526,0.9435532689094543,1.9435057640075684,-1.2526891231536865,0.14953796565532684,2.0046732425689697,-1.3093887567520142,0.8865714073181152,1.920854091644287,-1.3610947132110596,0.20351970195770264,1.9804116487503052,-1.417589783668518,0.8660751581192017,1.8569563627243042,-1.1609126329421997,0.22155460715293884,1.9170666933059692,-1.1831210851669312,0.7264515161514282,1.8872275352478027,-0.04802422225475311,0.3340824842453003,1.87716805934906,0.054913513362407684,0.7024722695350647,2.714332342147827,-0.1761646717786789,0.3481600880622864,2.6785929203033447,-0.2826111912727356,0.7055209875106812,3.4619381427764893,0.6142554879188538,0.37198758125305176,3.4333882331848145,0.25933659076690674,0.7125186324119568,3.588350534439087,0.6455841660499573,0.374210000038147,3.5625903606414795,0.28423386812210083,0.6408496499061584,3.7137563228607178,-0.20872843265533447,0.42735180258750916,3.671921730041504,-0.6391751170158386,0.41207005984214257,2
2026-09-24T12:27:44.873411,S012,S012_A5_Y_20260924_1227,elevated_20,A5,young,class_2,0.5310490131378174,0.5353650450706482,-1.761871337890625,0.5729569792747498,0.4317263662815094,-1.701048493385315,0.597870945930481,0.4309183657169342,-1.7014700174331665,0.6205297708511353,0.43125542998313904,-1.7016594409942627,0.48946675658226013,0.4322279691696167,-1.70122492313385,0.4622727036476135,0.43061670660972595,-1.7006523609161377,0.4406265318393707,0.4308362603187561,-1.7013696432113647,0.6614952683448792,0.468028724193573,-1.143358826637268,0.42098483443260193,0.46550217270851135,-1.1219944953918457,0.5799775123596191,0.6316961050033569,-1.5331079959869385,0.48775553703308105,0.6342548727989197,-1.52814519405365,0.8530756831169128,0.8983633518218994,-0.6583428978919983,0.22882334887981415,0.8914498090744019,-0.7089099884033203,0.9668558835983276,1.417912244796753,-0.5623824596405029,0.1023072749376297,1.4383655786514282,-0.5117141008377075,0.9206554293632507,1.8115960359573364,-1.0911706686019897,0.1505029946565628,1.854478359222412,-1.0899879932403564,0.9417012929916382,1.959533929824829,-1.2590320110321045,0.13646961748600006,2.009443998336792,-1.285247802734375,0.8834064602851868,1.9390959739685059,-1.3668830394744873,0.19447022676467896,1.9883267879486084,-1.4008886814117432,0.8622139692306519,1.8745384216308594,-1.1628817319869995,0.21441121399402618,1.9247938394546509,-1.16152024269104,0.7215977311134338,1.88895845413208,-0.05143432691693306,0.32888203859329224,1.8772801160812378,0.05839129164814949,0.6923285126686096,2.7179229259490967,-0.1838899701833725,0.3355562090873718,2.6803483963012695,-0.26748019456863403,0.687391459941864,3.46429181098938,0.6197741627693176,0.35106146335601807,3.4350085258483887,0.2882215976715088,0.6936191916465759,3.5903310775756836,0.6527573466300964,0.35267120599746704,3.5640790462493896,0.3148508667945862,0.6178163290023804,3.7166457176208496,-0.20354792475700378,0.40307483077049255,3.674309015274048,-0.611625611782074,0.4123600263934129,2
2026-09-24T12:27:45.000666,S012,S012_A5_Y_20260924_1227,elevated_20,A5,young,class_2,0.5310670733451843,0.5355387926101685,-1.7767431735992432,0.5728722214698792,0.43228599429130554,-1.7146087884902954,0.5977251529693604,0.43152719736099243,-1.7150226831436157,0.6202736496925354,0.43182164430618286,-1.7152035236358643,0.48936691880226135,0.4323395788669586,-1.7160758972167969,0.4620988965034485,0.4306519329547882,-1.71559739112854,0.4404543340206146,0.4308423101902008,-1.716339349746704,0.6611381769180298,0.4682178497314453,-1.1528704166412354,0.42053064703941345,0.46541354060173035,-1.1376702785491943,0.5798109769821167,0.6320177316665649,-1.5464189052581787,0.48748382925987244,0.6342675685882568,-1.543607473373413,0.8529985547065735,0.9008906483650208,-0.662869930267334,0.22678640484809875,0.8917002081871033,-0.7153210639953613,0.9710147976875305,1.419700264930725,-0.5741642713546753,0.10028362274169922,1.4441351890563965,-0.5162992477416992,0.9240754842758179,1.8150755167007446,-1.1022177934646606,0.15091657638549805,1.8552114963531494,-1.0994378328323364,0.9457680583000183,1.9637926816940308,-1.271804928779602,0.13825009763240814,2.009761333465576,-1.2944462299346924,0.8854833841323853,1.943625569343567,-1.3712239265441895,0.19760820269584656,1.9877604246139526,-1.4038047790527344,0.8642483949661255,1.878882884979248,-1.1707711219787598,0.21651096642017365,1.9243297576904297,-1.1681568622589111,0.7219138145446777,1.8969852924346924,-0.05303962901234627,0.3279149830341339,1.8867220878601074,0.060048658400774,0.6936657428741455,2.7288546562194824,-0.18787215650081635,0.33715513348579407,2.6941895484924316,-0.28689324855804443,0.6903733611106873,3.473356008529663,0.6254867315292358,0.3540663719177246,3.447978973388672,0.2714203894138336,0.6966765522956848,3.5992023944854736,0.6597444415092468,0.3556866943836212,3.5771899223327637,0.2979270815849304,0.6225845813751221,3.729182720184326,-0.2024027556180954,0.40701621770858765,3.6894984245300293,-0.6355845928192139,0.4123720704253973,2
2026-09-24T12:27:45.141266,S012,S012_A5_Y_20260924_1227,elevated_20,A5,young,class_2,0.5311622619628906,0.5354019403457642,-1.694549560546875,0.5728746652603149,0.43219220638275146,-1.6289335489273071,0.5976613163948059,0.43145790696144104,-1.6293060779571533,0.6201433539390564,0.4317840337753296,-1.6294400691986084,0.4893641471862793,0.43214043974876404,-1.6325775384902954,0.462076336145401,0.43049293756484985,-1.6318638324737549,0.44041842222213745,0.4307090938091278,-1.6325538158416748,0.660975456237793,0.4683428108692169,-1.0718743801116943,0.4204491078853607,0.46537989377975464,-1.0635408163070679,0.5798189043998718,0.6320511698722839,-1.4682263135910034,0.487488329410553,0.6341722011566162,-1.467482566833496,0.8527811765670776,0.9034320116043091,-0.6077306270599365,0.2260400950908661,0.8919667601585388,-0.6827123165130615,0.9671350717544556,1.4278041124343872,-0.506549060344696,0.09852845966815948,1.4445880651474,-0.49244141578674316,0.917388916015625,1.8287217617034912,-0.9942246675491333,0.1514481008052826,1.8570187091827393,-1.060998797416687,0.9395145177841187,1.9787541627883911,-1.155251383781433,0.13937422633171082,2.0122196674346924,-1.2547398805618286,0.8784821629524231,1.9609955549240112,-1.2535253763198853,0.19788187742233276,1.9903305768966675,-1.3637266159057617,0.8571754693984985,1.895848035812378,-1.0630426406860352,0.21674147248268127,1.9267603158950806,-1.1297180652618408,0.7212974429130554,1.8995474576950073,-0.05436445400118828,0.3251335024833679,1.8893160820007324,0.061464566737413406,0.6939877271652222,2.730700969696045,-0.17030905187129974,0.3354625403881073,2.698702573776245,-0.2215765416622162,0.6906499862670898,3.474781036376953,0.6737310886383057,0.3532242476940155,3.449495553970337,0.36251792311668396,0.6971754431724548,3.600444793701172,0.7109379172325134,0.35496842861175537,3.578115224838257,0.39300546050071716,0.6218710541725159,3.73028826713562,-0.1465843915939331,0.40716809034347534,3.6905839443206787,-0.535412073135376,0.41221138541677094,2
2026-09-24T12:27:45.249330,S012,S012_A5_Y_20260924_1227,elevated_20,A5,young,class_2,0.5312406420707703,0.5350852608680725,-1.7354577779769897,0.5728570818901062,0.431781142950058,-1.671731948852539,0.5975911021232605,0.43094104528427124,-1.6720727682113647,0.6200119853019714,0.4312233328819275,-1.6723207235336304,0.48927196860313416,0.43186789751052856,-1.6735957860946655,0.46198397874832153,0.43033865094184875,-1.6729364395141602,0.4403560757637024,0.4306199848651886,-1.6735872030258179,0.6609246730804443,0.4680689573287964,-1.1184289455413818,0.4204292297363281,0.46535524725914,-1.1032450199127197,0.5798612236976624,0.6318952441215515,-1.5092579126358032,0.48751965165138245,0.6338567137718201,-1.5065295696258545,0.8530332446098328,0.9036207795143127,-0.6338897943496704,0.22620296478271484,0.8917808532714844,-0.7031602263450623,0.9694249033927917,1.4273828268051147,-0.5254963040351868,0.09757500141859055,1.4430782794952393,-0.501670241355896,0.9204996824264526,1.8307958841323853,-1.0282412767410278,0.15401189029216766,1.8522281646728516,-1.0724109411239624,0.9427546262741089,1.9812818765640259,-1.1868395805358887,0.1449553370475769,2.0059332847595215,-1.263276219367981,0.8811568021774292,1.9649196863174438,-1.2905393838882446,0.20356306433677673,1.9845879077911377,-1.369245171546936,0.8598963022232056,1.8989472389221191,-1.0974955558776855,0.220513254404068,1.9214093685150146,-1.1394140720367432,0.7213584184646606,1.8994922637939453,-0.05423904210329056,0.3254906237125397,1.8892264366149902,0.06132088229060173,0.6943708658218384,2.731243133544922,-0.1850721836090088,0.3360104560852051,2.6990294456481934,-0.23588331043720245,0.6915113925933838,3.4755780696868896,0.661187469959259,0.35392388701438904,3.452998399734497,0.3510703444480896,0.6981253027915955,3.6010231971740723,0.6946156024932861,0.35555189847946167,3.5827317237854004,0.37708523869514465,0.623389720916748,3.732243061065674,-0.16532403230667114,0.4088866114616394,3.6938211917877197,-0.5389865636825562,0.4119360450363963,2
2026-09-24T12:27:45.364890,S012,S012_A5_Y_20260924_1227,elevated_20,A5,young,class_2,0.5313670635223389,0.5368648767471313,-1.7440541982650757,0.5729060173034668,0.43354976177215576,-1.6826118230819702,0.5976371169090271,0.4325099289417267,-1.6828720569610596,0.6200963258743286,0.4325222074985504,-1.6831861734390259,0.48929348587989807,0.43377596139907837,-1.6848357915878296,0.46199679374694824,0.432170033454895,-1.6841951608657837,0.4403632581233978,0.4325171709060669,-1.6848561763763428,0.6609382629394531,0.4686821401119232,-1.12931227684021,0.42040401697158813,0.46651139855384827,-1.117710828781128,0.5801075100898743,0.6330874562263489,-1.5168629884719849,0.48765259981155396,0.6355366110801697,-1.514697790145874,0.8529683947563171,0.9045175313949585,-0.6408979296684265,0.22639700770378113,0.8917567133903503,-0.7178237438201904,0.9688370823860168,1.4302009344100952,-0.5345314741134644,0.09273070096969604,1.442806601524353,-0.5033708810806274,0.920270562171936,1.8327429294586182,-1.0406885147094727,0.15318509936332703,1.8528512716293335,-1.0799639225006104,0.9422637224197388,1.9821410179138184,-1.198552131652832,0.14465327560901642,2.006455898284912,-1.2703068256378174,0.8810739517211914,1.964898705482483,-1.304521918296814,0.2033521682024002,1.9854720830917358,-1.3747507333755493,0.859946608543396,1.8990281820297241,-1.1107048988342285,0.2201523780822754,1.9223822355270386,-1.1460559368133545,0.719789981842041,1.9002197980880737,-0.052374742925167084,0.3248879015445709,1.8894206285476685,0.059394679963588715,0.693175733089447,2.7325172424316406,-0.18112680315971375,0.3359895348548889,2.699303150177002,-0.24768908321857452,0.6911675333976746,3.4775683879852295,0.6499893665313721,0.35475948452949524,3.4537193775177,0.33883100748062134,0.6976301074028015,3.603327989578247,0.6836041808128357,0.3564987778663635,3.5831263065338135,0.36288559436798096,0.6243915557861328,3.7326269149780273,-0.1771577000617981,0.40937668085098267,3.6940531730651855,-0.5497804284095764,0.4118812081801342,2
2026-09-24T12:27:45.488452,S012,S012_A5_Y_20260924_1227,elevated_20,A5,young,class_2,0.5314075350761414,0.5379818677902222,-1.7566782236099243,0.5729158520698547,0.4343671500682831,-1.6941837072372437,0.5976396799087524,0.4330053925514221,-1.6944830417633057,0.620097279548645,0.43272075057029724,-1.6947414875030518,0.48931050300598145,0.43538907170295715,-1.6956756114959717,0.46201252937316895,0.43389222025871277,-1.6951401233673096,0.4403590261936188,0.4344680905342102,-1.6958630084991455,0.6609291434288025,0.468655526638031,-1.1366182565689087,0.42037433385849,0.46729806065559387,-1.1339349746704102,0.5803288817405701,0.6333283185958862,-1.528023362159729,0.4879116415977478,0.6364012360572815,-1.5245393514633179,0.8529731631278992,0.9044992327690125,-0.6445247530937195,0.22634896636009216,0.8924604654312134,-0.7603383660316467,0.966936469078064,1.4303494691848755,-0.509790301322937,0.09020300209522247,1.4454342126846313,-0.5475963354110718,0.9184376001358032,1.8380401134490967,-0.974749743938446,0.15327611565589905,1.8586957454681396,-1.0819613933563232,0.9403215646743774,1.9875986576080322,-1.1171152591705322,0.14515885710716248,2.0113327503204346,-1.2653193473815918,0.879430890083313,1.9729324579238892,-1.2206922769546509,0.20417256653308868,1.992238998413086,-1.3652164936065674,0.8585789799690247,1.9072917699813843,-1.0430715084075928,0.22053878009319305,1.9289066791534424,-1.1454626321792603,0.7197774648666382,1.8981478214263916,-0.0483834370970726,0.3247761130332947,1.888521432876587,0.055319659411907196,0.6936735510826111,2.7318131923675537,-0.16308090090751648,0.3366561532020569,2.6998627185821533,-0.23740413784980774,0.6919738054275513,3.477534770965576,0.6605771780014038,0.35490065813064575,3.4542272090911865,0.31669721007347107,0.6983419060707092,3.6032705307006836,0.6952147483825684,0.35714060068130493,3.583017110824585,0.340911328792572,0.6254200339317322,3.732379674911499,-0.15311536192893982,0.4099459648132324,3.6947648525238037,-0.5798801779747009,0.41162457064175134,2
2026-09-24T12:27:45.627956,S012,S012_A5_Y_20260924_1227,elevated_20,A5,young,class_2,0.5314712524414062,0.5382581949234009,-1.700421690940857,0.5729073286056519,0.4347456991672516,-1.638330101966858,0.5976305603981018,0.4333004653453827,-1.6386616230010986,0.6200846433639526,0.4329175055027008,-1.638875961303711,0.4892829954624176,0.43584221601486206,-1.640066385269165,0.4619780480861664,0.43433958292007446,-1.6393320560455322,0.4403110146522522,0.43494904041290283,-1.6399917602539062,0.6609464287757874,0.46865957975387573,-1.087694764137268,0.42033737897872925,0.467398077249527,-1.0741474628448486,0.5803764462471008,0.633452296257019,-1.4748423099517822,0.4879588186740875,0.6364613771438599,-1.4714717864990234,0.852996826171875,0.9044922590255737,-0.6113744974136353,0.22649598121643066,0.8924700021743774,-0.6967432498931885,0.9656391143798828,1.4316836595535278,-0.47886839509010315,0.09032290428876877,1.4453397989273071,-0.49963751435279846,0.9130104780197144,1.8390506505966187,-0.9255679249763489,0.15449458360671997,1.8584461212158203,-1.0395499467849731,0.933554470539093,1.9887205362319946,-1.0757508277893066,0.1465500295162201,2.011284589767456,-1.2263157367706299,0.8734620213508606,1.973392128944397,-1.1747705936431885,0.20604033768177032,1.9920589923858643,-1.3308846950531006,0.853107750415802,1.907760500907898,-0.9928354024887085,0.2220848798751831,1.9287906885147095,-1.1056681871414185,0.7198522090911865,1.8982391357421875,-0.05073331668972969,0.32490524649620056,1.8885613679885864,0.057763539254665375,0.6937581300735474,2.7316300868988037,-0.15446701645851135,0.33713775873184204,2.6998720169067383,-0.21207685768604279,0.692692220211029,3.4772255420684814,0.6680136919021606,0.3556428551673889,3.4541008472442627,0.34698373079299927,0.6990934610366821,3.6028738021850586,0.703032374382019,0.3578633666038513,3.5828630924224854,0.37438035011291504,0.6260876059532166,3.73210072517395,-0.14713497459888458,0.410264253616333,3.69437313079834,-0.5486553907394409,0.4113787732408541,2
2026-09-24T12:27:45.783684,S012,S012_A5_Y_20260924_1227,elevated_20,A5,young,class_2,0.5315229296684265,0.5409277081489563,-1.6932942867279053,0.5729356408119202,0.4374656081199646,-1.6317451000213623,0.5976787805557251,0.4361957013607025,-1.6320257186889648,0.6201847195625305,0.43576812744140625,-1.6322532892227173,0.48929542303085327,0.4384163022041321,-1.6363115310668945,0.46198782324790955,0.43682485818862915,-1.6356405019760132,0.44029808044433594,0.43751248717308044,-1.6362327337265015,0.6610387563705444,0.47001591324806213,-1.0825157165527344,0.4199841618537903,0.46932506561279297,-1.0786447525024414,0.5804628133773804,0.6355254054069519,-1.467807650566101,0.4879992604255676,0.6390291452407837,-1.4679518938064575,0.8530285954475403,0.9044854640960693,-0.6056292057037354,0.22653193771839142,0.8929839730262756,-0.6933492422103882,0.9631279110908508,1.4316233396530151,-0.4710708558559418,0.10132347047328949,1.4477293491363525,-0.4941343665122986,0.9062359929084778,1.8388988971710205,-0.921258807182312,0.16977766156196594,1.846495509147644,-1.0320401191711426,0.9263706207275391,1.9881387948989868,-1.0709240436553955,0.1624240130186081,1.99184250831604,-1.2195309400558472,0.86620032787323,1.9729729890823364,-1.175054669380188,0.21795859932899475,1.9688116312026978,-1.3241007328033447,0.8460427522659302,1.9075905084609985,-0.9900087118148804,0.23313073813915253,1.906840443611145,-1.097738265991211,0.7207909822463989,1.8919504880905151,-0.04948853701353073,0.32737666368484497,1.885075330734253,0.0565536729991436,0.695938229560852,2.7207207679748535,-0.15872909128665924,0.3407517075538635,2.694063663482666,-0.2165057361125946,0.6971614360809326,3.47188663482666,0.5631768107414246,0.3623763620853424,3.4517626762390137,0.20269259810447693,0.7047011256217957,3.5984625816345215,0.5879933834075928,0.3648235499858856,3.5811493396759033,0.2155919373035431,0.6296774744987488,3.7233643531799316,-0.25492507219314575,0.4169039726257324,3.6893703937530518,-0.6968957185745239,0.41139731344501895,2
2026-09-24T12:27:45.927783,S012,S012_A5_Y_20260924_1227,elevated_20,A5,young,class_2,0.5309838652610779,0.5421416163444519,-1.7087045907974243,0.5726557970046997,0.4388221800327301,-1.6475836038589478,0.5975345969200134,0.43808016180992126,-1.6478923559188843,0.6200263500213623,0.43805259466171265,-1.648109793663025,0.48916253447532654,0.43903642892837524,-1.6519873142242432,0.4619106352329254,0.4372149705886841,-1.6513621807098389,0.4402564465999603,0.43776100873947144,-1.6519931554794312,0.660995364189148,0.4714793264865875,-1.094939947128296,0.41971510648727417,0.4693380892276764,-1.0913423299789429,0.580186665058136,0.6369602680206299,-1.4815003871917725,0.48716920614242554,0.6398956775665283,-1.4818555116653442,0.8529227375984192,0.9034614562988281,-0.6096727848052979,0.22623459994792938,0.8929884433746338,-0.6968093514442444,0.9605871438980103,1.4253853559494019,-0.4701975882053375,0.10430912673473358,1.4448468685150146,-0.49308738112449646,0.9057635068893433,1.8276500701904297,-0.9366623163223267,0.16966263949871063,1.8397769927978516,-1.0385286808013916,0.925942063331604,1.976035237312317,-1.0895826816558838,0.16226832568645477,1.9852415323257446,-1.2285288572311401,0.8664790391921997,1.9607142210006714,-1.1979954242706299,0.21781158447265625,1.9630217552185059,-1.3353240489959717,0.8462111353874207,1.8956061601638794,-1.0074090957641602,0.23301050066947937,1.9012162685394287,-1.10567307472229,0.7202646732330322,1.8831706047058105,-0.04882416874170303,0.3274429440498352,1.8766342401504517,0.05589527636766434,0.6962141394615173,2.7086286544799805,-0.16169092059135437,0.340850830078125,2.6809256076812744,-0.23249571025371552,0.6973969340324402,3.4619181156158447,0.5397716760635376,0.36412513256073,3.440821409225464,0.1756630390882492,0.7049663066864014,3.5892653465270996,0.5636357069015503,0.36682334542274475,3.5710489749908447,0.18972235918045044,0.6298806667327881,3.710261821746826,-0.28286585211753845,0.4195638597011566,3.6739184856414795,-0.7259968519210815,0.41165411673577956,2
2026-09-24T12:27:46.084752,S012,S012_A5_Y_20260924_1227,elevated_20,A5,young,class_2,0.5302824378013611,0.5423166155815125,-1.745239019393921,0.5716480016708374,0.4389389455318451,-1.6865876913070679,0.5968371629714966,0.43823641538619995,-1.6870052814483643,0.6191613674163818,0.4382137954235077,-1.687309980392456,0.48852524161338806,0.4390376806259155,-1.685814619064331,0.4613894820213318,0.43719565868377686,-1.685377836227417,0.4399934709072113,0.4376901090145111,-1.6860452890396118,0.6605762243270874,0.4714462161064148,-1.1278291940689087,0.41917553544044495,0.46877196431159973,-1.1020307540893555,0.5797412991523743,0.6373901963233948,-1.5133095979690552,0.48631367087364197,0.640010416507721,-1.507151484489441,0.8529179692268372,0.9020397663116455,-0.6189460754394531,0.22591254115104675,0.8930161595344543,-0.6901684403419495,0.9640274047851562,1.4120707511901855,-0.5023523569107056,0.10560008138418198,1.4443365335464478,-0.49772024154663086,0.910296618938446,1.798828125,-1.0177171230316162,0.17343918979167938,1.8148174285888672,-1.1281137466430664,0.9301935434341431,1.9431343078613281,-1.1845486164093018,0.16775797307491302,1.9552747011184692,-1.3385798931121826,0.8718012571334839,1.9226619005203247,-1.3017243146896362,0.22276394069194794,1.9225865602493286,-1.4434179067611694,0.8515512347221375,1.8596152067184448,-1.0922157764434814,0.23729026317596436,1.8634135723114014,-1.1969289779663086,0.7204262018203735,1.8801524639129639,-0.04880061000585556,0.32887572050094604,1.8743075132369995,0.055874355137348175,0.6991215944290161,2.7056353092193604,-0.20359322428703308,0.346554696559906,2.675446033477783,-0.3580004870891571,0.7037875652313232,3.458906650543213,0.4710884690284729,0.37233489751815796,3.4392716884613037,0.05266011878848076,0.7115857005119324,3.5863587856292725,0.4914487898349762,0.37527769804000854,3.5702545642852783,0.06253843009471893,0.6364706754684448,3.706929922103882,-0.372452050447464,0.42941194772720337,3.671844959259033,-0.8715417981147766,0.411906287356308,2
2026-09-24T12:27:46.277439,S012,S012_A5_Y_20260924_1227,elevated_20,A5,young,class_2,0.530144214630127,0.5424004793167114,-1.7901735305786133,0.571231484413147,0.4390033781528473,-1.729772925376892,0.5965145826339722,0.4383275806903839,-1.7301725149154663,0.6188117265701294,0.43830251693725586,-1.730393648147583,0.48840928077697754,0.43905481696128845,-1.7298638820648193,0.46126413345336914,0.4371936619281769,-1.729442834854126,0.43988290429115295,0.43768471479415894,-1.7300939559936523,0.6602462530136108,0.47127631306648254,-1.154382586479187,0.41837278008461,0.4685288965702057,-1.1331809759140015,0.5796549916267395,0.6376197338104248,-1.5516750812530518,0.48627400398254395,0.6401786208152771,-1.5473188161849976,0.85264652967453,0.9000358581542969,-0.6330966353416443,0.22577004134655,0.8930219411849976,-0.693575918674469,0.9638880491256714,1.4067376852035522,-0.5220962166786194,0.10570476204156876,1.438257098197937,-0.5143278241157532,0.9103420376777649,1.7940232753753662,-1.0671591758728027,0.17319445312023163,1.7896010875701904,-1.2002629041671753,0.9303820729255676,1.939238429069519,-1.2395731210708618,0.1674443632364273,1.927533745765686,-1.4185174703598022,0.8718544840812683,1.916745662689209,-1.360932469367981,0.2225033938884735,1.8898693323135376,-1.5251611471176147,0.8516386151313782,1.853909969329834,-1.1438654661178589,0.2371225357055664,1.8328768014907837,-1.2712215185165405,0.720495343208313,1.8739049434661865,-0.04878116026520729,0.32954859733581543,1.8675051927566528,0.05585898086428642,0.6992010474205017,2.702652931213379,-0.26284533739089966,0.347752183675766,2.6698007583618164,-0.40184593200683594,0.7038351893424988,3.4569075107574463,0.45636647939682007,0.37276649475097656,3.437051296234131,0.039829399436712265,0.7115455865859985,3.583601951599121,0.47955989837646484,0.37567245960235596,3.568016767501831,0.051789749413728714,0.636573851108551,3.7058491706848145,-0.39702677726745605,0.4297853410243988,3.6706061363220215,-0.8972175717353821,0.41253582404643757,2
2026-09-24T12:27:46.431682,S012,S012_A5_Y_20260924_1227,elevated_20,A5,young,class_2,0.5301569700241089,0.5418360829353333,-1.7960773706436157,0.5711791515350342,0.43873924016952515,-1.7349092960357666,0.5964581966400146,0.4380277395248413,-1.7352402210235596,0.6187586188316345,0.4379802644252777,-1.7354081869125366,0.4884786605834961,0.4390045702457428,-1.7366329431533813,0.461296409368515,0.43718022108078003,-1.736145257949829,0.4398789405822754,0.4376876950263977,-1.7367576360702515,0.6598653793334961,0.4704863131046295,-1.163899302482605,0.4176047444343567,0.4685107171535492,-1.1497273445129395,0.5796642899513245,0.6373003721237183,-1.560716986656189,0.48628926277160645,0.6396147608757019,-1.5582691431045532,0.8534383773803711,0.8991128206253052,-0.6590151786804199,0.2246362715959549,0.8918190598487854,-0.7159190773963928,0.9660811424255371,1.404204249382019,-0.5691757798194885,0.10567499697208405,1.4376814365386963,-0.5674089193344116,0.9184368252754211,1.7953096628189087,-1.1181862354278564,0.16822662949562073,1.792720913887024,-1.2412513494491577,0.9412676095962524,1.9407540559768677,-1.2920135259628296,0.1590912640094757,1.9319782257080078,-1.4582453966140747,0.8810783624649048,1.918465256690979,-1.4095394611358643,0.21433505415916443,1.896948218345642,-1.5660051107406616,0.85911625623703,1.8551502227783203,-1.1948869228363037,0.23100224137306213,1.8393381834030151,-1.3130375146865845,0.7210150957107544,1.863383173942566,-0.04877818375825882,0.32982465624809265,1.8580230474472046,0.05586301162838936,0.6994495391845703,2.693944215774536,-0.260286808013916,0.3479108512401581,2.660543918609619,-0.3933299779891968,0.7043769955635071,3.4504191875457764,0.4618847966194153,0.37297704815864563,3.427612781524658,0.05880626291036606,0.7122283577919006,3.5774893760681152,0.48475536704063416,0.37594372034072876,3.5584464073181152,0.07163606584072113,0.6366598010063171,3.698914051055908,-0.39551055431365967,0.4300246834754944,3.6621787548065186,-0.8797234296798706,0.4130281983619198,2
2026-09-24T12:27:46.587181,S012,S012_A5_Y_20260924_1227,elevated_20,A5,young,class_2,0.5302363634109497,0.5392570495605469,-1.8193676471710205,0.5711826086044312,0.4367586672306061,-1.7551778554916382,0.596455454826355,0.435769647359848,-1.7554891109466553,0.6187540292739868,0.4357781708240509,-1.7556358575820923,0.4885005056858063,0.4381635785102844,-1.7603759765625,0.4612935483455658,0.43676134943962097,-1.7597835063934326,0.43983182311058044,0.43753331899642944,-1.7603718042373657,0.6597989797592163,0.469147264957428,-1.176382064819336,0.41624823212623596,0.46841952204704285,-1.1763639450073242,0.5799229145050049,0.635850191116333,-1.581889033317566,0.4863680899143219,0.6375764608383179,-1.5837739706039429,0.8537954092025757,0.8989380598068237,-0.6787298321723938,0.22168008983135223,0.8909516930580139,-0.7416943907737732,0.968328595161438,1.4033957719802856,-0.5936357378959656,0.10553573071956635,1.4377501010894775,-0.5876347422599792,0.9267783164978027,1.7955042123794556,-1.1467831134796143,0.16900889575481415,1.7962723970413208,-1.2386541366577148,0.9526838064193726,1.941829800605774,-1.324162244796753,0.1607653945684433,1.936524510383606,-1.4535987377166748,0.8915581703186035,1.9218904972076416,-1.4388231039047241,0.21638043224811554,1.9037625789642334,-1.560941457748413,0.8681824803352356,1.8587161302566528,-1.2233327627182007,0.23246486485004425,1.8454253673553467,-1.3095359802246094,0.7212084531784058,1.8617243766784668,-0.049338199198246,0.329417884349823,1.8571841716766357,0.056498996913433075,0.701011061668396,2.692932605743408,-0.2552824020385742,0.3484775424003601,2.6610841751098633,-0.38376563787460327,0.7061517238616943,3.4464824199676514,0.5527859330177307,0.3733219504356384,3.4254109859466553,0.15876130759716034,0.714243471622467,3.5728988647460938,0.5832260251045227,0.37620657682418823,3.5558433532714844,0.18058674037456512,0.6374399065971375,3.6974384784698486,-0.31647804379463196,0.43064895272254944,3.6613802909851074,-0.7994158864021301,0.41297088927405473,2
2026-09-24T12:27:46.713058,S012,S012_A5_Y_20260924_1227,elevated_20,A5,young,class_2,0.5309818983078003,0.5374996066093445,-1.89541757106781,0.5714854598045349,0.4354492127895355,-1.8278396129608154,0.5967042446136475,0.4344137907028198,-1.828230619430542,0.6190189123153687,0.4345209002494812,-1.8283872604370117,0.4889999330043793,0.4372650980949402,-1.8353630304336548,0.4615403711795807,0.43615448474884033,-1.8349498510360718,0.43987974524497986,0.4371258020401001,-1.8355792760849,0.6597880125045776,0.46791931986808777,-1.2277857065200806,0.41575413942337036,0.46796944737434387,-1.2403485774993896,0.5807234048843384,0.6346958875656128,-1.6496671438217163,0.4867320656776428,0.6362453699111938,-1.6550424098968506,0.85393887758255,0.8965937495231628,-0.7085350155830383,0.2211654931306839,0.8896577954292297,-0.7753285765647888,0.9740266799926758,1.397131323814392,-0.6222268342971802,0.10766096413135529,1.437820315361023,-0.5928028225898743,0.9325597882270813,1.7893527746200562,-1.2216542959213257,0.17071066796779633,1.79828679561615,-1.2466199398040771,0.9565752744674683,1.9355942010879517,-1.4077985286712646,0.16328367590904236,1.93954598903656,-1.4661273956298828,0.8963679075241089,1.9134891033172607,-1.5292034149169922,0.2174483984708786,1.9057259559631348,-1.5795395374298096,0.8734623789787292,1.8510042428970337,-1.3009157180786133,0.233560249209404,1.8470265865325928,-1.3197013139724731,0.7225659489631653,1.8570703268051147,-0.04935474321246147,0.33042582869529724,1.8531324863433838,0.05651863291859627,0.7035459876060486,2.691433906555176,-0.27166450023651123,0.3519720435142517,2.6578147411346436,-0.4068883955478668,0.7087329626083374,3.444161891937256,0.5299035906791687,0.3763337731361389,3.4217352867126465,0.11837460100650787,0.7163790464401245,3.5701358318328857,0.5586975812911987,0.3789249062538147,3.551619052886963,0.13752906024456024,0.6410943269729614,3.6954774856567383,-0.34554681181907654,0.4352285861968994,3.6593406200408936,-0.8420190811157227,0.413268982401033,2
2026-09-24T12:27:46.837953,S012,S012_A5_Y_20260924_1227,elevated_20,A5,young,class_2,0.5317184329032898,0.5374690294265747,-1.9769573211669922,0.5717706680297852,0.4353082776069641,-1.903328537940979,0.5968950986862183,0.43428298830986023,-1.9038013219833374,0.61924147605896,0.43438729643821716,-1.9039638042449951,0.4894266724586487,0.4371803402900696,-1.908277153968811,0.4617532789707184,0.43609267473220825,-1.9080944061279297,0.439907968044281,0.43708911538124084,-1.9087129831314087,0.659797728061676,0.4678145945072174,-1.2648143768310547,0.41504183411598206,0.4679507315158844,-1.2715930938720703,0.5808733701705933,0.6347251534461975,-1.7166532278060913,0.4868520200252533,0.6362505555152893,-1.7205508947372437,0.853951096534729,0.8958396315574646,-0.7321614027023315,0.21924035251140594,0.8896116614341736,-0.7735428214073181,0.9744840860366821,1.3859400749206543,-0.7335745096206665,0.11552102863788605,1.4346022605895996,-0.7635438442230225,0.9346214532852173,1.7010769844055176,-1.4423061609268188,0.20747217535972595,1.682708740234375,-1.7039833068847656,0.9565542936325073,1.824279546737671,-1.6410112380981445,0.2183152735233307,1.794943928718567,-1.9573580026626587,0.9018633961677551,1.7808144092559814,-1.7510302066802979,0.25816774368286133,1.7292591333389282,-2.0331130027770996,0.8806630373001099,1.7255682945251465,-1.5174906253814697,0.2661387324333191,1.6812496185302734,-1.76874577999115,0.72314453125,1.8570396900177002,-0.05251096934080124,0.33091798424720764,1.8517992496490479,0.05950473994016647,0.7039324641227722,2.691159725189209,-0.26318976283073425,0.3528917133808136,2.654160737991333,-0.4289470613002777,0.7086864709854126,3.442328929901123,0.5080378651618958,0.37633225321769714,3.416571617126465,0.05908941477537155,0.7160788774490356,3.5692551136016846,0.5304578542709351,0.37891286611557007,3.5480008125305176,0.07199561595916748,0.6411151885986328,3.688619375228882,-0.36921703815460205,0.4362611174583435,3.6483685970306396,-0.8951728940010071,0.41366783582127414,2
2026-09-24T12:27:46.968448,S012,S012_A5_Y_20260924_1227,elevated_20,A5,young,class_2,0.5315848588943481,0.5363615155220032,-1.9346920251846313,0.5717364549636841,0.43394848704338074,-1.8602235317230225,0.5968735814094543,0.4330359399318695,-1.8606523275375366,0.6192255616188049,0.43325528502464294,-1.860759973526001,0.4892336428165436,0.4354826509952545,-1.8638204336166382,0.46138954162597656,0.4344159960746765,-1.863551378250122,0.4396273195743561,0.43537160754203796,-1.8642137050628662,0.6597042083740234,0.46710285544395447,-1.2433815002441406,0.4139060080051422,0.4668808877468109,-1.2509338855743408,0.5807070732116699,0.6344374418258667,-1.681339979171753,0.48658961057662964,0.6354303956031799,-1.6827621459960938,0.8540326952934265,0.8980565667152405,-0.7213236689567566,0.2173951417207718,0.8913275599479675,-0.7516699433326721,0.9689041376113892,1.392904281616211,-0.7096301317214966,0.11571593582630157,1.4392433166503906,-0.6956148147583008,0.91990727186203,1.7211095094680786,-1.373618245124817,0.21674895286560059,1.7122159004211426,-1.5157361030578613,0.9376006126403809,1.8514386415481567,-1.570618748664856,0.23034915328025818,1.837030291557312,-1.757070779800415,0.8857108950614929,1.8150591850280762,-1.6795228719711304,0.27324599027633667,1.7807403802871704,-1.8389339447021484,0.8669342994689941,1.7565785646438599,-1.4486706256866455,0.2793644964694977,1.7278906106948853,-1.5802319049835205,0.7246979475021362,1.8692682981491089,-0.05813457816839218,0.33176320791244507,1.8633172512054443,0.06531065702438354,0.7044248580932617,2.701352834701538,-0.28212741017341614,0.3529595732688904,2.660771131515503,-0.43803954124450684,0.7080640196800232,3.449038028717041,0.5053418278694153,0.374508798122406,3.42360782623291,0.07413291186094284,0.7151932716369629,3.574997663497925,0.5292564034461975,0.3765128254890442,3.55548357963562,0.08944928646087646,0.639137327671051,3.6983978748321533,-0.3873695135116577,0.4344872534275055,3.657839059829712,-0.8906510472297668,0.4136179642018485,2
2026-09-24T12:27:47.115155,S012,S012_A5_Y_20260924_1227,elevated_20,A5,young,class_2,0.5318543910980225,0.5326023697853088,-1.8680365085601807,0.5718041658401489,0.42879775166511536,-1.7853546142578125,0.5969371795654297,0.42762526869773865,-1.7857385873794556,0.6193139553070068,0.4281083643436432,-1.785707712173462,0.4891758859157562,0.43201974034309387,-1.78988778591156,0.46127763390541077,0.43214714527130127,-1.7896308898925781,0.4395334720611572,0.43384772539138794,-1.790310263633728,0.6595951318740845,0.46423590183258057,-1.1812068223953247,0.41341644525527954,0.4664916396141052,-1.189882516860962,0.5808899402618408,0.6318541765213013,-1.626021385192871,0.4866994023323059,0.6331079602241516,-1.6296799182891846,0.854043185710907,0.9021652340888977,-0.697080135345459,0.21760480105876923,0.8924314975738525,-0.7245537042617798,0.9669860601425171,1.4019097089767456,-0.6826057434082031,0.1251874566078186,1.4510051012039185,-0.6646801233291626,0.9198037385940552,1.7528187036514282,-1.2844570875167847,0.2127566784620285,1.7359296083450317,-1.4314320087432861,0.9378153681755066,1.8896287679672241,-1.468287467956543,0.2208126038312912,1.8630986213684082,-1.6557700634002686,0.8856016397476196,1.8629828691482544,-1.5736974477767944,0.26641684770584106,1.8120627403259277,-1.747424840927124,0.8665820956230164,1.7995418310165405,-1.3566051721572876,0.2748073637485504,1.7546021938323975,-1.4954307079315186,0.7260845899581909,1.8727697134017944,-0.05759912729263306,0.33307939767837524,1.8681117296218872,0.06483624130487442,0.7052310705184937,2.7025060653686523,-0.3524214029312134,0.3540867865085602,2.6614365577697754,-0.5257596969604492,0.7086347341537476,3.451071262359619,0.403502881526947,0.37492507696151733,3.42628812789917,-0.056456226855516434,0.7154860496520996,3.5773093700408936,0.42684775590896606,0.37686872482299805,3.5601377487182617,-0.04563843458890915,0.6413266062736511,3.701768398284912,-0.46898287534713745,0.43509000539779663,3.65828013420105,-1.0149375200271606,0.4135738465986585,2
2026-09-24T12:27:47.252656,S012,S012_A5_Y_20260924_1227,elevated_20,A5,young,class_2,0.5329917669296265,0.5325285196304321,-1.9549615383148193,0.5721458196640015,0.4285290837287903,-1.8788931369781494,0.5971466898918152,0.42705395817756653,-1.879319429397583,0.6194966435432434,0.4270280599594116,-1.8794103860855103,0.48956793546676636,0.4319886863231659,-1.8855526447296143,0.46144381165504456,0.432131290435791,-1.8854167461395264,0.43955284357070923,0.43384313583374023,-1.886125922203064,0.6595132946968079,0.46079593896865845,-1.2613749504089355,0.412914514541626,0.46646544337272644,-1.274960994720459,0.5813671946525574,0.6309336423873901,-1.70516037940979,0.48785877227783203,0.6328765153884888,-1.7105352878570557,0.856320858001709,0.8972170948982239,-0.7344928979873657,0.21779587864875793,0.8921911716461182,-0.7895264625549316,0.9771164059638977,1.3887066841125488,-0.6861950159072876,0.13080111145973206,1.4508435726165771,-0.6763460040092468,0.9397077560424805,1.7435986995697021,-1.3230400085449219,0.21617703139781952,1.744588851928711,-1.4173367023468018,0.9609200358390808,1.8797955513000488,-1.5105947256088257,0.22226402163505554,1.8750395774841309,-1.6442630290985107,0.9081207513809204,1.8532874584197998,-1.6254100799560547,0.26751255989074707,1.828095555305481,-1.7390868663787842,0.887089729309082,1.791195273399353,-1.3988747596740723,0.2771156430244446,1.7705403566360474,-1.483385443687439,0.7366915941238403,1.864611268043518,-0.05624977499246597,0.34375080466270447,1.8604663610458374,0.06335829198360443,0.715514600276947,2.695089817047119,-0.3283437192440033,0.3652941584587097,2.6531102657318115,-0.4910656809806824,0.717915415763855,3.4392709732055664,0.4506741166114807,0.3832516670227051,3.4135169982910156,-0.01731697842478752,0.7240633964538574,3.5645816326141357,0.4849179685115814,0.3843657076358795,3.5448625087738037,-0.013009401969611645,0.6545547246932983,3.690500020980835,-0.41570916771888733,0.44694605469703674,3.649383306503296,-0.9603909254074097,0.41372774340252916,2
2026-09-24T12:27:47.404150,S012,S012_A5_Y_20260924_1227,elevated_20,A5,young,class_2,0.5332661271095276,0.5326273441314697,-1.8339080810546875,0.572554886341095,0.4285264015197754,-1.7655572891235352,0.5976511836051941,0.4269641041755676,-1.7659971714019775,0.62020343542099,0.4267602562904358,-1.766115427017212,0.4896031320095062,0.43202540278434753,-1.7715809345245361,0.4614403247833252,0.43213191628456116,-1.7711868286132812,0.43950629234313965,0.4338403344154358,-1.7718744277954102,0.659822940826416,0.4599124789237976,-1.1911914348602295,0.4127200245857239,0.4659822881221771,-1.1978203058242798,0.5819685459136963,0.6309358477592468,-1.600825548171997,0.48789581656455994,0.6330229640007019,-1.6040332317352295,0.8569248914718628,0.8965746164321899,-0.7102384567260742,0.21894077956676483,0.8921940922737122,-0.762230634689331,0.97735196352005,1.3901606798171997,-0.6561409831047058,0.13139070570468903,1.4577182531356812,-0.624024510383606,0.9383352994918823,1.7623307704925537,-1.2371256351470947,0.21410036087036133,1.7922840118408203,-1.2760297060012817,0.9589608311653137,1.9067661762237549,-1.4181814193725586,0.21406081318855286,1.9328093528747559,-1.4842350482940674,0.9034838676452637,1.88258695602417,-1.5216872692108154,0.2600693106651306,1.895837664604187,-1.5904879570007324,0.8828651309013367,1.8186193704605103,-1.3089786767959595,0.2728094756603241,1.8345654010772705,-1.3464996814727783,0.7413263916969299,1.8707083463668823,-0.0576758086681366,0.34822461009025574,1.8703670501708984,0.064813032746315,0.7211850881576538,2.7005538940429688,-0.31072309613227844,0.36575838923454285,2.673753499984741,-0.28948333859443665,0.7264446020126343,3.4447274208068848,0.5291740298271179,0.390546977519989,3.4238638877868652,0.24576234817504883,0.7338890433311462,3.57038950920105,0.5672418475151062,0.39331841468811035,3.5523922443389893,0.26744917035102844,0.6646416783332825,3.6949269771575928,-0.3023226857185364,0.4544088840484619,3.6615490913391113,-0.6582821011543274,0.41327844484718906,2
2026-09-24T12:27:47.546722,S012,S012_A5_Y_20260924_1227,elevated_20,A5,young,class_2,0.5347579717636108,0.540174126625061,-1.936825156211853,0.5749092102050781,0.43726590275764465,-1.8679912090301514,0.5998047590255737,0.4355631470680237,-1.8684890270233154,0.6227544546127319,0.4349517226219177,-1.868660569190979,0.4913714826107025,0.4408203661441803,-1.8749399185180664,0.4628705382347107,0.4412660300731659,-1.8746896982192993,0.4398629069328308,0.44289034605026245,-1.8753612041473389,0.6614304780960083,0.4651395380496979,-1.2492482662200928,0.41273337602615356,0.47063151001930237,-1.259904384613037,0.5833095908164978,0.6355218291282654,-1.6817138195037842,0.48950448632240295,0.6398025751113892,-1.6865918636322021,0.8569241762161255,0.8945261240005493,-0.7319070100784302,0.21925263106822968,0.893452525138855,-0.7609066367149353,0.9775145649909973,1.3834590911865234,-0.6914665699005127,0.13236868381500244,1.4574131965637207,-0.619910478591919,0.9373327493667603,1.7444560527801514,-1.3221012353897095,0.21518929302692413,1.7839494943618774,-1.308942198753357,0.9556437730789185,1.8842703104019165,-1.5103256702423096,0.21772293746471405,1.9207243919372559,-1.526768445968628,0.9017634391784668,1.8535436391830444,-1.6187257766723633,0.26166093349456787,1.8761811256408691,-1.629266381263733,0.8822145462036133,1.7918556928634644,-1.3955084085464478,0.2736446261405945,1.8163872957229614,-1.378996729850769,0.7447401285171509,1.8727145195007324,-0.05955568701028824,0.3520854413509369,1.8740800619125366,0.0667518749833107,0.7314018607139587,2.7011921405792236,-0.3171186149120331,0.3771795332431793,2.6735146045684814,-0.42174506187438965,0.736045241355896,3.444842576980591,0.44052377343177795,0.3986295163631439,3.4236443042755127,0.03137124329805374,0.7426395416259766,3.57074236869812,0.46367406845092773,0.4006497263908386,3.5526440143585205,0.04302293807268143,0.6744939684867859,3.695162057876587,-0.42486923933029175,0.4618784785270691,3.6589882373809814,-0.901572048664093,0.41301333030236437,2
2026-09-24T12:27:47.664280,S012,S012_A5_Y_20260924_1227,elevated_20,A5,young,class_2,0.5339117646217346,0.5425921082496643,-1.8485260009765625,0.5733797550201416,0.43937358260154724,-1.774218201637268,0.5982186198234558,0.4372842013835907,-1.7748301029205322,0.6202112436294556,0.43600666522979736,-1.7749989032745361,0.49083223938941956,0.4435252845287323,-1.7804330587387085,0.4626590311527252,0.4434857964515686,-1.7803823947906494,0.4397420287132263,0.44492605328559875,-1.7812057733535767,0.6581993103027344,0.46532031893730164,-1.1467397212982178,0.412710964679718,0.47128623723983765,-1.1577707529067993,0.582711398601532,0.6359045505523682,-1.592193841934204,0.4892801344394684,0.6407085657119751,-1.5973901748657227,0.8545379638671875,0.8939091563224792,-0.6169352531433105,0.2213454693555832,0.8934895396232605,-0.6660445332527161,0.9720315933227539,1.3833376169204712,-0.5252109169960022,0.13179419934749603,1.4525851011276245,-0.5602482557296753,0.9305968284606934,1.7435944080352783,-1.1578923463821411,0.21287134289741516,1.766926884651184,-1.2985236644744873,0.9450265169143677,1.8831859827041626,-1.3324735164642334,0.2167769968509674,1.900246500968933,-1.5207455158233643,0.8956565856933594,1.8508306741714478,-1.4566495418548584,0.25849419832229614,1.8508038520812988,-1.6231082677841187,0.87714684009552,1.789827823638916,-1.235256314277649,0.2689104378223419,1.7946339845657349,-1.3687726259231567,0.7443625926971436,1.8753855228424072,-0.05903543904423714,0.3570139408111572,1.8754849433898926,0.0661897286772728,0.7314309477806091,2.681548833847046,-0.3159135580062866,0.3834078311920166,2.6433591842651367,-0.41014212369918823,0.7474538087844849,3.422051191329956,0.42320409417152405,0.41745099425315857,3.3908071517944336,0.048004794865846634,0.7553970217704773,3.5477843284606934,0.4457503855228424,0.4189576506614685,3.5169286727905273,0.061033643782138824,0.6950914263725281,3.6576015949249268,-0.42592698335647583,0.47901859879493713,3.6205193996429443,-0.8918660879135132,0.41356693073932105,2
2026-09-24T12:27:47.776877,S012,S012_A5_Y_20260924_1227,elevated_20,A5,young,class_2,0.5330784916877747,0.5438854098320007,-1.856256127357483,0.5715609788894653,0.43983176350593567,-1.7830795049667358,0.5965819954872131,0.4374609589576721,-1.7837146520614624,0.6179845929145813,0.4359757602214813,-1.7839103937149048,0.4899134635925293,0.44437888264656067,-1.7908328771591187,0.4622223973274231,0.44400554895401,-1.7909862995147705,0.4395647943019867,0.44536489248275757,-1.7918736934661865,0.6556731462478638,0.4646296799182892,-1.1496648788452148,0.41269493103027344,0.4712423086166382,-1.1715099811553955,0.5823378562927246,0.6359416842460632,-1.597996473312378,0.48919400572776794,0.6409887671470642,-1.6060101985931396,0.8527749180793762,0.8908368945121765,-0.6327755451202393,0.2253955900669098,0.8933344483375549,-0.6791113615036011,0.9704468846321106,1.375914454460144,-0.5427936315536499,0.13207153975963593,1.449791431427002,-0.5708654522895813,0.9295426607131958,1.7278581857681274,-1.1691936254501343,0.2113843709230423,1.759112000465393,-1.3179218769073486,0.9422316551208496,1.8628982305526733,-1.3461073637008667,0.21558710932731628,1.8915553092956543,-1.5346603393554688,0.8953303098678589,1.8262425661087036,-1.4652806520462036,0.25753429532051086,1.8367352485656738,-1.635124921798706,0.87660151720047,1.7680928707122803,-1.2452901601791382,0.26866260170936584,1.7820346355438232,-1.3856403827667236,0.7453885078430176,1.8721587657928467,-0.057891495525836945,0.36292460560798645,1.8732672929763794,0.06476138532161713,0.7329856753349304,2.67103910446167,-0.31117451190948486,0.38548824191093445,2.636322259902954,-0.35295531153678894,0.7513920068740845,3.410414218902588,0.4571227431297302,0.42112207412719727,3.3838212490081787,0.148646280169487,0.7588645815849304,3.533348560333252,0.4866865277290344,0.4228423535823822,3.505819082260132,0.16563859581947327,0.7037216424942017,3.6453466415405273,-0.3570396304130554,0.4831571578979492,3.616790533065796,-0.7547560334205627,0.41405371579458006,2
2026-09-24T12:27:47.902254,S012,S012_A5_Y_20260924_1227,elevated_20,A5,young,class_2,0.5323468446731567,0.5445117950439453,-1.8566192388534546,0.5703060626983643,0.44062501192092896,-1.7837750911712646,0.5957361459732056,0.43806564807891846,-1.7843875885009766,0.6172125339508057,0.43630653619766235,-1.7845757007598877,0.4882071018218994,0.44548505544662476,-1.7912347316741943,0.460681676864624,0.4450104534626007,-1.7913509607315063,0.43862858414649963,0.4467855989933014,-1.7922203540802002,0.6549619436264038,0.464525043964386,-1.1560895442962646,0.4118850827217102,0.4721854329109192,-1.172161340713501,0.5822626352310181,0.6359769701957703,-1.6000306606292725,0.48906072974205017,0.6415055394172668,-1.60703444480896,0.8526158332824707,0.8908442258834839,-0.6349530220031738,0.2268565148115158,0.8939958810806274,-0.6821163296699524,0.9692414999008179,1.3665771484375,-0.5524969696998596,0.1318141520023346,1.4464300870895386,-0.6181923151016235,0.9187437891960144,1.6670477390289307,-1.2557235956192017,0.21699798107147217,1.7054917812347412,-1.4651572704315186,0.9251585006713867,1.7892539501190186,-1.4397823810577393,0.2297528088092804,1.8261879682540894,-1.6989433765411377,0.8829905390739441,1.7387992143630981,-1.5492171049118042,0.2669198215007782,1.7562235593795776,-1.777811050415039,0.8678202629089355,1.6843695640563965,-1.3285696506500244,0.27383920550346375,1.7053965330123901,-1.527550220489502,0.7451626062393188,1.8745018243789673,-0.05800861865282059,0.3623906373977661,1.8754006624221802,0.06485800445079803,0.7332216501235962,2.6719343662261963,-0.24854454398155212,0.38906317949295044,2.636657476425171,-0.3416542112827301,0.7532422542572021,3.4123423099517822,0.4634309709072113,0.4255962371826172,3.3844478130340576,0.1449659764766693,0.7604100108146667,3.536257266998291,0.4873725473880768,0.4275934100151062,3.507746696472168,0.16039851307868958,0.7047346234321594,3.646595001220703,-0.35721802711486816,0.48652786016464233,3.6151647567749023,-0.763338565826416,0.4142196468546348,2
2026-09-24T12:27:48.024816,S012,S012_A5_Y_20260924_1227,elevated_20,A5,young,class_2,0.5333267450332642,0.5446813702583313,-1.9284629821777344,0.5703145265579224,0.44082674384117126,-1.8531618118286133,0.5957173109054565,0.43820956349372864,-1.8537956476211548,0.6171899437904358,0.4363797605037689,-1.8539667129516602,0.4884067475795746,0.4457797408103943,-1.863577127456665,0.46089035272598267,0.44541242718696594,-1.86379075050354,0.4387132227420807,0.4473018944263458,-1.864580512046814,0.654671311378479,0.46450772881507874,-1.1976988315582275,0.41172677278518677,0.4728846251964569,-1.2291804552078247,0.5828026533126831,0.6359636783599854,-1.660778284072876,0.4905633330345154,0.6415990591049194,-1.6716511249542236,0.852450966835022,0.8896033763885498,-0.6558490991592407,0.22625145316123962,0.8940932750701904,-0.6940170526504517,0.9711630940437317,1.36155366897583,-0.6341533064842224,0.1341329962015152,1.4464389085769653,-0.70302414894104,0.9189010858535767,1.67264723777771,-1.361598014831543,0.21877391636371613,1.6794713735580444,-1.623746633529663,0.9259403347969055,1.797598958015442,-1.549999475479126,0.23305121064186096,1.7905622720718384,-1.86496102809906,0.883022129535675,1.7514472007751465,-1.6634466648101807,0.26626837253570557,1.7182767391204834,-1.9448812007904053,0.8679132461547852,1.6955622434616089,-1.4352142810821533,0.2730529308319092,1.6696628332138062,-1.6883544921875,0.7450525760650635,1.8702515363693237,-0.05809524655342102,0.3624664545059204,1.8715211153030396,0.06490388512611389,0.7318481206893921,2.6598289012908936,-0.2522960901260376,0.3881289064884186,2.6189188957214355,-0.35823267698287964,0.7522740364074707,3.4011809825897217,0.4613698422908783,0.4235028624534607,3.3710663318634033,0.10751008987426758,0.7587042450904846,3.5250909328460693,0.4841535985469818,0.4254726469516754,3.4944608211517334,0.12018616497516632,0.7014635801315308,3.633814573287964,-0.36887237429618835,0.484058141708374,3.6005985736846924,-0.8028074502944946,0.41450595029560977,2
2026-09-24T12:27:48.166382,S012,S012_A5_Y_20260924_1227,elevated_20,A5,young,class_2,0.5333279371261597,0.5427980422973633,-1.9169552326202393,0.5702043175697327,0.43921372294425964,-1.8453174829483032,0.5955153703689575,0.43627485632896423,-1.845847487449646,0.616951584815979,0.43433013558387756,-1.846039056777954,0.4883635640144348,0.4448820650577545,-1.8533210754394531,0.4608076214790344,0.44470691680908203,-1.8533109426498413,0.43865782022476196,0.4468068480491638,-1.8540637493133545,0.6541237235069275,0.4626829922199249,-1.1731584072113037,0.4111758768558502,0.47278979420661926,-1.2088730335235596,0.5828200578689575,0.6339231729507446,-1.6589114665985107,0.49066710472106934,0.6405153870582581,-1.6658834218978882,0.8523914217948914,0.8892481923103333,-0.6508477330207825,0.2224072515964508,0.893629789352417,-0.691435694694519,0.9704219102859497,1.3569270372390747,-0.7270530462265015,0.13386884331703186,1.4434281587600708,-0.8353263139724731,0.9129253625869751,1.6377266645431519,-1.545083999633789,0.22952473163604736,1.5835565328598022,-1.8861522674560547,0.9179844856262207,1.7534064054489136,-1.7458820343017578,0.25427666306495667,1.6686524152755737,-2.1425812244415283,0.8762500882148743,1.6983898878097534,-1.8473008871078491,0.27834904193878174,1.585907220840454,-2.193892002105713,0.8626869320869446,1.646188735961914,-1.6155588626861572,0.280584454536438,1.5485721826553345,-1.9420160055160522,0.7423063516616821,1.8704715967178345,-0.05807521939277649,0.3608851134777069,1.8714936971664429,0.06487414240837097,0.7220267057418823,2.6576831340789795,-0.211556077003479,0.38254451751708984,2.6135237216949463,-0.34446555376052856,0.7406438589096069,3.3989059925079346,0.5008636713027954,0.41798967123031616,3.3647336959838867,0.14021313190460205,0.7452176809310913,3.5237388610839844,0.5221176147460938,0.4191043972969055,3.4877877235412598,0.15443269908428192,0.6975358128547668,3.627415418624878,-0.3311614692211151,0.48153477907180786,3.591118335723877,-0.7648168206214905,0.41533711321112193,2
2026-09-24T12:27:48.297470,S012,S012_A5_Y_20260924_1227,elevated_20,A5,young,class_2,0.5335277915000916,0.5415142178535461,-1.9225943088531494,0.5701191425323486,0.43894162774086,-1.847686529159546,0.595364511013031,0.43611109256744385,-1.8482557535171509,0.616797685623169,0.4342579245567322,-1.84841787815094,0.48832377791404724,0.44420334696769714,-1.8528718948364258,0.4607256054878235,0.44394001364707947,-1.8530925512313843,0.43858709931373596,0.44600966572761536,-1.8537721633911133,0.6540120244026184,0.46277540922164917,-1.1736546754837036,0.41082024574279785,0.4727135896682739,-1.2000659704208374,0.5828975439071655,0.6328908801078796,-1.6577638387680054,0.4908963143825531,0.6389649510383606,-1.6626434326171875,0.8521994352340698,0.8906494379043579,-0.6736400723457336,0.22197017073631287,0.8936219811439514,-0.6673900485038757,0.9748715162277222,1.3502018451690674,-0.9665080308914185,0.13365879654884338,1.3990899324417114,-1.024422287940979,0.8995863795280457,1.5420676469802856,-1.8326168060302734,0.22820472717285156,1.309248447418213,-2.203660488128662,0.8915718197822571,1.62317955493927,-2.0104904174804688,0.25510215759277344,1.3108751773834229,-2.441685199737549,0.8588364720344543,1.5532628297805786,-2.067047595977783,0.22417540848255157,1.026893973350525,-2.4412362575531006,0.8503565788269043,1.5183799266815186,-1.8804680109024048,0.27267342805862427,1.231717824935913,-2.2416024208068848,0.7402186989784241,1.8714079856872559,-0.0658317282795906,0.3615573048591614,1.8715416193008423,0.07200382649898529,0.7151087522506714,2.6130197048187256,-0.26662567257881165,0.38105592131614685,2.567089796066284,-0.31404682993888855,0.7389179468154907,3.350513458251953,0.4883330464363098,0.4185341000556946,3.320880889892578,0.17312848567962646,0.7429229617118835,3.4707303047180176,0.5148342847824097,0.42102956771850586,3.4370951652526855,0.18818505108356476,0.6986755132675171,3.5720224380493164,-0.31448251008987427,0.48007115721702576,3.5473949909210205,-0.6781250834465027,0.41687031375410943,2
2026-09-24T12:27:48.448066,S012,S012_A5_Y_20260924_1227,elevated_20,A5,young,class_2,0.5337972044944763,0.5412328839302063,-1.9698865413665771,0.5700303316116333,0.43870416283607483,-1.8913624286651611,0.5951876044273376,0.43585535883903503,-1.891980528831482,0.6165595650672913,0.4339756667613983,-1.8921468257904053,0.48831868171691895,0.4440355896949768,-1.9019601345062256,0.4606989920139313,0.4437764286994934,-1.9023330211639404,0.4385411739349365,0.44588136672973633,-1.9031013250350952,0.6536208391189575,0.46271535754203796,-1.219680905342102,0.41042909026145935,0.47269338369369507,-1.2591708898544312,0.5829435586929321,0.632653534412384,-1.6998573541641235,0.4915081858634949,0.6384228467941284,-1.7117013931274414,0.8515967130661011,0.8899555206298828,-0.694641649723053,0.221217542886734,0.8938820958137512,-0.7245662808418274,0.9794474840164185,1.3340966701507568,-0.8387624621391296,0.13113811612129211,1.4020602703094482,-0.878109335899353,0.900913417339325,1.561590313911438,-1.6444823741912842,0.22706229984760284,1.463034987449646,-1.8487790822982788,0.8956157565116882,1.6637786626815796,-1.8362442255020142,0.2524438202381134,1.5231297016143799,-2.083526134490967,0.8591100573539734,1.601624608039856,-1.9239705801010132,0.24283793568611145,1.306442141532898,-2.1348752975463867,0.8520920872688293,1.5548373460769653,-1.7075481414794922,0.2723577916622162,1.4389296770095825,-1.90200936794281,0.7408127188682556,1.872414231300354,-0.06381872296333313,0.3616400361061096,1.8722904920578003,0.0697949230670929,0.7195001244544983,2.621626377105713,-0.2605475187301636,0.38890278339385986,2.5766539573669434,-0.3415035605430603,0.7481118440628052,3.3574929237365723,0.5573802590370178,0.42620930075645447,3.3301103115081787,0.1846013069152832,0.7521312832832336,3.4789695739746094,0.5909771919250488,0.42721590399742126,3.449993133544922,0.2048780471086502,0.71202152967453,3.5855000019073486,-0.23948605358600616,0.49079427123069763,3.557511806488037,-0.6905428171157837,0.41694409962854645,2
2026-09-24T12:27:48.618704,S012,S012_A5_Y_20260924_1227,elevated_20,A5,young,class_2,0.5337205529212952,0.5356413125991821,-1.9536851644515991,0.5698140859603882,0.4335871934890747,-1.8774722814559937,0.5950151681900024,0.43094003200531006,-1.878051996231079,0.6164577603340149,0.4298638105392456,-1.8782285451889038,0.4880581796169281,0.43974050879478455,-1.8874108791351318,0.4605240821838379,0.4405759871006012,-1.8876012563705444,0.4384746551513672,0.44325438141822815,-1.888315200805664,0.6536157727241516,0.4612622559070587,-1.2168768644332886,0.4104064404964447,0.47200271487236023,-1.255912184715271,0.582891583442688,0.6292526721954346,-1.6878283023834229,0.491584837436676,0.6346566677093506,-1.6981732845306396,0.8520186543464661,0.887752890586853,-0.6933448910713196,0.22147810459136963,0.8938869833946228,-0.719865083694458,0.9802282452583313,1.3258881568908691,-0.795636773109436,0.12827417254447937,1.4039485454559326,-0.7655861973762512,0.9001036882400513,1.57101571559906,-1.5927151441574097,0.2200082540512085,1.5892685651779175,-1.6761010885238647,0.8945291638374329,1.678925633430481,-1.7901262044906616,0.24356825649738312,1.7045940160751343,-1.907836675643921,0.8575137257575989,1.6185106039047241,-1.881169319152832,0.24300746619701385,1.6014078855514526,-1.9782123565673828,0.8496092557907104,1.5705422163009644,-1.658196210861206,0.2690417170524597,1.579755425453186,-1.7324581146240234,0.7407540678977966,1.8713139295578003,-0.06523960828781128,0.3614727854728699,1.8698467016220093,0.07120830565690994,0.7173537015914917,2.6189932823181152,-0.3106403648853302,0.38768506050109863,2.5720951557159424,-0.36733970046043396,0.7458995580673218,3.354050636291504,0.4789296090602875,0.42272987961769104,3.3252921104431152,0.1611003577709198,0.7503989338874817,3.474602222442627,0.5087676644325256,0.4235827326774597,3.445181131362915,0.18070146441459656,0.7090564966201782,3.5848398208618164,-0.3205026090145111,0.48411568999290466,3.5553157329559326,-0.6924414038658142,0.4174386434209406,2
2026-09-24T12:27:48.764158,S012,S012_A5_Y_20260924_1227,elevated_20,A5,young,class_2,0.5336488485336304,0.5315428972244263,-1.9184070825576782,0.5698005557060242,0.4294947385787964,-1.8383533954620361,0.5950133800506592,0.42653629183769226,-1.8388385772705078,0.6165211200714111,0.42581263184547424,-1.8388721942901611,0.4880504608154297,0.4371512234210968,-1.8433501720428467,0.4605179727077484,0.4386621117591858,-1.8435113430023193,0.4384649693965912,0.4417266547679901,-1.8443180322647095,0.6541962623596191,0.45919668674468994,-1.1870536804199219,0.41040802001953125,0.4713655114173889,-1.1992125511169434,0.5831079483032227,0.6245344281196594,-1.6575857400894165,0.4916204810142517,0.6305568814277649,-1.6621242761611938,0.8550510406494141,0.8877209424972534,-0.6829138994216919,0.22267059981822968,0.8937775492668152,-0.7155844569206238,0.9895926713943481,1.3355251550674438,-0.9083288908004761,0.12821342051029205,1.4049885272979736,-0.8839918971061707,0.9006646275520325,1.5351017713546753,-1.8023254871368408,0.23816673457622528,1.5901590585708618,-1.894484281539917,0.8933697938919067,1.6185439825057983,-2.004944324493408,0.2697121202945709,1.6934621334075928,-2.138890504837036,0.8581498861312866,1.5465234518051147,-2.0563430786132812,0.2906677722930908,1.601124882698059,-2.164876937866211,0.8497854471206665,1.5127664804458618,-1.853135347366333,0.29752254486083984,1.5711764097213745,-1.9365018606185913,0.7436574697494507,1.8731825351715088,-0.06510395556688309,0.36160510778427124,1.8703330755233765,0.07109273970127106,0.7183189392089844,2.636247396469116,-0.20910295844078064,0.3872307240962982,2.5847060680389404,-0.3523288071155548,0.7447242140769958,3.365955114364624,0.564409077167511,0.41476982831954956,3.3300440311431885,0.19403013586997986,0.7488275170326233,3.4836039543151855,0.5915243625640869,0.4152105748653412,3.446610689163208,0.2157035619020462,0.7021607756614685,3.6013894081115723,-0.25314250588417053,0.47473374009132385,3.561436414718628,-0.6844770312309265,0.41877422260409786,2
2026-09-24T12:27:48.882771,S012,S012_A5_Y_20260924_1227,elevated_20,A5,young,class_2,0.534502387046814,0.5300358533859253,-1.8215391635894775,0.5702024102210999,0.42841148376464844,-1.737183928489685,0.5952441692352295,0.4253086745738983,-1.7377647161483765,0.6167469024658203,0.4244917631149292,-1.7378171682357788,0.48867663741111755,0.43665483593940735,-1.7450449466705322,0.46102818846702576,0.4384021461009979,-1.745224952697754,0.43867143988609314,0.44158583879470825,-1.746062994003296,0.654303252696991,0.4576989710330963,-1.0941035747528076,0.41050416231155396,0.4713436961174011,-1.1152780055999756,0.5841501355171204,0.6218451857566833,-1.5656360387802124,0.49205780029296875,0.6287272572517395,-1.5735719203948975,0.8559823036193848,0.8878214359283447,-0.6172367334365845,0.225169375538826,0.8945563435554504,-0.6736302971839905,0.9912675619125366,1.3382608890533447,-0.8680087924003601,0.1286744773387909,1.4067691564559937,-0.872600257396698,0.8999770283699036,1.5236244201660156,-1.7662556171417236,0.2429487705230713,1.5951650142669678,-1.877784013748169,0.890106201171875,1.6046061515808105,-1.971459150314331,0.27390256524086,1.6965746879577637,-2.1176350116729736,0.8565012216567993,1.5317904949188232,-2.0216708183288574,0.29975053668022156,1.6071960926055908,-2.1495351791381836,0.8484527468681335,1.4985597133636475,-1.8171987533569336,0.3022328019142151,1.5756618976593018,-1.9221572875976562,0.7474777102470398,1.877213716506958,-0.06321343034505844,0.36627501249313354,1.875518798828125,0.06907950341701508,0.7223377227783203,2.637880802154541,-0.18034277856349945,0.3898143172264099,2.5868539810180664,-0.33766594529151917,0.7468312978744507,3.3669955730438232,0.5605106949806213,0.4172561764717102,3.3330187797546387,0.18944057822227478,0.7509363889694214,3.485126495361328,0.5855165719985962,0.41704314947128296,3.45117449760437,0.20914621651172638,0.7044028639793396,3.6043267250061035,-0.24893316626548767,0.4792202115058899,3.565669298171997,-0.6834473013877869,0.41975903711334633,2
2026-09-24T12:27:49.002238,S012,S012_A5_Y_20260924_1227,elevated_20,A5,young,class_2,0.534502387046814,0.5281245112419128,-1.8206590414047241,0.5702032446861267,0.4271217882633209,-1.7351171970367432,0.5952481031417847,0.4241854250431061,-1.7356809377670288,0.6167741417884827,0.4235841929912567,-1.735695481300354,0.48860159516334534,0.43501272797584534,-1.7389671802520752,0.46096283197402954,0.4370226263999939,-1.7392078638076782,0.4386287331581116,0.44036081433296204,-1.7399766445159912,0.6543935537338257,0.4571778476238251,-1.0823872089385986,0.41048941016197205,0.47095930576324463,-1.0772984027862549,0.5844624638557434,0.6205999255180359,-1.5608397722244263,0.49208229780197144,0.6271000504493713,-1.5624500513076782,0.8566360473632812,0.8869854211807251,-0.6174958348274231,0.22618499398231506,0.8966814279556274,-0.6437682509422302,0.9981203079223633,1.316850185394287,-1.0498689413070679,0.13865795731544495,1.4086822271347046,-1.0997259616851807,0.8806298971176147,1.3297761678695679,-1.991368293762207,0.3072212338447571,1.3437412977218628,-2.228537082672119,0.8547643423080444,1.3586400747299194,-2.180304765701294,0.36510053277015686,1.3453441858291626,-2.4681954383850098,0.8310850262641907,1.2795487642288208,-2.1854395866394043,0.3679654002189636,1.253448486328125,-2.423360586166382,0.8286008834838867,1.2689751386642456,-2.021070718765259,0.3613734245300293,1.2545220851898193,-2.243995189666748,0.7505742907524109,1.8827588558197021,-0.06972669810056686,0.37329384684562683,1.8811019659042358,0.0754648745059967,0.7234753370285034,2.6342413425445557,-0.25449779629707336,0.3920099437236786,2.5860202312469482,-0.32269948720932007,0.7547497749328613,3.363408327102661,0.46710753440856934,0.4340384900569916,3.3316574096679688,0.1853129267692566,0.7610824108123779,3.481715202331543,0.48908716440200806,0.43858927488327026,3.448084592819214,0.20797939598560333,0.7154586911201477,3.5944175720214844,-0.3405205011367798,0.48991113901138306,3.5641276836395264,-0.6896008253097534,0.4221279579033955,2
2026-09-24T12:27:49.130314,S012,S012_A5_Y_20260924_1227,elevated_20,A5,young,class_2,0.5342643857002258,0.5280564427375793,-1.9727939367294312,0.56987065076828,0.427023321390152,-1.8895699977874756,0.5949387550354004,0.423988401889801,-1.8901112079620361,0.616434633731842,0.4233255386352539,-1.8902387619018555,0.4885745048522949,0.43507620692253113,-1.8910270929336548,0.460986852645874,0.4371308386325836,-1.8915691375732422,0.43869900703430176,0.4406094551086426,-1.892246961593628,0.6543044447898865,0.457180917263031,-1.2107065916061401,0.4106957018375397,0.47159290313720703,-1.1955357789993286,0.5844706296920776,0.6202893853187561,-1.699358344078064,0.4926576018333435,0.6270236968994141,-1.6981852054595947,0.8572899103164673,0.8869709372520447,-0.709581196308136,0.22583608329296112,0.8964952826499939,-0.7075145840644836,1.0002288818359375,1.317603349685669,-1.1225801706314087,0.13574820756912231,1.4076564311981201,-1.1898881196975708,0.8825882077217102,1.4031201601028442,-2.0986640453338623,0.2948926091194153,1.3155049085617065,-2.3438880443573,0.8581758737564087,1.4574562311172485,-2.293351888656616,0.34744706749916077,1.3155670166015625,-2.5797765254974365,0.8379398584365845,1.383840560913086,-2.323544979095459,0.35077401995658875,1.2278307676315308,-2.5520381927490234,0.8353153467178345,1.3624953031539917,-2.1382734775543213,0.3468327820301056,1.229796051979065,-2.366224765777588,0.7492663264274597,1.8814479112625122,-0.06945771723985672,0.3728988766670227,1.8808894157409668,0.07522295415401459,0.7212989330291748,2.5251781940460205,-0.47383999824523926,0.3804699778556824,2.540308952331543,-0.39336466789245605,0.753864049911499,3.2936697006225586,0.3265555500984192,0.4352312982082367,3.287292003631592,0.13013742864131927,0.7600916624069214,3.420466661453247,0.35954439640045166,0.43961572647094727,3.399390935897827,0.1511446088552475,0.7235614061355591,3.5167226791381836,-0.44702333211898804,0.5021356344223022,3.519796848297119,-0.7023732662200928,0.4238070810084041,2
2026-09-24T12:27:49.256920,S012,S012_A5_Y_20260924_1227,elevated_20,A5,young,class_2,0.5350791811943054,0.527411162853241,-1.9612550735473633,0.5704310536384583,0.42588740587234497,-1.877469778060913,0.5953054428100586,0.4229286015033722,-1.8780641555786133,0.6168471574783325,0.42247650027275085,-1.8782167434692383,0.48969167470932007,0.434563010931015,-1.8840856552124023,0.4622432589530945,0.43684202432632446,-1.884552001953125,0.4397769868373871,0.4404350817203522,-1.8852885961532593,0.6544618010520935,0.4571901261806488,-1.204085111618042,0.4114810526371002,0.47169938683509827,-1.2124303579330444,0.5853334665298462,0.6201862096786499,-1.6893924474716187,0.4945589601993561,0.6268563866615295,-1.6950105428695679,0.8572949171066284,0.8873195052146912,-0.7022649645805359,0.22262892127037048,0.8970468640327454,-0.7175012826919556,0.999668300151825,1.3200676441192627,-1.0591472387313843,0.13234004378318787,1.408441185951233,-1.0650181770324707,0.898151695728302,1.49309504032135,-1.8973188400268555,0.28759804368019104,1.3852595090866089,-2.1507606506347656,0.8887778520584106,1.5872498750686646,-2.0899195671081543,0.336610347032547,1.4173392057418823,-2.394108533859253,0.8598793148994446,1.5169004201889038,-2.1348679065704346,0.34355679154396057,1.3296334743499756,-2.39437198638916,0.8523684740066528,1.4758756160736084,-1.9422454833984375,0.3400455415248871,1.3184840679168701,-2.1836323738098145,0.748193621635437,1.8814138174057007,-0.06523163616657257,0.3705090582370758,1.880822777748108,0.07083995640277863,0.7208176851272583,2.536339521408081,-0.409507691860199,0.38047224283218384,2.54929518699646,-0.4259870946407318,0.7534880042076111,3.3043978214263916,0.3724452257156372,0.4342435896396637,3.2967002391815186,0.11604604870080948,0.7596062421798706,3.4328410625457764,0.39377596974372864,0.43804922699928284,3.4112040996551514,0.13673046231269836,0.7231235504150391,3.530154228210449,-0.4315025806427002,0.5029551982879639,3.5288093090057373,-0.7435116171836853,0.42432013191071083,2
2026-09-24T12:27:49.391629,S012,S012_A5_Y_20260924_1227,elevated_20,A5,young,class_2,0.5353057384490967,0.526926577091217,-1.9353735446929932,0.5707310438156128,0.4246402382850647,-1.850059151649475,0.5955694317817688,0.42180734872817993,-1.8507068157196045,0.6171926259994507,0.4215652346611023,-1.8509156703948975,0.48990172147750854,0.4336600601673126,-1.8587325811386108,0.4624350965023041,0.4361456632614136,-1.8593677282333374,0.43994393944740295,0.4398198425769806,-1.8601166009902954,0.6547533273696899,0.4570590853691101,-1.1758067607879639,0.41166096925735474,0.4716019332408905,-1.1921296119689941,0.5857143402099609,0.6200681328773499,-1.6615877151489258,0.49520641565322876,0.6266459822654724,-1.6696999073028564,0.8577532768249512,0.8888474106788635,-0.6873654127120972,0.22211310267448425,0.8972591161727905,-0.7044033408164978,1.000280499458313,1.3217778205871582,-0.9845929145812988,0.13225685060024261,1.4095624685287476,-1.0443270206451416,0.9053915143013,1.500912070274353,-1.8707231283187866,0.28652259707450867,1.3467979431152344,-2.1149163246154785,0.8982901573181152,1.5923068523406982,-2.0585246086120605,0.3358246684074402,1.3584455251693726,-2.3524136543273926,0.868646502494812,1.5225557088851929,-2.117548704147339,0.34099310636520386,1.2746422290802002,-2.3386521339416504,0.8603822588920593,1.483269453048706,-1.9215764999389648,0.3375402092933655,1.269497036933899,-2.1412274837493896,0.7486411929130554,1.8819489479064941,-0.06515611708164215,0.37033918499946594,1.88107168674469,0.07078598439693451,0.728060781955719,2.541583299636841,-0.38783615827560425,0.3843314051628113,2.5551114082336426,-0.4459291398525238,0.7627373933792114,3.313967704772949,0.39828214049339294,0.4438856244087219,3.3003809452056885,0.08260582387447357,0.768760621547699,3.442239284515381,0.42492228746414185,0.44970831274986267,3.4163999557495117,0.10109125077724457,0.731555700302124,3.53957462310791,-0.40429919958114624,0.5096272230148315,3.5306849479675293,-0.7743945717811584,0.4248343516052101,2
2026-09-24T12:27:49.517816,S012,S012_A5_Y_20260924_1227,elevated_20,A5,young,class_2,0.5350887775421143,0.52691650390625,-1.9339147806167603,0.5705357789993286,0.4244794249534607,-1.8496164083480835,0.5954620838165283,0.4215698838233948,-1.8502544164657593,0.6171322464942932,0.42127856612205505,-1.8504396677017212,0.4897554814815521,0.4336530566215515,-1.856819748878479,0.4623700976371765,0.436130166053772,-1.857587218284607,0.4399222731590271,0.43981942534446716,-1.858302116394043,0.6547536253929138,0.4569983184337616,-1.1734721660614014,0.41170215606689453,0.47176048159599304,-1.1818206310272217,0.5857260227203369,0.6199765801429749,-1.6605249643325806,0.49535757303237915,0.6266172528266907,-1.6660234928131104,0.8578608632087708,0.8905404210090637,-0.6860078573226929,0.2218654602766037,0.8973084092140198,-0.6939204931259155,1.0002694129943848,1.3230514526367188,-0.9755004644393921,0.12860822677612305,1.4103524684906006,-1.0637824535369873,0.905755341053009,1.5035330057144165,-1.8794533014297485,0.2850680649280548,1.3665130138397217,-2.1810967922210693,0.8983651995658875,1.5961860418319702,-2.067652702331543,0.33000558614730835,1.3855301141738892,-2.418395519256592,0.868962287902832,1.5282447338104248,-2.126953601837158,0.3384581208229065,1.2989236116409302,-2.4068899154663086,0.8605378866195679,1.488757610321045,-1.9301332235336304,0.332601934671402,1.292825698852539,-2.210449695587158,0.7480961680412292,1.8824173212051392,-0.06531305611133575,0.3701522648334503,1.8820228576660156,0.07093141973018646,0.7261843681335449,2.5599000453948975,-0.4698529839515686,0.37835365533828735,2.5573484897613525,-0.45006680488586426,0.7621837854385376,3.3204548358917236,0.28007012605667114,0.442737340927124,3.305229425430298,0.017746174708008766,0.768233597278595,3.446195363998413,0.3070308268070221,0.4478136897087097,3.421577215194702,0.030088897794485092,0.7295397520065308,3.546967029571533,-0.5073314905166626,0.5077218413352966,3.5351455211639404,-0.8307134509086609,0.4255416863928655,2
2026-09-24T12:27:49.635471,S012,S012_A5_Y_20260924_1227,elevated_20,A5,young,class_2,0.5342428684234619,0.5322784781455994,-1.9157114028930664,0.5699251294136047,0.42771169543266296,-1.8321765661239624,0.5952222347259521,0.42467594146728516,-1.8328115940093994,0.6170485615730286,0.42392075061798096,-1.8329976797103882,0.4886554181575775,0.43656790256500244,-1.8387302160263062,0.46169614791870117,0.43851345777511597,-1.8392610549926758,0.43955397605895996,0.44225698709487915,-1.8400943279266357,0.6548243761062622,0.4592067003250122,-1.1666301488876343,0.4116857647895813,0.473701149225235,-1.1765942573547363,0.5857049822807312,0.6238698959350586,-1.6475160121917725,0.49516457319259644,0.6320734024047852,-1.6533130407333374,0.8579093217849731,0.8960095047950745,-0.6697738766670227,0.22173452377319336,0.8981384038925171,-0.6841071844100952,0.994332492351532,1.3406885862350464,-0.801236629486084,0.12280986458063126,1.4154225587844849,-0.8284491300582886,0.9085017442703247,1.598090648651123,-1.6000597476959229,0.24367578327655792,1.5693351030349731,-1.830910086631775,0.9065082669258118,1.7146961688995361,-1.7902730703353882,0.26993900537490845,1.6723819971084595,-2.075918674468994,0.872454047203064,1.65829598903656,-1.8815141916275024,0.29932135343551636,1.594465970993042,-2.121509075164795,0.8621107935905457,1.606061339378357,-1.6650193929672241,0.2979385554790497,1.5501747131347656,-1.8823734521865845,0.7480230331420898,1.8932807445526123,-0.0642181783914566,0.36620599031448364,1.8905376195907593,0.0699264258146286,0.7271555066108704,2.654496908187866,-0.39223405718803406,0.37840232253074646,2.6173136234283447,-0.49020594358444214,0.7613380551338196,3.3977136611938477,0.2974804639816284,0.43647441267967224,3.37089204788208,-0.0027345633134245872,0.7674319744110107,3.5222978591918945,0.3133520185947418,0.44095224142074585,3.494856357574463,0.010276079177856445,0.7263829708099365,3.6390886306762695,-0.4604435861110687,0.5028245449066162,3.601931571960449,-0.9116244316101074,0.4247193745364767,2
2026-09-24T12:27:49.744345,S012,S012_A5_Y_20260924_1227,elevated_20,A5,young,class_2,0.532413899898529,0.5380263924598694,-1.9328771829605103,0.5681334733963013,0.43286818265914917,-1.8541406393051147,0.5941243767738342,0.42952319979667664,-1.85478937625885,0.6162963509559631,0.42796510457992554,-1.85498046875,0.4867396354675293,0.4407537281513214,-1.8567960262298584,0.4602888226509094,0.4419660270214081,-1.8573099374771118,0.43867263197898865,0.4455799162387848,-1.8580615520477295,0.6547927856445312,0.46139925718307495,-1.1885731220245361,0.411568820476532,0.4753952622413635,-1.181586503982544,0.5854023098945618,0.6281687021255493,-1.661733865737915,0.49457064270973206,0.636931836605072,-1.6624319553375244,0.8582156300544739,0.8944047093391418,-0.6841305494308472,0.2258373200893402,0.8986034989356995,-0.6656741499900818,0.9942782521247864,1.3368605375289917,-0.9158574342727661,0.13024164736270905,1.415464997291565,-0.8617502450942993,0.9073516726493835,1.5618131160736084,-1.771712303161621,0.25185099244117737,1.4424453973770142,-1.8493191003799438,0.904411792755127,1.6567246913909912,-1.9507348537445068,0.286573201417923,1.4792143106460571,-2.0994133949279785,0.8717247843742371,1.5899326801300049,-2.017526388168335,0.3019253611564636,1.39957857131958,-2.154492139816284,0.8616505861282349,1.5489590167999268,-1.8235013484954834,0.2994012236595154,1.3818798065185547,-1.8844820261001587,0.7542116641998291,1.8934991359710693,-0.07140716910362244,0.3775390088558197,1.8915570974349976,0.0772564709186554,0.7385362386703491,2.6177139282226562,-0.3826807141304016,0.3825947046279907,2.579002618789673,-0.5138164758682251,0.775501012802124,3.363536834716797,0.33811551332473755,0.4618532657623291,3.344794988632202,0.007975441403687,0.7823530435562134,3.490731954574585,0.3585553765296936,0.4706803858280182,3.4643139839172363,0.02587646245956421,0.7458816766738892,3.592609405517578,-0.4582898020744324,0.5263182520866394,3.5811355113983154,-0.8699232935905457,0.42420829521231074,2
2026-09-24T12:27:49.852524,S012,S012_A5_Y_20260924_1227,elevated_20,A5,young,class_2,0.5314218401908875,0.5433540344238281,-1.911694884300232,0.5677587985992432,0.4387775659561157,-1.8375484943389893,0.5939698815345764,0.43564462661743164,-1.838037133216858,0.6162664890289307,0.43374866247177124,-1.8381116390228271,0.4864421784877777,0.44522824883461,-1.837303876876831,0.46009236574172974,0.44554582238197327,-1.8374370336532593,0.4385083317756653,0.44877660274505615,-1.8381547927856445,0.6549475789070129,0.46481600403785706,-1.1871623992919922,0.41169971227645874,0.47747841477394104,-1.177131175994873,0.5850928425788879,0.6327480673789978,-1.6512978076934814,0.49357619881629944,0.6413581967353821,-1.6485345363616943,0.8586249351501465,0.896356463432312,-0.68393874168396,0.22650399804115295,0.9007070660591125,-0.6667896509170532,0.9924830198287964,1.34871506690979,-0.8058741688728333,0.13037803769111633,1.4426473379135132,-0.7874530553817749,0.9118852615356445,1.6011028289794922,-1.544548749923706,0.24764809012413025,1.6245912313461304,-1.7470086812973022,0.9143753051757812,1.7104642391204834,-1.730746865272522,0.27415362000465393,1.7284590005874634,-1.9922987222671509,0.8762269020080566,1.6527193784713745,-1.8171424865722656,0.3004772663116455,1.6490176916122437,-2.0430572032928467,0.8642503023147583,1.6043416261672974,-1.6085741519927979,0.2993907332420349,1.6039783954620361,-1.797703742980957,0.7561728954315186,1.8998349905014038,-0.07149434834718704,0.3774295449256897,1.8987696170806885,0.07747519016265869,0.7414162158966064,2.690772771835327,-0.2868505120277405,0.38363951444625854,2.6549344062805176,-0.4403950273990631,0.7738228440284729,3.4316751956939697,0.3589159846305847,0.4442664086818695,3.4050989151000977,0.024654243141412735,0.7812403440475464,3.5595147609710693,0.3644011914730072,0.45023560523986816,3.533003807067871,0.03990112245082855,0.7237803339958191,3.669739246368408,-0.4405093789100647,0.5076831579208374,3.6336967945098877,-0.8662341833114624,0.42340764343900833,2
2026-09-24T12:27:49.982136,S012,S012_A5_Y_20260924_1227,elevated_20,A5,young,class_2,0.5310226678848267,0.5488834977149963,-2.004899024963379,0.5676208138465881,0.44335779547691345,-1.9287636280059814,0.5939347147941589,0.43985649943351746,-1.929278016090393,0.616263747215271,0.4372832179069519,-1.9293750524520874,0.485938161611557,0.44969165325164795,-1.9315035343170166,0.45952725410461426,0.4494974911212921,-1.9318643808364868,0.4380863308906555,0.4523201882839203,-1.9325587749481201,0.6554487943649292,0.46626943349838257,-1.2548117637634277,0.41167888045310974,0.4794543385505676,-1.246712327003479,0.584995687007904,0.6369356513023376,-1.7287324666976929,0.492832750082016,0.6473682522773743,-1.7286159992218018,0.860676646232605,0.8946033716201782,-0.7148370146751404,0.22880026698112488,0.9007102847099304,-0.7156994342803955,0.9978094100952148,1.3284378051757812,-1.0140670537948608,0.1376659870147705,1.4419969320297241,-0.9751346707344055,0.9081533551216125,1.4105020761489868,-1.8921892642974854,0.2799588441848755,1.476083517074585,-1.962446928024292,0.9024628400802612,1.4579118490219116,-2.0704703330993652,0.3242451548576355,1.5132887363433838,-2.184746265411377,0.8713995814323425,1.3911746740341187,-2.100111246109009,0.3333457410335541,1.4316222667694092,-2.1606218814849854,0.8615663647651672,1.367493748664856,-1.9313013553619385,0.3276551067829132,1.4121156930923462,-1.9828033447265625,0.7587941884994507,1.9009555578231812,-0.07624361664056778,0.3788003921508789,1.8986759185791016,0.08225224167108536,0.7420958876609802,2.6820335388183594,-0.2914629876613617,0.3871980309486389,2.64797043800354,-0.4003492295742035,0.7723970413208008,3.427963972091675,0.5016608834266663,0.44658565521240234,3.4007627964019775,0.16307589411735535,0.7797465920448303,3.552633047103882,0.5319483876228333,0.4532853066921234,3.5292346477508545,0.1858350932598114,0.7236827611923218,3.6654717922210693,-0.30172494053840637,0.50795978307724,3.6249563694000244,-0.7082313299179077,0.4233069166282693,2
2026-09-24T12:27:50.093871,S012,S012_A5_Y_20260924_1227,elevated_20,A5,young,class_2,0.5312329530715942,0.5500448942184448,-1.9870941638946533,0.5676197409629822,0.4451718032360077,-1.905882477760315,0.5939315557479858,0.44161543250083923,-1.906408667564392,0.6162864565849304,0.4387265145778656,-1.9065030813217163,0.4861169457435608,0.4512695372104645,-1.9109426736831665,0.45976024866104126,0.4507700800895691,-1.911317229270935,0.4382323622703552,0.4534148573875427,-1.9120922088623047,0.655728816986084,0.46645718812942505,-1.2406765222549438,0.41218724846839905,0.4802258610725403,-1.2404416799545288,0.5853512287139893,0.6379528045654297,-1.7141313552856445,0.49293485283851624,0.6490429043769836,-1.721578598022461,0.8618156313896179,0.8882707357406616,-0.7121577858924866,0.2335934340953827,0.8979321122169495,-0.6535058617591858,0.9916528463363647,1.3287464380264282,-0.8931779861450195,0.14793488383293152,1.4116789102554321,-0.8316856622695923,0.9139851331710815,1.4428277015686035,-1.6429847478866577,0.2787180542945862,1.4368400573730469,-1.883514642715454,0.9159815907478333,1.5108654499053955,-1.8130738735198975,0.3147924244403839,1.474639654159546,-2.107848644256592,0.885680079460144,1.4464976787567139,-1.8943755626678467,0.31834569573402405,1.4015411138534546,-2.1287503242492676,0.8736702799797058,1.4122227430343628,-1.69991934299469,0.31728920340538025,1.382409691810608,-1.926599144935608,0.7594369649887085,1.872431993484497,-0.07935316860675812,0.381418377161026,1.8687026500701904,0.08533607423305511,0.742944598197937,2.673316240310669,-0.29798969626426697,0.3948381543159485,2.634915590286255,-0.3245740830898285,0.7714488506317139,3.4202046394348145,0.40919217467308044,0.4460270404815674,3.3962056636810303,0.15638256072998047,0.7787766456604004,3.5447089672088623,0.4278353154659271,0.45227861404418945,3.5253076553344727,0.16981831192970276,0.7235741019248962,3.660280704498291,-0.43599408864974976,0.5074797868728638,3.6215853691101074,-0.7524898648262024,0.42345927615524764,2
2026-09-24T12:27:50.217155,S012,S012_A5_Y_20260924_1227,elevated_20,A5,young,class_2,0.5330309271812439,0.552900493144989,-1.8956305980682373,0.5689157247543335,0.44706451892852783,-1.818821668624878,0.5951458811759949,0.4432584047317505,-1.8194252252578735,0.6178374290466309,0.4400630295276642,-1.8195880651474,0.4871545732021332,0.45346879959106445,-1.8261444568634033,0.46052780747413635,0.4530585706233978,-1.8264440298080444,0.438504695892334,0.4555988907814026,-1.8270800113677979,0.6574875116348267,0.4669111371040344,-1.1553804874420166,0.4121978282928467,0.48175764083862305,-1.164722204208374,0.5867546796798706,0.641404926776886,-1.6218878030776978,0.4935525357723236,0.6527566313743591,-1.629141092300415,0.8617694973945618,0.8840965032577515,-0.6607527136802673,0.23414722084999084,0.8984000086784363,-0.631100594997406,0.9942472577095032,1.3134971857070923,-0.9851128458976746,0.15143325924873352,1.4196914434432983,-1.0273544788360596,0.9058847427368164,1.3300493955612183,-1.8295841217041016,0.29263225197792053,1.304431438446045,-2.157219409942627,0.8965266346931458,1.362626552581787,-1.9894908666610718,0.3377949297428131,1.2879054546356201,-2.382758140563965,0.8517299890518188,1.08876371383667,-2.001765251159668,0.3338549733161926,1.2060080766677856,-2.336366653442383,0.8634513020515442,1.27603280544281,-1.8595640659332275,0.3321474492549896,1.2107374668121338,-2.1739234924316406,0.7620440721511841,1.880159616470337,-0.0822337418794632,0.38499003648757935,1.8794910907745361,0.08823966234922409,0.7513566017150879,2.669854164123535,-0.27889877557754517,0.40835562348365784,2.632030487060547,-0.3333953619003296,0.7852217555046082,3.4194793701171875,0.4360814094543457,0.4683970510959625,3.395270347595215,0.1499861180782318,0.7933802604675293,3.54185152053833,0.45670419931411743,0.4773593544960022,3.522888660430908,0.16454282402992249,0.7404810190200806,3.6567492485046387,-0.3719346523284912,0.5190976858139038,3.619231700897217,-0.7096366882324219,0.42411153765252413,2
2026-09-24T12:27:50.333987,S012,S012_A5_Y_20260924_1227,elevated_20,A5,young,class_2,0.5345696210861206,0.5548003315925598,-1.9179646968841553,0.5701562166213989,0.449375182390213,-1.847408652305603,0.5961581468582153,0.4455995559692383,-1.8479408025741577,0.6191396117210388,0.44232240319252014,-1.848122000694275,0.4883132874965668,0.45520734786987305,-1.8602441549301147,0.4618121087551117,0.45478352904319763,-1.8602535724639893,0.4390944838523865,0.4570639431476593,-1.8610464334487915,0.658234715461731,0.4675334095954895,-1.2264549732208252,0.4124361574649811,0.4819636046886444,-1.265393614768982,0.5872029066085815,0.6427534222602844,-1.6608989238739014,0.4939001500606537,0.6530687808990479,-1.674788236618042,0.8606584668159485,0.8839159607887268,-0.6743676662445068,0.23389267921447754,0.8984964489936829,-0.7705210447311401,0.989815354347229,1.340943694114685,-0.6039956212043762,0.13149163126945496,1.454405426979065,-0.6458345055580139,0.9219599962234497,1.6801949739456177,-1.2265735864639282,0.20722635090351105,1.814226508140564,-1.2686481475830078,0.9320923089981079,1.81913423538208,-1.3983983993530273,0.2113904058933258,1.962494969367981,-1.4761232137680054,0.8806012868881226,1.775936484336853,-1.51908278465271,0.25393956899642944,1.919321894645691,-1.5840752124786377,0.8725202679634094,1.73103928565979,-1.3028998374938965,0.2662913203239441,1.8571511507034302,-1.3353848457336426,0.7591403126716614,1.8801285028457642,-0.056187666952610016,0.37449905276298523,1.8798773288726807,0.06279271095991135,0.7511739730834961,2.677013397216797,-0.2829817533493042,0.40569907426834106,2.6414222717285156,-0.4067767560482025,0.783560037612915,3.42299485206604,0.43375492095947266,0.4608697295188904,3.396500587463379,0.06752944737672806,0.7912587523460388,3.54832124710083,0.45513343811035156,0.46600374579429626,3.5238332748413086,0.08073725551366806,0.7396763563156128,3.662217378616333,-0.39462557435035706,0.5187658071517944,3.625293016433716,-0.8479939699172974,0.42413222269952355,2
2026-09-24T12:27:50.451615,S012,S012_A5_Y_20260924_1227,elevated_20,A5,young,class_2,0.5370716452598572,0.5553406476974487,-1.923917531967163,0.5718114376068115,0.450128972530365,-1.8555982112884521,0.5971924662590027,0.44641903042793274,-1.85610830783844,0.620080292224884,0.44314810633659363,-1.8563296794891357,0.49040746688842773,0.45577818155288696,-1.8729135990142822,0.46409672498703003,0.45549193024635315,-1.872793436050415,0.4405404031276703,0.457669198513031,-1.8736000061035156,0.6582438945770264,0.4675893485546112,-1.2394744157791138,0.41300344467163086,0.48214566707611084,-1.2970435619354248,0.587712824344635,0.6429838538169861,-1.6697012186050415,0.4950149953365326,0.6532274484634399,-1.6883939504623413,0.8592783212661743,0.8824090361595154,-0.6818140745162964,0.2315782606601715,0.9002465009689331,-0.8141152262687683,0.9802323579788208,1.3535398244857788,-0.5699268579483032,0.12071849405765533,1.4711549282073975,-0.6235684156417847,0.9226804971694946,1.7506996393203735,-1.1865994930267334,0.18614180386066437,1.8737825155258179,-1.2201035022735596,0.9375022649765015,1.898407220840454,-1.361526370048523,0.185663104057312,2.025897741317749,-1.4219331741333008,0.8837538957595825,1.8759667873382568,-1.4861629009246826,0.2334861010313034,1.988573431968689,-1.5387629270553589,0.8720312118530273,1.8144278526306152,-1.2653326988220215,0.24803011119365692,1.9246793985366821,-1.289343237876892,0.7566918134689331,1.876524567604065,-0.0467970073223114,0.3682889938354492,1.880139708518982,0.05358005315065384,0.7519574761390686,2.6827056407928467,-0.2676103115081787,0.40480098128318787,2.6537046432495117,-0.3830183744430542,0.7821547389030457,3.426978349685669,0.4805413782596588,0.4591512680053711,3.400041103363037,0.10647988319396973,0.7896956205368042,3.552464723587036,0.5061445236206055,0.46162310242652893,3.5269620418548584,0.12376619875431061,0.7384380102157593,3.6677911281585693,-0.3520931303501129,0.5179635286331177,3.628573179244995,-0.8240984678268433,0.42375858350582846,2
2026-09-24T12:27:50.577276,S012,S012_A5_Y_20260924_1227,elevated_20,A5,young,class_2,0.538857102394104,0.5568946003913879,-1.92013680934906,0.5731388926506042,0.4511805474758148,-1.8532787561416626,0.597969651222229,0.44725438952445984,-1.8537704944610596,0.6207789182662964,0.4437762498855591,-1.8539979457855225,0.4915364682674408,0.45692893862724304,-1.8725416660308838,0.46506911516189575,0.45688360929489136,-1.8722822666168213,0.44095897674560547,0.45904964208602905,-1.8731043338775635,0.6584073305130005,0.46752697229385376,-1.237148642539978,0.4130079746246338,0.48247918486595154,-1.2855530977249146,0.5884822607040405,0.6433860659599304,-1.6693451404571533,0.4956413805484772,0.6538234949111938,-1.6858936548233032,0.8592432141304016,0.8817905783653259,-0.6833157539367676,0.23109090328216553,0.9008151888847351,-0.8038425445556641,0.9779664874076843,1.3611255884170532,-0.5780755281448364,0.11986897140741348,1.4851033687591553,-0.6117225885391235,0.9232885241508484,1.7545580863952637,-1.2012733221054077,0.18650732934474945,1.88096022605896,-1.2242711782455444,0.9394146203994751,1.8989949226379395,-1.3806558847427368,0.18626776337623596,2.0300047397613525,-1.435058355331421,0.8856481313705444,1.873841643333435,-1.5047178268432617,0.2338840216398239,1.9899098873138428,-1.5490095615386963,0.8717053532600403,1.8139255046844482,-1.2803866863250732,0.24847161769866943,1.9270074367523193,-1.2942551374435425,0.7566251158714294,1.8737558126449585,-0.040558259934186935,0.36738690733909607,1.8801604509353638,0.0474536195397377,0.752436637878418,2.687922239303589,-0.27435624599456787,0.4042898714542389,2.6619973182678223,-0.42470526695251465,0.7815441489219666,3.435260057449341,0.47414493560791016,0.4587572515010834,3.412942409515381,0.03596550226211548,0.789147138595581,3.56146240234375,0.49721384048461914,0.46099528670310974,3.5413730144500732,0.049295779317617416,0.7375398278236389,3.677741289138794,-0.37405556440353394,0.5171054005622864,3.6417510509490967,-0.899020791053772,0.42354096247017325,2
2026-09-24T12:27:50.706428,S012,S012_A5_Y_20260924_1227,elevated_20,A5,young,class_2,0.5407333374023438,0.5574050545692444,-1.9151407480239868,0.5742847323417664,0.4512825310230255,-1.8490089178085327,0.5986204743385315,0.447284072637558,-1.8494460582733154,0.6213129758834839,0.44377022981643677,-1.8496713638305664,0.49300360679626465,0.45710694789886475,-1.8691651821136475,0.4665188789367676,0.4571487009525299,-1.8687585592269897,0.44184789061546326,0.4592640697956085,-1.8695666790008545,0.6585106253623962,0.46733635663986206,-1.2335989475250244,0.4131273627281189,0.48253190517425537,-1.2774807214736938,0.5894253253936768,0.643667459487915,-1.6661497354507446,0.4969390332698822,0.6539148688316345,-1.6850922107696533,0.8593228459358215,0.8815562129020691,-0.6832367777824402,0.23043528199195862,0.9002659916877747,-0.8011614680290222,0.9769347310066223,1.3721972703933716,-0.5626710057258606,0.1186981052160263,1.4840278625488281,-0.6147487759590149,0.9249894022941589,1.7835146188735962,-1.167226791381836,0.1875525563955307,1.8526510000228882,-1.2454335689544678,0.9441097378730774,1.9332700967788696,-1.3431748151779175,0.18719543516635895,1.995771050453186,-1.4596588611602783,0.8879182934761047,1.9141467809677124,-1.4693189859390259,0.23584990203380585,1.9569494724273682,-1.5701842308044434,0.8716351389884949,1.8508700132369995,-1.2468572854995728,0.2502904534339905,1.8961970806121826,-1.314523458480835,0.7562476396560669,1.869168758392334,-0.0374201200902462,0.3655337691307068,1.8788195848464966,0.044361717998981476,0.7522412538528442,2.6894314289093018,-0.27360931038856506,0.40383538603782654,2.6646435260772705,-0.44758573174476624,0.7810470461845398,3.439601182937622,0.489114373922348,0.4558172821998596,3.422452688217163,0.034056875854730606,0.7887982726097107,3.565274953842163,0.5154277086257935,0.45822495222091675,3.552929639816284,0.049216143786907196,0.7318472862243652,3.689195156097412,-0.3607533574104309,0.5157109498977661,3.6536917686462402,-0.9066205024719238,0.42310446378233435,2
2026-09-24T12:27:50.813224,S012,S012_A5_Y_20260924_1227,elevated_20,A5,young,class_2,0.5425571203231812,0.5584625601768494,-1.909982442855835,0.5756857991218567,0.45255646109580994,-1.839341163635254,0.5994586944580078,0.4485926628112793,-1.8398374319076538,0.622165858745575,0.4451078474521637,-1.8400628566741943,0.49452120065689087,0.4578290283679962,-1.8592678308486938,0.46797919273376465,0.45795944333076477,-1.8589725494384766,0.44282975792884827,0.4598782956600189,-1.8598392009735107,0.6585932374000549,0.46839815378189087,-1.2188374996185303,0.4134522080421448,0.4831063449382782,-1.2712774276733398,0.5899868607521057,0.6445922255516052,-1.6589996814727783,0.4981544017791748,0.654623806476593,-1.6801421642303467,0.8589971661567688,0.8838796019554138,-0.6714549660682678,0.22883522510528564,0.9037097096443176,-0.7888481616973877,0.9760780334472656,1.3777438402175903,-0.5499616265296936,0.11876940727233887,1.4861109256744385,-0.5923686623573303,0.9254163503646851,1.771315097808838,-1.1886680126190186,0.19089284539222717,1.840887427330017,-1.2493106126785278,0.9433131217956543,1.9160884618759155,-1.3685535192489624,0.19483084976673126,1.9826492071151733,-1.4654626846313477,0.8889468312263489,1.8883159160614014,-1.493701457977295,0.2396579086780548,1.9342396259307861,-1.5748499631881714,0.8716050982475281,1.8280205726623535,-1.2674270868301392,0.25240713357925415,1.875227689743042,-1.3180782794952393,0.7556442618370056,1.8755078315734863,-0.03824422508478165,0.36505112051963806,1.8849440813064575,0.045129016041755676,0.7520098090171814,2.697619676589966,-0.308373361825943,0.40327462553977966,2.6692137718200684,-0.44588541984558105,0.7805211544036865,3.4407777786254883,0.4874916970729828,0.4553617835044861,3.420152425765991,0.0413929782807827,0.788244366645813,3.5656096935272217,0.511086106300354,0.4570210576057434,3.548487901687622,0.05604187771677971,0.7320665121078491,3.6876299381256104,-0.36276575922966003,0.5152100324630737,3.6519081592559814,-0.8826920390129089,0.42294800429954194,2
2026-09-24T12:27:50.935120,S012,S012_A5_Y_20260924_1227,elevated_20,A5,young,class_2,0.5442453622817993,0.5579414963722229,-1.8683998584747314,0.57646644115448,0.452242374420166,-1.7920658588409424,0.599869430065155,0.4482271075248718,-1.7925548553466797,0.6223882436752319,0.44469940662384033,-1.7927545309066772,0.49594956636428833,0.45754194259643555,-1.8120425939559937,0.46899858117103577,0.45774272084236145,-1.811739206314087,0.44344562292099,0.45960718393325806,-1.81252920627594,0.6584123373031616,0.4680957496166229,-1.1626555919647217,0.413421094417572,0.4831160008907318,-1.2328217029571533,0.5907130837440491,0.644536554813385,-1.6139488220214844,0.49966439604759216,0.6541568040847778,-1.6364154815673828,0.8583319783210754,0.8846663236618042,-0.6278089880943298,0.2270762026309967,0.9037377834320068,-0.7790241837501526,0.9731649160385132,1.3825428485870361,-0.5105127096176147,0.1179356798529625,1.4839342832565308,-0.5889300107955933,0.9252508878707886,1.786260724067688,-1.164062738418579,0.19084347784519196,1.8227919340133667,-1.2675031423568726,0.9431588053703308,1.9351285696029663,-1.3485701084136963,0.19434292614459991,1.96017587184906,-1.4872076511383057,0.8886645436286926,1.9112557172775269,-1.474993348121643,0.23993448913097382,1.9146158695220947,-1.5989881753921509,0.8710654973983765,1.8482937812805176,-1.244739294052124,0.25242024660110474,1.8566101789474487,-1.3382337093353271,0.7523584365844727,1.8760699033737183,-0.03881499543786049,0.36248427629470825,1.8861370086669922,0.04571577534079552,0.7482458353042603,2.700730562210083,-0.2635376751422882,0.3966149091720581,2.6763715744018555,-0.38260048627853394,0.7717607021331787,3.4444220066070557,0.5264289379119873,0.44373640418052673,3.4244863986968994,0.13053497672080994,0.7794414758682251,3.56961989402771,0.5539886355400085,0.4456746578216553,3.5518479347229004,0.14864309132099152,0.7213039994239807,3.6892776489257812,-0.3167417347431183,0.5054773092269897,3.6559813022613525,-0.7983200550079346,0.4225809308775228,2
2026-09-24T12:27:51.046224,S012,S012_A5_Y_20260924_1227,elevated_20,A5,young,class_2,0.5456740856170654,0.5574175119400024,-1.870225191116333,0.5773837566375732,0.45202794671058655,-1.7929363250732422,0.6004640460014343,0.4479403495788574,-1.793466567993164,0.6228745579719543,0.4443376660346985,-1.793664574623108,0.49717384576797485,0.45733460783958435,-1.8115835189819336,0.4699077606201172,0.45757654309272766,-1.811384916305542,0.4440416693687439,0.45934879779815674,-1.8121780157089233,0.6583923101425171,0.4677604138851166,-1.1573213338851929,0.4134623408317566,0.4831171929836273,-1.2264984846115112,0.591253399848938,0.6444956064224243,-1.612755537033081,0.5010889768600464,0.6537735462188721,-1.6339776515960693,0.8579634428024292,0.8846724033355713,-0.6223586797714233,0.22670336067676544,0.9038919806480408,-0.7672368288040161,0.9725648164749146,1.3821065425872803,-0.5208975076675415,0.1181630864739418,1.4865119457244873,-0.6090439558029175,0.9250794649124146,1.7743573188781738,-1.1881606578826904,0.19352206587791443,1.8112924098968506,-1.337918758392334,0.942265510559082,1.921790361404419,-1.3741717338562012,0.20010092854499817,1.945761799812317,-1.564070463180542,0.8885517120361328,1.892885446548462,-1.5004541873931885,0.24131062626838684,1.8939270973205566,-1.6652463674545288,0.8703035116195679,1.8312029838562012,-1.2679858207702637,0.2531491816043854,1.8369152545928955,-1.4058293104171753,0.7523632645606995,1.8767116069793701,-0.03789442032575607,0.3625391125679016,1.8886770009994507,0.044830601662397385,0.7513746619224548,2.7018189430236816,-0.26817163825035095,0.39913636445999146,2.6764872074127197,-0.4065137803554535,0.7782398462295532,3.443660020828247,0.5139252543449402,0.4475116729736328,3.423267364501953,0.11065953969955444,0.7860819697380066,3.568540096282959,0.5415576100349426,0.44964757561683655,3.550433397293091,0.12977546453475952,0.7302125692367554,3.6881422996520996,-0.3250027298927307,0.5131263732910156,3.6540863513946533,-0.823258101940155,0.4225399981713219,2
2026-09-24T12:27:51.177792,S012,S012_A5_Y_20260924_1227,elevated_20,A5,young,class_2,0.5510858297348022,0.5571606159210205,-1.898608922958374,0.5826636552810669,0.45197945833206177,-1.82318913936615,0.6052697896957397,0.44789257645606995,-1.823708176612854,0.6270785927772522,0.4443040192127228,-1.8239332437515259,0.5027498602867126,0.4572758674621582,-1.844686508178711,0.4749721884727478,0.45747512578964233,-1.8443759679794312,0.4482960104942322,0.4590863585472107,-1.8450775146484375,0.6594073176383972,0.467764288187027,-1.1824475526809692,0.4143625795841217,0.4827502369880676,-1.2612760066986084,0.594005286693573,0.6443575024604797,-1.6376863718032837,0.5045954585075378,0.6528647541999817,-1.6619441509246826,0.857538104057312,0.8835048079490662,-0.6288189888000488,0.2275739461183548,0.8994808197021484,-0.7827065587043762,0.9658463597297668,1.3810867071151733,-0.5433995723724365,0.1274586319923401,1.485931396484375,-0.6303955316543579,0.9245461225509644,1.7633486986160278,-1.2111964225769043,0.20033545792102814,1.8050427436828613,-1.360426664352417,0.9418428540229797,1.906008243560791,-1.399523377418518,0.20049452781677246,1.939606785774231,-1.587815761566162,0.8885973691940308,1.8769885301589966,-1.5267817974090576,0.2464461773633957,1.8903182744979858,-1.6931041479110718,0.87017822265625,1.817049264907837,-1.2923709154129028,0.2604144215583801,1.8318077325820923,-1.4305083751678467,0.7521458864212036,1.8616377115249634,-0.03699442371726036,0.36238402128219604,1.8718185424804688,0.0438665971159935,0.7450617551803589,2.6949105262756348,-0.1895228773355484,0.393932044506073,2.670261859893799,-0.38429132103919983,0.7614719867706299,3.440589189529419,0.5701297521591187,0.43413296341896057,3.418700933456421,0.13105717301368713,0.7683014273643494,3.5670454502105713,0.5947604775428772,0.43680286407470703,3.546405076980591,0.14913295209407806,0.707841694355011,3.683627128601074,-0.28614121675491333,0.5012110471725464,3.6501286029815674,-0.8130385279655457,0.4223400733555371,2
2026-09-24T12:27:51.290380,S012,S012_A5_Y_20260924_1227,elevated_20,A5,young,class_2,0.5509472489356995,0.553596556186676,-1.956150770187378,0.5826741456985474,0.44893065094947815,-1.8799304962158203,0.6053969860076904,0.44475048780441284,-1.8803421258926392,0.6272225379943848,0.441341757774353,-1.8804582357406616,0.5026571154594421,0.45492127537727356,-1.8957700729370117,0.4749031662940979,0.4552345275878906,-1.8954980373382568,0.44827717542648315,0.45704740285873413,-1.8961431980133057,0.6601717472076416,0.4645926058292389,-1.2334039211273193,0.41438794136047363,0.48157063126564026,-1.2871127128601074,0.594659686088562,0.6403084397315979,-1.6934248208999634,0.5046387910842896,0.6496115326881409,-1.7102028131484985,0.8581627607345581,0.8744086027145386,-0.671761155128479,0.22750599682331085,0.8980578184127808,-0.8215106129646301,0.9703332781791687,1.3528950214385986,-0.6587587594985962,0.12767086923122406,1.4784873723983765,-0.8352066874504089,0.9243537783622742,1.6682230234146118,-1.401573896408081,0.24609211087226868,1.7603530883789062,-1.727630615234375,0.9416799545288086,1.7910175323486328,-1.6070131063461304,0.26593217253685,1.891512155532837,-1.9806537628173828,0.8884337544441223,1.7456451654434204,-1.7099615335464478,0.3104249835014343,1.810904622077942,-2.0487732887268066,0.8701249361038208,1.6920143365859985,-1.475756287574768,0.3155081570148468,1.7571732997894287,-1.7839857339859009,0.7568548321723938,1.8446736335754395,-0.03587537258863449,0.36241239309310913,1.8592864274978638,0.04269714653491974,0.7502161264419556,2.683776617050171,-0.07209374010562897,0.39763501286506653,2.6675124168395996,-0.3526349663734436,0.7676616907119751,3.4306271076202393,0.7166252732276917,0.4376896321773529,3.4184021949768066,0.21917855739593506,0.775121808052063,3.5557072162628174,0.7421073913574219,0.4402032792568207,3.5454258918762207,0.24294821918010712,0.7112816572189331,3.676504373550415,-0.15725770592689514,0.5108029246330261,3.648906707763672,-0.7470340132713318,0.42304650110864633,2
2026-09-24T12:27:51.408476,S012,S012_A5_Y_20260924_1227,elevated_20,A5,young,class_2,0.551074743270874,0.550182580947876,-1.824967384338379,0.5828158855438232,0.4471590220928192,-1.7505887746810913,0.6057790517807007,0.4428170919418335,-1.7510792016983032,0.6278677582740784,0.4393681585788727,-1.751198172569275,0.5026258826255798,0.4538216292858124,-1.7542650699615479,0.4748862683773041,0.4545561969280243,-1.754022240638733,0.4483768045902252,0.45665204524993896,-1.7544561624526978,0.6625571846961975,0.4624641537666321,-1.1223269701004028,0.4150454103946686,0.48151007294654846,-1.1235148906707764,0.595939040184021,0.636674165725708,-1.571555495262146,0.5063338875770569,0.6457235813140869,-1.5740454196929932,0.8597187995910645,0.8636863827705383,-0.6383873224258423,0.23955075442790985,0.8965757489204407,-0.6810893416404724,0.9937527775764465,1.3140537738800049,-0.7459092736244202,0.15003569424152374,1.4428285360336304,-1.0197546482086182,0.959878146648407,1.6059626340866089,-1.4488435983657837,0.30181702971458435,1.3825162649154663,-2.175595760345459,0.9826226234436035,1.7221249341964722,-1.620030164718628,0.33740460872650146,1.391830563545227,-2.436128616333008,0.9321116209030151,1.6786376237869263,-1.7128574848175049,0.3554684519767761,1.3176169395446777,-2.428837537765503,0.9125804901123047,1.631195068359375,-1.512853741645813,0.35783129930496216,1.3149571418762207,-2.210237979888916,0.7784146666526794,1.843070149421692,-0.03714171424508095,0.3890944719314575,1.8581479787826538,0.04374008625745773,0.7798739671707153,2.67555832862854,-0.11035691201686859,0.4337806701660156,2.6601099967956543,-0.35837826132774353,0.8005978465080261,3.424497127532959,0.6694631576538086,0.4723852276802063,3.4167966842651367,0.11218573898077011,0.8080611228942871,3.5493507385253906,0.7384767532348633,0.47557002305984497,3.5442116260528564,0.1196504607796669,0.7523330450057983,3.6615512371063232,-0.18229788541793823,0.5407654047012329,3.6379501819610596,-0.8315030336380005,0.42425055605285295,2
2026-09-24T12:27:51.536059,S012,S012_A5_Y_20260924_1227,elevated_20,A5,young,class_2,0.5515161752700806,0.5501352548599243,-1.6595443487167358,0.583398699760437,0.44719600677490234,-1.585294485092163,0.6063030362129211,0.44286394119262695,-1.585620403289795,0.6286243200302124,0.43944597244262695,-1.5857833623886108,0.5032831430435181,0.453853964805603,-1.5889850854873657,0.4758257269859314,0.4547383487224579,-1.588348150253296,0.4497607350349426,0.4569462835788727,-1.5888432264328003,0.6634165048599243,0.46247828006744385,-0.999670684337616,0.41745299100875854,0.4815894663333893,-0.9959429502487183,0.5970933437347412,0.6364389061927795,-1.4273083209991455,0.5076205730438232,0.6456499099731445,-1.427180528640747,0.8604804277420044,0.8670178651809692,-0.5560477375984192,0.24212436378002167,0.8965664505958557,-0.6077007055282593,0.9966775178909302,1.332128882408142,-0.5818676948547363,0.14883287250995636,1.4441196918487549,-0.7211602330207825,0.9636085629463196,1.6703287363052368,-1.2038582563400269,0.29547983407974243,1.5489513874053955,-1.7048953771591187,0.9908057451248169,1.8011468648910522,-1.3959975242614746,0.33335694670677185,1.6639461517333984,-1.9598426818847656,0.9328142404556274,1.7756520509719849,-1.4920028448104858,0.3392885625362396,1.595405101776123,-2.0404531955718994,0.9105534553527832,1.7206100225448608,-1.2734503746032715,0.34354469180107117,1.5524336099624634,-1.7691185474395752,0.7765613794326782,1.8473931550979614,-0.048131514340639114,0.3872058093547821,1.860482096672058,0.05496256425976753,0.7793033719062805,2.6771743297576904,-0.07170571386814117,0.42211952805519104,2.6647582054138184,-0.15423905849456787,0.7834204435348511,3.4244420528411865,0.7316970229148865,0.4462781548500061,3.415679693222046,0.40375447273254395,0.791236937046051,3.549156427383423,0.7671345472335815,0.4475141167640686,3.542948007583618,0.4294411540031433,0.7231329679489136,3.6621031761169434,-0.10731302201747894,0.5096073150634766,3.6395022869110107,-0.5091645121574402,0.42457556127787527,2
2026-09-24T12:27:51.701201,S012,S012_A5_Y_20260924_1227,elevated_20,A5,young,class_2,0.5514506101608276,0.5492194294929504,-1.5601751804351807,0.5833118557929993,0.44692060351371765,-1.4911267757415771,0.6062496900558472,0.4426335096359253,-1.4912916421890259,0.6286000609397888,0.4392426908016205,-1.4914727210998535,0.5032466053962708,0.45355141162872314,-1.4927884340286255,0.4758836627006531,0.45449161529541016,-1.4918584823608398,0.4500211179256439,0.4567236304283142,-1.4923160076141357,0.6635915040969849,0.46232375502586365,-0.9464899897575378,0.4189688563346863,0.4814970791339874,-0.9282024502754211,0.5973911881446838,0.6351087093353271,-1.3452650308609009,0.5076959729194641,0.6445417404174805,-1.3404490947723389,0.862446129322052,0.8697039484977722,-0.5336898565292358,0.241815447807312,0.8962799310684204,-0.5853195786476135,0.9977882504463196,1.3643879890441895,-0.5310698747634888,0.1272049993276596,1.4489895105361938,-0.5547333359718323,0.9658957719802856,1.7422699928283691,-1.1088297367095947,0.24762892723083496,1.752974271774292,-1.2891077995300293,0.9984997510910034,1.880509853363037,-1.2987759113311768,0.25622695684432983,1.9039771556854248,-1.5039175748825073,0.93385249376297,1.8667373657226562,-1.388917326927185,0.30983564257621765,1.8559967279434204,-1.6002591848373413,0.909288763999939,1.8092578649520874,-1.1779372692108154,0.31979885697364807,1.7971689701080322,-1.3531668186187744,0.7750620245933533,1.855431079864502,-0.060338955372571945,0.38172468543052673,1.8630152940750122,0.0675150528550148,0.7673522233963013,2.681328773498535,-0.02731962502002716,0.3931921124458313,2.673100233078003,0.015133793465793133,0.7565264105796814,3.424694061279297,0.843751072883606,0.4047184884548187,3.414832830429077,0.6423704028129578,0.7646650671958923,3.5491833686828613,0.8828467130661011,0.4041820168495178,3.542200803756714,0.677327573299408,0.6875499486923218,3.662903070449829,0.03454930707812309,0.4608951508998871,3.640983819961548,-0.23751504719257355,0.42442317505606986,2
2026-09-24T12:27:51.833767,S012,S012_A5_Y_20260924_1227,elevated_20,A5,young,class_2,0.5513964891433716,0.5476072430610657,-1.672025442123413,0.5832923650741577,0.44655486941337585,-1.5992307662963867,0.6062461137771606,0.4424382746219635,-1.59962797164917,0.6286248564720154,0.43916305899620056,-1.5997860431671143,0.503227949142456,0.452424019575119,-1.606229543685913,0.47586479783058167,0.4531749188899994,-1.6058006286621094,0.4500250816345215,0.45526373386383057,-1.60637629032135,0.6642131805419922,0.46232759952545166,-1.000148057937622,0.419037401676178,0.48068827390670776,-1.0108004808425903,0.59769606590271,0.6344150900840759,-1.433075189590454,0.5077145099639893,0.6414033770561218,-1.4370898008346558,0.8625059127807617,0.8703620433807373,-0.5506370663642883,0.24074327945709229,0.8909172415733337,-0.6048650145530701,0.997370719909668,1.3675531148910522,-0.5534371733665466,0.12176807969808578,1.4496257305145264,-0.6175111532211304,0.962870717048645,1.7385867834091187,-1.1702406406402588,0.238017275929451,1.7858662605285645,-1.3954508304595947,0.993583083152771,1.8742541074752808,-1.3614414930343628,0.24274568259716034,1.9339473247528076,-1.6235498189926147,0.930941104888916,1.8543437719345093,-1.4627583026885986,0.3049146831035614,1.8857861757278442,-1.7125294208526611,0.906632125377655,1.7989119291305542,-1.2434478998184204,0.31607189774513245,1.8271348476409912,-1.4590016603469849,0.7650699019432068,1.8555337190628052,-0.05807986110448837,0.3697517216205597,1.8611338138580322,0.0655241459608078,0.7452980279922485,2.6812822818756104,-0.05902556702494621,0.3778125047683716,2.6724207401275635,-0.125487819314003,0.7330984473228455,3.424497365951538,0.7472386360168457,0.38438737392425537,3.414247751235962,0.42853814363479614,0.7406594753265381,3.548877716064453,0.7779147028923035,0.38268202543258667,3.54114031791687,0.45339202880859375,0.6615709066390991,3.6630196571350098,-0.08588866144418716,0.44426393508911133,3.6411423683166504,-0.44390439987182617,0.42390009548839636,2
2026-09-24T12:27:51.971341,S012,S012_A5_Y_20260924_1227,elevated_20,A5,young,class_2,0.5519335269927979,0.5471966862678528,-1.7141233682632446,0.5837975740432739,0.44603103399276733,-1.6407840251922607,0.6068657636642456,0.4419831931591034,-1.64117431640625,0.6294234395027161,0.43885713815689087,-1.641330361366272,0.5032912492752075,0.45206600427627563,-1.6495018005371094,0.47584620118141174,0.45296794176101685,-1.6491018533706665,0.4500105381011963,0.4552052915096283,-1.6497007608413696,0.6653923392295837,0.4623613655567169,-1.0374470949172974,0.41903290152549744,0.480944961309433,-1.0457231998443604,0.5995514392852783,0.6343700289726257,-1.4719326496124268,0.508167564868927,0.6414108872413635,-1.4779198169708252,0.8632591962814331,0.8777559995651245,-0.5679578185081482,0.2405858039855957,0.8924672603607178,-0.6316207647323608,1.006521224975586,1.369810938835144,-0.7195168733596802,0.12186499685049057,1.449778437614441,-0.7862021327018738,0.9609284400939941,1.6436984539031982,-1.5146229267120361,0.23623251914978027,1.7766891717910767,-1.727412462234497,0.9878790974617004,1.743549108505249,-1.7152246236801147,0.24154773354530334,1.911108136177063,-1.973188042640686,0.9291955232620239,1.6905549764633179,-1.781989336013794,0.30089518427848816,1.8738666772842407,-2.0249240398406982,0.9047507047653198,1.650540828704834,-1.57521653175354,0.3112698197364807,1.8219162225723267,-1.7818130254745483,0.7672502398490906,1.8665040731430054,-0.04767318069934845,0.3697285056114197,1.876998782157898,0.0550076887011528,0.7485901117324829,2.694199323654175,-0.02886604331433773,0.3815322518348694,2.682039737701416,-0.28601521253585815,0.744660496711731,3.434880495071411,0.7486115097999573,0.3894643485546112,3.4276175498962402,0.3066752254962921,0.7541193962097168,3.557199001312256,0.774316132068634,0.38772374391555786,3.551957130432129,0.3316543996334076,0.6677401661872864,3.68009877204895,-0.0952066108584404,0.4636856019496918,3.661304473876953,-0.6287868618965149,0.4230338579165453,2
2026-09-24T12:27:52.107469,S012,S012_A5_Y_20260924_1227,elevated_20,A5,young,class_2,0.5524927377700806,0.5483770966529846,-1.765106439590454,0.5840548276901245,0.4461859464645386,-1.695265531539917,0.6072078347206116,0.4421098828315735,-1.695733666419983,0.6300283670425415,0.43899306654930115,-1.695959448814392,0.5033040046691895,0.4523468613624573,-1.6986992359161377,0.47583112120628357,0.4534715414047241,-1.6981687545776367,0.4499831795692444,0.45605236291885376,-1.6985561847686768,0.6679697036743164,0.462529718875885,-1.0779078006744385,0.41897764801979065,0.48190203309059143,-1.0526951551437378,0.6016069054603577,0.6359159350395203,-1.51534903049469,0.5090079307556152,0.6447257995605469,-1.514858603477478,0.8662229776382446,0.8779218196868896,-0.633639931678772,0.2410457879304886,0.8944836854934692,-0.6475571990013123,1.0182949304580688,1.364561915397644,-0.7912131547927856,0.13559086620807648,1.4501419067382812,-0.9376343488693237,0.9724411964416504,1.644849419593811,-1.5170711278915405,0.2720961570739746,1.5682414770126343,-2.0430073738098145,0.9971346855163574,1.7547607421875,-1.709473967552185,0.29599499702453613,1.6298327445983887,-2.301208257675171,0.9406875371932983,1.7060410976409912,-1.7881524562835693,0.3322944939136505,1.5571846961975098,-2.321932315826416,0.9187740087509155,1.6620521545410156,-1.5795947313308716,0.3375970721244812,1.5340704917907715,-2.0885212421417236,0.7876043915748596,1.8679503202438354,-0.059745002537965775,0.38382798433303833,1.8841744661331177,0.06700211018323898,0.7925857305526733,2.6942403316497803,-0.055576570332050323,0.4265972673892975,2.6838417053222656,-0.2070755660533905,0.810763955116272,3.4344193935394287,0.7580629587173462,0.4588824212551117,3.4267234802246094,0.39839237928390503,0.8226199150085449,3.5570969581604004,0.7860991954803467,0.4592323303222656,3.550539493560791,0.42713579535484314,0.7468196153640747,3.679753065109253,-0.11206278949975967,0.5319238901138306,3.6603353023529053,-0.5429754257202148,0.4224465509839568,2
2026-09-24T12:27:52.253029,S012,S012_A5_Y_20260924_1227,elevated_20,A5,young,class_2,0.5524758100509644,0.5476675033569336,-1.6526190042495728,0.584006130695343,0.4448482096195221,-1.5835987329483032,0.6071845889091492,0.4406941533088684,-1.5839921236038208,0.6300265789031982,0.43759727478027344,-1.584289789199829,0.5032740831375122,0.45144400000572205,-1.5878907442092896,0.47578296065330505,0.45269671082496643,-1.5870366096496582,0.44996365904808044,0.45551565289497375,-1.5875532627105713,0.6686040163040161,0.4613734483718872,-1.0017595291137695,0.4189772605895996,0.4815124571323395,-0.9913007020950317,0.6017557382583618,0.6353884935379028,-1.4189058542251587,0.509015679359436,0.644189178943634,-1.4178450107574463,0.8668149709701538,0.8778651356697083,-0.55101078748703,0.24098257720470428,0.8930534720420837,-0.6133056879043579,1.0000940561294556,1.3744415044784546,-0.5777591466903687,0.13342832028865814,1.460678219795227,-0.632555365562439,0.9603326916694641,1.7241131067276,-1.2331722974777222,0.24412325024604797,1.768255591392517,-1.4312965869903564,0.9924330711364746,1.860403060913086,-1.4362895488739014,0.24887725710868835,1.9080241918563843,-1.6628316640853882,0.9307576417922974,1.837807536125183,-1.5326118469238281,0.30357545614242554,1.8601758480072021,-1.771765947341919,0.9046404957771301,1.782455325126648,-1.3069448471069336,0.31514349579811096,1.803480625152588,-1.5029326677322388,0.7846882343292236,1.8657810688018799,-0.0646514967083931,0.38099250197410583,1.8789011240005493,0.0720188096165657,0.7812207937240601,2.6901965141296387,-0.03883770853281021,0.40708017349243164,2.682999610900879,-0.005231721326708794,0.7833874225616455,3.4270665645599365,0.8336941003799438,0.43137675523757935,3.420604705810547,0.6240497827529907,0.7931283712387085,3.5501604080200195,0.8697786331176758,0.42985495924949646,3.54244065284729,0.6578253507614136,0.7192213535308838,3.66939377784729,-0.009339861571788788,0.5038174390792847,3.6582095623016357,-0.2843264043331146,0.4221702778511716,2
2026-09-24T12:27:52.356585,S012,S012_A5_Y_20260924_1227,elevated_20,A5,young,class_2,0.5524555444717407,0.5465819835662842,-1.5959999561309814,0.5842176079750061,0.444659560918808,-1.520996332168579,0.6074835062026978,0.4406132996082306,-1.521270990371704,0.6304935216903687,0.4375903904438019,-1.5216217041015625,0.50357586145401,0.45130103826522827,-1.5247585773468018,0.47621291875839233,0.45262712240219116,-1.523979902267456,0.45056161284446716,0.4554578363895416,-1.5245205163955688,0.6696350574493408,0.46179306507110596,-0.9431034922599792,0.4203666150569916,0.4815840423107147,-0.935246467590332,0.6019470691680908,0.6347643733024597,-1.3671513795852661,0.5092132687568665,0.6431688070297241,-1.3659266233444214,0.8691462278366089,0.8792226910591125,-0.5137996077537537,0.24077098071575165,0.8936841487884521,-0.5793863534927368,0.9989630579948425,1.384177803993225,-0.5539597272872925,0.13337230682373047,1.4676241874694824,-0.6581615805625916,0.9599710702896118,1.7572218179702759,-1.1829354763031006,0.2469523698091507,1.7835043668746948,-1.504866600036621,0.989958643913269,1.8970264196395874,-1.3802077770233154,0.253027081489563,1.9243054389953613,-1.7391331195831299,0.9302476644515991,1.8798457384109497,-1.472469449043274,0.31115537881851196,1.8705030679702759,-1.826019525527954,0.9019057154655457,1.8229442834854126,-1.2530173063278198,0.32090234756469727,1.8145174980163574,-1.5690141916275024,0.7844149470329285,1.8677526712417603,-0.06483592092990875,0.38051921129226685,1.8790256977081299,0.07218439877033234,0.774602472782135,2.6901888847351074,-0.030669067054986954,0.3940495252609253,2.682098388671875,-0.04304632917046547,0.7668357491493225,3.4263627529144287,0.8275497555732727,0.40764951705932617,3.4202890396118164,0.5552932620048523,0.775653600692749,3.54931902885437,0.8633367419242859,0.40469568967819214,3.542074680328369,0.5851477384567261,0.6995096206665039,3.6685831546783447,-0.0011165124597027898,0.4746400713920593,3.6574020385742188,-0.34898170828819275,0.42205208122719673,2
2026-09-24T12:27:52.476140,S012,S012_A5_Y_20260924_1227,elevated_20,A5,young,class_2,0.5517776012420654,0.5432518720626831,-1.6454442739486694,0.5839448571205139,0.44027474522590637,-1.5709378719329834,0.6072683930397034,0.4355771839618683,-1.5713095664978027,0.6302438974380493,0.43216100335121155,-1.5715607404708862,0.5034006834030151,0.4481520652770996,-1.5748026371002197,0.47610169649124146,0.44937947392463684,-1.5740878582000732,0.45055484771728516,0.45195847749710083,-1.5746573209762573,0.6696838736534119,0.45736294984817505,-0.9825774431228638,0.4208890497684479,0.4778170585632324,-0.9734063148498535,0.6019005179405212,0.6308085918426514,-1.410834789276123,0.5090892910957336,0.6382611393928528,-1.4104984998703003,0.870840847492218,0.8824856877326965,-0.5346919298171997,0.24062266945838928,0.8931534886360168,-0.5913321375846863,0.999311089515686,1.3864232301712036,-0.572363018989563,0.13330580294132233,1.4680362939834595,-0.6357194781303406,0.9593638181686401,1.7621029615402222,-1.2121555805206299,0.2455364465713501,1.7925894260406494,-1.4908264875411987,0.9891026616096497,1.9048839807510376,-1.4110993146896362,0.2511383891105652,1.937649130821228,-1.7312777042388916,0.9291024208068848,1.883995771408081,-1.5039273500442505,0.3103155493736267,1.8831866979599,-1.8256113529205322,0.9016883969306946,1.8260648250579834,-1.2820007801055908,0.31982430815696716,1.8257807493209839,-1.5584266185760498,0.784203290939331,1.8754361867904663,-0.0681370347738266,0.37769490480422974,1.884914517402649,0.07551203668117523,0.7730227112770081,2.694715976715088,-0.034708984196186066,0.39509522914886475,2.685882568359375,-0.0864102691411972,0.7687800526618958,3.4282946586608887,0.8329607248306274,0.4091891646385193,3.42366886138916,0.5361273288726807,0.7773544788360596,3.5517730712890625,0.8681891560554504,0.4061281681060791,3.548780679702759,0.57005774974823,0.7018222808837891,3.674466609954834,-0.013603610917925835,0.4759794771671295,3.6597864627838135,-0.3808395564556122,0.4222040067629264,2
2026-09-24T12:27:52.584733,S012,S012_A5_Y_20260924_1227,elevated_20,A5,young,class_2,0.5517578125,0.5422143936157227,-1.7086851596832275,0.5839534997940063,0.4394221901893616,-1.6348230838775635,0.6073248982429504,0.43467357754707336,-1.635277509689331,0.6302917003631592,0.4312107264995575,-1.6353890895843506,0.5034860968589783,0.44775453209877014,-1.636635422706604,0.4762200713157654,0.44910579919815063,-1.6360905170440674,0.45080146193504333,0.4517799913883209,-1.636829137802124,0.6703444719314575,0.4565337598323822,-1.0383061170578003,0.42206817865371704,0.47772255539894104,-1.0250790119171143,0.602270781993866,0.6296128630638123,-1.4690563678741455,0.5095958113670349,0.6373444199562073,-1.467743992805481,0.8713258504867554,0.881625771522522,-0.5605525374412537,0.24315015971660614,0.8926349878311157,-0.6103013753890991,0.9995241165161133,1.380847692489624,-0.5809292197227478,0.1344459354877472,1.4630035161972046,-0.6642924547195435,0.9602962732315063,1.7492774724960327,-1.219643235206604,0.24559757113456726,1.7818609476089478,-1.5505532026290894,0.989192008972168,1.8925838470458984,-1.4148681163787842,0.25265854597091675,1.9182355403900146,-1.8017234802246094,0.9304168820381165,1.8725459575653076,-1.5094778537750244,0.3102957308292389,1.8621636629104614,-1.8963702917099,0.9035048484802246,1.8130989074707031,-1.2874126434326172,0.31934988498687744,1.8079416751861572,-1.6211557388305664,0.7837485671043396,1.876223087310791,-0.06705315411090851,0.37943035364151,1.8854421377182007,0.07451508939266205,0.7779000997543335,2.6945011615753174,-0.058633964508771896,0.40627041459083557,2.683255434036255,-0.2529006898403168,0.7889477610588074,3.428187847137451,0.7537446022033691,0.433991014957428,3.420850992202759,0.3335309624671936,0.7975565195083618,3.551676034927368,0.7798575162887573,0.433167040348053,3.5474913120269775,0.36057454347610474,0.7289409041404724,3.674391508102417,-0.1202041283249855,0.5059306621551514,3.6537139415740967,-0.6076130867004395,0.4219195394852608,2
2026-09-24T12:27:52.717484,S012,S012_A5_Y_20260924_1227,elevated_20,A5,young,class_2,0.5519796013832092,0.5416705012321472,-1.703680396080017,0.5842076539993286,0.43872272968292236,-1.6318235397338867,0.6077341437339783,0.43396201729774475,-1.6322498321533203,0.6306735873222351,0.43047842383384705,-1.6323776245117188,0.5037928819656372,0.4474739134311676,-1.6341636180877686,0.4764937460422516,0.44895508885383606,-1.6335653066635132,0.45112934708595276,0.4517131447792053,-1.6342699527740479,0.6710768342018127,0.4561195373535156,-1.0404318571090698,0.42290130257606506,0.47773119807243347,-1.0310559272766113,0.6029308438301086,0.6291496157646179,-1.4677343368530273,0.5099944472312927,0.6372182965278625,-1.4663230180740356,0.8720656633377075,0.8809372186660767,-0.563420295715332,0.24415460228919983,0.8905476331710815,-0.6122504472732544,0.9999082684516907,1.380642056465149,-0.5707986950874329,0.13290640711784363,1.4617067575454712,-0.6486840844154358,0.959875762462616,1.7475810050964355,-1.2072246074676514,0.2382781058549881,1.7964763641357422,-1.4449689388275146,0.9883777499198914,1.8895941972732544,-1.4014812707901,0.2431037873029709,1.9448130130767822,-1.6739528179168701,0.9297877550125122,1.8663746118545532,-1.4959900379180908,0.3037104904651642,1.8933905363082886,-1.7765661478042603,0.903374195098877,1.8087217807769775,-1.2772177457809448,0.3141523003578186,1.835135579109192,-1.513957142829895,0.7827827334403992,1.8751106262207031,-0.0671481266617775,0.37915968894958496,1.8826937675476074,0.07460080832242966,0.7758948802947998,2.693117380142212,-0.0609704926609993,0.4010232985019684,2.6829919815063477,-0.09872565418481827,0.7795307636260986,3.42684006690979,0.7890971302986145,0.42897486686706543,3.4198811054229736,0.5244940519332886,0.7873299717903137,3.550583839416504,0.8226286172866821,0.428051620721817,3.546013355255127,0.557641863822937,0.7201197147369385,3.6717984676361084,-0.05966309458017349,0.5026561617851257,3.6535277366638184,-0.3927011489868164,0.4217694808700771,2
2026-09-24T12:27:52.899077,S012,S012_A5_Y_20260924_1227,elevated_20,A5,young,class_2,0.552268385887146,0.5372479557991028,-1.7053858041763306,0.5843218564987183,0.4342578053474426,-1.6334282159805298,0.6078745126724243,0.43014606833457947,-1.6338527202606201,0.630861222743988,0.4274755120277405,-1.633967638015747,0.5037992000579834,0.4427069127559662,-1.6365541219711304,0.4764529764652252,0.44467106461524963,-1.6359596252441406,0.45111972093582153,0.4478932023048401,-1.6366249322891235,0.6715984344482422,0.45571428537368774,-1.040057897567749,0.4229239821434021,0.4776597023010254,-1.0334880352020264,0.603875458240509,0.6276134848594666,-1.468660593032837,0.5105403661727905,0.6348609328269958,-1.4670391082763672,0.8741628527641296,0.8871553540229797,-0.5901039838790894,0.2440299540758133,0.8999614715576172,-0.6201695203781128,1.0152326822280884,1.385247826576233,-0.7008075714111328,0.13593551516532898,1.4713963270187378,-0.7811062335968018,0.9726690053939819,1.7485508918762207,-1.3961578607559204,0.25170400738716125,1.7959390878677368,-1.7513412237167358,1.000571846961975,1.887717604637146,-1.60442316532135,0.2650706470012665,1.9433140754699707,-2.0007448196411133,0.938991367816925,1.8619205951690674,-1.676983118057251,0.3190995752811432,1.8743674755096436,-2.0710177421569824,0.9128950238227844,1.8058807849884033,-1.4585806131362915,0.32586055994033813,1.819037914276123,-1.8125507831573486,0.7933017611503601,1.8962762355804443,-0.06854964792728424,0.3864016830921173,1.9111862182617188,0.07592906057834625,0.7914695143699646,2.716269016265869,-0.02805245853960514,0.41950711607933044,2.7122998237609863,-0.10069940984249115,0.8047538995742798,3.4461557865142822,0.886920154094696,0.45167532563209534,3.4438085556030273,0.571738600730896,0.8141657710075378,3.5692312717437744,0.9242669343948364,0.4509007930755615,3.5685081481933594,0.6102365255355835,0.7468136548995972,3.694448709487915,0.03718729317188263,0.5284450054168701,3.680790424346924,-0.3453751504421234,0.4217049512303537,2
2026-09-24T12:27:53.077071,S012,S012_A5_Y_20260924_1227,elevated_20,A5,young,class_2,0.5522466897964478,0.5404319763183594,-1.6809593439102173,0.584567666053772,0.43890947103500366,-1.6110990047454834,0.6082555651664734,0.4350094497203827,-1.611406683921814,0.6313472986221313,0.4323534071445465,-1.6116054058074951,0.5038834810256958,0.4474906623363495,-1.6138242483139038,0.47654619812965393,0.4497159421443939,-1.613121747970581,0.45122307538986206,0.45337989926338196,-1.6137527227401733,0.6722224950790405,0.4605604112148285,-1.0324636697769165,0.4232665002346039,0.4818269908428192,-1.0234256982803345,0.6039408445358276,0.6302104592323303,-1.4502918720245361,0.5105446577072144,0.6397758722305298,-1.4479318857192993,0.8741440773010254,0.8905567526817322,-0.5630934834480286,0.24276895821094513,0.9002744555473328,-0.6255782842636108,1.0012686252593994,1.3979506492614746,-0.514427900314331,0.1313941925764084,1.4718841314315796,-0.6077409982681274,0.9607866406440735,1.776344656944275,-1.1198084354400635,0.23182928562164307,1.807030200958252,-1.3500878810882568,0.9900996088981628,1.9184341430664062,-1.3109889030456543,0.23600760102272034,1.9527798891067505,-1.57415771484375,0.9279255867004395,1.8968055248260498,-1.4128414392471313,0.29356294870376587,1.8981298208236694,-1.6816765069961548,0.9012100100517273,1.8377513885498047,-1.1937335729599,0.3046405613422394,1.8408674001693726,-1.4187827110290527,0.7819886207580566,1.8952912092208862,-0.06835376471281052,0.38109710812568665,1.9059299230575562,0.07573409378528595,0.7605249881744385,2.7144792079925537,-0.0399763360619545,0.3883587419986725,2.7097184658050537,-0.06968016177415848,0.7562451362609863,3.445329189300537,0.8522320985794067,0.4084506034851074,3.4419758319854736,0.5390046834945679,0.7638476490974426,3.5686566829681396,0.891375720500946,0.4066382944583893,3.567392110824585,0.5705757141113281,0.6939842104911804,3.6938297748565674,0.02547474205493927,0.4767635762691498,3.6783177852630615,-0.3756237030029297,0.4224481381183564,2
2026-09-24T12:27:53.199312,S012,S012_A5_Y_20260924_1227,elevated_20,A5,young,class_2,0.5525832176208496,0.540014922618866,-1.7398589849472046,0.585023045539856,0.4382147490978241,-1.6684585809707642,0.6088675260543823,0.4342333674430847,-1.6686493158340454,0.6319054365158081,0.4315528869628906,-1.6687395572662354,0.5042633414268494,0.4470859169960022,-1.6716302633285522,0.4769096374511719,0.4493149220943451,-1.671023964881897,0.45168423652648926,0.45300358533859253,-1.6716114282608032,0.6727569699287415,0.4601218104362488,-1.076440691947937,0.42395585775375366,0.4818640649318695,-1.067065715789795,0.604732096195221,0.6299706101417542,-1.5035899877548218,0.5113016366958618,0.6396915316581726,-1.5017975568771362,0.8750005960464478,0.8898157477378845,-0.5767664313316345,0.2429308146238327,0.9000054597854614,-0.6683860421180725,1.0063436031341553,1.3902920484542847,-0.5987393856048584,0.13190802931785583,1.469265103340149,-0.6555699110031128,0.9653093218803406,1.6670877933502197,-1.3372735977172852,0.24837903678417206,1.800744891166687,-1.4695861339569092,0.9928210973739624,1.7698899507522583,-1.5391688346862793,0.2615901827812195,1.949184775352478,-1.69977605342865,0.9376929998397827,1.7255947589874268,-1.6219772100448608,0.3164391815662384,1.8756765127182007,-1.7738488912582397,0.9112846255302429,1.6848008632659912,-1.405962586402893,0.32390016317367554,1.819802165031433,-1.5228233337402344,0.7834486365318298,1.8895936012268066,-0.06828279793262482,0.38117310404777527,1.896266222000122,0.0756746456027031,0.7606629133224487,2.713109016418457,-0.03977600485086441,0.3890600800514221,2.7063043117523193,-0.08165828138589859,0.7576535940170288,3.4446017742156982,0.8435354232788086,0.4099121689796448,3.438532590866089,0.5192344188690186,0.7653092741966248,3.5667762756347656,0.8790461421012878,0.40837615728378296,3.5591561794281006,0.5507583022117615,0.6953930258750916,3.691155195236206,-0.002946356311440468,0.4789584279060364,3.6776280403137207,-0.40163493156433105,0.4235827829780288,2
2026-09-24T12:27:53.365736,S012,S012_A5_Y_20260924_1227,elevated_20,A5,young,class_2,0.5526430010795593,0.5390637516975403,-1.7382004261016846,0.5852845907211304,0.43707722425460815,-1.6663719415664673,0.6092392802238464,0.4331250786781311,-1.6665942668914795,0.6323021650314331,0.43055301904678345,-1.6666978597640991,0.5044137835502625,0.44617488980293274,-1.6698747873306274,0.4770438075065613,0.4483503997325897,-1.669266939163208,0.45194077491760254,0.4519617259502411,-1.6698557138442993,0.673302173614502,0.4596186578273773,-1.074564814567566,0.4243856370449066,0.4816788136959076,-1.0667749643325806,0.6051327586174011,0.6293076276779175,-1.50180983543396,0.5115790367126465,0.6390663385391235,-1.5005406141281128,0.8752137422561646,0.8857706189155579,-0.5771387219429016,0.24470920860767365,0.8992856740951538,-0.667662501335144,1.0085628032684326,1.3692752122879028,-0.6520229578018188,0.13750839233398438,1.46272873878479,-0.7114166021347046,0.9704298973083496,1.6549279689788818,-1.4180182218551636,0.2509911060333252,1.7909969091415405,-1.642214059829712,0.999397873878479,1.765377163887024,-1.6237281560897827,0.2627898156642914,1.9406096935272217,-1.8905696868896484,0.9447425007820129,1.7262189388275146,-1.7131057977676392,0.3171372413635254,1.8645148277282715,-1.9652143716812134,0.9175654649734497,1.682364821434021,-1.4891589879989624,0.32536035776138306,1.808408498764038,-1.70230233669281,0.7849327325820923,1.8816484212875366,-0.06721252202987671,0.38290852308273315,1.886042833328247,0.07463452219963074,0.76115882396698,2.707174062728882,-0.06416474282741547,0.38937753438949585,2.69514536857605,-0.16513492166996002,0.7585443258285522,3.4409914016723633,0.7575721740722656,0.4110589623451233,3.433529853820801,0.3970348834991455,0.7661203145980835,3.563016414642334,0.7852196097373962,0.4097388684749603,3.5535383224487305,0.420205295085907,0.6967764496803284,3.6850874423980713,-0.1093074232339859,0.4804559648036957,3.6754136085510254,-0.5460447072982788,0.42376657425759756,2
2026-09-24T12:27:53.674594,S012,S012_A5_Y_20260924_1227,elevated_20,A5,young,class_2,0.5526443719863892,0.5393604040145874,-1.6423717737197876,0.5854724645614624,0.4373961389064789,-1.5697591304779053,0.6095263361930847,0.4335786998271942,-1.5700660943984985,0.6327958703041077,0.4311676621437073,-1.5703274011611938,0.5044636130332947,0.4464445412158966,-1.5729362964630127,0.47711697220802307,0.4486590623855591,-1.5721997022628784,0.4520529806613922,0.45236557722091675,-1.5728051662445068,0.6743467450141907,0.46084120869636536,-0.998298168182373,0.4249503016471863,0.48265114426612854,-0.9876402616500854,0.6052353978157043,0.6300586462020874,-1.4153950214385986,0.5115876197814941,0.6397408843040466,-1.4129602909088135,0.8751896023750305,0.8868536353111267,-0.5388911962509155,0.24570754170417786,0.9000268578529358,-0.6123026609420776,1.0029122829437256,1.3868870735168457,-0.5104069709777832,0.13706542551517487,1.4679150581359863,-0.5453287363052368,0.9566326141357422,1.748782992362976,-1.10951828956604,0.2439788579940796,1.8102132081985474,-1.2722797393798828,0.9836899638175964,1.88933265209198,-1.297228455543518,0.2521219849586487,1.9580309391021729,-1.4882583618164062,0.9217693209648132,1.8668423891067505,-1.392029047012329,0.30834347009658813,1.90300452709198,-1.5888288021087646,0.8971571922302246,1.807826280593872,-1.1794897317886353,0.317903071641922,1.8444021940231323,-1.3374804258346558,0.7848309278488159,1.8828790187835693,-0.07009819149971008,0.38337308168411255,1.8866150379180908,0.07738233357667923,0.7608060240745544,2.7071151733398438,-0.07213248312473297,0.3889722228050232,2.6962332725524902,-0.039893314242362976,0.7565733194351196,3.4414124488830566,0.7584604024887085,0.4096301198005676,3.433079957962036,0.5492044687271118,0.7642976641654968,3.5636823177337646,0.7896097898483276,0.4086269438266754,3.5532143115997314,0.5793131589889526,0.6943178176879883,3.684741735458374,-0.08373620361089706,0.47570013999938965,3.6747055053710938,-0.3490338921546936,0.4233051084265753,2
2026-09-24T12:27:53.908420,S012,S012_A5_Y_20260924_1227,elevated_20,A5,young,class_2,0.5526577830314636,0.545706570148468,-1.6414155960083008,0.5867074728012085,0.44249624013900757,-1.5733966827392578,0.611299455165863,0.43899771571159363,-1.5737231969833374,0.6349598169326782,0.4367625117301941,-1.5740063190460205,0.504652202129364,0.4504830241203308,-1.57528817653656,0.47728705406188965,0.4524533152580261,-1.5744255781173706,0.4521777033805847,0.4557420611381531,-1.5750428438186646,0.6769830584526062,0.4640774726867676,-1.004958152770996,0.42513686418533325,0.48420652747154236,-0.9878495335578918,0.6052733063697815,0.6353248953819275,-1.4144047498703003,0.5111914873123169,0.6462454199790955,-1.4095876216888428,0.8751829862594604,0.8895100951194763,-0.5395854711532593,0.24535322189331055,0.9001734256744385,-0.617477297782898,0.9968219995498657,1.4079716205596924,-0.4718112051486969,0.13560201227664948,1.4837555885314941,-0.4919358789920807,0.9509574770927429,1.8113659620285034,-1.040722131729126,0.21775798499584198,1.8686295747756958,-1.1206310987472534,0.9786888360977173,1.9620959758758545,-1.2261886596679688,0.21361379325389862,2.0233068466186523,-1.3284194469451904,0.9153552055358887,1.9457992315292358,-1.3255059719085693,0.2722523808479309,1.98116934299469,-1.44724702835083,0.8905350565910339,1.8836716413497925,-1.1135655641555786,0.2873007655143738,1.9204902648925781,-1.1911665201187134,0.7756418585777283,1.8869737386703491,-0.07019785791635513,0.3754024803638458,1.8878484964370728,0.07748241722583771,0.7481997609138489,2.7120747566223145,-0.05828426405787468,0.3768164813518524,2.699376344680786,0.006177872885018587,0.7421978116035461,3.445481777191162,0.8140519261360168,0.3953406512737274,3.4344117641448975,0.6314800977706909,0.750137448310852,3.568195104598999,0.8516963720321655,0.3939463198184967,3.5544445514678955,0.6665476560592651,0.6777908205986023,3.688204765319824,-0.014039399102330208,0.4603423476219177,3.6772844791412354,-0.268349289894104,0.4237302935369812,2
2026-09-24T12:27:54.136281,S012,S012_A5_Y_20260924_1227,elevated_20,A5,young,class_2,0.5518642663955688,0.5475110411643982,-1.636924386024475,0.5866656303405762,0.443134605884552,-1.5705816745758057,0.6113061308860779,0.4396263360977173,-1.5708993673324585,0.6349707841873169,0.4373069107532501,-1.5711596012115479,0.5046247839927673,0.4513428509235382,-1.5717806816101074,0.4772922992706299,0.4531196653842926,-1.570906639099121,0.4522005617618561,0.45633378624916077,-1.571495771408081,0.6770731210708618,0.4649490416049957,-1.0092047452926636,0.4254940152168274,0.48455002903938293,-0.989108681678772,0.6047634482383728,0.636633038520813,-1.412880539894104,0.5108965635299683,0.6480454802513123,-1.407193660736084,0.8756712675094604,0.8898414373397827,-0.5439053177833557,0.24530938267707825,0.8990903496742249,-0.6208385229110718,0.9972451329231262,1.4092432260513306,-0.5025748610496521,0.13510289788246155,1.4831897020339966,-0.5062997341156006,0.9510936737060547,1.8148002624511719,-1.0871074199676514,0.20920896530151367,1.8616867065429688,-1.1672542095184326,0.9790385365486145,1.96450936794281,-1.2713395357131958,0.20081719756126404,2.0143635272979736,-1.3769352436065674,0.9150815010070801,1.9488235712051392,-1.367998719215393,0.26180166006088257,1.9740816354751587,-1.485999345779419,0.8900977969169617,1.8865185976028442,-1.1585861444473267,0.27826279401779175,1.9131157398223877,-1.235581636428833,0.7734448313713074,1.886427640914917,-0.07004933059215546,0.37362533807754517,1.8848885297775269,0.07733288407325745,0.7423060536384583,2.7119357585906982,-0.10267223417758942,0.3709605932235718,2.6974904537200928,-0.031884320080280304,0.7355970144271851,3.445147752761841,0.7066651582717896,0.38960832357406616,3.4310333728790283,0.5612162351608276,0.7447605133056641,3.567878246307373,0.7378767728805542,0.3888724148273468,3.550726890563965,0.5829476118087769,0.6667273640632629,3.687586784362793,-0.13173404335975647,0.45517420768737793,3.67657470703125,-0.3202219605445862,0.4235495217614119,2
2026-09-24T12:27:54.353340,S012,S012_A5_Y_20260924_1227,elevated_20,A5,young,class_2,0.552049994468689,0.5475929379463196,-1.707192063331604,0.5874249935150146,0.44313642382621765,-1.6419239044189453,0.6122615933418274,0.4396016001701355,-1.6421239376068115,0.6359790563583374,0.4372698664665222,-1.6423962116241455,0.5050127506256104,0.4515359699726105,-1.650721549987793,0.47759580612182617,0.45339420437812805,-1.6499783992767334,0.45241865515708923,0.45669353008270264,-1.6505762338638306,0.677733302116394,0.4649145305156708,-1.0797786712646484,0.42557477951049805,0.4846695363521576,-1.0936613082885742,0.6048972010612488,0.6373194456100464,-1.478865385055542,0.5109177827835083,0.6489289999008179,-1.483250617980957,0.8761299252510071,0.8911741971969604,-0.5884748697280884,0.2443714439868927,0.8969192504882812,-0.7109106779098511,0.99437415599823,1.4125416278839111,-0.5091056227684021,0.12887932360172272,1.4850918054580688,-0.5306369066238403,0.9460762739181519,1.8140870332717896,-1.0532170534133911,0.19300107657909393,1.8745262622833252,-1.1144161224365234,0.9732584953308105,1.960523009300232,-1.2217265367507935,0.18249380588531494,2.025087594985962,-1.3132327795028687,0.9086052775382996,1.9429928064346313,-1.3247706890106201,0.24188272655010223,1.9905505180358887,-1.4205620288848877,0.8845297694206238,1.8810638189315796,-1.1253609657287598,0.259690523147583,1.9284613132476807,-1.1802575588226318,0.7664299607276917,1.8846195936203003,-0.06059310585260391,0.3660193085670471,1.8816686868667603,0.06786809861660004,0.7314857244491577,2.7118098735809326,-0.1114664077758789,0.362638920545578,2.69085431098938,-0.19022998213768005,0.7252078652381897,3.4452695846557617,0.6630920171737671,0.38055509328842163,3.429342746734619,0.33107298612594604,0.7338907122612,3.568849802017212,0.6917587518692017,0.381385862827301,3.550081968307495,0.3513757586479187,0.6560465097427368,3.6879305839538574,-0.16929619014263153,0.4426581859588623,3.6742587089538574,-0.5813676714897156,0.42318387167368643,2
2026-09-24T12:27:54.494754,S012,S012_A5_Y_20260924_1227,elevated_20,A5,young,class_2,0.5517867803573608,0.5492900609970093,-1.7739118337631226,0.5874374508857727,0.44417616724967957,-1.708627700805664,0.6123073101043701,0.44032904505729675,-1.7087795734405518,0.6360011100769043,0.43758445978164673,-1.7089427709579468,0.5050982236862183,0.45270267128944397,-1.7169395685195923,0.4777456223964691,0.45433178544044495,-1.7164127826690674,0.4526718556880951,0.45735248923301697,-1.7169822454452515,0.6777790784835815,0.46453046798706055,-1.1258580684661865,0.426119863986969,0.48434481024742126,-1.140135645866394,0.6045573353767395,0.6380906701087952,-1.5362346172332764,0.5107349753379822,0.6499705910682678,-1.5415675640106201,0.8761649131774902,0.8900598883628845,-0.6166610717773438,0.2443283349275589,0.891108512878418,-0.7293894290924072,0.9953712224960327,1.39982271194458,-0.5966464281082153,0.12858983874320984,1.4771881103515625,-0.6585379242897034,0.9451838731765747,1.714547872543335,-1.2412259578704834,0.20677895843982697,1.8033583164215088,-1.444949746131897,0.9700216054916382,1.8303481340408325,-1.4151222705841064,0.20821920037269592,1.937071681022644,-1.6654390096664429,0.9087674021720886,1.7908577919006348,-1.5022060871124268,0.26095908880233765,1.8750319480895996,-1.7284809350967407,0.8849313855171204,1.742078185081482,-1.307934284210205,0.2740217447280884,1.8206923007965088,-1.49717116355896,0.7662593126296997,1.8806322813034058,-0.0578974112868309,0.3652311861515045,1.876570463180542,0.06516946852207184,0.7313361763954163,2.7103679180145264,-0.10744817554950714,0.3622703552246094,2.684441089630127,-0.2316627949476242,0.7226560711860657,3.44507098197937,0.6760449409484863,0.37607046961784363,3.4277961254119873,0.3060135245323181,0.7309552431106567,3.5684924125671387,0.7037996053695679,0.3761322498321533,3.547950506210327,0.3270629048347473,0.6507063508033752,3.687812328338623,-0.1707356572151184,0.4406253397464752,3.6741209030151367,-0.6343085169792175,0.42282026052844507,2
2026-09-24T12:27:54.649165,S012,S012_A5_Y_20260924_1227,elevated_20,A5,young,class_2,0.5533769726753235,0.5494279265403748,-1.825234055519104,0.5893436074256897,0.44446855783462524,-1.7577908039093018,0.6142549514770508,0.44052353501319885,-1.7579545974731445,0.637438178062439,0.43767663836479187,-1.7580362558364868,0.5074524879455566,0.45279157161712646,-1.7674528360366821,0.4804442524909973,0.45438486337661743,-1.76699697971344,0.45521649718284607,0.45736366510391235,-1.7675412893295288,0.6782413721084595,0.4641287624835968,-1.162609577178955,0.4269772171974182,0.48354730010032654,-1.183441162109375,0.6056143641471863,0.6380993127822876,-1.5829099416732788,0.511765718460083,0.6499496102333069,-1.5905452966690063,0.8762500882148743,0.8897624611854553,-0.646173357963562,0.24485668540000916,0.887896716594696,-0.7587394714355469,1.001967191696167,1.3872941732406616,-0.6871659755706787,0.1286328285932541,1.469417691230774,-0.7255537509918213,0.944536030292511,1.6177458763122559,-1.3766502141952515,0.2245161086320877,1.750731348991394,-1.5404739379882812,0.9638527035713196,1.7100352048873901,-1.5569779872894287,0.23469491302967072,1.874248743057251,-1.762418508529663,0.9085929989814758,1.6584056615829468,-1.6232120990753174,0.2827724814414978,1.8012388944625854,-1.8188270330429077,0.885266125202179,1.619905948638916,-1.4353206157684326,0.2915956377983093,1.7508149147033691,-1.5902073383331299,0.7667160034179688,1.8724541664123535,-0.057771991938352585,0.3654095530509949,1.8701804876327515,0.06500465422868729,0.7324271202087402,2.7034242153167725,-0.09393810480833054,0.36345380544662476,2.676130771636963,-0.22945204377174377,0.7252048254013062,3.4411542415618896,0.6874375343322754,0.37781888246536255,3.418883800506592,0.3455139398574829,0.7335267066955566,3.5633270740509033,0.7118281126022339,0.3785274624824524,3.536656379699707,0.3706306517124176,0.6546226739883423,3.6854617595672607,-0.16353102028369904,0.44496244192123413,3.6663641929626465,-0.5923770070075989,0.42276560053020756,2
2026-09-24T12:27:54.811847,S012,S012_A5_Y_20260924_1227,elevated_20,A5,young,class_2,0.5533909797668457,0.5438281297683716,-1.796338438987732,0.5892370939254761,0.4408637285232544,-1.7277100086212158,0.6141712069511414,0.4373493194580078,-1.7279250621795654,0.637271523475647,0.4349425137042999,-1.7280550003051758,0.5074700117111206,0.4477911591529846,-1.735624074935913,0.4804600179195404,0.44911691546440125,-1.7350794076919556,0.45535820722579956,0.4521578848361969,-1.7356361150741577,0.6779617071151733,0.46136102080345154,-1.1430699825286865,0.42733755707740784,0.4794919788837433,-1.1506760120391846,0.6056305170059204,0.633391797542572,-1.5576236248016357,0.5117995738983154,0.6438068151473999,-1.562166690826416,0.8761833310127258,0.8863961696624756,-0.6404329538345337,0.24689272046089172,0.8849068284034729,-0.7394968271255493,1.0016015768051147,1.3771487474441528,-0.6611694693565369,0.1288338005542755,1.4617170095443726,-0.6417831182479858,0.9467528462409973,1.6211564540863037,-1.2967959642410278,0.21239754557609558,1.7609840631484985,-1.3188468217849731,0.9674407839775085,1.7278976440429688,-1.4760500192642212,0.21166369318962097,1.8898874521255493,-1.5285041332244873,0.9111281633377075,1.6959961652755737,-1.5859414339065552,0.26437908411026,1.8384379148483276,-1.632254958152771,0.8878076672554016,1.645993709564209,-1.3718289136886597,0.2781544625759125,1.7831898927688599,-1.3856052160263062,0.7638309597969055,1.8608486652374268,-0.05775027349591255,0.36554139852523804,1.8579983711242676,0.06495316326618195,0.7295910120010376,2.6868574619293213,-0.10814955085515976,0.3643772006034851,2.6617884635925293,-0.21030981838703156,0.7220646142959595,3.4294188022613525,0.6534315943717957,0.37976735830307007,3.4062139987945557,0.35459402203559875,0.729914128780365,3.552947521209717,0.6789029836654663,0.38052430748939514,3.5260417461395264,0.37803611159324646,0.653499186038971,3.6687498092651367,-0.18815352022647858,0.44372862577438354,3.6460471153259277,-0.5685558319091797,0.42269278898245166,2
2026-09-24T12:27:54.988132,S012,S012_A5_Y_20260924_1227,elevated_20,A5,young,class_2,0.5523886680603027,0.5456877946853638,-1.7992156744003296,0.5884391665458679,0.4414829909801483,-1.7343552112579346,0.6134113669395447,0.4380224645137787,-1.7346537113189697,0.636441707611084,0.435451477766037,-1.734830617904663,0.5069079399108887,0.4484342038631439,-1.7388734817504883,0.4800722002983093,0.4495689272880554,-1.7384006977081299,0.4551975727081299,0.4525313079357147,-1.7390695810317993,0.6771931648254395,0.46135276556015015,-1.160945177078247,0.4273609220981598,0.47946518659591675,-1.1569896936416626,0.605028510093689,0.634042501449585,-1.56459641456604,0.5110421776771545,0.6448448300361633,-1.5651113986968994,0.8762791752815247,0.8871000409126282,-0.6388106346130371,0.245929554104805,0.8872479200363159,-0.7375613451004028,1.0006053447723389,1.3774588108062744,-0.6203203201293945,0.12255483865737915,1.4603674411773682,-0.575008749961853,0.9514795541763306,1.6732152700424194,-1.228749394416809,0.1772768199443817,1.8390024900436401,-1.1596617698669434,0.9755202531814575,1.799294114112854,-1.3999674320220947,0.16357359290122986,1.9898650646209717,-1.3597393035888672,0.9195548892021179,1.7843666076660156,-1.5271377563476562,0.2228526771068573,1.9661787748336792,-1.4786115884780884,0.8956331014633179,1.727554440498352,-1.3102811574935913,0.24234220385551453,1.9037004709243774,-1.2306678295135498,0.7615389227867126,1.8614450693130493,-0.05128856748342514,0.36542052030563354,1.8585931062698364,0.05836040899157524,0.7302777171134949,2.6870064735412598,-0.15283653140068054,0.3696097433567047,2.6620383262634277,-0.3254835307598114,0.7302991151809692,3.4302635192871094,0.5649721026420593,0.3934943377971649,3.4079205989837646,0.1673944741487503,0.7377736568450928,3.55553936958313,0.5869372487068176,0.39614683389663696,3.5321590900421143,0.1836642622947693,0.6674541234970093,3.6689186096191406,-0.27921074628829956,0.4545792043209076,3.645887613296509,-0.7583877444267273,0.42265065204441216,2
2026-09-24T12:27:55.161325,S012,S012_A5_Y_20260924_1227,elevated_20,A5,young,class_2,0.5493665933609009,0.5494281053543091,-1.7802696228027344,0.586329460144043,0.44324254989624023,-1.712767243385315,0.6118041276931763,0.43989115953445435,-1.7132850885391235,0.6346758604049683,0.43731117248535156,-1.7134536504745483,0.5044086575508118,0.45052725076675415,-1.715620994567871,0.4778187870979309,0.4513939321041107,-1.7152093648910522,0.4540356993675232,0.45422419905662537,-1.7160327434539795,0.6762370467185974,0.4627838134765625,-1.1288354396820068,0.4271693825721741,0.47978129982948303,-1.1168133020401,0.603529691696167,0.6368029713630676,-1.5410902500152588,0.5085669755935669,0.6478920578956604,-1.5393846035003662,0.8763934373855591,0.891229510307312,-0.6072543859481812,0.24331820011138916,0.8931139707565308,-0.695506751537323,1.0000332593917847,1.3867015838623047,-0.5935910940170288,0.11682896316051483,1.4762638807296753,-0.5372902154922485,0.9514595866203308,1.7515867948532104,-1.2267626523971558,0.17570830881595612,1.8726781606674194,-1.1703002452850342,0.9755269289016724,1.8990222215652466,-1.4001277685165405,0.16694363951683044,2.0273072719573975,-1.384178876876831,0.9184646606445312,1.884329915046692,-1.5231064558029175,0.22617578506469727,1.9971505403518677,-1.4983161687850952,0.8945385813713074,1.822039246559143,-1.309790849685669,0.2436896115541458,1.934255599975586,-1.241155982017517,0.7610243558883667,1.8842915296554565,-0.051488570868968964,0.3647300899028778,1.8877261877059937,0.05856034904718399,0.7335759997367859,2.705223321914673,-0.20257258415222168,0.3735770583152771,2.6791443824768066,-0.35595446825027466,0.7411091923713684,3.4477343559265137,0.5378071069717407,0.400256872177124,3.4295504093170166,0.14817556738853455,0.7492508292198181,3.575131416320801,0.5608887076377869,0.40293675661087036,3.5612165927886963,0.1664707362651825,0.6791303157806396,3.691896915435791,-0.3200804591178894,0.46225205063819885,3.661036729812622,-0.787185788154602,0.4223207530455759,2
2026-09-24T12:27:55.334834,S012,S012_A5_Y_20260924_1227,elevated_20,A5,young,class_2,0.5485143065452576,0.551626980304718,-1.7782701253890991,0.5856850147247314,0.44382989406585693,-1.70853590965271,0.6113239526748657,0.44027629494667053,-1.7089916467666626,0.6341928243637085,0.43746086955070496,-1.709140419960022,0.5040923357009888,0.4515259563922882,-1.7110137939453125,0.47767210006713867,0.45202529430389404,-1.710593819618225,0.4539841115474701,0.4546886682510376,-1.7113702297210693,0.6755103468894958,0.46269306540489197,-1.1243934631347656,0.4272601008415222,0.4795394539833069,-1.1179828643798828,0.602796196937561,0.6376440525054932,-1.5387561321258545,0.5082768797874451,0.6488553285598755,-1.5364186763763428,0.8763972520828247,0.8926787972450256,-0.6074034571647644,0.24311718344688416,0.8927029371261597,-0.7113553285598755,0.9939953088760376,1.388964295387268,-0.5491690635681152,0.11431735754013062,1.4758899211883545,-0.5519041419029236,0.9458621740341187,1.7779425382614136,-1.1139566898345947,0.16315743327140808,1.879143476486206,-1.148289680480957,0.9695758819580078,1.929054617881775,-1.2797540426254272,0.15035656094551086,2.034104347229004,-1.3480602502822876,0.9105420112609863,1.9136189222335815,-1.3904082775115967,0.20853975415229797,2.009521484375,-1.466051697731018,0.8874484300613403,1.8504719734191895,-1.188881516456604,0.22804851830005646,1.9462707042694092,-1.2196177244186401,0.7576358318328857,1.8841111660003662,-0.04950413480401039,0.3613050580024719,1.8875433206558228,0.05658382177352905,0.7332918047904968,2.7049789428710938,-0.17937089502811432,0.37330907583236694,2.679110527038574,-0.30350542068481445,0.7410019040107727,3.447575807571411,0.5849880576133728,0.4000605642795563,3.429124593734741,0.22502215206623077,0.7491674423217773,3.575009822845459,0.6106879115104675,0.40279683470726013,3.5599710941314697,0.24643652141094208,0.6790188550949097,3.6918740272521973,-0.26795753836631775,0.46147027611732483,3.660975694656372,-0.7030025720596313,0.4218217918452424,2
2026-09-24T12:27:55.477989,S012,S012_A5_Y_20260924_1227,elevated_20,A5,young,class_2,0.5473181009292603,0.5516219735145569,-1.7744003534317017,0.5836392045021057,0.44383105635643005,-1.7052758932113647,0.609472393989563,0.44025319814682007,-1.7056925296783447,0.6322018504142761,0.4373718500137329,-1.7058441638946533,0.5033887624740601,0.4515450894832611,-1.7080084085464478,0.4772997796535492,0.4520339369773865,-1.707543969154358,0.453885018825531,0.4546804130077362,-1.7082929611206055,0.6732879877090454,0.4622769057750702,-1.127447247505188,0.4274055063724518,0.4792957603931427,-1.124809980392456,0.6016003489494324,0.6376351714134216,-1.5372579097747803,0.508084774017334,0.6486316919326782,-1.5349127054214478,0.8758500218391418,0.8914729356765747,-0.6126937866210938,0.24495311081409454,0.891952633857727,-0.7221461534500122,0.9908081889152527,1.3832168579101562,-0.5169217586517334,0.11483313143253326,1.4592784643173218,-0.558964192867279,0.9459317922592163,1.7764943838119507,-1.0387890338897705,0.16678723692893982,1.8709419965744019,-1.1382085084915161,0.9696944355964661,1.924813985824585,-1.1966943740844727,0.1546778678894043,2.0224387645721436,-1.331333875656128,0.9107204675674438,1.9084805250167847,-1.3092801570892334,0.21172818541526794,1.9928463697433472,-1.4477509260177612,0.8876326680183411,1.8469390869140625,-1.112091064453125,0.23111701011657715,1.9310250282287598,-1.2084585428237915,0.7566591501235962,1.8758379220962524,-0.04897302761673927,0.361831396818161,1.8797277212142944,0.05593442916870117,0.7336748242378235,2.6957387924194336,-0.18224862217903137,0.3755500912666321,2.6737136840820312,-0.2813756465911865,0.7418092489242554,3.4429144859313965,0.5398550629615784,0.4064613878726959,3.425633668899536,0.21724751591682434,0.750220537185669,3.5705597400665283,0.5628281831741333,0.4104532301425934,3.5560853481292725,0.23522868752479553,0.6808181405067444,3.685626745223999,-0.29176655411720276,0.4650808274745941,3.6561243534088135,-0.6883538961410522,0.4216883146208685,2
2026-09-24T12:27:55.607806,S012,S012_A5_Y_20260924_1227,elevated_20,A5,young,class_2,0.5457419157028198,0.5508902072906494,-1.7621409893035889,0.580807626247406,0.4433949887752533,-1.6967480182647705,0.606653094291687,0.4396713078022003,-1.6972299814224243,0.6290696263313293,0.4366416335105896,-1.6973934173583984,0.5022298097610474,0.45129507780075073,-1.7004657983779907,0.47654375433921814,0.4516163468360901,-1.6999683380126953,0.453652948141098,0.454259991645813,-1.7007240056991577,0.6696986556053162,0.4613378643989563,-1.124504804611206,0.4274367690086365,0.4788096845149994,-1.1230669021606445,0.6001482605934143,0.6370128393173218,-1.52711021900177,0.5078557133674622,0.6471272706985474,-1.5260058641433716,0.8745905756950378,0.8891350626945496,-0.6088650226593018,0.24620819091796875,0.8911311030387878,-0.7204181551933289,0.9901893734931946,1.3781660795211792,-0.5032276511192322,0.11517878621816635,1.4473649263381958,-0.5615257024765015,0.947088897228241,1.784238576889038,-1.0347404479980469,0.16202498972415924,1.8672173023223877,-1.15481698513031,0.9718636274337769,1.936087727546692,-1.1969529390335083,0.1449022740125656,2.01985764503479,-1.3538910150527954,0.9126245379447937,1.9247870445251465,-1.3102803230285645,0.20338889956474304,1.9975992441177368,-1.4735667705535889,0.8892135620117188,1.8625328540802002,-1.1093058586120605,0.22467868030071259,1.9352179765701294,-1.227569341659546,0.7567249536514282,1.8727028369903564,-0.04912188649177551,0.3643006682395935,1.8781605958938599,0.056051015853881836,0.7349618673324585,2.692584753036499,-0.1724221259355545,0.37973493337631226,2.6725194454193115,-0.2805946469306946,0.7452100515365601,3.4406704902648926,0.5704623460769653,0.41288915276527405,3.4243392944335938,0.23928196728229523,0.7539432644844055,3.5688247680664062,0.5952056050300598,0.4178951680660248,3.5550146102905273,0.2591879069805145,0.6847122311592102,3.6823649406433105,-0.26655107736587524,0.4705716073513031,3.6539981365203857,-0.6794877648353577,0.42134697029993706,2
2026-09-24T12:27:55.722336,S012,S012_A5_Y_20260924_1227,elevated_20,A5,young,class_2,0.5453339219093323,0.5501708388328552,-1.6587375402450562,0.5797642469406128,0.44306308031082153,-1.5967621803283691,0.6056473255157471,0.439222127199173,-1.5970960855484009,0.627956211566925,0.4360406994819641,-1.5972336530685425,0.5018858909606934,0.45114579796791077,-1.601776361465454,0.47642016410827637,0.45139947533607483,-1.6009466648101807,0.45363110303878784,0.4540711045265198,-1.6015403270721436,0.6685801148414612,0.4608376920223236,-1.050649642944336,0.42784446477890015,0.4787611663341522,-1.0471349954605103,0.5996865034103394,0.6363475322723389,-1.4376643896102905,0.5078543424606323,0.6463221311569214,-1.4369852542877197,0.8744198083877563,0.8890751004219055,-0.5776718854904175,0.24810044467449188,0.891044557094574,-0.697654664516449,0.9899129867553711,1.3782734870910645,-0.4830058515071869,0.11539889872074127,1.4422374963760376,-0.5361489653587341,0.9473156929016113,1.7904125452041626,-1.0125149488449097,0.1622089296579361,1.8638795614242554,-1.098538875579834,0.9732459187507629,1.9417403936386108,-1.1769583225250244,0.14443257451057434,2.0160725116729736,-1.2840805053710938,0.9128823280334473,1.9302310943603516,-1.2766402959823608,0.2038678675889969,1.9940565824508667,-1.4045636653900146,0.8892815709114075,1.8686985969543457,-1.0830094814300537,0.22514255344867706,1.9320199489593506,-1.1700689792633057,0.7575419545173645,1.8696688413619995,-0.055471740663051605,0.36540311574935913,1.8755888938903809,0.06238102912902832,0.7383612990379333,2.687643527984619,-0.15889528393745422,0.380360871553421,2.6727404594421387,-0.016466448083519936,0.7476681470870972,3.433586835861206,0.6545277833938599,0.41529345512390137,3.417215585708618,0.5529886484146118,0.7570327520370483,3.5610275268554688,0.6881878972053528,0.4200690686702728,3.542228937149048,0.5829139351844788,0.6875126957893372,3.6704189777374268,-0.156025692820549,0.4738534092903137,3.647274971008301,-0.3148255944252014,0.4211420653552495,2
2026-09-24T12:27:55.864657,S012,S012_A5_Y_20260924_1227,elevated_20,A5,young,class_2,0.5453478693962097,0.5503082871437073,-1.657822847366333,0.5796953439712524,0.4437013268470764,-1.5959498882293701,0.6054806709289551,0.43997278809547424,-1.596280574798584,0.6276272535324097,0.436701238155365,-1.5964734554290771,0.5019497871398926,0.45158901810646057,-1.6021850109100342,0.4766562581062317,0.4517979621887207,-1.6014254093170166,0.4538156986236572,0.4543934762477875,-1.6019906997680664,0.6678361892700195,0.46116167306900024,-1.0403778553009033,0.4284265637397766,0.4788937270641327,-1.0424225330352783,0.599418044090271,0.6364607214927673,-1.4322196245193481,0.5079506635665894,0.6465068459510803,-1.4333033561706543,0.8735771179199219,0.8881635069847107,-0.5730776190757751,0.2481527030467987,0.8908509016036987,-0.676228940486908,0.9843780398368835,1.3783526420593262,-0.4899502694606781,0.12462864071130753,1.4429155588150024,-0.5169171094894409,0.9460352659225464,1.7927414178848267,-1.0470961332321167,0.17619185149669647,1.844322681427002,-1.1271404027938843,0.9727413058280945,1.942844271659851,-1.2185157537460327,0.16150334477424622,1.9882475137710571,-1.3259375095367432,0.9121333956718445,1.9306747913360596,-1.3200089931488037,0.21692082285881042,1.9613221883773804,-1.4424058198928833,0.8882237672805786,1.869292974472046,-1.1195164918899536,0.2368534803390503,1.9022992849349976,-1.198270559310913,0.7576388120651245,1.8622643947601318,-0.06003110483288765,0.36676889657974243,1.8690316677093506,0.06686825305223465,0.7384912967681885,2.681544303894043,-0.1545265018939972,0.3803821802139282,2.6712279319763184,-0.0599801130592823,0.746812641620636,3.429917573928833,0.6549442410469055,0.4150516390800476,3.41263484954834,0.4833081364631653,0.7562829852104187,3.5566205978393555,0.6871269345283508,0.4196973741054535,3.5345218181610107,0.5087820887565613,0.6856930255889893,3.6666483879089355,-0.1640731245279312,0.4738002419471741,3.6454172134399414,-0.41109520196914673,0.42084879453443247,2
2026-09-24T12:27:55.994496,S012,S012_A5_Y_20260924_1227,elevated_20,A5,young,class_2,0.5455331802368164,0.5509506464004517,-1.5840922594070435,0.5797635912895203,0.44498056173324585,-1.5240129232406616,0.605482280254364,0.4413542151451111,-1.524294137954712,0.6275289058685303,0.4379582405090332,-1.5245277881622314,0.5023067593574524,0.45243585109710693,-1.5300939083099365,0.4772312045097351,0.4526152014732361,-1.5292322635650635,0.4542120397090912,0.4550245702266693,-1.5297343730926514,0.6672405004501343,0.4615863561630249,-0.9722293019294739,0.4290873110294342,0.4789736568927765,-0.9720479846000671,0.5992440581321716,0.6366446614265442,-1.360123634338379,0.5081959962844849,0.6467193365097046,-1.360295295715332,0.8718377947807312,0.8843152523040771,-0.5258206129074097,0.24993860721588135,0.8875097036361694,-0.6210459470748901,0.9839731454849243,1.378430724143982,-0.45348602533340454,0.12461148202419281,1.4434971809387207,-0.5049928426742554,0.9455754160881042,1.8007769584655762,-0.9983070492744446,0.17456629872322083,1.834715485572815,-1.1380342245101929,0.9724164009094238,1.9538187980651855,-1.171726942062378,0.1601945012807846,1.9740740060806274,-1.3354146480560303,0.9104486703872681,1.944414496421814,-1.2705000638961792,0.21569351851940155,1.9489775896072388,-1.4514186382293701,0.8865586519241333,1.8828405141830444,-1.0693575143814087,0.23534758388996124,1.8923007249832153,-1.2090895175933838,0.7577694058418274,1.8591865301132202,-0.06767469644546509,0.369598925113678,1.8675729036331177,0.0745558887720108,0.7392595410346985,2.677199602127075,-0.1493087112903595,0.38043224811553955,2.672106981277466,0.04953048750758171,0.7459813356399536,3.4269940853118896,0.6712077260017395,0.41489076614379883,3.4120495319366455,0.5893962979316711,0.7556492686271667,3.5527243614196777,0.7052298784255981,0.41940850019454956,3.5325093269348145,0.6165351867675781,0.6837724447250366,3.664168357849121,-0.13793304562568665,0.4726431965827942,3.645472764968872,-0.2832682728767395,0.42017839818805497,2
2026-09-24T12:27:56.107431,S012,S012_A5_Y_20260924_1227,elevated_20,A5,young,class_2,0.5463710427284241,0.5510721802711487,-1.5750012397766113,0.5802322030067444,0.4451691210269928,-1.514237642288208,0.6056073904037476,0.4415455162525177,-1.5145316123962402,0.6275531053543091,0.4380745589733124,-1.514744520187378,0.5031006336212158,0.4525392949581146,-1.521907091140747,0.47810864448547363,0.4527053236961365,-1.521012783050537,0.4547955095767975,0.45504048466682434,-1.5215412378311157,0.6669282913208008,0.46157917380332947,-0.962380051612854,0.4293976426124573,0.4789719879627228,-0.9696843028068542,0.5992456674575806,0.6366865634918213,-1.3515158891677856,0.5089437961578369,0.6468057036399841,-1.3539564609527588,0.8710027933120728,0.8843047022819519,-0.5203511714935303,0.2494579553604126,0.8880442976951599,-0.6250749826431274,0.9787351489067078,1.3807978630065918,-0.4657781720161438,0.12515512108802795,1.4475963115692139,-0.515160858631134,0.9448340535163879,1.8051191568374634,-1.01060152053833,0.1749548614025116,1.838020920753479,-1.150618076324463,0.9724380373954773,1.9574148654937744,-1.1997315883636475,0.16067054867744446,1.9788563251495361,-1.349601149559021,0.9104216694831848,1.9473015069961548,-1.2975990772247314,0.2164812982082367,1.9534950256347656,-1.4569075107574463,0.8861214518547058,1.8869214057922363,-1.0763589143753052,0.23617324233055115,1.8966737985610962,-1.2199519872665405,0.7578448057174683,1.8604387044906616,-0.07026004791259766,0.3698576092720032,1.8700892925262451,0.07717247307300568,0.7398775815963745,2.6772704124450684,-0.08220763504505157,0.37992435693740845,2.6812050342559814,0.11619889736175537,0.7464820742607117,3.4269776344299316,0.7937812209129333,0.41485804319381714,3.412557363510132,0.7290319204330444,0.7562716603279114,3.552577495574951,0.8333767652511597,0.419332891702652,3.532492160797119,0.764103889465332,0.684742271900177,3.6641459465026855,-0.007388786878436804,0.4732882082462311,3.6475884914398193,-0.1341399997472763,0.42004377820624295,2
2026-09-24T12:27:56.221897,S012,S012_A5_Y_20260924_1227,elevated_20,A5,young,class_2,0.5465288758277893,0.5510240197181702,-1.5378762483596802,0.5802825689315796,0.4451996684074402,-1.47434401512146,0.6056082248687744,0.4416026473045349,-1.474707007408142,0.6274809241294861,0.4381329417228699,-1.4749399423599243,0.5033259391784668,0.4525487720966339,-1.47890043258667,0.47835031151771545,0.4526968002319336,-1.477949857711792,0.4549679756164551,0.4549289047718048,-1.4784269332885742,0.6666370034217834,0.4616159498691559,-0.9154573678970337,0.42956072092056274,0.4787472188472748,-0.908046543598175,0.5992146134376526,0.6366179585456848,-1.3135513067245483,0.509078860282898,0.6467262506484985,-1.3118407726287842,0.8707544207572937,0.8837127685546875,-0.49525803327560425,0.24936743080615997,0.8880447149276733,-0.568149745464325,0.9784592390060425,1.3817025423049927,-0.4741445481777191,0.13896125555038452,1.4566729068756104,-0.5210458040237427,0.9446803331375122,1.8063011169433594,-1.086606740951538,0.1903543472290039,1.8371390104293823,-1.2891435623168945,0.9724992513656616,1.9590357542037964,-1.2996841669082642,0.17604316771030426,1.9774906635284424,-1.5149800777435303,0.9098912477493286,1.9482741355895996,-1.3998641967773438,0.23177678883075714,1.9494868516921997,-1.6350295543670654,0.885134220123291,1.8879159688949585,-1.1597230434417725,0.25179317593574524,1.8927490711212158,-1.3665777444839478,0.7588273882865906,1.8613736629486084,-0.07672803103923798,0.3724273145198822,1.8714416027069092,0.08382917940616608,0.7408100366592407,2.677424907684326,-0.07244217395782471,0.3799365162849426,2.685163736343384,0.12626227736473083,0.746036946773529,3.426665782928467,0.7927507162094116,0.4136589467525482,3.413184642791748,0.7269174456596375,0.755787193775177,3.551997423171997,0.830376148223877,0.4179469645023346,3.532660961151123,0.7592192888259888,0.6834803819656372,3.6638407707214355,-0.019810834899544716,0.4707735478878021,3.649482250213623,-0.1446710228919983,0.4197746548729673,2
2026-09-24T12:27:56.386926,S012,S012_A5_Y_20260924_1227,elevated_20,A5,young,class_2,0.5474358797073364,0.5514909625053406,-1.554897427558899,0.5813849568367004,0.4461251497268677,-1.4900997877120972,0.6060594320297241,0.4425455927848816,-1.4903967380523682,0.627754807472229,0.43898990750312805,-1.4906071424484253,0.5043502449989319,0.4529934525489807,-1.4966504573822021,0.4792017936706543,0.4531749188899994,-1.4957753419876099,0.4555768072605133,0.4551991820335388,-1.496260166168213,0.6665271520614624,0.4620586335659027,-0.9265645146369934,0.429804265499115,0.4787342846393585,-0.9289513826370239,0.5992168188095093,0.6368424296379089,-1.3291466236114502,0.5095143914222717,0.6470370888710022,-1.3300988674163818,0.8693988919258118,0.8833453059196472,-0.5047006011009216,0.24895012378692627,0.8881015181541443,-0.5900446176528931,0.9786359071731567,1.3837432861328125,-0.5358034372329712,0.13973692059516907,1.4658794403076172,-0.6349869966506958,0.9446966052055359,1.8065434694290161,-1.229630708694458,0.18806590139865875,1.8324992656707764,-1.5002830028533936,0.973054051399231,1.9591673612594604,-1.4419420957565308,0.17134729027748108,1.9697805643081665,-1.7346556186676025,0.909894585609436,1.9479769468307495,-1.5374858379364014,0.2263874113559723,1.9381129741668701,-1.8515714406967163,0.8849835395812988,1.8880045413970947,-1.3040473461151123,0.24758508801460266,1.883034348487854,-1.5784103870391846,0.7609163522720337,1.8636573553085327,-0.07777947932481766,0.3741985559463501,1.876333475112915,0.08494831621646881,0.7450433969497681,2.6779370307922363,-0.020004548132419586,0.3801237940788269,2.69183611869812,0.15437544882297516,0.7478408813476562,3.4266374111175537,0.8912016153335571,0.4135555326938629,3.415653705596924,0.8005517721176147,0.7578085660934448,3.5517899990081787,0.9337398409843445,0.41780614852905273,3.5344185829162598,0.8384028673171997,0.6849668622016907,3.6638994216918945,0.0897335559129715,0.4710686206817627,3.654120683670044,-0.06865940243005753,0.4195619948676529,2
2026-09-24T12:27:56.541606,S012,S012_A5_Y_20260924_1227,elevated_20,A5,young,class_2,0.5476768016815186,0.5517278909683228,-1.4776722192764282,0.5815092325210571,0.4462919533252716,-1.4130926132202148,0.6060839891433716,0.44263285398483276,-1.4135375022888184,0.6277632117271423,0.4390215277671814,-1.4138128757476807,0.5044922828674316,0.453626811504364,-1.419731616973877,0.47940874099731445,0.45417824387550354,-1.4188868999481201,0.4557461142539978,0.4564456045627594,-1.4193851947784424,0.6663913130760193,0.4620577394962311,-0.8475462198257446,0.4300125539302826,0.4796983599662781,-0.8506066203117371,0.5992524027824402,0.6370885968208313,-1.2502009868621826,0.5099583268165588,0.6478419899940491,-1.2512232065200806,0.8685453534126282,0.8825122714042664,-0.4111681580543518,0.2504245638847351,0.8881855607032776,-0.5222399830818176,0.9741341471672058,1.3761038780212402,-0.4387325644493103,0.15251347422599792,1.4527008533477783,-0.5770666599273682,0.9390166401863098,1.7906450033187866,-1.1561623811721802,0.19893985986709595,1.7889838218688965,-1.3965694904327393,0.9659243822097778,1.9410804510116577,-1.3791005611419678,0.18332327902317047,1.9213817119598389,-1.6264116764068604,0.9051030278205872,1.9239081144332886,-1.4943580627441406,0.2359410524368286,1.885483980178833,-1.74014413356781,0.8800838589668274,1.8658696413040161,-1.2373052835464478,0.2567344903945923,1.8314129114151,-1.4720585346221924,0.7609419226646423,1.860207438468933,-0.0774347111582756,0.3762437105178833,1.871649146080017,0.08461322635412216,0.7452073693275452,2.6717417240142822,-0.024989720433950424,0.3822219967842102,2.68701434135437,0.09345947951078415,0.7490783333778381,3.4185996055603027,0.8104880452156067,0.4168317914009094,3.4099230766296387,0.6890376806259155,0.7589351534843445,3.5426595211029053,0.8429226875305176,0.4212954044342041,3.5266802310943604,0.7235245108604431,0.6884528398513794,3.6506361961364746,0.0015048959758132696,0.4735771715641022,3.646692991256714,-0.19370809197425842,0.4196507282182817,2
2026-09-24T12:27:56.669157,S012,S012_A5_Y_20260924_1227,elevated_20,A5,young,class_2,0.5478626489639282,0.5520753264427185,-1.6039917469024658,0.5815626382827759,0.44630423188209534,-1.5372580289840698,0.6060931086540222,0.4426242411136627,-1.537733793258667,0.6277657151222229,0.43893468379974365,-1.538026213645935,0.5044787526130676,0.45383644104003906,-1.5447471141815186,0.4793364405632019,0.45450538396835327,-1.5439995527267456,0.45557093620300293,0.45691201090812683,-1.5446161031723022,0.6661401987075806,0.46166926622390747,-0.9483240842819214,0.4290260672569275,0.4801984131336212,-0.9585669636726379,0.5993305444717407,0.6373212933540344,-1.3639748096466064,0.5099553465843201,0.6484355330467224,-1.3672713041305542,0.8694154024124146,0.884602963924408,-0.46887287497520447,0.24061338603496552,0.8885944485664368,-0.576971173286438,0.9742341041564941,1.3807432651519775,-0.48246389627456665,0.14408275485038757,1.4583821296691895,-0.5301758646965027,0.9382156133651733,1.80116868019104,-1.1836135387420654,0.18570896983146667,1.8392977714538574,-1.2079447507858276,0.9645060300827026,1.9550578594207764,-1.39564847946167,0.1684192419052124,1.9858720302581787,-1.4367291927337646,0.9014890789985657,1.9373847246170044,-1.509929895401001,0.22463169693946838,1.956620454788208,-1.5686743259429932,0.8768497705459595,1.876302719116211,-1.264679193496704,0.24646727740764618,1.8961304426193237,-1.2878466844558716,0.7584339380264282,1.8649526834487915,-0.0693558007478714,0.36999791860580444,1.8742119073867798,0.07668663561344147,0.7390717267990112,2.6796858310699463,-0.07179079204797745,0.37660378217697144,2.6866281032562256,-0.16972705721855164,0.7449671030044556,3.423175573348999,0.7131632566452026,0.40780147910118103,3.411206007003784,0.38337939977645874,0.754365861415863,3.5483462810516357,0.7416038513183594,0.4120236039161682,3.5311923027038574,0.4083560109138489,0.6829861402511597,3.660327672958374,-0.11984951794147491,0.46596798300743103,3.6473658084869385,-0.5260359644889832,0.4201503355206197,2
2026-09-24T12:27:56.842194,S012,S012_A5_Y_20260924_1227,elevated_20,A5,young,class_2,0.5476700067520142,0.549856424331665,-1.7099225521087646,0.581405520439148,0.4447808861732483,-1.6410434246063232,0.6059949994087219,0.4410058856010437,-1.6413389444351196,0.6276724934577942,0.4372609257698059,-1.6415420770645142,0.5037469863891602,0.45215877890586853,-1.6480642557144165,0.4781624376773834,0.45236214995384216,-1.647329330444336,0.45481380820274353,0.4545467495918274,-1.6478748321533203,0.6655756831169128,0.46015599370002747,-1.058192253112793,0.42734846472740173,0.47862258553504944,-1.0664557218551636,0.5986822247505188,0.6358629465103149,-1.4736878871917725,0.5087313652038574,0.6461697220802307,-1.4770305156707764,0.8681477308273315,0.8840113282203674,-0.5829650163650513,0.2328311651945114,0.8894653916358948,-0.6589151620864868,0.9740480184555054,1.3839117288589478,-0.5579608678817749,0.14006802439689636,1.4711177349090576,-0.6215865612030029,0.9311991930007935,1.7996786832809448,-1.1849640607833862,0.21642248332500458,1.8280911445617676,-1.3596453666687012,0.9575751423835754,1.950614094734192,-1.3876458406448364,0.22097747027873993,1.9695402383804321,-1.5932071208953857,0.893837571144104,1.931756854057312,-1.4942206144332886,0.2741207778453827,1.922122836112976,-1.6926885843276978,0.8695452809333801,1.8708617687225342,-1.261561393737793,0.28547149896621704,1.863702416419983,-1.4273849725723267,0.7560397386550903,1.8637149333953857,-0.06674765050411224,0.3643963634967804,1.8727643489837646,0.07417576014995575,0.7362433671951294,2.679076671600342,-0.07150845229625702,0.3746296465396881,2.680267810821533,-0.1548716127872467,0.737986147403717,3.4208791255950928,0.7451028823852539,0.3973502516746521,3.4107282161712646,0.423265278339386,0.7462769150733948,3.545170307159424,0.7774198651313782,0.3989701271057129,3.5312461853027344,0.4508698582649231,0.6728441715240479,3.660482883453369,-0.09760589897632599,0.456964910030365,3.6468164920806885,-0.4914206564426422,0.4197508630127369,2
2026-09-24T12:27:56.969759,S012,S012_A5_Y_20260924_1227,elevated_20,A5,young,class_2,0.5476962327957153,0.5485376119613647,-1.6705691814422607,0.58140629529953,0.4436940550804138,-1.5908641815185547,0.6059678792953491,0.44000953435897827,-1.5912625789642334,0.6276191473007202,0.43643563985824585,-1.5913766622543335,0.5036564469337463,0.4508775472640991,-1.5996164083480835,0.477916955947876,0.45092833042144775,-1.5988150835037231,0.45458275079727173,0.45302629470825195,-1.599353551864624,0.664893388748169,0.45996806025505066,-0.998391330242157,0.42654919624328613,0.4782992899417877,-1.0139930248260498,0.5984023809432983,0.6350337266921997,-1.434850811958313,0.5083028078079224,0.645008385181427,-1.4413825273513794,0.8669206500053406,0.8841120004653931,-0.5699296593666077,0.22808937728405,0.8938575387001038,-0.6346668601036072,0.966251015663147,1.384529709815979,-0.5844382643699646,0.13971194624900818,1.47923743724823,-0.6414633989334106,0.9245912432670593,1.793184757232666,-1.2826366424560547,0.22366473078727722,1.820554256439209,-1.4648139476776123,0.952423095703125,1.9393551349639893,-1.5029293298721313,0.22867512702941895,1.9583954811096191,-1.7105529308319092,0.8893957138061523,1.920305609703064,-1.602893590927124,0.28142619132995605,1.9048993587493896,-1.8131463527679443,0.8639933466911316,1.8619918823242188,-1.3597004413604736,0.2929609715938568,1.8485615253448486,-1.5366814136505127,0.7530278563499451,1.8646128177642822,-0.06675028055906296,0.361858606338501,1.8745328187942505,0.07418103516101837,0.7358044385910034,2.679495096206665,-0.07292633503675461,0.3740156888961792,2.680893659591675,-0.14714756608009338,0.7381563186645508,3.420917510986328,0.773391604423523,0.397629052400589,3.411062002182007,0.4926455616950989,0.7464810013771057,3.545055389404297,0.8090171813964844,0.3992299437522888,3.531825542449951,0.5258721113204956,0.6730350852012634,3.6606011390686035,-0.06205623224377632,0.457378089427948,3.6468889713287354,-0.42101773619651794,0.4198346796824119,2
2026-09-24T12:27:57.067326,S012,S012_A5_Y_20260924_1227,elevated_20,A5,young,class_2,0.5476897954940796,0.5484527945518494,-1.666912317276001,0.5814062356948853,0.44344615936279297,-1.5879865884780884,0.6059702038764954,0.43971869349479675,-1.5884069204330444,0.6276316046714783,0.43611758947372437,-1.5885506868362427,0.5034934282302856,0.45066317915916443,-1.5970264673233032,0.47759875655174255,0.4505749046802521,-1.5963125228881836,0.4542734622955322,0.4525820314884186,-1.5968776941299438,0.6648131608963013,0.459518164396286,-0.9998888969421387,0.4258565306663513,0.4779135584831238,-1.0128906965255737,0.598291277885437,0.6349612474441528,-1.4308921098709106,0.5080817937850952,0.6447742581367493,-1.4380179643630981,0.866866409778595,0.8834211230278015,-0.5654199123382568,0.2277580201625824,0.8938417434692383,-0.6353776454925537,0.9624975323677063,1.392085313796997,-0.5745774507522583,0.13983890414237976,1.4788531064987183,-0.6268836855888367,0.9224869608879089,1.7926456928253174,-1.2451770305633545,0.2253519594669342,1.8128584623336792,-1.408029556274414,0.9510879516601562,1.937022089958191,-1.451390266418457,0.227990984916687,1.95010507106781,-1.6432342529296875,0.8889611959457397,1.9161567687988281,-1.5529671907424927,0.280474990606308,1.896450400352478,-1.7511898279190063,0.8635337948799133,1.8584367036819458,-1.3203343152999878,0.293195903301239,1.8405033349990845,-1.4808036088943481,0.7517507672309875,1.8637452125549316,-0.066501185297966,0.35998937487602234,1.871867299079895,0.07400207966566086,0.7330099940299988,2.6790695190429688,-0.05928470566868782,0.3703395128250122,2.679842948913574,-0.08079160004854202,0.730514407157898,3.4200901985168457,0.8176264762878418,0.3886656165122986,3.4104812145233154,0.5721837282180786,0.7382475137710571,3.543555498123169,0.8555954098701477,0.3892839550971985,3.5312771797180176,0.6068189740180969,0.6632797718048096,3.6606128215789795,-0.014897954650223255,0.44776812195777893,3.6466240882873535,-0.3397189974784851,0.41951246826531796,2
2026-09-24T12:27:57.178875,S012,S012_A5_Y_20260924_1227,elevated_20,A5,young,class_2,0.5471199750900269,0.5484388470649719,-1.6585662364959717,0.5811634063720703,0.4433995187282562,-1.5839778184890747,0.6056934595108032,0.43965980410575867,-1.5843394994735718,0.627268373966217,0.4360264837741852,-1.5844939947128296,0.5033842325210571,0.45067116618156433,-1.5940632820129395,0.47755497694015503,0.4505845010280609,-1.5932644605636597,0.45424121618270874,0.4525897800922394,-1.5937966108322144,0.6644259691238403,0.4591776430606842,-1.0001405477523804,0.42605796456336975,0.4778711497783661,-1.0137393474578857,0.5978471040725708,0.6348038911819458,-1.4282991886138916,0.5075514316558838,0.6448070406913757,-1.4374033212661743,0.8667491674423218,0.8761550188064575,-0.5625857710838318,0.23049673438072205,0.8939996957778931,-0.6452330350875854,0.9544379115104675,1.3848353624343872,-0.5421023964881897,0.1462164968252182,1.468200445175171,-0.6190918684005737,0.9228664636611938,1.773297667503357,-1.1604230403900146,0.22882375121116638,1.7856961488723755,-1.3763504028320312,0.953498363494873,1.9104994535446167,-1.357053279876709,0.2283209264278412,1.9167524576187134,-1.6050331592559814,0.8959159851074219,1.894421935081482,-1.467357873916626,0.27994751930236816,1.8696568012237549,-1.710942029953003,0.8688896894454956,1.8394895792007446,-1.240073800086975,0.29359596967697144,1.8158575296401978,-1.4478027820587158,0.752182126045227,1.8371059894561768,-0.06452978402376175,0.36296719312667847,1.8472943305969238,0.07192640006542206,0.7349399924278259,2.652604579925537,-0.04475720599293709,0.3745960295200348,2.655932664871216,-0.05335097759962082,0.7368615865707397,3.396754026412964,0.8024721145629883,0.3979094922542572,3.3866145610809326,0.5660477876663208,0.7457245588302612,3.5194754600524902,0.8383601903915405,0.39969706535339355,3.50462007522583,0.5986520051956177,0.6705840826034546,3.6341922283172607,-0.028816059231758118,0.4580952227115631,3.62032413482666,-0.3421488106250763,0.41904224995899614,2
2026-09-24T12:27:57.281455,S012,S012_A5_Y_20260924_1227,elevated_20,A5,young,class_2,0.5470017194747925,0.5484331846237183,-1.5566134452819824,0.5808994770050049,0.4431932866573334,-1.487273931503296,0.6054437756538391,0.4392683207988739,-1.4875926971435547,0.6270009279251099,0.4352976083755493,-1.4877289533615112,0.503278911113739,0.4506116807460785,-1.4912413358688354,0.4775490164756775,0.45050540566444397,-1.490225076675415,0.45423951745033264,0.4524194002151489,-1.4907042980194092,0.664401650428772,0.4575729966163635,-0.9247719645500183,0.42652541399002075,0.4772772490978241,-0.9163341522216797,0.5978423357009888,0.6345289945602417,-1.3339451551437378,0.5075509548187256,0.6447852849960327,-1.3332068920135498,0.8675589561462402,0.8766186833381653,-0.49724704027175903,0.23355527222156525,0.8924384713172913,-0.5831049680709839,0.9554723501205444,1.3861826658248901,-0.4901639521121979,0.14578279852867126,1.4527713060379028,-0.5848881006240845,0.9255693554878235,1.7698860168457031,-1.1197752952575684,0.2302606999874115,1.7688754796981812,-1.3684951066970825,0.9575336575508118,1.904127597808838,-1.318293571472168,0.23025357723236084,1.9028183221817017,-1.6000182628631592,0.9014075398445129,1.8838913440704346,-1.4222917556762695,0.28421759605407715,1.8519420623779297,-1.7038171291351318,0.8739601969718933,1.830471396446228,-1.1971452236175537,0.29728952050209045,1.7979767322540283,-1.4399607181549072,0.7516332864761353,1.8385519981384277,-0.06452710926532745,0.36204105615615845,1.84433913230896,0.0719229131937027,0.7327867746353149,2.6539194583892822,-0.04424836486577988,0.3720054030418396,2.652541399002075,-0.009295586496591568,0.733353853225708,3.395207643508911,0.8254382014274597,0.3952395021915436,3.3777060508728027,0.6241689920425415,0.7415186166763306,3.517188310623169,0.862476646900177,0.39699381589889526,3.4924347400665283,0.6589447259902954,0.6686369776725769,3.630722999572754,-0.005493070464581251,0.45614123344421387,3.613410234451294,-0.27397289872169495,0.4191550421733568,2
2026-09-24T12:27:57.381000,S012,S012_A5_Y_20260924_1227,elevated_20,A5,young,class_2,0.5466543436050415,0.5484950542449951,-1.5619652271270752,0.5807181000709534,0.443235844373703,-1.4957786798477173,0.6053048968315125,0.4392930567264557,-1.4960800409317017,0.6268613338470459,0.43529701232910156,-1.4961851835250854,0.503179669380188,0.4506417512893677,-1.4984943866729736,0.47753748297691345,0.45051124691963196,-1.497546672821045,0.4542403221130371,0.45241355895996094,-1.4980438947677612,0.6644386649131775,0.4573579728603363,-0.9388262629508972,0.4269476532936096,0.47691670060157776,-0.9301034212112427,0.5977224707603455,0.6345660090446472,-1.341587781906128,0.5073341131210327,0.6449100375175476,-1.3390308618545532,0.8682543635368347,0.8766731023788452,-0.5037906765937805,0.23411862552165985,0.8924444913864136,-0.5915424823760986,0.9598636627197266,1.3860132694244385,-0.5106684565544128,0.14150677621364594,1.4491937160491943,-0.5482400059700012,0.9278165102005005,1.770251989364624,-1.1686861515045166,0.2084326297044754,1.7940199375152588,-1.234161376953125,0.9593283534049988,1.9055674076080322,-1.3711472749710083,0.19797755777835846,1.9384791851043701,-1.4517697095870972,0.9017708897590637,1.885668396949768,-1.4689770936965942,0.25807467103004456,1.900277018547058,-1.5648367404937744,0.8744653463363647,1.8316538333892822,-1.2439231872558594,0.2767154574394226,1.8435133695602417,-1.3063838481903076,0.7516873478889465,1.8387672901153564,-0.06392432749271393,0.3621130883693695,1.8455700874328613,0.07131266593933105,0.73237144947052,2.6544156074523926,-0.05695756524801254,0.37196463346481323,2.653520345687866,-0.01107102818787098,0.7334378957748413,3.396027088165283,0.7868947982788086,0.3955254554748535,3.3796300888061523,0.598871111869812,0.7416567802429199,3.517871856689453,0.8214109539985657,0.39730244874954224,3.495227098464966,0.6317459344863892,0.6688808798789978,3.6325879096984863,-0.02939453162252903,0.45655903220176697,3.615459442138672,-0.27747276425361633,0.4200452814380476,2
2026-09-24T12:27:57.476574,S012,S012_A5_Y_20260924_1227,elevated_20,A5,young,class_2,0.5457073450088501,0.5485013723373413,-1.5972784757614136,0.5801424980163574,0.4432317316532135,-1.5305122137069702,0.6049858927726746,0.4392858147621155,-1.5308295488357544,0.6265639066696167,0.43528473377227783,-1.5308732986450195,0.502647340297699,0.45064225792884827,-1.529054880142212,0.47724753618240356,0.4504755139350891,-1.528254747390747,0.4541291296482086,0.4523680508136749,-1.52878737449646,0.6644311547279358,0.45733731985092163,-0.9713549613952637,0.42721205949783325,0.47678306698799133,-0.9455204010009766,0.5972601175308228,0.6346033811569214,-1.3755549192428589,0.506671130657196,0.6449137330055237,-1.368845820426941,0.8689221143722534,0.878063976764679,-0.5214627385139465,0.23432333767414093,0.8925485014915466,-0.5920290946960449,0.9600090980529785,1.3873019218444824,-0.5362196564674377,0.13621696829795837,1.4412181377410889,-0.5363186597824097,0.9279341697692871,1.7704745531082153,-1.2077796459197998,0.20571286976337433,1.7951104640960693,-1.2277300357818604,0.9594390988349915,1.9064635038375854,-1.4122889041900635,0.19566214084625244,1.941481113433838,-1.4505741596221924,0.901628851890564,1.8869266510009766,-1.516087532043457,0.25709038972854614,1.9044421911239624,-1.5601309537887573,0.8744885325431824,1.832464337348938,-1.284826397895813,0.2756156325340271,1.8470896482467651,-1.2988249063491821,0.7496825456619263,1.8396172523498535,-0.0625273659825325,0.3609854280948639,1.8461744785308838,0.06985990703105927,0.7277767062187195,2.658519744873047,-0.09743545204401016,0.3705100119113922,2.6536014080047607,-0.12499929964542389,0.7286496758460999,3.3986446857452393,0.711803138256073,0.3936982750892639,3.3808534145355225,0.44174498319625854,0.7362576723098755,3.5214242935180664,0.7416306138038635,0.3953295350074768,3.49715256690979,0.4683667719364166,0.6649511456489563,3.6331186294555664,-0.12566028535366058,0.4543815553188324,3.6166398525238037,-0.4640182554721832,0.42082978408496163,2
2026-09-24T12:27:57.572003,S012,S012_A5_Y_20260924_1227,elevated_20,A5,young,class_2,0.5431050062179565,0.5484389066696167,-1.7021220922470093,0.5784753561019897,0.44316166639328003,-1.6413425207138062,0.6038706302642822,0.43920576572418213,-1.6417787075042725,0.6254593729972839,0.4352201223373413,-1.6418914794921875,0.5007354021072388,0.4503839313983917,-1.6371309757232666,0.47548526525497437,0.4499579071998596,-1.6366020441055298,0.4532483220100403,0.4517863392829895,-1.637247085571289,0.6643610000610352,0.4566839933395386,-1.0751092433929443,0.42724570631980896,0.47530126571655273,-1.034057378768921,0.596340537071228,0.6345984935760498,-1.471453070640564,0.5045434236526489,0.6448385715484619,-1.460747241973877,0.8694813847541809,0.8769394755363464,-0.5761427283287048,0.2389412224292755,0.8918641805648804,-0.6103652715682983,0.9708558320999146,1.3786543607711792,-0.5492493510246277,0.13630977272987366,1.4387307167053223,-0.5187138319015503,0.9308418035507202,1.7539029121398926,-1.2019314765930176,0.20572960376739502,1.7963865995407104,-1.212811827659607,0.9595270156860352,1.8912758827209473,-1.4054076671600342,0.19616001844406128,1.9440585374832153,-1.4359138011932373,0.9019938707351685,1.8652037382125854,-1.508780837059021,0.2572680711746216,1.9062187671661377,-1.54863703250885,0.8760550618171692,1.8093189001083374,-1.2787530422210693,0.27564114332199097,1.848333477973938,-1.2853230237960815,0.7537878751754761,1.8415172100067139,-0.06376446783542633,0.368028849363327,1.8464215993881226,0.0709858164191246,0.7305940389633179,2.662250280380249,-0.15565349161624908,0.3755958378314972,2.653773307800293,-0.21159715950489044,0.7321071624755859,3.404524326324463,0.5780065059661865,0.4007520079612732,3.3827476501464844,0.2884219288825989,0.739625096321106,3.528754949569702,0.5998779535293579,0.4035007059574127,3.5016870498657227,0.3077326714992523,0.6690882444381714,3.6380414962768555,-0.2790291905403137,0.4607175886631012,3.617377281188965,-0.6302083730697632,0.4211737138845792,2
2026-09-24T12:27:57.665834,S012,S012_A5_Y_20260924_1227,elevated_20,A5,young,class_2,0.5418425798416138,0.5484349131584167,-1.7179193496704102,0.5776169896125793,0.44302982091903687,-1.6568403244018555,0.6032595038414001,0.43906813859939575,-1.6572818756103516,0.624810516834259,0.4351038336753845,-1.6574175357818604,0.49960294365882874,0.4501454532146454,-1.6529655456542969,0.47437310218811035,0.44952529668807983,-1.6525709629058838,0.4526384472846985,0.4513551890850067,-1.6532585620880127,0.6643364429473877,0.4560799300670624,-1.0865657329559326,0.4272749423980713,0.47440701723098755,-1.0482571125030518,0.5958508253097534,0.6346166133880615,-1.4848421812057495,0.5035076141357422,0.6448516249656677,-1.4749269485473633,0.8699849247932434,0.8763043880462646,-0.588342547416687,0.2417292296886444,0.8917112350463867,-0.6117293238639832,0.9806841611862183,1.3749332427978516,-0.5595312118530273,0.13705453276634216,1.4391933679580688,-0.5252794027328491,0.9368273615837097,1.7504518032073975,-1.21182119846344,0.20672795176506042,1.7907344102859497,-1.2838449478149414,0.9611111879348755,1.889624834060669,-1.411420464515686,0.20006351172924042,1.9349428415298462,-1.5211231708526611,0.9040605425834656,1.8620599508285522,-1.5243046283721924,0.2586001455783844,1.8897994756698608,-1.6276142597198486,0.8796190023422241,1.8050782680511475,-1.2899143695831299,0.27621370553970337,1.8330953121185303,-1.3568083047866821,0.7558044195175171,1.8507329225540161,-0.0637584999203682,0.3724070191383362,1.8530094623565674,0.07097627222537994,0.7331706881523132,2.6703059673309326,-0.2151777297258377,0.37864214181900024,2.6541051864624023,-0.2941259741783142,0.7378021478652954,3.414850950241089,0.47236713767051697,0.4062719941139221,3.3876357078552246,0.15224218368530273,0.7456716895103455,3.5407371520996094,0.4902220666408539,0.4096910357475281,3.5099387168884277,0.16434231400489807,0.6758192777633667,3.6475272178649902,-0.3888799250125885,0.465447336435318,3.6207544803619385,-0.7700231075286865,0.42142855226787407,2
2026-09-24T12:27:57.760469,S012,S012_A5_Y_20260924_1227,elevated_20,A5,young,class_2,0.539958119392395,0.5483381748199463,-1.701216459274292,0.576117217540741,0.44273433089256287,-1.6406137943267822,0.6021746397018433,0.4388003647327423,-1.6409759521484375,0.6237097978591919,0.43493902683258057,-1.6410802602767944,0.497702419757843,0.44965091347694397,-1.6375954151153564,0.4724480211734772,0.44874873757362366,-1.6369850635528564,0.4516608715057373,0.45043259859085083,-1.637608289718628,0.6641148328781128,0.4558679759502411,-1.0778700113296509,0.4272140562534332,0.4733269512653351,-1.03963303565979,0.5948361158370972,0.6346259713172913,-1.471710205078125,0.5018642544746399,0.644862174987793,-1.462019681930542,0.8702099919319153,0.8764141201972961,-0.5937521457672119,0.2417515069246292,0.8907737731933594,-0.6175663471221924,0.9848548173904419,1.3788697719573975,-0.5753434896469116,0.13597893714904785,1.4448184967041016,-0.5300960540771484,0.9419377446174622,1.751328706741333,-1.228588342666626,0.2059413641691208,1.7976508140563965,-1.284035325050354,0.9669248461723328,1.8910542726516724,-1.4292311668395996,0.19992227852344513,1.9438080787658691,-1.5191293954849243,0.9079827070236206,1.8646090030670166,-1.5352983474731445,0.2582545578479767,1.8951457738876343,-1.625165581703186,0.8836113810539246,1.8075861930847168,-1.3050843477249146,0.27571186423301697,1.8383382558822632,-1.3568859100341797,0.756252646446228,1.8550503253936768,-0.06903372704982758,0.37148386240005493,1.855796456336975,0.07648802548646927,0.7332218885421753,2.6761159896850586,-0.18383587896823883,0.37388357520103455,2.6599953174591064,-0.15592317283153534,0.7350476980209351,3.418905019760132,0.516158938407898,0.3976478576660156,3.3915367126464844,0.40737566351890564,0.7434334754943848,3.543663263320923,0.552613377571106,0.40053191781044006,3.5128695964813232,0.43562811613082886,0.6679787635803223,3.6566240787506104,-0.3825410008430481,0.4572281837463379,3.629930019378662,-0.5120699405670166,0.4213504738458913,2
2026-09-24T12:27:57.847941,S012,S012_A5_Y_20260924_1227,elevated_20,A5,young,class_2,0.5385931730270386,0.5479050278663635,-1.6936252117156982,0.5755643844604492,0.44245800375938416,-1.636278510093689,0.601798415184021,0.438519686460495,-1.636797308921814,0.623401403427124,0.43470752239227295,-1.63690185546875,0.49699702858924866,0.4493791460990906,-1.6368013620376587,0.4718035161495209,0.44830945134162903,-1.6360158920288086,0.45130831003189087,0.449910044670105,-1.6365820169448853,0.6641179323196411,0.45558926463127136,-1.0696028470993042,0.4275881350040436,0.4724928140640259,-1.0343682765960693,0.5944725275039673,0.6345966458320618,-1.46579909324646,0.5011821985244751,0.6447211503982544,-1.4608737230300903,0.8706588745117188,0.8764504790306091,-0.5959984064102173,0.24193207919597626,0.8897470235824585,-0.6390343904495239,0.9872561693191528,1.379244089126587,-0.5599628686904907,0.12854184210300446,1.4467655420303345,-0.511364758014679,0.9423033595085144,1.756069302558899,-1.1104985475540161,0.1781710833311081,1.8296955823898315,-1.1315382719039917,0.9672262072563171,1.8967723846435547,-1.2837101221084595,0.16387946903705597,1.978955626487732,-1.3268561363220215,0.9079380035400391,1.8733550310134888,-1.3801078796386719,0.2233027219772339,1.9439884424209595,-1.4396488666534424,0.883603572845459,1.8161532878875732,-1.179955005645752,0.24430342018604279,1.8857135772705078,-1.2011559009552002,0.7561190724372864,1.8551143407821655,-0.07131688296794891,0.36958858370780945,1.8556830883026123,0.0786830484867096,0.7332528829574585,2.676652431488037,-0.17808592319488525,0.37330034375190735,2.6625447273254395,-0.04883360490202904,0.7351241111755371,3.420889139175415,0.5701073408126831,0.3980419635772705,3.3932688236236572,0.5230973362922668,0.7437623739242554,3.54567551612854,0.6120390295982361,0.4012453556060791,3.513306140899658,0.5533398389816284,0.6680851578712463,3.6589515209198,-0.2706582844257355,0.4572978615760803,3.6340112686157227,-0.3710690140724182,0.42123858052797336,2
2026-09-24T12:27:57.940550,S012,S012_A5_Y_20260924_1227,elevated_20,A5,young,class_2,0.5373827815055847,0.5473842024803162,-1.6879513263702393,0.5750433802604675,0.44225236773490906,-1.6289913654327393,0.6014554500579834,0.43837764859199524,-1.6294748783111572,0.6231091618537903,0.4346415400505066,-1.6295709609985352,0.4964083135128021,0.44891127943992615,-1.630144476890564,0.4712527394294739,0.44756177067756653,-1.6293236017227173,0.4509907364845276,0.44905778765678406,-1.6298418045043945,0.6641144156455994,0.4555598795413971,-1.0629802942276,0.4276370406150818,0.47172898054122925,-1.0311379432678223,0.5938237309455872,0.6345810294151306,-1.4594285488128662,0.5001975297927856,0.6442702412605286,-1.4547762870788574,0.8706493377685547,0.8779247999191284,-0.5917190909385681,0.2417537420988083,0.8891565203666687,-0.6397917866706848,0.9856876134872437,1.3804771900177002,-0.5377353429794312,0.12369592487812042,1.4469037055969238,-0.5033169984817505,0.9399391412734985,1.7593638896942139,-1.0927766561508179,0.15973642468452454,1.8315622806549072,-1.1410149335861206,0.9636951684951782,1.9012025594711304,-1.2695482969284058,0.14218315482139587,1.9796594381332397,-1.3477815389633179,0.903896689414978,1.8789743185043335,-1.3751952648162842,0.20007531344890594,1.9468042850494385,-1.4656355381011963,0.8803769946098328,1.8205825090408325,-1.1660696268081665,0.222324937582016,1.8885504007339478,-1.2144935131072998,0.7506585121154785,1.856155514717102,-0.07011623680591583,0.36344242095947266,1.8557407855987549,0.07745964825153351,0.7269160747528076,2.677300453186035,-0.1748325377702713,0.3657075762748718,2.66230845451355,-0.15213614702224731,0.7297357320785522,3.422563314437866,0.5616979598999023,0.39048683643341064,3.3942325115203857,0.3437228798866272,0.7385657429695129,3.5480055809020996,0.5890162587165833,0.3936089873313904,3.5158791542053223,0.3632197678089142,0.6627508997917175,3.660641670227051,-0.27781474590301514,0.4470768868923187,3.6340856552124023,-0.5607720613479614,0.42134642856768606,2
2026-09-24T12:27:58.066129,S012,S012_A5_Y_20260924_1227,elevated_20,A5,young,class_2,0.5363156199455261,0.5471981763839722,-1.7301450967788696,0.574566662311554,0.4422391951084137,-1.671364426612854,0.6011451482772827,0.43833401799201965,-1.6717159748077393,0.6228309273719788,0.43457919359207153,-1.6718299388885498,0.49560603499412537,0.4488992393016815,-1.6706844568252563,0.47054916620254517,0.4475274384021759,-1.6700204610824585,0.45057448744773865,0.44902241230010986,-1.670654058456421,0.6640073657035828,0.45536863803863525,-1.1191164255142212,0.4276573657989502,0.47135478258132935,-1.092118740081787,0.5934543609619141,0.6345726251602173,-1.5054365396499634,0.4995347559452057,0.6441914439201355,-1.4994239807128906,0.8705355525016785,0.8780210018157959,-0.6309720277786255,0.2418552190065384,0.888530969619751,-0.6907307505607605,0.9819875955581665,1.3805545568466187,-0.5450464487075806,0.12165065109729767,1.4448261260986328,-0.5289788246154785,0.9399040341377258,1.7617954015731812,-1.0963711738586426,0.1591261923313141,1.8417134284973145,-1.1526811122894287,0.9637077450752258,1.9039747714996338,-1.2684770822525024,0.14268186688423157,1.9931340217590332,-1.3556748628616333,0.9043595194816589,1.8844982385635376,-1.380204439163208,0.200553297996521,1.9670460224151611,-1.4735298156738281,0.8807894587516785,1.8258650302886963,-1.1708576679229736,0.22246690094470978,1.9071859121322632,-1.2254878282546997,0.7496858239173889,1.8545087575912476,-0.06282801926136017,0.36305874586105347,1.8534125089645386,0.07001081109046936,0.7264936566352844,2.676114559173584,-0.20615553855895996,0.365783154964447,2.657083034515381,-0.2588217556476593,0.7296673059463501,3.4221608638763428,0.5139784812927246,0.39075517654418945,3.3944718837738037,0.2102896273136139,0.7383660674095154,3.5477418899536133,0.5366984605789185,0.3938070237636566,3.5164248943328857,0.22598083317279816,0.6630152463912964,3.6606390476226807,-0.3277618885040283,0.4472104012966156,3.633087396621704,-0.7004522681236267,0.42130456525008025,2
2026-09-24T12:27:58.188697,S012,S012_A5_Y_20260924_1227,elevated_20,A5,young,class_2,0.5359457731246948,0.5461587309837341,-1.7285188436508179,0.5744898319244385,0.44156110286712646,-1.6649541854858398,0.601114809513092,0.43763038516044617,-1.6652719974517822,0.6227939128875732,0.4339234232902527,-1.6653573513031006,0.49530452489852905,0.4481842815876007,-1.6664717197418213,0.4702625274658203,0.4466336965560913,-1.6658061742782593,0.4504026770591736,0.44804123044013977,-1.6664721965789795,0.6640218496322632,0.45532363653182983,-1.1060843467712402,0.42767518758773804,0.47089871764183044,-1.0910589694976807,0.5932385921478271,0.6344371438026428,-1.5017311573028564,0.499103844165802,0.6434265971183777,-1.4991414546966553,0.870686411857605,0.8819841146469116,-0.6212053298950195,0.2411072701215744,0.8902183175086975,-0.6965295076370239,0.9784512519836426,1.3882097005844116,-0.544940173625946,0.1179267019033432,1.4449454545974731,-0.5306743383407593,0.9383603930473328,1.7729766368865967,-1.1075193881988525,0.1586216688156128,1.84921395778656,-1.1491934061050415,0.9624225497245789,1.9148598909378052,-1.2826921939849854,0.14338409900665283,2.001861333847046,-1.3535914421081543,0.9038373827934265,1.8966223001480103,-1.393223524093628,0.20152440667152405,1.97611665725708,-1.4694526195526123,0.8801717758178711,1.8376864194869995,-1.1823874711990356,0.22272324562072754,1.9156032800674438,-1.221505880355835,0.7487720251083374,1.8552278280258179,-0.05432800203561783,0.3598306179046631,1.8537333011627197,0.06163063645362854,0.7254140973091125,2.6771328449249268,-0.21456901729106903,0.3651687502861023,2.656660318374634,-0.33239221572875977,0.7295759916305542,3.42270565032959,0.5184360146522522,0.38986656069755554,3.3949027061462402,0.157520592212677,0.7381280064582825,3.548583745956421,0.5414455533027649,0.39265114068984985,3.518444776535034,0.17439015209674835,0.6632229685783386,3.661973476409912,-0.3299097716808319,0.44717875123023987,3.633028268814087,-0.7671943306922913,0.42107628560684546,2
2026-09-24T12:27:58.312840,S012,S012_A5_Y_20260924_1227,elevated_20,A5,young,class_2,0.5355558395385742,0.545622706413269,-1.7134029865264893,0.5741958618164062,0.4413643777370453,-1.6539127826690674,0.600878894329071,0.4375007748603821,-1.6542251110076904,0.6225295066833496,0.43387848138809204,-1.6543705463409424,0.49489903450012207,0.44779491424560547,-1.6578963994979858,0.46988359093666077,0.4461713135242462,-1.6571992635726929,0.4502081274986267,0.44756603240966797,-1.6579091548919678,0.6637144088745117,0.4553050696849823,-1.100902795791626,0.42767706513404846,0.4707818627357483,-1.0794647932052612,0.5925506353378296,0.6341755390167236,-1.4917333126068115,0.49845343828201294,0.6427263021469116,-1.4930700063705444,0.8700287938117981,0.8822330236434937,-0.6179696917533875,0.24030494689941406,0.8912115097045898,-0.68940269947052,0.9723702669143677,1.38788640499115,-0.5202993750572205,0.11803936958312988,1.4390305280685425,-0.5268328785896301,0.9366017580032349,1.7756291627883911,-1.0506044626235962,0.15336275100708008,1.8522189855575562,-1.1132171154022217,0.9613159894943237,1.918578028678894,-1.2152447700500488,0.13314951956272125,2.005774974822998,-1.3071208000183105,0.9034732580184937,1.902837872505188,-1.3237842321395874,0.1920294165611267,1.985219955444336,-1.4294497966766357,0.8797087669372559,1.8432395458221436,-1.1237080097198486,0.21530389785766602,1.923793077468872,-1.186780333518982,0.748619556427002,1.8553318977355957,-0.05442807078361511,0.35983261466026306,1.8538196086883545,0.061661772429943085,0.7255133986473083,2.6763083934783936,-0.20176264643669128,0.3652677536010742,2.6564903259277344,-0.3051144778728485,0.7308815717697144,3.4209845066070557,0.5493053197860718,0.39235687255859375,3.394414186477661,0.21392960846424103,0.7395859956741333,3.5472347736358643,0.5744715929031372,0.3960125744342804,3.5179226398468018,0.23618388175964355,0.6666795611381531,3.6592864990234375,-0.30502980947494507,0.4505118429660797,3.630194902420044,-0.7244826555252075,0.42109923524924053,2
2026-09-24T12:27:58.424915,S012,S012_A5_Y_20260924_1227,elevated_20,A5,young,class_2,0.5360535383224487,0.5445667505264282,-1.7274398803710938,0.5744677782058716,0.4403599500656128,-1.6657850742340088,0.6009913086891174,0.4365626871585846,-1.666164755821228,0.6226418614387512,0.4330058693885803,-1.6663663387298584,0.4951733648777008,0.44681453704833984,-1.6714121103286743,0.47009581327438354,0.4452015161514282,-1.6707122325897217,0.45026296377182007,0.4465777277946472,-1.6714102029800415,0.6637030839920044,0.4548419117927551,-1.1061276197433472,0.42768245935440063,0.47050946950912476,-1.1033438444137573,0.5925902724266052,0.6334800124168396,-1.5006815195083618,0.49864283204078674,0.6417100429534912,-1.5030734539031982,0.8699048757553101,0.882688581943512,-0.6250718832015991,0.23961815237998962,0.8917138576507568,-0.7116010785102844,0.9686956405639648,1.3885914087295532,-0.5264544486999512,0.11817847192287445,1.4392273426055908,-0.542790949344635,0.9357449412345886,1.782380223274231,-1.0711417198181152,0.15580789744853973,1.8581645488739014,-1.1364213228225708,0.9609333276748657,1.9270350933074951,-1.2441176176071167,0.13715441524982452,2.01241397857666,-1.3382940292358398,0.9034246206283569,1.9124035835266113,-1.3511371612548828,0.19552777707576752,1.9919570684432983,-1.4556070566177368,0.8796097040176392,1.8520811796188354,-1.1446913480758667,0.2181045114994049,1.929993987083435,-1.208984136581421,0.7479403614997864,1.8553063869476318,-0.05459941551089287,0.35888370871543884,1.8539408445358276,0.061847805976867676,0.7253891229629517,2.6763193607330322,-0.16828720271587372,0.36499473452568054,2.656541585922241,-0.29107195138931274,0.7311869859695435,3.4209821224212646,0.5964704155921936,0.39298051595687866,3.39454984664917,0.2812141478061676,0.7398492097854614,3.5472474098205566,0.6226695775985718,0.3970816731452942,3.5180201530456543,0.31009942293167114,0.6681107878684998,3.659296989440918,-0.25408729910850525,0.4518255591392517,3.6300628185272217,-0.6454818248748779,0.4207684355423584,2
2026-09-24T12:27:58.559286,S012,S012_A5_Y_20260924_1227,elevated_20,A5,young,class_2,0.5362086296081543,0.5436487197875977,-1.726485013961792,0.5743603706359863,0.4394102394580841,-1.6638044118881226,0.6006917357444763,0.4356762170791626,-1.6641767024993896,0.6221334934234619,0.432282954454422,-1.6643970012664795,0.49522504210472107,0.44629496335983276,-1.6689544916152954,0.4701915681362152,0.44491374492645264,-1.668389081954956,0.4502961039543152,0.44648903608322144,-1.6690775156021118,0.6626577377319336,0.4547821581363678,-1.102400302886963,0.42768388986587524,0.4707289934158325,-1.1007130146026611,0.5925062298774719,0.6327252984046936,-1.4983495473861694,0.4989524781703949,0.6411405205726624,-1.4998255968093872,0.8692976832389832,0.8822162747383118,-0.6212276220321655,0.23962083458900452,0.8931795358657837,-0.7052134275436401,0.9687468409538269,1.384857416152954,-0.527338981628418,0.12094950675964355,1.4406580924987793,-0.5351741313934326,0.9354152679443359,1.780921459197998,-1.0798767805099487,0.1593540757894516,1.85677170753479,-1.1346423625946045,0.9603497385978699,1.9259999990463257,-1.2571769952774048,0.1411197930574417,2.011517286300659,-1.3404371738433838,0.9024621248245239,1.9122862815856934,-1.3560477495193481,0.19787630438804626,1.9877898693084717,-1.4579609632492065,0.8790464401245117,1.8513888120651245,-1.1522712707519531,0.21999040246009827,1.9265669584274292,-1.2069170475006104,0.7479410767555237,1.852920651435852,-0.053455449640750885,0.359717458486557,1.8532754182815552,0.06054035946726799,0.727307915687561,2.673069477081299,-0.19932208955287933,0.3691209554672241,2.65236496925354,-0.2846631109714508,0.7387686967849731,3.418450355529785,0.5361884832382202,0.4044836163520813,3.3925058841705322,0.21119239926338196,0.7478724718093872,3.5449798107147217,0.5610010623931885,0.40928545594215393,3.5162301063537598,0.22883430123329163,0.6793988943099976,3.6562979221343994,-0.30194777250289917,0.46590137481689453,3.626605987548828,-0.6985410451889038,0.4206917383724045,2
2026-09-24T12:27:58.676859,S012,S012_A5_Y_20260924_1227,elevated_20,A5,young,class_2,0.53769451379776,0.543125569820404,-1.6826879978179932,0.574529767036438,0.43891608715057373,-1.620556116104126,0.6006815433502197,0.4351956248283386,-1.6209192276000977,0.622097373008728,0.4317755699157715,-1.6211885213851929,0.49631771445274353,0.4460603594779968,-1.6297695636749268,0.47126707434654236,0.44480177760124207,-1.629047155380249,0.45081862807273865,0.44643786549568176,-1.629664421081543,0.6622869372367859,0.4546014368534088,-1.0621180534362793,0.42771047353744507,0.47091764211654663,-1.0784568786621094,0.5925678610801697,0.6319513916969299,-1.4555528163909912,0.5005549192428589,0.6407397985458374,-1.4611577987670898,0.8682032823562622,0.8803749084472656,-0.5905622243881226,0.23964950442314148,0.893253743648529,-0.701959490776062,0.9665715098381042,1.3776017427444458,-0.4939086437225342,0.12329232692718506,1.4404871463775635,-0.5225176215171814,0.9333206415176392,1.7754323482513428,-1.0500940084457397,0.1661836802959442,1.8553138971328735,-1.1152235269546509,0.9591520428657532,1.92039155960083,-1.226902961730957,0.1483975499868393,2.009528875350952,-1.3185917139053345,0.9012505412101746,1.9077438116073608,-1.3344700336456299,0.20525607466697693,1.9871141910552979,-1.4394216537475586,0.877704918384552,1.8472685813903809,-1.1248265504837036,0.22673019766807556,1.9258825778961182,-1.187964677810669,0.7478156089782715,1.8481477499008179,-0.05360431596636772,0.3597385287284851,1.8504369258880615,0.06068934127688408,0.7273355722427368,2.6646111011505127,-0.13429425656795502,0.3691972494125366,2.6484181880950928,-0.17189785838127136,0.7387332916259766,3.408494472503662,0.62608802318573,0.40486517548561096,3.3848884105682373,0.3678630590438843,0.7478205561637878,3.5346007347106934,0.6536926627159119,0.4097905158996582,3.506946325302124,0.3920387923717499,0.6792320013046265,3.6447083950042725,-0.1991889625787735,0.466295063495636,3.6173312664031982,-0.5229789018630981,0.42057881960406096,2
2026-09-24T12:27:58.785587,S012,S012_A5_Y_20260924_1227,elevated_20,A5,young,class_2,0.536918044090271,0.54156494140625,-1.5546751022338867,0.573611319065094,0.43809497356414795,-1.4960777759552002,0.5997979044914246,0.4344782829284668,-1.4963443279266357,0.6210468411445618,0.4312834143638611,-1.4965336322784424,0.4952828884124756,0.44462963938713074,-1.4958081245422363,0.47038406133651733,0.443359375,-1.4947503805160522,0.45032501220703125,0.4448951482772827,-1.4952576160430908,0.6614212989807129,0.45436519384384155,-0.9693301916122437,0.427360862493515,0.4697345495223999,-0.9401029348373413,0.5916590690612793,0.630866289138794,-1.3428192138671875,0.4997432231903076,0.6384729146957397,-1.3349863290786743,0.8678404092788696,0.8795967102050781,-0.5474115610122681,0.23941776156425476,0.89310222864151,-0.6229519844055176,0.9666343927383423,1.3793436288833618,-0.49666833877563477,0.12333526462316513,1.4406102895736694,-0.5028769373893738,0.9332950711250305,1.7780299186706543,-1.0569217205047607,0.16420719027519226,1.8559352159500122,-1.1164636611938477,0.9600833058357239,1.9225046634674072,-1.2445414066314697,0.14349405467510223,2.0095598697662354,-1.3179681301116943,0.9010507464408875,1.9102119207382202,-1.3428409099578857,0.20332768559455872,1.9866807460784912,-1.4368302822113037,0.8770950436592102,1.850801944732666,-1.1261754035949707,0.22580215334892273,1.9258450269699097,-1.18912672996521,0.747890293598175,1.8486343622207642,-0.062187373638153076,0.3597283959388733,1.850518822669983,0.06940585374832153,0.7265039682388306,2.664829730987549,-0.07851698249578476,0.3639654517173767,2.6507112979888916,0.07423260807991028,0.7332387566566467,3.4058947563171387,0.7595509886741638,0.39626047015190125,3.382174491882324,0.6785459518432617,0.7429753541946411,3.531352996826172,0.7961872816085815,0.4002588391304016,3.500662088394165,0.7124555110931396,0.669185996055603,3.6403961181640625,-0.044037941843271255,0.45661234855651855,3.616793394088745,-0.17641989886760712,0.42059367898984806,2
2026-09-24T12:27:58.891146,S012,S012_A5_Y_20260924_1227,elevated_20,A5,young,class_2,0.5356570482254028,0.5401374697685242,-1.5904641151428223,0.5724881291389465,0.43748536705970764,-1.5306720733642578,0.5988288521766663,0.43391576409339905,-1.5309635400772095,0.6201945543289185,0.4308792054653168,-1.5311440229415894,0.4940606653690338,0.44355908036231995,-1.5315258502960205,0.4694353938102722,0.4423443078994751,-1.5306107997894287,0.44981250166893005,0.4438495635986328,-1.5311657190322876,0.6607983112335205,0.45423367619514465,-0.9910786747932434,0.42722925543785095,0.46883445978164673,-0.9694697260856628,0.5904217958450317,0.6298795938491821,-1.3729677200317383,0.49851250648498535,0.6370131969451904,-1.3671600818634033,0.867646336555481,0.8782428503036499,-0.5491987466812134,0.23953840136528015,0.892199695110321,-0.6287649869918823,0.9679865837097168,1.3791779279708862,-0.5135331153869629,0.12369324266910553,1.440873384475708,-0.5107148885726929,0.9332637786865234,1.7740082740783691,-1.0584958791732788,0.1693143993616104,1.840444564819336,-1.1791925430297852,0.9600861668586731,1.9168694019317627,-1.2494080066680908,0.15166078507900238,1.9887150526046753,-1.3827011585235596,0.9006544351577759,1.902585506439209,-1.354968786239624,0.21106982231140137,1.9555189609527588,-1.487584114074707,0.8767490386962891,1.8443198204040527,-1.1340001821517944,0.23224207758903503,1.8971893787384033,-1.2470042705535889,0.7480071783065796,1.8479995727539062,-0.06797687709331512,0.35970017313957214,1.8490605354309082,0.07515669614076614,0.7258628606796265,2.6636316776275635,-0.08944005519151688,0.36178386211395264,2.650439500808716,0.027767356485128403,0.7274337410926819,3.4029924869537354,0.729392409324646,0.3889172375202179,3.3779265880584717,0.6096857786178589,0.737293541431427,3.527522325515747,0.7625305652618408,0.39193832874298096,3.4946556091308594,0.6404016017913818,0.6586788296699524,3.638249158859253,-0.09244964271783829,0.4483022093772888,3.614973545074463,-0.2690334916114807,0.4202928251884397,2
2026-09-24T12:27:58.993762,S012,S012_A5_Y_20260924_1227,elevated_20,A5,young,class_2,0.5339599847793579,0.5398499369621277,-1.5128898620605469,0.5714277029037476,0.43727773427963257,-1.4589720964431763,0.5981103777885437,0.4335712790489197,-1.4591429233551025,0.6196275949478149,0.4304977357387543,-1.4592583179473877,0.4929611086845398,0.4434453248977661,-1.4571031332015991,0.4685855805873871,0.44226089119911194,-1.455931305885315,0.4493568539619446,0.4437704384326935,-1.4563963413238525,0.6606409549713135,0.4537389576435089,-0.9500479698181152,0.4271697402000427,0.46847352385520935,-0.9108489751815796,0.5895967483520508,0.6297404766082764,-1.3066476583480835,0.4970262050628662,0.6368142366409302,-1.295929193496704,0.8678317070007324,0.8765968084335327,-0.531995952129364,0.23947378993034363,0.8919612169265747,-0.60317063331604,0.9720767736434937,1.3811924457550049,-0.49731650948524475,0.12172827869653702,1.4470078945159912,-0.5014917254447937,0.9368508458137512,1.7795541286468506,-1.0140198469161987,0.1666339784860611,1.848466157913208,-1.1372497081756592,0.9680339694023132,1.9228569269180298,-1.1836884021759033,0.14749500155448914,1.9982497692108154,-1.3270663022994995,0.9037901759147644,1.910093903541565,-1.270512342453003,0.2085437774658203,1.9660923480987549,-1.4294379949569702,0.8788595199584961,1.8528236150741577,-1.0804786682128906,0.23069503903388977,1.907610535621643,-1.202536940574646,0.7501145601272583,1.8505600690841675,-0.07100033760070801,0.3596278727054596,1.851521611213684,0.07833318412303925,0.7271856069564819,2.6659276485443115,-0.05253475159406662,0.3618234395980835,2.6583778858184814,0.1095055341720581,0.7274774312973022,3.4031286239624023,0.8090941309928894,0.3885316252708435,3.378201961517334,0.7309382557868958,0.7375829219818115,3.5278003215789795,0.8475131988525391,0.3913559317588806,3.4953649044036865,0.7683113217353821,0.6586763262748718,3.639404296875,0.00914253480732441,0.4477531909942627,3.6184446811676025,-0.11717983335256577,0.42017649727473105,2
2026-09-24T12:27:59.106364,S012,S012_A5_Y_20260924_1227,elevated_20,A5,young,class_2,0.5326456427574158,0.5395519137382507,-1.544335961341858,0.5705130696296692,0.4370649456977844,-1.4885146617889404,0.5974593162536621,0.4332748353481293,-1.48872971534729,0.61911940574646,0.43021705746650696,-1.4888383150100708,0.4921081066131592,0.4433402121067047,-1.4869645833969116,0.4679492115974426,0.44220373034477234,-1.485917091369629,0.4490049481391907,0.44373929500579834,-1.4864380359649658,0.6604429483413696,0.45365282893180847,-0.9682369232177734,0.4271523356437683,0.46842730045318604,-0.9309992790222168,0.5890040397644043,0.6296141743659973,-1.3334434032440186,0.4959941506385803,0.6365664601325989,-1.3234889507293701,0.8679344058036804,0.8765507936477661,-0.5391189455986023,0.23936060070991516,0.8919645547866821,-0.6083548069000244,0.9724351763725281,1.382297158241272,-0.5101998448371887,0.12061456590890884,1.4489655494689941,-0.5034745931625366,0.93682461977005,1.7784619331359863,-1.0709619522094727,0.1668458729982376,1.8483078479766846,-1.1467609405517578,0.96806401014328,1.9205702543258667,-1.244815707206726,0.14797376096248627,1.99802827835083,-1.3351404666900635,0.903767466545105,1.9067867994308472,-1.320656418800354,0.20866486430168152,1.965978741645813,-1.433846116065979,0.8787983655929565,1.8500316143035889,-1.135318398475647,0.23080499470233917,1.907497525215149,-1.2093992233276367,0.750176727771759,1.8529493808746338,-0.07284007221460342,0.3586881160736084,1.8527721166610718,0.08022254705429077,0.7262624502182007,2.668774366378784,-0.05981801822781563,0.3595387637615204,2.6622345447540283,0.08039113134145737,0.7243524789810181,3.403862476348877,0.7865070104598999,0.383882611989975,3.3783204555511475,0.691365122795105,0.7349046468734741,3.5284502506256104,0.8222954869270325,0.3862091302871704,3.4959421157836914,0.7260141968727112,0.6517425775527954,3.64017915725708,-0.028104808181524277,0.4430212378501892,3.620368480682373,-0.17361491918563843,0.42007859105370066,2
2026-09-24T12:27:59.217469,S012,S012_A5_Y_20260924_1227,elevated_20,A5,young,class_2,0.5309104919433594,0.5396040081977844,-1.5631855726242065,0.5694085359573364,0.43710434436798096,-1.505671501159668,0.596853494644165,0.4333633780479431,-1.5059378147125244,0.6187998056411743,0.43043217062950134,-1.5060769319534302,0.49019479751586914,0.44331783056259155,-1.50550377368927,0.46625834703445435,0.4421786367893219,-1.5045486688613892,0.44791164994239807,0.4437161684036255,-1.5050973892211914,0.6604207158088684,0.45426884293556213,-0.9720533490180969,0.42627444863319397,0.46840956807136536,-0.9467437863349915,0.5881360769271851,0.6299213171005249,-1.3477486371994019,0.49380093812942505,0.6365655660629272,-1.340676188468933,0.867932915687561,0.8777521252632141,-0.5439683198928833,0.23798172175884247,0.892390787601471,-0.6112196445465088,0.9728500247001648,1.3938751220703125,-0.5129657983779907,0.11700226366519928,1.4703201055526733,-0.5094646215438843,0.9367184638977051,1.7845466136932373,-1.0740227699279785,0.16933530569076538,1.854398250579834,-1.159803867340088,0.9679781198501587,1.925713062286377,-1.2489471435546875,0.15510031580924988,2.003060817718506,-1.3471388816833496,0.9033883213996887,1.9108221530914307,-1.3321441411972046,0.21565194427967072,1.967648983001709,-1.4364423751831055,0.8783510327339172,1.854131817817688,-1.1403805017471313,0.23602059483528137,1.9091706275939941,-1.2191088199615479,0.750163197517395,1.8616809844970703,-0.07458207756280899,0.35646742582321167,1.8613088130950928,0.08202219009399414,0.7260869741439819,2.6812222003936768,-0.059722620993852615,0.3580103814601898,2.6773874759674072,0.09569873660802841,0.7226001620292664,3.414505958557129,0.8123893737792969,0.3801245093345642,3.3898377418518066,0.7235463857650757,0.7331944704055786,3.538357973098755,0.8506367802619934,0.3819146752357483,3.5051562786102295,0.7600466012954712,0.6486570239067078,3.65380597114563,-0.004038326907902956,0.4390715956687927,3.637498378753662,-0.14321696758270264,0.4197743119360287,2
2026-09-24T12:27:59.331084,S012,S012_A5_Y_20260924_1227,elevated_20,A5,young,class_2,0.5289512872695923,0.5399144887924194,-1.5673191547393799,0.5674338340759277,0.43781840801239014,-1.5125229358673096,0.5954771041870117,0.4342348873615265,-1.5127594470977783,0.6177132725715637,0.4317261278629303,-1.5128141641616821,0.4882439076900482,0.44375526905059814,-1.5074048042297363,0.4645553231239319,0.4428744316101074,-1.506540298461914,0.44680094718933105,0.4447629153728485,-1.5070695877075195,0.6597741842269897,0.45635321736335754,-0.9943891763687134,0.42541271448135376,0.46993163228034973,-0.9550825357437134,0.5870195627212524,0.6305659413337708,-1.3592805862426758,0.49200838804244995,0.6370680332183838,-1.3414618968963623,0.867928683757782,0.8848369717597961,-0.565633237361908,0.23672080039978027,0.8930864334106445,-0.6132882833480835,0.9728085398674011,1.4086476564407349,-0.5550000667572021,0.11294479668140411,1.4743781089782715,-0.5057024955749512,0.9354726076126099,1.8008816242218018,-1.1274234056472778,0.16562530398368835,1.8664664030075073,-1.1220754384994507,0.9672191739082336,1.9435279369354248,-1.3038403987884521,0.15058739483356476,2.017725944519043,-1.311995267868042,0.9008029699325562,1.9290564060211182,-1.392824649810791,0.21217870712280273,1.9843944311141968,-1.4106481075286865,0.8757328987121582,1.8704127073287964,-1.195471167564392,0.2326560765504837,1.9245997667312622,-1.1852428913116455,0.7476022839546204,1.8748496770858765,-0.07443103939294815,0.35101789236068726,1.8688591718673706,0.08186696469783783,0.7168824672698975,2.6960699558258057,-0.10699371993541718,0.3470175266265869,2.6827826499938965,0.03726627305150032,0.708789587020874,3.42871356010437,0.7244365811347961,0.36289024353027344,3.3980793952941895,0.6188300848007202,0.7194159626960754,3.5542426109313965,0.7574729323387146,0.3640654683113098,3.515109062194824,0.6482964754104614,0.6310175657272339,3.6680781841278076,-0.10680188238620758,0.4197734296321869,3.6454885005950928,-0.25840651988983154,0.41964203606171807,2
2026-09-24T12:27:59.444675,S012,S012_A5_Y_20260924_1227,elevated_20,A5,young,class_2,0.5279673933982849,0.5401808619499207,-1.6075718402862549,0.5664529800415039,0.43832919001579285,-1.5474692583084106,0.5946836471557617,0.43472978472709656,-1.5478800535202026,0.6170088052749634,0.4323182702064514,-1.5480252504348755,0.48719629645347595,0.44433239102363586,-1.5406877994537354,0.46359696984291077,0.4436626136302948,-1.5399380922317505,0.4459826350212097,0.4458667039871216,-1.5405534505844116,0.6589215993881226,0.456928551197052,-1.0108726024627686,0.4244655966758728,0.4710119962692261,-0.9590705037117004,0.5862602591514587,0.630645751953125,-1.3917709589004517,0.4911455512046814,0.6372985243797302,-1.3738771677017212,0.8673737645149231,0.885002076625824,-0.5698451995849609,0.23647043108940125,0.8933216333389282,-0.6167697906494141,0.9728065729141235,1.408113718032837,-0.5752078294754028,0.11312659829854965,1.4738787412643433,-0.5000742077827454,0.9368535876274109,1.8047349452972412,-1.1927869319915771,0.163628950715065,1.8688267469406128,-1.1160403490066528,0.9691041707992554,1.9512314796447754,-1.3832026720046997,0.146803081035614,2.021306037902832,-1.3154594898223877,0.9021113514900208,1.9402332305908203,-1.488283395767212,0.20896920561790466,1.9926499128341675,-1.4218213558197021,0.8766965866088867,1.879599690437317,-1.2678223848342896,0.23000304400920868,1.9317716360092163,-1.1846861839294434,0.7471264004707336,1.8744562864303589,-0.07244842499494553,0.35110920667648315,1.8687118291854858,0.07984155416488647,0.7169203162193298,2.6961989402770996,-0.21658778190612793,0.347616583108902,2.682555675506592,-0.15957477688789368,0.7094932794570923,3.4287707805633545,0.5819429755210876,0.36457401514053345,3.398526191711426,0.36853310465812683,0.7199512720108032,3.5545566082000732,0.6111624836921692,0.36603209376335144,3.5170199871063232,0.3906822204589844,0.6324275732040405,3.6683571338653564,-0.2613314986228943,0.42089349031448364,3.645082712173462,-0.5302106142044067,0.4199359358166696,2
2026-09-24T12:27:59.564802,S012,S012_A5_Y_20260924_1227,elevated_20,A5,young,class_2,0.5273797512054443,0.5402306318283081,-1.6977694034576416,0.5659148693084717,0.4383802115917206,-1.635202169418335,0.5942474007606506,0.4347626864910126,-1.635645866394043,0.6166337728500366,0.43235141038894653,-1.6358308792114258,0.4864686131477356,0.4443856179714203,-1.6300125122070312,0.46300405263900757,0.4437428116798401,-1.6293309926986694,0.4453631341457367,0.4460102617740631,-1.6299610137939453,0.6585327386856079,0.45691731572151184,-1.0710159540176392,0.4237615168094635,0.4711756408214569,-1.0212863683700562,0.5859018564224243,0.6306480765342712,-1.469576358795166,0.4906345009803772,0.6373530030250549,-1.4557435512542725,0.8667787313461304,0.8843777775764465,-0.5977733731269836,0.23653526604175568,0.8932570219039917,-0.626095175743103,0.9728086590766907,1.4068126678466797,-0.5990644097328186,0.11410321295261383,1.47346830368042,-0.5095272660255432,0.9375077486038208,1.8035142421722412,-1.239965796470642,0.1697036325931549,1.864101529121399,-1.1834497451782227,0.9693909883499146,1.9508103132247925,-1.436759352684021,0.15644234418869019,2.0160505771636963,-1.4027388095855713,0.9029432535171509,1.939602017402649,-1.5476804971694946,0.2177920788526535,1.984490156173706,-1.5133792161941528,0.8775326013565063,1.8780032396316528,-1.3176778554916382,0.237150639295578,1.9232922792434692,-1.2549755573272705,0.7470546364784241,1.873770833015442,-0.07206615805625916,0.3511427044868469,1.8674581050872803,0.0794641524553299,0.7170939445495605,2.6955597400665283,-0.259625107049942,0.34824493527412415,2.678356885910034,-0.22434310615062714,0.7102449536323547,3.4285097122192383,0.5371301770210266,0.36592501401901245,3.398468255996704,0.29717203974723816,0.7207173109054565,3.5542943477630615,0.5653030872344971,0.3676740825176239,3.5173676013946533,0.3178885579109192,0.6341935396194458,3.668118476867676,-0.3233855366706848,0.4220149517059326,3.6446521282196045,-0.62281334400177,0.42003269777254015,2
2026-09-24T12:27:59.679930,S012,S012_A5_Y_20260924_1227,elevated_20,A5,young,class_2,0.5261871814727783,0.5405402779579163,-1.6897586584091187,0.5647231340408325,0.4388279318809509,-1.6264673471450806,0.593309760093689,0.43513423204421997,-1.6268888711929321,0.6157897114753723,0.43271923065185547,-1.6270663738250732,0.48515740036964417,0.4445626139640808,-1.622323751449585,0.4619207978248596,0.44390857219696045,-1.6216533184051514,0.4444148540496826,0.44616612792015076,-1.6222922801971436,0.6573032140731812,0.4569108188152313,-1.0657299757003784,0.42282795906066895,0.47116929292678833,-1.0198986530303955,0.5850446820259094,0.630698561668396,-1.46274733543396,0.4895856976509094,0.6374769806861877,-1.4507513046264648,0.8665358424186707,0.8842192888259888,-0.596528947353363,0.236426442861557,0.8929811716079712,-0.6271085739135742,0.9723808169364929,1.4061591625213623,-0.5930677652359009,0.1151098757982254,1.4729167222976685,-0.5329951047897339,0.9373157620429993,1.803337812423706,-1.2331222295761108,0.17956075072288513,1.860572099685669,-1.2501657009124756,0.9688517451286316,1.9502227306365967,-1.4294118881225586,0.17065051198005676,2.011348009109497,-1.4787808656692505,0.902571976184845,1.9393272399902344,-1.540045976638794,0.23232071101665497,1.9770721197128296,-1.584411382675171,0.8772016763687134,1.876721978187561,-1.310402274131775,0.24952375888824463,1.9155629873275757,-1.3205664157867432,0.7469237446784973,1.873619556427002,-0.06703299283981323,0.3512113094329834,1.8677154779434204,0.07440231740474701,0.7172345519065857,2.695117950439453,-0.2533082664012909,0.34870439767837524,2.67541766166687,-0.28752967715263367,0.7110941410064697,3.4282281398773193,0.5243252515792847,0.36699479818344116,3.398427724838257,0.2202417105436325,0.7214452028274536,3.5539469718933105,0.5517798662185669,0.3686679005622864,3.5180585384368896,0.23933103680610657,0.6356054544448853,3.6679751873016357,-0.3263467252254486,0.42537641525268555,3.6437857151031494,-0.6933162212371826,0.4200889214537187,2
2026-09-24T12:27:59.799760,S012,S012_A5_Y_20260924_1227,elevated_20,A5,young,class_2,0.5191045999526978,0.5404340624809265,-1.7579485177993774,0.5585511922836304,0.4387693703174591,-1.6889426708221436,0.5881199240684509,0.43512773513793945,-1.689451813697815,0.6115942001342773,0.43274182081222534,-1.6896127462387085,0.4796946942806244,0.44358327984809875,-1.6801170110702515,0.4577518105506897,0.4428843557834625,-1.6797746419906616,0.44054991006851196,0.44465750455856323,-1.6804914474487305,0.6531264781951904,0.4569009840488434,-1.0957168340682983,0.42237910628318787,0.46942242980003357,-1.036736249923706,0.5794674158096313,0.6306652426719666,-1.5172419548034668,0.48341137170791626,0.6372398734092712,-1.5014636516571045,0.8664036989212036,0.8836365342140198,-0.6168661117553711,0.23604515194892883,0.8925784230232239,-0.6024086475372314,0.9721043705940247,1.3998939990997314,-0.6640766859054565,0.12171013653278351,1.468558430671692,-0.5614622235298157,0.9132927656173706,1.7465362548828125,-1.3366295099258423,0.20496995747089386,1.8058063983917236,-1.4268431663513184,0.9260900616645813,1.8831554651260376,-1.5385074615478516,0.20920772850513458,1.944635272026062,-1.6756136417388916,0.866949200630188,1.8450703620910645,-1.6425018310546875,0.2625219523906708,1.8911421298980713,-1.75861394405365,0.8502518534660339,1.7864021062850952,-1.40836763381958,0.2740843594074249,1.8339332342147827,-1.4927135705947876,0.7469362020492554,1.8768792152404785,-0.06718015670776367,0.353135347366333,1.8710675239562988,0.07451172918081284,0.7196673154830933,2.6948435306549072,-0.2933785915374756,0.3566632568836212,2.667893886566162,-0.36699166893959045,0.7206743955612183,3.4275386333465576,0.4340990483760834,0.3794083595275879,3.396566152572632,0.09373012185096741,0.7299903631210327,3.5526926517486572,0.45639142394065857,0.38144880533218384,3.5177111625671387,0.10697980970144272,0.6518703699111938,3.6669371128082275,-0.4297844469547272,0.4400120675563812,3.6355769634246826,-0.8203743100166321,0.4198802495671826,2
2026-09-24T12:27:59.930876,S012,S012_A5_Y_20260924_1227,elevated_20,A5,young,class_2,0.5086804032325745,0.5295007228851318,-1.7766259908676147,0.5519710779190063,0.4295881390571594,-1.7097440958023071,0.5828489065170288,0.42853599786758423,-1.710083246231079,0.6075931787490845,0.428382009267807,-1.7101129293441772,0.4741381108760834,0.42905744910240173,-1.698777437210083,0.4534990191459656,0.4271739721298218,-1.6983683109283447,0.4373237192630768,0.42791464924812317,-1.699029564857483,0.650829553604126,0.4561634957790375,-1.1314653158187866,0.4224241375923157,0.45752260088920593,-1.0607049465179443,0.5706864595413208,0.6229943633079529,-1.5444618463516235,0.4737876355648041,0.6242446303367615,-1.5258386135101318,0.865075945854187,0.8835774660110474,-0.6640356779098511,0.23558232188224792,0.8894075155258179,-0.6237690448760986,0.97477787733078,1.40025794506073,-0.7350904941558838,0.12131388485431671,1.462166428565979,-0.6755146980285645,0.913476288318634,1.7184120416641235,-1.3780463933944702,0.2238519936800003,1.7622144222259521,-1.5841312408447266,0.9252468347549438,1.8427550792694092,-1.5688000917434692,0.2389058619737625,1.8944748640060425,-1.8237943649291992,0.8668928146362305,1.7974975109100342,-1.65496027469635,0.2925099730491638,1.8306329250335693,-1.8839582204818726,0.8503966331481934,1.7439932823181152,-1.4413201808929443,0.2995527386665344,1.7774956226348877,-1.6397104263305664,0.7433798909187317,1.877052664756775,-0.07012782245874405,0.350612610578537,1.8711799383163452,0.07726304233074188,0.7190322875976562,2.695650577545166,-0.2598612904548645,0.3568255305290222,2.6678268909454346,-0.2770903408527374,0.7195355892181396,3.43011474609375,0.5014373660087585,0.3793988525867462,3.3999645709991455,0.22473230957984924,0.7288072109222412,3.5541605949401855,0.528651237487793,0.38147157430648804,3.522202968597412,0.24386560916900635,0.6490029096603394,3.673508644104004,-0.34794455766677856,0.4384399950504303,3.6384174823760986,-0.6839669942855835,0.4194328810379816,2
2026-09-24T12:28:00.058049,S012,S012_A5_Y_20260924_1227,elevated_20,A5,young,class_2,0.501550555229187,0.5262284874916077,-1.767848014831543,0.5455914735794067,0.4238516092300415,-1.705701470375061,0.5766624808311462,0.42290037870407104,-1.7060199975967407,0.6029314994812012,0.4231228530406952,-1.7060025930404663,0.4688926339149475,0.42369815707206726,-1.689927339553833,0.44937676191329956,0.4221513867378235,-1.6895185708999634,0.4338521361351013,0.42313843965530396,-1.6902379989624023,0.6481858491897583,0.45303529500961304,-1.156468152999878,0.4224197268486023,0.453246146440506,-1.061588168144226,0.5640928745269775,0.6193925738334656,-1.5456645488739014,0.4686342179775238,0.6207801699638367,-1.520614504814148,0.8648349642753601,0.881694495677948,-0.6760779023170471,0.2396947145462036,0.8820523023605347,-0.6243377923965454,0.9747792482376099,1.3955533504486084,-0.6918541193008423,0.12114367634057999,1.4407715797424316,-0.668302059173584,0.914505124092102,1.7179409265518188,-1.3297394514083862,0.22250480949878693,1.77237069606781,-1.5097291469573975,0.9286319613456726,1.8466362953186035,-1.464114785194397,0.23631326854228973,1.9111348390579224,-1.7908130884170532,0.8692421913146973,1.81098210811615,-1.5553594827651978,0.28795307874679565,1.8578962087631226,-1.7946183681488037,0.8514402508735657,1.7551569938659668,-1.378369688987732,0.2974011301994324,1.802443265914917,-1.6034399271011353,0.7435163259506226,1.8739172220230103,-0.06904643028974533,0.3534450829029083,1.8649927377700806,0.07614079862833023,0.7201893925666809,2.6843132972717285,-0.28528422117233276,0.3648584485054016,2.644913911819458,-0.3375850319862366,0.724587082862854,3.41749906539917,0.4351673126220703,0.3867073655128479,3.384765625,0.11249206215143204,0.7341446876525879,3.5424931049346924,0.45771828293800354,0.38857197761535645,3.509979009628296,0.12578338384628296,0.6545652747154236,3.660053014755249,-0.406775563955307,0.44393211603164673,3.6189706325531006,-0.7761180400848389,0.419138576160163,2
2026-09-24T12:28:00.178153,S012,S012_A5_Y_20260924_1227,elevated_20,A5,young,class_2,0.48837003111839294,0.519202470779419,-1.7095190286636353,0.5345841646194458,0.41532525420188904,-1.6561743021011353,0.5662911534309387,0.414152055978775,-1.6564229726791382,0.5954346656799316,0.41481322050094604,-1.6562877893447876,0.4614785611629486,0.4171106517314911,-1.6234146356582642,0.4442296624183655,0.4163937568664551,-1.622985601425171,0.42980414628982544,0.417616069316864,-1.623771071434021,0.6454669237136841,0.44975975155830383,-1.1392905712127686,0.4231410622596741,0.4484599232673645,-0.9943567514419556,0.5540708303451538,0.6122438907623291,-1.511974573135376,0.4612407684326172,0.6147421598434448,-1.4627618789672852,0.8644499778747559,0.8802996873855591,-0.6625144481658936,0.24728822708129883,0.8737138509750366,-0.5882090330123901,0.974444568157196,1.3947217464447021,-0.6755812168121338,0.12130065262317657,1.4217125177383423,-0.6601247191429138,0.9139128923416138,1.7212297916412354,-1.2606666088104248,0.2045179158449173,1.7650083303451538,-1.4148335456848145,0.9300740361213684,1.8524123430252075,-1.3882253170013428,0.20413736999034882,1.9055818319320679,-1.6805365085601807,0.8687558174133301,1.8214247226715088,-1.475861668586731,0.26158589124679565,1.8640443086624146,-1.7592413425445557,0.8506028056144714,1.7644673585891724,-1.306747317314148,0.27629321813583374,1.8079160451889038,-1.5002895593643188,0.742485761642456,1.8683867454528809,-0.06839637458324432,0.3538356423377991,1.853981614112854,0.075428806245327,0.7193235158920288,2.676831007003784,-0.2632698118686676,0.36542320251464844,2.6340267658233643,-0.28814995288848877,0.7231462001800537,3.406909942626953,0.45406585931777954,0.38591358065605164,3.3759942054748535,0.1661485880613327,0.7330941557884216,3.5317788124084473,0.4760592579841614,0.3876102864742279,3.502408266067505,0.17953886091709137,0.6492364406585693,3.6495327949523926,-0.3756445050239563,0.4393394887447357,3.609482526779175,-0.7078107595443726,0.4187815876451196,2
2026-09-24T12:28:00.298895,S012,S012_A5_Y_20260924_1227,elevated_20,A5,young,class_2,0.4875657558441162,0.5140421986579895,-1.770033836364746,0.5335249304771423,0.4112868309020996,-1.7049362659454346,0.5653122663497925,0.41026434302330017,-1.7052701711654663,0.5945444703102112,0.41126853227615356,-1.7052068710327148,0.4597567915916443,0.41272982954978943,-1.678105354309082,0.4428374767303467,0.4120997488498688,-1.6779067516326904,0.4287152886390686,0.4132629930973053,-1.6787168979644775,0.644582211971283,0.44814619421958923,-1.1495083570480347,0.4233734607696533,0.4458034336566925,-1.010786771774292,0.5532217025756836,0.6081939339637756,-1.549745798110962,0.45987462997436523,0.6108308434486389,-1.5110971927642822,0.8644396662712097,0.8802817463874817,-0.6784875392913818,0.24721363186836243,0.8740425705909729,-0.5938950181007385,0.9794349670410156,1.3957276344299316,-0.818901538848877,0.1267654448747635,1.4177565574645996,-0.6496333479881287,0.8915654420852661,1.66071617603302,-1.4947130680084229,0.21446463465690613,1.7422622442245483,-1.5088814496994019,0.8852776288986206,1.7659404277801514,-1.6735925674438477,0.21958144009113312,1.8781989812850952,-1.7473214864730835,0.8375173807144165,1.7156600952148438,-1.7359377145767212,0.27152323722839355,1.8254894018173218,-1.808288812637329,0.8269241452217102,1.6705206632614136,-1.545292615890503,0.2829588055610657,1.7718631029129028,-1.568547010421753,0.742380678653717,1.8686176538467407,-0.06942050158977509,0.35386353731155396,1.8540537357330322,0.07629237323999405,0.7171467542648315,2.676931142807007,-0.2865625321865082,0.36459290981292725,2.6315605640411377,-0.3481621742248535,0.7194156646728516,3.4055097103118896,0.4550524353981018,0.3829742968082428,3.373447895050049,0.1317385882139206,0.7287196516990662,3.528852701187134,0.4800748825073242,0.3848302960395813,3.498955011367798,0.14689674973487854,0.6472346782684326,3.6468544006347656,-0.3811245262622833,0.4366396367549896,3.605841636657715,-0.7603557109832764,0.418505815058421,2
2026-09-24T12:28:01.482934,S012,S012_A5_Y_20260924_1227,elevated_20,A5,young,class_2,0.48895683884620667,0.5122342705726624,-1.749000906944275,0.5344396829605103,0.4095676839351654,-1.6753580570220947,0.5660063028335571,0.4082726836204529,-1.6758232116699219,0.5948785543441772,0.4089728593826294,-1.6757707595825195,0.46023792028427124,0.41220715641975403,-1.6533619165420532,0.442952960729599,0.41177648305892944,-1.6534435749053955,0.4290301203727722,0.41311219334602356,-1.6542491912841797,0.6440190672874451,0.44585946202278137,-1.101895809173584,0.4243069291114807,0.44561922550201416,-0.9966455698013306,0.5534719824790955,0.6050422787666321,-1.5214102268218994,0.46029314398765564,0.6085832118988037,-1.489823579788208,0.8640543818473816,0.877338707447052,-0.6477219462394714,0.2490531951189041,0.8740420937538147,-0.5671747326850891,0.9788737297058105,1.3763349056243896,-0.7655591368675232,0.12951241433620453,1.412644863128662,-0.6318130493164062,0.8944417834281921,1.643385410308838,-1.3900625705718994,0.22149503231048584,1.6824538707733154,-1.5257350206375122,0.8946634531021118,1.7575337886810303,-1.5693613290786743,0.23153293132781982,1.8040817975997925,-1.7632490396499634,0.8437641859054565,1.7111109495162964,-1.6504424810409546,0.2796695828437805,1.7416843175888062,-1.8205394744873047,0.8308882713317871,1.66069495677948,-1.4500977993011475,0.2877390384674072,1.6919463872909546,-1.5817897319793701,0.7431851029396057,1.8665580749511719,-0.06935292482376099,0.35869747400283813,1.853129267692566,0.0761646181344986,0.7235258221626282,2.666632890701294,-0.30009254813194275,0.3781563937664032,2.6216440200805664,-0.3487547039985657,0.7347416281700134,3.3962793350219727,0.38491585850715637,0.4042755663394928,3.3641088008880615,0.0702330470085144,0.743613600730896,3.5193705558776855,0.4043925702571869,0.406374990940094,3.4891533851623535,0.07938730716705322,0.6716102957725525,3.6320042610168457,-0.4492386281490326,0.4611133933067322,3.5911946296691895,-0.8147156834602356,0.4184909393395973,2
2026-09-24T12:28:02.362455,S012,S012_A5_Y_20260924_1227,elevated_20,A5,young,class_2,0.49173539876937866,0.5101072788238525,-1.6454603672027588,0.5364903211593628,0.4071206748485565,-1.5728390216827393,0.5672885775566101,0.4060520529747009,-1.5733511447906494,0.5952823162078857,0.40683478116989136,-1.5734468698501587,0.46240657567977905,0.41067415475845337,-1.56015145778656,0.4446147084236145,0.41070684790611267,-1.5601489543914795,0.43048834800720215,0.4124085605144501,-1.5608444213867188,0.6440118551254272,0.4450841546058655,-0.9820021390914917,0.42569446563720703,0.445607990026474,-0.9106278419494629,0.5545153617858887,0.6010672450065613,-1.4093841314315796,0.4626857340335846,0.6053212285041809,-1.390127420425415,0.8629322052001953,0.8767096996307373,-0.5398209691047668,0.2503625154495239,0.8743535876274109,-0.47288626432418823,0.9868613481521606,1.3669812679290771,-0.7370815873146057,0.13736934959888458,1.3857535123825073,-0.6541575193405151,0.8858935236930847,1.5430054664611816,-1.423443078994751,0.24992215633392334,1.484369158744812,-1.682157278060913,0.8731649518013,1.6244522333145142,-1.5936522483825684,0.2721082270145416,1.5472005605697632,-1.923732042312622,0.8333820104598999,1.5629470348358154,-1.6497154235839844,0.3032795786857605,1.4788635969161987,-1.9440193176269531,0.8250808715820312,1.5297183990478516,-1.470596194267273,0.3077196180820465,1.4553356170654297,-1.7254127264022827,0.7430013418197632,1.866481900215149,-0.07455182075500488,0.36102667450904846,1.8532358407974243,0.0809672623872757,0.7245101928710938,2.6663691997528076,-0.2764066159725189,0.37956294417381287,2.622941493988037,-0.29986846446990967,0.7370628714561462,3.396928310394287,0.4077893793582916,0.4081360697746277,3.365079641342163,0.13139845430850983,0.7456983923912048,3.52010178565979,0.4242233335971832,0.4112742841243744,3.4892892837524414,0.14278320968151093,0.6778411269187927,3.629864454269409,-0.4431632161140442,0.46231546998023987,3.592705726623535,-0.7583929300308228,0.4192462760732848,2
2026-09-24T12:28:03.359433,S012,S012_A5_Y_20260924_1227,elevated_20,A5,young,class_2,0.5254470705986023,0.5104690194129944,-1.6755491495132446,0.5606286525726318,0.4075334370136261,-1.5836466550827026,0.5853976607322693,0.4062395691871643,-1.5844706296920776,0.6077828407287598,0.4065157473087311,-1.5847147703170776,0.4860318601131439,0.41173097491264343,-1.5927338600158691,0.4630381464958191,0.4128890633583069,-1.593077540397644,0.44332557916641235,0.4155057668685913,-1.593676209449768,0.6496657133102417,0.44347479939460754,-1.0004539489746094,0.42807498574256897,0.4489733576774597,-0.9566951990127563,0.5794621109962463,0.601420521736145,-1.4135006666183472,0.4915194511413574,0.6055979132652283,-1.4267522096633911,0.8628369569778442,0.8753058314323425,-0.5559697151184082,0.2535073757171631,0.8744288086891174,-0.5071091055870056,0.9865647554397583,1.3291223049163818,-0.7294849157333374,0.16262829303741455,1.3891758918762207,-0.8461912870407104,0.9071601629257202,1.5814226865768433,-1.463036060333252,0.2828618884086609,1.4732248783111572,-1.9263324737548828,0.9032014012336731,1.6873250007629395,-1.6499221324920654,0.3072811961174011,1.528559923171997,-2.186053991317749,0.8656719326972961,1.636884331703186,-1.7426646947860718,0.3296199142932892,1.4591643810272217,-2.221590518951416,0.8546967506408691,1.5928328037261963,-1.5279985666275024,0.33355745673179626,1.4367650747299194,-1.9778149127960205,0.7545098066329956,1.8562493324279785,-0.06605019420385361,0.38393068313598633,1.8523342609405518,0.07186289876699448,0.7436469197273254,2.6571452617645264,-0.2352067232131958,0.40646156668663025,2.6204404830932617,-0.37163522839546204,0.7668556571006775,3.392575263977051,0.3783499300479889,0.450408399105072,3.3640925884246826,-0.04599528759717941,0.7744709849357605,3.517442226409912,0.3861193060874939,0.4561766982078552,3.4892120361328125,-0.04766273498535156,0.7230793237686157,3.611177682876587,-0.444479763507843,0.5122829675674438,3.5757362842559814,-0.9180415272712708,0.42071868782130134,2
2026-09-24T12:28:03.789873,S012,S012_A5_Y_20260924_1227,elevated_20,A5,young,class_2,0.5465757250785828,0.5074192881584167,-1.7160238027572632,0.5765384435653687,0.40380388498306274,-1.6060636043548584,0.5979806780815125,0.4022532105445862,-1.6067619323730469,0.6185771226882935,0.4023813009262085,-1.6066185235977173,0.49915093183517456,0.4102668762207031,-1.6300758123397827,0.4730272889137268,0.41247838735580444,-1.630454659461975,0.45034632086753845,0.4156952202320099,-1.631192922592163,0.658054530620575,0.44281500577926636,-0.9985352754592896,0.4298795163631439,0.4516879618167877,-1.0050220489501953,0.5974705815315247,0.5994549989700317,-1.4459588527679443,0.5083633661270142,0.604462206363678,-1.4766440391540527,0.8643475770950317,0.8812533617019653,-0.5557981133460999,0.25272804498672485,0.8817471265792847,-0.6721431016921997,1.0147165060043335,1.329800009727478,-1.2119371891021729,0.15917348861694336,1.4246574640274048,-1.2949376106262207,0.9037238359451294,1.2043832540512085,-2.274655818939209,0.35054224729537964,1.206131100654602,-2.348888874053955,0.8310202360153198,1.022732138633728,-2.4626688957214355,0.40264543890953064,1.2699700593948364,-2.5806546211242676,0.8354105949401855,0.9573327898979187,-2.416914939880371,0.40954574942588806,1.186672329902649,-2.4926939010620117,0.8305011987686157,0.9550961256027222,-2.2899422645568848,0.4048534333705902,1.2023377418518066,-2.3450348377227783,0.7644132971763611,1.8796172142028809,-0.0526181235909462,0.3832119107246399,1.8836970329284668,0.05811793729662895,0.7487837076187134,2.692444324493408,-0.08080282807350159,0.40667757391929626,2.653140068054199,-0.3766745328903198,0.7700235843658447,3.4287545680999756,0.6318881511688232,0.4470634460449219,3.392970323562622,0.015398305840790272,0.7756675481796265,3.5491933822631836,0.6503660678863525,0.45236626267433167,3.5104596614837646,-0.00941854901611805,0.7310035228729248,3.6501147747039795,-0.1857309341430664,0.5085178017616272,3.608502149581909,-0.8760831952095032,0.4267322670529018,2
2026-09-24T12:28:04.007650,S012,S012_A5_Y_20260924_1227,elevated_20,A5,young,class_2,0.5553580522537231,0.507712185382843,-1.7274491786956787,0.585647702217102,0.4039023518562317,-1.6259727478027344,0.6066022515296936,0.4027797281742096,-1.6264845132827759,0.626939058303833,0.4034520983695984,-1.6263434886932373,0.5080539584159851,0.4105388820171356,-1.649064064025879,0.48153409361839294,0.4133661389350891,-1.6491949558258057,0.45787471532821655,0.4174281358718872,-1.6499789953231812,0.6628767848014832,0.4457060396671295,-1.0105857849121094,0.4325340688228607,0.4568372666835785,-1.06705904006958,0.6032670140266418,0.599690318107605,-1.4746571779251099,0.5146757364273071,0.604621171951294,-1.5004547834396362,0.863707423210144,0.8830164074897766,-0.5618059039115906,0.2525317668914795,0.8820879459381104,-0.6907241344451904,1.0125384330749512,1.3229849338531494,-0.8804529905319214,0.14933618903160095,1.4248661994934082,-0.9909849166870117,0.9178547859191895,1.3342268466949463,-1.8814630508422852,0.29216253757476807,1.6169642210006714,-1.604922890663147,0.8993126749992371,1.0963962078094482,-2.095001459121704,0.31438082456588745,1.7419238090515137,-1.8095276355743408,0.8722440600395203,1.0503216981887817,-2.184705972671509,0.35083645582199097,1.6855928897857666,-1.8585565090179443,0.8596002459526062,1.0590777397155762,-1.9699640274047852,0.3535265326499939,1.6366515159606934,-1.647643804550171,0.7639445662498474,1.8768935203552246,-0.04501930624246597,0.38189855217933655,1.8827564716339111,0.05079956725239754,0.7419756650924683,2.6850836277008057,-0.09977460652589798,0.398230642080307,2.653010845184326,-0.3851642608642578,0.7570317983627319,3.4219486713409424,0.46383610367774963,0.43018317222595215,3.3928120136260986,0.007455393671989441,0.7615184783935547,3.545562982559204,0.4739286005496979,0.43323463201522827,3.5103189945220947,0.006661990191787481,0.7138777375221252,3.6419317722320557,-0.3346598148345947,0.49888306856155396,3.605905055999756,-0.8695819973945618,0.42606516343485884,2
2026-09-24T12:28:04.398928,S012,S012_A5_Y_20260924_1227,elevated_20,A5,young,class_2,0.555587887763977,0.5079413652420044,-1.7802397012710571,0.5879820585250854,0.4041106104850769,-1.6857941150665283,0.6095507144927979,0.40357017517089844,-1.6862566471099854,0.63029944896698,0.4049946367740631,-1.6861646175384521,0.5091290473937988,0.41068175435066223,-1.7014684677124023,0.4828062057495117,0.41364777088165283,-1.7016382217407227,0.4592660963535309,0.4180411994457245,-1.7024589776992798,0.6670399308204651,0.4499272406101227,-1.0500813722610474,0.4337533414363861,0.45938995480537415,-1.101678490638733,0.6042171120643616,0.6001241207122803,-1.5300856828689575,0.5146401524543762,0.6047843098640442,-1.547301173210144,0.8635373115539551,0.8838074207305908,-0.5703389644622803,0.2529476284980774,0.88313227891922,-0.6970337629318237,1.0106241703033447,1.3137987852096558,-0.853007972240448,0.14886999130249023,1.4246675968170166,-0.8805884122848511,0.9200178980827332,1.4313502311706543,-1.7164599895477295,0.29018518328666687,1.6349759101867676,-1.6421458721160889,0.908532440662384,1.3982346057891846,-1.9077250957489014,0.309098482131958,1.7526737451553345,-1.8459577560424805,0.8770939111709595,1.358644962310791,-1.965367078781128,0.3497798442840576,1.6890188455581665,-1.8903236389160156,0.8645574450492859,1.330971121788025,-1.774096131324768,0.3476373255252838,1.6408727169036865,-1.6830400228500366,0.7633679509162903,1.8765350580215454,-0.0458558015525341,0.3814108967781067,1.881551742553711,0.05170933157205582,0.7412947416305542,2.681635856628418,-0.22333960235118866,0.39737802743911743,2.6523053646087646,-0.42577362060546875,0.7559630274772644,3.4151811599731445,0.32887884974479675,0.42784205079078674,3.389188528060913,-0.0751095786690712,0.7609773874282837,3.5420949459075928,0.33598706126213074,0.4309562146663666,3.5089263916015625,-0.07672519981861115,0.7096880078315735,3.631859302520752,-0.4731520712375641,0.4960344433784485,3.5996954441070557,-0.9381788372993469,0.4257537928256859,2
2026-09-24T12:28:04.578347,S012,S012_A5_Y_20260924_1227,elevated_20,A5,young,class_2,0.5561235547065735,0.5086173415184021,-1.631814956665039,0.587838888168335,0.405905157327652,-1.5531660318374634,0.6099539399147034,0.40459856390953064,-1.5535210371017456,0.6310044527053833,0.405479371547699,-1.5534003973007202,0.5106323957443237,0.4141480624675751,-1.5596115589141846,0.48468440771102905,0.41766101121902466,-1.5591617822647095,0.46156731247901917,0.4221918284893036,-1.5597094297409058,0.6690402626991272,0.4498986601829529,-0.954780101776123,0.4363597333431244,0.4621086120605469,-0.9641366004943848,0.6060534119606018,0.6006418466567993,-1.3971294164657593,0.5194485783576965,0.606098473072052,-1.4012078046798706,0.8640888333320618,0.8826223611831665,-0.538348913192749,0.2577908933162689,0.8831595182418823,-0.6171980500221252,1.0039352178573608,1.3293545246124268,-0.7521923184394836,0.15441082417964935,1.4248158931732178,-0.8659005165100098,0.9198499917984009,1.507087230682373,-1.5066978931427002,0.3099435567855835,1.5235304832458496,-1.863023042678833,0.9128378629684448,1.5712203979492188,-1.698320984840393,0.3405279219150543,1.5799397230148315,-2.110734701156616,0.8774703741073608,1.5127557516098022,-1.7704864740371704,0.37206047773361206,1.5031663179397583,-2.12804913520813,0.8641589879989624,1.484535813331604,-1.567495584487915,0.37277692556381226,1.4823154211044312,-1.903102159500122,0.763971209526062,1.8699887990951538,-0.04638868570327759,0.3809114992618561,1.8781545162200928,0.052326053380966187,0.7421365976333618,2.675682306289673,-0.057335954159498215,0.39593765139579773,2.6521496772766113,-0.19215476512908936,0.7553650140762329,3.412773847579956,0.6904470920562744,0.42634010314941406,3.3879988193511963,0.3442041277885437,0.760477602481842,3.5346577167510986,0.7135368585586548,0.42966365814208984,3.503554344177246,0.3679383099079132,0.7089477777481079,3.6320042610168457,-0.1497863531112671,0.4942628741264343,3.599954843521118,-0.557350754737854,0.427207004167995,2
2026-09-24T12:28:05.065494,S012,S012_A5_Y_20260924_1227,elevated_20,A5,young,class_2,0.5584132671356201,0.5087952613830566,-1.6256458759307861,0.5890390276908875,0.4060094654560089,-1.5473525524139404,0.611375093460083,0.4047047793865204,-1.5477063655853271,0.6326359510421753,0.4055805802345276,-1.5477077960968018,0.5122276544570923,0.4152885675430298,-1.554728388786316,0.4862983226776123,0.41961830854415894,-1.5541192293167114,0.46306219696998596,0.424964964389801,-1.5546988248825073,0.6708480715751648,0.4499092996120453,-0.9619983434677124,0.43757057189941406,0.4650374948978424,-0.9716659784317017,0.6082991361618042,0.6008073687553406,-1.3966779708862305,0.5225982666015625,0.6065447926521301,-1.4008913040161133,0.8649997711181641,0.8826931715011597,-0.5341911315917969,0.25820979475975037,0.8856226801872253,-0.6175700426101685,1.0038058757781982,1.3369964361190796,-0.5873466730117798,0.1535990685224533,1.4433019161224365,-0.6865352392196655,0.9486446380615234,1.662132740020752,-1.2700778245925903,0.28151556849479675,1.75021231174469,-1.5065107345581055,0.974303126335144,1.7907657623291016,-1.4725744724273682,0.29136598110198975,1.8859038352966309,-1.7383289337158203,0.9186995625495911,1.7669612169265747,-1.5673781633377075,0.34634605050086975,1.8350532054901123,-1.8394447565078735,0.8944775462150574,1.7172831296920776,-1.342341661453247,0.35484302043914795,1.7799001932144165,-1.5743803977966309,0.7657069563865662,1.8710216283798218,-0.05034744739532471,0.38099026679992676,1.8788721561431885,0.05674656108021736,0.7458822727203369,2.6766090393066406,-0.0275543425232172,0.3949483633041382,2.661195993423462,-0.04091449826955795,0.7553273439407349,3.4127044677734375,0.81512051820755,0.42615699768066406,3.390120506286621,0.5774604082107544,0.7610982060432434,3.534632444381714,0.8485439419746399,0.42796605825424194,3.5059890747070312,0.6106787323951721,0.7060573697090149,3.635427236557007,-0.01137381512671709,0.4919617772102356,3.611037015914917,-0.31319984793663025,0.4268766239016038,2
2026-09-24T12:28:05.440574,S012,S012_A5_Y_20260924_1227,elevated_20,A5,young,class_2,0.5613629817962646,0.5118488669395447,-1.6313998699188232,0.5902220010757446,0.41027843952178955,-1.5610792636871338,0.6125814914703369,0.40829452872276306,-1.5614222288131714,0.6336489915847778,0.4082421362400055,-1.5614326000213623,0.5145929455757141,0.42043840885162354,-1.5573952198028564,0.48901277780532837,0.4250044822692871,-1.5573724508285522,0.4658842086791992,0.4301351308822632,-1.5579535961151123,0.6708499193191528,0.45064297318458557,-0.9696987867355347,0.4389781057834625,0.46895650029182434,-0.9876704216003418,0.6094798445701599,0.6032431721687317,-1.4112476110458374,0.5254769921302795,0.6103792190551758,-1.4021574258804321,0.8647300004959106,0.880705714225769,-0.5252740383148193,0.261329710483551,0.8848764896392822,-0.6175094246864319,1.0028668642044067,1.2899062633514404,-0.8682635426521301,0.15476062893867493,1.4183167219161987,-0.8935343027114868,0.9287320375442505,1.306799292564392,-1.8043403625488281,0.2790396213531494,1.5422422885894775,-1.8591117858886719,0.9307583570480347,1.3330165147781372,-1.998753309249878,0.29423558712005615,1.6035081148147583,-2.081425189971924,0.8535982966423035,1.0661396980285645,-2.012847900390625,0.34011414647102356,1.5314443111419678,-2.0848124027252197,0.8816002011299133,1.2616887092590332,-1.8425384759902954,0.3484523296356201,1.5064246654510498,-1.8905003070831299,0.7653915882110596,1.85808527469635,-0.045095160603523254,0.38435089588165283,1.8680065870285034,0.05093267560005188,0.7454343438148499,2.659611701965332,-0.07195647060871124,0.3970392644405365,2.638123035430908,-0.24959048628807068,0.756068229675293,3.3960554599761963,0.590976357460022,0.43208742141723633,3.374985694885254,0.16613717377185822,0.7614656090736389,3.5135185718536377,0.6053826808929443,0.43541303277015686,3.488081932067871,0.17515915632247925,0.7093870639801025,3.6195600032806396,-0.17028120160102844,0.496817409992218,3.595241069793701,-0.6943700909614563,0.42875689864233596,2
2026-09-24T12:28:05.665817,S012,S012_A5_Y_20260924_1227,elevated_20,A5,young,class_2,0.5657479166984558,0.5191749334335327,-1.7844626903533936,0.5951780080795288,0.4177228808403015,-1.7015422582626343,0.6173499226570129,0.41460084915161133,-1.7017923593521118,0.6384062170982361,0.4131912887096405,-1.7016088962554932,0.5193483233451843,0.42844101786613464,-1.7127885818481445,0.4937037527561188,0.4327542185783386,-1.7128413915634155,0.47005176544189453,0.4372415840625763,-1.713653326034546,0.6739829778671265,0.4522767961025238,-1.0778088569641113,0.44091731309890747,0.4731399416923523,-1.1279633045196533,0.6124770045280457,0.6092923879623413,-1.5396462678909302,0.5287953019142151,0.6164200305938721,-1.553330421447754,0.8655741810798645,0.8822696208953857,-0.548014760017395,0.26115673780441284,0.8852874040603638,-0.7276161313056946,1.0031424760818481,1.291473627090454,-1.0750207901000977,0.1380600780248642,1.41862952709198,-0.9194456934928894,0.914566159248352,1.1837050914764404,-2.1442103385925293,0.26734936237335205,1.652984619140625,-1.8186120986938477,0.8620266914367676,1.0104796886444092,-2.353686809539795,0.2841268479824066,1.7705265283584595,-1.9912315607070923,0.8426389694213867,0.9267959594726562,-2.3201348781585693,0.3380855917930603,1.6918387413024902,-1.9733833074569702,0.857464611530304,0.9382273554801941,-2.1672935485839844,0.3445160388946533,1.648400068283081,-1.8615357875823975,0.7652748823165894,1.8625924587249756,-0.028159502893686295,0.3842618763446808,1.8699697256088257,0.03397231549024582,0.7446515560150146,2.6683921813964844,-0.09188228100538254,0.39666882157325745,2.639693260192871,-0.363023042678833,0.7550113201141357,3.4006872177124023,0.5836668610572815,0.4314909875392914,3.375274658203125,0.11592266708612442,0.7586213946342468,3.5185017585754395,0.599846363067627,0.4325088858604431,3.4882941246032715,0.13032148778438568,0.70797199010849,3.6242940425872803,-0.2012503445148468,0.4973110258579254,3.5954103469848633,-0.7426079511642456,0.4330855923476382,2
2026-09-24T12:28:05.844293,S012,S012_A5_Y_20260924_1227,elevated_20,A5,young,class_2,0.5757890939712524,0.5232073068618774,-1.8711016178131104,0.604207456111908,0.4226013422012329,-1.7840553522109985,0.6260179281234741,0.4199777841567993,-1.784383773803711,0.647158145904541,0.4187949001789093,-1.7842687368392944,0.5277116298675537,0.4314274787902832,-1.8035815954208374,0.5011786222457886,0.4351472556591034,-1.803755760192871,0.47618699073791504,0.4393428862094879,-1.8045313358306885,0.678744912147522,0.45612001419067383,-1.1307322978973389,0.442130982875824,0.4744052588939667,-1.2078373432159424,0.6174484491348267,0.6154462695121765,-1.6116842031478882,0.5336279273033142,0.6205698847770691,-1.6358559131622314,0.8656352758407593,0.8864092230796814,-0.6133042573928833,0.2592201828956604,0.8879823684692383,-0.8215325474739075,1.0136675834655762,1.2991276979446411,-1.1745083332061768,0.1425665020942688,1.422875165939331,-1.2490389347076416,0.9046826362609863,1.2389264106750488,-2.233475685119629,0.32181820273399353,1.4628204107284546,-2.2170045375823975,0.8655084371566772,1.2117365598678589,-2.438689708709717,0.3685176372528076,1.4918262958526611,-2.44381046295166,0.8326675295829773,0.962759792804718,-2.416867733001709,0.3924402892589569,1.4051330089569092,-2.397057294845581,0.8498512506484985,1.1407057046890259,-2.2595937252044678,0.3908752202987671,1.3971691131591797,-2.2268619537353516,0.7649936079978943,1.8685870170593262,-0.024355830624699593,0.3840096592903137,1.8747248649597168,0.029798364266753197,0.7418264150619507,2.680572509765625,-0.03443014994263649,0.39630362391471863,2.6491899490356445,-0.35242506861686707,0.7498737573623657,3.4129767417907715,0.6857649087905884,0.4304884970188141,3.389418840408325,0.13038596510887146,0.7513166666030884,3.5297694206237793,0.7074406743049622,0.43085139989852905,3.501938819885254,0.1537225842475891,0.7068923115730286,3.639152765274048,-0.11429436504840851,0.4964541792869568,3.613705635070801,-0.7365316152572632,0.4367078452075172,2
2026-09-24T12:28:05.981937,S012,S012_A5_Y_20260924_1227,elevated_20,A5,young,class_2,0.5756738185882568,0.5302034020423889,-1.8309695720672607,0.6042004823684692,0.4294797480106354,-1.7519556283950806,0.625968873500824,0.4256289601325989,-1.7523267269134521,0.6471377611160278,0.4232385456562042,-1.7523443698883057,0.527957558631897,0.43950483202934265,-1.7596172094345093,0.5016195178031921,0.4432825446128845,-1.7594703435897827,0.4767707884311676,0.44740864634513855,-1.7602733373641968,0.6793625354766846,0.45753902196884155,-1.0834254026412964,0.44253939390182495,0.47890767455101013,-1.1869392395019531,0.618374228477478,0.6199213266372681,-1.6090282201766968,0.5346900820732117,0.6271879076957703,-1.6066560745239258,0.8661679029464722,0.8863611817359924,-0.5826213955879211,0.2601214051246643,0.8875995874404907,-0.7771604061126709,1.0130571126937866,1.2980455160140991,-1.1753675937652588,0.15191861987113953,1.4176113605499268,-1.2528116703033447,0.8938822746276855,1.1628607511520386,-2.2081809043884277,0.3710719347000122,1.1428745985031128,-2.2717933654785156,0.8641950488090515,1.133620023727417,-2.3968687057495117,0.39481106400489807,1.2714165449142456,-2.493680238723755,0.82164466381073,0.9088476300239563,-2.3633313179016113,0.4062909185886383,1.190895676612854,-2.4233107566833496,0.8136035799980164,0.9465643763542175,-2.228198528289795,0.4047701358795166,1.2033559083938599,-2.272874355316162,0.7675595283508301,1.8711740970611572,-0.02623690292239189,0.38733381032943726,1.8763396739959717,0.03187770023941994,0.7423683404922485,2.683927059173584,-0.058426618576049805,0.39695867896080017,2.6513829231262207,-0.3422527611255646,0.7497963309288025,3.4170455932617188,0.6529181599617004,0.4300387501716614,3.3924107551574707,0.14482319355010986,0.7513124942779541,3.532547950744629,0.6757122278213501,0.43147915601730347,3.503704309463501,0.16397090256214142,0.7075997591018677,3.643185615539551,-0.15611140429973602,0.4953189790248871,3.6179661750793457,-0.7276834845542908,0.44262154011547944,2
2026-09-24T12:28:06.114741,S012,S012_A5_Y_20260924_1227,elevated_20,A5,young,class_2,0.5752271413803101,0.5302940011024475,-1.8250768184661865,0.6033892631530762,0.4293617904186249,-1.7443811893463135,0.6253045797348022,0.42556852102279663,-1.7446041107177734,0.6463465094566345,0.42321696877479553,-1.7443368434906006,0.5275307893753052,0.4392697513103485,-1.7404989004135132,0.5014916658401489,0.44297850131988525,-1.7404340505599976,0.47684627771377563,0.44709035754203796,-1.7411282062530518,0.6791648268699646,0.4574776291847229,-1.077230453491211,0.4426169991493225,0.47879746556282043,-1.14882493019104,0.6177923679351807,0.6198481917381287,-1.6000674962997437,0.5340906381607056,0.6271571516990662,-1.583371877670288,0.8653444051742554,0.8842076659202576,-0.582967221736908,0.26008257269859314,0.886475145816803,-0.7460707426071167,1.0093492269515991,1.3019031286239624,-0.6356840133666992,0.13675646483898163,1.4226573705673218,-0.7175076603889465,0.9296654462814331,1.5638554096221924,-1.3390387296676636,0.2633816599845886,1.69757080078125,-1.4383490085601807,0.940080463886261,1.6909178495407104,-1.5287784337997437,0.2697017192840576,1.8463047742843628,-1.6623491048812866,0.890142560005188,1.6510318517684937,-1.6360992193222046,0.3176248073577881,1.7953464984893799,-1.7462047338485718,0.8701373934745789,1.5959721803665161,-1.4137965440750122,0.32675647735595703,1.73878812789917,-1.4979119300842285,0.7669349312782288,1.8649232387542725,-0.027434024959802628,0.3861802816390991,1.874584674835205,0.03322722017765045,0.7424885034561157,2.6741204261779785,-0.09817735850811005,0.3966703712940216,2.647956371307373,-0.3714035153388977,0.7538098096847534,3.4129133224487305,0.5681533813476562,0.4307566285133362,3.390862464904785,0.09916488081216812,0.7571312189102173,3.531374454498291,0.5854454636573792,0.4327375292778015,3.5037307739257812,0.11348018795251846,0.7101712822914124,3.6407198905944824,-0.265866219997406,0.4972836375236511,3.6143548488616943,-0.8056113123893738,0.4406423403773012,2
2026-09-24T12:28:06.357712,S012,S012_A5_Y_20260924_1227,elevated_20,A5,young,class_2,0.5745824575424194,0.529525637626648,-1.727163314819336,0.6030896902084351,0.428833544254303,-1.6430765390396118,0.6248955130577087,0.4250313639640808,-1.6435811519622803,0.6456143260002136,0.4226961135864258,-1.6435797214508057,0.5274041891098022,0.438668429851532,-1.6497341394424438,0.5012900829315186,0.44237762689590454,-1.6498057842254639,0.47664040327072144,0.4465845823287964,-1.6506446599960327,0.6781107187271118,0.45652201771736145,-1.0288832187652588,0.4426043927669525,0.47840550541877747,-1.0825185775756836,0.6176842451095581,0.6181198954582214,-1.5009204149246216,0.5336030721664429,0.6264204382896423,-1.50315523147583,0.8637093305587769,0.8826876878738403,-0.5627046823501587,0.26280999183654785,0.8859251737594604,-0.6776313781738281,1.0037189722061157,1.300554633140564,-0.6650571823120117,0.13969090580940247,1.4203782081604004,-0.6952568888664246,0.9320651292800903,1.5354210138320923,-1.420625925064087,0.25271040201187134,1.6941224336624146,-1.4711673259735107,0.94324791431427,1.634002447128296,-1.6076854467391968,0.2607076168060303,1.8217767477035522,-1.68596613407135,0.8972620964050293,1.5837522745132446,-1.684117317199707,0.30559951066970825,1.7642744779586792,-1.7476657629013062,0.8789092302322388,1.543853521347046,-1.4827979803085327,0.3133524954319,1.7131704092025757,-1.5228196382522583,0.7667150497436523,1.8624995946884155,-0.0282041784375906,0.38764187693595886,1.8714457750320435,0.03400387987494469,0.7429639101028442,2.659359931945801,-0.20163372159004211,0.4004081189632416,2.6350302696228027,-0.3748314678668976,0.761718213558197,3.396207332611084,0.40181994438171387,0.4406307637691498,3.3719382286071777,0.03235885128378868,0.766877293586731,3.519716739654541,0.4140984117984772,0.4417465627193451,3.4888107776641846,0.038876477628946304,0.7203096151351929,3.6158716678619385,-0.4048865735530853,0.511541485786438,3.5893425941467285,-0.8395624160766602,0.43839058109116386,2
2026-09-24T12:28:06.556919,S012,S012_A5_Y_20260924_1227,elevated_20,A5,young,class_2,0.5737727880477905,0.5253564715385437,-1.7508453130722046,0.6023427844047546,0.424250066280365,-1.6594616174697876,0.6243215203285217,0.4213072955608368,-1.6600396633148193,0.6450682878494263,0.4198733866214752,-1.6600792407989502,0.5271926522254944,0.4339579641819,-1.6721023321151733,0.5007916688919067,0.4379828870296478,-1.672298789024353,0.475978285074234,0.4427689015865326,-1.6731094121932983,0.6778768301010132,0.45580464601516724,-1.0294630527496338,0.44250768423080444,0.4775542616844177,-1.083585500717163,0.6171776056289673,0.6162839531898499,-1.507920265197754,0.5334899425506592,0.6241434216499329,-1.519195795059204,0.8667625188827515,0.885145366191864,-0.56840580701828,0.25967174768447876,0.8877821564674377,-0.6874934434890747,1.0108236074447632,1.3106255531311035,-0.8528448343276978,0.14342917501926422,1.4204561710357666,-1.0216381549835205,0.9316710233688354,1.5164103507995605,-1.735979676246643,0.27937760949134827,1.4743151664733887,-2.0553126335144043,0.9386497735977173,1.5992885828018188,-1.9226505756378174,0.31169673800468445,1.5044273138046265,-2.3030333518981934,0.8960407972335815,1.5342903137207031,-1.973613977432251,0.33267268538475037,1.4316164255142212,-2.2923216819763184,0.8774425387382507,1.5040303468704224,-1.7869319915771484,0.3339584469795227,1.4170633554458618,-2.084379196166992,0.766858696937561,1.8660774230957031,-0.028627116233110428,0.38744860887527466,1.8751413822174072,0.03429395332932472,0.7466470003128052,2.664829969406128,-0.17809846997261047,0.4050658643245697,2.6378397941589355,-0.3865951895713806,0.7676902413368225,3.4014365673065186,0.42094215750694275,0.4485906958580017,3.3762729167938232,0.048624590039253235,0.7727724313735962,3.5274040699005127,0.4445272386074066,0.45242610573768616,3.4967122077941895,0.0571422353386879,0.7279947996139526,3.6185786724090576,-0.362649142742157,0.5171325206756592,3.589580535888672,-0.8369379043579102,0.4375653071474517,2
2026-09-24T12:28:06.744619,S012,S012_A5_Y_20260924_1227,elevated_20,A5,young,class_2,0.5730765461921692,0.5253195762634277,-1.7509944438934326,0.601892352104187,0.42422980070114136,-1.6593961715698242,0.6240854859352112,0.42128393054008484,-1.659966230392456,0.6448767185211182,0.4198583960533142,-1.66000235080719,0.5264120697975159,0.43388551473617554,-1.672166109085083,0.5001700520515442,0.4379066228866577,-1.6723577976226807,0.4756039083003998,0.442669540643692,-1.6731535196304321,0.6781184673309326,0.4557581841945648,-1.020282506942749,0.44243139028549194,0.4775363504886627,-1.0755376815795898,0.6175092458724976,0.6162510514259338,-1.5076100826263428,0.5327988266944885,0.6241005659103394,-1.518251895904541,0.8672184944152832,0.8842026591300964,-0.5684685707092285,0.2596181035041809,0.8880441784858704,-0.7047322988510132,1.011314034461975,1.2753469944000244,-1.2336517572402954,0.1569943130016327,1.416567325592041,-1.3368351459503174,0.900192379951477,1.1351290941238403,-2.2521071434020996,0.3608880341053009,1.149836778640747,-2.3851590156555176,0.884679913520813,1.1057860851287842,-2.432600736618042,0.4098576009273529,1.2041969299316406,-2.613023519515991,0.8298834562301636,0.946191668510437,-2.3879072666168213,0.4126473367214203,1.1254405975341797,-2.519808292388916,0.8207372426986694,0.9486439228057861,-2.266122341156006,0.4085407853126526,1.1447442770004272,-2.378523826599121,0.7641040086746216,1.8653801679611206,-0.029462914913892746,0.3855815827846527,1.8725485801696777,0.034912511706352234,0.7425358295440674,2.665086507797241,-0.16915485262870789,0.40371212363243103,2.636685848236084,-0.3679885268211365,0.764162003993988,3.4001309871673584,0.46319150924682617,0.4468606114387512,3.3749074935913086,0.0715329498052597,0.7684098482131958,3.523207187652588,0.482749879360199,0.4507836401462555,3.491913318634033,0.08134006708860397,0.7266753911972046,3.617678165435791,-0.3369334936141968,0.5150142908096313,3.590304374694824,-0.8301292657852173,0.4437001168540023,2
2026-09-24T12:28:06.977872,S012,S012_A5_Y_20260924_1227,elevated_20,A5,young,class_2,0.569651186466217,0.522980272769928,-1.8017358779907227,0.5991909503936768,0.4211326241493225,-1.7202856540679932,0.6210441589355469,0.417599618434906,-1.7206852436065674,0.6408606171607971,0.41579297184944153,-1.7207615375518799,0.5235220789909363,0.43091118335723877,-1.7343343496322632,0.49649325013160706,0.4344862401485443,-1.7339990139007568,0.47234028577804565,0.43892577290534973,-1.7346395254135132,0.6720343828201294,0.4486064910888672,-1.0876150131225586,0.4394152760505676,0.47330671548843384,-1.1339343786239624,0.6147722601890564,0.6124282479286194,-1.5511951446533203,0.5291366577148438,0.6202203631401062,-1.5639536380767822,0.8659809827804565,0.8753620386123657,-0.5966606140136719,0.2513148784637451,0.8843584656715393,-0.7267671823501587,1.0011298656463623,1.2955968379974365,-0.6871572136878967,0.153512105345726,1.4234036207199097,-0.8879299163818359,0.9154849052429199,1.5738121271133423,-1.379540205001831,0.3309740722179413,1.5653659105300903,-1.7896629571914673,0.9283621907234192,1.6990455389022827,-1.5725195407867432,0.36726078391075134,1.6780908107757568,-2.03432035446167,0.8694216012954712,1.65867280960083,-1.6656467914581299,0.4006027579307556,1.6020227670669556,-2.109135627746582,0.8493742942810059,1.601108431816101,-1.4478495121002197,0.3966990113258362,1.555584192276001,-1.8467626571655273,0.762752890586853,1.8573882579803467,-0.0362829864025116,0.37562379240989685,1.8663398027420044,0.042355068027973175,0.7424892783164978,2.6583101749420166,-0.04792855679988861,0.4004405438899994,2.6350626945495605,-0.1865483522415161,0.7578259706497192,3.3895516395568848,0.7754298448562622,0.43370693922042847,3.3680498600006104,0.43192258477211,0.7628350257873535,3.5113463401794434,0.8078649640083313,0.4358927309513092,3.4870896339416504,0.4637543559074402,0.7049051523208618,3.6177053451538086,-0.05850944668054581,0.49918824434280396,3.5888607501983643,-0.4756602644920349,0.4418812436435308,2
2026-09-24T12:28:07.311251,S012,S012_A5_Y_20260924_1227,elevated_20,A5,young,class_2,0.5678715109825134,0.5220310688018799,-1.7903608083724976,0.5969268083572388,0.41947612166404724,-1.7056941986083984,0.61869877576828,0.415835976600647,-1.7061567306518555,0.6380866169929504,0.4140622317790985,-1.7061885595321655,0.5213134288787842,0.42895907163619995,-1.722180724143982,0.49367064237594604,0.43251392245292664,-1.7219661474227905,0.46984267234802246,0.4371050298213959,-1.7225052118301392,0.6673500537872314,0.4465218186378479,-1.0611486434936523,0.4364382326602936,0.47274890542030334,-1.1102269887924194,0.6131019592285156,0.6115569472312927,-1.5343005657196045,0.5274626016616821,0.6186313033103943,-1.5497510433197021,0.8644653558731079,0.8734315633773804,-0.5962415337562561,0.24932527542114258,0.8856582641601562,-0.7165354490280151,1.0036303997039795,1.289878487586975,-0.9750950932502747,0.1535951942205429,1.423174500465393,-1.147521734237671,0.8912493586540222,1.3224756717681885,-1.8454164266586304,0.3432045876979828,1.3378269672393799,-2.190171003341675,0.8801929354667664,1.3527497053146362,-2.0259814262390137,0.39376381039619446,1.3307819366455078,-2.424023389816284,0.8424167633056641,1.2889292240142822,-2.0140633583068848,0.4089195132255554,1.240979552268982,-2.3758368492126465,0.8307691812515259,1.2780990600585938,-1.8684797286987305,0.40482187271118164,1.2457740306854248,-2.2003707885742188,0.7628995180130005,1.858080267906189,-0.037515319883823395,0.3759598135948181,1.867456316947937,0.04337088391184807,0.7519177198410034,2.6587274074554443,-0.06033653765916824,0.41798630356788635,2.6350150108337402,-0.22938604652881622,0.7689030766487122,3.3900821208953857,0.6846510767936707,0.4500426650047302,3.3665268421173096,0.30572691559791565,0.7732177972793579,3.5108447074890137,0.7091737985610962,0.45005789399147034,3.4837653636932373,0.32617026567459106,0.7227362394332886,3.61826491355896,-0.13870802521705627,0.510161817073822,3.586653232574463,-0.5831613540649414,0.44471071724106104,2
2026-09-24T12:28:07.542028,S012,S012_A5_Y_20260924_1227,elevated_20,A5,young,class_2,0.567513644695282,0.5203202366828918,-1.7865440845489502,0.596130907535553,0.4156319200992584,-1.700895071029663,0.6176217794418335,0.4118973910808563,-1.7013816833496094,0.6366678476333618,0.4100340008735657,-1.7014400959014893,0.5201276540756226,0.4265719950199127,-1.718309998512268,0.49212783575057983,0.43078646063804626,-1.7181822061538696,0.46843037009239197,0.4360124170780182,-1.7188622951507568,0.6647404432296753,0.4438115358352661,-1.0603609085083008,0.43502503633499146,0.4727171063423157,-1.1240789890289307,0.612385630607605,0.6097887754440308,-1.5320953130722046,0.5270886421203613,0.6178967952728271,-1.5509549379348755,0.860991358757019,0.8732158541679382,-0.5902708172798157,0.2486933469772339,0.8861480355262756,-0.7190736532211304,0.9865117073059082,1.302415132522583,-0.6427630186080933,0.15073803067207336,1.4249260425567627,-0.886146068572998,0.8997666239738464,1.5794909000396729,-1.3579108715057373,0.2971102297306061,1.579404592514038,-1.7631266117095947,0.9067661166191101,1.7017338275909424,-1.5419723987579346,0.3289123475551605,1.6775726079940796,-2.0000405311584473,0.8627802729606628,1.6605851650238037,-1.6347486972808838,0.3585453927516937,1.6002662181854248,-2.0582468509674072,0.8460758924484253,1.6066620349884033,-1.4243228435516357,0.35700467228889465,1.5548299551010132,-1.8153082132339478,0.7616641521453857,1.8606743812561035,-0.03305112570524216,0.3751404881477356,1.8717446327209473,0.03894416242837906,0.7515972852706909,2.6589460372924805,-0.10452842712402344,0.41628098487854004,2.6352531909942627,-0.309089720249176,0.7694897055625916,3.3896119594573975,0.6511163115501404,0.4496704041957855,3.3663313388824463,0.3001384735107422,0.7738098502159119,3.510684013366699,0.6741565465927124,0.4501582086086273,3.48409104347229,0.3035348951816559,0.7244559526443481,3.6186583042144775,-0.16497693955898285,0.5120062232017517,3.585486650466919,-0.5901551246643066,0.4424438793842758,2
2026-09-24T12:28:07.723831,S012,S012_A5_Y_20260924_1227,elevated_20,A5,young,class_2,0.565848171710968,0.5160175561904907,-1.7268307209014893,0.5947567224502563,0.4103141725063324,-1.6478945016860962,0.6162214279174805,0.4070044457912445,-1.6483274698257446,0.6351898312568665,0.4056573510169983,-1.6484558582305908,0.5182019472122192,0.4225209951400757,-1.6592448949813843,0.49014171957969666,0.42780014872550964,-1.658876657485962,0.46667400002479553,0.43404239416122437,-1.6595789194107056,0.6637881398200989,0.4420769512653351,-1.0543936491012573,0.43417057394981384,0.4725557565689087,-1.0923120975494385,0.611386775970459,0.6060944199562073,-1.4944374561309814,0.5252696871757507,0.6157159209251404,-1.5043084621429443,0.8607951998710632,0.8730061054229736,-0.5896551012992859,0.24875862896442413,0.8862264752388,-0.7081204652786255,0.987019419670105,1.3242536783218384,-0.6017964482307434,0.1471799612045288,1.4325376749038696,-0.7268925905227661,0.923996090888977,1.6818602085113525,-1.269740343093872,0.2463265359401703,1.7168108224868774,-1.507333517074585,0.9473614692687988,1.8161007165908813,-1.4610822200775146,0.2542427182197571,1.8456947803497314,-1.7298787832260132,0.8907548189163208,1.790256381034851,-1.5546810626983643,0.30002158880233765,1.7904167175292969,-1.8219842910766602,0.8673394918441772,1.7335485219955444,-1.3391507863998413,0.30917927622795105,1.735648512840271,-1.5718439817428589,0.7607637643814087,1.860798954963684,-0.039025358855724335,0.37465494871139526,1.8712494373321533,0.045380495488643646,0.7487882375717163,2.659621000289917,-0.10824807733297348,0.40623289346694946,2.6388535499572754,-0.16074787080287933,0.7586110830307007,3.390908718109131,0.6680422425270081,0.43326544761657715,3.3681142330169678,0.4101897180080414,0.7638691663742065,3.5131595134735107,0.6971775889396667,0.43266692757606506,3.4873688220977783,0.4333020746707916,0.7061442136764526,3.620668649673462,-0.14330458641052246,0.49502629041671753,3.590862989425659,-0.46582943201065063,0.44017935638972133,2
2026-09-24T12:28:07.930981,S012,S012_A5_Y_20260924_1227,elevated_20,A5,young,class_2,0.5645848512649536,0.5146764516830444,-1.6998875141143799,0.5935738682746887,0.4091898798942566,-1.6243034601211548,0.6149801015853882,0.4059394598007202,-1.6247161626815796,0.6338003873825073,0.4047561585903168,-1.624855637550354,0.5173248052597046,0.4213343858718872,-1.638135313987732,0.4894028604030609,0.426728218793869,-1.6377016305923462,0.4659443497657776,0.4332295358181,-1.638388991355896,0.662300705909729,0.44110220670700073,-1.04474675655365,0.4338524341583252,0.4723544418811798,-1.0880835056304932,0.6097469925880432,0.6042070388793945,-1.4700208902359009,0.5240853428840637,0.6145827770233154,-1.482858419418335,0.8599735498428345,0.8702514171600342,-0.5738629102706909,0.2486935406923294,0.8866493701934814,-0.7064158320426941,0.9781238436698914,1.329994559288025,-0.5088480114936829,0.14673185348510742,1.4396623373031616,-0.6511144638061523,0.9264433979988098,1.7080543041229248,-1.1493619680404663,0.23752684891223907,1.7658153772354126,-1.3661699295043945,0.9519534111022949,1.8459773063659668,-1.3350027799606323,0.24053339660167694,1.898553490638733,-1.5821462869644165,0.8949412107467651,1.824678659439087,-1.4447776079177856,0.2895696461200714,1.8536566495895386,-1.6808974742889404,0.8708343505859375,1.767540454864502,-1.224759817123413,0.3015371859073639,1.7965854406356812,-1.4313042163848877,0.7591827511787415,1.8490809202194214,-0.038966380059719086,0.3743223547935486,1.862143635749817,0.04534492641687393,0.7471094727516174,2.6524438858032227,-0.12989255785942078,0.400409996509552,2.63889217376709,-0.14674012362957,0.7556560039520264,3.3878931999206543,0.6520189046859741,0.43031197786331177,3.368217945098877,0.38348662853240967,0.7616181373596191,3.510861396789551,0.6783051490783691,0.4307476580142975,3.487522602081299,0.4047822952270508,0.7023477554321289,3.6183385848999023,-0.16020768880844116,0.49250102043151855,3.5909197330474854,-0.4936146140098572,0.4380713047108712,2
2026-09-24T12:28:08.142550,S012,S012_A5_Y_20260924_1227,elevated_20,A5,young,class_2,0.5622513890266418,0.5103996992111206,-1.6364667415618896,0.5917283892631531,0.4058227837085724,-1.5576003789901733,0.6133009195327759,0.4028315544128418,-1.5580302476882935,0.6319829821586609,0.40186256170272827,-1.558182954788208,0.514886736869812,0.418156236410141,-1.5714541673660278,0.4872151017189026,0.42404577136039734,-1.5710995197296143,0.4641510844230652,0.4310605823993683,-1.5718227624893188,0.6602805256843567,0.4399420917034149,-0.9851217269897461,0.4333586096763611,0.4721057713031769,-1.0262725353240967,0.6083024740219116,0.6013036966323853,-1.4110325574874878,0.5220239758491516,0.61216801404953,-1.4234422445297241,0.8595488667488098,0.8703392744064331,-0.5395442843437195,0.24866195023059845,0.8925145864486694,-0.6734331846237183,0.974966824054718,1.3349287509918213,-0.5311052799224854,0.1451544612646103,1.4486851692199707,-0.6494734287261963,0.926257312297821,1.7036967277526855,-1.2149684429168701,0.2270715981721878,1.7634789943695068,-1.4025667905807495,0.947863757610321,1.8400760889053345,-1.405468225479126,0.2278706282377243,1.8922852277755737,-1.6222865581512451,0.8928486704826355,1.8175591230392456,-1.5021131038665771,0.27731284499168396,1.845738172531128,-1.712950348854065,0.8707062005996704,1.7596665620803833,-1.2862205505371094,0.28968584537506104,1.7900865077972412,-1.4650158882141113,0.7594483494758606,1.849473476409912,-0.039757248014211655,0.3756209909915924,1.8629536628723145,0.04616560414433479,0.7475069165229797,2.653001308441162,-0.11140187829732895,0.4003313481807709,2.642646312713623,-0.10045162588357925,0.7575134038925171,3.3881800174713135,0.6693592071533203,0.43129342794418335,3.3689768314361572,0.43468379974365234,0.7644846439361572,3.511019229888916,0.6982048749923706,0.4318484663963318,3.4882795810699463,0.4576915204524994,0.7036884427070618,3.6182408332824707,-0.13309401273727417,0.49598971009254456,3.592472791671753,-0.42744189500808716,0.43630723025302304,2
2026-09-24T12:28:08.313145,S012,S012_A5_Y_20260924_1227,elevated_20,A5,young,class_2,0.5544305443763733,0.5085605382919312,-1.6453635692596436,0.5838876962661743,0.40401068329811096,-1.5670006275177002,0.6069794297218323,0.40086326003074646,-1.5674865245819092,0.6258313059806824,0.39985135197639465,-1.5677987337112427,0.5090110898017883,0.4173003137111664,-1.5762869119644165,0.4830799102783203,0.42355960607528687,-1.5761916637420654,0.46162644028663635,0.43073078989982605,-1.5768181085586548,0.6561689972877502,0.43915411829948425,-1.0201332569122314,0.4329746663570404,0.4720793068408966,-1.0294444561004639,0.6036843061447144,0.5991775989532471,-1.4225947856903076,0.5183780193328857,0.61053866147995,-1.4293798208236694,0.8573485612869263,0.8686749339103699,-0.5595898032188416,0.24888920783996582,0.8920981287956238,-0.6724249124526978,0.9713447690010071,1.3345332145690918,-0.5428987741470337,0.14324960112571716,1.443920373916626,-0.6009243130683899,0.9264949560165405,1.707574486732483,-1.192339301109314,0.21326453983783722,1.755581259727478,-1.2969824075698853,0.9484595060348511,1.8472061157226562,-1.3800408840179443,0.21067209541797638,1.8872945308685303,-1.5090956687927246,0.8927510380744934,1.8288975954055786,-1.4888088703155518,0.2601117193698883,1.8454316854476929,-1.6160881519317627,0.870566189289093,1.7695304155349731,-1.2671229839324951,0.2740384638309479,1.7892919778823853,-1.3646538257598877,0.7584220170974731,1.845002293586731,-0.046299368143081665,0.3756473660469055,1.8537384271621704,0.05268282815814018,0.7440442442893982,2.6452598571777344,-0.1868382692337036,0.3964390158653259,2.6341404914855957,-0.120108462870121,0.7470718622207642,3.3759613037109375,0.6009770035743713,0.4193868637084961,3.35502028465271,0.4035191535949707,0.7537518739700317,3.4992382526397705,0.6324501037597656,0.41939911246299744,3.4750945568084717,0.4247308373451233,0.6902022957801819,3.604072332382202,-0.21001192927360535,0.47672605514526367,3.578482151031494,-0.46247297525405884,0.43482706955127826,2
2026-09-24T12:28:08.462362,S012,S012_A5_Y_20260924_1227,elevated_20,A5,young,class_2,0.5448682904243469,0.5054954886436462,-1.605790376663208,0.5758967995643616,0.40247127413749695,-1.5316500663757324,0.6006354689598083,0.3995169699192047,-1.5321241617202759,0.6200518012046814,0.3987584114074707,-1.5322941541671753,0.5014126896858215,0.41529786586761475,-1.532490849494934,0.47702136635780334,0.42146873474121094,-1.5320346355438232,0.4575963020324707,0.42862769961357117,-1.5326687097549438,0.6531533002853394,0.4388004243373871,-0.970967173576355,0.4320792257785797,0.4706375300884247,-0.9451416730880737,0.5975186824798584,0.5959758758544922,-1.3838880062103271,0.5104259252548218,0.6059535145759583,-1.3789085149765015,0.8550755381584167,0.8686457276344299,-0.5569712519645691,0.24891193211078644,0.8919278383255005,-0.5920279622077942,0.9608036279678345,1.3454033136367798,-0.6000901460647583,0.14563818275928497,1.4393869638442993,-0.6611195802688599,0.9079710841178894,1.703048825263977,-1.2988412380218506,0.21785983443260193,1.720435619354248,-1.443666696548462,0.9302035570144653,1.8401378393173218,-1.4922454357147217,0.216475248336792,1.843183159828186,-1.6331160068511963,0.867751955986023,1.8136579990386963,-1.579843282699585,0.2645890414714813,1.7944653034210205,-1.6885000467300415,0.8466682434082031,1.7554577589035034,-1.366149663925171,0.2776467204093933,1.74382483959198,-1.4648429155349731,0.7574278116226196,1.845368504524231,-0.06582782417535782,0.3756190836429596,1.852654218673706,0.07234184443950653,0.743728518486023,2.6446609497070312,-0.14586254954338074,0.39454832673072815,2.634129047393799,0.03319926932454109,0.745048999786377,3.372812032699585,0.6651191115379333,0.4163074493408203,3.352311611175537,0.5823799967765808,0.7528506517410278,3.4950785636901855,0.6978276371955872,0.4159483015537262,3.471609354019165,0.609148383140564,0.6824074983596802,3.6021039485931396,-0.1444062888622284,0.4722500443458557,3.577397346496582,-0.2669563591480255,0.43325218859139236,2
2026-09-24T12:28:08.609068,S012,S012_A5_Y_20260924_1227,elevated_20,A5,young,class_2,0.541542649269104,0.5047500729560852,-1.548945665359497,0.572232723236084,0.4016149640083313,-1.4762940406799316,0.5974332094192505,0.3987444043159485,-1.4767534732818604,0.6171280741691589,0.3980768918991089,-1.4769383668899536,0.4981302320957184,0.41431549191474915,-1.4769667387008667,0.4743576645851135,0.4205004572868347,-1.4765626192092896,0.4555583894252777,0.4276787042617798,-1.4772101640701294,0.6513453125953674,0.4384884536266327,-0.9197013974189758,0.43105149269104004,0.4696114659309387,-0.9002488851547241,0.5949201583862305,0.595411479473114,-1.3306307792663574,0.5081681609153748,0.6054160594940186,-1.3263487815856934,0.8530963659286499,0.8675587177276611,-0.5287438035011292,0.25187206268310547,0.8884525895118713,-0.5546196103096008,0.9550924301147461,1.3526673316955566,-0.6145059466362,0.14639213681221008,1.4320164918899536,-0.6935628652572632,0.9031006693840027,1.72917902469635,-1.2965834140777588,0.18800057470798492,1.7036573886871338,-1.5868769884109497,0.9262009859085083,1.872580647468567,-1.4859592914581299,0.17175354063510895,1.8228685855865479,-1.8153231143951416,0.8616071939468384,1.8519530296325684,-1.5755858421325684,0.21967923641204834,1.7678147554397583,-1.9119551181793213,0.8404325246810913,1.7921839952468872,-1.3637523651123047,0.2384551465511322,1.7204936742782593,-1.6532385349273682,0.7574084997177124,1.8450369834899902,-0.06695117056369781,0.37907880544662476,1.8524421453475952,0.07336093485355377,0.7438116669654846,2.645009756088257,-0.15431959927082062,0.39473646879196167,2.635561227798462,-0.027851387858390808,0.7456775903701782,3.372936964035034,0.5668786764144897,0.4183535575866699,3.357600212097168,0.49300748109817505,0.7551062703132629,3.495274543762207,0.5908732414245605,0.4185003638267517,3.476728916168213,0.5313834547996521,0.6839113235473633,3.6025757789611816,-0.2345171719789505,0.4730648100376129,3.58475923538208,-0.3830126225948334,0.43195708149031625,2
2026-09-24T12:28:08.764630,S012,S012_A5_Y_20260924_1227,elevated_20,A5,young,class_2,0.5414719581604004,0.5054466128349304,-1.591759443283081,0.5711966156959534,0.4018247723579407,-1.5167067050933838,0.5960686802864075,0.39882877469062805,-1.5171319246292114,0.6153315901756287,0.39810532331466675,-1.5172572135925293,0.49741682410240173,0.4143359065055847,-1.5217924118041992,0.4736970067024231,0.4204753339290619,-1.521416425704956,0.4547911584377289,0.4275328516960144,-1.5220838785171509,0.6485644578933716,0.43748679757118225,-0.9354792833328247,0.43046990036964417,0.4685889482498169,-0.9375830888748169,0.5936371088027954,0.5954400300979614,-1.3662950992584229,0.5078145861625671,0.6054846048355103,-1.3679368495941162,0.8513439893722534,0.8597649931907654,-0.5163538455963135,0.25413137674331665,0.886793851852417,-0.54700767993927,0.9523621797561646,1.3349153995513916,-0.5649992823600769,0.16240999102592468,1.407011866569519,-0.6905686259269714,0.9025130271911621,1.6992709636688232,-1.2231862545013428,0.23253989219665527,1.5897163152694702,-1.6131035089492798,0.9225500226020813,1.860623836517334,-1.4058133363723755,0.23958107829093933,1.6834965944290161,-1.8558976650238037,0.8620591163635254,1.8406130075454712,-1.513450026512146,0.26745352149009705,1.614846110343933,-1.9372011423110962,0.8405848741531372,1.7597181797027588,-1.2944198846817017,0.2742343544960022,1.5760045051574707,-1.6797043085098267,0.7574424147605896,1.8418382406234741,-0.06621755659580231,0.3848780393600464,1.8513057231903076,0.07254867255687714,0.7505706548690796,2.629697322845459,-0.1831204891204834,0.4078502058982849,2.614910364151001,-0.13751959800720215,0.7686693668365479,3.3596692085266113,0.4806550443172455,0.44782835245132446,3.3391880989074707,0.275320827960968,0.7775654792785645,3.481440305709839,0.4983907639980316,0.4509849548339844,3.457728624343872,0.2877838611602783,0.7191451787948608,3.5830740928649902,-0.340068519115448,0.5023460388183594,3.556131601333618,-0.5934877395629883,0.43038053029908263,2
2026-09-24T12:28:08.942751,S012,S012_A5_Y_20260924_1227,elevated_20,A5,young,class_2,0.5274239182472229,0.4978344142436981,-1.56743323802948,0.5616217851638794,0.3962582051753998,-1.4927794933319092,0.5889527797698975,0.39369210600852966,-1.4932823181152344,0.610439658164978,0.3933916985988617,-1.493480920791626,0.48610997200012207,0.40769538283348083,-1.486348271369934,0.4642290472984314,0.41266196966171265,-1.4859408140182495,0.447866827249527,0.4184463322162628,-1.4866001605987549,0.6476418375968933,0.4351833760738373,-0.9213361740112305,0.4296668469905853,0.4585384130477905,-0.8739569783210754,0.5854467153549194,0.5858690142631531,-1.3451483249664307,0.4961640238761902,0.5942580699920654,-1.3328919410705566,0.8503819704055786,0.8598753213882446,-0.5217644572257996,0.2556266784667969,0.884493887424469,-0.49013620615005493,0.9478650093078613,1.3448119163513184,-0.5810882449150085,0.16345953941345215,1.3885695934295654,-0.6587406396865845,0.8965160250663757,1.692766547203064,-1.2597761154174805,0.23272833228111267,1.5901392698287964,-1.631858468055725,0.9150140881538391,1.8339893817901611,-1.447303295135498,0.2381041795015335,1.690930962562561,-1.8775441646575928,0.85517418384552,1.8035285472869873,-1.541938066482544,0.27024033665657043,1.628726601600647,-1.9561347961425781,0.8355302810668945,1.7398021221160889,-1.3261483907699585,0.2777993381023407,1.5877896547317505,-1.7007185220718384,0.7548712491989136,1.8421355485916138,-0.07844960689544678,0.3847586512565613,1.8486427068710327,0.08476152271032333,0.7468767762184143,2.630504846572876,-0.17758269608020782,0.4065799117088318,2.612227439880371,-0.077543243765831,0.7594531178474426,3.3591296672821045,0.5166457295417786,0.43997159600257874,3.3353652954101562,0.37374982237815857,0.7692070603370667,3.480336904525757,0.5379172563552856,0.44271403551101685,3.4540915489196777,0.3896060585975647,0.7012118697166443,3.5830888748168945,-0.29927384853363037,0.48637595772743225,3.5534398555755615,-0.47349849343299866,0.4287294171987345,2
2026-09-24T12:28:09.150912,S012,S012_A5_Y_20260924_1227,elevated_20,A5,young,class_2,0.5165325999259949,0.49751731753349304,-1.582464337348938,0.5536701083183289,0.395291805267334,-1.510603904724121,0.5823306441307068,0.3927377462387085,-1.5111039876937866,0.6057353019714355,0.3923410177230835,-1.5112794637680054,0.478313148021698,0.40667712688446045,-1.5030982494354248,0.45775237679481506,0.41097795963287354,-1.5026507377624512,0.44239872694015503,0.4159737825393677,-1.5033543109893799,0.645781934261322,0.4330894649028778,-0.9272939562797546,0.4284426271915436,0.4516279995441437,-0.8930740356445312,0.577401340007782,0.5846895575523376,-1.360386848449707,0.48545390367507935,0.5931431651115417,-1.346305251121521,0.8494505882263184,0.8601157069206238,-0.5229035019874573,0.255459725856781,0.8608111143112183,-0.5073941946029663,0.940093994140625,1.36373770236969,-0.58723384141922,0.16385747492313385,1.3879578113555908,-0.5765005946159363,0.890783965587616,1.731428623199463,-1.20500910282135,0.21956367790699005,1.651373267173767,-1.4997658729553223,0.9109465479850769,1.875228762626648,-1.389901876449585,0.21020272374153137,1.7776551246643066,-1.7446010112762451,0.8498486280441284,1.8507736921310425,-1.4935991764068604,0.25645917654037476,1.7388428449630737,-1.8435548543930054,0.8292430639266968,1.7873183488845825,-1.2749083042144775,0.2710730731487274,1.6866458654403687,-1.5748088359832764,0.7371088266372681,1.8382315635681152,-0.07742802798748016,0.36556941270828247,1.835438847541809,0.08402398973703384,0.7245311737060547,2.630706310272217,-0.18055763840675354,0.38440582156181335,2.6039435863494873,-0.21693572402000427,0.7296773195266724,3.3596537113189697,0.5016564130783081,0.40222325921058655,3.334977626800537,0.21782216429710388,0.7391937375068665,3.4813854694366455,0.5208746194839478,0.4036096930503845,3.455587863922119,0.23018792271614075,0.6619031429290771,3.584737539291382,-0.32634812593460083,0.44903120398521423,3.553971529006958,-0.6660192012786865,0.42768328818320617,2
2026-09-24T12:28:09.470715,S012,S012_A5_Y_20260924_1227,elevated_20,A5,young,class_2,0.4996800422668457,0.48595520853996277,-1.4596145153045654,0.5394793748855591,0.38888952136039734,-1.3998324871063232,0.5685974359512329,0.38699305057525635,-1.4003198146820068,0.5957275629043579,0.38671648502349854,-1.4005026817321777,0.4684002995491028,0.3973526656627655,-1.3754712343215942,0.45056629180908203,0.400564968585968,-1.3750019073486328,0.43680334091186523,0.4036712944507599,-1.3757425546646118,0.6413264274597168,0.42851734161376953,-0.9004906415939331,0.42841824889183044,0.43942850828170776,-0.776909589767456,0.5631944537162781,0.5751296281814575,-1.268191933631897,0.47470274567604065,0.5799549221992493,-1.2315181493759155,0.8494540452957153,0.8608320355415344,-0.5259028673171997,0.2593303322792053,0.862064778804779,-0.4465349614620209,0.9421192407608032,1.3741856813430786,-0.5919916033744812,0.16303373873233795,1.3896511793136597,-0.5726775527000427,0.8916547894477844,1.7288365364074707,-1.221806287765503,0.20911474525928497,1.6810786724090576,-1.4994468688964844,0.9111812710762024,1.8683292865753174,-1.4019951820373535,0.19831642508506775,1.8152908086776733,-1.7271254062652588,0.8502557873725891,1.8434526920318604,-1.4902544021606445,0.25184452533721924,1.777389645576477,-1.8102458715438843,0.8301897048950195,1.781875729560852,-1.2845208644866943,0.2674121558666229,1.72260320186615,-1.566203236579895,0.7358322143554688,1.841873288154602,-0.08342430740594864,0.36626356840133667,1.836247205734253,0.08975526690483093,0.722291111946106,2.6320791244506836,-0.19266478717327118,0.3812253475189209,2.6042323112487793,0.009718320332467556,0.7271121144294739,3.360483407974243,0.49050816893577576,0.4022824764251709,3.333951473236084,0.426668643951416,0.7378135323524475,3.4822843074798584,0.5133553147315979,0.4034406542778015,3.4539570808410645,0.4407638907432556,0.6575299501419067,3.58579421043396,-0.3057875335216522,0.4490746557712555,3.554872989654541,-0.3648325800895691,0.4264755218087389,2
2026-09-24T12:28:09.705947,S012,S012_A5_Y_20260924_1227,elevated_20,A5,young,class_2,0.48878851532936096,0.467176228761673,-1.4723143577575684,0.532709002494812,0.37809887528419495,-1.406522512435913,0.561765730381012,0.37758323550224304,-1.4070292711257935,0.5906130075454712,0.3787135183811188,-1.4071123600006104,0.46359148621559143,0.38179194927215576,-1.3804882764816284,0.4462611675262451,0.38307905197143555,-1.3801225423812866,0.4329318106174469,0.38403862714767456,-1.3809146881103516,0.6400383710861206,0.4244784712791443,-0.8987811207771301,0.42848485708236694,0.42167431116104126,-0.7613201141357422,0.5508728623390198,0.5596441030502319,-1.2763031721115112,0.4661753177642822,0.5613942742347717,-1.2383217811584473,0.8471209406852722,0.8611624836921692,-0.534604012966156,0.2601620554924011,0.862188458442688,-0.41096147894859314,0.9398351907730103,1.3733198642730713,-0.6674718856811523,0.16268309950828552,1.3698540925979614,-0.5167811512947083,0.8815134167671204,1.7170437574386597,-1.2307945489883423,0.21049824357032776,1.6768347024917603,-1.403091311454773,0.8974292874336243,1.85166335105896,-1.4205329418182373,0.20196235179901123,1.8095775842666626,-1.625218152999878,0.8378537893295288,1.8254307508468628,-1.5129945278167725,0.25384989380836487,1.7719066143035889,-1.7054067850112915,0.8192423582077026,1.7661914825439453,-1.300763487815857,0.2687125504016876,1.7180393934249878,-1.468379020690918,0.7348283529281616,1.842029094696045,-0.08804922550916672,0.3666327893733978,1.8303722143173218,0.09429275244474411,0.7136364579200745,2.6272995471954346,-0.2774012088775635,0.373979389667511,2.5875794887542725,-0.030240407213568687,0.7094770669937134,3.3506076335906982,0.4104553759098053,0.38374271988868713,3.3140764236450195,0.33445897698402405,0.719523549079895,3.473527431488037,0.4326759874820709,0.38369500637054443,3.436474561691284,0.3433707058429718,0.6383375525474548,3.5731940269470215,-0.3900976777076721,0.42460519075393677,3.5353329181671143,-0.46122971177101135,0.4253583741411796,2
2026-09-24T12:28:09.904167,S012,S012_A5_Y_20260924_1227,elevated_20,A5,young,class_2,0.48783525824546814,0.46856608986854553,-1.448593258857727,0.5297825336456299,0.37857624888420105,-1.3883625268936157,0.5588539838790894,0.37773123383522034,-1.3888427019119263,0.5879224538803101,0.3789891302585602,-1.3889886140823364,0.46229514479637146,0.38313859701156616,-1.361970067024231,0.44579362869262695,0.3846110999584198,-1.361664056777954,0.43287307024002075,0.38583099842071533,-1.362438440322876,0.6389996409416199,0.42499735951423645,-0.8926798701286316,0.43073639273643494,0.4223807752132416,-0.7551856637001038,0.5488106608390808,0.5612933039665222,-1.255314588546753,0.4655945301055908,0.5638996362686157,-1.2161973714828491,0.8466469645500183,0.8610989451408386,-0.513961911201477,0.2707412540912628,0.859618067741394,-0.3881910443305969,0.9391387701034546,1.3722654581069946,-0.5607466101646423,0.1623643934726715,1.3722645044326782,-0.41812872886657715,0.8827009201049805,1.7133121490478516,-1.0846738815307617,0.18679974973201752,1.6763721704483032,-1.249161720275879,0.8981266021728516,1.8447760343551636,-1.242159128189087,0.16857264935970306,1.8043482303619385,-1.4586483240127563,0.8387924432754517,1.8214644193649292,-1.3399584293365479,0.220392107963562,1.7672942876815796,-1.5464946031570435,0.8194505572319031,1.76352858543396,-1.1488654613494873,0.24005261063575745,1.7159756422042847,-1.3154430389404297,0.7345508933067322,1.8414366245269775,-0.08673828840255737,0.3699413537979126,1.8274427652359009,0.09291662275791168,0.7129020690917969,2.613389492034912,-0.3152347803115845,0.3741376996040344,2.578967571258545,-0.04859178513288498,0.7130793333053589,3.33960223197937,0.286546915769577,0.3853953778743744,3.3075835704803467,0.21700945496559143,0.722986102104187,3.463810682296753,0.3022947311401367,0.3861817419528961,3.4294333457946777,0.21801908314228058,0.6449180841445923,3.5544192790985107,-0.494610458612442,0.43198055028915405,3.5272865295410156,-0.5837387442588806,0.4248807344949014,2
2026-09-24T12:28:10.089722,S012,S012_A5_Y_20260924_1227,elevated_20,A5,young,class_2,0.4894081950187683,0.47140997648239136,-1.4935599565505981,0.5314635038375854,0.3798239529132843,-1.4388333559036255,0.5605588555335999,0.3798247277736664,-1.4392619132995605,0.5889395475387573,0.3819962739944458,-1.439157247543335,0.46296119689941406,0.3840762972831726,-1.402387022972107,0.4462432265281677,0.3857082724571228,-1.4022374153137207,0.43319272994995117,0.38699179887771606,-1.4030853509902954,0.6391458511352539,0.42888620495796204,-0.9426054954528809,0.4320090413093567,0.423801064491272,-0.7725659012794495,0.5493950843811035,0.5638335347175598,-1.3020756244659424,0.4658716320991516,0.5653623342514038,-1.251866102218628,0.845639705657959,0.8632233738899231,-0.5481746792793274,0.27026399970054626,0.8600345849990845,-0.4247131943702698,0.9386309385299683,1.3679956197738647,-0.5824040174484253,0.16699519753456116,1.374555230140686,-0.4461328983306885,0.8754491806030273,1.672398328781128,-1.1602442264556885,0.19977231323719025,1.7116336822509766,-1.186785340309143,0.8840006589889526,1.7900073528289795,-1.3340940475463867,0.18719713389873505,1.8496434688568115,-1.3913819789886475,0.8346036076545715,1.7579727172851562,-1.4261178970336914,0.23542192578315735,1.8139629364013672,-1.477138638496399,0.8178818821907043,1.7062727212905884,-1.224783182144165,0.25311145186424255,1.7577178478240967,-1.2500073909759521,0.7349640130996704,1.841546654701233,-0.08566627651453018,0.3728716969490051,1.828049898147583,0.09184972941875458,0.7133874297142029,2.605774164199829,-0.2855404317378998,0.3747031092643738,2.5733489990234375,-0.11962147802114487,0.7152453660964966,3.3315346240997314,0.36779463291168213,0.3856978118419647,3.303645610809326,0.22616252303123474,0.724919319152832,3.454454183578491,0.3875139355659485,0.38768070936203003,3.423825740814209,0.23282507061958313,0.6453457474708557,3.548537254333496,-0.4239965081214905,0.4344770014286041,3.5247457027435303,-0.5935615301132202,0.42377118096699246,2
2026-09-24T12:28:10.276803,S012,S012_A5_Y_20260924_1227,elevated_20,A5,young,class_2,0.490550696849823,0.47310394048690796,-1.4931496381759644,0.5324963927268982,0.3810058534145355,-1.4367091655731201,0.5616769194602966,0.38138341903686523,-1.4371427297592163,0.589668869972229,0.3838557302951813,-1.4371521472930908,0.4634133279323578,0.38467729091644287,-1.4092824459075928,0.44656720757484436,0.38653746247291565,-1.4090120792388916,0.4334219992160797,0.38793686032295227,-1.4098210334777832,0.6392524242401123,0.42970430850982666,-0.940578281879425,0.43304386734962463,0.424139142036438,-0.8006916046142578,0.5504035353660583,0.5648170113563538,-1.297203540802002,0.46645694971084595,0.566074788570404,-1.2578476667404175,0.8456307649612427,0.8606107831001282,-0.5418862104415894,0.27655261754989624,0.856133759021759,-0.4359779953956604,0.9370853304862976,1.3633359670639038,-0.541960597038269,0.16795165836811066,1.3641222715377808,-0.4408787786960602,0.8747842907905579,1.671820878982544,-1.039031744003296,0.20140734314918518,1.7040503025054932,-1.1854593753814697,0.8843185305595398,1.7902114391326904,-1.1875932216644287,0.18967843055725098,1.8371938467025757,-1.385690689086914,0.8350812196731567,1.759745717048645,-1.280623197555542,0.23832488059997559,1.801064133644104,-1.4718825817108154,0.818403422832489,1.707019329071045,-1.0995615720748901,0.2552284002304077,1.7466684579849243,-1.248753547668457,0.7368044853210449,1.8401490449905396,-0.08509695529937744,0.3802606463432312,1.8248229026794434,0.09129883348941803,0.7141053676605225,2.590906858444214,-0.28397059440612793,0.37641972303390503,2.5585477352142334,-0.11911521106958389,0.7161173224449158,3.314486265182495,0.35745975375175476,0.3901393711566925,3.284165859222412,0.236303448677063,0.7257037162780762,3.4387943744659424,0.3766661584377289,0.39228737354278564,3.403231620788574,0.2427121102809906,0.6483936309814453,3.5301427841186523,-0.4214344620704651,0.435098797082901,3.507500410079956,-0.5803593397140503,0.42283432939527277,2
2026-09-24T12:28:10.463198,S012,S012_A5_Y_20260924_1227,elevated_20,A5,young,class_2,0.49224719405174255,0.4758814573287964,-1.4324754476547241,0.5333630442619324,0.3830820620059967,-1.371297836303711,0.5621748566627502,0.3835815191268921,-1.3718509674072266,0.5900298357009888,0.3862069249153137,-1.371960163116455,0.46404701471328735,0.3856268525123596,-1.340807318687439,0.44685325026512146,0.3867693543434143,-1.3407340049743652,0.4334808886051178,0.3883000910282135,-1.3412338495254517,0.6392949223518372,0.43160030245780945,-0.829779326915741,0.43471798300743103,0.42494919896125793,-0.6787678003311157,0.5515177249908447,0.5671771168708801,-1.2222076654434204,0.46739357709884644,0.568284273147583,-1.1804406642913818,0.8454758524894714,0.8627826571464539,-0.5027152299880981,0.27564114332199097,0.8563658595085144,-0.25133538246154785,0.9401418566703796,1.3749539852142334,-0.8112763166427612,0.11446154117584229,1.3271368741989136,-0.824874222278595,0.8758784532546997,1.5970343351364136,-1.5426034927368164,0.10353269428014755,0.9519312977790833,-2.2972640991210938,0.8820672035217285,1.6745201349258423,-1.69405198097229,0.11292572319507599,0.8474265933036804,-2.56431245803833,0.8358058929443359,1.6185585260391235,-1.7322381734848022,0.13599778711795807,0.8130326867103577,-2.5300345420837402,0.8187058568000793,1.589453101158142,-1.5799537897109985,0.15970589220523834,0.8489325046539307,-2.3310060501098633,0.7335299849510193,1.852176308631897,-0.11096185445785522,0.3793913424015045,1.8302948474884033,0.11582218110561371,0.7044907808303833,2.6109933853149414,-0.24428503215312958,0.3676726222038269,2.57249116897583,-0.04341057687997818,0.7047063112258911,3.337062120437622,0.44345107674598694,0.38505813479423523,3.303732395172119,0.387285053730011,0.7132078409194946,3.4525134563446045,0.46312659978866577,0.3880753815174103,3.4098916053771973,0.401317834854126,0.6464046239852905,3.540325164794922,-0.3520793318748474,0.41897326707839966,3.528003692626953,-0.44118642807006836,0.4320954032631231,2
2026-09-24T12:28:10.689429,S012,S012_A5_Y_20260924_1227,elevated_20,A5,young,class_2,0.4934629797935486,0.48415663838386536,-1.4248123168945312,0.5342528820037842,0.3879322409629822,-1.3625839948654175,0.5628780126571655,0.3878644108772278,-1.3632066249847412,0.5904536247253418,0.3898658752441406,-1.363416314125061,0.4646431803703308,0.39096716046333313,-1.3385738134384155,0.44722214341163635,0.3912029564380646,-1.3384723663330078,0.4336943030357361,0.3923463821411133,-1.3390581607818604,0.6393926739692688,0.43298274278640747,-0.8151048421859741,0.43481263518333435,0.4257798492908478,-0.6950139999389648,0.5523846745491028,0.5737931132316589,-1.2091798782348633,0.4681590497493744,0.5764219164848328,-1.1758456230163574,0.8447951078414917,0.8627089262008667,-0.4645248055458069,0.27554911375045776,0.8554465770721436,-0.27595120668411255,0.9396734237670898,1.3742491006851196,-0.7954332828521729,0.12183445692062378,1.330076813697815,-0.733022153377533,0.8720992803573608,1.6014454364776611,-1.4568876028060913,0.11626791954040527,1.2224044799804688,-2.0054221153259277,0.8750830888748169,1.6934384107589722,-1.6852716207504272,0.12402620166540146,1.2209981679916382,-2.261868953704834,0.8332452774047852,1.6430495977401733,-1.7195297479629517,0.16920414566993713,1.1651610136032104,-2.275695323944092,0.81781405210495,1.6053341627120972,-1.51704740524292,0.18887701630592346,1.167830228805542,-2.054126501083374,0.7338396310806274,1.8520886898040771,-0.10765480995178223,0.38088375329971313,1.830535650253296,0.11288537085056305,0.7057133913040161,2.61165452003479,-0.23858073353767395,0.3684399724006653,2.573775291442871,-0.08982743322849274,0.7070376873016357,3.337759256362915,0.41927370429039,0.3877786695957184,3.305007219314575,0.2727436423301697,0.7157076597213745,3.454026222229004,0.43449148535728455,0.39048999547958374,3.413315534591675,0.2769360840320587,0.6486610174179077,3.543755292892456,-0.38141611218452454,0.42411261796951294,3.529155969619751,-0.5622223615646362,0.43323357177723665,2
2026-09-24T12:28:10.913444,S012,S012_A5_Y_20260924_1227,elevated_20,A5,young,class_2,0.503466784954071,0.48448848724365234,-1.5234894752502441,0.5405192971229553,0.38804423809051514,-1.448786973953247,0.5688491463661194,0.38782915472984314,-1.4494538307189941,0.5942503809928894,0.38962939381599426,-1.4496406316757202,0.4688953459262848,0.391201376914978,-1.4336411952972412,0.45012545585632324,0.3914209306240082,-1.4337191581726074,0.43568363785743713,0.3931826949119568,-1.4343372583389282,0.6412829160690308,0.4325016140937805,-0.8490330576896667,0.4347503185272217,0.428106427192688,-0.7709607481956482,0.5632584691047668,0.5738905072212219,-1.289341688156128,0.47698456048965454,0.5771048665046692,-1.2678948640823364,0.8448630571365356,0.8607156276702881,-0.477766215801239,0.27501845359802246,0.8540939688682556,-0.3109392523765564,0.9446488618850708,1.3320120573043823,-0.7767550945281982,0.19337791204452515,1.3315175771713257,-0.6806648373603821,0.8729413747787476,1.5738520622253418,-1.4293113946914673,0.2508121132850647,1.2300775051116943,-1.9279677867889404,0.8767822980880737,1.6754298210144043,-1.6607574224472046,0.2656152844429016,1.3308278322219849,-2.2443060874938965,0.8355356454849243,1.6243845224380493,-1.6595630645751953,0.28551751375198364,1.198398470878601,-2.177917957305908,0.8220745325088501,1.581359624862671,-1.5047796964645386,0.2925069332122803,1.2336430549621582,-2.0500760078430176,0.7436345815658569,1.8435941934585571,-0.1062823161482811,0.3953118920326233,1.8255794048309326,0.11154608428478241,0.7150040864944458,2.5630221366882324,-0.38980981707572937,0.3868853449821472,2.519015312194824,-0.25693053007125854,0.7334531545639038,3.2873482704162598,0.21428410708904266,0.4201412796974182,3.2543487548828125,0.05519205331802368,0.7419272065162659,3.406168222427368,0.2269386500120163,0.4249187409877777,3.3707971572875977,0.05284007638692856,0.684980034828186,3.495249032974243,-0.5935152769088745,0.46228569746017456,3.4681551456451416,-0.7764483094215393,0.43203367546789884,2
2026-09-24T12:28:11.121688,S012,S012_A5_Y_20260924_1227,elevated_20,A5,young,class_2,0.5159579515457153,0.481731116771698,-1.5743515491485596,0.5479775071144104,0.3848963677883148,-1.4940327405929565,0.5750147700309753,0.3848685026168823,-1.4946292638778687,0.5983392000198364,0.38662371039390564,-1.4947549104690552,0.47640261054039,0.3897620141506195,-1.4902094602584839,0.45563220977783203,0.39104315638542175,-1.4900989532470703,0.43956050276756287,0.3934388756752014,-1.4908170700073242,0.6422784924507141,0.4305351674556732,-0.8883589506149292,0.4343493580818176,0.42855629324913025,-0.8688828349113464,0.5715481042861938,0.5723192691802979,-1.3411341905593872,0.48598089814186096,0.576509416103363,-1.33393132686615,0.8448609113693237,0.8594588041305542,-0.4793376922607422,0.2717094123363495,0.8530408143997192,-0.4585397243499756,0.9446821212768555,1.321651816368103,-0.6715008616447449,0.19084854423999786,1.3388893604278564,-0.6364596486091614,0.8745344281196594,1.5830872058868408,-1.3756680488586426,0.2623308300971985,1.537031650543213,-1.552865743637085,0.8792306780815125,1.690590262413025,-1.562121033668518,0.2725623548030853,1.6701321601867676,-1.806056022644043,0.836825966835022,1.6437197923660278,-1.6236228942871094,0.304945707321167,1.5940134525299072,-1.8743646144866943,0.8232747316360474,1.5979989767074585,-1.4363456964492798,0.312526673078537,1.5538169145584106,-1.6299759149551392,0.7436769008636475,1.8308124542236328,-0.08716456592082977,0.3951469361782074,1.817765712738037,0.09274773299694061,0.715095579624176,2.562403678894043,-0.38090407848358154,0.3866920471191406,2.523799419403076,-0.21923580765724182,0.7317837476730347,3.2816381454467773,0.2584221661090851,0.4187774658203125,3.246619462966919,0.12930899858474731,0.739132285118103,3.4014739990234375,0.2779482305049896,0.4225088059902191,3.363626718521118,0.12850742042064667,0.6834279298782349,3.4927337169647217,-0.5576092004776001,0.46200671792030334,3.459109306335449,-0.7030895352363586,0.4316059333866702,2
2026-09-24T12:28:11.365397,S012,S012_A5_Y_20260924_1227,elevated_20,A5,young,class_2,0.5171399116516113,0.48194700479507446,-1.4148740768432617,0.5486560463905334,0.3850790560245514,-1.3403748273849487,0.5758020281791687,0.3848835229873657,-1.3409981727600098,0.598910927772522,0.38630661368370056,-1.3413300514221191,0.4766242504119873,0.39074552059173584,-1.323251485824585,0.45580777525901794,0.39281949400901794,-1.3233258724212646,0.43979412317276,0.3961304724216461,-1.3238048553466797,0.6424298286437988,0.4297690689563751,-0.7775799632072449,0.43404197692871094,0.4328961968421936,-0.688681423664093,0.5750892758369446,0.5723785758018494,-1.2007191181182861,0.4882808327674866,0.5766714811325073,-1.1762018203735352,0.8456336259841919,0.8592643737792969,-0.4406515061855316,0.27215176820755005,0.8628919124603271,-0.32416796684265137,0.95557701587677,1.32369863986969,-0.597536563873291,0.11663617193698883,1.3217147588729858,-0.9464386701583862,0.9168744087219238,1.6520779132843018,-1.127823829650879,0.07309082895517349,0.9544051885604858,-2.429461717605591,0.9324706792831421,1.778082013130188,-1.2533113956451416,0.07215826213359833,0.8412455320358276,-2.7112796306610107,0.8802422285079956,1.7436432838439941,-1.3315178155899048,0.11332157999277115,0.7905595898628235,-2.6987416744232178,0.8604941368103027,1.6946101188659668,-1.1795039176940918,0.14856168627738953,0.8337070941925049,-2.4744255542755127,0.7455828785896301,1.8496142625808716,-0.09330768138170242,0.39864203333854675,1.840957522392273,0.09819026291370392,0.7270232439041138,2.596489429473877,-0.3219728469848633,0.3997780978679657,2.5736513137817383,-0.08043571561574936,0.755016028881073,3.3270070552825928,0.32096391916275024,0.4418649673461914,3.2904608249664307,0.2963773310184479,0.7648864984512329,3.4461426734924316,0.33482423424720764,0.44594669342041016,3.395224094390869,0.30412498116493225,0.7160145044326782,3.521442413330078,-0.46644243597984314,0.48239952325820923,3.507960319519043,-0.504463791847229,0.4390169255969919,2
2026-09-24T12:28:11.600486,S012,S012_A5_Y_20260924_1227,elevated_20,A5,young,class_2,0.5154896378517151,0.48242104053497314,-1.5911887884140015,0.5475707650184631,0.38540706038475037,-1.511384129524231,0.5750823020935059,0.38504278659820557,-1.5119445323944092,0.5987147092819214,0.3863409459590912,-1.5120060443878174,0.4752925932407379,0.391834557056427,-1.4995834827423096,0.45488008856773376,0.39396315813064575,-1.4998379945755005,0.439140260219574,0.3974294662475586,-1.5004780292510986,0.6421524882316589,0.42957445979118347,-0.9067546129226685,0.43326258659362793,0.43353644013404846,-0.8381128311157227,0.5750249624252319,0.5724881291389465,-1.355747103691101,0.48674020171165466,0.576874315738678,-1.3377537727355957,0.8473905324935913,0.8613049983978271,-0.5023413300514221,0.2669371962547302,0.8678572177886963,-0.3832603096961975,0.9791816473007202,1.3255444765090942,-0.7809973955154419,0.11920231580734253,1.3376113176345825,-0.8109140396118164,0.9117962718009949,1.555519700050354,-1.522666096687317,0.15077942609786987,0.9677201509475708,-1.9939781427383423,0.9035575985908508,1.64393150806427,-1.6876413822174072,0.1766885221004486,0.8784569501876831,-2.243507146835327,0.8643192052841187,1.584349513053894,-1.7391040325164795,0.18818749487400055,0.9828062057495117,-2.2762882709503174,0.8537081480026245,1.548876166343689,-1.5665414333343506,0.19792571663856506,0.9967375993728638,-2.0462803840637207,0.7473104596138,1.8544738292694092,-0.09347807615995407,0.398098886013031,1.8449859619140625,0.09854528307914734,0.7271585464477539,2.5951690673828125,-0.32579806447029114,0.3991037607192993,2.5603060722351074,-0.268964558839798,0.7534423470497131,3.3252058029174805,0.2723987102508545,0.43881160020828247,3.2873992919921875,0.04995180293917656,0.7630957961082458,3.4457497596740723,0.28151312470436096,0.44278469681739807,3.3971989154815674,0.04837532341480255,0.7106267213821411,3.5233311653137207,-0.5300239324569702,0.48124775290489197,3.502497911453247,-0.7821975350379944,0.4387111413842914,2
2026-09-24T12:28:11.856928,S012,S012_A5_Y_20260924_1227,elevated_20,A5,young,class_2,0.5153533220291138,0.4879498779773712,-1.690224289894104,0.547577440738678,0.3893311321735382,-1.611640214920044,0.5751097202301025,0.38850918412208557,-1.6121532917022705,0.5987817645072937,0.389458030462265,-1.612205147743225,0.47527608275413513,0.39652004837989807,-1.6024534702301025,0.4548979699611664,0.3981524109840393,-1.6026179790496826,0.43916305899620056,0.4010726809501648,-1.6032915115356445,0.6421184539794922,0.43039819598197937,-0.9984796643257141,0.43279367685317993,0.4352342188358307,-0.9396011233329773,0.574919581413269,0.5762215256690979,-1.447195291519165,0.4864594042301178,0.5814568996429443,-1.4320780038833618,0.8477455377578735,0.8609560132026672,-0.5490634441375732,0.2660318911075592,0.8682900071144104,-0.4592578411102295,0.9793944358825684,1.3110264539718628,-0.7679471373558044,0.14882317185401917,1.3406883478164673,-0.7251492738723755,0.8996881246566772,1.4871734380722046,-1.4905998706817627,0.2470964640378952,1.279079794883728,-1.6868221759796143,0.883915901184082,1.5675808191299438,-1.662644624710083,0.27777209877967834,1.3466798067092896,-1.9089930057525635,0.8516920804977417,1.5058890581130981,-1.7211891412734985,0.2927491068840027,1.3034485578536987,-1.946000337600708,0.8455374836921692,1.471534013748169,-1.5386714935302734,0.29204466938972473,1.271430253982544,-1.7331899404525757,0.7478509545326233,1.8512873649597168,-0.09455092996358871,0.3974827527999878,1.8423457145690918,0.09983699768781662,0.7284838557243347,2.5707037448883057,-0.38125643134117126,0.4019218385219574,2.5302789211273193,-0.30496272444725037,0.758539080619812,3.302182912826538,0.21148090064525604,0.4459494650363922,3.266665458679199,0.018129386007785797,0.7679304480552673,3.4250099658966064,0.22147758305072784,0.4514469504356384,3.383207082748413,0.01690414920449257,0.7158932685852051,3.5084471702575684,-0.6068841218948364,0.4918144643306732,3.4814867973327637,-0.8278654217720032,0.4373971039806775,2
2026-09-24T12:28:12.177582,S012,S012_A5_Y_20260924_1227,elevated_20,A5,young,class_2,0.5152584314346313,0.4906840920448303,-1.6523001194000244,0.5475830435752869,0.39124396443367004,-1.5747543573379517,0.5751249194145203,0.3901383578777313,-1.5752722024917603,0.5988059043884277,0.39080432057380676,-1.5753505229949951,0.4752804636955261,0.39866989850997925,-1.5650837421417236,0.45493823289871216,0.4001024067401886,-1.5651466846466064,0.4392194151878357,0.40283098816871643,-1.5658516883850098,0.6419408321380615,0.43095242977142334,-0.9779836535453796,0.43267741799354553,0.43695154786109924,-0.9175021052360535,0.5748777389526367,0.5781282186508179,-1.4166529178619385,0.48640507459640503,0.5844861268997192,-1.4010308980941772,0.8477782011032104,0.8608725070953369,-0.5461163520812988,0.2659422755241394,0.8694316744804382,-0.46355366706848145,0.9783360362052917,1.3098152875900269,-0.7415920495986938,0.15528294444084167,1.3558967113494873,-0.6218814253807068,0.8967882990837097,1.4966161251068115,-1.471478819847107,0.24760480225086212,1.5482417345046997,-1.5566964149475098,0.8807946443557739,1.5836350917816162,-1.6539958715438843,0.2671293616294861,1.666594386100769,-1.7834097146987915,0.8485876321792603,1.52529776096344,-1.71462082862854,0.2934251129627228,1.5975613594055176,-1.8407299518585205,0.8425103425979614,1.4886913299560547,-1.5227218866348267,0.2967264950275421,1.5496525764465332,-1.6112982034683228,0.7485545873641968,1.8517298698425293,-0.09426455944776535,0.3971685469150543,1.8430845737457275,0.09956718236207962,0.7286098599433899,2.571380615234375,-0.4171717166900635,0.40143290162086487,2.5319581031799316,-0.3508147597312927,0.759223461151123,3.3030216693878174,0.16096851229667664,0.4445604681968689,3.2687346935272217,-0.032260213047266006,0.7686615586280823,3.4260575771331787,0.16973081231117249,0.449805349111557,3.3857367038726807,-0.03422299027442932,0.7147737741470337,3.511380910873413,-0.6634225249290466,0.4922064244747162,3.484450340270996,-0.8863726854324341,0.4362227163457481,2
2026-09-24T12:28:12.629169,S012,S012_A5_Y_20260924_1227,elevated_20,A5,young,class_2,0.5152291059494019,0.494171142578125,-1.6427099704742432,0.5477075576782227,0.3948456048965454,-1.5586785078048706,0.5753376483917236,0.39389657974243164,-1.5592856407165527,0.5989530086517334,0.394807904958725,-1.5593600273132324,0.47514471411705017,0.4009421169757843,-1.5637123584747314,0.4548042416572571,0.4019703269004822,-1.564286470413208,0.4390011727809906,0.4045252203941345,-1.5648702383041382,0.6417309045791626,0.43365031480789185,-0.9210160970687866,0.431094229221344,0.43832048773765564,-0.8973881006240845,0.5748423933982849,0.5816413760185242,-1.3812181949615479,0.48636943101882935,0.5875292420387268,-1.3811599016189575,0.8471384048461914,0.8610875606536865,-0.5240230560302734,0.25841575860977173,0.8718603849411011,-0.4181402623653412,0.9882304072380066,1.2954620122909546,-0.916054904460907,0.13338899612426758,1.3457311391830444,-0.9445147514343262,0.8934943079948425,1.3672599792480469,-1.720343828201294,0.17825064063072205,1.1446315050125122,-2.2540059089660645,0.8713089823722839,1.413286805152893,-1.87030029296875,0.18851733207702637,1.093328833580017,-2.4924721717834473,0.8418638110160828,1.3445274829864502,-1.8833305835723877,0.14816245436668396,0.9223297238349915,-2.455237627029419,0.8381630778312683,1.3293055295944214,-1.7483192682266235,0.1585102528333664,0.9388996958732605,-2.2819108963012695,0.7464044094085693,1.856925368309021,-0.09528831392526627,0.3930063247680664,1.8481636047363281,0.10063086450099945,0.7236834168434143,2.572901725769043,-0.3906569182872772,0.39509397745132446,2.531684398651123,-0.30246129631996155,0.7538610696792603,3.3038737773895264,0.22315260767936707,0.4354833662509918,3.2702269554138184,0.03923000767827034,0.7619825601577759,3.4252476692199707,0.2359861433506012,0.44203734397888184,3.3867900371551514,0.04024283587932587,0.7136325240135193,3.513381242752075,-0.6284148097038269,0.47470512986183167,3.485992431640625,-0.7970597147941589,0.4384568469937552,2
2026-09-24T12:28:12.921491,S012,S012_A5_Y_20260924_1227,elevated_20,A5,young,class_2,0.5132381319999695,0.49520331621170044,-1.649637222290039,0.5464072823524475,0.3956141173839569,-1.5741353034973145,0.574359118938446,0.3945911228656769,-1.574639081954956,0.5984483361244202,0.39544418454170227,-1.5747318267822266,0.4737478792667389,0.40136054158210754,-1.5680081844329834,0.45382818579673767,0.4022025167942047,-1.5680954456329346,0.4382591247558594,0.4046604037284851,-1.568770170211792,0.6405994892120361,0.4338931441307068,-0.9768997430801392,0.43058714270591736,0.43844932317733765,-0.9248502850532532,0.5733970999717712,0.583021342754364,-1.4097633361816406,0.4851122498512268,0.588553249835968,-1.397870421409607,0.8471538424491882,0.860810399055481,-0.5390750169754028,0.2584678828716278,0.8722551465034485,-0.46257296204566956,0.9822618365287781,1.2974425554275513,-0.7200380563735962,0.14486974477767944,1.3486785888671875,-0.6046893000602722,0.891486644744873,1.4625223875045776,-1.367588758468628,0.21572467684745789,1.4620195627212524,-1.5265820026397705,0.8720601201057434,1.5509278774261475,-1.5389105081558228,0.22716403007507324,1.5517019033432007,-1.7575896978378296,0.8415986895561218,1.4995291233062744,-1.6197593212127686,0.2368611842393875,1.4731236696243286,-1.8165773153305054,0.8369801640510559,1.458717703819275,-1.4264966249465942,0.2410488873720169,1.4346569776535034,-1.5834888219833374,0.7458204030990601,1.8505444526672363,-0.09266816079616547,0.38972094655036926,1.843615174293518,0.0982663482427597,0.7238955497741699,2.580646276473999,-0.32822030782699585,0.39444440603256226,2.5436601638793945,-0.28856316208839417,0.7533614039421082,3.310086250305176,0.28773292899131775,0.43408527970314026,3.2834713459014893,0.06942369043827057,0.7614318132400513,3.4318196773529053,0.2998397648334503,0.440646231174469,3.4022040367126465,0.07206230610609055,0.7091814279556274,3.5244925022125244,-0.6205968260765076,0.4748004376888275,3.499913215637207,-0.7881520986557007,0.43643010604357574,2
2026-09-24T12:28:13.299336,S012,S012_A5_Y_20260924_1227,elevated_20,A5,young,class_2,0.5081676244735718,0.49765390157699585,-1.6842292547225952,0.5424831509590149,0.39671599864959717,-1.6188571453094482,0.5708573460578918,0.3955395519733429,-1.6193618774414062,0.5961905121803284,0.39625710248947144,-1.6195013523101807,0.4718753695487976,0.4024735689163208,-1.6089088916778564,0.45291662216186523,0.4029770493507385,-1.6085704565048218,0.4377903342247009,0.40515056252479553,-1.609261155128479,0.6384766101837158,0.4338982403278351,-1.0592840909957886,0.43058186769485474,0.4385538399219513,-0.9880635142326355,0.5689772367477417,0.5843393802642822,-1.4605687856674194,0.481635183095932,0.5897732377052307,-1.4414730072021484,0.847131073474884,0.8576771020889282,-0.5897999405860901,0.2596456706523895,0.8718291521072388,-0.5728535056114197,0.9775225520133972,1.2986308336257935,-0.5896643400192261,0.1819409877061844,1.3819526433944702,-0.5062786936759949,0.8962411880493164,1.5511866807937622,-1.1469355821609497,0.24413228034973145,1.7084100246429443,-1.2431226968765259,0.8946835398674011,1.673699140548706,-1.3188523054122925,0.24169805645942688,1.8421686887741089,-1.4555531740188599,0.8552301526069641,1.6415432691574097,-1.4204909801483154,0.27745959162712097,1.802198052406311,-1.5656383037567139,0.8436571359634399,1.5888373851776123,-1.2149455547332764,0.2911592721939087,1.746012806892395,-1.3142749071121216,0.7527024149894714,1.818484902381897,-0.0925673097372055,0.39233946800231934,1.822049856185913,0.09815900027751923,0.7444202303886414,2.5822694301605225,-0.2202254980802536,0.4103335440158844,2.5633692741394043,-0.09613733738660812,0.7594470977783203,3.310950994491577,0.5112213492393494,0.4424983859062195,3.2979214191436768,0.3837542235851288,0.7682151198387146,3.432219982147217,0.5348199009895325,0.44715890288352966,3.4166488647460938,0.4020879864692688,0.7091597318649292,3.5299487113952637,-0.33453041315078735,0.490054190158844,3.5182065963745117,-0.4927239418029785,0.4347112493326704,2
2026-09-24T12:28:13.596682,S012,S012_A5_Y_20260924_1227,elevated_20,A5,young,class_2,0.48672014474868774,0.47899311780929565,-1.3797283172607422,0.5283657312393188,0.38748234510421753,-1.3206369876861572,0.5575250387191772,0.3878214955329895,-1.321016788482666,0.5853408575057983,0.38960549235343933,-1.3213082551956177,0.46247345209121704,0.39053818583488464,-1.2936869859695435,0.4466525912284851,0.39118120074272156,-1.292767882347107,0.432196706533432,0.3929489850997925,-1.2934281826019287,0.6329870223999023,0.4317271411418915,-0.8654287457466125,0.42954230308532715,0.4315125346183777,-0.7108626365661621,0.5467507839202881,0.5678186416625977,-1.203884482383728,0.4651293158531189,0.5716496706008911,-1.1612600088119507,0.846234142780304,0.8616048097610474,-0.5439267158508301,0.2598792016506195,0.8717762231826782,-0.46006807684898376,0.9770733118057251,1.3542264699935913,-0.576259970664978,0.18566587567329407,1.4125635623931885,-0.4274319112300873,0.9007760286331177,1.7465465068817139,-1.0603625774383545,0.22026760876178741,1.799897313117981,-1.1861525774002075,0.9126585125923157,1.8956122398376465,-1.2206294536590576,0.1897365003824234,1.9454580545425415,-1.3872162103652954,0.8559362292289734,1.888416051864624,-1.2942252159118652,0.24872000515460968,1.9291082620620728,-1.4953501224517822,0.8431320190429688,1.8243058919906616,-1.1162830591201782,0.27429133653640747,1.8698419332504272,-1.2596826553344727,0.7524678707122803,1.8231265544891357,-0.1041950136423111,0.38800129294395447,1.8230358362197876,0.11057689040899277,0.7440483570098877,2.615344285964966,-0.21772468090057373,0.40082842111587524,2.60709810256958,0.09390027076005936,0.7500206828117371,3.3303656578063965,0.5130459070205688,0.4188564717769623,3.3216874599456787,0.5483663082122803,0.7643394470214844,3.452868700027466,0.5402818322181702,0.4189812242984772,3.441826820373535,0.5676156878471375,0.6752380132675171,3.5532612800598145,-0.26481083035469055,0.4621238112449646,3.5491316318511963,-0.24478574097156525,0.4325935041830014,2
2026-09-24T12:28:13.811946,S012,S012_A5_Y_20260924_1227,elevated_20,A5,young,class_2,0.39594101905822754,0.45014891028404236,-0.8194934725761414,0.43790990114212036,0.3659924268722534,-0.8438887596130371,0.4586716294288635,0.36677154898643494,-0.8435891270637512,0.48042187094688416,0.36796167492866516,-0.8436101675033569,0.4013254642486572,0.365573525428772,-0.7654173374176025,0.3951561152935028,0.36504122614860535,-0.7644361257553101,0.38908281922340393,0.3648131489753723,-0.7650970816612244,0.5748535394668579,0.4130496382713318,-0.7432092428207397,0.4297211766242981,0.40838488936424255,-0.3643699884414673,0.4409804344177246,0.5297945141792297,-0.7723432779312134,0.39712661504745483,0.5288811326026917,-0.6617695093154907,0.8314186930656433,0.8614119291305542,-0.5243159532546997,0.25988462567329407,0.8598186373710632,-0.32238486409187317,0.929073691368103,1.381201982498169,-0.4495559334754944,0.18555961549282074,1.3927130699157715,-0.1139511913061142,0.8701955080032349,1.7924965620040894,-0.5275018215179443,0.21704237163066864,1.7690850496292114,-0.43542879819869995,0.8978759050369263,1.9275081157684326,-0.5963818430900574,0.18162938952445984,1.9076402187347412,-0.5418566465377808,0.8336681127548218,1.9317153692245483,-0.6536916494369507,0.24022157490253448,1.9061081409454346,-0.6222084164619446,0.8139653205871582,1.8709533214569092,-0.5643850564956665,0.26881104707717896,1.8490694761276245,-0.4898451864719391,0.7234320044517517,1.8191602230072021,-0.10232432931661606,0.35754379630088806,1.807742714881897,0.10890473425388336,0.6835892796516418,2.6126275062561035,-0.19616472721099854,0.34766727685928345,2.605163335800171,0.050107263028621674,0.678420901298523,3.328174591064453,0.46290701627731323,0.3475179672241211,3.3087899684906006,0.4319782257080078,0.6941558122634888,3.4502182006835938,0.4861385226249695,0.34616464376449585,3.425701141357422,0.44785475730895996,0.5976466536521912,3.541332244873047,-0.22608156502246857,0.3708590269088745,3.5234527587890625,-0.2707556486129761,0.43028874782259774,2
2026-09-24T12:28:14.001305,S012,S012_A5_Y_20260924_1227,elevated_20,A5,young,class_2,0.3519269824028015,0.4325862526893616,-0.6642926931381226,0.3998449444770813,0.35517004132270813,-0.708268404006958,0.4150032103061676,0.3573751449584961,-0.7085557579994202,0.43110013008117676,0.3596411943435669,-0.7085081338882446,0.37806373834609985,0.3509661555290222,-0.5899196267127991,0.3782914876937866,0.34956881403923035,-0.5894204378128052,0.37884721159935,0.3480033278465271,-0.5900872945785522,0.5269589424133301,0.4090244174003601,-0.6653333306312561,0.4403349757194519,0.39996641874313354,-0.11674270778894424,0.39838430285453796,0.5110621452331543,-0.6390081644058228,0.37096184492111206,0.5116817355155945,-0.4823760986328125,0.8089305758476257,0.8568493127822876,-0.5257687568664551,0.26179108023643494,0.8465007543563843,0.05450781062245369,0.9154402613639832,1.4043959379196167,-0.6892131567001343,0.08923079073429108,1.3430860042572021,-0.2746708393096924,0.8711254000663757,1.78817617893219,-0.9384859800338745,0.04724830016493797,1.0385557413101196,-1.1168739795684814,0.8977567553520203,1.9164477586746216,-1.0479767322540283,0.016837704926729202,0.9220846891403198,-1.2329766750335693,0.8344477415084839,1.8919047117233276,-1.1065669059753418,0.07082732021808624,0.8774871230125427,-1.217743158340454,0.8149967193603516,1.8436663150787354,-0.9812111854553223,0.09698168188333511,0.9104970097541809,-1.034588098526001,0.7119232416152954,1.822808027267456,-0.16042062640190125,0.34534594416618347,1.8110592365264893,0.16602936387062073,0.6790190935134888,2.6377933025360107,-0.3260886073112488,0.34966427087783813,2.6123528480529785,0.01361278910189867,0.6846892833709717,3.370849609375,0.3210822343826294,0.3633454144001007,3.3286969661712646,0.3771633803844452,0.7003819346427917,3.4849629402160645,0.33878767490386963,0.3636273741722107,3.433082103729248,0.39177966117858887,0.6130596995353699,3.557745933532715,-0.37763139605522156,0.3848593533039093,3.5361530780792236,-0.3625359833240509,0.4409135989236264,2
2026-09-24T12:28:14.177989,S012,S012_A5_Y_20260924_1227,elevated_20,A5,young,class_2,0.36943796277046204,0.41321051120758057,-0.9154620170593262,0.4218454957008362,0.34662336111068726,-0.9256480932235718,0.43856126070022583,0.35056930780410767,-0.9257699847221375,0.45554718375205994,0.35471004247665405,-0.9259201288223267,0.3933948874473572,0.34023144841194153,-0.8390625715255737,0.389495313167572,0.33890706300735474,-0.8390600085258484,0.3854367136955261,0.3377743363380432,-0.8398717641830444,0.5357295870780945,0.4061543047428131,-0.7361191511154175,0.4530700147151947,0.39161399006843567,-0.3435543179512024,0.4068024754524231,0.4862004816532135,-0.8379804491996765,0.3752290904521942,0.4827788770198822,-0.7259828448295593,0.7768851518630981,0.8517545461654663,-0.551934003829956,0.2609815001487732,0.7902012467384338,-0.12354282289743423,0.876427948474884,1.372997522354126,-0.9039894342422485,-0.13740116357803345,0.9227374196052551,-0.7915387749671936,0.8524006009101868,1.7377430200576782,-1.2447569370269775,0.0984300822019577,0.6661670207977295,-1.7562952041625977,0.8763819932937622,1.8436814546585083,-1.3362892866134644,0.12054194509983063,0.5849771499633789,-1.9462077617645264,0.8254672884941101,1.8264391422271729,-1.3343544006347656,0.15441356599330902,0.5682252645492554,-1.7411597967147827,0.8071486353874207,1.808335781097412,-1.2622615098953247,0.13336998224258423,0.5943995118141174,-1.7114341259002686,0.6485157608985901,1.8233877420425415,-0.1759350597858429,0.30342647433280945,1.8044013977050781,0.18036921322345734,0.6000617146492004,2.6192924976348877,-0.35930925607681274,0.28546494245529175,2.584184169769287,0.046091075986623764,0.5978015661239624,3.3587238788604736,0.22071798145771027,0.2836287319660187,3.304379940032959,0.3469642996788025,0.6117649674415588,3.473085880279541,0.23307237029075623,0.2834528088569641,3.4075186252593994,0.3597199022769928,0.527658998966217,3.533064603805542,-0.4871532917022705,0.2771138548851013,3.506789207458496,-0.36995238065719604,0.44725422130784753,2
2026-09-24T12:28:14.342685,S012,S012_A5_Y_20260924_1227,elevated_20,A5,young,class_2,0.4302491545677185,0.41783568263053894,-0.8623813390731812,0.4747486114501953,0.3555440604686737,-0.8215246200561523,0.4865170419216156,0.35811281204223633,-0.8214451670646667,0.4984005391597748,0.361301064491272,-0.8215985298156738,0.4468771815299988,0.3550315201282501,-0.776436448097229,0.4404279589653015,0.3558463156223297,-0.7759099006652832,0.4334752559661865,0.355500727891922,-0.77642822265625,0.5370179414749146,0.4123935401439667,-0.4947740435600281,0.46902498602867126,0.40112021565437317,-0.2787012457847595,0.45870405435562134,0.4947017729282379,-0.7484764456748962,0.42455846071243286,0.49482232332229614,-0.6872333884239197,0.7741873264312744,0.806842029094696,-0.3428756594657898,0.28634434938430786,0.7722282409667969,-0.12943102419376373,0.8545944094657898,1.3664474487304688,-0.4117732644081116,-0.030469154939055443,0.924575924873352,-0.7492623329162598,0.8511670827865601,1.7377582788467407,-0.6115469336509705,0.11998412758111954,0.5307216048240662,-1.6664230823516846,0.876733124256134,1.848299264907837,-0.6916131973266602,0.1283290535211563,0.39179688692092896,-1.8721243143081665,0.8262889981269836,1.8462873697280884,-0.7350590825080872,0.15509366989135742,0.39125287532806396,-1.7405685186386108,0.8067691922187805,1.818115234375,-0.6482506990432739,0.14745593070983887,0.44666674733161926,-1.656662940979004,0.6514191031455994,1.7171931266784668,-0.16964471340179443,0.30936339497566223,1.699511170387268,0.17214295268058777,0.6155034899711609,2.5431063175201416,-0.17104364931583405,0.30474698543548584,2.506883144378662,0.007478011306375265,0.6113861799240112,3.267655849456787,0.5447108149528503,0.31024983525276184,3.224027395248413,0.4386664032936096,0.6209226250648499,3.3599321842193604,0.5725033283233643,0.30623874068260193,3.30957293510437,0.47395962476730347,0.5539680123329163,3.4583005905151367,-0.1472173035144806,0.32351869344711304,3.4346511363983154,-0.3152201771736145,0.46113103945698997,2
