timestamp,subject_id,session_id,camera_angle,angle_code,age_bracket,posture_class,x0,y0,z0,x1,y1,z1,x2,y2,z2,x3,y3,z3,x4,y4,z4,x5,y5,z5,x6,y6,z6,x7,y7,z7,x8,y8,z8,x9,y9,z9,x10,y10,z10,x11,y11,z11,x12,y12,z12,x13,y13,z13,x14,y14,z14,x15,y15,z15,x16,y16,z16,x17,y17,z17,x18,y18,z18,x19,y19,z19,x20,y20,z20,x21,y21,z21,x22,y22,z22,x23,y23,z23,x24,y24,z24,x25,y25,z25,x26,y26,z26,x27,y27,z27,x28,y28,z28,x29,y29,z29,x30,y30,z30,x31,y31,z31,x32,y32,z32,frame_quality,label
2026-09-24T12:29:20.737556,S013,S013_A5_Y_20260924_1229,elevated_20,A5,young,class_0,0.5168848633766174,0.4829138517379761,-0.6900278925895691,0.5393444299697876,0.4165985882282257,-0.6456860303878784,0.553013801574707,0.4155997037887573,-0.6451833248138428,0.567322313785553,0.41479647159576416,-0.6450821161270142,0.4857861399650574,0.4266756772994995,-0.6409336924552917,0.4681851267814636,0.4317559003829956,-0.6402212381362915,0.45251792669296265,0.43718254566192627,-0.6402500867843628,0.5882955193519592,0.4421330690383911,-0.3827718496322632,0.43437322974205017,0.46803271770477295,-0.3463430404663086,0.5483048558235168,0.5424743890762329,-0.5936768651008606,0.48730283975601196,0.5540712475776672,-0.5821629762649536,0.764663577079773,0.8214996457099915,-0.24353627860546112,0.30986475944519043,0.8279418349266052,-0.3054514229297638,0.8647801280021667,1.2110917568206787,-0.28015267848968506,0.2292594015598297,1.239234209060669,-0.3658861815929413,0.8497365713119507,1.5273197889328003,-0.5816389322280884,0.21689888834953308,1.559127926826477,-0.8628993034362793,0.8796795606613159,1.6288102865219116,-0.6930336356163025,0.17740046977996826,1.66403329372406,-0.9824358224868774,0.8218728303909302,1.6233240365982056,-0.7277049422264099,0.22680354118347168,1.6590349674224854,-1.0626047849655151,0.8013858795166016,1.5855438709259033,-0.6152554750442505,0.253677636384964,1.6184120178222656,-0.9181625247001648,0.6627613306045532,1.5536925792694092,-0.028490427881479263,0.37655314803123474,1.5509216785430908,0.03446114435791969,0.6304200887680054,2.148005962371826,0.05141890048980713,0.37394317984580994,2.1416544914245605,0.1612572818994522,0.6173684597015381,2.67016339302063,0.6972977519035339,0.3689355254173279,2.6538074016571045,0.6661434173583984,0.6201347708702087,2.764280080795288,0.732944905757904,0.36563581228256226,2.741978168487549,0.7025885581970215,0.5861417055130005,2.825340747833252,0.26018187403678894,0.4110148549079895,2.8267245292663574,0.17213639616966248,0.46561706023305244,0
2026-09-24T12:29:20.903670,S013,S013_A5_Y_20260924_1229,elevated_20,A5,young,class_0,0.5168508291244507,0.48398357629776,-0.6982493996620178,0.5389593839645386,0.4192369878292084,-0.6542891263961792,0.5530465841293335,0.41875746846199036,-0.653876781463623,0.5676525831222534,0.41858965158462524,-0.6538370847702026,0.48574963212013245,0.4277767837047577,-0.649819552898407,0.4682387709617615,0.4322551190853119,-0.6491073369979858,0.4529469907283783,0.43739333748817444,-0.649140477180481,0.5885056257247925,0.4457949995994568,-0.3910914361476898,0.4346056878566742,0.4684111475944519,-0.35119786858558655,0.5493220090866089,0.5459365248680115,-0.6016117930412292,0.4872550964355469,0.5548623204231262,-0.5893600583076477,0.7645174264907837,0.821463406085968,-0.2477000653743744,0.31002098321914673,0.8265016078948975,-0.31758013367652893,0.86048823595047,1.2212834358215332,-0.2746654748916626,0.22797155380249023,1.2413086891174316,-0.3468502163887024,0.8455568552017212,1.5364205837249756,-0.5460160970687866,0.21692419052124023,1.559532880783081,-0.7680790424346924,0.8776555061340332,1.6395938396453857,-0.6478375196456909,0.17750023305416107,1.6642701625823975,-0.8788406252861023,0.8169986009597778,1.6400994062423706,-0.688057005405426,0.22711189091205597,1.663438320159912,-0.9575473070144653,0.7963472008705139,1.5982407331466675,-0.581398606300354,0.253682404756546,1.6210367679595947,-0.8199054598808289,0.6637858152389526,1.5569461584091187,-0.030376259237527847,0.3769051432609558,1.5528523921966553,0.036369405686855316,0.6325510144233704,2.158348798751831,0.018249686807394028,0.3767593502998352,2.155787229537964,0.17670360207557678,0.6209387183189392,2.695781707763672,0.637511134147644,0.3701026141643524,2.6804373264312744,0.6711397767066956,0.6248738169670105,2.7961201667785645,0.6700267791748047,0.3664385676383972,2.771716833114624,0.7060574293136597,0.5866819620132446,2.853694438934326,0.1781836897134781,0.4110354781150818,2.8608498573303223,0.17257675528526306,0.462686796448047,0
2026-09-24T12:29:20.993444,S013,S013_A5_Y_20260924_1229,elevated_20,A5,young,class_0,0.5168498158454895,0.48492613434791565,-0.7129744291305542,0.5388377904891968,0.42134007811546326,-0.6694098711013794,0.5531324744224548,0.42139917612075806,-0.6690306663513184,0.5679280161857605,0.42180073261260986,-0.6689535975456238,0.48583126068115234,0.4284192621707916,-0.6655017733573914,0.4686005115509033,0.43250688910484314,-0.6647774577140808,0.45377135276794434,0.4374570846557617,-0.6647841334342957,0.588681697845459,0.44898802042007446,-0.39950355887413025,0.4356687068939209,0.4687742292881012,-0.36052805185317993,0.5498292446136475,0.549105703830719,-0.6134355664253235,0.4872545599937439,0.5562757253646851,-0.6018215417861938,0.7632407546043396,0.8203828930854797,-0.2476690262556076,0.3116612434387207,0.8234407305717468,-0.3243222236633301,0.8582786321640015,1.2195111513137817,-0.26517966389656067,0.2282368242740631,1.2313954830169678,-0.382795125246048,0.8430757522583008,1.5327280759811401,-0.5246772766113281,0.21922370791435242,1.5502275228500366,-0.8882425427436829,0.875705897808075,1.6374627351760864,-0.620978593826294,0.17979376018047333,1.6590603590011597,-1.0139133930206299,0.8151424527168274,1.6399266719818115,-0.6662954092025757,0.23151639103889465,1.660497784614563,-1.0840868949890137,0.7941017150878906,1.5964267253875732,-0.5613275766372681,0.2570714056491852,1.6155565977096558,-0.9377759099006653,0.6640316843986511,1.5560389757156372,-0.03028516098856926,0.37684544920921326,1.5494158267974854,0.03627658635377884,0.6325437426567078,2.1560921669006348,0.006714521907269955,0.37668710947036743,2.1531174182891846,0.1857403814792633,0.6198062896728516,2.694523572921753,0.5974674820899963,0.3644852340221405,2.6786978244781494,0.6881135106086731,0.623335599899292,2.79304575920105,0.625479519367218,0.360116571187973,2.770197629928589,0.7211040258407593,0.5840067267417908,2.851672649383545,0.11607702821493149,0.4004793167114258,2.8576786518096924,0.1743418127298355,0.46043952469764543,0
2026-09-24T12:29:21.081242,S013,S013_A5_Y_20260924_1229,elevated_20,A5,young,class_0,0.5166504979133606,0.4852354824542999,-0.7360867261886597,0.5385417938232422,0.4223422408103943,-0.6951213479042053,0.5531383752822876,0.42274945974349976,-0.6947690844535828,0.5680440068244934,0.42354637384414673,-0.694699227809906,0.4858033061027527,0.4285506308078766,-0.6901939511299133,0.4686196446418762,0.43251118063926697,-0.6894919872283936,0.45389699935913086,0.4373810887336731,-0.6895236372947693,0.588924765586853,0.45057615637779236,-0.4264167845249176,0.43617135286331177,0.46877893805503845,-0.38247889280319214,0.5499047040939331,0.550533652305603,-0.6360901594161987,0.48711472749710083,0.5566246509552002,-0.6233212351799011,0.7626617550849915,0.8200733065605164,-0.2677759528160095,0.31186094880104065,0.8224430084228516,-0.33789288997650146,0.8574776649475098,1.219297170639038,-0.26780298352241516,0.22623856365680695,1.2233060598373413,-0.39832037687301636,0.842263400554657,1.5271344184875488,-0.5278009176254272,0.2204095423221588,1.539259433746338,-0.9047821164131165,0.875001072883606,1.6316615343093872,-0.6279182434082031,0.18222281336784363,1.6507538557052612,-1.0325208902359009,0.8143633008003235,1.6330721378326416,-0.6725454330444336,0.23601484298706055,1.6510796546936035,-1.1020218133926392,0.7934175729751587,1.5883533954620361,-0.5642668008804321,0.2603442072868347,1.6045432090759277,-0.9543229937553406,0.6671586632728577,1.5546737909317017,-0.030324894934892654,0.3777903914451599,1.5474457740783691,0.03630312532186508,0.6392343044281006,2.154924154281616,0.012132027186453342,0.3823871314525604,2.1530356407165527,0.20672574639320374,0.6304152607917786,2.6928398609161377,0.6155715584754944,0.37289804220199585,2.6770124435424805,0.7383890151977539,0.6344822645187378,2.7911765575408936,0.6455963850021362,0.3688565194606781,2.7679083347320557,0.7750350832939148,0.59283447265625,2.8498945236206055,0.13778933882713318,0.40832066535949707,2.8551766872406006,0.22171258926391602,0.4594516309733522,0
2026-09-24T12:29:21.146244,S013,S013_A5_Y_20260924_1229,elevated_20,A5,young,class_0,0.5155026912689209,0.48526686429977417,-0.8518469929695129,0.5374338030815125,0.42270466685295105,-0.7998055219650269,0.5528793931007385,0.42340266704559326,-0.7995920181274414,0.5680200457572937,0.42463889718055725,-0.799550473690033,0.4845649302005768,0.42854776978492737,-0.7971245050430298,0.4674440324306488,0.43245765566825867,-0.7964102029800415,0.4528467655181885,0.4372752606868744,-0.7965348958969116,0.5890733003616333,0.45276588201522827,-0.481560617685318,0.4361937642097473,0.4688689112663269,-0.44562429189682007,0.5499271750450134,0.5514976978302002,-0.7347972989082336,0.4866139888763428,0.5566290616989136,-0.7248753905296326,0.7625133991241455,0.8202764391899109,-0.2808367609977722,0.31207507848739624,0.8224560022354126,-0.378847599029541,0.8559857606887817,1.22252357006073,-0.2984755039215088,0.2254783809185028,1.225147008895874,-0.474659264087677,0.8416348695755005,1.5265744924545288,-0.6397188901901245,0.2240130603313446,1.5395026206970215,-1.0781744718551636,0.8739355802536011,1.6315464973449707,-0.7497955560684204,0.18907718360424042,1.6539149284362793,-1.22398042678833,0.8138583302497864,1.6329790353775024,-0.7983594536781311,0.24603049457073212,1.653118371963501,-1.297588586807251,0.7929542064666748,1.5875084400177002,-0.6790779829025269,0.2681383490562439,1.60489022731781,-1.1297410726547241,0.6697412133216858,1.5553081035614014,-0.030384749174118042,0.37780290842056274,1.5477294921875,0.03633346036076546,0.6461266279220581,2.1549031734466553,0.03905787691473961,0.3861272931098938,2.153912305831909,0.24354228377342224,0.6381238698959351,2.6925370693206787,0.6932507753372192,0.376063734292984,2.676593780517578,0.8390070199966431,0.6419268846511841,2.793213129043579,0.7250964641571045,0.37230175733566284,2.767749071121216,0.880669891834259,0.6010867357254028,2.8501315116882324,0.14336667954921722,0.4114499092102051,2.8563129901885986,0.292083203792572,0.4597131181259053,0
2026-09-24T12:29:21.223371,S013,S013_A5_Y_20260924_1229,elevated_20,A5,young,class_0,0.514164388179779,0.48511451482772827,-0.8435282707214355,0.5361748337745667,0.4227341413497925,-0.7925152778625488,0.5522652268409729,0.42355307936668396,-0.7922773957252502,0.567776083946228,0.42502641677856445,-0.7922998666763306,0.48358988761901855,0.42828866839408875,-0.7900363802909851,0.4666883051395416,0.43198004364967346,-0.7893162965774536,0.4522549510002136,0.4366894066333771,-0.7893739342689514,0.5890275835990906,0.4537297487258911,-0.48143988847732544,0.43625468015670776,0.46875205636024475,-0.4461154341697693,0.5498625040054321,0.5514732003211975,-0.7304023504257202,0.48545926809310913,0.5560914278030396,-0.7201353311538696,0.7619427442550659,0.8203833699226379,-0.30285850167274475,0.31208181381225586,0.822466254234314,-0.3723197281360626,0.8560551404953003,1.2266122102737427,-0.3384721875190735,0.20937803387641907,1.235537052154541,-0.4757657051086426,0.8420653343200684,1.5307592153549194,-0.6812682747840881,0.21964772045612335,1.5366876125335693,-1.0856460332870483,0.8745369911193848,1.637297511100769,-0.8017915487289429,0.18860451877117157,1.647125482559204,-1.229665994644165,0.813978374004364,1.6359241008758545,-0.8471266627311707,0.2458057403564453,1.6358658075332642,-1.301947832107544,0.7930052280426025,1.5910459756851196,-0.719634473323822,0.2659255862236023,1.5913290977478027,-1.1368683576583862,0.6699460744857788,1.556247353553772,-0.03319066762924194,0.37689775228500366,1.5504639148712158,0.03892068192362785,0.6527348756790161,2.1577656269073486,0.03851037472486496,0.38870203495025635,2.1607460975646973,0.2467099130153656,0.6506229639053345,2.698657989501953,0.6967760920524597,0.38566622138023376,2.6842241287231445,0.8276282548904419,0.6564206480979919,2.799593925476074,0.7295562028884888,0.38235777616500854,2.774531602859497,0.869687557220459,0.6146695017814636,2.8601036071777344,0.1598052829504013,0.4240736961364746,2.867875814437866,0.28539198637008667,0.46081559500467767,0
2026-09-24T12:29:21.296665,S013,S013_A5_Y_20260924_1229,elevated_20,A5,young,class_0,0.5137735605239868,0.4851014316082001,-0.8115164041519165,0.5359636545181274,0.4228304326534271,-0.762507438659668,0.5522602796554565,0.423653781414032,-0.7622883319854736,0.5677900314331055,0.4251556992530823,-0.7622666954994202,0.4833979606628418,0.4282877743244171,-0.7581337690353394,0.4666122496128082,0.4319395422935486,-0.7574187517166138,0.4522169530391693,0.4365873634815216,-0.7574779391288757,0.5890299677848816,0.4538496434688568,-0.4582251012325287,0.4368050992488861,0.46853145956993103,-0.3931093215942383,0.549863874912262,0.5514169931411743,-0.7021659016609192,0.4849259853363037,0.5560042858123779,-0.6928919553756714,0.7614842653274536,0.8202520608901978,-0.2849913239479065,0.3158152103424072,0.8192647695541382,-0.27205032110214233,0.8565170168876648,1.2263214588165283,-0.35384416580200195,0.16367483139038086,1.1779308319091797,-0.6581848859786987,0.8456058502197266,1.5308986902236938,-0.6872142553329468,0.12495030462741852,1.0955179929733276,-1.6462293863296509,0.8756505846977234,1.637722373008728,-0.7845560312271118,0.06306102871894836,0.9854604601860046,-1.8233258724212646,0.8192480802536011,1.6312432289123535,-0.8282953500747681,0.11599653959274292,0.9150514602661133,-1.8445539474487305,0.7982016801834106,1.5893070697784424,-0.7218730449676514,0.12925827503204346,0.9137502312660217,-1.688209891319275,0.6722713112831116,1.5597760677337646,-0.039686866104602814,0.37713250517845154,1.5544196367263794,0.0449184849858284,0.6569114923477173,2.1586668491363525,0.01015636045485735,0.387180894613266,2.1606431007385254,0.1985115110874176,0.6593018174171448,2.6977570056915283,0.6016372442245483,0.39303410053253174,2.6829261779785156,0.6538678407669067,0.6676165461540222,2.7944977283477783,0.624032199382782,0.3934175372123718,2.770911931991577,0.6841328740119934,0.6201406121253967,2.8587522506713867,0.0739535316824913,0.4262467324733734,2.8642897605895996,0.1104559451341629,0.4714932316982668,0
2026-09-24T12:29:21.394258,S013,S013_A5_Y_20260924_1229,elevated_20,A5,young,class_0,0.5133522152900696,0.48510971665382385,-0.9275908470153809,0.5357127785682678,0.4230254888534546,-0.872847855091095,0.5522058606147766,0.4239286780357361,-0.8729871511459351,0.567772388458252,0.4255410134792328,-0.873059093952179,0.48315566778182983,0.4282793402671814,-0.8671033978462219,0.4664163589477539,0.431853324174881,-0.866579532623291,0.4520053267478943,0.43638089299201965,-0.8667782545089722,0.5889701247215271,0.45403778553009033,-0.4914049208164215,0.43697673082351685,0.4678797721862793,-0.4431333541870117,0.5495820641517639,0.5513842105865479,-0.7857054471969604,0.4841741919517517,0.5559431910514832,-0.7740799784660339,0.7602590322494507,0.8180909752845764,-0.2852475345134735,0.3184582591056824,0.8095441460609436,-0.2851201891899109,0.8557295799255371,1.2228666543960571,-0.4039899706840515,0.17488746345043182,1.1645909547805786,-0.718956470489502,0.847501277923584,1.521456003189087,-0.8652395009994507,0.13989849388599396,1.0819662809371948,-1.790103554725647,0.8759854435920715,1.629944086074829,-0.9801157116889954,0.07707090675830841,1.0055996179580688,-1.9929838180541992,0.8227249979972839,1.611767292022705,-1.0424566268920898,0.12006662040948868,0.9089494347572327,-2.031907796859741,0.8020410537719727,1.5704535245895386,-0.9096593856811523,0.15437237918376923,1.032274842262268,-1.8410240411758423,0.6749784350395203,1.5586820840835571,-0.044918496161699295,0.3818961977958679,1.5530997514724731,0.04953501373529434,0.6593292951583862,2.1567540168762207,0.013918126001954079,0.3875519037246704,2.154754877090454,0.12071069329977036,0.6636370420455933,2.696265935897827,0.618261992931366,0.401611864566803,2.6801230907440186,0.5404981374740601,0.673186182975769,2.78769850730896,0.6445178389549255,0.40376168489456177,2.762735605239868,0.564302384853363,0.6215835809707642,2.8571314811706543,0.08471222221851349,0.43345123529434204,2.856032371520996,-0.044364724308252335,0.4788974945549164,0
2026-09-24T12:29:21.516233,S013,S013_A5_Y_20260924_1229,elevated_20,A5,young,class_0,0.5123231410980225,0.4856247305870056,-1.014559030532837,0.5347963571548462,0.4239749610424042,-0.9596149325370789,0.5517548322677612,0.4249609410762787,-0.9599851369857788,0.5675217509269714,0.4267226755619049,-0.9601937532424927,0.4825049042701721,0.4288361966609955,-0.950766384601593,0.4658525586128235,0.4322999119758606,-0.9504785537719727,0.4514196813106537,0.43668845295906067,-0.9507957696914673,0.5889027714729309,0.45508745312690735,-0.5434204339981079,0.4369965195655823,0.4678916335105896,-0.48867639899253845,0.5489394068717957,0.5517008304595947,-0.8581281900405884,0.4833386540412903,0.5561279058456421,-0.8437079191207886,0.7587770223617554,0.8178767561912537,-0.31805455684661865,0.32750678062438965,0.7959296703338623,-0.29242533445358276,0.8500694036483765,1.2096893787384033,-0.47313380241394043,0.18133875727653503,1.0765650272369385,-0.7744036316871643,0.8457340002059937,1.5053901672363281,-0.9521926641464233,0.15253843367099762,1.0467568635940552,-1.8978389501571655,0.8718655705451965,1.6160492897033691,-1.0732169151306152,0.09729955345392227,0.9900849461555481,-2.107151746749878,0.8218396306037903,1.5938334465026855,-1.1404856443405151,0.14483921229839325,1.0205895900726318,-2.146956205368042,0.8013685345649719,1.5511373281478882,-0.9967125654220581,0.17323026061058044,1.0310232639312744,-1.9510796070098877,0.677253246307373,1.5563114881515503,-0.05701294541358948,0.39378124475479126,1.5485798120498657,0.06074022501707077,0.6673415899276733,2.151557207107544,0.03904886543750763,0.4024337828159332,2.14237380027771,0.12638434767723083,0.679497241973877,2.6878209114074707,0.6545999646186829,0.4264560341835022,2.6703388690948486,0.602643609046936,0.6896533966064453,2.7753732204437256,0.6782397031784058,0.43094712495803833,2.7513608932495117,0.6333936452865601,0.6350288391113281,2.847642421722412,0.10379911959171295,0.4537026286125183,2.838486433029175,0.04105289280414581,0.48377817146722396,0
2026-09-24T12:29:21.622158,S013,S013_A5_Y_20260924_1229,elevated_20,A5,young,class_0,0.5118222236633301,0.485982209444046,-1.064039707183838,0.5342472195625305,0.42459923028945923,-1.0062141418457031,0.5514940023422241,0.42558029294013977,-1.0064836740493774,0.5673907995223999,0.4273664653301239,-1.0066672563552856,0.48225513100624084,0.4292134940624237,-1.0000754594802856,0.4657107889652252,0.4325632154941559,-0.9997594952583313,0.4512774348258972,0.4368304908275604,-1.0001047849655151,0.5888882875442505,0.4555753469467163,-0.5852104425430298,0.43700355291366577,0.46789366006851196,-0.5391428470611572,0.5486424565315247,0.5519543290138245,-0.90736323595047,0.48297977447509766,0.5562638640403748,-0.8949195146560669,0.7581508159637451,0.8178777098655701,-0.3601168096065521,0.3273700177669525,0.7946170568466187,-0.34280961751937866,0.8484753370285034,1.2093780040740967,-0.5054582357406616,0.18440166115760803,1.10400390625,-0.7555063962936401,0.8412388563156128,1.5064961910247803,-0.9910914301872253,0.15740063786506653,1.153842568397522,-1.7940279245376587,0.8654352426528931,1.6166460514068604,-1.123539924621582,0.12985137104988098,1.1770308017730713,-2.000370740890503,0.8135776519775391,1.5949517488479614,-1.192065954208374,0.16347156465053558,1.1620864868164062,-2.052025318145752,0.7947702407836914,1.5541428327560425,-1.0371838808059692,0.18098540604114532,1.1536420583724976,-1.8479938507080078,0.6771069169044495,1.5556474924087524,-0.06153639033436775,0.39331474900245667,1.546999216079712,0.06524767726659775,0.6661531329154968,2.149578332901001,0.06443982571363449,0.4008437693119049,2.1371169090270996,0.17400255799293518,0.6740334033966064,2.6831698417663574,0.7081328630447388,0.4198341965675354,2.6644294261932373,0.7049906253814697,0.6831075549125671,2.770299196243286,0.7348599433898926,0.4226427674293518,2.7468583583831787,0.738181471824646,0.634787917137146,2.846346139907837,0.1089242696762085,0.44959720969200134,2.8327674865722656,0.08787063509225845,0.485485857743642,0
2026-09-24T12:29:21.702390,S013,S013_A5_Y_20260924_1229,elevated_20,A5,young,class_0,0.511671781539917,0.4875928461551666,-0.8844959139823914,0.533789873123169,0.4262695014476776,-0.845236599445343,0.5510032176971436,0.42698463797569275,-0.8449292182922363,0.5669711232185364,0.4285220205783844,-0.8450137376785278,0.48224300146102905,0.43029797077178955,-0.842298686504364,0.4657859206199646,0.4331873059272766,-0.8415533900260925,0.45148420333862305,0.437092661857605,-0.8417021632194519,0.5887624025344849,0.4559321701526642,-0.5662509202957153,0.4375900626182556,0.4680296778678894,-0.5091276168823242,0.5482658743858337,0.5527735948562622,-0.7803159356117249,0.48297610878944397,0.5572160482406616,-0.770609438419342,0.7580582499504089,0.8177487254142761,-0.3579016327857971,0.3195619583129883,0.8052586317062378,-0.36606869101524353,0.846635639667511,1.2095221281051636,-0.31629255414009094,0.18654844164848328,1.1585396528244019,-0.4077182412147522,0.841284453868866,1.5068024396896362,-0.5955768823623657,0.18914024531841278,1.486726999282837,-0.8217235803604126,0.8693386316299438,1.6172233819961548,-0.6996103525161743,0.1622939556837082,1.6001486778259277,-0.9419833421707153,0.8145639300346375,1.6035339832305908,-0.7574332356452942,0.2150883674621582,1.6083240509033203,-1.0174423456192017,0.7949791550636292,1.5604203939437866,-0.6389051675796509,0.23392875492572784,1.5601119995117188,-0.8706378936767578,0.6755574345588684,1.5553886890411377,-0.0491006039083004,0.39286160469055176,1.546568751335144,0.05400264263153076,0.6594878435134888,2.149540424346924,-0.007225359790027142,0.3988479971885681,2.1378581523895264,0.09454735368490219,0.6675553917884827,2.683894395828247,0.5550848841667175,0.4106678366661072,2.664461374282837,0.4867304265499115,0.6764282584190369,2.7760732173919678,0.5800912380218506,0.40972357988357544,2.747609853744507,0.5067154169082642,0.6284745931625366,2.8456597328186035,0.05010879039764404,0.44723668694496155,2.8334414958953857,-0.055595554411411285,0.48092374952234834,0
2026-09-24T12:29:21.825572,S013,S013_A5_Y_20260924_1229,elevated_20,A5,young,class_0,0.5115727186203003,0.4883038401603699,-0.7517167925834656,0.5336394309997559,0.42725756764411926,-0.7122467756271362,0.5508450269699097,0.4279158413410187,-0.7118040323257446,0.5668233633041382,0.4293513000011444,-0.7117162942886353,0.48230281472206116,0.430867463350296,-0.7090354561805725,0.4661253094673157,0.4334670603275299,-0.7082475423812866,0.45229607820510864,0.4371846914291382,-0.7082887291908264,0.5886897444725037,0.4562843441963196,-0.45622721314430237,0.43836742639541626,0.4682651460170746,-0.42284512519836426,0.5478192567825317,0.5533504486083984,-0.6532841920852661,0.4828472137451172,0.557629406452179,-0.6442645192146301,0.7573826909065247,0.817724347114563,-0.2872980535030365,0.3144170641899109,0.8108471632003784,-0.36504778265953064,0.8459404110908508,1.2096397876739502,-0.256822407245636,0.18833614885807037,1.1692160367965698,-0.3166375756263733,0.840540885925293,1.5096276998519897,-0.5076969265937805,0.1978873908519745,1.5140630006790161,-0.646822988986969,0.8694618940353394,1.6176512241363525,-0.6075806021690369,0.16985364258289337,1.620193600654602,-0.7529163360595703,0.8144181370735168,1.6084200143814087,-0.657314658164978,0.22519846260547638,1.628785490989685,-0.8264382481575012,0.7943505048751831,1.567492961883545,-0.5477572679519653,0.24531570076942444,1.5858991146087646,-0.6941205263137817,0.6732305288314819,1.555118441581726,-0.039344582706689835,0.3926407992839813,1.5467504262924194,0.04477890580892563,0.6486512422561646,2.14958119392395,-0.0118671590462327,0.3945910632610321,2.139457941055298,0.05304347351193428,0.6527332067489624,2.6853950023651123,0.5331447720527649,0.40099793672561646,2.667717933654785,0.395160973072052,0.6596890687942505,2.778538227081299,0.5592232942581177,0.39845433831214905,2.752971887588501,0.4128901958465576,0.6150714159011841,2.8454816341400146,0.062375616282224655,0.4403953552246094,2.8344531059265137,-0.123662069439888,0.4769970681731083,0
2026-09-24T12:29:21.935806,S013,S013_A5_Y_20260924_1229,elevated_20,A5,young,class_0,0.511460542678833,0.48792439699172974,-0.7583096027374268,0.5336779952049255,0.42715543508529663,-0.7150815725326538,0.5508912205696106,0.4278780519962311,-0.7146941423416138,0.5669105052947998,0.4293162524700165,-0.714594304561615,0.4823835492134094,0.43055540323257446,-0.7124971151351929,0.4662210941314697,0.43295401334762573,-0.7118065357208252,0.452827125787735,0.43643537163734436,-0.7119125723838806,0.5886915326118469,0.45622876286506653,-0.4452175498008728,0.43864697217941284,0.4677904546260834,-0.4184202551841736,0.547608494758606,0.5531094670295715,-0.6556262969970703,0.4820377826690674,0.5570947527885437,-0.6474732160568237,0.7571767568588257,0.8212993144989014,-0.28259894251823425,0.3034510016441345,0.8146469593048096,-0.36791810393333435,0.8438445329666138,1.2279173135757446,-0.27495497465133667,0.18898728489875793,1.1954903602600098,-0.3408138155937195,0.8290548324584961,1.5561106204986572,-0.5642577409744263,0.19814227521419525,1.5464978218078613,-0.7044863104820251,0.8583602905273438,1.6673353910446167,-0.6720474362373352,0.16822221875190735,1.655166745185852,-0.8180137872695923,0.7971165776252747,1.6697784662246704,-0.7199642062187195,0.2231387346982956,1.6667879819869995,-0.8969634175300598,0.7776879668235779,1.6241649389266968,-0.6036127805709839,0.24421235918998718,1.6225751638412476,-0.7546669244766235,0.6642913222312927,1.5670703649520874,-0.034963272511959076,0.38022086024284363,1.557457685470581,0.040533192455768585,0.6296125650405884,2.1698930263519287,0.03759283572435379,0.37229034304618835,2.163792371749878,0.08701308816671371,0.6253912448883057,2.7090189456939697,0.6835561990737915,0.3707329034805298,2.6948585510253906,0.4974939227104187,0.6289361119270325,2.80617094039917,0.7221328020095825,0.36741822957992554,2.7853496074676514,0.5199068784713745,0.5908982753753662,2.870422601699829,0.24529442191123962,0.41043439507484436,2.864254951477051,-0.08789892494678497,0.47337042169656895,0
2026-09-24T12:29:22.037599,S013,S013_A5_Y_20260924_1229,elevated_20,A5,young,class_0,0.5110065937042236,0.4853018820285797,-0.7310729026794434,0.5335925817489624,0.42558175325393677,-0.6895470023155212,0.5507786870002747,0.42631953954696655,-0.6892200112342834,0.5668487548828125,0.42757752537727356,-0.6891746520996094,0.4823818802833557,0.4287787079811096,-0.6881674528121948,0.4662218987941742,0.43104273080825806,-0.6875238418579102,0.45296406745910645,0.4343881607055664,-0.6877049207687378,0.588220477104187,0.45391395688056946,-0.41998133063316345,0.4386506974697113,0.4665599763393402,-0.3994743227958679,0.5468283295631409,0.550294041633606,-0.627977728843689,0.481048583984375,0.5534059405326843,-0.6212238669395447,0.7564417123794556,0.8217585682868958,-0.25778883695602417,0.3003316819667816,0.8160308599472046,-0.3640124201774597,0.8425279855728149,1.227435827255249,-0.2508002519607544,0.1898738294839859,1.1989922523498535,-0.2830283045768738,0.8224596977233887,1.559325933456421,-0.5367426872253418,0.20208482444286346,1.5383774042129517,-0.569506049156189,0.8496963381767273,1.6695048809051514,-0.6404711008071899,0.17316852509975433,1.6431810855865479,-0.6704610586166382,0.7891045808792114,1.6714856624603271,-0.6905333399772644,0.22590069472789764,1.6534358263015747,-0.7463381886482239,0.7707012891769409,1.6262603998184204,-0.5761823058128357,0.24670498073101044,1.610877513885498,-0.6157664656639099,0.6579145193099976,1.569769024848938,-0.03369603306055069,0.37599068880081177,1.5618854761123657,0.03911763057112694,0.623099684715271,2.172152280807495,0.03710715100169182,0.3663696050643921,2.1674766540527344,0.07659175246953964,0.6208752393722534,2.7112386226654053,0.6781443953514099,0.3683664798736572,2.697399616241455,0.4984602928161621,0.623245358467102,2.8067245483398438,0.7109310626983643,0.36596640944480896,2.78741455078125,0.5256984829902649,0.5894768238067627,2.872816562652588,0.22114865481853485,0.4067574441432953,2.8640081882476807,-0.024422358721494675,0.4697504584622617,0
2026-09-24T12:29:22.153531,S013,S013_A5_Y_20260924_1229,elevated_20,A5,young,class_0,0.510591447353363,0.48324108123779297,-0.7239044308662415,0.5333840250968933,0.42433246970176697,-0.6848122477531433,0.5506044626235962,0.4250296354293823,-0.6844683885574341,0.5667713284492493,0.42612403631210327,-0.6844252943992615,0.4823663830757141,0.4277437925338745,-0.6819031238555908,0.4662167429924011,0.429997980594635,-0.681244969367981,0.4531290531158447,0.43331390619277954,-0.6813892126083374,0.5879339575767517,0.45261675119400024,-0.418078750371933,0.4387335777282715,0.4660998582839966,-0.39126601815223694,0.5465088486671448,0.5474119782447815,-0.6217404007911682,0.48059067130088806,0.550474226474762,-0.6128170490264893,0.7557393312454224,0.821783185005188,-0.25503432750701904,0.2999928593635559,0.8159223198890686,-0.3602977693080902,0.8420429229736328,1.2270159721374512,-0.24694307148456573,0.19007721543312073,1.198060154914856,-0.26845306158065796,0.8226600885391235,1.5603129863739014,-0.5171017646789551,0.20577029883861542,1.5235655307769775,-0.5490285158157349,0.8503900766372681,1.6693177223205566,-0.6202715635299683,0.1764962077140808,1.6267421245574951,-0.6495217084884644,0.7906750440597534,1.671686053276062,-0.672498345375061,0.22854173183441162,1.6374623775482178,-0.7268713116645813,0.7718888521194458,1.627010464668274,-0.5570266842842102,0.2493973970413208,1.5957293510437012,-0.5963088274002075,0.6551443338394165,1.5694122314453125,-0.033557649701833725,0.3743089735507965,1.5617988109588623,0.03891359269618988,0.6220971941947937,2.1711740493774414,0.052102088928222656,0.3662959337234497,2.166425943374634,0.09087599813938141,0.6199761629104614,2.7100486755371094,0.6975637674331665,0.3685181736946106,2.695206880569458,0.5266460180282593,0.6221176385879517,2.806471586227417,0.7356005907058716,0.3664974868297577,2.78499436378479,0.5526665449142456,0.5888206362724304,2.8705179691314697,0.2691768705844879,0.4047500193119049,2.8637781143188477,0.023305818438529968,0.46667849168611475,0
2026-09-24T12:29:22.262251,S013,S013_A5_Y_20260924_1229,elevated_20,A5,young,class_0,0.5116488337516785,0.4762483537197113,-0.7149779200553894,0.5338524580001831,0.4192092716693878,-0.6752153635025024,0.5511471033096313,0.4192533493041992,-0.674824595451355,0.567177414894104,0.41976049542427063,-0.6747584939002991,0.4840656816959381,0.42362865805625916,-0.6737934350967407,0.4676717221736908,0.42653390765190125,-0.6730962991714478,0.4547264575958252,0.43039849400520325,-0.6732146739959717,0.587918221950531,0.44905608892440796,-0.4112773537635803,0.4395906329154968,0.465534508228302,-0.38939720392227173,0.5472472906112671,0.5419101715087891,-0.6142171621322632,0.4819817543029785,0.5456835627555847,-0.6072109937667847,0.7548798322677612,0.8217716813087463,-0.25551989674568176,0.2992018163204193,0.8161793947219849,-0.3554401695728302,0.8398115038871765,1.2264591455459595,-0.23903235793113708,0.1907247006893158,1.1973776817321777,-0.2595193088054657,0.8223727941513062,1.5599919557571411,-0.48359188437461853,0.20941725373268127,1.5240082740783691,-0.5182584524154663,0.8509685397148132,1.6676214933395386,-0.5842863917350769,0.18048050999641418,1.6285024881362915,-0.6125876307487488,0.7921186089515686,1.670141339302063,-0.6346513032913208,0.2321431189775467,1.638092041015625,-0.6905308961868286,0.7729403972625732,1.626847743988037,-0.5222272872924805,0.2530756890773773,1.5964516401290894,-0.5652793645858765,0.653957724571228,1.5691678524017334,-0.03362086042761803,0.37324684858322144,1.5615767240524292,0.0389508381485939,0.6198424696922302,2.1708197593688965,0.05533801391720772,0.36430492997169495,2.1660664081573486,0.09606776386499405,0.6145360469818115,2.7098939418792725,0.6981619000434875,0.3658173978328705,2.6939196586608887,0.5411614179611206,0.615958571434021,2.803867816925049,0.7363523244857788,0.36415091156959534,2.78326678276062,0.5690363645553589,0.5835422277450562,2.8691160678863525,0.2723495662212372,0.39917120337486267,2.8611910343170166,0.03906705975532532,0.4646449586730755,0
2026-09-24T12:29:22.380310,S013,S013_A5_Y_20260924_1229,elevated_20,A5,young,class_0,0.5122469663619995,0.46938660740852356,-0.698011577129364,0.5342170000076294,0.414552241563797,-0.6572121381759644,0.5514876842498779,0.41439658403396606,-0.6567906141281128,0.5674499869346619,0.4148181676864624,-0.6567118167877197,0.48514142632484436,0.41878074407577515,-0.6558057069778442,0.4685744643211365,0.42156773805618286,-0.6551446914672852,0.4558044970035553,0.42530497908592224,-0.6552575826644897,0.5879126787185669,0.4457973539829254,-0.3990285396575928,0.4402697682380676,0.46246403455734253,-0.3775056004524231,0.547409176826477,0.5356146097183228,-0.6004120111465454,0.48259982466697693,0.5389723181724548,-0.59324711561203,0.753878116607666,0.8216758370399475,-0.24641914665699005,0.29811206459999084,0.8162528276443481,-0.34802550077438354,0.8399689793586731,1.225489854812622,-0.23691919445991516,0.19087839126586914,1.196982502937317,-0.2649911344051361,0.822924017906189,1.5581945180892944,-0.5119444131851196,0.2087986171245575,1.5303096771240234,-0.5554660558700562,0.8515321016311646,1.6660867929458618,-0.6185831427574158,0.18024010956287384,1.6344021558761597,-0.6558626294136047,0.7931270003318787,1.6679253578186035,-0.6686950922012329,0.2314259260892868,1.641807198524475,-0.7390683889389038,0.7730986475944519,1.6240392923355103,-0.5516520738601685,0.25251027941703796,1.6014022827148438,-0.6058438420295715,0.6532451510429382,1.568856954574585,-0.03216704726219177,0.37194588780403137,1.562140941619873,0.03749094158411026,0.6209028959274292,2.1701905727386475,0.0587359257042408,0.36510980129241943,2.1663308143615723,0.09958334267139435,0.6165114641189575,2.7086002826690674,0.7103711366653442,0.3662663996219635,2.693648338317871,0.5466943979263306,0.6185792684555054,2.8024520874023438,0.749370813369751,0.36440131068229675,2.783127546310425,0.5716769695281982,0.5853646993637085,2.868082284927368,0.2885355055332184,0.4024820923805237,2.860503911972046,0.0621868371963501,0.4635396228693274,0
2026-09-24T12:29:22.488163,S013,S013_A5_Y_20260924_1229,elevated_20,A5,young,class_0,0.5128600001335144,0.4670242667198181,-0.6930121183395386,0.5346555709838867,0.4125831425189972,-0.6513477563858032,0.5519276261329651,0.41237565875053406,-0.6509615182876587,0.5678198933601379,0.4128628671169281,-0.6508877873420715,0.4862786829471588,0.4169079065322876,-0.6504248380661011,0.4696342349052429,0.4197893440723419,-0.6497835516929626,0.4567934572696686,0.42364436388015747,-0.6499107480049133,0.5879617929458618,0.4448169469833374,-0.3931671977043152,0.4409054219722748,0.46163350343704224,-0.37396368384361267,0.5478777289390564,0.5338446497917175,-0.5955818891525269,0.48332148790359497,0.5369297862052917,-0.5892792344093323,0.7525061964988708,0.8217652440071106,-0.23764780163764954,0.29727277159690857,0.8170422315597534,-0.34543266892433167,0.8407314419746399,1.2252713441848755,-0.2253580540418625,0.18929611146450043,1.1968201398849487,-0.266772598028183,0.8291453123092651,1.5576318502426147,-0.49319300055503845,0.20718398690223694,1.531527042388916,-0.5501283407211304,0.8610838651657104,1.6645267009735107,-0.5949286222457886,0.1791953295469284,1.634619951248169,-0.6486825346946716,0.804775059223175,1.6660085916519165,-0.646766722202301,0.2304488718509674,1.6437493562698364,-0.7276161909103394,0.7828187346458435,1.6232963800430298,-0.5333442687988281,0.25170302391052246,1.603428602218628,-0.5985419750213623,0.6526921987533569,1.5690652132034302,-0.030360478907823563,0.37090569734573364,1.5633198022842407,0.0356597937643528,0.6214810609817505,2.170664072036743,0.057081542909145355,0.3656250834465027,2.1683130264282227,0.09287389367818832,0.6178320646286011,2.709890842437744,0.7027943134307861,0.366387277841568,2.6965794563293457,0.5417684316635132,0.6201288104057312,2.803987741470337,0.740365743637085,0.36460942029953003,2.7865819931030273,0.5705756545066833,0.5869591236114502,2.8694660663604736,0.2738300561904907,0.40431323647499084,2.86257266998291,0.057845912873744965,0.46194327524580964,0
2026-09-24T12:29:22.590843,S013,S013_A5_Y_20260924_1229,elevated_20,A5,young,class_0,0.513210654258728,0.46646395325660706,-0.6787868738174438,0.5350420475006104,0.41166049242019653,-0.6382761597633362,0.5523467659950256,0.4113464653491974,-0.6378833651542664,0.5681536197662354,0.4118891954421997,-0.6378380060195923,0.48707184195518494,0.41630271077156067,-0.635604202747345,0.47038835287094116,0.41929835081100464,-0.634907603263855,0.45749369263648987,0.42320287227630615,-0.63502037525177,0.5880473852157593,0.4443945288658142,-0.383624404668808,0.44160008430480957,0.46129149198532104,-0.3569783568382263,0.5480932593345642,0.5331069827079773,-0.5825820565223694,0.4837494492530823,0.5363014936447144,-0.5739195346832275,0.7516718506813049,0.8217594623565674,-0.23128052055835724,0.2973499000072479,0.8169735074043274,-0.3283829987049103,0.8407145738601685,1.225204586982727,-0.22128815948963165,0.18955710530281067,1.1946806907653809,-0.24593809247016907,0.8291422128677368,1.5567792654037476,-0.4797111451625824,0.20602329075336456,1.5218843221664429,-0.5271559953689575,0.8611148595809937,1.6637694835662842,-0.5792751908302307,0.1774912178516388,1.6221776008605957,-0.62687748670578,0.8047717809677124,1.6646311283111572,-0.6308848857879639,0.22845785319805145,1.631117582321167,-0.7036489248275757,0.7828351855278015,1.6220228672027588,-0.5194506645202637,0.25005534291267395,1.5917176008224487,-0.5755205750465393,0.6493759751319885,1.568924069404602,-0.030263781547546387,0.3673641085624695,1.5623393058776855,0.03558149188756943,0.6158685088157654,2.170299530029297,0.05658216029405594,0.36016198992729187,2.1673331260681152,0.09579925984144211,0.6113471984863281,2.7093958854675293,0.7030673027038574,0.36154705286026,2.695249080657959,0.5461872816085815,0.6129709482192993,2.8035738468170166,0.7412154078483582,0.3596756160259247,2.7852494716644287,0.5749683976173401,0.5819169878959656,2.86915922164917,0.2751162648200989,0.39804548025131226,2.860302686691284,0.06263795495033264,0.4600340313890863,0
2026-09-24T12:29:22.670845,S013,S013_A5_Y_20260924_1229,elevated_20,A5,young,class_0,0.5138619542121887,0.46677514910697937,-0.6728142499923706,0.5362612009048462,0.411786288022995,-0.635158896446228,0.5534727573394775,0.4116017520427704,-0.6347306966781616,0.5689516067504883,0.41238144040107727,-0.6346818804740906,0.4888409972190857,0.4164024889469147,-0.6303991079330444,0.4721994996070862,0.4193870425224304,-0.6297044157981873,0.45869559049606323,0.42324134707450867,-0.629778265953064,0.5884023904800415,0.4457460939884186,-0.3842732310295105,0.44278445839881897,0.4610447883605957,-0.34915828704833984,0.5481201410293579,0.5333322882652283,-0.5780056118965149,0.4839862883090973,0.5364755988121033,-0.5667285323143005,0.7486971020698547,0.8216924071311951,-0.23489637672901154,0.2972918152809143,0.814974844455719,-0.30738896131515503,0.839915931224823,1.2203021049499512,-0.2311844825744629,0.189751535654068,1.1851842403411865,-0.26807910203933716,0.827740490436554,1.5524441003799438,-0.49447864294052124,0.2049068957567215,1.51999831199646,-0.6099246740341187,0.8596507906913757,1.6574077606201172,-0.5974665284156799,0.17501065135002136,1.6132559776306152,-0.7157140970230103,0.8034106492996216,1.6599152088165283,-0.6471753716468811,0.2262951135635376,1.6198807954788208,-0.7926846742630005,0.7814129590988159,1.6188607215881348,-0.5333379507064819,0.248403400182724,1.5826908349990845,-0.6597322225570679,0.6433683633804321,1.5657907724380493,-0.031075382605195045,0.3633292019367218,1.5573440790176392,0.03643146529793739,0.6088017225265503,2.165802478790283,0.056905727833509445,0.35694462060928345,2.161139965057373,0.10739769041538239,0.6023189425468445,2.7021851539611816,0.7055445909500122,0.35742291808128357,2.6896700859069824,0.5674742460250854,0.6037018895149231,2.7950124740600586,0.7445936799049377,0.3544420897960663,2.781127452850342,0.6001601815223694,0.5734114050865173,2.8610665798187256,0.28470006585121155,0.3920876383781433,2.8513412475585938,0.0874718651175499,0.459298422771071,0
2026-09-24T12:29:22.783769,S013,S013_A5_Y_20260924_1229,elevated_20,A5,young,class_0,0.515434205532074,0.467029869556427,-0.6740978360176086,0.5380016565322876,0.4119012951850891,-0.6350740790367126,0.5551062822341919,0.411703497171402,-0.6346485614776611,0.5699816346168518,0.41250765323638916,-0.6345926523208618,0.49071455001831055,0.4164050221443176,-0.6313997507095337,0.4738936424255371,0.4193645715713501,-0.6307299733161926,0.4597178101539612,0.423179030418396,-0.6308138966560364,0.5889689922332764,0.4467068314552307,-0.3835560381412506,0.44366830587387085,0.46090319752693176,-0.35186901688575745,0.5488321185112,0.5335150957107544,-0.5788406729698181,0.4848495423793793,0.5365475416183472,-0.5690346956253052,0.7482872605323792,0.8223141431808472,-0.23396912217140198,0.2964217960834503,0.8149887919425964,-0.3082815408706665,0.8396066427230835,1.2202284336090088,-0.2267904281616211,0.18999506533145905,1.1852267980575562,-0.2688698470592499,0.8258571624755859,1.5521163940429688,-0.48658472299575806,0.20529913902282715,1.5167880058288574,-0.6027926206588745,0.8574520945549011,1.657045602798462,-0.5892382860183716,0.17447128891944885,1.6146701574325562,-0.7068091034889221,0.8018514513969421,1.659382939338684,-0.6364814043045044,0.22569945454597473,1.6215624809265137,-0.7836604118347168,0.7800202369689941,1.6182774305343628,-0.5244380831718445,0.2480027675628662,1.582568883895874,-0.6520466804504395,0.644001841545105,1.5657514333724976,-0.03111864998936653,0.36219123005867004,1.5572216510772705,0.036471836268901825,0.6100157499313354,2.165794610977173,0.06970871984958649,0.3563324511051178,2.1613454818725586,0.12816686928272247,0.6034195423126221,2.7029714584350586,0.7563356161117554,0.3560596704483032,2.691239595413208,0.6232841610908508,0.6043077111244202,2.7972891330718994,0.7988659143447876,0.3527180254459381,2.783952236175537,0.659986674785614,0.575082004070282,2.863196849822998,0.33633705973625183,0.39216408133506775,2.8555328845977783,0.1367577612400055,0.4580936905166792,0
2026-09-24T12:29:22.876874,S013,S013_A5_Y_20260924_1229,elevated_20,A5,young,class_0,0.516895592212677,0.4672043025493622,-0.6685041189193726,0.5396559238433838,0.41198956966400146,-0.6286360025405884,0.5566507577896118,0.41183021664619446,-0.6282278299331665,0.5709323287010193,0.41260042786598206,-0.6281863451004028,0.4923834800720215,0.41631653904914856,-0.6264971494674683,0.47547802329063416,0.4192277193069458,-0.6258598566055298,0.4606946110725403,0.4230140149593353,-0.6259759664535522,0.5896335244178772,0.44718214869499207,-0.3801034092903137,0.44457072019577026,0.460764616727829,-0.35354915261268616,0.5495635271072388,0.533661961555481,-0.5746968984603882,0.48573288321495056,0.5366191267967224,-0.5666733980178833,0.7480050325393677,0.822689414024353,-0.2312275916337967,0.2962060272693634,0.8151081204414368,-0.3097057044506073,0.8381065130233765,1.2204022407531738,-0.2216876745223999,0.19016242027282715,1.1869691610336304,-0.26537713408470154,0.8242063522338867,1.5519417524337769,-0.4874992370605469,0.20518150925636292,1.5202839374542236,-0.5637430548667908,0.8558171391487122,1.6567409038543701,-0.5897449851036072,0.17394760251045227,1.6210724115371704,-0.6622583866119385,0.8007508516311646,1.6588749885559082,-0.6382630467414856,0.2252139151096344,1.6308701038360596,-0.7407003045082092,0.7790142297744751,1.6178114414215088,-0.5261579751968384,0.24754750728607178,1.5902810096740723,-0.6123555302619934,0.6444641351699829,1.5657340288162231,-0.03098340891301632,0.36245590448379517,1.5573387145996094,0.0363258495926857,0.610989511013031,2.1659135818481445,0.06777311861515045,0.3568689525127411,2.162264108657837,0.1274678260087967,0.6048402190208435,2.7038471698760986,0.7449980974197388,0.35716646909713745,2.692948818206787,0.6143093705177307,0.6057790517807007,2.7989447116851807,0.7862261533737183,0.35395166277885437,2.7858781814575195,0.6496334075927734,0.5757666230201721,2.8639578819274902,0.3230106234550476,0.3931402564048767,2.8580870628356934,0.1242586001753807,0.456571829802201,0
2026-09-24T12:29:22.953977,S013,S013_A5_Y_20260924_1229,elevated_20,A5,young,class_0,0.5166182518005371,0.4673090875148773,-0.654262900352478,0.5396407842636108,0.41236060857772827,-0.6163707375526428,0.5566582083702087,0.4123130738735199,-0.6159524917602539,0.5710093379020691,0.41317588090896606,-0.615921676158905,0.49235090613365173,0.41643089056015015,-0.6107810735702515,0.4754181504249573,0.4192976951599121,-0.6100939512252808,0.4606899619102478,0.4230327606201172,-0.610230565071106,0.5897485613822937,0.44763508439064026,-0.3726302981376648,0.44465121626853943,0.4607623815536499,-0.332568496465683,0.5492932200431824,0.5337700247764587,-0.5619998574256897,0.48533862829208374,0.5367046594619751,-0.5497990846633911,0.747593879699707,0.8229179382324219,-0.22784879803657532,0.2960338592529297,0.8150910139083862,-0.29762548208236694,0.8381540179252625,1.221962571144104,-0.22616109251976013,0.19020280241966248,1.1869659423828125,-0.25905469059944153,0.8242675065994263,1.5539820194244385,-0.4957982897758484,0.20507404208183289,1.5199627876281738,-0.58033287525177,0.8558236956596375,1.6582512855529785,-0.5977603197097778,0.17355911433696747,1.6218630075454712,-0.6839317679405212,0.8007782697677612,1.6595458984375,-0.6471527814865112,0.2247736006975174,1.6306354999542236,-0.7618838548660278,0.7790588140487671,1.6190286874771118,-0.534633994102478,0.24720259010791779,1.5908197164535522,-0.6299461126327515,0.6445895433425903,1.5657776594161987,-0.030939806252717972,0.3625330924987793,1.5575065612792969,0.03629126027226448,0.6116700768470764,2.166548013687134,0.06680743396282196,0.3571041524410248,2.162931203842163,0.11802977323532104,0.6053159832954407,2.704389810562134,0.7413049340248108,0.35763388872146606,2.693588972091675,0.5862917900085449,0.6063683032989502,2.799044132232666,0.7820242643356323,0.3541388213634491,2.7857742309570312,0.6202622652053833,0.5759867429733276,2.8647384643554688,0.31037670373916626,0.39474600553512573,2.859912633895874,0.10036756843328476,0.45530988534428063,0
2026-09-24T12:29:23.042919,S013,S013_A5_Y_20260924_1229,elevated_20,A5,young,class_0,0.5164889693260193,0.46744632720947266,-0.648918092250824,0.5396285653114319,0.41242715716362,-0.6110478639602661,0.5566612482070923,0.4124046862125397,-0.6106093525886536,0.5710449814796448,0.4132918119430542,-0.6105632781982422,0.4923240542411804,0.41647279262542725,-0.6051060557365417,0.4753867983818054,0.41932475566864014,-0.6044234037399292,0.4606863856315613,0.42302995920181274,-0.6045441031455994,0.5897626876831055,0.4476619064807892,-0.36831533908843994,0.4447855055332184,0.4607546627521515,-0.3257690668106079,0.5491868853569031,0.5338520407676697,-0.5572088956832886,0.48523658514022827,0.5366968512535095,-0.5443028211593628,0.7474013566970825,0.8234311938285828,-0.22516174614429474,0.2958400845527649,0.8151617050170898,-0.2936858534812927,0.8378204107284546,1.2225509881973267,-0.22217798233032227,0.1917363852262497,1.1870198249816895,-0.23447003960609436,0.8222829103469849,1.554247260093689,-0.48602041602134705,0.205958753824234,1.5198612213134766,-0.5282111167907715,0.8530874252319336,1.6581820249557495,-0.5882217884063721,0.17356613278388977,1.6213856935501099,-0.6260999441146851,0.7982999682426453,1.6592706441879272,-0.6349063515663147,0.2246846705675125,1.6299582719802856,-0.7068396806716919,0.7768197655677795,1.618808627128601,-0.5238710641860962,0.24749045073986053,1.5903722047805786,-0.5780582427978516,0.644463062286377,1.5660542249679565,-0.030996909365057945,0.3626120686531067,1.5576907396316528,0.03634689375758171,0.6112192869186401,2.1671063899993896,0.0664161890745163,0.3575064539909363,2.163073778152466,0.11508975923061371,0.6047804355621338,2.704786777496338,0.7320421934127808,0.35831135511398315,2.6936862468719482,0.5766103267669678,0.6058271527290344,2.799144744873047,0.7717224955558777,0.35489147901535034,2.7855353355407715,0.6100998520851135,0.5760099291801453,2.864776849746704,0.3058163821697235,0.3954119086265564,2.8601574897766113,0.09405490756034851,0.45422811071477665,0
2026-09-24T12:29:23.140410,S013,S013_A5_Y_20260924_1229,elevated_20,A5,young,class_0,0.5148090124130249,0.46731314063072205,-0.6472474932670593,0.5382842421531677,0.4123641550540924,-0.6104838848114014,0.5553644299507141,0.4123726189136505,-0.6100402474403381,0.5702918767929077,0.4132174551486969,-0.6099975109100342,0.491082102060318,0.41626912355422974,-0.6033734083175659,0.47433608770370483,0.4190797507762909,-0.6026991605758667,0.4603370726108551,0.42270010709762573,-0.60280841588974,0.5893274545669556,0.4473346173763275,-0.37070244550704956,0.44471096992492676,0.4607328176498413,-0.324321448802948,0.5477319359779358,0.5333935618400574,-0.5572605729103088,0.48406410217285156,0.5361717939376831,-0.5427900552749634,0.7470349073410034,0.823600172996521,-0.22648434340953827,0.29593825340270996,0.8149383068084717,-0.29359176754951477,0.8374729156494141,1.222463607788086,-0.2245623618364334,0.19406792521476746,1.1854863166809082,-0.24087803065776825,0.8220268487930298,1.5533392429351807,-0.48908454179763794,0.20636320114135742,1.5190316438674927,-0.5501750707626343,0.8529297113418579,1.656008243560791,-0.591560423374176,0.17335574328899384,1.620740294456482,-0.6498523354530334,0.7980456352233887,1.6571391820907593,-0.6390440464019775,0.22444665431976318,1.6277846097946167,-0.7298046350479126,0.7765364050865173,1.6168651580810547,-0.5272409319877625,0.24730892479419708,1.588970422744751,-0.6006250977516174,0.6423189043998718,1.5654728412628174,-0.03118755854666233,0.3615342974662781,1.5554956197738647,0.036552853882312775,0.6052232384681702,2.166408061981201,0.06053350493311882,0.3550329804420471,2.1602818965911865,0.11382390558719635,0.5956064462661743,2.704270601272583,0.7202288508415222,0.35093429684638977,2.6921632289886475,0.5749148726463318,0.5959731340408325,2.7986743450164795,0.7599441409111023,0.3467789590358734,2.7842955589294434,0.6082466840744019,0.5677202939987183,2.8631935119628906,0.30360159277915955,0.3862024247646332,2.8579788208007812,0.09252843260765076,0.4528524471852093,0
2026-09-24T12:29:23.244555,S013,S013_A5_Y_20260924_1229,elevated_20,A5,young,class_0,0.5140533447265625,0.46709340810775757,-0.6539910435676575,0.53752601146698,0.4121495187282562,-0.6166776418685913,0.554648756980896,0.4121542274951935,-0.6162368655204773,0.5698304176330566,0.4129299521446228,-0.6161842942237854,0.49032530188560486,0.4159697890281677,-0.6103149652481079,0.47365373373031616,0.41876083612442017,-0.6096466779708862,0.46005481481552124,0.4223296046257019,-0.6097537875175476,0.5889266729354858,0.4464772343635559,-0.37190908193588257,0.4446057379245758,0.4606516659259796,-0.32908669114112854,0.547188937664032,0.5327745079994202,-0.5626161694526672,0.4835866093635559,0.5355188846588135,-0.5491301417350769,0.7469555735588074,0.8235534429550171,-0.22787456214427948,0.29591256380081177,0.8149423003196716,-0.2955546975135803,0.8374918699264526,1.2217025756835938,-0.2240845263004303,0.1941409558057785,1.1850682497024536,-0.23695120215415955,0.8220576047897339,1.5506168603897095,-0.47779878973960876,0.20742976665496826,1.5181471109390259,-0.5306363701820374,0.8529776334762573,1.651163101196289,-0.5777313113212585,0.17470727860927582,1.619010090827942,-0.625090479850769,0.7980639934539795,1.6514869928359985,-0.6226677298545837,0.22503766417503357,1.626045823097229,-0.7058864235877991,0.7765792608261108,1.6121395826339722,-0.5146826505661011,0.2478361427783966,1.5876058340072632,-0.5809155106544495,0.6424776315689087,1.565432071685791,-0.031292397528886795,0.3616199791431427,1.5555002689361572,0.036668810993433,0.6059311628341675,2.1663787364959717,0.060160987079143524,0.355348140001297,2.160259246826172,0.11448516696691513,0.597011387348175,2.7042396068573,0.7208346128463745,0.35178354382514954,2.692128896713257,0.582025408744812,0.5975428223609924,2.7987473011016846,0.7606415748596191,0.3477683663368225,2.784395456314087,0.6163690090179443,0.5691104531288147,2.8631720542907715,0.30190202593803406,0.3871680796146393,2.8579351902008057,0.10104402154684067,0.451792368655402,0
2026-09-24T12:29:23.435652,S013,S013_A5_Y_20260924_1229,elevated_20,A5,young,class_0,0.5128897428512573,0.46670371294021606,-0.6581771969795227,0.5366187691688538,0.4118548631668091,-0.6205172538757324,0.5539212226867676,0.41194722056388855,-0.6200856566429138,0.5693917870521545,0.41274458169937134,-0.620033860206604,0.48909273743629456,0.41515347361564636,-0.6143527626991272,0.47238022089004517,0.41785213351249695,-0.6136872172355652,0.45939746499061584,0.421243816614151,-0.6137993931770325,0.5884352326393127,0.44586828351020813,-0.37384307384490967,0.44386324286460876,0.4600237309932709,-0.3318731486797333,0.5460852980613708,0.5322800874710083,-0.56570965051651,0.48213863372802734,0.5347371697425842,-0.5517525672912598,0.7467631697654724,0.8235541582107544,-0.22734573483467102,0.29528748989105225,0.8158378601074219,-0.3030923008918762,0.8375365138053894,1.2215033769607544,-0.21664246916770935,0.19454476237297058,1.1879831552505493,-0.24351641535758972,0.823210597038269,1.5498199462890625,-0.47354888916015625,0.2074977159500122,1.519489049911499,-0.546159029006958,0.8546768426895142,1.6497563123703003,-0.573237419128418,0.17466217279434204,1.6205506324768066,-0.6442142724990845,0.8003363609313965,1.649905800819397,-0.620949387550354,0.2248944491147995,1.6279946565628052,-0.7232951521873474,0.778465747833252,1.610917329788208,-0.5117634534835815,0.2477356493473053,1.58880615234375,-0.5958670377731323,0.6439263820648193,1.5654207468032837,-0.031161153689026833,0.3620145320892334,1.5566078424453735,0.03656653314828873,0.6119425296783447,2.166806936264038,0.05813027173280716,0.3607152998447418,2.1617562770843506,0.1125858798623085,0.6071793437004089,2.7049620151519775,0.7195020914077759,0.3587709665298462,2.693105936050415,0.5805937051773071,0.6081089377403259,2.7996885776519775,0.7590339779853821,0.35427147150039673,2.7852513790130615,0.6149216890335083,0.5827326774597168,2.864177703857422,0.2976372241973877,0.3980526328086853,2.859469413757324,0.10031221061944962,0.45068696111598966,0
2026-09-24T12:29:23.598352,S013,S013_A5_Y_20260924_1229,elevated_20,A5,young,class_0,0.5126625895500183,0.4667455554008484,-0.6734423041343689,0.5362527966499329,0.4118049442768097,-0.6335555911064148,0.5536176562309265,0.41189345717430115,-0.633176863193512,0.5691841840744019,0.41266679763793945,-0.6331431865692139,0.4884229600429535,0.4150591492652893,-0.6290960907936096,0.47161585092544556,0.41776469349861145,-0.6284431219100952,0.4589513838291168,0.4211729168891907,-0.6285556554794312,0.5880236625671387,0.4452516436576843,-0.37807807326316833,0.44330352544784546,0.4598599076271057,-0.3417649269104004,0.546038031578064,0.5322747826576233,-0.5773299932479858,0.48183780908584595,0.5347349643707275,-0.5657522678375244,0.7465769648551941,0.8234453797340393,-0.22812621295452118,0.294902503490448,0.8170149922370911,-0.3122764527797699,0.8412609100341797,1.2180436849594116,-0.23004665970802307,0.19541694223880768,1.1889103651046753,-0.29097115993499756,0.8328525424003601,1.5441956520080566,-0.5263179540634155,0.20943942666053772,1.5187090635299683,-0.6534098386764526,0.8650422096252441,1.6440476179122925,-0.6379783153533936,0.17732180655002594,1.6200364828109741,-0.7637893557548523,0.8119382858276367,1.6438575983047485,-0.6884153485298157,0.22765131294727325,1.6268706321716309,-0.8437007069587708,0.7895966172218323,1.6054166555404663,-0.5671663284301758,0.25008711218833923,1.587586760520935,-0.7045435905456543,0.6481271386146545,1.5653725862503052,-0.031200479716062546,0.36514168977737427,1.5574910640716553,0.0366109274327755,0.6195306181907654,2.166764497756958,0.06578416377305984,0.36555004119873047,2.163292646408081,0.12801268696784973,0.6173772811889648,2.705047130584717,0.7433329820632935,0.3669965863227844,2.694270133972168,0.6103595495223999,0.6186199188232422,2.7999603748321533,0.7841721773147583,0.36282554268836975,2.786191463470459,0.6459089517593384,0.5951924920082092,2.8645668029785156,0.3193257451057434,0.40850791335105896,2.8620524406433105,0.12239263951778412,0.4496875695815492,0
2026-09-24T12:29:23.719908,S013,S013_A5_Y_20260924_1229,elevated_20,A5,young,class_0,0.5125643014907837,0.4676840007305145,-0.6693423986434937,0.5360692143440247,0.41237673163414,-0.6296130418777466,0.5534332990646362,0.4126163721084595,-0.6292269229888916,0.5690619349479675,0.41346076130867004,-0.629187285900116,0.4880756437778473,0.41531795263290405,-0.6252308487892151,0.47119140625,0.41796964406967163,-0.6245369911193848,0.4585806727409363,0.4213527739048004,-0.6246447563171387,0.587907075881958,0.44564372301101685,-0.3753865361213684,0.44282084703445435,0.4599124789237976,-0.33989933133125305,0.5459607839584351,0.5330554246902466,-0.5740562081336975,0.4816741347312927,0.53535395860672,-0.562772274017334,0.7455412149429321,0.8209058046340942,-0.22743460536003113,0.2949145436286926,0.8174273371696472,-0.3036533296108246,0.8197032809257507,1.064864158630371,-0.2274027317762375,0.1946382224559784,1.1888986825942993,-0.25629332661628723,0.837547779083252,1.5252742767333984,-0.5158514976501465,0.20978274941444397,1.5180264711380005,-0.5345776677131653,0.8702728152275085,1.6211005449295044,-0.6252233386039734,0.17906802892684937,1.6191211938858032,-0.6264821290969849,0.819017231464386,1.619330883026123,-0.6711617708206177,0.2283240258693695,1.6260888576507568,-0.7123159766197205,0.7960225939750671,1.5841549634933472,-0.5552169680595398,0.2504398822784424,1.586807370185852,-0.5851129293441772,0.6512668132781982,1.5576602220535278,-0.03147674351930618,0.37027984857559204,1.555146336555481,0.03683890402317047,0.6223840117454529,2.157623052597046,0.05236707255244255,0.3718799948692322,2.1591196060180664,0.10582932084798813,0.6194243431091309,2.6978981494903564,0.6777691841125488,0.37042421102523804,2.6915650367736816,0.5348213911056519,0.6208650469779968,2.7902348041534424,0.7122116088867188,0.366302490234375,2.7812039852142334,0.5642231106758118,0.5964045524597168,2.8552212715148926,0.24719054996967316,0.41028040647506714,2.8569447994232178,0.03808022662997246,0.44872139441246295,0
2026-09-24T12:29:23.841224,S013,S013_A5_Y_20260924_1229,elevated_20,A5,young,class_0,0.5126060247421265,0.4683789312839508,-0.6995387077331543,0.5360638499259949,0.4124731421470642,-0.656126856803894,0.5534273386001587,0.4126582443714142,-0.65572190284729,0.5690493583679199,0.41348057985305786,-0.6557341814041138,0.488065630197525,0.4156913757324219,-0.6517554521560669,0.4711858630180359,0.41855114698410034,-0.650967538356781,0.4585695266723633,0.4220863878726959,-0.6509906649589539,0.5878040790557861,0.44564417004585266,-0.3935210108757019,0.44280895590782166,0.460239052772522,-0.35463762283325195,0.5460130572319031,0.533361554145813,-0.6027771830558777,0.4818383753299713,0.5360254645347595,-0.5905033349990845,0.7455731630325317,0.8206859230995178,-0.23876698315143585,0.29626137018203735,0.8174446821212769,-0.31633061170578003,0.8471067547798157,1.1327450275421143,-0.2380964308977127,0.19450488686561584,1.2288140058517456,-0.2859352231025696,0.8582726716995239,1.526402235031128,-0.5335589647293091,0.19861355423927307,1.5363078117370605,-0.6510521173477173,0.8972290754318237,1.6227844953536987,-0.6435397267341614,0.16361156105995178,1.6338788270950317,-0.7586307525634766,0.8353955149650574,1.6211684942245483,-0.6909630298614502,0.2132379561662674,1.640060305595398,-0.8472688794136047,0.8106131553649902,1.5851409435272217,-0.573637068271637,0.23683962225914001,1.6002342700958252,-0.7058020234107971,0.6512909531593323,1.5577555894851685,-0.03147711604833603,0.3694865107536316,1.5549969673156738,0.03685630112886429,0.6223212480545044,2.160430908203125,0.016304202377796173,0.3713254928588867,2.161109685897827,0.11434145271778107,0.6191226840019226,2.7039577960968018,0.6306507587432861,0.3656795024871826,2.694324493408203,0.5484755635261536,0.6207100749015808,2.8001108169555664,0.6632617115974426,0.36028891801834106,2.784578561782837,0.5752610564231873,0.5930240750312805,2.85913348197937,0.1766761839389801,0.403752863407135,2.8638699054718018,0.04924207180738449,0.4486351602414205,0
2026-09-24T12:29:23.981241,S013,S013_A5_Y_20260924_1229,elevated_20,A5,young,class_0,0.5127594470977783,0.4688473641872406,-0.6979033946990967,0.5361777544021606,0.4129049479961395,-0.6550504565238953,0.5535183548927307,0.4130760431289673,-0.6546520590782166,0.5690770149230957,0.41395214200019836,-0.6546538472175598,0.4881975054740906,0.416382759809494,-0.6510220170021057,0.47132188081741333,0.4195247292518616,-0.6502551436424255,0.4585884213447571,0.4231332242488861,-0.6502981185913086,0.5877982974052429,0.44584283232688904,-0.39337554574012756,0.442927747964859,0.46045351028442383,-0.3572753071784973,0.5463370084762573,0.5334376692771912,-0.6013157367706299,0.48204898834228516,0.5361769795417786,-0.5897795557975769,0.7454613447189331,0.8206918835639954,-0.2372904121875763,0.29597073793411255,0.8175444006919861,-0.3248705565929413,0.8585039973258972,1.1454081535339355,-0.2396136224269867,0.18973051011562347,1.2245290279388428,-0.2858479917049408,0.8655220866203308,1.5226187705993652,-0.5605913400650024,0.1925700157880783,1.5390464067459106,-0.6473565101623535,0.9029449224472046,1.6203871965408325,-0.6739597320556641,0.15740393102169037,1.6385841369628906,-0.7543166875839233,0.8428996801376343,1.6208264827728271,-0.72325599193573,0.20808391273021698,1.6472407579421997,-0.8386392593383789,0.8187865018844604,1.5835915803909302,-0.6021608114242554,0.23125872015953064,1.60640287399292,-0.7049778699874878,0.6509497165679932,1.5603370666503906,-0.03091238997876644,0.3683992624282837,1.5582774877548218,0.03638242930173874,0.6222705841064453,2.1642556190490723,0.01487649418413639,0.3712241053581238,2.1704981327056885,0.11114846169948578,0.6189530491828918,2.7114503383636475,0.6340149641036987,0.3656644821166992,2.7069687843322754,0.5473237037658691,0.6205607056617737,2.8101537227630615,0.6677049398422241,0.36022430658340454,2.799081563949585,0.5754646062850952,0.5932723879814148,2.8663716316223145,0.19157300889492035,0.40415653586387634,2.8767881393432617,0.04408138245344162,0.4482052577392703,0
2026-09-24T12:29:24.271454,S013,S013_A5_Y_20260924_1229,elevated_20,A5,young,class_0,0.5128787755966187,0.46877893805503845,-0.7085193991661072,0.5362563133239746,0.41284993290901184,-0.6625698208808899,0.5536171197891235,0.412966251373291,-0.6621670126914978,0.5691127777099609,0.4138215482234955,-0.6620899438858032,0.4882830083370209,0.4163609445095062,-0.6586467623710632,0.4714200496673584,0.41949665546417236,-0.6578698754310608,0.4586068093776703,0.4231126010417938,-0.6579374074935913,0.5878267288208008,0.4455386996269226,-0.3982000946998596,0.4431135058403015,0.4604173004627228,-0.36474496126174927,0.5465121269226074,0.5331533551216125,-0.6126939058303833,0.48246318101882935,0.5360623002052307,-0.6023877859115601,0.7459641098976135,0.8209139704704285,-0.24925872683525085,0.29584330320358276,0.8177586197853088,-0.3350716233253479,0.8643999099731445,1.1758893728256226,-0.2753465473651886,0.1879209578037262,1.2216249704360962,-0.33433860540390015,0.8674556016921997,1.5250946283340454,-0.5954254865646362,0.1896289736032486,1.540107250213623,-0.7313348054885864,0.9048768877983093,1.624093770980835,-0.7097175717353821,0.1537485271692276,1.6416821479797363,-0.84404057264328,0.8435531854629517,1.6255921125411987,-0.7574591636657715,0.20654483139514923,1.6507320404052734,-0.9284510612487793,0.8193050622940063,1.5882327556610107,-0.6359866261482239,0.229913592338562,1.6096981763839722,-0.7864981889724731,0.6508587598800659,1.5648491382598877,-0.029573911800980568,0.3674365282058716,1.5615407228469849,0.035274893045425415,0.6215971112251282,2.1716811656951904,0.018009033054113388,0.3696135878562927,2.174586057662964,0.08103819191455841,0.617565929889679,2.7191967964172363,0.6321617960929871,0.36304041743278503,2.708928346633911,0.4917084276676178,0.619911253452301,2.818633556365967,0.6639507412910461,0.35714879631996155,2.8006417751312256,0.5164929032325745,0.5883375406265259,2.873047113418579,0.1817568987607956,0.40279221534729004,2.879344940185547,-0.02112349309027195,0.44833928444589244,0
2026-09-24T12:29:24.577973,S013,S013_A5_Y_20260924_1229,elevated_20,A5,young,class_0,0.5127369165420532,0.4688017666339874,-0.7067818641662598,0.5359746217727661,0.4128626585006714,-0.6633936166763306,0.5533844828605652,0.41298046708106995,-0.6630069613456726,0.5689524412155151,0.41382646560668945,-0.6629664301872253,0.4880925714969635,0.4163995087146759,-0.6585402488708496,0.4712507724761963,0.4195636808872223,-0.6578002572059631,0.4584835171699524,0.42320987582206726,-0.6578892469406128,0.5877945423126221,0.4453541338443756,-0.40223485231399536,0.4431151747703552,0.4605599641799927,-0.3644312918186188,0.5464557409286499,0.5331718325614929,-0.6109092831611633,0.48237329721450806,0.5364274978637695,-0.6000470519065857,0.7459661960601807,0.8190153241157532,-0.25300583243370056,0.29781585931777954,0.8172397613525391,-0.3324570655822754,0.8626087307929993,1.177585244178772,-0.2716539800167084,0.18768826127052307,1.2159091234207153,-0.2830236554145813,0.8648897409439087,1.5250203609466553,-0.578088641166687,0.1902753859758377,1.5348483324050903,-0.5617010593414307,0.9017707109451294,1.6243783235549927,-0.6893656253814697,0.1539808064699173,1.6351786851882935,-0.6519397497177124,0.841315746307373,1.626578450202942,-0.7373717427253723,0.20694342255592346,1.6474149227142334,-0.737541913986206,0.8174856901168823,1.5888516902923584,-0.6181902289390564,0.23052506148815155,1.6064788103103638,-0.612028181552887,0.650120198726654,1.5639337301254272,-0.0327824167907238,0.3678106963634491,1.5600361824035645,0.03827810660004616,0.618423581123352,2.1699724197387695,0.014150569215416908,0.3673554062843323,2.1733365058898926,0.08495049178600311,0.6129745841026306,2.718238353729248,0.619418203830719,0.36133313179016113,2.7083725929260254,0.49904704093933105,0.6158350110054016,2.81652569770813,0.6528148651123047,0.3559391498565674,2.8000006675720215,0.5254033803939819,0.5815753936767578,2.872643232345581,0.1811920553445816,0.3990740180015564,2.8786168098449707,-0.007529010530561209,0.44729075793278145,0
2026-09-24T12:29:24.747605,S013,S013_A5_Y_20260924_1229,elevated_20,A5,young,class_0,0.512661337852478,0.46845245361328125,-0.717361330986023,0.5357367992401123,0.4124082922935486,-0.6738876104354858,0.5531561970710754,0.4124642014503479,-0.6735820174217224,0.568756103515625,0.413207083940506,-0.6735671162605286,0.4877735674381256,0.4159635901451111,-0.6700997352600098,0.4708472192287445,0.4191165566444397,-0.6694501638412476,0.4581453204154968,0.422810822725296,-0.6696134209632874,0.5875567197799683,0.44399815797805786,-0.40719422698020935,0.4427945613861084,0.4602651298046112,-0.37250471115112305,0.5464189648628235,0.5328343510627747,-0.6187847256660461,0.48223257064819336,0.5361528396606445,-0.6084351539611816,0.7459647059440613,0.8177840113639832,-0.2580450475215912,0.2973446547985077,0.8165629506111145,-0.33812570571899414,0.8642371892929077,1.1803869009017944,-0.296222448348999,0.1878882795572281,1.2151206731796265,-0.29371005296707153,0.8649535179138184,1.5267084836959839,-0.6357713937759399,0.19098980724811554,1.5340324640274048,-0.583196759223938,0.9006388783454895,1.6291964054107666,-0.7530922293663025,0.15626904368400574,1.6342159509658813,-0.6802248358726501,0.8406388163566589,1.6317003965377808,-0.8024129867553711,0.2082301825284958,1.6457810401916504,-0.7697877287864685,0.8172648549079895,1.5926727056503296,-0.6771005392074585,0.2310866415500641,1.6050467491149902,-0.6346436738967896,0.6501606106758118,1.5644242763519287,-0.034595079720020294,0.3680509626865387,1.5613185167312622,0.03999665006995201,0.6190155744552612,2.1709299087524414,0.016102297231554985,0.36737677454948425,2.1755740642547607,0.08629392832517624,0.614051342010498,2.72044038772583,0.6301164031028748,0.362992525100708,2.713174343109131,0.5082553625106812,0.6173008680343628,2.8181281089782715,0.6642300486564636,0.3583369851112366,2.805924892425537,0.5359479784965515,0.582086443901062,2.878627300262451,0.1926501840353012,0.40006691217422485,2.8818657398223877,0.005611967295408249,0.4464637523234077,0
2026-09-24T12:29:24.880351,S013,S013_A5_Y_20260924_1229,elevated_20,A5,young,class_0,0.5129513740539551,0.4683040678501129,-0.7407295107841492,0.5358543992042542,0.41185811161994934,-0.6944378018379211,0.553269624710083,0.4117611348628998,-0.6942039728164673,0.5687798857688904,0.4123561680316925,-0.6942206621170044,0.48778262734413147,0.4157104790210724,-0.6934633851051331,0.47084084153175354,0.4189300239086151,-0.6928589344024658,0.4580717086791992,0.422722727060318,-0.6930685043334961,0.5874965190887451,0.4425086975097656,-0.41375765204429626,0.4426369071006775,0.4600563943386078,-0.3901206851005554,0.5466877818107605,0.5326985716819763,-0.6368304491043091,0.48233121633529663,0.5360543131828308,-0.6295974850654602,0.7459608316421509,0.8171704411506653,-0.2632148861885071,0.29724517464637756,0.8165690898895264,-0.35610121488571167,0.8635846972465515,1.1838068962097168,-0.3173958361148834,0.1911667138338089,1.2163348197937012,-0.32037895917892456,0.8655825853347778,1.5313841104507446,-0.6901373863220215,0.19327126443386078,1.5360215902328491,-0.6408652067184448,0.9014198184013367,1.6386007070541382,-0.8134160041809082,0.15933707356452942,1.6369895935058594,-0.7487229108810425,0.8410153388977051,1.6441787481307983,-0.8658635020256042,0.21041914820671082,1.6484426259994507,-0.840384304523468,0.8176846504211426,1.6026638746261597,-0.7337588667869568,0.23261944949626923,1.6074719429016113,-0.693753182888031,0.6509499549865723,1.5656909942626953,-0.0353681743144989,0.3693517744541168,1.563984751701355,0.04068898782134056,0.6203082799911499,2.172663688659668,0.021967601031064987,0.3676794171333313,2.1786489486694336,0.09474281966686249,0.6157920956611633,2.722872257232666,0.645018458366394,0.36466020345687866,2.7166852951049805,0.5248640179634094,0.6193920969963074,2.8204140663146973,0.679808497428894,0.36037328839302063,2.8095693588256836,0.5531594753265381,0.5833134651184082,2.8834588527679443,0.19734206795692444,0.4017565846443176,2.8852198123931885,0.011424776166677475,0.4458255068505037,0
2026-09-24T12:29:25.007027,S013,S013_A5_Y_20260924_1229,elevated_20,A5,young,class_0,0.5129932165145874,0.46833211183547974,-0.7403618693351746,0.5358637571334839,0.4118134677410126,-0.6954799294471741,0.5532843470573425,0.4116765558719635,-0.6952224969863892,0.5687775611877441,0.4122442603111267,-0.695237398147583,0.48774805665016174,0.41575247049331665,-0.692629873752594,0.4707523286342621,0.41906777024269104,-0.6920084953308105,0.4578673243522644,0.42299672961235046,-0.6922128796577454,0.5874797105789185,0.44244709610939026,-0.4186371862888336,0.44198161363601685,0.4603095054626465,-0.38852375745773315,0.546777069568634,0.5327937602996826,-0.6382881999015808,0.4823288023471832,0.5361883044242859,-0.6286088228225708,0.7463196516036987,0.8171967267990112,-0.2763002812862396,0.2969575524330139,0.8166983127593994,-0.35262131690979004,0.8633987307548523,1.1925493478775024,-0.3360743522644043,0.19262740015983582,1.216719388961792,-0.32704392075538635,0.8569247126579285,1.5391849279403687,-0.6940664052963257,0.19421431422233582,1.5384790897369385,-0.6793343424797058,0.8894221186637878,1.6501352787017822,-0.8167656064033508,0.16014662384986877,1.6410506963729858,-0.7894190549850464,0.8269264101982117,1.6549657583236694,-0.8643457293510437,0.21117517352104187,1.6520558595657349,-0.878950297832489,0.8053796887397766,1.6117327213287354,-0.7350637912750244,0.23335647583007812,1.6105918884277344,-0.7330919504165649,0.6509535908699036,1.5662039518356323,-0.0382230319082737,0.36934006214141846,1.5643194913864136,0.043503738939762115,0.6197530031204224,2.172964334487915,0.029591670259833336,0.36511722207069397,2.1786534786224365,0.1260140836238861,0.6130297183990479,2.7230677604675293,0.6863189935684204,0.36149558424949646,2.71679949760437,0.5946551561355591,0.6166456937789917,2.8205790519714355,0.7250890731811523,0.3573443591594696,2.8102166652679443,0.627686619758606,0.5794983506202698,2.884787082672119,0.24065537750720978,0.3974301218986511,2.8851497173309326,0.08299411088228226,0.44493139066818194,0
2026-09-24T12:29:25.162664,S013,S013_A5_Y_20260924_1229,elevated_20,A5,young,class_0,0.5124880075454712,0.4683515429496765,-0.737886905670166,0.5352727174758911,0.4118891954421997,-0.695063591003418,0.5527721643447876,0.4117211103439331,-0.6948094964027405,0.5684058666229248,0.41225796937942505,-0.6948420405387878,0.48705267906188965,0.41598740220069885,-0.6910108327865601,0.47012266516685486,0.41938894987106323,-0.6903790235519409,0.45743894577026367,0.4234236478805542,-0.6906055808067322,0.5873028635978699,0.4424437880516052,-0.42489099502563477,0.4418080747127533,0.46081238985061646,-0.3876999318599701,0.5467098951339722,0.5327996015548706,-0.6374241709709167,0.4819430708885193,0.5362634062767029,-0.6261219382286072,0.7472917437553406,0.8172248601913452,-0.2817206084728241,0.29696062207221985,0.8173578381538391,-0.35020771622657776,0.8632479906082153,1.1993308067321777,-0.3311590850353241,0.1931876689195633,1.2182809114456177,-0.3222445845603943,0.8561905026435852,1.5452395677566528,-0.6697372198104858,0.19662556052207947,1.5431774854660034,-0.6408791542053223,0.8880895376205444,1.658378005027771,-0.7885915637016296,0.16411536931991577,1.6479955911636353,-0.7446835041046143,0.8243708610534668,1.662969946861267,-0.8345797657966614,0.21526888012886047,1.6583383083343506,-0.8345710635185242,0.8033677339553833,1.6186374425888062,-0.7095966339111328,0.23678335547447205,1.61638605594635,-0.6931909918785095,0.6515055894851685,1.5677006244659424,-0.040148261934518814,0.3695819079875946,1.565181016921997,0.04541579261422157,0.6203528642654419,2.175786018371582,0.021664392203092575,0.36484476923942566,2.1800787448883057,0.1248077005147934,0.6134979128837585,2.727424383163452,0.6597683429718018,0.3615241050720215,2.7194597721099854,0.5825681090354919,0.6176349520683289,2.8251776695251465,0.6959508657455444,0.3573623597621918,2.813800811767578,0.6142629384994507,0.579216718673706,2.891845464706421,0.20883312821388245,0.3974749743938446,2.8883378505706787,0.06967045366764069,0.44397918396414365,0
2026-09-24T12:29:25.277842,S013,S013_A5_Y_20260924_1229,elevated_20,A5,young,class_0,0.5122976303100586,0.46844735741615295,-0.7280832529067993,0.5351444482803345,0.41225293278694153,-0.6902207136154175,0.5525922179222107,0.41208356618881226,-0.6899304986000061,0.5682398080825806,0.4126507639884949,-0.6900227665901184,0.4870324730873108,0.41648921370506287,-0.682766318321228,0.47011518478393555,0.4199623763561249,-0.6821345090866089,0.4574128985404968,0.42396414279937744,-0.6823937296867371,0.5872052311897278,0.44296368956565857,-0.42350316047668457,0.4418396055698395,0.4611300230026245,-0.3821304738521576,0.5465465188026428,0.5328547358512878,-0.6316756010055542,0.48176759481430054,0.5362926721572876,-0.616061806678772,0.7472453117370605,0.817147433757782,-0.2833543121814728,0.2969953417778015,0.8173600435256958,-0.335586279630661,0.862790584564209,1.2046525478363037,-0.32166609168052673,0.19320058822631836,1.218137264251709,-0.2998653054237366,0.8507770299911499,1.5503880977630615,-0.6309221386909485,0.19674615561962128,1.5424762964248657,-0.6119341254234314,0.8825758695602417,1.6639922857284546,-0.7432668805122375,0.16424843668937683,1.6471105813980103,-0.7132026553153992,0.8170239329338074,1.6687315702438354,-0.7854924201965332,0.21530897915363312,1.6576017141342163,-0.800666332244873,0.7965236306190491,1.6244049072265625,-0.6665184497833252,0.2368384599685669,1.615908145904541,-0.6643796563148499,0.6508969068527222,1.5681602954864502,-0.04011062532663345,0.3685706853866577,1.5652458667755127,0.04539173096418381,0.6203485727310181,2.1765480041503906,0.031514547765254974,0.363280326128006,2.1799590587615967,0.12499338388442993,0.6136857867240906,2.7272799015045166,0.6757696270942688,0.36139386892318726,2.719111442565918,0.5793837308883667,0.618022084236145,2.824867010116577,0.71379154920578,0.35732632875442505,2.8135130405426025,0.6110448241233826,0.5791963338851929,2.891730308532715,0.23593199253082275,0.3974969983100891,2.8878278732299805,0.07534505426883698,0.4438499922079052,0
2026-09-24T12:29:25.400102,S013,S013_A5_Y_20260924_1229,elevated_20,A5,young,class_0,0.51263028383255,0.4683881998062134,-0.7108569741249084,0.5354410409927368,0.4122273623943329,-0.6750258207321167,0.5527941584587097,0.4120345115661621,-0.6746448278427124,0.5682980418205261,0.4126063883304596,-0.6747860312461853,0.48737406730651855,0.4164971113204956,-0.6658324003219604,0.4703776240348816,0.41997650265693665,-0.6651629209518433,0.45745745301246643,0.42399492859840393,-0.6653720140457153,0.5872051119804382,0.44296684861183167,-0.42003685235977173,0.4419626295566559,0.46113479137420654,-0.36668264865875244,0.546728789806366,0.5328291058540344,-0.6169750690460205,0.4820019602775574,0.5362581014633179,-0.5990092158317566,0.7473726272583008,0.8166762590408325,-0.281172513961792,0.29744964838027954,0.8168238401412964,-0.31466954946517944,0.8624472618103027,1.210630178451538,-0.30508318543434143,0.19321051239967346,1.2168278694152832,-0.2742951214313507,0.8466683626174927,1.5523736476898193,-0.554777979850769,0.1981503963470459,1.539342999458313,-0.5892844796180725,0.8777989149093628,1.6645580530166626,-0.6617977023124695,0.1663428395986557,1.644137978553772,-0.6887725591659546,0.8132969737052917,1.6680305004119873,-0.7044287919998169,0.21676889061927795,1.6523089408874512,-0.7742196321487427,0.7929074764251709,1.6244571208953857,-0.5897096395492554,0.23818035423755646,1.6116300821304321,-0.6418841481208801,0.6508585214614868,1.5681366920471191,-0.0403575599193573,0.368102103471756,1.5649551153182983,0.04569057375192642,0.6205371618270874,2.1778879165649414,0.03943154960870743,0.3628390431404114,2.179863691329956,0.12586680054664612,0.6137157678604126,2.727428913116455,0.6873859763145447,0.3609274625778198,2.7194418907165527,0.5774136185646057,0.6181920170783997,2.824503183364868,0.7259286046028137,0.3568640947341919,2.8139679431915283,0.6091727018356323,0.5781682133674622,2.8927087783813477,0.24857954680919647,0.3967471718788147,2.888120174407959,0.07452026754617691,0.44377975571231243,0
2026-09-24T12:29:25.520184,S013,S013_A5_Y_20260924_1229,elevated_20,A5,young,class_0,0.5139158368110657,0.4690416753292084,-0.7108597755432129,0.5367827415466309,0.41263994574546814,-0.6748843789100647,0.5538948178291321,0.41245603561401367,-0.6745043396949768,0.5687841773033142,0.41309261322021484,-0.6746490001678467,0.4885019361972809,0.41699355840682983,-0.6659051179885864,0.4713040292263031,0.42066875100135803,-0.665242075920105,0.45774221420288086,0.4246918857097626,-0.6654521822929382,0.5873206853866577,0.44338810443878174,-0.41836848855018616,0.44219669699668884,0.4612581431865692,-0.3682219684123993,0.5475901365280151,0.5333461165428162,-0.616446852684021,0.48270195722579956,0.5368379354476929,-0.5990551114082336,0.7474880814552307,0.8165603280067444,-0.2808018624782562,0.29736611247062683,0.8168907761573792,-0.31533581018447876,0.8623418807983398,1.2119141817092896,-0.30306217074394226,0.1932220309972763,1.2164252996444702,-0.27539438009262085,0.8436744809150696,1.5524321794509888,-0.5644915103912354,0.19882887601852417,1.539177656173706,-0.5931568145751953,0.8738592863082886,1.6641215085983276,-0.6736232042312622,0.1671915352344513,1.6439164876937866,-0.6937637329101562,0.810827910900116,1.6672894954681396,-0.717889130115509,0.21754026412963867,1.6521987915039062,-0.7793400883674622,0.7907528281211853,1.6239585876464844,-0.6010032892227173,0.2388877123594284,1.6114543676376343,-0.6458181738853455,0.6516831517219543,1.5690549612045288,-0.039897359907627106,0.36849093437194824,1.5669718980789185,0.04522131010890007,0.623565673828125,2.1792943477630615,0.03981306776404381,0.3634836971759796,2.182468891143799,0.12088149785995483,0.6206191778182983,2.729090690612793,0.6867245435714722,0.3653726279735565,2.7228686809539795,0.5633454322814941,0.6257165670394897,2.8258399963378906,0.7250924706459045,0.3620729446411133,2.817312479019165,0.5939525365829468,0.586044192314148,2.8949475288391113,0.24738499522209167,0.40352362394332886,2.891913652420044,0.05995053052902222,0.44323121328969856,0
2026-09-24T12:29:25.629808,S013,S013_A5_Y_20260924_1229,elevated_20,A5,young,class_0,0.5144108533859253,0.46899479627609253,-0.7106209993362427,0.5372433066368103,0.4126165807247162,-0.6745865941047668,0.5542434453964233,0.4124286472797394,-0.6742044687271118,0.5689390897750854,0.4130811393260956,-0.6743428707122803,0.4890972971916199,0.4169762432575226,-0.665647566318512,0.4718801975250244,0.42064914107322693,-0.6649871468544006,0.4579487442970276,0.42468446493148804,-0.6651964783668518,0.5873731374740601,0.44340747594833374,-0.41777491569519043,0.4423152506351471,0.4612087607383728,-0.3681158721446991,0.5478688478469849,0.5333148241043091,-0.6161383390426636,0.4830344319343567,0.5367425084114075,-0.5989829301834106,0.747514545917511,0.8161249160766602,-0.2799585461616516,0.2975909113883972,0.8164055347442627,-0.31567084789276123,0.8621700406074524,1.2126327753067017,-0.3018845021724701,0.1934652328491211,1.2146849632263184,-0.2766006588935852,0.8399572372436523,1.5521072149276733,-0.5600789189338684,0.1997806578874588,1.5364577770233154,-0.5966822504997253,0.8696931004524231,1.6636624336242676,-0.6684349775314331,0.16805937886238098,1.640965223312378,-0.6977908611297607,0.8064430952072144,1.6661127805709839,-0.7126449942588806,0.21837499737739563,1.6492736339569092,-0.7828545570373535,0.78671795129776,1.6226011514663696,-0.5966125726699829,0.23971739411354065,1.608375072479248,-0.6491187214851379,0.6516950130462646,1.5687450170516968,-0.03994527831673622,0.3684904873371124,1.5664350986480713,0.04529397189617157,0.6235394477844238,2.1790707111358643,0.03970986232161522,0.36340269446372986,2.1817169189453125,0.11954721063375473,0.6205034852027893,2.7280545234680176,0.6837971210479736,0.3653430938720703,2.722449541091919,0.5582030415534973,0.625517725944519,2.823784112930298,0.7221418619155884,0.36203238368034363,2.817113161087036,0.5885061025619507,0.5852962732315063,2.89439058303833,0.2461274415254593,0.4033159613609314,2.8903377056121826,0.0565035417675972,0.4425998931564843,0
2026-09-24T12:29:25.739406,S013,S013_A5_Y_20260924_1229,elevated_20,A5,young,class_0,0.5144227147102356,0.46900317072868347,-0.7099716663360596,0.5373217463493347,0.41261762380599976,-0.6740043759346008,0.5542985200881958,0.41243064403533936,-0.6736149787902832,0.5689577460289001,0.4130870997905731,-0.6737403869628906,0.4891830086708069,0.41697457432746887,-0.6646332144737244,0.47196143865585327,0.42063623666763306,-0.6639772653579712,0.4579811692237854,0.42466384172439575,-0.664181113243103,0.5873569846153259,0.4434662163257599,-0.41736334562301636,0.4425260126590729,0.46117350459098816,-0.3660230040550232,0.5478659272193909,0.5333318114280701,-0.6156837940216064,0.48303383588790894,0.5367448329925537,-0.5981535315513611,0.7475140690803528,0.8161161541938782,-0.2802925407886505,0.2979520857334137,0.8163684606552124,-0.31365638971328735,0.8606823086738586,1.213154673576355,-0.30086830258369446,0.19347718358039856,1.2126935720443726,-0.27735310792922974,0.8322361707687378,1.5520051717758179,-0.5617184638977051,0.19986358284950256,1.5357729196548462,-0.5968641042709351,0.8609487414360046,1.663266658782959,-0.6704313158988953,0.1680162101984024,1.6407393217086792,-0.69905686378479,0.7971404790878296,1.6656235456466675,-0.7143446207046509,0.21839484572410583,1.6490955352783203,-0.7832905054092407,0.7779339551925659,1.6222717761993408,-0.5981665253639221,0.23978081345558167,1.6081441640853882,-0.6494690775871277,0.6516021490097046,1.5692451000213623,-0.04007362201809883,0.36820679903030396,1.5664118528366089,0.04544895142316818,0.622421383857727,2.1800737380981445,0.04427609592676163,0.3610787093639374,2.1816461086273193,0.12351186573505402,0.6175680756568909,2.727949380874634,0.6931909918785095,0.36132699251174927,2.722264051437378,0.5694918632507324,0.6225394606590271,2.823622941970825,0.7322273850440979,0.35805076360702515,2.8169546127319336,0.600812554359436,0.5803016424179077,2.894082546234131,0.2573902904987335,0.39717650413513184,2.8900492191314697,0.06966710835695267,0.4424368463947675,0
2026-09-24T12:29:25.960703,S013,S013_A5_Y_20260924_1229,elevated_20,A5,young,class_0,0.5144204497337341,0.46899890899658203,-0.7104550004005432,0.5374146103858948,0.41260191798210144,-0.6743302941322327,0.5544109344482422,0.412425696849823,-0.6739295125007629,0.5690277814865112,0.41309115290641785,-0.6740178465843201,0.48923125863075256,0.41688671708106995,-0.6648311614990234,0.47201380133628845,0.42048540711402893,-0.6641690731048584,0.45800575613975525,0.4244840741157532,-0.6643630266189575,0.5874011516571045,0.4434923827648163,-0.4203510284423828,0.442671000957489,0.4609921872615814,-0.3660803437232971,0.5478542447090149,0.533336877822876,-0.6165316104888916,0.48299846053123474,0.5367239117622375,-0.5985130071640015,0.7475793361663818,0.8168061375617981,-0.28343433141708374,0.29767996072769165,0.8163439631462097,-0.313560426235199,0.8595708608627319,1.21732497215271,-0.30030667781829834,0.19405415654182434,1.208799958229065,-0.27698296308517456,0.8262224197387695,1.5521371364593506,-0.5478997826576233,0.2017749845981598,1.5335534811019897,-0.6051138639450073,0.8538427352905273,1.6629505157470703,-0.6561102271080017,0.16933122277259827,1.6392563581466675,-0.7099362015724182,0.7899383306503296,1.665374517440796,-0.6955917477607727,0.22063644230365753,1.6468757390975952,-0.7918668389320374,0.7710569500923157,1.6220097541809082,-0.5827811360359192,0.24262361228466034,1.6055814027786255,-0.6580513715744019,0.651460587978363,1.569480061531067,-0.041203029453754425,0.3672453761100769,1.5660747289657593,0.046717651188373566,0.6196102499961853,2.18035888671875,0.050116878002882004,0.35688334703445435,2.180663585662842,0.13795405626296997,0.610675036907196,2.7276077270507812,0.7140324711799622,0.35480326414108276,2.719494342803955,0.6107161045074463,0.6158117651939392,2.8230912685394287,0.7544306516647339,0.351551353931427,2.814953565597534,0.6456295847892761,0.5677513480186462,2.89396071434021,0.27579739689826965,0.3888000249862671,2.886425495147705,0.11301038414239883,0.4421025457066166,0
2026-09-24T12:29:26.228570,S013,S013_A5_Y_20260924_1229,elevated_20,A5,young,class_0,0.5140634775161743,0.46897661685943604,-0.7095791101455688,0.5372451543807983,0.4125218391418457,-0.6738982200622559,0.5542763471603394,0.41235432028770447,-0.6734896302223206,0.5689505338668823,0.4130462408065796,-0.6735785007476807,0.48903340101242065,0.41676706075668335,-0.6636000275611877,0.47183361649513245,0.42030420899391174,-0.6629289388656616,0.45789408683776855,0.4242667555809021,-0.6631115674972534,0.5873908996582031,0.44347983598709106,-0.42041435837745667,0.4426744878292084,0.4607549011707306,-0.36237242817878723,0.5476961731910706,0.5333455801010132,-0.6160222291946411,0.4826197028160095,0.5366799831390381,-0.5969418287277222,0.7476882338523865,0.816187858581543,-0.28660887479782104,0.2983253300189972,0.8146750330924988,-0.3078884482383728,0.8574620485305786,1.2172082662582397,-0.30535441637039185,0.1970374435186386,1.2032606601715088,-0.28472045063972473,0.8205479383468628,1.5489240884780884,-0.5491634607315063,0.20310863852500916,1.523727297782898,-0.6583235859870911,0.847977340221405,1.6597102880477905,-0.6566756963729858,0.1697026789188385,1.6295318603515625,-0.7678347826004028,0.7836699485778809,1.6610225439071655,-0.6957169771194458,0.2212996482849121,1.637459635734558,-0.8468614816665649,0.7655245661735535,1.6173267364501953,-0.5835082530975342,0.24351558089256287,1.595763087272644,-0.7112686038017273,0.6513580083847046,1.5677356719970703,-0.04290242865681648,0.36696600914001465,1.5612152814865112,0.04846770316362381,0.6172565817832947,2.1782031059265137,0.05718337371945381,0.35242438316345215,2.1736040115356445,0.15132449567317963,0.6056236028671265,2.722824811935425,0.7196941375732422,0.3488336205482483,2.711198568344116,0.6247323155403137,0.610876739025116,2.8181304931640625,0.7599002122879028,0.34560176730155945,2.8075034618377686,0.6595042943954468,0.5604842901229858,2.889352560043335,0.28046315908432007,0.38276034593582153,2.877969980239868,0.12713241577148438,0.4415004325160501,0
2026-09-24T12:29:26.592780,S013,S013_A5_Y_20260924_1229,elevated_20,A5,young,class_0,0.5140671730041504,0.4691688120365143,-0.7020639181137085,0.5373068451881409,0.4125463366508484,-0.6660729646682739,0.5543509125709534,0.41237673163414,-0.6656680703163147,0.5690093040466309,0.413082480430603,-0.6657304167747498,0.48905906081199646,0.4167984127998352,-0.6566927433013916,0.471849262714386,0.4203324317932129,-0.6560384035110474,0.45789504051208496,0.42428410053253174,-0.6562218070030212,0.5874165892601013,0.44349202513694763,-0.41424593329429626,0.44276419281959534,0.4607432782649994,-0.357780396938324,0.5476974248886108,0.5337181687355042,-0.6079770922660828,0.48260432481765747,0.5369840264320374,-0.590190052986145,0.7476969361305237,0.815919041633606,-0.28292980790138245,0.2983485162258148,0.8145809769630432,-0.3033249080181122,0.8567734956741333,1.2169586420059204,-0.30033132433891296,0.19686825573444366,1.1988942623138428,-0.2753412127494812,0.8197835087776184,1.5468930006027222,-0.5447254180908203,0.20277225971221924,1.5217070579528809,-0.6182428598403931,0.8464647531509399,1.6573740243911743,-0.6514152884483337,0.1691797971725464,1.6279290914535522,-0.7223172783851624,0.7838816046714783,1.6570779085159302,-0.6923348307609558,0.22052045166492462,1.635921835899353,-0.8049572110176086,0.7658292055130005,1.6137539148330688,-0.5796229839324951,0.2427380532026291,1.5942051410675049,-0.6711335182189941,0.6508221626281738,1.567723035812378,-0.042824529111385345,0.36629369854927063,1.5610425472259521,0.048367198556661606,0.6155598163604736,2.1778268814086914,0.05767039582133293,0.35047492384910583,2.1731672286987305,0.14969591796398163,0.6029680967330933,2.7225563526153564,0.7153304219245911,0.34647542238235474,2.7112233638763428,0.6178873777389526,0.6076406240463257,2.8176419734954834,0.7550626993179321,0.34349092841148376,2.8075032234191895,0.6505065560340881,0.559352695941925,2.8893160820007324,0.2757183611392975,0.37950342893600464,2.878000497817993,0.11896876990795135,0.4409870779613329,0
2026-09-24T12:29:26.872898,S013,S013_A5_Y_20260924_1229,elevated_20,A5,young,class_0,0.5143802165985107,0.4717188775539398,-0.7063629031181335,0.5375893115997314,0.41354116797447205,-0.6693284511566162,0.5546563267707825,0.41333356499671936,-0.6689256429672241,0.5692104697227478,0.4140123128890991,-0.6689306497573853,0.48910418152809143,0.41777414083480835,-0.6617678999900818,0.47186288237571716,0.4215073585510254,-0.6610935926437378,0.4578940272331238,0.42540571093559265,-0.661261796951294,0.5876087546348572,0.44393089413642883,-0.41477617621421814,0.4427635073661804,0.4610445201396942,-0.3648579716682434,0.5478832125663757,0.5360358953475952,-0.610526442527771,0.48274344205856323,0.5398760437965393,-0.5949251651763916,0.7488333582878113,0.8155083060264587,-0.2762908339500427,0.2984856963157654,0.8147262930870056,-0.3081873059272766,0.8599810600280762,1.2169057130813599,-0.2874535918235779,0.19788752496242523,1.200486421585083,-0.2663007080554962,0.8310598134994507,1.547706961631775,-0.5480839014053345,0.20618967711925507,1.531842827796936,-0.5606496334075928,0.8586475253105164,1.657313585281372,-0.6553541421890259,0.1741645485162735,1.6380088329315186,-0.6576667428016663,0.8003047704696655,1.6570082902908325,-0.6968499422073364,0.22467899322509766,1.643794298171997,-0.7445152401924133,0.7798467874526978,1.6139529943466187,-0.5834285616874695,0.24746482074260712,1.602891206741333,-0.6122407913208008,0.6576031446456909,1.5676063299179077,-0.04213386029005051,0.37396448850631714,1.5619443655014038,0.04760190099477768,0.6243548393249512,2.1769940853118896,0.04946812242269516,0.36291682720184326,2.1730520725250244,0.11470676958560944,0.6180018186569214,2.7217698097229004,0.6771372556686401,0.3649434447288513,2.7106080055236816,0.552577555179596,0.6228865385055542,2.8159799575805664,0.7126730680465698,0.36293643712997437,2.8054697513580322,0.5831211805343628,0.579423189163208,2.8883750438690186,0.23594370484352112,0.4013144373893738,2.877187490463257,0.05172301083803177,0.4410672539757233,0
2026-09-24T12:29:26.988607,S013,S013_A5_Y_20260924_1229,elevated_20,A5,young,class_0,0.5150439739227295,0.4754381477832794,-0.7208636403083801,0.5380746722221375,0.4157814085483551,-0.6819191575050354,0.5551087260246277,0.41576528549194336,-0.6815465688705444,0.5694856643676758,0.41655609011650085,-0.6814836859703064,0.4893572926521301,0.4200441241264343,-0.6777133941650391,0.47211819887161255,0.4241454303264618,-0.6770342588424683,0.4580349922180176,0.42794540524482727,-0.677193284034729,0.5878273248672485,0.4460352659225464,-0.41652941703796387,0.44293251633644104,0.4624972939491272,-0.379322350025177,0.5482616424560547,0.5396702289581299,-0.6193993091583252,0.4834938049316406,0.544144868850708,-0.6082414388656616,0.7498111128807068,0.8163793683052063,-0.2709317207336426,0.2983352541923523,0.8155426383018494,-0.3188951015472412,0.8557804822921753,1.217193365097046,-0.2809244394302368,0.19724556803703308,1.2017674446105957,-0.2665507197380066,0.8304334878921509,1.5479519367218018,-0.5490840673446655,0.20620596408843994,1.5333034992218018,-0.5708033442497253,0.8582517504692078,1.6572537422180176,-0.6558007001876831,0.1743651032447815,1.639141321182251,-0.6708495020866394,0.8002921342849731,1.6570318937301636,-0.7000320553779602,0.22493255138397217,1.644688367843628,-0.7558534741401672,0.7798391580581665,1.6141389608383179,-0.584513783454895,0.24752481281757355,1.603708028793335,-0.6217176914215088,0.6574890613555908,1.5683306455612183,-0.04110189899802208,0.3737180829048157,1.5627509355545044,0.046472348272800446,0.6235314011573792,2.1768691539764404,0.051050323992967606,0.362845242023468,2.1730737686157227,0.10921625047922134,0.6164928674697876,2.721372365951538,0.6772999167442322,0.3639983832836151,2.7104837894439697,0.5454215407371521,0.6206372976303101,2.8151559829711914,0.7128652930259705,0.3620561957359314,2.8046751022338867,0.5752511620521545,0.5783765912055969,2.888105630874634,0.23578575253486633,0.3995407223701477,2.877007484436035,0.03910982236266136,0.4407667886397245,0
2026-09-24T12:29:27.122700,S013,S013_A5_Y_20260924_1229,elevated_20,A5,young,class_0,0.5154644250869751,0.4763697683811188,-0.7181822061538696,0.5382834672927856,0.4163413941860199,-0.6802922487258911,0.5552679300308228,0.41628164052963257,-0.6799251437187195,0.5695676803588867,0.41708478331565857,-0.679861843585968,0.4895125925540924,0.42064324021339417,-0.6748062372207642,0.4722732901573181,0.42488154768943787,-0.6741200685501099,0.45810946822166443,0.4287748634815216,-0.6742885112762451,0.5879144668579102,0.44649097323417664,-0.4172068238258362,0.44304490089416504,0.46306362748146057,-0.3776158392429352,0.5484782457351685,0.5402532815933228,-0.6186689138412476,0.4838583469390869,0.544989824295044,-0.6060889363288879,0.7499488592147827,0.816791832447052,-0.27061522006988525,0.2993389070034027,0.8156516551971436,-0.3188862204551697,0.8557345271110535,1.2171684503555298,-0.27916595339775085,0.19745996594429016,1.2017600536346436,-0.26225584745407104,0.8317493200302124,1.5464509725570679,-0.5475104451179504,0.20726819336414337,1.5332294702529907,-0.5486029386520386,0.8606261014938354,1.653406023979187,-0.6541361212730408,0.17563705146312714,1.639009952545166,-0.6456663608551025,0.803440272808075,1.6545779705047607,-0.6990072727203369,0.22631967067718506,1.6449228525161743,-0.7272618412971497,0.7827920317649841,1.6120350360870361,-0.5843214392662048,0.2484915554523468,1.6037894487380981,-0.5979588031768799,0.6582902073860168,1.5683025121688843,-0.04117903485894203,0.37530916929244995,1.562693476676941,0.04654689505696297,0.6240484714508057,2.1761484146118164,0.03784001246094704,0.36431413888931274,2.1728386878967285,0.10825234651565552,0.6176311373710632,2.7210071086883545,0.6613885760307312,0.3651677370071411,2.7103545665740967,0.5442276000976562,0.6216578483581543,2.8149921894073486,0.6968511343002319,0.36286649107933044,2.8045125007629395,0.5740290880203247,0.5809191465377808,2.8869173526763916,0.21836653351783752,0.40116143226623535,2.876645088195801,0.03807201236486435,0.44006133447892765,0
2026-09-24T12:29:27.235479,S013,S013_A5_Y_20260924_1229,elevated_20,A5,young,class_0,0.520366370677948,0.4769948124885559,-0.7178534865379333,0.5421468019485474,0.41651466488838196,-0.6784473061561584,0.5585340857505798,0.41640618443489075,-0.6780811548233032,0.5714287757873535,0.41718679666519165,-0.6779900193214417,0.49265605211257935,0.42091068625450134,-0.6743134260177612,0.4752759039402008,0.42528146505355835,-0.673629641532898,0.4598312973976135,0.42935630679130554,-0.673794686794281,0.5888968110084534,0.4464953541755676,-0.40171757340431213,0.44348636269569397,0.46322929859161377,-0.3815663456916809,0.5520532727241516,0.5410686135292053,-0.6164652109146118,0.4884506165981293,0.545935332775116,-0.6063659191131592,0.7511927485466003,0.8169496655464172,-0.24689587950706482,0.2989441454410553,0.8160256743431091,-0.32874882221221924,0.8527722358703613,1.2176368236541748,-0.2554031014442444,0.196207195520401,1.203551173210144,-0.2727411389350891,0.8302890062332153,1.5472183227539062,-0.54446941614151,0.20714762806892395,1.5369731187820435,-0.5575836300849915,0.8585904836654663,1.653817892074585,-0.6525167226791382,0.17560967803001404,1.6421706676483154,-0.6572507619857788,0.8027371168136597,1.6546188592910767,-0.6986852884292603,0.2261756956577301,1.6477408409118652,-0.7394216656684875,0.7821487188339233,1.6123369932174683,-0.5828718543052673,0.24836699664592743,1.6064900159835815,-0.6083189249038696,0.6581450700759888,1.5694518089294434,-0.03643149510025978,0.3751218914985657,1.5662248134613037,0.04174157604575157,0.6239930987358093,2.1767053604125977,0.037306804209947586,0.36436814069747925,2.1764039993286133,0.08274075388908386,0.6171766519546509,2.7225213050842285,0.6486778259277344,0.36495381593704224,2.7147936820983887,0.49576887488365173,0.62062007188797,2.815906524658203,0.6821280717849731,0.36268502473831177,2.8075449466705322,0.5224108695983887,0.5807106494903564,2.888725519180298,0.20741407573223114,0.40089231729507446,2.881465435028076,-0.013958176597952843,0.43956824857966903,0
2026-09-24T12:29:27.362849,S013,S013_A5_Y_20260924_1229,elevated_20,A5,young,class_0,0.5203101634979248,0.4782835841178894,-0.7182337045669556,0.5421234369277954,0.41787946224212646,-0.6787527799606323,0.5585238933563232,0.4179231822490692,-0.6784024834632874,0.5714390277862549,0.41883209347724915,-0.6783341765403748,0.49265241622924805,0.42206770181655884,-0.6746443510055542,0.47529086470603943,0.4265184998512268,-0.6739537119865417,0.45986872911453247,0.4305405914783478,-0.6741165518760681,0.5889748930931091,0.4482901692390442,-0.402099072933197,0.44374021887779236,0.46415141224861145,-0.3808603584766388,0.5520328283309937,0.54228276014328,-0.6166930794715881,0.4883953928947449,0.5468906164169312,-0.6064850687980652,0.7510204911231995,0.8157602548599243,-0.24912095069885254,0.2992892265319824,0.8161258697509766,-0.3285101056098938,0.8530939221382141,1.213080883026123,-0.2603825628757477,0.1963009238243103,1.2035598754882812,-0.2728191912174225,0.8389555811882019,1.542433261871338,-0.5703386068344116,0.2067033350467682,1.5367017984390259,-0.5644015073776245,0.8697279095649719,1.6481677293777466,-0.6803148984909058,0.17509308457374573,1.6414700746536255,-0.6644222736358643,0.8141539692878723,1.6508294343948364,-0.730665922164917,0.22570042312145233,1.647628903388977,-0.7473021149635315,0.7927869558334351,1.6090041399002075,-0.6113525032997131,0.2477538287639618,1.6064140796661377,-0.6152809858322144,0.6587717533111572,1.5662841796875,-0.036573778837919235,0.3773438334465027,1.563752293586731,0.04185740649700165,0.6257299184799194,2.1714606285095215,0.02988821640610695,0.36791956424713135,2.172165632247925,0.08351608365774155,0.6216223239898682,2.716789722442627,0.6256343126296997,0.37093180418014526,2.709285020828247,0.49035564064979553,0.6254801154136658,2.809699773788452,0.6582033634185791,0.368569552898407,2.8005270957946777,0.5164992809295654,0.5869795083999634,2.8817481994628906,0.18138858675956726,0.40817657113075256,2.8750662803649902,-0.0194435752928257,0.43923333006217613,0
2026-09-24T12:29:27.485438,S013,S013_A5_Y_20260924_1229,elevated_20,A5,young,class_0,0.5205259919166565,0.4791092276573181,-0.717595636844635,0.5424802303314209,0.4184263050556183,-0.6770572066307068,0.5588847994804382,0.4183739423751831,-0.6767132878303528,0.5716489553451538,0.4192667603492737,-0.6766579151153564,0.49287447333335876,0.42257609963417053,-0.6743953227996826,0.475475013256073,0.4270707666873932,-0.6736994385719299,0.4599623680114746,0.43108120560646057,-0.6738566160202026,0.5893036127090454,0.44849690794944763,-0.39927545189857483,0.44389575719833374,0.4642830789089203,-0.3803953528404236,0.5522655248641968,0.5431756377220154,-0.6147807836532593,0.48865699768066406,0.5477790236473083,-0.606329619884491,0.7511752843856812,0.8154208660125732,-0.2399108111858368,0.29984572529792786,0.8160827159881592,-0.32859715819358826,0.8554691076278687,1.2127209901809692,-0.2481759488582611,0.19663363695144653,1.2025691270828247,-0.2730875313282013,0.848071277141571,1.542447566986084,-0.5440335273742676,0.20668867230415344,1.5350450277328491,-0.5663067102432251,0.8805534243583679,1.6480602025985718,-0.6501001119613647,0.17507506906986237,1.6395810842514038,-0.6670292019844055,0.8246688842773438,1.650558352470398,-0.7060855031013489,0.22567418217658997,1.6457592248916626,-0.7487572431564331,0.8024278879165649,1.6089807748794556,-0.5867052674293518,0.24772457778453827,1.6048411130905151,-0.6160159111022949,0.6595889329910278,1.5644558668136597,-0.03285728767514229,0.37841159105300903,1.5622378587722778,0.03808695450425148,0.6268426179885864,2.168606758117676,0.02992352284491062,0.36862850189208984,2.167269229888916,0.05970659852027893,0.6237261295318604,2.712925434112549,0.6120407581329346,0.3719543218612671,2.701838254928589,0.4458027780056,0.6274234056472778,2.8046529293060303,0.6430630087852478,0.3696032762527466,2.790499210357666,0.46957191824913025,0.5903819799423218,2.877051830291748,0.16873598098754883,0.4105146825313568,2.8681092262268066,-0.06360320746898651,0.43955100229932625,0
2026-09-24T12:29:27.605128,S013,S013_A5_Y_20260924_1229,elevated_20,A5,young,class_0,0.5206785202026367,0.4796111285686493,-0.710844874382019,0.5425663590431213,0.4191640317440033,-0.6709423065185547,0.5589492917060852,0.41916990280151367,-0.6706069707870483,0.5717028379440308,0.42012903094291687,-0.6706014275550842,0.49311333894729614,0.4231911301612854,-0.6680927276611328,0.4757651388645172,0.4277604818344116,-0.6674018502235413,0.46018797159194946,0.43182989954948425,-0.6675649881362915,0.5893455147743225,0.44926750659942627,-0.39793628454208374,0.4442598819732666,0.46480685472488403,-0.3755635619163513,0.5524216294288635,0.5435947775840759,-0.6087748408317566,0.48883986473083496,0.5480989217758179,-0.6000210046768188,0.7511779069900513,0.8153067827224731,-0.239522784948349,0.3003949522972107,0.8160889744758606,-0.32452425360679626,0.8553429841995239,1.2116150856018066,-0.2504461407661438,0.19703367352485657,1.202345371246338,-0.27119702100753784,0.8489200472831726,1.5412044525146484,-0.5422568321228027,0.20681457221508026,1.5304197072982788,-0.5616908669471741,0.8817227482795715,1.646423101425171,-0.646598219871521,0.17529059946537018,1.6332314014434814,-0.6617013216018677,0.8260499835014343,1.6496984958648682,-0.7022908329963684,0.2257285863161087,1.6405047178268433,-0.7397205829620361,0.8040391206741333,1.6081395149230957,-0.5845681428909302,0.2477036416530609,1.5999677181243896,-0.6094204187393188,0.6595751643180847,1.563808798789978,-0.03274136781692505,0.3791605830192566,1.5609123706817627,0.037942029535770416,0.626742959022522,2.166869640350342,0.02918252907693386,0.36882835626602173,2.164638042449951,0.0616028718650341,0.6233919262886047,2.71035099029541,0.6099330186843872,0.3714912235736847,2.6990857124328613,0.4511769711971283,0.6271651387214661,2.801875114440918,0.6413772106170654,0.3690733313560486,2.7874138355255127,0.4751532971858978,0.5899423360824585,2.873562812805176,0.16771510243415833,0.4098074436187744,2.8653855323791504,-0.057506781071424484,0.43909232309104507,0
2026-09-24T12:29:27.715665,S013,S013_A5_Y_20260924_1229,elevated_20,A5,young,class_0,0.5223808884620667,0.47999393939971924,-0.7200273275375366,0.5436414480209351,0.41921424865722656,-0.6788495779037476,0.5598674416542053,0.41919955611228943,-0.6785063743591309,0.5722264647483826,0.4201504588127136,-0.678466260433197,0.4941903054714203,0.42330071330070496,-0.6766753196716309,0.4768827557563782,0.42790237069129944,-0.6759737730026245,0.4609137177467346,0.43202003836631775,-0.6761356592178345,0.5900272130966187,0.4492783844470978,-0.40335121750831604,0.44463562965393066,0.4649164378643036,-0.3813536465167999,0.5537960529327393,0.544066309928894,-0.6169935464859009,0.49035993218421936,0.548984169960022,-0.6089045405387878,0.7524617910385132,0.8162826895713806,-0.24783387780189514,0.3005240261554718,0.8158507943153381,-0.3289254903793335,0.8528720140457153,1.2176029682159424,-0.2579262852668762,0.19699503481388092,1.2028918266296387,-0.28576764464378357,0.8380287289619446,1.5519416332244873,-0.5432611703872681,0.20574550330638885,1.5326322317123413,-0.5960927605628967,0.8682377934455872,1.6599513292312622,-0.6477502584457397,0.17356544733047485,1.6374869346618652,-0.6998787522315979,0.8112169504165649,1.6629207134246826,-0.7028612494468689,0.22443775832653046,1.6440471410751343,-0.7816035151481628,0.7906185984611511,1.6204745769500732,-0.5852574110031128,0.2467614710330963,1.6028608083724976,-0.6458783745765686,0.6595193147659302,1.5652563571929932,-0.03280874341726303,0.37875837087631226,1.5614477396011353,0.038018155843019485,0.6257158517837524,2.1696219444274902,0.029529482126235962,0.36605897545814514,2.1665725708007812,0.06680269539356232,0.6190528869628906,2.713635206222534,0.6145210862159729,0.36653444170951843,2.7015297412872314,0.46615976095199585,0.6227141618728638,2.8049206733703613,0.6474692821502686,0.3641854226589203,2.790175437927246,0.4918876588344574,0.582076907157898,2.878817081451416,0.17598570883274078,0.40261173248291016,2.8692052364349365,-0.039397019892930984,0.4389562380848667,0
2026-09-24T12:29:27.882460,S013,S013_A5_Y_20260924_1229,elevated_20,A5,young,class_0,0.52353435754776,0.4804229736328125,-0.7219301462173462,0.5444141030311584,0.41940417885780334,-0.6799808740615845,0.5605801343917847,0.4193922281265259,-0.6796309351921082,0.5727316737174988,0.42034146189689636,-0.6795768737792969,0.49498623609542847,0.4234161674976349,-0.6779288053512573,0.4777902066707611,0.4280080795288086,-0.6772391200065613,0.4616168141365051,0.4321237802505493,-0.6773921251296997,0.5908368825912476,0.44936373829841614,-0.4036925733089447,0.4450293481349945,0.4649919867515564,-0.3819679617881775,0.5549389719963074,0.5445045828819275,-0.6187819838523865,0.49132204055786133,0.5495966076850891,-0.6109480261802673,0.7541083693504333,0.8163073658943176,-0.24846741557121277,0.30053049325942993,0.8159368634223938,-0.33014389872550964,0.8517394065856934,1.2228838205337524,-0.2592301070690155,0.1972123682498932,1.204331874847412,-0.30032551288604736,0.8343061208724976,1.555966854095459,-0.5453794598579407,0.20696882903575897,1.5328552722930908,-0.6393710374832153,0.8637345433235168,1.66314697265625,-0.6541585326194763,0.1751556247472763,1.6377089023590088,-0.7465623617172241,0.8071163892745972,1.6641807556152344,-0.7066746950149536,0.22600439190864563,1.6438237428665161,-0.8289436101913452,0.786396324634552,1.6223331689834595,-0.5870572328567505,0.24853463470935822,1.6026835441589355,-0.6901026368141174,0.659798264503479,1.5668909549713135,-0.031875915825366974,0.37863796949386597,1.5637072324752808,0.037135280668735504,0.6256858706474304,2.172126293182373,0.0343293771147728,0.3661344051361084,2.1700901985168457,0.06950311362743378,0.6190010905265808,2.7156825065612793,0.6276155710220337,0.36657124757766724,2.70474910736084,0.4701894223690033,0.6226942539215088,2.807032823562622,0.6606386303901672,0.3641747534275055,2.7935309410095215,0.4957360327243805,0.5820729732513428,2.880870819091797,0.18994520604610443,0.4029434323310852,2.8731160163879395,-0.03607869893312454,0.43937868918994877,0
2026-09-24T12:29:28.086855,S013,S013_A5_Y_20260924_1229,elevated_20,A5,young,class_0,0.5249525904655457,0.48079484701156616,-0.7483794093132019,0.5451809167861938,0.4194691479206085,-0.7013686299324036,0.5611853003501892,0.4194291830062866,-0.7010908126831055,0.5730792284011841,0.4203583002090454,-0.7010983228683472,0.4959034025669098,0.4234614670276642,-0.702229917049408,0.4788258671760559,0.4280467629432678,-0.7014952898025513,0.46250057220458984,0.43219223618507385,-0.701581597328186,0.5908653140068054,0.4492852985858917,-0.4126991629600525,0.4454560875892639,0.46499741077423096,-0.3999970555305481,0.555976927280426,0.5450448393821716,-0.6414850950241089,0.49337857961654663,0.5500849485397339,-0.6369832754135132,0.7534129619598389,0.8154571652412415,-0.25720277428627014,0.3009597659111023,0.8161182999610901,-0.3532508313655853,0.8537747263908386,1.2166321277618408,-0.3074645698070526,0.20092995464801788,1.2351025342941284,-0.4143492579460144,0.8525978326797485,1.5475388765335083,-0.6576265096664429,0.20696298778057098,1.5505421161651611,-0.8967417478561401,0.8905245065689087,1.6556875705718994,-0.7773578763008118,0.17392317950725555,1.653886079788208,-1.0264685153961182,0.8288723826408386,1.6611822843551636,-0.8261491656303406,0.22555065155029297,1.6593518257141113,-1.1092774868011475,0.8047658205032349,1.619075059890747,-0.6999889016151428,0.2484244853258133,1.6167482137680054,-0.9518588185310364,0.6605491042137146,1.5666600465774536,-0.031682033091783524,0.378286212682724,1.5635422468185425,0.03703754022717476,0.6293010115623474,2.173015594482422,0.03646727651357651,0.36965247988700867,2.17155385017395,0.08982245624065399,0.6257702708244324,2.7173948287963867,0.651283323764801,0.36964136362075806,2.704803466796875,0.5165761709213257,0.6305752992630005,2.813629388809204,0.6843146085739136,0.36595332622528076,2.7936367988586426,0.5434063076972961,0.5905192494392395,2.8808796405792236,0.19609031081199646,0.40953174233436584,2.875366687774658,-0.00566307594999671,0.43966987672018315,0
2026-09-24T12:29:28.205709,S013,S013_A5_Y_20260924_1229,elevated_20,A5,young,class_0,0.5253197550773621,0.4809805452823639,-0.7528824806213379,0.545541524887085,0.41952309012413025,-0.7065283060073853,0.5615405440330505,0.4194760024547577,-0.7062514424324036,0.5733097791671753,0.42040032148361206,-0.7062522768974304,0.496270090341568,0.4234706461429596,-0.7054908275604248,0.4792400300502777,0.42805251479148865,-0.7047995328903198,0.4628322720527649,0.43219906091690063,-0.7049133777618408,0.59101802110672,0.4492792785167694,-0.42202290892601013,0.4457460045814514,0.46490684151649475,-0.40126633644104004,0.5563468337059021,0.5452631115913391,-0.6480357050895691,0.4939039349555969,0.5502442121505737,-0.6407983899116516,0.7533910274505615,0.8154855966567993,-0.2706870436668396,0.3005315661430359,0.8183463215827942,-0.35403069853782654,0.8553466796875,1.2166918516159058,-0.31867122650146484,0.20572522282600403,1.2426520586013794,-0.37632423639297485,0.8520644903182983,1.547672986984253,-0.6618022918701172,0.20853188633918762,1.5616400241851807,-0.782863974571228,0.8886661529541016,1.6562145948410034,-0.7844573259353638,0.17457030713558197,1.6663939952850342,-0.9013778567314148,0.8273035287857056,1.6616393327713013,-0.8317148089408875,0.22616028785705566,1.6728222370147705,-0.9869599342346191,0.8037725687026978,1.619338870048523,-0.70271897315979,0.24929280579090118,1.6297227144241333,-0.8366014361381531,0.6647477746009827,1.5667964220046997,-0.03201465681195259,0.3793680667877197,1.5643177032470703,0.03738413751125336,0.6369619965553284,2.1733651161193848,0.06816869974136353,0.3753824532032013,2.173553466796875,0.14539004862308502,0.6356415748596191,2.7182016372680664,0.754270076751709,0.3787928521633148,2.70634126663208,0.6402336359024048,0.6400991678237915,2.816182851791382,0.795456051826477,0.3746449947357178,2.796908140182495,0.6761829257011414,0.6051734685897827,2.881606340408325,0.31039267778396606,0.4230495095252991,2.878302574157715,0.13027796149253845,0.44065178775927605,0
2026-09-24T12:29:28.361921,S013,S013_A5_Y_20260924_1229,elevated_20,A5,young,class_0,0.5269373059272766,0.4810393452644348,-0.7518501281738281,0.5467493534088135,0.41950851678848267,-0.7045056223869324,0.5624783635139465,0.41943082213401794,-0.7042161226272583,0.5739238858222961,0.4203207790851593,-0.7041982412338257,0.49705392122268677,0.4234932065010071,-0.7034426927566528,0.4798293113708496,0.4281259775161743,-0.7027429938316345,0.4632430672645569,0.4323674738407135,-0.7028523683547974,0.5913141965866089,0.4490921199321747,-0.42179813981056213,0.4458977282047272,0.4649691879749298,-0.399445503950119,0.5577107667922974,0.5453747510910034,-0.6472948789596558,0.4947933554649353,0.5509494543075562,-0.6401616930961609,0.7544344663619995,0.8155253529548645,-0.2700449824333191,0.30207711458206177,0.8218936920166016,-0.3525944948196411,0.8555471301078796,1.220075011253357,-0.31469160318374634,0.21063406765460968,1.2664307355880737,-0.3812522292137146,0.8526309132575989,1.5539904832839966,-0.6450819969177246,0.20776736736297607,1.5784404277801514,-0.8293908834457397,0.8894599080085754,1.6625843048095703,-0.7627547979354858,0.17071962356567383,1.679890513420105,-0.9534584879875183,0.8282963037490845,1.6692087650299072,-0.8089658617973328,0.2215319126844406,1.6834145784378052,-1.039421796798706,0.8044391870498657,1.6276569366455078,-0.6854735612869263,0.24674341082572937,1.641744613647461,-0.8854061961174011,0.6681596040725708,1.567564606666565,-0.03206311911344528,0.37959378957748413,1.5659136772155762,0.03748490288853645,0.6408873200416565,2.180142879486084,0.06261736154556274,0.37712422013282776,2.1814181804656982,0.13600170612335205,0.641151487827301,2.7265214920043945,0.7265621423721313,0.3838631212711334,2.7122490406036377,0.601500391960144,0.6464407444000244,2.825711965560913,0.765329122543335,0.38002458214759827,2.8014726638793945,0.6337990164756775,0.6106274127960205,2.8867928981781006,0.3030673861503601,0.4307571053504944,2.8890767097473145,0.10692781209945679,0.4417505913584619,0
2026-09-24T12:29:28.495527,S013,S013_A5_Y_20260924_1229,elevated_20,A5,young,class_0,0.527363657951355,0.4814970791339874,-0.7699059247970581,0.5473421812057495,0.41949981451034546,-0.7203478813171387,0.5630347728729248,0.4193832576274872,-0.720147967338562,0.5743141770362854,0.42023298144340515,-0.7201975584030151,0.4974842965602875,0.4234994947910309,-0.7210243940353394,0.4802745282649994,0.42811599373817444,-0.7204059958457947,0.4635447561740875,0.43235769867897034,-0.7206012010574341,0.5916644930839539,0.44861820340156555,-0.42962756752967834,0.4459734559059143,0.46465542912483215,-0.4128807485103607,0.5581293702125549,0.5462736487388611,-0.662259042263031,0.49526247382164,0.5518456101417542,-0.6572064161300659,0.7550991773605347,0.8165632486343384,-0.2731083035469055,0.3022520840167999,0.8221797347068787,-0.37320396304130554,0.8572432398796082,1.222962498664856,-0.3227802515029907,0.21777252852916718,1.2719320058822632,-0.4322657585144043,0.8521780967712402,1.557944416999817,-0.6588594913482666,0.2124500721693039,1.5845026969909668,-0.9130614399909973,0.8882824778556824,1.6723510026931763,-0.7734435796737671,0.1746504008769989,1.6901308298110962,-1.0443665981292725,0.8280543088912964,1.6795909404754639,-0.8203468322753906,0.2262154072523117,1.6966853141784668,-1.1257960796356201,0.8039408922195435,1.634030818939209,-0.6988946795463562,0.2509668171405792,1.6518034934997559,-0.9673355221748352,0.6707099676132202,1.5739021301269531,-0.031210267916321754,0.3798513412475586,1.5725914239883423,0.03667040541768074,0.6460543274879456,2.1875174045562744,0.07102041691541672,0.3786656856536865,2.189183473587036,0.14035645127296448,0.6475054025650024,2.736611843109131,0.7388895750045776,0.3868822753429413,2.7194855213165283,0.6100059747695923,0.6531113386154175,2.840745687484741,0.7771175503730774,0.38304805755615234,2.812086582183838,0.6418867707252502,0.6164722442626953,2.8982436656951904,0.2913338541984558,0.4367171823978424,2.8991312980651855,0.10039141029119492,0.44110955836422916,0
2026-09-24T12:29:28.638224,S013,S013_A5_Y_20260924_1229,elevated_20,A5,young,class_0,0.5296851396560669,0.4822317063808441,-0.7504046559333801,0.549586832523346,0.41950690746307373,-0.6989763379096985,0.5647784471511841,0.41939401626586914,-0.6987471580505371,0.5758333802223206,0.4202482998371124,-0.6987616419792175,0.4991307854652405,0.42350760102272034,-0.7041869759559631,0.481783390045166,0.4281209707260132,-0.703542947769165,0.46479472517967224,0.43237078189849854,-0.7036707997322083,0.5933102369308472,0.44864025712013245,-0.40731358528137207,0.4462098479270935,0.46464335918426514,-0.4095327854156494,0.5600427389144897,0.548373281955719,-0.6415475606918335,0.4966203570365906,0.5540160536766052,-0.6430274248123169,0.7559278011322021,0.8156726360321045,-0.24851956963539124,0.302920401096344,0.8230392932891846,-0.3696129322052002,0.8564434051513672,1.2226051092147827,-0.26756274700164795,0.21960875391960144,1.2658270597457886,-0.38147175312042236,0.8455905914306641,1.5535128116607666,-0.5600444674491882,0.2189234048128128,1.5808390378952026,-0.7665737867355347,0.8793562054634094,1.665331482887268,-0.6675894260406494,0.18235400319099426,1.6866966485977173,-0.8839044570922852,0.818642795085907,1.6704031229019165,-0.715454638004303,0.23321053385734558,1.693237543106079,-0.9622710347175598,0.7962596416473389,1.625891089439392,-0.5996500849723816,0.25732916593551636,1.6493934392929077,-0.8175557851791382,0.6707231402397156,1.5684388875961304,-0.02867945097386837,0.3803010582923889,1.5688167810440063,0.034224458038806915,0.6451215744018555,2.1803107261657715,0.06996037811040878,0.37868428230285645,2.180457592010498,0.10711169242858887,0.6456990242004395,2.725876808166504,0.6927399635314941,0.38693422079086304,2.709535837173462,0.5198548436164856,0.6510797739028931,2.82574462890625,0.7265865206718445,0.38331741094589233,2.8007521629333496,0.5456621646881104,0.6141231060028076,2.8861780166625977,0.2544633746147156,0.43531233072280884,2.8835668563842773,0.01374808419495821,0.4406181942396016,0
2026-09-24T12:29:28.802288,S013,S013_A5_Y_20260924_1229,elevated_20,A5,young,class_0,0.5306382179260254,0.4825092554092407,-0.7388432025909424,0.55108642578125,0.4197072982788086,-0.6901482939720154,0.566026508808136,0.419659286737442,-0.6899061799049377,0.5769046545028687,0.42067450284957886,-0.6899166703224182,0.5003594756126404,0.4235885739326477,-0.6942130327224731,0.48306670784950256,0.42815476655960083,-0.6935452222824097,0.4660212993621826,0.4324203133583069,-0.6936670541763306,0.5951746702194214,0.4497971534729004,-0.40394169092178345,0.44661015272140503,0.46464571356773376,-0.40321654081344604,0.5606541633605957,0.5489767789840698,-0.6316008567810059,0.49687910079956055,0.5543646216392517,-0.6315149068832397,0.7561577558517456,0.8169994354248047,-0.24528023600578308,0.302922785282135,0.8238506317138672,-0.3664321303367615,0.8564352989196777,1.2228286266326904,-0.26998764276504517,0.21920767426490784,1.2623023986816406,-0.37046128511428833,0.842389702796936,1.5540599822998047,-0.5617778301239014,0.2185412347316742,1.5797996520996094,-0.763703465461731,0.8738464117050171,1.6662840843200684,-0.6727105379104614,0.1806682050228119,1.6844489574432373,-0.8793595433235168,0.8124370574951172,1.6704894304275513,-0.7233730554580688,0.23197276890277863,1.6905291080474854,-0.9574872255325317,0.7912920117378235,1.6258972883224487,-0.6003494262695312,0.25664204359054565,1.647335410118103,-0.8158427476882935,0.670627772808075,1.5688283443450928,-0.02829395793378353,0.38014304637908936,1.568785548210144,0.03385040536522865,0.6433176398277283,2.180305004119873,0.06888429820537567,0.3769259452819824,2.1804161071777344,0.10636822134256363,0.6427665948867798,2.7259538173675537,0.6904622912406921,0.3841544985771179,2.7094900608062744,0.5235202312469482,0.6471402049064636,2.8258678913116455,0.7244151830673218,0.3807041049003601,2.8007631301879883,0.5502310991287231,0.6128195524215698,2.8863017559051514,0.2517029047012329,0.4328119158744812,2.883542776107788,0.01615426316857338,0.44061984087249695,0
2026-09-24T12:29:28.943153,S013,S013_A5_Y_20260924_1229,elevated_20,A5,young,class_0,0.5310677289962769,0.48252013325691223,-0.7314256429672241,0.552208423614502,0.41971486806869507,-0.6858105063438416,0.566999077796936,0.419670045375824,-0.6855006814002991,0.5778388381004333,0.4207030236721039,-0.6855005025863647,0.5011430978775024,0.42357903718948364,-0.6866397857666016,0.48384684324264526,0.42806434631347656,-0.6859151124954224,0.46674537658691406,0.4323073625564575,-0.6860238909721375,0.597144365310669,0.4498482346534729,-0.4040864408016205,0.4469974637031555,0.4641783833503723,-0.39235538244247437,0.5610007643699646,0.5490414500236511,-0.6260191798210144,0.49709105491638184,0.55434650182724,-0.6218909621238708,0.7566594481468201,0.8172380328178406,-0.24629421532154083,0.302862286567688,0.8225539922714233,-0.3479972183704376,0.8608837127685547,1.2229634523391724,-0.2719023823738098,0.21924979984760284,1.2403618097305298,-0.3818149268627167,0.8414204716682434,1.554033637046814,-0.5606575608253479,0.21938076615333557,1.5537800788879395,-0.8631540536880493,0.8708964586257935,1.666130781173706,-0.6719199419021606,0.1818128377199173,1.6615935564041138,-0.9936955571174622,0.8077362775802612,1.668939232826233,-0.7199280858039856,0.2344946563243866,1.662596583366394,-1.0641855001449585,0.7879163026809692,1.6244566440582275,-0.5987935066223145,0.2592470943927765,1.6194977760314941,-0.9145665168762207,0.670402467250824,1.5690093040466309,-0.027751555666327477,0.37898004055023193,1.5682750940322876,0.03343423083424568,0.6418994069099426,2.1803276538848877,0.06832341849803925,0.3729364275932312,2.178107738494873,0.10557641834020615,0.6399986743927002,2.7246553897857666,0.6918336153030396,0.378630131483078,2.704909086227417,0.5260380506515503,0.6444043517112732,2.823352336883545,0.7262718677520752,0.374933660030365,2.7964298725128174,0.5531231164932251,0.606389045715332,2.8857531547546387,0.25065138936042786,0.4264968931674957,2.8776867389678955,0.01683718152344227,0.4411488166772277,0
2026-09-24T12:29:29.073076,S013,S013_A5_Y_20260924_1229,elevated_20,A5,young,class_0,0.5324759483337402,0.48244184255599976,-0.7314336895942688,0.5541461706161499,0.41955092549324036,-0.6854621767997742,0.5684187412261963,0.4195728302001953,-0.6851497888565063,0.5793331861495972,0.42065414786338806,-0.6851483583450317,0.5026578903198242,0.42336151003837585,-0.6862277984619141,0.48515400290489197,0.4277285635471344,-0.685509443283081,0.46782755851745605,0.43210116028785706,-0.6856154203414917,0.5986900925636292,0.4499126970767975,-0.4030131697654724,0.44738340377807617,0.4638574421405792,-0.3912230134010315,0.5618024468421936,0.5490443110466003,-0.6260937452316284,0.4979883134365082,0.5542688369750977,-0.6218852996826172,0.7567178010940552,0.8174872994422913,-0.2466922104358673,0.3028636574745178,0.8234335780143738,-0.3462682366371155,0.8627265691757202,1.2229363918304443,-0.27222567796707153,0.21987803280353546,1.2424179315567017,-0.37964025139808655,0.8415330052375793,1.55402672290802,-0.5628713369369507,0.21921572089195251,1.5557103157043457,-0.8418022394180298,0.8709452748298645,1.6661497354507446,-0.6759117245674133,0.18167772889137268,1.6629596948623657,-0.9687881469726562,0.8078182339668274,1.6687471866607666,-0.7202614545822144,0.23429663479328156,1.663954496383667,-1.0460178852081299,0.7879374623298645,1.624359130859375,-0.5992069244384766,0.25902560353279114,1.620824933052063,-0.8944132924079895,0.6710535287857056,1.5690909624099731,-0.027541812509298325,0.37936002016067505,1.5682512521743774,0.03324779123067856,0.6414907574653625,2.1810152530670166,0.06687329709529877,0.372859925031662,2.1782100200653076,0.10408785194158554,0.639411211013794,2.7255332469940186,0.6914295554161072,0.3785913586616516,2.7051784992218018,0.5261553525924683,0.6438035368919373,2.824448585510254,0.7255096435546875,0.3748334050178528,2.7964985370635986,0.5533003211021423,0.6058210730552673,2.8862409591674805,0.24882951378822327,0.4260626435279846,2.879091739654541,0.014526133425533772,0.4414841779132875,0
2026-09-24T12:29:29.192167,S013,S013_A5_Y_20260924_1229,elevated_20,A5,young,class_0,0.5351820588111877,0.48230838775634766,-0.7276049852371216,0.5563073754310608,0.4193933308124542,-0.6802049875259399,0.569786548614502,0.4194678068161011,-0.6798855066299438,0.5806774497032166,0.420573890209198,-0.6798481345176697,0.5047734379768372,0.4232524335384369,-0.6832684874534607,0.4869542121887207,0.4275793433189392,-0.6825467348098755,0.4695487916469574,0.43204984068870544,-0.6826494932174683,0.5992171764373779,0.4498603641986847,-0.39502954483032227,0.4478214383125305,0.4637130796909332,-0.3912213444709778,0.5635866522789001,0.5489607453346252,-0.6213817596435547,0.4999210834503174,0.5541986227035522,-0.6201038360595703,0.756853461265564,0.8178859949111938,-0.23844413459300995,0.30281370878219604,0.8234777450561523,-0.34606677293777466,0.8630407452583313,1.2188361883163452,-0.2632008194923401,0.21962377429008484,1.240052580833435,-0.37932389974594116,0.8416606783866882,1.5505748987197876,-0.5632287263870239,0.21892504394054413,1.5556808710098267,-0.8333746790885925,0.8709845542907715,1.662477970123291,-0.6754587888717651,0.18084587156772614,1.662935733795166,-0.9598762392997742,0.808179497718811,1.6634787321090698,-0.7220613360404968,0.23336394131183624,1.6639996767044067,-1.034163236618042,0.7882317900657654,1.6200891733169556,-0.60141921043396,0.2585660517215729,1.6208794116973877,-0.8852799534797668,0.6709603071212769,1.5685153007507324,-0.02549920603632927,0.37930500507354736,1.5678324699401855,0.0312119722366333,0.6410430669784546,2.179255247116089,0.06557334214448929,0.37237024307250977,2.1764183044433594,0.08940358459949493,0.6381617784500122,2.723093271255493,0.6822290420532227,0.37728431820869446,2.7034120559692383,0.5057274103164673,0.641903817653656,2.8211350440979004,0.7150967717170715,0.3736148774623871,2.7946391105651855,0.5317546725273132,0.6054639220237732,2.8841094970703125,0.2408589869737625,0.4247418940067291,2.8759729862213135,-0.0037068729288876057,0.4419954998977918,0
2026-09-24T12:29:29.318771,S013,S013_A5_Y_20260924_1229,elevated_20,A5,young,class_0,0.5360602736473083,0.48230114579200745,-0.7311418056488037,0.5571005940437317,0.41937723755836487,-0.6825177669525146,0.5704097151756287,0.41945794224739075,-0.682215690612793,0.5812989473342896,0.4205675721168518,-0.6821845173835754,0.5054919719696045,0.42323702573776245,-0.6867545247077942,0.48764723539352417,0.42753520607948303,-0.6860491037368774,0.47033199667930603,0.43203288316726685,-0.6861756443977356,0.5995559692382812,0.4498458206653595,-0.3955324590206146,0.44816502928733826,0.4636220633983612,-0.3968904912471771,0.5641360282897949,0.5489651560783386,-0.6240063309669495,0.5006817579269409,0.5541880130767822,-0.6244300603866577,0.7569432854652405,0.8187717199325562,-0.23886892199516296,0.30286940932273865,0.8244898319244385,-0.3529164791107178,0.8635532259941101,1.2185570001602173,-0.264968603849411,0.21942797303199768,1.243435263633728,-0.3763044476509094,0.8445464372634888,1.55057954788208,-0.5655721426010132,0.21880881488323212,1.5626970529556274,-0.8251579999923706,0.8751355409622192,1.6624586582183838,-0.6783300638198853,0.18078668415546417,1.669905424118042,-0.9492475390434265,0.812517523765564,1.6636221408843994,-0.7234178781509399,0.23323902487754822,1.6728005409240723,-1.0247665643692017,0.7918094992637634,1.6202949285507202,-0.6028144359588623,0.25838810205459595,1.6289446353912354,-0.8780385851860046,0.6708859205245972,1.5694373846054077,-0.023855097591876984,0.3792908787727356,1.5689855813980103,0.029574107378721237,0.6407849192619324,2.1802380084991455,0.06443212181329727,0.37227779626846313,2.17744779586792,0.0797576755285263,0.6378149390220642,2.725072145462036,0.6690245866775513,0.3772144615650177,2.704888105392456,0.4889567494392395,0.6415936350822449,2.8232719898223877,0.700770378112793,0.3735537827014923,2.796067714691162,0.5139287114143372,0.6053458452224731,2.886124849319458,0.22250883281230927,0.42465710639953613,2.877370595932007,-0.02395697496831417,0.4416348837377854,0
2026-09-24T12:29:29.443919,S013,S013_A5_Y_20260924_1229,elevated_20,A5,young,class_0,0.5366265177726746,0.4822012186050415,-0.7525453567504883,0.5576476454734802,0.4192952513694763,-0.7026670575141907,0.5709226131439209,0.4194144606590271,-0.7023873925209045,0.5819677114486694,0.4205423593521118,-0.7023959755897522,0.5057615041732788,0.4231560528278351,-0.7044483423233032,0.48785844445228577,0.42745599150657654,-0.703783392906189,0.4705163538455963,0.43201491236686707,-0.7038890719413757,0.6003450751304626,0.4498792886734009,-0.41266006231307983,0.44833630323410034,0.46361562609672546,-0.40449246764183044,0.5648417472839355,0.5489678978919983,-0.6462281942367554,0.5011834502220154,0.5541841387748718,-0.6430693864822388,0.7571685314178467,0.8185938000679016,-0.2518117427825928,0.3069297969341278,0.8238774538040161,-0.3567012846469879,0.8635509610176086,1.218680500984192,-0.2851944863796234,0.2192392349243164,1.2590256929397583,-0.41034650802612305,0.8453633189201355,1.5497074127197266,-0.6030941009521484,0.21455390751361847,1.564486026763916,-0.9013200998306274,0.8763211369514465,1.6615071296691895,-0.7179545760154724,0.17532463371753693,1.6698118448257446,-1.0326036214828491,0.8132668733596802,1.6633542776107788,-0.7631565928459167,0.2279607504606247,1.6727688312530518,-1.111996054649353,0.7924481630325317,1.6197960376739502,-0.6418220400810242,0.2534273862838745,1.6288810968399048,-0.9550310969352722,0.6705932021141052,1.5684869289398193,-0.02376086451113224,0.3792373836040497,1.5672632455825806,0.029465820640325546,0.6405415534973145,2.180229902267456,0.046282436698675156,0.37326791882514954,2.1775612831115723,0.0776343122124672,0.6376181244850159,2.7266554832458496,0.6301697492599487,0.37716424465179443,2.7077717781066895,0.4676121771335602,0.6413732767105103,2.825488567352295,0.6589208841323853,0.3734230101108551,2.7990713119506836,0.48940762877464294,0.6032921075820923,2.8874690532684326,0.16842302680015564,0.42445459961891174,2.8833374977111816,-0.06046674773097038,0.4417715329181275,0
2026-09-24T12:29:29.681794,S013,S013_A5_Y_20260924_1229,elevated_20,A5,young,class_0,0.5362111330032349,0.48337915539741516,-0.7510024309158325,0.5572978258132935,0.4198165833950043,-0.7024151682853699,0.5708310604095459,0.41976693272590637,-0.7021452188491821,0.5818469524383545,0.4208124279975891,-0.7021653652191162,0.5053904056549072,0.42391109466552734,-0.7038014531135559,0.4874984323978424,0.42825862765312195,-0.7031515836715698,0.4702346920967102,0.4327283799648285,-0.7032688856124878,0.6002930998802185,0.4498949944972992,-0.4139562249183655,0.4483725130558014,0.4640357792377472,-0.4040817618370056,0.5648312568664551,0.5498660802841187,-0.6448439359664917,0.5011247992515564,0.555336594581604,-0.6414337158203125,0.7571656703948975,0.8177115321159363,-0.25420933961868286,0.3076448440551758,0.8231021165847778,-0.3551223576068878,0.8634181022644043,1.2184193134307861,-0.29244107007980347,0.2206558883190155,1.2579814195632935,-0.4123764932155609,0.8452482223510742,1.548725962638855,-0.6036586165428162,0.21505782008171082,1.5644274950027466,-0.8927590250968933,0.8758264780044556,1.6607862710952759,-0.7173710465431213,0.17573192715644836,1.6697471141815186,-1.0227746963500977,0.8132322430610657,1.6627322435379028,-0.7643058896064758,0.22823098301887512,1.672691822052002,-1.1010286808013916,0.7924734354019165,1.6190428733825684,-0.6427403688430786,0.2537466883659363,1.6288329362869263,-0.9458993673324585,0.6705552339553833,1.5670291185379028,-0.023501621559262276,0.3796486556529999,1.566645860671997,0.02911582589149475,0.6420487761497498,2.1777493953704834,0.05722494795918465,0.37764492630958557,2.176976442337036,0.07902634143829346,0.6398260593414307,2.7238399982452393,0.6377846598625183,0.3830001652240753,2.707822561264038,0.47864317893981934,0.6442529559135437,2.820857286453247,0.6668399572372437,0.37940454483032227,2.799328088760376,0.5023632645606995,0.6042917966842651,2.8868744373321533,0.1870962381362915,0.4288116991519928,2.8830809593200684,-0.04637943208217621,0.4414683201135824,0
2026-09-24T12:29:29.858389,S013,S013_A5_Y_20260924_1229,elevated_20,A5,young,class_0,0.535525918006897,0.48363620042800903,-0.8222106099128723,0.5566389560699463,0.4202316701412201,-0.7725405097007751,0.5705105066299438,0.42012518644332886,-0.7722751498222351,0.5815154910087585,0.42115652561187744,-0.7722370624542236,0.5051857233047485,0.4243285059928894,-0.772849977016449,0.4873875081539154,0.42870017886161804,-0.772174060344696,0.47020068764686584,0.4331399202346802,-0.7722890377044678,0.6000692248344421,0.45019301772117615,-0.4631594717502594,0.4484894871711731,0.4642317593097687,-0.4459358751773834,0.5643925666809082,0.5498734712600708,-0.7086904048919678,0.5008071064949036,0.5553734302520752,-0.7030178308486938,0.7570282220840454,0.8168200850486755,-0.29085585474967957,0.3095860481262207,0.8203979730606079,-0.38257652521133423,0.8613218069076538,1.217938780784607,-0.35090887546539307,0.22057759761810303,1.259518027305603,-0.4945302903652191,0.8452348709106445,1.5436419248580933,-0.7197203636169434,0.2150353491306305,1.5664571523666382,-1.0700887441635132,0.8759401440620422,1.655475378036499,-0.8458079099655151,0.17573808133602142,1.6729748249053955,-1.2188751697540283,0.8134627342224121,1.6586496829986572,-0.8949462175369263,0.22883975505828857,1.673749327659607,-1.298668384552002,0.7925466895103455,1.61524498462677,-0.76216721534729,0.2542641758918762,1.6297461986541748,-1.1246192455291748,0.6705125570297241,1.5657474994659424,-0.025755953043699265,0.37951329350471497,1.564481258392334,0.031302206218242645,0.6423428654670715,2.176668643951416,0.0646655410528183,0.3784330487251282,2.176541328430176,0.1404210776090622,0.6406468152999878,2.7225072383880615,0.7074540257453918,0.38358622789382935,2.706770420074463,0.6340051889419556,0.6458758115768433,2.8194804191589355,0.7418322563171387,0.3797474205493927,2.797621011734009,0.6674855947494507,0.6041582822799683,2.8856120109558105,0.2211923599243164,0.4285487234592438,2.8825204372406006,0.08637393265962601,0.4427695309632947,0
2026-09-24T12:29:29.971944,S013,S013_A5_Y_20260924_1229,elevated_20,A5,young,class_0,0.5352833271026611,0.48159757256507874,-0.8047157526016235,0.5563505291938782,0.41913196444511414,-0.7556635141372681,0.5703762173652649,0.4190300405025482,-0.7553766965866089,0.5813947319984436,0.41991522908210754,-0.7553696036338806,0.5049110054969788,0.4233786165714264,-0.7564681768417358,0.4871339797973633,0.42777353525161743,-0.7557957768440247,0.469902902841568,0.43235015869140625,-0.7559026479721069,0.599311113357544,0.4479958117008209,-0.4544179439544678,0.44847193360328674,0.46338120102882385,-0.43933218717575073,0.5643793344497681,0.5470382571220398,-0.6941438317298889,0.5007249116897583,0.5527384877204895,-0.6892480850219727,0.7568510174751282,0.8152225017547607,-0.28693515062332153,0.310115784406662,0.8141955137252808,-0.3785039782524109,0.8613085746765137,1.2181965112686157,-0.33682310581207275,0.21268737316131592,1.2612332105636597,-0.465311199426651,0.8491762280464172,1.5442994832992554,-0.6812926530838013,0.21100322902202606,1.5642743110656738,-0.9897531270980835,0.8822056651115417,1.6559091806411743,-0.8011674880981445,0.17413142323493958,1.6679728031158447,-1.1258394718170166,0.8193427920341492,1.6595642566680908,-0.8494549989700317,0.22732603549957275,1.6628576517105103,-1.2031757831573486,0.7972369194030762,1.616403579711914,-0.7225270867347717,0.2519489526748657,1.6212184429168701,-1.0420246124267578,0.6697768568992615,1.5657228231430054,-0.02628263831138611,0.3783470392227173,1.5643564462661743,0.03184124082326889,0.6424318552017212,2.178022861480713,0.06040070205926895,0.37885087728500366,2.1780052185058594,0.13505065441131592,0.6408711671829224,2.7255256175994873,0.7064743638038635,0.38340309262275696,2.7094082832336426,0.6129488348960876,0.6467821598052979,2.8230464458465576,0.7396987676620483,0.3796706795692444,2.800191640853882,0.644113302230835,0.604098916053772,2.889277935028076,0.216579407453537,0.4283452033996582,2.887807607650757,0.06507200747728348,0.44323374056150233,0
2026-09-24T12:29:30.089791,S013,S013_A5_Y_20260924_1229,elevated_20,A5,young,class_0,0.535112738609314,0.47946104407310486,-0.8000842928886414,0.5560599565505981,0.4175543487071991,-0.7499550580978394,0.570233941078186,0.4174162745475769,-0.7495905160903931,0.5812961459159851,0.41812369227409363,-0.7495854496955872,0.5046593546867371,0.42208215594291687,-0.7493396997451782,0.48690181970596313,0.4264930486679077,-0.7486149668693542,0.469648540019989,0.43123942613601685,-0.748613178730011,0.5988767147064209,0.4456726312637329,-0.45176321268081665,0.4484589695930481,0.4623022675514221,-0.43084806203842163,0.5643712282180786,0.5439520478248596,-0.6927441358566284,0.5006980299949646,0.5499815344810486,-0.685377299785614,0.7566092014312744,0.8139471411705017,-0.28639519214630127,0.31034132838249207,0.8098751306533813,-0.3763023316860199,0.8612769842147827,1.219020962715149,-0.3268273174762726,0.21259573101997375,1.2612240314483643,-0.4489932954311371,0.8507386445999146,1.5446501970291138,-0.6527291536331177,0.21098557114601135,1.5648040771484375,-0.9481643438339233,0.8851052522659302,1.6559908390045166,-0.7700082063674927,0.1741313636302948,1.6684421300888062,-1.0795634984970093,0.8216932415962219,1.659843921661377,-0.8166416883468628,0.22732774913311005,1.6636536121368408,-1.1585938930511475,0.7990297079086304,1.6166845560073853,-0.6933732032775879,0.25193917751312256,1.6218664646148682,-1.0011074542999268,0.6692553162574768,1.5657213926315308,-0.02627399191260338,0.3773213028907776,1.5642662048339844,0.03184445947408676,0.6423903107643127,2.1791396141052246,0.03484025225043297,0.3790800869464874,2.179328441619873,0.1364433914422989,0.6407241821289062,2.7284860610961914,0.6477900743484497,0.38266462087631226,2.712632179260254,0.5992201566696167,0.6467235088348389,2.827859401702881,0.6777262687683105,0.3779173493385315,2.804314374923706,0.628978967666626,0.6036367416381836,2.89213490486145,0.16593705117702484,0.42656317353248596,2.8933215141296387,0.06421590596437454,0.44302466335418766,0
2026-09-24T12:29:30.376066,S013,S013_A5_Y_20260924_1229,elevated_20,A5,young,class_0,0.5327224731445312,0.4808679223060608,-0.7515496015548706,0.553787112236023,0.4186680018901825,-0.7102035284042358,0.5687039494514465,0.41842323541641235,-0.7097519636154175,0.5800870656967163,0.4190896451473236,-0.7096961736679077,0.5031865239143372,0.4231259226799011,-0.7052517533302307,0.4857816696166992,0.4275222718715668,-0.7045197486877441,0.46884098649024963,0.43209296464920044,-0.7045453786849976,0.5980057120323181,0.4464758336544037,-0.4363830089569092,0.4484451711177826,0.462956964969635,-0.39730653166770935,0.5626206994056702,0.5449886322021484,-0.649983823299408,0.49946776032447815,0.551037609577179,-0.6374876499176025,0.7566762566566467,0.814613938331604,-0.2817893624305725,0.30843332409858704,0.8121479749679565,-0.34459808468818665,0.8579241037368774,1.2291845083236694,-0.293878972530365,0.21416783332824707,1.2540570497512817,-0.36177465319633484,0.8320479393005371,1.559936285018921,-0.5641311407089233,0.21464459598064423,1.5648101568222046,-0.7822774052619934,0.8593689203262329,1.6710420846939087,-0.6769877076148987,0.17821064591407776,1.6690610647201538,-0.9012821316719055,0.798187255859375,1.6713306903839111,-0.7222176194190979,0.23054489493370056,1.6662012338638306,-0.9830821752548218,0.7786357402801514,1.6283303499221802,-0.6016953587532043,0.25531429052352905,1.6240522861480713,-0.835614025592804,0.6655586957931519,1.5681389570236206,-0.0271579809486866,0.37548893690109253,1.5654925107955933,0.03272471949458122,0.636719286441803,2.1797306537628174,0.06023792177438736,0.3754134774208069,2.179553270339966,0.1356201469898224,0.631761908531189,2.7277348041534424,0.71357262134552,0.3782966434955597,2.7128639221191406,0.5963401794433594,0.6366864442825317,2.8241968154907227,0.752421498298645,0.37413400411605835,2.8046417236328125,0.6283266544342041,0.5948032736778259,2.892089366912842,0.27680733799934387,0.4184321463108063,2.892301082611084,0.08345387876033783,0.44354469581212747,0
2026-09-24T12:29:30.784518,S013,S013_A5_Y_20260924_1229,elevated_20,A5,young,class_0,0.530534029006958,0.4814312756061554,-0.7518580555915833,0.5521514415740967,0.4190419316291809,-0.7112299799919128,0.5676387548446655,0.4188050627708435,-0.7108098268508911,0.5792585611343384,0.41950348019599915,-0.7107688784599304,0.5019040107727051,0.4234229624271393,-0.7053831815719604,0.484531968832016,0.42783477902412415,-0.7046552896499634,0.4678923189640045,0.43230119347572327,-0.7046866416931152,0.597525417804718,0.4468604624271393,-0.4391964077949524,0.448414146900177,0.4631185829639435,-0.39400774240493774,0.5613135099411011,0.5455528497695923,-0.6512120962142944,0.4982373118400574,0.5517199635505676,-0.6377997398376465,0.7569273710250854,0.815909206867218,-0.29373008012771606,0.30973371863365173,0.8140665888786316,-0.33710506558418274,0.8578392267227173,1.2285484075546265,-0.3474816679954529,0.22400005161762238,1.247143268585205,-0.40932345390319824,0.8324645757675171,1.5562301874160767,-0.6548541784286499,0.21502351760864258,1.5544660091400146,-0.9684059023857117,0.8603849411010742,1.669136881828308,-0.7744108438491821,0.17768992483615875,1.6598230600357056,-1.1079437732696533,0.798443615436554,1.6697031259536743,-0.8201619982719421,0.23025362193584442,1.6611353158950806,-1.18932044506073,0.7789658308029175,1.6253842115402222,-0.6925386190414429,0.25529879331588745,1.6182701587677002,-1.025296926498413,0.6662112474441528,1.5683815479278564,-0.030403709039092064,0.3773919343948364,1.5652287006378174,0.035872526466846466,0.6373363137245178,2.178898811340332,0.07176388800144196,0.37651994824409485,2.1769349575042725,0.14934006333351135,0.6323633790016174,2.724323272705078,0.7261489629745483,0.37868595123291016,2.7085580825805664,0.6185153722763062,0.6374672651290894,2.8213534355163574,0.7641949653625488,0.37443113327026367,2.801130533218384,0.6506288051605225,0.5949016809463501,2.88832688331604,0.279634565114975,0.4187780022621155,2.884734630584717,0.10640807449817657,0.4439047694342703,0
2026-09-24T12:29:30.905707,S013,S013_A5_Y_20260924_1229,elevated_20,A5,young,class_0,0.5296530723571777,0.4816302955150604,-0.7542964816093445,0.551587700843811,0.4192885458469391,-0.7147141098976135,0.5673850178718567,0.4190900921821594,-0.7143000960350037,0.5790444016456604,0.41987428069114685,-0.7142478227615356,0.5012416839599609,0.4235633909702301,-0.7082223892211914,0.48378291726112366,0.4280119240283966,-0.7075309157371521,0.4672464430332184,0.4324210286140442,-0.7075861692428589,0.5975257158279419,0.4478299021720886,-0.4427644610404968,0.44837650656700134,0.46328622102737427,-0.3963143825531006,0.5608434081077576,0.5458475351333618,-0.6532729864120483,0.49746131896972656,0.5519571304321289,-0.6391571760177612,0.757370114326477,0.8165132999420166,-0.2968860864639282,0.3093409836292267,0.8143244385719299,-0.3379461169242859,0.8575273752212524,1.229056715965271,-0.33809903264045715,0.2229768931865692,1.2275245189666748,-0.39708441495895386,0.8315832018852234,1.55833899974823,-0.639357328414917,0.21794065833091736,1.5451494455337524,-0.8674513697624207,0.8594622611999512,1.6708958148956299,-0.7635613679885864,0.18217672407627106,1.6528445482254028,-0.995234489440918,0.7981241941452026,1.6713579893112183,-0.8098962903022766,0.235280841588974,1.6557615995407104,-1.0780402421951294,0.7787477374076843,1.6271001100540161,-0.6768919825553894,0.25926363468170166,1.612637996673584,-0.9230279922485352,0.6662093997001648,1.5701521635055542,-0.03234422951936722,0.37742379307746887,1.5661251544952393,0.03777022287249565,0.6364572048187256,2.179173707962036,0.10820324718952179,0.37408095598220825,2.1772751808166504,0.17875836789608002,0.629737377166748,2.724195957183838,0.8062500953674316,0.37589484453201294,2.709461212158203,0.6928676962852478,0.634091854095459,2.8209164142608643,0.8501612544059753,0.3724302351474762,2.803471088409424,0.7311305999755859,0.5919801592826843,2.8887784481048584,0.3700482249259949,0.4133117198944092,2.8846116065979004,0.18928669393062592,0.44414725465392646,0
2026-09-24T12:29:31.028682,S013,S013_A5_Y_20260924_1229,elevated_20,A5,young,class_0,0.5290589332580566,0.48166340589523315,-0.7647340297698975,0.5509177446365356,0.41939783096313477,-0.7264256477355957,0.5669424533843994,0.41924288868904114,-0.7260408401489258,0.5787020921707153,0.4201003611087799,-0.7259871363639832,0.5008165240287781,0.4236108064651489,-0.7180874347686768,0.4834361672401428,0.4280845522880554,-0.7174100875854492,0.4669029712677002,0.43248531222343445,-0.7174980044364929,0.5973976254463196,0.44852495193481445,-0.4540925920009613,0.4483201503753662,0.46358421444892883,-0.39976197481155396,0.5604442358016968,0.5460423827171326,-0.6625351309776306,0.49700599908828735,0.5520302653312683,-0.6459400653839111,0.7573598027229309,0.8168866634368896,-0.30882710218429565,0.3084859549999237,0.8144080638885498,-0.3387008309364319,0.8574799299240112,1.228920578956604,-0.34684035181999207,0.2179676592350006,1.213765025138855,-0.38288429379463196,0.8320150375366211,1.5584423542022705,-0.6416648030281067,0.21778953075408936,1.5370879173278809,-0.8206556439399719,0.8602131009101868,1.6706877946853638,-0.7649194002151489,0.18205460906028748,1.645248532295227,-0.9463943243026733,0.7989030480384827,1.6715350151062012,-0.8113799095153809,0.23525579273700714,1.6499199867248535,-1.027764081954956,0.7794013023376465,1.6274034976959229,-0.6800727248191833,0.25915342569351196,1.607283353805542,-0.874963104724884,0.6662182807922363,1.570764422416687,-0.04007187858223915,0.3779582381248474,1.566340684890747,0.045422494411468506,0.6364587545394897,2.1792664527893066,0.11006039381027222,0.37389129400253296,2.1776626110076904,0.19761696457862854,0.6297825574874878,2.724015235900879,0.8150545358657837,0.3767123520374298,2.710516929626465,0.7232440114021301,0.6341578364372253,2.8202121257781982,0.859414279460907,0.37421539425849915,2.8054301738739014,0.762911856174469,0.5920341610908508,2.8890016078948975,0.3722172975540161,0.4134872853755951,2.884504795074463,0.21613159775733948,0.4442735077334074,0
2026-09-24T12:29:31.142841,S013,S013_A5_Y_20260924_1229,elevated_20,A5,young,class_0,0.5286046266555786,0.48169049620628357,-0.769239068031311,0.5504106283187866,0.4194808006286621,-0.7310458421707153,0.5665954351425171,0.4193591773509979,-0.7306751608848572,0.5784305930137634,0.4202704131603241,-0.7306245565414429,0.5004869103431702,0.42364659905433655,-0.7223285436630249,0.4831675887107849,0.4281386435031891,-0.7216562032699585,0.4666388928890228,0.43253234028816223,-0.7217584848403931,0.5972850918769836,0.4490358531475067,-0.4581746459007263,0.4482804238796234,0.46379974484443665,-0.4015226364135742,0.5601335763931274,0.5462026596069336,-0.6664820313453674,0.4966502785682678,0.5520886182785034,-0.6491830348968506,0.7573578953742981,0.8172549605369568,-0.312777042388916,0.3078683316707611,0.8144825100898743,-0.3390916883945465,0.8574336767196655,1.2287652492523193,-0.3492819666862488,0.2149214744567871,1.20817232131958,-0.3759859800338745,0.8322869539260864,1.558631181716919,-0.641856849193573,0.217619851231575,1.533073902130127,-0.8075494766235352,0.8606716394424438,1.6706148386001587,-0.7644636034965515,0.18196772038936615,1.641294240951538,-0.9329565763473511,0.7994135022163391,1.6717588901519775,-0.8109831809997559,0.23520293831825256,1.6466491222381592,-1.013951063156128,0.7798625826835632,1.6277186870574951,-0.6806215643882751,0.25906699895858765,1.604254126548767,-0.861538290977478,0.6662181615829468,1.5712745189666748,-0.0439625158905983,0.37828728556632996,1.56651771068573,0.04929504171013832,0.6364451050758362,2.1793746948242188,0.10979924350976944,0.3736947774887085,2.1779673099517822,0.2012633979320526,0.6298542618751526,2.723904848098755,0.8146964907646179,0.3771461844444275,2.7112843990325928,0.7256441116333008,0.6342474222183228,2.8197357654571533,0.8589347004890442,0.37517112493515015,2.8067336082458496,0.7651822566986084,0.5919885039329529,2.8892178535461426,0.3705921471118927,0.41354861855506897,2.8844172954559326,0.2178783416748047,0.44436531518215017,0
2026-09-24T12:29:31.263409,S013,S013_A5_Y_20260924_1229,elevated_20,A5,young,class_0,0.5281341671943665,0.4820193648338318,-0.740296483039856,0.5500566959381104,0.41991227865219116,-0.7029627561569214,0.5663520097732544,0.41974112391471863,-0.7025418877601624,0.5782734155654907,0.42065009474754333,-0.7024842500686646,0.5001205205917358,0.4240628480911255,-0.6971501708030701,0.48289862275123596,0.42851266264915466,-0.6964787840843201,0.46641284227371216,0.4328291714191437,-0.6965743899345398,0.5972541570663452,0.4493412673473358,-0.437187135219574,0.4482767581939697,0.464091032743454,-0.3919391632080078,0.5596808195114136,0.5465584993362427,-0.6386741995811462,0.4961419105529785,0.5524453520774841,-0.625550389289856,0.757710337638855,0.8174512386322021,-0.28003817796707153,0.3076718747615814,0.8144760131835938,-0.33173754811286926,0.8573185801506042,1.22919762134552,-0.2754431366920471,0.2084473818540573,1.1989609003067017,-0.31948795914649963,0.8318132162094116,1.5600450038909912,-0.5291744470596313,0.2174157351255417,1.5285165309906006,-0.6718475818634033,0.8593722581863403,1.6707749366760254,-0.6370543241500854,0.18215833604335785,1.6369450092315674,-0.7801486253738403,0.7995033860206604,1.6716572046279907,-0.6851046085357666,0.23532411456108093,1.6412853002548218,-0.856959342956543,0.7799912691116333,1.6278033256530762,-0.5674543380737305,0.25900936126708984,1.599273443222046,-0.7209433317184448,0.6635739803314209,1.5717192888259888,-0.04205603525042534,0.37704676389694214,1.5666983127593994,0.04728436470031738,0.631090521812439,2.1793835163116455,0.09594884514808655,0.3702852129936218,2.17775297164917,0.1525498926639557,0.6234708428382874,2.723327398300171,0.7534696459770203,0.37188780307769775,2.7112696170806885,0.6175521016120911,0.6270737051963806,2.8169500827789307,0.7942079305648804,0.36980512738227844,2.8063910007476807,0.6513855457305908,0.5862990617752075,2.8891308307647705,0.33314019441604614,0.4066295623779297,2.882289171218872,0.12018287181854248,0.4443792406020128,0
2026-09-24T12:29:31.396060,S013,S013_A5_Y_20260924_1229,elevated_20,A5,young,class_0,0.5282295942306519,0.48203954100608826,-0.7312624454498291,0.5500516891479492,0.4199322462081909,-0.691390335559845,0.56634122133255,0.4197635054588318,-0.6910127401351929,0.5782610774040222,0.4206787049770355,-0.6909807920455933,0.5001477003097534,0.4240759611129761,-0.6877036094665527,0.48294591903686523,0.42853328585624695,-0.6870536804199219,0.4664335250854492,0.43284931778907776,-0.6871603727340698,0.5972434878349304,0.44942715764045715,-0.42403286695480347,0.4483107626438141,0.4641039967536926,-0.3884381651878357,0.5597195625305176,0.5465822219848633,-0.6295018792152405,0.496197372674942,0.5524746179580688,-0.6190457940101624,0.757411777973175,0.8174647092819214,-0.2664659917354584,0.3067801892757416,0.8146713972091675,-0.3324207365512848,0.8573602437973022,1.2262840270996094,-0.2748280167579651,0.20728826522827148,1.2015177011489868,-0.3223962187767029,0.8363916277885437,1.5553771257400513,-0.5546709895133972,0.21730060875415802,1.5286935567855835,-0.6945048570632935,0.8673068284988403,1.6637600660324097,-0.6665819883346558,0.18208500742912292,1.6363155841827393,-0.80931556224823,0.8080435991287231,1.664988398551941,-0.7131673097610474,0.23528185486793518,1.6413154602050781,-0.8892730474472046,0.7869333624839783,1.6223032474517822,-0.5928264856338501,0.2588416039943695,1.5992844104766846,-0.7459031343460083,0.664007306098938,1.5718003511428833,-0.04090714827179909,0.3771211802959442,1.5668444633483887,0.04618735983967781,0.6317378282546997,2.1797289848327637,0.0961863249540329,0.37071484327316284,2.178438663482666,0.15423546731472015,0.6254923343658447,2.7236738204956055,0.7700951099395752,0.3728378415107727,2.7122740745544434,0.635064959526062,0.6286303997039795,2.8179094791412354,0.8122122883796692,0.3706408441066742,2.8072073459625244,0.6706501245498657,0.59172523021698,2.8891713619232178,0.3415774703025818,0.40911975502967834,2.8828611373901367,0.136018306016922,0.44452382411069186,0
2026-09-24T12:29:31.568196,S013,S013_A5_Y_20260924_1229,elevated_20,A5,young,class_0,0.5278578400611877,0.4826737642288208,-0.7194914817810059,0.5498945713043213,0.42046916484832764,-0.6822599172592163,0.5662316083908081,0.4203512370586395,-0.6818549036979675,0.5782036781311035,0.42131099104881287,-0.6818488836288452,0.5000972151756287,0.4244033992290497,-0.6755636930465698,0.4829379618167877,0.4287412762641907,-0.6748484969139099,0.46643954515457153,0.432946115732193,-0.6749564409255981,0.5973206758499146,0.4501122236251831,-0.42160409688949585,0.448490709066391,0.4641227722167969,-0.3744223117828369,0.5592967867851257,0.5468197464942932,-0.6203002333641052,0.4959736466407776,0.5526191592216492,-0.605907142162323,0.7579382061958313,0.8174423575401306,-0.26677897572517395,0.3067697584629059,0.8145043253898621,-0.31742149591445923,0.8573830723762512,1.2262425422668457,-0.2749442160129547,0.20645153522491455,1.1978307962417603,-0.31363508105278015,0.83623868227005,1.5553704500198364,-0.5366317629814148,0.21573734283447266,1.5189348459243774,-0.703027069568634,0.8671270608901978,1.6637301445007324,-0.6457849740982056,0.18062441051006317,1.6250113248825073,-0.818699061870575,0.8076639175415039,1.6648350954055786,-0.6914117336273193,0.23384082317352295,1.628886103630066,-0.8970068097114563,0.7865897417068481,1.6222485303878784,-0.5742367506027222,0.2573454678058624,1.5880833864212036,-0.7547470331192017,0.6638261079788208,1.5712045431137085,-0.040617045015096664,0.3768862187862396,1.5642368793487549,0.04593058302998543,0.6304134726524353,2.1789603233337402,0.09063814580440521,0.3677845597267151,2.1738545894622803,0.15033981204032898,0.623165488243103,2.7210237979888916,0.7544679045677185,0.3695386052131653,2.706495761871338,0.6222448945045471,0.6265209913253784,2.814350128173828,0.7953771352767944,0.3673659861087799,2.800020933151245,0.656808614730835,0.5868805646896362,2.8857996463775635,0.323598712682724,0.4056994318962097,2.875141143798828,0.123749278485775,0.444722650449521,0
2026-09-24T12:29:31.683008,S013,S013_A5_Y_20260924_1229,elevated_20,A5,young,class_0,0.5278980731964111,0.4827670454978943,-0.7135694026947021,0.5498863458633423,0.4206468462944031,-0.6750420928001404,0.5662193298339844,0.42051076889038086,-0.6746795177459717,0.5781909227371216,0.4214567542076111,-0.6747008562088013,0.5001029968261719,0.42466503381729126,-0.669209361076355,0.48295584321022034,0.42906996607780457,-0.6684934496879578,0.4664594531059265,0.43327224254608154,-0.6686209440231323,0.5973153710365295,0.4503139853477478,-0.4139597415924072,0.4485688805580139,0.4644271731376648,-0.36930981278419495,0.5594052076339722,0.546919047832489,-0.6143781542778015,0.4961298108100891,0.5527811646461487,-0.6010018587112427,0.7578486800193787,0.8170941472053528,-0.26406964659690857,0.3067592680454254,0.8146791458129883,-0.31415823101997375,0.8581620454788208,1.22305166721344,-0.27409014105796814,0.20653405785560608,1.1997143030166626,-0.30312687158584595,0.8399666547775269,1.5538054704666138,-0.5386984944343567,0.21584384143352509,1.519945740699768,-0.669873058795929,0.8724251985549927,1.6622236967086792,-0.647121250629425,0.18100252747535706,1.6257827281951904,-0.7800151705741882,0.8125702738761902,1.663892149925232,-0.6923180222511292,0.2339605838060379,1.629789113998413,-0.8603431582450867,0.7909837961196899,1.6213284730911255,-0.5764584541320801,0.2573440670967102,1.5888097286224365,-0.7212114930152893,0.6648488640785217,1.569677710533142,-0.04059676080942154,0.3776234984397888,1.5628761053085327,0.04593225568532944,0.6311771869659424,2.177476406097412,0.06934048235416412,0.36799076199531555,2.1724166870117188,0.1400744616985321,0.6233535408973694,2.7196731567382812,0.7170157432556152,0.3696713447570801,2.705378293991089,0.5978641510009766,0.6268664002418518,2.813049554824829,0.754883885383606,0.3674561381340027,2.7985596656799316,0.6302785873413086,0.5869327783584595,2.8840560913085938,0.27566519379615784,0.4058704972267151,2.8734214305877686,0.0929839015007019,0.4444860086081786,0
2026-09-24T12:29:31.809777,S013,S013_A5_Y_20260924_1229,elevated_20,A5,young,class_0,0.5278395414352417,0.4823990762233734,-0.7125092148780823,0.5498611330986023,0.4205676019191742,-0.6731547117233276,0.5662090182304382,0.4204602837562561,-0.6727909445762634,0.5781809091567993,0.42143577337265015,-0.6727854609489441,0.5000794529914856,0.4245527684688568,-0.667849063873291,0.48293548822402954,0.4289834797382355,-0.6671572923660278,0.4664296507835388,0.4331943094730377,-0.6672976016998291,0.5973176956176758,0.4503430426120758,-0.41125115752220154,0.4486022889614105,0.4644080102443695,-0.3693658113479614,0.5594028234481812,0.5467110276222229,-0.6131239533424377,0.4960991442203522,0.552474319934845,-0.6006289124488831,0.7578473687171936,0.8171559572219849,-0.2603702247142792,0.30672332644462585,0.8146457672119141,-0.31535571813583374,0.8573077917098999,1.2230467796325684,-0.2694260776042938,0.2065771371126175,1.198413372039795,-0.30176034569740295,0.8380376100540161,1.553626298904419,-0.5353928804397583,0.21481482684612274,1.5208070278167725,-0.6611524820327759,0.8693995475769043,1.661804437637329,-0.6431149840354919,0.17956633865833282,1.6268421411514282,-0.7721564769744873,0.8104797601699829,1.6632869243621826,-0.6922910213470459,0.23247532546520233,1.6306118965148926,-0.8509188890457153,0.7894426584243774,1.6207854747772217,-0.5746585726737976,0.25595909357070923,1.5896321535110474,-0.7120211124420166,0.664840579032898,1.5694279670715332,-0.039563726633787155,0.37763360142707825,1.5627118349075317,0.04491397365927696,0.6312602758407593,2.1766860485076904,0.06689872592687607,0.36802172660827637,2.171666383743286,0.1281045377254486,0.6234981417655945,2.7182233333587646,0.711001992225647,0.3697475790977478,2.7047441005706787,0.578839898109436,0.6271480917930603,2.8112635612487793,0.7491875886917114,0.3675838112831116,2.7980570793151855,0.6102720499038696,0.587337076663971,2.8830788135528564,0.2740272879600525,0.4060762822628021,2.871264696121216,0.07774703204631805,0.4443088751970146,0
2026-09-24T12:29:31.930412,S013,S013_A5_Y_20260924_1229,elevated_20,A5,young,class_0,0.5274074077606201,0.48180055618286133,-0.7157692313194275,0.5494385361671448,0.42025473713874817,-0.676004946231842,0.5659072399139404,0.420134037733078,-0.6756467819213867,0.5779772996902466,0.42109861969947815,-0.6756415963172913,0.49978774785995483,0.4243106245994568,-0.6708885431289673,0.48267823457717896,0.4287826418876648,-0.6701983213424683,0.4662412106990814,0.43301406502723694,-0.6703349351882935,0.5970907807350159,0.45010143518447876,-0.41228118538856506,0.44860830903053284,0.46431586146354675,-0.37118101119995117,0.5591502785682678,0.5462552905082703,-0.61567223072052,0.49585971236228943,0.5519161820411682,-0.6034953594207764,0.7580579519271851,0.8175694346427917,-0.2641943395137787,0.30650973320007324,0.8144915103912354,-0.3164919316768646,0.857681155204773,1.2245854139328003,-0.2725535035133362,0.20429909229278564,1.1978299617767334,-0.2996254563331604,0.8374293446540833,1.5579177141189575,-0.5355572700500488,0.2141815721988678,1.5207881927490234,-0.6503318548202515,0.8680599927902222,1.6654878854751587,-0.6433109045028687,0.17955416440963745,1.6267333030700684,-0.7576369643211365,0.8090704083442688,1.6660813093185425,-0.6894470453262329,0.23228244483470917,1.630298376083374,-0.837134838104248,0.7883120179176331,1.6243184804916382,-0.5735040903091431,0.25558316707611084,1.5895622968673706,-0.7015210390090942,0.6639435291290283,1.5707054138183594,-0.039435453712940216,0.37704765796661377,1.56364107131958,0.0447995588183403,0.6288049221038818,2.1786768436431885,0.061624057590961456,0.36443591117858887,2.17297101020813,0.12056823074817657,0.6203914284706116,2.7206528186798096,0.7014683485031128,0.36579257249832153,2.70774507522583,0.5692309141159058,0.6241899728775024,2.8128061294555664,0.7390733957290649,0.3638615906238556,2.800813913345337,0.6007018685340881,0.5824397802352905,2.8862836360931396,0.2619018256664276,0.4011719226837158,2.8735032081604004,0.06634338945150375,0.44407105321482215,0
2026-09-24T12:29:32.048268,S013,S013_A5_Y_20260924_1229,elevated_20,A5,young,class_0,0.5274156928062439,0.4815455377101898,-0.7070705890655518,0.5494311451911926,0.4199875593185425,-0.6673317551612854,0.5658959746360779,0.4198809564113617,-0.666957437992096,0.5779646635055542,0.42085137963294983,-0.6669769287109375,0.49977803230285645,0.42413392663002014,-0.6618572473526001,0.48266226053237915,0.42864981293678284,-0.6611222624778748,0.4662042260169983,0.4329054057598114,-0.6612276434898376,0.5969009399414062,0.44979801774024963,-0.4077596664428711,0.44861215353012085,0.4642496705055237,-0.36599233746528625,0.5591523051261902,0.5459452867507935,-0.6089805364608765,0.49585264921188354,0.5517628192901611,-0.596521258354187,0.75758296251297,0.8171730041503906,-0.26232436299324036,0.3064093589782715,0.8145025968551636,-0.31215161085128784,0.8576372265815735,1.22198486328125,-0.2700097858905792,0.20416900515556335,1.1980189085006714,-0.29166245460510254,0.8412951231002808,1.5477567911148071,-0.5328768491744995,0.21418285369873047,1.5185881853103638,-0.6424769759178162,0.8752495646476746,1.65162992477417,-0.6404836773872375,0.17962409555912018,1.6233192682266235,-0.7496376633644104,0.8161362409591675,1.6536681652069092,-0.6863075494766235,0.23229476809501648,1.62833571434021,-0.8308674097061157,0.7940030694007874,1.6126611232757568,-0.5712379217147827,0.2555523216724396,1.5873550176620483,-0.6947048902511597,0.6640645265579224,1.5684504508972168,-0.039332810789346695,0.37705716490745544,1.5616711378097534,0.044709015637636185,0.6292720437049866,2.1770384311676025,0.05854533985257149,0.36550307273864746,2.1721601486206055,0.12188514322042465,0.6215521097183228,2.719835042953491,0.7020413279533386,0.366008460521698,2.7075202465057373,0.5758882164955139,0.625304102897644,2.8127999305725098,0.7398504018783569,0.3639551103115082,2.800812244415283,0.607786238193512,0.5848380327224731,2.8842356204986572,0.26157376170158386,0.4013184607028961,2.873295783996582,0.07155460119247437,0.4432133355497199,0
2026-09-24T12:29:32.168829,S013,S013_A5_Y_20260924_1229,elevated_20,A5,young,class_0,0.525723397731781,0.4815270006656647,-0.718400776386261,0.5482379198074341,0.4199894666671753,-0.6810568571090698,0.5650224089622498,0.41989144682884216,-0.6806448101997375,0.5775328874588013,0.4208742678165436,-0.6806602478027344,0.49847036600112915,0.42410749197006226,-0.6717932820320129,0.48139119148254395,0.42861083149909973,-0.6710619330406189,0.4653453230857849,0.43283575773239136,-0.6711773872375488,0.5967850089073181,0.4500056505203247,-0.4225707948207855,0.4484667181968689,0.46424978971481323,-0.3664988875389099,0.5580557584762573,0.5459677577018738,-0.6205645203590393,0.4941791892051697,0.5517701506614685,-0.6032196879386902,0.7578402757644653,0.8173124194145203,-0.2812798023223877,0.30636632442474365,0.8144577741622925,-0.3127659857273102,0.8584113121032715,1.2233980894088745,-0.29637855291366577,0.20315811038017273,1.1981546878814697,-0.29555827379226685,0.8407004475593567,1.5520806312561035,-0.5519100427627563,0.2136436253786087,1.5188267230987549,-0.6478768587112427,0.8736753463745117,1.6571868658065796,-0.6642773747444153,0.17953583598136902,1.6237940788269043,-0.7521661520004272,0.8138716816902161,1.658218502998352,-0.7060731053352356,0.23222140967845917,1.6284160614013672,-0.8348048329353333,0.7923455834388733,1.6173073053359985,-0.5882190465927124,0.2553458511829376,1.5875684022903442,-0.7015388607978821,0.6640383005142212,1.5688222646713257,-0.04106175899505615,0.37705424427986145,1.5617287158966064,0.046473175287246704,0.6286028623580933,2.1779961585998535,0.06567525118589401,0.36338216066360474,2.1723971366882324,0.14147064089775085,0.6192759275436401,2.7206497192382812,0.73074871301651,0.36333993077278137,2.708261728286743,0.6215218305587769,0.6234127879142761,2.8132827281951904,0.7712141871452332,0.3612516224384308,2.801605701446533,0.6569833755493164,0.5788644552230835,2.886476993560791,0.28709036111831665,0.39792290329933167,2.874824285507202,0.11427513509988785,0.443247231613837,0
2026-09-24T12:29:32.280153,S013,S013_A5_Y_20260924_1229,elevated_20,A5,young,class_0,0.5257007479667664,0.4810115098953247,-0.7164214849472046,0.548211932182312,0.41953417658805847,-0.6787005662918091,0.5650137662887573,0.41948240995407104,-0.6782993674278259,0.5775176882743835,0.42047327756881714,-0.6783091425895691,0.4983724057674408,0.4235234260559082,-0.6709131002426147,0.4812634587287903,0.42794033885002136,-0.6701850891113281,0.46519309282302856,0.432094931602478,-0.6703132390975952,0.5966464281082153,0.44950592517852783,-0.42103227972984314,0.44846105575561523,0.46368056535720825,-0.36789289116859436,0.5580641627311707,0.5456545352935791,-0.6186246275901794,0.4941715598106384,0.5513694286346436,-0.6030619740486145,0.7579349279403687,0.8185530304908752,-0.27796822786331177,0.3061394691467285,0.8138608932495117,-0.31297236680984497,0.8576629757881165,1.223924994468689,-0.2798778712749481,0.20265261828899384,1.1960433721542358,-0.28856855630874634,0.8397744297981262,1.5527393817901611,-0.5231741666793823,0.21295683085918427,1.5190531015396118,-0.6176226139068604,0.8725783228874207,1.6578150987625122,-0.6302810907363892,0.1789393126964569,1.624199390411377,-0.722230076789856,0.8130636215209961,1.6588681936264038,-0.6761183142662048,0.23141351342201233,1.6285239458084106,-0.804719090461731,0.7916021347045898,1.6177657842636108,-0.5612044334411621,0.2543865144252777,1.5877505540847778,-0.6700555682182312,0.6616460680961609,1.5690385103225708,-0.04083681479096413,0.37401092052459717,1.5617468357086182,0.04627937078475952,0.6268916130065918,2.178130865097046,0.06082175299525261,0.36164766550064087,2.1724281311035156,0.13480624556541443,0.6176005601882935,2.720960855484009,0.7174768447875977,0.3611662983894348,2.708407402038574,0.604538083076477,0.621385931968689,2.813828468322754,0.7569241523742676,0.35856035351753235,2.802278757095337,0.638479471206665,0.5780595541000366,2.887026071548462,0.2768082022666931,0.3957371711730957,2.87479567527771,0.10032986104488373,0.44252976691475876,0
2026-09-24T12:29:32.405785,S013,S013_A5_Y_20260924_1229,elevated_20,A5,young,class_0,0.5254697799682617,0.48095184564590454,-0.7171546816825867,0.5481544733047485,0.4194755554199219,-0.6792513728141785,0.5649891495704651,0.4194316565990448,-0.6788528561592102,0.5774989724159241,0.4204220771789551,-0.6788603663444519,0.49821019172668457,0.4234478771686554,-0.6716541051864624,0.4810490012168884,0.42786169052124023,-0.6709316372871399,0.4650169014930725,0.4319595992565155,-0.6710619926452637,0.5965564250946045,0.44940921664237976,-0.42176976799964905,0.4484623074531555,0.46356573700904846,-0.3688230812549591,0.5579675436019897,0.5455977320671082,-0.6191429495811462,0.4940641522407532,0.5512368679046631,-0.6037992238998413,0.7581824064254761,0.8192398548126221,-0.2789373993873596,0.30612602829933167,0.8137132525444031,-0.3132510483264923,0.8577176332473755,1.224548101425171,-0.283468097448349,0.2001582682132721,1.1953043937683105,-0.28361448645591736,0.8403210639953613,1.5529663562774658,-0.5251826643943787,0.21086697280406952,1.5191500186920166,-0.610226035118103,0.873278021812439,1.6578829288482666,-0.6308226585388184,0.1773497462272644,1.6244615316390991,-0.7152692079544067,0.81367427110672,1.658979058265686,-0.676939845085144,0.2298143357038498,1.6288936138153076,-0.7977324724197388,0.7922345995903015,1.617826223373413,-0.5636545419692993,0.25226348638534546,1.58803391456604,-0.6625943183898926,0.6604570150375366,1.5694148540496826,-0.040855132043361664,0.37271055579185486,1.5617820024490356,0.046323440968990326,0.6261391043663025,2.1792337894439697,0.05759623646736145,0.36038917303085327,2.172940969467163,0.1326470673084259,0.6173830032348633,2.7235970497131348,0.7105716466903687,0.36038070917129517,2.710695743560791,0.5957555174827576,0.621350109577179,2.8174500465393066,0.7495318055152893,0.357713907957077,2.8055455684661865,0.6285322904586792,0.5775024890899658,2.8900930881500244,0.26725155115127563,0.3948063850402832,2.8769772052764893,0.08950570970773697,0.4421200192316622,0
2026-09-24T12:29:32.530424,S013,S013_A5_Y_20260924_1229,elevated_20,A5,young,class_0,0.5232833623886108,0.4805960953235626,-0.7163394689559937,0.5464598536491394,0.41939252614974976,-0.6784231066703796,0.5636758804321289,0.41939181089401245,-0.6780206561088562,0.5769283771514893,0.42038747668266296,-0.6780078411102295,0.4967326521873474,0.42318195104599,-0.6701248288154602,0.4796297550201416,0.42745116353034973,-0.6693812608718872,0.46410655975341797,0.43139466643333435,-0.6695026159286499,0.5964165329933167,0.4494338035583496,-0.4211201071739197,0.4483160078525543,0.46343427896499634,-0.36515742540359497,0.5563461184501648,0.545301616191864,-0.6186138391494751,0.4921537935733795,0.5506808161735535,-0.6025088429450989,0.7582011222839355,0.8190755844116211,-0.27816182374954224,0.30622392892837524,0.8126097917556763,-0.30853521823883057,0.8570907711982727,1.2246849536895752,-0.2807862162590027,0.19932419061660767,1.1931240558624268,-0.27882999181747437,0.838718593120575,1.5518248081207275,-0.5222687721252441,0.20862694084644318,1.5148646831512451,-0.6209591627120972,0.8708469271659851,1.6559370756149292,-0.6278640031814575,0.17541056871414185,1.6194356679916382,-0.728675365447998,0.8112737536430359,1.6559745073318481,-0.6745487451553345,0.22759787738323212,1.6237237453460693,-0.8091129064559937,0.7902300953865051,1.615278959274292,-0.5605302453041077,0.24994376301765442,1.583485722541809,-0.6730031371116638,0.6575567126274109,1.5683430433273315,-0.040830500423908234,0.3712683320045471,1.5590150356292725,0.04629068449139595,0.6225923299789429,2.1783857345581055,0.05267397686839104,0.3588380813598633,2.170088529586792,0.118150494992733,0.6134929656982422,2.7223479747772217,0.6865543127059937,0.35822486877441406,2.7082674503326416,0.5571885704994202,0.6175140142440796,2.8149986267089844,0.7230795621871948,0.35554152727127075,2.8019185066223145,0.5871019959449768,0.5720692276954651,2.8883142471313477,0.23902523517608643,0.39161863923072815,2.873403310775757,0.046080153435468674,0.44202575955615897,0
2026-09-24T12:29:32.653427,S013,S013_A5_Y_20260924_1229,elevated_20,A5,young,class_0,0.5227234959602356,0.4805111289024353,-0.7204017043113708,0.5461927652359009,0.41938963532447815,-0.6820128560066223,0.5635422468185425,0.4193987548351288,-0.681591808795929,0.5768822431564331,0.4204004406929016,-0.6815696358680725,0.4961397051811218,0.4231768548488617,-0.6752464771270752,0.47891879081726074,0.42744866013526917,-0.6744943857192993,0.46359357237815857,0.43138912320137024,-0.6746180653572083,0.5964031219482422,0.449655145406723,-0.4227067828178406,0.448184072971344,0.4635012745857239,-0.3750210106372833,0.5562068223953247,0.5453003644943237,-0.6216894388198853,0.4915427267551422,0.550606369972229,-0.6076643466949463,0.7583984136581421,0.8204960227012634,-0.2780666947364807,0.3056751489639282,0.8128892779350281,-0.318043053150177,0.8569589853286743,1.2273489236831665,-0.27521079778671265,0.1983286440372467,1.19322669506073,-0.27961665391921997,0.8386754989624023,1.5605621337890625,-0.510858416557312,0.20813146233558655,1.5189071893692017,-0.5939509272575378,0.87078458070755,1.6656404733657837,-0.6149891018867493,0.17520058155059814,1.624327301979065,-0.6976319551467896,0.8112209439277649,1.6675190925598145,-0.662890613079071,0.22719116508960724,1.630441665649414,-0.779103696346283,0.790192186832428,1.6262928247451782,-0.5494397282600403,0.24943022429943085,1.5898382663726807,-0.6453452706336975,0.6571175456047058,1.5696660280227661,-0.0405162088572979,0.37038204073905945,1.5604397058486938,0.04599400609731674,0.6225795745849609,2.17999267578125,0.0533248707652092,0.3584328591823578,2.1718266010284424,0.11658848822116852,0.6137023568153381,2.724375009536743,0.688602864742279,0.3582373261451721,2.710540533065796,0.5633552074432373,0.6176659464836121,2.8170688152313232,0.7252810001373291,0.3555568754673004,2.8047196865081787,0.5942500829696655,0.5726436376571655,2.8914997577667236,0.24152858555316925,0.391765296459198,2.875211000442505,0.053836822509765625,0.44153812335545434,0
2026-09-24T12:29:32.781073,S013,S013_A5_Y_20260924_1229,elevated_20,A5,young,class_0,0.5222500562667847,0.48050639033317566,-0.7300053238868713,0.545880913734436,0.4194057881832123,-0.6914840340614319,0.5633341670036316,0.4194248914718628,-0.6910552382469177,0.5767920613288879,0.420419305562973,-0.6910152435302734,0.4955675005912781,0.4232296049594879,-0.6844717264175415,0.47831711173057556,0.4275291860103607,-0.683731198310852,0.4632044732570648,0.4314366281032562,-0.6838600635528564,0.5963265299797058,0.4497206509113312,-0.4301944673061371,0.44812503457069397,0.4636220335960388,-0.38288041949272156,0.5559788942337036,0.5453009009361267,-0.6307884454727173,0.4911158084869385,0.5506035089492798,-0.6166870594024658,0.7587090134620667,0.8214590549468994,-0.28509795665740967,0.30497151613235474,0.8129072189331055,-0.3230840563774109,0.8563992381095886,1.2304644584655762,-0.2833012342453003,0.19607990980148315,1.1929404735565186,-0.28477469086647034,0.8379548192024231,1.5664699077606201,-0.5236791372299194,0.20786824822425842,1.519337773323059,-0.6125021576881409,0.8695496320724487,1.6723934412002563,-0.6307966709136963,0.1752288043498993,1.6252156496047974,-0.7194629311561584,0.810325026512146,1.673414707183838,-0.6789534687995911,0.2271948605775833,1.631489872932434,-0.8005431890487671,0.7893248796463013,1.6319395303726196,-0.5623444318771362,0.2494005411863327,1.5908666849136353,-0.6642062067985535,0.6566065549850464,1.5710961818695068,-0.04020499438047409,0.37004879117012024,1.5618585348129272,0.04568441957235336,0.622147262096405,2.1809942722320557,0.05583283305168152,0.35824593901634216,2.1729958057403564,0.11761640012264252,0.6127626895904541,2.7252933979034424,0.6996416449546814,0.35674041509628296,2.7120275497436523,0.5649612545967102,0.6166164875030518,2.817988395690918,0.7375963926315308,0.35375741124153137,2.8066256046295166,0.5965207815170288,0.5719040632247925,2.893052816390991,0.2543937563896179,0.38882607221603394,2.876300096511841,0.05750736594200134,0.44122787716433076,0
2026-09-24T12:29:32.925152,S013,S013_A5_Y_20260924_1229,elevated_20,A5,young,class_0,0.5214977860450745,0.4804947078227997,-0.7281143069267273,0.5452166795730591,0.4194132685661316,-0.6903806924819946,0.5627551078796387,0.41945478320121765,-0.6899465322494507,0.5764915943145752,0.42044830322265625,-0.6899150013923645,0.4950030446052551,0.42322787642478943,-0.6818543672561646,0.47783732414245605,0.4275217354297638,-0.6810676455497742,0.46288758516311646,0.4314066767692566,-0.6811738610267639,0.5962250232696533,0.4498426616191864,-0.43002909421920776,0.4480949342250824,0.4636216461658478,-0.37400832772254944,0.555474042892456,0.5453355312347412,-0.6296440958976746,0.4904979169368744,0.5506009459495544,-0.6131147742271423,0.7587188482284546,0.8204114437103271,-0.2848657965660095,0.30557212233543396,0.8123049139976501,-0.31203368306159973,0.856296718120575,1.2304712533950806,-0.2830989956855774,0.1961517035961151,1.1925922632217407,-0.2774999737739563,0.8363723754882812,1.56620192527771,-0.5103394985198975,0.20744100213050842,1.5167672634124756,-0.6164084672927856,0.8672278523445129,1.6721744537353516,-0.6155315637588501,0.1746426671743393,1.621608853340149,-0.7244165539741516,0.8068925142288208,1.6732048988342285,-0.66169673204422,0.22689151763916016,1.6274847984313965,-0.8050264120101929,0.7864102125167847,1.631693959236145,-0.5476994514465332,0.24914810061454773,1.587399959564209,-0.6680428981781006,0.6555594205856323,1.5677154064178467,-0.04182157665491104,0.36999329924583435,1.55683434009552,0.0473424531519413,0.6218664050102234,2.177947759628296,0.04796593263745308,0.3583900034427643,2.1686205863952637,0.11720460653305054,0.6126638650894165,2.7214388847351074,0.6786819696426392,0.3567923307418823,2.708207845687866,0.5558902025222778,0.616711437702179,2.812359094619751,0.7147977948188782,0.3539451062679291,2.801894187927246,0.5861668586730957,0.5702096223831177,2.8894026279449463,0.22680342197418213,0.3890109360218048,2.872345209121704,0.043621744960546494,0.44106983514205406,0
2026-09-24T12:29:33.039970,S013,S013_A5_Y_20260924_1229,elevated_20,A5,young,class_0,0.5213027000427246,0.48057687282562256,-0.7249220013618469,0.5451067090034485,0.41969695687294006,-0.6878171563148499,0.5626817941665649,0.4198233485221863,-0.6873775124549866,0.5764641165733337,0.4208317697048187,-0.6873475313186646,0.4947800040245056,0.4234849214553833,-0.6788226366043091,0.4776633381843567,0.42778730392456055,-0.6780253648757935,0.4627815783023834,0.4316026270389557,-0.6781247854232788,0.5962536931037903,0.4506581723690033,-0.4298630654811859,0.44810208678245544,0.4637373685836792,-0.3733839690685272,0.555210292339325,0.5454118251800537,-0.6280668377876282,0.49011683464050293,0.550625205039978,-0.6110140085220337,0.7587472200393677,0.8204096555709839,-0.2846578359603882,0.3066251873970032,0.812315821647644,-0.3119891285896301,0.8561007380485535,1.2305365800857544,-0.27293339371681213,0.1961979866027832,1.1920632123947144,-0.2648945748806,0.8373641967773438,1.5641452074050903,-0.4879333972930908,0.20768935978412628,1.5168603658676147,-0.5639559030532837,0.8687079548835754,1.6676615476608276,-0.5896124243736267,0.17518141865730286,1.6217520236968994,-0.662382185459137,0.8100346326828003,1.6690621376037598,-0.6361709833145142,0.22736680507659912,1.6276382207870483,-0.7443255186080933,0.7890000939369202,1.6283618211746216,-0.5255206823348999,0.24952200055122375,1.58753502368927,-0.614526093006134,0.6564432382583618,1.5675835609436035,-0.041657935827970505,0.37240996956825256,1.5569381713867188,0.04715561121702194,0.6225924491882324,2.176923990249634,0.04335720092058182,0.36167120933532715,2.1680707931518555,0.10458511114120483,0.6130280494689941,2.7206876277923584,0.6597491502761841,0.35837775468826294,2.707141399383545,0.531263530254364,0.6170313358306885,2.811681032180786,0.6940997242927551,0.3553677499294281,2.800259590148926,0.5597986578941345,0.5705441832542419,2.887752056121826,0.20985229313373566,0.3899897038936615,2.8708903789520264,0.019816886633634567,0.44034819939997416,0
2026-09-24T12:29:33.176936,S013,S013_A5_Y_20260924_1229,elevated_20,A5,young,class_0,0.5204097032546997,0.48025423288345337,-0.7335196733474731,0.5443615913391113,0.41958051919937134,-0.6963894367218018,0.5621827840805054,0.41977500915527344,-0.6959339380264282,0.5762841105461121,0.4207955002784729,-0.6958847045898438,0.49376264214515686,0.4233873784542084,-0.6858379244804382,0.4767081141471863,0.4276924133300781,-0.6850773096084595,0.4621652662754059,0.43148550391197205,-0.6851512789726257,0.5962408781051636,0.45071056485176086,-0.44082871079444885,0.447828471660614,0.4637734293937683,-0.3765121102333069,0.5547524094581604,0.5453237295150757,-0.6379928588867188,0.4892125129699707,0.550498366355896,-0.618427038192749,0.7588278651237488,0.8219637274742126,-0.3001205027103424,0.3060876727104187,0.8127114772796631,-0.31547313928604126,0.8564985990524292,1.234955072402954,-0.28952756524086,0.19561396539211273,1.1936261653900146,-0.276651531457901,0.8375018239021301,1.5684717893600464,-0.5143114328384399,0.20706872642040253,1.5252279043197632,-0.6236097812652588,0.8688901662826538,1.6709961891174316,-0.6272560358047485,0.1746218502521515,1.6319631338119507,-0.7315778136253357,0.8102737665176392,1.671231985092163,-0.6701333522796631,0.22659829258918762,1.6365824937820435,-0.8223630785942078,0.7890163660049438,1.6317352056503296,-0.5510391592979431,0.24901588261127472,1.596785068511963,-0.681100070476532,0.6553177237510681,1.5702366828918457,-0.0433645099401474,0.3683968782424927,1.5593013763427734,0.04897148162126541,0.6220638155937195,2.1840014457702637,0.06806638836860657,0.3607625365257263,2.1758828163146973,0.17993448674678802,0.6120938658714294,2.727335214614868,0.7852751016616821,0.3565289378166199,2.716182231903076,0.71834796667099,0.6161364316940308,2.8187742233276367,0.8308185338973999,0.3529980480670929,2.8110899925231934,0.7611817121505737,0.5698627233505249,2.89534068107605,0.34302785992622375,0.3868717551231384,2.880566358566284,0.213405579328537,0.4415111124975373,0
2026-09-24T12:29:33.330310,S013,S013_A5_Y_20260924_1229,elevated_20,A5,young,class_0,0.519391655921936,0.48024433851242065,-0.7198945879936218,0.5436338782310486,0.41961902379989624,-0.6849991083145142,0.5615654587745667,0.4198916554450989,-0.6845284104347229,0.575995147228241,0.42095038294792175,-0.684525728225708,0.4929731488227844,0.42338502407073975,-0.6724700927734375,0.47599321603775024,0.42766135931015015,-0.6716997027397156,0.46169766783714294,0.43141987919807434,-0.6717749834060669,0.5962142944335938,0.4510660767555237,-0.43640390038490295,0.44765982031822205,0.4637638032436371,-0.36261147260665894,0.5539752840995789,0.5453699231147766,-0.6265110969543457,0.4879647195339203,0.5504578351974487,-0.6042460203170776,0.7588713765144348,0.8216550350189209,-0.2984265983104706,0.30618420243263245,0.8120288848876953,-0.2998504042625427,0.8565186262130737,1.2348724603652954,-0.2893257737159729,0.19564476609230042,1.1906931400299072,-0.2768537104129791,0.834023654460907,1.5676496028900146,-0.5097262859344482,0.2068229615688324,1.5188442468643188,-0.6304964423179626,0.8634696006774902,1.670676827430725,-0.6190615296363831,0.17419983446598053,1.6256295442581177,-0.7391307950019836,0.8037011027336121,1.6701704263687134,-0.6622733473777771,0.22620411217212677,1.629917025566101,-0.8270998001098633,0.7834675908088684,1.630630373954773,-0.5455667972564697,0.24872998893260956,1.5902142524719238,-0.6871553063392639,0.6546646356582642,1.5691776275634766,-0.04363369941711426,0.36813822388648987,1.5579038858413696,0.0492498055100441,0.6208098530769348,2.18318247795105,0.06533683836460114,0.3591405749320984,2.1743757724761963,0.1776226907968521,0.6091238856315613,2.7266509532928467,0.7515228986740112,0.353518545627594,2.7159523963928223,0.6604759097099304,0.6136237978935242,2.8175883293151855,0.7936408519744873,0.3499949872493744,2.810930013656616,0.6958022713661194,0.5642278790473938,2.8950953483581543,0.31225940585136414,0.38307446241378784,2.880478620529175,0.15572699904441833,0.4419183605035952,0
2026-09-24T12:29:33.503722,S013,S013_A5_Y_20260924_1229,elevated_20,A5,young,class_0,0.5192400217056274,0.4801897406578064,-0.7232028245925903,0.5436075329780579,0.4195682406425476,-0.6867392659187317,0.5615550875663757,0.41987696290016174,-0.6862782835960388,0.5759701728820801,0.42095115780830383,-0.6862612962722778,0.49288424849510193,0.4232826828956604,-0.6750720143318176,0.475851833820343,0.4275358319282532,-0.6743124723434448,0.46157336235046387,0.43123143911361694,-0.6743852496147156,0.5963168740272522,0.4512444734573364,-0.43596047163009644,0.4475938677787781,0.4636819064617157,-0.3643839955329895,0.5538747310638428,0.5453720688819885,-0.6286067962646484,0.48763856291770935,0.5503528714179993,-0.6077545881271362,0.758934497833252,0.8222130537033081,-0.2948960065841675,0.30591800808906555,0.8124850392341614,-0.3057725727558136,0.8565875887870789,1.2348285913467407,-0.28864946961402893,0.1955093890428543,1.1918067932128906,-0.2763919234275818,0.8356302380561829,1.5674537420272827,-0.518635630607605,0.20580843091011047,1.5215307474136353,-0.6110771894454956,0.8659785389900208,1.6708226203918457,-0.6279368996620178,0.17263557016849518,1.6278815269470215,-0.7166768312454224,0.8053908348083496,1.6708106994628906,-0.672437310218811,0.22507746517658234,1.6342090368270874,-0.8024924397468567,0.7848936319351196,1.6307696104049683,-0.5560909509658813,0.24772123992443085,1.5940093994140625,-0.6648918390274048,0.6547399759292603,1.5700435638427734,-0.04353271797299385,0.36839258670806885,1.5590050220489502,0.04914969950914383,0.6210432648658752,2.1840546131134033,0.05267256498336792,0.36015594005584717,2.1759843826293945,0.15154483914375305,0.6099908351898193,2.7289962768554688,0.7113449573516846,0.3546542525291443,2.71817946434021,0.6070428490638733,0.614470362663269,2.821545124053955,0.74980229139328,0.35095199942588806,2.8133063316345215,0.6383084654808044,0.5665263533592224,2.8964333534240723,0.26437634229660034,0.38524794578552246,2.882948160171509,0.09123796224594116,0.441574783045739,0
2026-09-24T12:29:33.656398,S013,S013_A5_Y_20260924_1229,elevated_20,A5,young,class_0,0.5192354917526245,0.48018547892570496,-0.7134867906570435,0.5435441136360168,0.41958364844322205,-0.6780627965927124,0.5614820718765259,0.4199084937572479,-0.6775891184806824,0.5759376287460327,0.4209856688976288,-0.6775912642478943,0.4928778111934662,0.42328500747680664,-0.6669780015945435,0.4758625626564026,0.42753416299819946,-0.6662121415138245,0.46156615018844604,0.43122532963752747,-0.6662671566009521,0.5963348150253296,0.45133867859840393,-0.43148988485336304,0.44765743613243103,0.4636825919151306,-0.3611796498298645,0.5538633465766907,0.5453984141349792,-0.6199170351028442,0.48765864968299866,0.5503464937210083,-0.5995650291442871,0.7589695453643799,0.8206993341445923,-0.2910849452018738,0.30610111355781555,0.8124741315841675,-0.3032747805118561,0.8582122921943665,1.2332820892333984,-0.27684056758880615,0.1983691155910492,1.1913095712661743,-0.2660033106803894,0.8359190821647644,1.5612788200378418,-0.48758262395858765,0.2072898894548416,1.5215504169464111,-0.5975356101989746,0.866070568561554,1.6636919975280762,-0.5910520553588867,0.17313989996910095,1.627865195274353,-0.6990494728088379,0.8055151104927063,1.6633260250091553,-0.6317732930183411,0.2256803810596466,1.634437918663025,-0.7834031581878662,0.7851299047470093,1.623424768447876,-0.522648274898529,0.24870102107524872,1.594098448753357,-0.6509591341018677,0.6571645140647888,1.5671056509017944,-0.043949756771326065,0.37095925211906433,1.5577185153961182,0.049610912799835205,0.6240094304084778,2.1806528568267822,0.04697549343109131,0.36392417550086975,2.1736719608306885,0.1613793969154358,0.6141906976699829,2.724813938140869,0.6947816610336304,0.35980114340782166,2.714881181716919,0.6366105079650879,0.6189513206481934,2.817775011062622,0.7330235242843628,0.3560202419757843,2.8104491233825684,0.6715875267982483,0.5712127089500427,2.8921914100646973,0.2519959509372711,0.39231425523757935,2.8797872066497803,0.13638241589069366,0.44076255723416924,0
2026-09-24T12:29:33.772945,S013,S013_A5_Y_20260924_1229,elevated_20,A5,young,class_0,0.5212156176567078,0.48007696866989136,-0.7105790972709656,0.5448712706565857,0.4194104075431824,-0.6715215444564819,0.5624978542327881,0.419720858335495,-0.671087920665741,0.5763205289840698,0.42080458998680115,-0.6710897088050842,0.4942780137062073,0.4230386018753052,-0.665064811706543,0.4771374762058258,0.4273410439491272,-0.664293646812439,0.4621482789516449,0.4310701787471771,-0.6643390655517578,0.5964043140411377,0.45096075534820557,-0.41013774275779724,0.44771629571914673,0.4634091258049011,-0.36185529828071594,0.5553848147392273,0.5452556610107422,-0.6133978962898254,0.4893288016319275,0.5502923130989075,-0.5988380312919617,0.7580636143684387,0.818083643913269,-0.25690019130706787,0.3058713674545288,0.812409520149231,-0.30567803978919983,0.857897162437439,1.2218308448791504,-0.24194231629371643,0.19802704453468323,1.191373586654663,-0.2545461654663086,0.8495375514030457,1.536227822303772,-0.4869236946105957,0.20722880959510803,1.5186973810195923,-0.5442800521850586,0.887100100517273,1.6318291425704956,-0.5901017189025879,0.1731247752904892,1.6214370727539062,-0.6416035890579224,0.8304891586303711,1.6342045068740845,-0.6358856558799744,0.22540828585624695,1.6283836364746094,-0.7268911004066467,0.8060601353645325,1.5969643592834473,-0.525307297706604,0.24821650981903076,1.588550329208374,-0.596021294593811,0.657861053943634,1.5645407438278198,-0.04201975464820862,0.3721126914024353,1.557079792022705,0.04769682139158249,0.6263150572776794,2.176252603530884,0.04185395687818527,0.37061017751693726,2.1713685989379883,0.11756207793951035,0.6191710233688354,2.720512628555298,0.667253851890564,0.36691752076148987,2.710869073867798,0.5435536503791809,0.6233545541763306,2.8136489391326904,0.7022053003311157,0.3623701333999634,2.8046786785125732,0.5716044902801514,0.5813747644424438,2.8830783367156982,0.22384877502918243,0.40076202154159546,2.873518705368042,0.032860878854990005,0.4400801706699543,0
2026-09-24T12:29:33.950666,S013,S013_A5_Y_20260924_1229,elevated_20,A5,young,class_0,0.5215679407119751,0.48063740134239197,-0.7107729911804199,0.5453195571899414,0.4198548197746277,-0.6729556322097778,0.5627911686897278,0.4200340211391449,-0.6725423336029053,0.5764245390892029,0.421082079410553,-0.6725932359695435,0.49455493688583374,0.42364388704299927,-0.666129469871521,0.47735875844955444,0.427925705909729,-0.6653621196746826,0.4622717797756195,0.43160194158554077,-0.6654177904129028,0.5964669585227966,0.45107755064964294,-0.4135684370994568,0.44784680008888245,0.463467538356781,-0.36254480481147766,0.5554654598236084,0.5454880595207214,-0.613807737827301,0.4895017147064209,0.5506066679954529,-0.599319338798523,0.7580485939979553,0.8170164823532104,-0.260423481464386,0.3064832389354706,0.8108698725700378,-0.3060356378555298,0.8580323457717896,1.2213457822799683,-0.24541184306144714,0.19984304904937744,1.1895755529403687,-0.2592726945877075,0.8479760885238647,1.5367240905761719,-0.48947805166244507,0.2109432965517044,1.5131587982177734,-0.5765820741653442,0.8835741281509399,1.6349340677261353,-0.5920102000236511,0.17725640535354614,1.616075038909912,-0.6758022308349609,0.8261260986328125,1.6366794109344482,-0.6355758905410767,0.2294677197933197,1.6233961582183838,-0.7518757581710815,0.8034482002258301,1.597976565361023,-0.5264285802841187,0.25159505009651184,1.5828707218170166,-0.6251713633537292,0.6577576994895935,1.5632189512252808,-0.04222741723060608,0.3721165955066681,1.5544712543487549,0.04787299782037735,0.6250975728034973,2.1724088191986084,0.04770873486995697,0.3678702712059021,2.165504217147827,0.1375826597213745,0.6150156855583191,2.715043306350708,0.6702264547348022,0.3621200621128082,2.703688383102417,0.5843550562858582,0.6194027662277222,2.808178663253784,0.705674409866333,0.3577466905117035,2.7978055477142334,0.6156517863273621,0.5729497671127319,2.879213809967041,0.22520101070404053,0.3952561020851135,2.867777109146118,0.0851002037525177,0.43891712484939877,0
2026-09-24T12:29:34.079892,S013,S013_A5_Y_20260924_1229,elevated_20,A5,young,class_0,0.5214744210243225,0.48042258620262146,-0.7114046216011047,0.5453125238418579,0.41975465416908264,-0.6735638976097107,0.5627980828285217,0.4199865162372589,-0.6731483340263367,0.5764344930648804,0.4210685193538666,-0.6731976866722107,0.49453672766685486,0.4234895706176758,-0.6666752696037292,0.47732749581336975,0.4277971088886261,-0.6659101247787476,0.46224039793014526,0.43146321177482605,-0.6659702062606812,0.5967317819595337,0.45117759704589844,-0.41371163725852966,0.447838693857193,0.4633903205394745,-0.36310312151908875,0.5554468035697937,0.5452620983123779,-0.6143115162849426,0.4893360137939453,0.5503329634666443,-0.5997481346130371,0.7581075429916382,0.8171883225440979,-0.26164260506629944,0.30589282512664795,0.8108891248703003,-0.30685335397720337,0.8577138781547546,1.224786400794983,-0.26276546716690063,0.20332305133342743,1.1909682750701904,-0.2825569212436676,0.841699481010437,1.5459434986114502,-0.5236809253692627,0.2125977724790573,1.516514539718628,-0.6568430662155151,0.8740717768669128,1.6502138376235962,-0.6329520344734192,0.17782630026340485,1.621022343635559,-0.7699049711227417,0.8137588500976562,1.650426983833313,-0.675898551940918,0.23075804114341736,1.629073977470398,-0.8475995063781738,0.7930602431297302,1.6085069179534912,-0.5607336163520813,0.2536120116710663,1.5874619483947754,-0.7082999348640442,0.6579841375350952,1.5646321773529053,-0.042217958718538284,0.37211814522743225,1.555460810661316,0.04786250740289688,0.6252699494361877,2.174567222595215,0.04936804622411728,0.3677149713039398,2.16855788230896,0.13863472640514374,0.6167271137237549,2.7192256450653076,0.6905699372291565,0.3627052307128906,2.707684278488159,0.595089316368103,0.6211471557617188,2.814901113510132,0.7281399965286255,0.3587976098060608,2.802884817123413,0.6272861957550049,0.5760432481765747,2.884281635284424,0.24437937140464783,0.3970004618167877,2.8743767738342285,0.09247828274965286,0.4385623558797671,0
2026-09-24T12:29:34.207641,S013,S013_A5_Y_20260924_1229,elevated_20,A5,young,class_0,0.5209864377975464,0.48019900918006897,-0.6886788606643677,0.545150637626648,0.4197228252887726,-0.6517772674560547,0.5627095699310303,0.4199922978878021,-0.6513128876686096,0.5764154195785522,0.4211108982563019,-0.6513248085975647,0.49433866143226624,0.4232714772224426,-0.6425529718399048,0.4771481156349182,0.4275004267692566,-0.641777753829956,0.46212729811668396,0.43108993768692017,-0.641830563545227,0.5969156622886658,0.45174798369407654,-0.4023609161376953,0.4478326737880707,0.46328505873680115,-0.3439435362815857,0.555179238319397,0.5452753901481628,-0.5947744846343994,0.48883700370788574,0.5501950979232788,-0.5776121616363525,0.7581607103347778,0.8172951936721802,-0.25578269362449646,0.3055601716041565,0.8104488849639893,-0.2945854961872101,0.8577095866203308,1.2258343696594238,-0.2575584352016449,0.20327763259410858,1.1881439685821533,-0.2825307548046112,0.8352581858634949,1.546308159828186,-0.5014622211456299,0.21112418174743652,1.5114401578903198,-0.6762017607688904,0.8656734228134155,1.650512456893921,-0.6060605645179749,0.17453926801681519,1.6159534454345703,-0.789627730846405,0.8034597635269165,1.6505025625228882,-0.6463955640792847,0.2284521609544754,1.6234592199325562,-0.8653832674026489,0.7834916114807129,1.6087329387664795,-0.5364009141921997,0.2522338926792145,1.5821568965911865,-0.7285604476928711,0.6570054292678833,1.5644856691360474,-0.04047035798430443,0.3686308264732361,1.5539404153823853,0.046301066875457764,0.6207403540611267,2.1748223304748535,0.06121017783880234,0.3599405884742737,2.1674108505249023,0.13907469809055328,0.6101050972938538,2.7191903591156006,0.7120154500007629,0.3527929484844208,2.705920934677124,0.5974057912826538,0.6140652298927307,2.814889669418335,0.7509057521820068,0.3487076163291931,2.801020860671997,0.6297762393951416,0.5685364007949829,2.884021759033203,0.27333009243011475,0.38894546031951904,2.8737149238586426,0.09670739620923996,0.4385318451277168,0
2026-09-24T12:29:34.596833,S013,S013_A5_Y_20260924_1229,elevated_20,A5,young,class_0,0.5208250284194946,0.48015350103378296,-0.6859586238861084,0.5450687408447266,0.41971689462661743,-0.6497018933296204,0.5626639127731323,0.4199959337711334,-0.6492330431938171,0.5764068961143494,0.4211241602897644,-0.6492675542831421,0.49419569969177246,0.42326074838638306,-0.6403895616531372,0.47701892256736755,0.4274919927120209,-0.6396257281303406,0.46204155683517456,0.43108099699020386,-0.6396966576576233,0.5969860553741455,0.4521089494228363,-0.40162259340286255,0.44782036542892456,0.46330416202545166,-0.3423168361186981,0.5550995469093323,0.5452986359596252,-0.5920063257217407,0.4886695444583893,0.5501865744590759,-0.5744684338569641,0.7583141326904297,0.8175382018089294,-0.25766175985336304,0.3054697513580322,0.8100274205207825,-0.29378464818000793,0.857748806476593,1.227755069732666,-0.25909188389778137,0.20337867736816406,1.1878283023834229,-0.2808399796485901,0.831868052482605,1.5480204820632935,-0.5003572702407837,0.21047289669513702,1.5115216970443726,-0.6659761071205139,0.8612242937088013,1.6536329984664917,-0.6044679880142212,0.17264851927757263,1.6163990497589111,-0.7767757177352905,0.7983207702636719,1.6518266201019287,-0.6450057625770569,0.22680410742759705,1.6244409084320068,-0.8546828031539917,0.7789012789726257,1.6098142862319946,-0.5350356698036194,0.25121960043907166,1.5829880237579346,-0.7184411287307739,0.6567676663398743,1.5652114152908325,-0.040130652487277985,0.367695689201355,1.5540019273757935,0.045992251485586166,0.6195012927055359,2.1767821311950684,0.06537187099456787,0.3569904863834381,2.1676254272460938,0.14635933935642242,0.6066256165504456,2.720081329345703,0.7187021374702454,0.34744685888290405,2.7059812545776367,0.6155718564987183,0.6102612018585205,2.8158926963806152,0.7581003308296204,0.3432512879371643,2.8010964393615723,0.6492518186569214,0.5641728639602661,2.8849873542785645,0.28301721811294556,0.3830629587173462,2.874512195587158,0.11978411674499512,0.4384087994730159,0
2026-09-24T12:29:34.733406,S013,S013_A5_Y_20260924_1229,elevated_20,A5,young,class_0,0.5210016965866089,0.4801378846168518,-0.6879191994667053,0.5451463460922241,0.4197136163711548,-0.6512423157691956,0.5627199411392212,0.419996440410614,-0.6507762670516968,0.5764433145523071,0.42112788558006287,-0.6508148908615112,0.49429187178611755,0.4232504069805145,-0.6426774859428406,0.4771367609500885,0.42748451232910156,-0.6419134736061096,0.46210628747940063,0.4310709536075592,-0.6419890522956848,0.5971794128417969,0.4521530866622925,-0.40183132886886597,0.44785624742507935,0.46330052614212036,-0.3446164131164551,0.5551753044128418,0.5453010201454163,-0.593370795249939,0.4888233244419098,0.5501940846443176,-0.5766222476959229,0.7585210204124451,0.8175526857376099,-0.2589098811149597,0.30529406666755676,0.8101423978805542,-0.2946776747703552,0.8573962450027466,1.230163335800171,-0.2560436427593231,0.20546069741249084,1.1905027627944946,-0.26970845460891724,0.8294810056686401,1.5533735752105713,-0.48923197388648987,0.2110883742570877,1.51608145236969,-0.6115045547485352,0.8578948974609375,1.6594691276550293,-0.5936652421951294,0.17331326007843018,1.6207886934280396,-0.7143161296844482,0.7960756421089172,1.6569279432296753,-0.6347178816795349,0.22683405876159668,1.629001498222351,-0.7987686991691589,0.7767137885093689,1.6150177717208862,-0.5241268873214722,0.2513258159160614,1.587577223777771,-0.6650995016098022,0.6567661762237549,1.5652371644973755,-0.039929818361997604,0.3677535057067871,1.5541949272155762,0.045777328312397,0.6195622682571411,2.176811695098877,0.0651690661907196,0.35730308294296265,2.1676602363586426,0.14384150505065918,0.606843888759613,2.720099687576294,0.7179368734359741,0.3480045199394226,2.7060201168060303,0.609660267829895,0.6104849576950073,2.815730333328247,0.7574794292449951,0.34392887353897095,2.8010990619659424,0.6434959769248962,0.5645540952682495,2.885021924972534,0.28065234422683716,0.3834393620491028,2.874490261077881,0.11728755384683609,0.4380749165321456,0
2026-09-24T12:29:34.847018,S013,S013_A5_Y_20260924_1229,elevated_20,A5,young,class_0,0.5211015939712524,0.4801280200481415,-0.6854926347732544,0.5452487468719482,0.41970348358154297,-0.6483348608016968,0.562818169593811,0.4199945032596588,-0.6478559374809265,0.5765039324760437,0.42113175988197327,-0.6478558778762817,0.49438872933387756,0.4232242703437805,-0.6409415006637573,0.4772531986236572,0.42746028304100037,-0.6401568055152893,0.4621659219264984,0.43105390667915344,-0.6402300000190735,0.5974358320236206,0.4522634744644165,-0.3973942995071411,0.44789958000183105,0.4632844924926758,-0.3454647660255432,0.5552400946617126,0.5453179478645325,-0.5902256369590759,0.4888835549354553,0.5501996278762817,-0.5752073526382446,0.7586566209793091,0.8176841735839844,-0.25273236632347107,0.305060476064682,0.8100441694259644,-0.2950844168663025,0.8571451306343079,1.2298294305801392,-0.2435014694929123,0.20542633533477783,1.1872471570968628,-0.26730984449386597,0.8290680646896362,1.5528138875961304,-0.4712494909763336,0.2110602855682373,1.5150076150894165,-0.6103171110153198,0.8574868440628052,1.6586037874221802,-0.5740829706192017,0.17331379652023315,1.6203103065490723,-0.7141710519790649,0.796273946762085,1.6555800437927246,-0.6160377860069275,0.22682912647724152,1.6282579898834229,-0.796692967414856,0.7767380475997925,1.6140397787094116,-0.5068827271461487,0.25131547451019287,1.5866858959197998,-0.6633574962615967,0.6567455530166626,1.5643528699874878,-0.038890015333890915,0.36763137578964233,1.5533335208892822,0.04476733133196831,0.6193464994430542,2.1739814281463623,0.06477546691894531,0.3572540581226349,2.162828207015991,0.12859901785850525,0.6068682074546814,2.7145047187805176,0.7103140354156494,0.3484700322151184,2.6975419521331787,0.5790455341339111,0.6104089021682739,2.808626651763916,0.7480167746543884,0.344438374042511,2.791455030441284,0.6105316281318665,0.5648749470710754,2.8780338764190674,0.2726786732673645,0.3837910294532776,2.8632192611694336,0.08173570781946182,0.4378965316715783,0
2026-09-24T12:29:34.965182,S013,S013_A5_Y_20260924_1229,elevated_20,A5,young,class_0,0.5211954712867737,0.47979992628097534,-0.6865791082382202,0.5454260110855103,0.4195866286754608,-0.6487548351287842,0.5629769563674927,0.4199090301990509,-0.6482798457145691,0.5765975713729858,0.4211001694202423,-0.648271918296814,0.49458542466163635,0.4230814576148987,-0.6415775418281555,0.4774194359779358,0.4273607134819031,-0.6407771110534668,0.46226197481155396,0.4309691786766052,-0.6408445835113525,0.5975235104560852,0.45228368043899536,-0.3971606194972992,0.44795042276382446,0.46315479278564453,-0.3463987708091736,0.5553559064865112,0.5450699329376221,-0.591385006904602,0.4890337586402893,0.5496299862861633,-0.5764588117599487,0.7587058544158936,0.818183958530426,-0.2501038908958435,0.30459919571876526,0.8104077577590942,-0.2954332232475281,0.8539520502090454,1.2301255464553833,-0.23244039714336395,0.20610614120960236,1.189071774482727,-0.2455786019563675,0.8290908932685852,1.5528420209884644,-0.4570322632789612,0.21180668473243713,1.515348196029663,-0.5485425591468811,0.8575918078422546,1.6582454442977905,-0.5579054951667786,0.1742013841867447,1.6203700304031372,-0.6482014656066895,0.7967450022697449,1.655518889427185,-0.6010280251502991,0.2271912544965744,1.628294825553894,-0.7317708730697632,0.7768424153327942,1.613959550857544,-0.4938553273677826,0.2516915500164032,1.5867351293563843,-0.6006933450698853,0.6566020250320435,1.5642974376678467,-0.03863241523504257,0.3675934672355652,1.5529674291610718,0.04449839144945145,0.6189199686050415,2.1739821434020996,0.05333881825208664,0.35729163885116577,2.1627602577209473,0.11513261497020721,0.6069808602333069,2.714904308319092,0.686308741569519,0.3486323952674866,2.6978392601013184,0.5547391176223755,0.6104899644851685,2.809474468231201,0.7215193510055542,0.3446272909641266,2.7918078899383545,0.5841531753540039,0.5653043389320374,2.878265142440796,0.23748095333576202,0.38400882482528687,2.863577365875244,0.04391571134328842,0.4370949544529319,0
2026-09-24T12:29:35.127006,S013,S013_A5_Y_20260924_1229,elevated_20,A5,young,class_0,0.5211719274520874,0.47960853576660156,-0.6829297542572021,0.5454536080360413,0.4195026755332947,-0.6447361707687378,0.5630253553390503,0.4198662042617798,-0.6442736387252808,0.5766529440879822,0.4210929870605469,-0.644269585609436,0.4945829510688782,0.42290791869163513,-0.6380633115768433,0.4774036407470703,0.4271664321422577,-0.6372610330581665,0.4622417092323303,0.43075430393218994,-0.637328028678894,0.5977345108985901,0.4523715376853943,-0.3917798399925232,0.44794583320617676,0.46297380328178406,-0.3441102206707001,0.5553542375564575,0.5450384020805359,-0.5871618986129761,0.48897069692611694,0.5494392514228821,-0.5730563402175903,0.7588292360305786,0.8182013630867004,-0.24580438435077667,0.30381184816360474,0.8103484511375427,-0.294747531414032,0.8529477119445801,1.2300773859024048,-0.23091378808021545,0.20606186985969543,1.188178300857544,-0.2381604164838791,0.8290188908576965,1.552795171737671,-0.45734328031539917,0.21160486340522766,1.514135479927063,-0.5450395345687866,0.8577477335929871,1.6581494808197021,-0.5576267838478088,0.17401574552059174,1.618809461593628,-0.6461143493652344,0.796928882598877,1.6554278135299683,-0.602495014667511,0.22682619094848633,1.626950979232788,-0.7274978756904602,0.7770086526870728,1.6138572692871094,-0.49438828229904175,0.251299113035202,1.5855042934417725,-0.5965059399604797,0.6563293933868408,1.5644397735595703,-0.03833487629890442,0.36744505167007446,1.5529958009719849,0.044176120311021805,0.6188575029373169,2.1740128993988037,0.052677713334560394,0.3573577404022217,2.1626410484313965,0.10919294506311417,0.6070529222488403,2.7150051593780518,0.681109607219696,0.3487836718559265,2.6976797580718994,0.5449742674827576,0.6106026768684387,2.809502601623535,0.7161878347396851,0.34471824765205383,2.791377067565918,0.5741613507270813,0.5658009648323059,2.8783648014068604,0.23481550812721252,0.3841206133365631,2.8633384704589844,0.03886159509420395,0.43697973959698094,0
2026-09-24T12:29:35.272027,S013,S013_A5_Y_20260924_1229,elevated_20,A5,young,class_0,0.5234223008155823,0.4804879426956177,-0.6861270666122437,0.5466910600662231,0.4198378920555115,-0.6476582884788513,0.5638784170150757,0.4200899302959442,-0.6472073793411255,0.5769950151443481,0.4212697148323059,-0.6472108364105225,0.49579334259033203,0.42336490750312805,-0.642802357673645,0.4785861372947693,0.427649587392807,-0.6420373320579529,0.46299776434898376,0.43131428956985474,-0.6421040296554565,0.5977491736412048,0.45239654183387756,-0.3920351564884186,0.4481990933418274,0.4632391929626465,-0.3513827621936798,0.5564509630203247,0.5457040667533875,-0.5890101790428162,0.49058881402015686,0.5506334900856018,-0.577024519443512,0.758987545967102,0.8194039463996887,-0.24742627143859863,0.3040095865726471,0.8105575442314148,-0.29945164918899536,0.8543896675109863,1.2301123142242432,-0.2319668084383011,0.20680351555347443,1.190419316291809,-0.2528039515018463,0.831333339214325,1.5539577007293701,-0.4602701663970947,0.21299037337303162,1.5176185369491577,-0.5644246935844421,0.8596328496932983,1.6597448587417603,-0.559956431388855,0.17628684639930725,1.6230424642562866,-0.6626645922660828,0.8001158833503723,1.6575077772140503,-0.6041654348373413,0.22834591567516327,1.6307587623596191,-0.7498641014099121,0.7802538275718689,1.6159672737121582,-0.49733948707580566,0.2526134252548218,1.5889842510223389,-0.6171234250068665,0.6570535898208618,1.5663397312164307,-0.038359999656677246,0.36922407150268555,1.5567768812179565,0.04418238252401352,0.6201282739639282,2.174499273300171,0.05201166868209839,0.3591638207435608,2.164539098739624,0.11119010299444199,0.6075950264930725,2.7156944274902344,0.681315541267395,0.3512882590293884,2.699469804763794,0.551882266998291,0.6109951138496399,2.8097004890441895,0.7170597910881042,0.34709662199020386,2.793135643005371,0.5819400548934937,0.5671955347061157,2.8798887729644775,0.23708847165107727,0.38683873414993286,2.8646445274353027,0.045797787606716156,0.4371263190121743,0
2026-09-24T12:29:35.402464,S013,S013_A5_Y_20260924_1229,elevated_20,A5,young,class_0,0.5231794714927673,0.4801326394081116,-0.6900654435157776,0.5466457009315491,0.4196915328502655,-0.6519523859024048,0.5638693571090698,0.4199790060520172,-0.6514765024185181,0.5769990086555481,0.4211921691894531,-0.6514425277709961,0.4957115650177002,0.4232131838798523,-0.6455780863761902,0.47849956154823303,0.4275035560131073,-0.6447857618331909,0.4629448354244232,0.4311329424381256,-0.6448487043380737,0.5979000329971313,0.45246317982673645,-0.396930456161499,0.4482099115848541,0.463136225938797,-0.351581871509552,0.5564130544662476,0.5454670190811157,-0.5931710004806519,0.490433931350708,0.550090491771698,-0.5794098973274231,0.7595454454421997,0.8197652101516724,-0.2482222318649292,0.3040011525154114,0.8103349208831787,-0.29963862895965576,0.8535346984863281,1.2317625284194946,-0.23395688831806183,0.20675797760486603,1.1905380487442017,-0.2513766288757324,0.8307693600654602,1.5557494163513184,-0.46418818831443787,0.21280953288078308,1.5179754495620728,-0.5663176774978638,0.8593931198120117,1.6610240936279297,-0.5644641518592834,0.1760813146829605,1.6232054233551025,-0.6680185794830322,0.7999626398086548,1.6591898202896118,-0.6102536916732788,0.22820186614990234,1.6310575008392334,-0.7521260976791382,0.780035138130188,1.6174767017364502,-0.5023404359817505,0.2525092661380768,1.5893428325653076,-0.6186225414276123,0.6558760404586792,1.5662800073623657,-0.03827860951423645,0.3684736490249634,1.5562217235565186,0.04410276934504509,0.6186346411705017,2.1745285987854004,0.0486108623445034,0.3578811287879944,2.164531707763672,0.10423556715250015,0.6070895195007324,2.716400146484375,0.6732982397079468,0.3511045575141907,2.6998915672302246,0.5380701422691345,0.6105440855026245,2.810469627380371,0.7086430788040161,0.34716111421585083,2.7934203147888184,0.5670036673545837,0.5667985677719116,2.8806493282318115,0.22555117309093475,0.386487752199173,2.865509510040283,0.025880247354507446,0.43692032688248317,0
2026-09-24T12:29:35.699528,S013,S013_A5_Y_20260924_1229,elevated_20,A5,young,class_0,0.5236600637435913,0.4821694493293762,-0.6796321868896484,0.5469554662704468,0.42104417085647583,-0.6423943638801575,0.5640121102333069,0.42110806703567505,-0.641914427280426,0.5770629048347473,0.42209962010383606,-0.6418863534927368,0.49616169929504395,0.42496392130851746,-0.6370341777801514,0.4789953827857971,0.4290678799152374,-0.6362289786338806,0.46340474486351013,0.43261590600013733,-0.6363027095794678,0.597842812538147,0.45264774560928345,-0.38886523246765137,0.4484894275665283,0.4637618362903595,-0.34791719913482666,0.556633472442627,0.5465744137763977,-0.5828676223754883,0.49110493063926697,0.5512447357177734,-0.5707497000694275,0.7594039440155029,0.8195308446884155,-0.2379927933216095,0.30468839406967163,0.8102737665176392,-0.2964944541454315,0.8529411554336548,1.2309774160385132,-0.2169245034456253,0.2062971144914627,1.1883951425552368,-0.24663129448890686,0.8302662968635559,1.5469051599502563,-0.44648876786231995,0.2130439579486847,1.5114084482192993,-0.5534704923629761,0.8587449789047241,1.648715853691101,-0.547667384147644,0.17683210968971252,1.6152675151824951,-0.6537346243858337,0.7999768853187561,1.6441975831985474,-0.5942815542221069,0.22874394059181213,1.6216884851455688,-0.7356022596359253,0.7800295948982239,1.604071855545044,-0.4847121238708496,0.2527788579463959,1.5805059671401978,-0.6047943234443665,0.655875027179718,1.5654585361480713,-0.03571520373225212,0.36873167753219604,1.5559123754501343,0.04155335947871208,0.6186486482620239,2.1721906661987305,0.04053458943963051,0.35992008447647095,2.1616151332855225,0.08707171678543091,0.6071516275405884,2.7140066623687744,0.6212629079818726,0.3513668179512024,2.6975533962249756,0.497222363948822,0.6105612516403198,2.8071229457855225,0.6520422697067261,0.3472491502761841,2.790731191635132,0.523558497428894,0.5668874979019165,2.8771729469299316,0.17448845505714417,0.38667598366737366,2.8612778186798096,-0.00992930680513382,0.43659331701687254,0
2026-09-24T12:29:35.991791,S013,S013_A5_Y_20260924_1229,elevated_20,A5,young,class_0,0.5247517824172974,0.48514091968536377,-0.6810241937637329,0.547817051410675,0.4230688512325287,-0.64362633228302,0.5644322633743286,0.42291226983070374,-0.6431474089622498,0.5772548317909241,0.4236648976802826,-0.6431226134300232,0.4973434805870056,0.4271778166294098,-0.6376075148582458,0.4802797734737396,0.4309388995170593,-0.6367962956428528,0.46448516845703125,0.4343198239803314,-0.6368718147277832,0.5978260636329651,0.4531521797180176,-0.39006930589675903,0.44906696677207947,0.4644950032234192,-0.3501136898994446,0.5570012927055359,0.5487167239189148,-0.5842386484146118,0.49231433868408203,0.5536079406738281,-0.5717958807945251,0.759039044380188,0.8193092942237854,-0.23837032914161682,0.30497026443481445,0.8099170327186584,-0.2966502010822296,0.8514333963394165,1.2290481328964233,-0.21565666794776917,0.20639482140541077,1.1882802248001099,-0.2472049742937088,0.8301060795783997,1.541810393333435,-0.44378918409347534,0.21488013863563538,1.5078727006912231,-0.5550003051757812,0.8587066531181335,1.6418242454528809,-0.5445828437805176,0.1798299103975296,1.6098275184631348,-0.65449458360672,0.8004263639450073,1.6383506059646606,-0.5905262231826782,0.23066434264183044,1.6146926879882812,-0.736380398273468,0.7802722454071045,1.5988693237304688,-0.48176127672195435,0.2542629837989807,1.5741289854049683,-0.6059087514877319,0.6555097699165344,1.565061092376709,-0.03542559593915939,0.3688387870788574,1.5558868646621704,0.041200559586286545,0.6185694336891174,2.1699090003967285,0.041077181696891785,0.36143288016319275,2.1605234146118164,0.09142468869686127,0.6071766018867493,2.710340976715088,0.632163405418396,0.353547602891922,2.6957623958587646,0.5127283334732056,0.6105687618255615,2.801893472671509,0.6649069786071777,0.3489170968532562,2.7885680198669434,0.5408859252929688,0.5669955015182495,2.8734521865844727,0.19038808345794678,0.3887842297554016,2.8577191829681396,0.007179716136306524,0.43619077158204317,0
2026-09-24T12:29:36.323274,S013,S013_A5_Y_20260924_1229,elevated_20,A5,young,class_0,0.5244632959365845,0.48402726650238037,-0.6875616312026978,0.547692060470581,0.42256879806518555,-0.6500039100646973,0.5643999576568604,0.42260411381721497,-0.6495105028152466,0.5772572755813599,0.4234979748725891,-0.6494770050048828,0.49720606207847595,0.4263370633125305,-0.6424107551574707,0.4801539480686188,0.4301830232143402,-0.6415718197822571,0.46440497040748596,0.4335133135318756,-0.6416028738021851,0.5978845357894897,0.45320501923561096,-0.39862924814224243,0.4490754008293152,0.46407586336135864,-0.35097038745880127,0.55694580078125,0.548305869102478,-0.5925043821334839,0.4922199845314026,0.5526667833328247,-0.5773680210113525,0.759139895439148,0.8206350207328796,-0.24501164257526398,0.30486783385276794,0.8094035983085632,-0.2971634268760681,0.8518226742744446,1.22951340675354,-0.2192937433719635,0.20594513416290283,1.1882750988006592,-0.23654720187187195,0.8317367434501648,1.5428547859191895,-0.4359138607978821,0.21279887855052948,1.507596731185913,-0.5409281849861145,0.8614554405212402,1.6422343254089355,-0.5347372889518738,0.17736481130123138,1.6093940734863281,-0.6407961249351501,0.8028112649917603,1.6394429206848145,-0.5790172219276428,0.2279762327671051,1.6145763397216797,-0.7238215208053589,0.7821465730667114,1.5997202396392822,-0.4730479121208191,0.2515939474105835,1.5740547180175781,-0.5930824279785156,0.6542953252792358,1.5648231506347656,-0.03608334809541702,0.3663410544395447,1.5536057949066162,0.041874341666698456,0.6173721551895142,2.169966459274292,0.041207458823919296,0.36055833101272583,2.1603877544403076,0.13477864861488342,0.605503499507904,2.710616111755371,0.6674181222915649,0.3517250716686249,2.695842981338501,0.6249383687973022,0.6083727478981018,2.8027961254119873,0.7045893669128418,0.3471570909023285,2.7891528606414795,0.6601091623306274,0.5660679936408997,2.873650074005127,0.21465745568275452,0.3840186297893524,2.857905387878418,0.11169034242630005,0.43566489071145387,0
2026-09-24T12:29:36.470460,S013,S013_A5_Y_20260924_1229,elevated_20,A5,young,class_0,0.5244531631469727,0.4850117862224579,-0.6780197024345398,0.5477381348609924,0.42339324951171875,-0.6411612033843994,0.564437747001648,0.42334267497062683,-0.6406727433204651,0.5773032307624817,0.4241028130054474,-0.6406756639480591,0.49722304940223694,0.42722922563552856,-0.6353700160980225,0.48016828298568726,0.4309242367744446,-0.6345583200454712,0.46442341804504395,0.4341971278190613,-0.6346054673194885,0.5979293584823608,0.45343106985092163,-0.3882152736186981,0.44910335540771484,0.4644269049167633,-0.3468689024448395,0.5569475889205933,0.5488080978393555,-0.5815326571464539,0.4922133982181549,0.5531526207923889,-0.568839430809021,0.7591879963874817,0.8200215101242065,-0.23838365077972412,0.30515918135643005,0.809382438659668,-0.29418474435806274,0.8520582914352417,1.2291457653045654,-0.2164711207151413,0.20608755946159363,1.1875007152557373,-0.23844191431999207,0.831738293170929,1.5427021980285645,-0.43859386444091797,0.21295389533042908,1.5077450275421143,-0.5597550868988037,0.8613227605819702,1.6425459384918213,-0.538490891456604,0.17747017741203308,1.6096291542053223,-0.6589778661727905,0.8030826449394226,1.638756513595581,-0.5828925967216492,0.22801744937896729,1.6149924993515015,-0.7405970096588135,0.7824684381484985,1.5994930267333984,-0.47542524337768555,0.2517410218715668,1.5744210481643677,-0.6113138198852539,0.6546976566314697,1.564816951751709,-0.03514975681900978,0.36737462878227234,1.553997278213501,0.0408640094101429,0.6180161237716675,2.1698572635650635,0.05200641229748726,0.36227935552597046,2.1599769592285156,0.11835970729589462,0.6058644652366638,2.70939040184021,0.6691033840179443,0.35305270552635193,2.6939423084259033,0.5638471245765686,0.608646035194397,2.8002207279205322,0.7057183980941772,0.34829050302505493,2.7857866287231445,0.5950589179992676,0.5667554140090942,2.872415781021118,0.22658804059028625,0.38717061281204224,2.8564765453338623,0.06682886928319931,0.43570634300412664,0
2026-09-24T12:29:36.598839,S013,S013_A5_Y_20260924_1229,elevated_20,A5,young,class_0,0.5240517854690552,0.48460903763771057,-0.6954588890075684,0.5475342273712158,0.4232510030269623,-0.6584109663963318,0.5643478631973267,0.42329058051109314,-0.6579504013061523,0.5772995352745056,0.4240856468677521,-0.6580299139022827,0.4969504475593567,0.42686736583709717,-0.6508704423904419,0.47989463806152344,0.43057411909103394,-0.6500707864761353,0.4642253518104553,0.43383529782295227,-0.650118350982666,0.5981032848358154,0.45367729663848877,-0.4012955129146576,0.4490318298339844,0.46432265639305115,-0.3516102433204651,0.5567750334739685,0.548721194267273,-0.5975764989852905,0.4917348027229309,0.5529352426528931,-0.582220733165741,0.7596296668052673,0.8200280070304871,-0.2605026662349701,0.305016428232193,0.8093090653419495,-0.2961789071559906,0.8533274531364441,1.2293323278427124,-0.2567376494407654,0.20685255527496338,1.1908462047576904,-0.2855464816093445,0.8319593667984009,1.5446090698242188,-0.48073092103004456,0.213739275932312,1.5078203678131104,-0.6828198432922363,0.8617815971374512,1.6478875875473022,-0.585536003112793,0.17818018794059753,1.6097604036331177,-0.794913649559021,0.8029918670654297,1.6457871198654175,-0.628229022026062,0.22916078567504883,1.615142583847046,-0.8750370740890503,0.782450795173645,1.6043790578842163,-0.5161136388778687,0.2525458335876465,1.5745632648468018,-0.7359638810157776,0.654784083366394,1.56490159034729,-0.0364062562584877,0.3671940267086029,1.5539990663528442,0.04217322915792465,0.6182625889778137,2.170379877090454,0.0565408393740654,0.3607085347175598,2.16054105758667,0.16851696372032166,0.6058840155601501,2.71054744720459,0.7043105363845825,0.35108309984207153,2.694908618927002,0.6655731201171875,0.6086934804916382,2.8034262657165527,0.7438979744911194,0.34631621837615967,2.7880680561065674,0.7021335959434509,0.5665392279624939,2.8748862743377686,0.2589033246040344,0.385265588760376,2.860050916671753,0.16253218054771423,0.435596940559535,0
2026-09-24T12:29:36.722831,S013,S013_A5_Y_20260924_1229,elevated_20,A5,young,class_0,0.5263429284095764,0.48457133769989014,-0.6921360492706299,0.5489581823348999,0.4231606125831604,-0.6525402069091797,0.5654571056365967,0.4231316149234772,-0.652082085609436,0.5779036283493042,0.42391541600227356,-0.652163565158844,0.49848636984825134,0.42681804299354553,-0.6478754281997681,0.4811843931674957,0.43055781722068787,-0.6471168994903564,0.4650605618953705,0.43383461236953735,-0.6471774578094482,0.598349928855896,0.45344945788383484,-0.3909063935279846,0.44926315546035767,0.46433645486831665,-0.3516554534435272,0.5582860708236694,0.5486834645271301,-0.593567967414856,0.49355998635292053,0.5529471635818481,-0.5811761021614075,0.7600620985031128,0.82111656665802,-0.25552505254745483,0.3050660490989685,0.8099805116653442,-0.2978903651237488,0.8546449542045593,1.229955792427063,-0.25428304076194763,0.20789465308189392,1.1920808553695679,-0.2904623746871948,0.831924557685852,1.547592043876648,-0.4792265295982361,0.21364808082580566,1.5141565799713135,-0.6714262962341309,0.8612951040267944,1.6522037982940674,-0.5835131406784058,0.1775946021080017,1.6189022064208984,-0.7791059017181396,0.80272376537323,1.648887276649475,-0.6265564560890198,0.22852393984794617,1.6249794960021973,-0.8602834939956665,0.782349705696106,1.607991337776184,-0.5149680376052856,0.252276211977005,1.5833585262298584,-0.7244898080825806,0.6570087671279907,1.5678991079330444,-0.03618492931127548,0.36847060918807983,1.5579018592834473,0.04193802550435066,0.6184500455856323,2.173698902130127,0.06276317685842514,0.36007407307624817,2.1629958152770996,0.15838804841041565,0.6053900718688965,2.712462902069092,0.7142728567123413,0.34979483485221863,2.6956050395965576,0.6363189220428467,0.6079393625259399,2.8050951957702637,0.7536799311637878,0.34505409002304077,2.7886438369750977,0.6706523299217224,0.5664830803871155,2.8765063285827637,0.28069034218788147,0.3847104609012604,2.8611347675323486,0.1371946632862091,0.43591179275602193,0
2026-09-24T12:29:36.835695,S013,S013_A5_Y_20260924_1229,elevated_20,A5,young,class_0,0.5283185839653015,0.484533429145813,-0.6918562650680542,0.5501129627227783,0.42314380407333374,-0.6522080898284912,0.5662803649902344,0.42309898138046265,-0.6517518162727356,0.5783718228340149,0.42387062311172485,-0.6518217325210571,0.5002025365829468,0.42679309844970703,-0.647908627986908,0.48287433385849,0.4305422902107239,-0.6471491456031799,0.46642571687698364,0.43384110927581787,-0.6472087502479553,0.5984808206558228,0.4532662630081177,-0.3904549479484558,0.44968628883361816,0.46432551741600037,-0.35619989037513733,0.5595197677612305,0.5486736297607422,-0.593007504940033,0.4957243502140045,0.5529378056526184,-0.5812579989433289,0.7600221633911133,0.8183344602584839,-0.2509913146495819,0.3053920865058899,0.8098961114883423,-0.3010733723640442,0.8546595573425293,1.2250804901123047,-0.23893079161643982,0.20791344344615936,1.1920208930969238,-0.2865294814109802,0.8321864008903503,1.543241262435913,-0.46941274404525757,0.21479415893554688,1.5141481161117554,-0.6599646806716919,0.8615474700927734,1.6458282470703125,-0.5737494230270386,0.1797425001859665,1.6188633441925049,-0.7598255276679993,0.804115891456604,1.6428735256195068,-0.6185595989227295,0.22993716597557068,1.6247458457946777,-0.8420262336730957,0.7834654450416565,1.6035802364349365,-0.5061405897140503,0.2534898817539215,1.5831265449523926,-0.7116106748580933,0.6580082178115845,1.564845323562622,-0.03565129637718201,0.3708259165287018,1.5572457313537598,0.041356347501277924,0.6198532581329346,2.1703615188598633,0.05950270965695381,0.36385396122932434,2.1624200344085693,0.1486351191997528,0.6075736880302429,2.710005521774292,0.6918133497238159,0.35514402389526367,2.6955528259277344,0.6126154661178589,0.6098490357398987,2.8013739585876465,0.7288036346435547,0.3507155776023865,2.7884392738342285,0.6456635594367981,0.5708686709403992,2.873641014099121,0.2597142159938812,0.3893511891365051,2.8599774837493896,0.11468253284692764,0.43601750524373295,0
2026-09-24T12:29:36.944546,S013,S013_A5_Y_20260924_1229,elevated_20,A5,young,class_0,0.5301385521888733,0.48458078503608704,-0.6932021975517273,0.551792562007904,0.423115611076355,-0.6529566645622253,0.5675946474075317,0.4230019450187683,-0.6525133848190308,0.5792049169540405,0.42375677824020386,-0.6525862812995911,0.5018931031227112,0.42677241563796997,-0.6502676010131836,0.48442450165748596,0.4305337071418762,-0.6495174169540405,0.46766728162765503,0.4338761866092682,-0.6495870351791382,0.599128007888794,0.45305946469306946,-0.39054596424102783,0.4500986635684967,0.4643329083919525,-0.36212974786758423,0.5609845519065857,0.5487649440765381,-0.5935211181640625,0.49760404229164124,0.5530989766120911,-0.5838826894760132,0.7601627707481384,0.818252444267273,-0.25026267766952515,0.30538052320480347,0.8104279041290283,-0.30781829357147217,0.8546631932258606,1.2251394987106323,-0.2375905066728592,0.2087683379650116,1.1969465017318726,-0.2840682864189148,0.8321956396102905,1.5446799993515015,-0.47001442313194275,0.21528522670269012,1.5206043720245361,-0.6337721347808838,0.8615511059761047,1.6478971242904663,-0.574495792388916,0.18020127713680267,1.624932885169983,-0.7296016216278076,0.8041359186172485,1.6454554796218872,-0.6192933917045593,0.23005399107933044,1.6315919160842896,-0.8167774081230164,0.7834857702255249,1.6058305501937866,-0.5067850947380066,0.2536488473415375,1.5896180868148804,-0.6859727501869202,0.6589882969856262,1.5648468732833862,-0.03545280173420906,0.37223514914512634,1.5577256679534912,0.04112982749938965,0.6213486790657043,2.1703975200653076,0.05581256002187729,0.3653803765773773,2.1628811359405518,0.13874691724777222,0.609136700630188,2.7100563049316406,0.6788126826286316,0.35673627257347107,2.696276903152466,0.5884391069412231,0.6114283800125122,2.8014795780181885,0.7148071527481079,0.3522539436817169,2.7890899181365967,0.6200560331344604,0.5729368925094604,2.873753309249878,0.24768154323101044,0.39129602909088135,2.8605401515960693,0.09324957430362701,0.4359051638166937,0
2026-09-24T12:29:37.058090,S013,S013_A5_Y_20260924_1229,elevated_20,A5,young,class_0,0.5316479802131653,0.48495709896087646,-0.6894846558570862,0.5531265735626221,0.42322126030921936,-0.6494228839874268,0.5686553120613098,0.42304059863090515,-0.6489992141723633,0.5800077319145203,0.423796147108078,-0.6490699052810669,0.503242015838623,0.4269863963127136,-0.6481123566627502,0.48563694953918457,0.4307537078857422,-0.6473568081855774,0.4687159061431885,0.4341718852519989,-0.6474285125732422,0.5998121500015259,0.45306703448295593,-0.38453057408332825,0.4503515660762787,0.4644761085510254,-0.3619194030761719,0.5622082948684692,0.5491583943367004,-0.5883176326751709,0.49907198548316956,0.5535929799079895,-0.580912172794342,0.7601634860038757,0.8168424963951111,-0.24242985248565674,0.3049779534339905,0.8105443120002747,-0.3066469430923462,0.8547244071960449,1.2224993705749512,-0.23344826698303223,0.20949645340442657,1.200576901435852,-0.2821933627128601,0.832116961479187,1.5445091724395752,-0.472512423992157,0.2156762331724167,1.5241692066192627,-0.6185339093208313,0.8610706329345703,1.6480098962783813,-0.5778591632843018,0.1805114597082138,1.6272985935211182,-0.7145379185676575,0.8040710687637329,1.6453279256820679,-0.6220773458480835,0.2300674021244049,1.6331312656402588,-0.8031729459762573,0.7834503054618835,1.6057827472686768,-0.50905442237854,0.2537950277328491,1.5916868448257446,-0.6706293225288391,0.6601065397262573,1.5646082162857056,-0.03497030586004257,0.37486377358436584,1.5582135915756226,0.04054851084947586,0.6234728097915649,2.1698689460754395,0.05567479878664017,0.36995527148246765,2.1628870964050293,0.10806609690189362,0.6122552156448364,2.7097935676574707,0.6665310859680176,0.3632895052433014,2.6963531970977783,0.5264424085617065,0.6143335103988647,2.8008100986480713,0.700772762298584,0.35904523730278015,2.788862705230713,0.555118978023529,0.5780097842216492,2.873387098312378,0.23693302273750305,0.3998902142047882,2.8606326580047607,0.031229287385940552,0.4362144817655531,0
2026-09-24T12:29:37.167898,S013,S013_A5_Y_20260924_1229,elevated_20,A5,young,class_0,0.5332198143005371,0.4849781095981598,-0.6894643306732178,0.5545531511306763,0.42320168018341064,-0.6490823030471802,0.569796085357666,0.42298659682273865,-0.6486706733703613,0.5808684229850769,0.423752099275589,-0.6487432718276978,0.5045457482337952,0.42697665095329285,-0.6481068134307861,0.48680442571640015,0.4307427406311035,-0.6473516821861267,0.4696981906890869,0.4341721534729004,-0.6474236249923706,0.6003422737121582,0.4529762864112854,-0.3813594877719879,0.45057225227355957,0.4644690752029419,-0.36189258098602295,0.5633866190910339,0.5492364168167114,-0.5879442691802979,0.5004631280899048,0.5536684393882751,-0.58092200756073,0.7601741552352905,0.8155895471572876,-0.24003788828849792,0.3048887848854065,0.8110249638557434,-0.3066202998161316,0.8547223806381226,1.2209779024124146,-0.23340430855751038,0.21069395542144775,1.2039669752120972,-0.2824851870536804,0.8321941494941711,1.5428370237350464,-0.4809817671775818,0.217190220952034,1.524984359741211,-0.6224097013473511,0.8612349629402161,1.6466461420059204,-0.5873047113418579,0.18215827643871307,1.6277514696121216,-0.7224463820457458,0.8042483329772949,1.643996000289917,-0.632290244102478,0.23118464648723602,1.6335232257843018,-0.8089658617973328,0.7835975885391235,1.6044366359710693,-0.5179771780967712,0.25487980246543884,1.592034101486206,-0.674688994884491,0.6619227528572083,1.564205527305603,-0.03480738028883934,0.3766383230686188,1.558284878730774,0.04037458822131157,0.6260329484939575,2.169546365737915,0.05563846975564957,0.37145906686782837,2.162949562072754,0.1080063208937645,0.6157033443450928,2.709674596786499,0.6671330332756042,0.3659883141517639,2.6963918209075928,0.5320996046066284,0.6179410815238953,2.800823211669922,0.7015388011932373,0.3619089722633362,2.7889294624328613,0.5612766146659851,0.582011342048645,2.87314510345459,0.23805148899555206,0.4029321074485779,2.8606886863708496,0.03556675836443901,0.4362081913537643,0
2026-09-24T12:29:37.407839,S013,S013_A5_Y_20260924_1229,elevated_20,A5,young,class_0,0.5343459844589233,0.48679739236831665,-0.6949784755706787,0.5553781390190125,0.42413797974586487,-0.6557972431182861,0.5703600645065308,0.42370763421058655,-0.6553823351860046,0.5812035799026489,0.42432481050491333,-0.6554308533668518,0.5054991245269775,0.42824438214302063,-0.6552979946136475,0.4877021312713623,0.43183043599128723,-0.6545387506484985,0.47065067291259766,0.4351363182067871,-0.6545937061309814,0.6003957986831665,0.45320114493370056,-0.3867378830909729,0.45101553201675415,0.4648209512233734,-0.36810559034347534,0.5638176202774048,0.551040768623352,-0.5922695398330688,0.5013356804847717,0.5554733276367188,-0.5856614112854004,0.7601674199104309,0.8155384063720703,-0.24315154552459717,0.30505236983299255,0.8111192584037781,-0.30842459201812744,0.8547737002372742,1.2193149328231812,-0.23628218472003937,0.21061035990715027,1.203264594078064,-0.27913519740104675,0.8326042890548706,1.5429502725601196,-0.48292797803878784,0.21690090000629425,1.525530219078064,-0.5910149216651917,0.8615091443061829,1.6467663049697876,-0.5889438390731812,0.18172812461853027,1.628176212310791,-0.6889110803604126,0.8055432438850403,1.6440762281417847,-0.633614718914032,0.23063191771507263,1.6339993476867676,-0.7767377495765686,0.784654438495636,1.6046959161758423,-0.5200682878494263,0.25458261370658875,1.592840552330017,-0.6433752775192261,0.6626228094100952,1.5645047426223755,-0.03558642417192459,0.3788617253303528,1.56002938747406,0.04104346036911011,0.6282920837402344,2.169558048248291,0.058434516191482544,0.3759194314479828,2.163740873336792,0.11006943136453629,0.6192705631256104,2.7094321250915527,0.6792144775390625,0.37257060408592224,2.6964895725250244,0.5420938730239868,0.6219694018363953,2.799794912338257,0.7153799533843994,0.3691342771053314,2.7889864444732666,0.5736201405525208,0.5848729610443115,2.873055934906006,0.25115224719047546,0.4067246913909912,2.860642433166504,0.05000849440693855,0.4364094645202179,0
2026-09-24T12:29:37.614587,S013,S013_A5_Y_20260924_1229,elevated_20,A5,young,class_0,0.5352258682250977,0.4879901111125946,-0.6951416730880737,0.5560252070426941,0.4249004125595093,-0.6562908887863159,0.5707933306694031,0.4243943989276886,-0.6558835506439209,0.5814707279205322,0.4249391555786133,-0.6559345126152039,0.5063157081604004,0.4290224015712738,-0.6557123064994812,0.48847389221191406,0.4324904978275299,-0.6549539566040039,0.4714698791503906,0.43571949005126953,-0.6550112962722778,0.6004335880279541,0.4535893201828003,-0.38812655210494995,0.45138758420944214,0.4650656580924988,-0.3688103258609772,0.5640523433685303,0.5524561405181885,-0.5925083756446838,0.5019776225090027,0.5568569898605347,-0.5858904123306274,0.7601251602172852,0.8154978156089783,-0.24331335723400116,0.30598172545433044,0.8101025819778442,-0.3084024488925934,0.8547419309616089,1.2175148725509644,-0.23107285797595978,0.20700745284557343,1.1934471130371094,-0.26330429315567017,0.8314123153686523,1.5378574132919312,-0.45911502838134766,0.21528175473213196,1.5142430067062378,-0.5497273206710815,0.8592707514762878,1.6413815021514893,-0.5610700845718384,0.18095283210277557,1.6173940896987915,-0.6468396782875061,0.8032696843147278,1.6382399797439575,-0.6077699661254883,0.23009133338928223,1.62359619140625,-0.7308882474899292,0.7831286787986755,1.5981532335281372,-0.49669456481933594,0.25342634320259094,1.5820072889328003,-0.6005445718765259,0.6619157195091248,1.5627477169036865,-0.035619571805000305,0.3784296214580536,1.5579688549041748,0.04106685146689415,0.6282531023025513,2.167144298553467,0.05679767578840256,0.37559741735458374,2.1618237495422363,0.10995662212371826,0.619121253490448,2.707491159439087,0.6751375794410706,0.3719416558742523,2.6959567070007324,0.5414611101150513,0.6218473315238953,2.7973849773406982,0.7112888693809509,0.36843520402908325,2.7887332439422607,0.5720717310905457,0.5846121907234192,2.8722119331359863,0.24318094551563263,0.40581923723220825,2.858603000640869,0.04276147857308388,0.4358237554803764,0
2026-09-24T12:29:37.875605,S013,S013_A5_Y_20260924_1229,elevated_20,A5,young,class_0,0.5353392958641052,0.48797929286956787,-0.7044952511787415,0.5561164617538452,0.424889475107193,-0.6658328771591187,0.570907473564148,0.42437025904655457,-0.6654431819915771,0.5815492272377014,0.42491674423217773,-0.6655179262161255,0.5063997507095337,0.4290386140346527,-0.6641712784767151,0.4885341227054596,0.43254098296165466,-0.663409948348999,0.47152280807495117,0.4358102083206177,-0.6634689569473267,0.6004454493522644,0.4535979926586151,-0.3977731764316559,0.4514371454715729,0.4651757478713989,-0.37361305952072144,0.5641879439353943,0.5525314807891846,-0.6019241809844971,0.5021127462387085,0.5568769574165344,-0.593980073928833,0.7601426243782043,0.8155028820037842,-0.2506382167339325,0.3062186539173126,0.8101418018341064,-0.3128435015678406,0.8550888299942017,1.2174506187438965,-0.23872490227222443,0.20773449540138245,1.1953128576278687,-0.27997493743896484,0.8325700759887695,1.5395666360855103,-0.46565690636634827,0.21527819335460663,1.5176876783370972,-0.6048507690429688,0.8610328435897827,1.6444251537322998,-0.5683167576789856,0.18083781003952026,1.6217176914215088,-0.7090718746185303,0.8046183586120605,1.6444752216339111,-0.6158050298690796,0.23007595539093018,1.629167914390564,-0.7910894155502319,0.7844693064689636,1.6033415794372559,-0.503250241279602,0.2534107565879822,1.5870416164398193,-0.6555920243263245,0.6630124449729919,1.5628979206085205,-0.035976313054561615,0.37897199392318726,1.5580233335494995,0.041387852281332016,0.6287045478820801,2.1671648025512695,0.06202549859881401,0.37542638182640076,2.1623129844665527,0.13649211823940277,0.6194172501564026,2.708082675933838,0.7071738243103027,0.3715442717075348,2.69706654548645,0.6074639558792114,0.6219501495361328,2.7991974353790283,0.7460454106330872,0.36794641613960266,2.79018235206604,0.6414793729782104,0.5857805609703064,2.8732855319976807,0.27173855900764465,0.4053400456905365,2.86134934425354,0.10380445420742035,0.4356159635077885,0
2026-09-24T12:29:38.078998,S013,S013_A5_Y_20260924_1229,elevated_20,A5,young,class_0,0.5355086922645569,0.4879907965660095,-0.6979707479476929,0.5562459230422974,0.4249335825443268,-0.6599108576774597,0.5710240602493286,0.42439794540405273,-0.6595293283462524,0.5816571116447449,0.42494311928749084,-0.6596169471740723,0.5066412687301636,0.42910951375961304,-0.6582487225532532,0.4887358546257019,0.4326253831386566,-0.6574538946151733,0.47174835205078125,0.4359132945537567,-0.6575186252593994,0.6005182266235352,0.4536254107952118,-0.3956109881401062,0.4516555666923523,0.4653177261352539,-0.37098485231399536,0.5643647909164429,0.5525428056716919,-0.5967448353767395,0.5023815631866455,0.5568847060203552,-0.5888240337371826,0.7601349353790283,0.8150697350502014,-0.2477911412715912,0.30640482902526855,0.8099535703659058,-0.3112064003944397,0.8549846410751343,1.217417597770691,-0.22829696536064148,0.2077500820159912,1.1952025890350342,-0.2751769423484802,0.8326388597488403,1.5387802124023438,-0.4439822733402252,0.21590562164783478,1.5153228044509888,-0.590480387210846,0.8613961338996887,1.643163800239563,-0.5433332324028015,0.1818256676197052,1.6192290782928467,-0.6911405324935913,0.8049511909484863,1.6434227228164673,-0.5900901556015015,0.23115301132202148,1.6266286373138428,-0.7724325656890869,0.7847609519958496,1.6022053956985474,-0.48120832443237305,0.25398892164230347,1.5841730833053589,-0.6411108374595642,0.6630002856254578,1.561206579208374,-0.03565128892660141,0.3785003423690796,1.5555919408798218,0.04111377149820328,0.6276542544364929,2.1645898818969727,0.044890984892845154,0.37109243869781494,2.1597516536712646,0.14283235371112823,0.616074800491333,2.7067739963531494,0.6603127121925354,0.3635464608669281,2.695753574371338,0.6096267700195312,0.6178141236305237,2.798888921737671,0.6955211758613586,0.3596455454826355,2.7894387245178223,0.6424534916877747,0.5824223160743713,2.8719515800476074,0.21770019829273224,0.39676326513290405,2.8605291843414307,0.10834133625030518,0.43486731419589186,0
2026-09-24T12:29:38.228226,S013,S013_A5_Y_20260924_1229,elevated_20,A5,young,class_0,0.5355714559555054,0.4875742495059967,-0.7142884135246277,0.5563814640045166,0.42468327283859253,-0.6755996346473694,0.5712049007415771,0.4242185354232788,-0.6751901507377625,0.5818346738815308,0.4248727858066559,-0.6752241849899292,0.506797730922699,0.428663432598114,-0.673470139503479,0.4890042841434479,0.4321836233139038,-0.6726815700531006,0.4720594882965088,0.43557098507881165,-0.6727067232131958,0.6009361147880554,0.45369067788124084,-0.4075945019721985,0.45185619592666626,0.4651946425437927,-0.38108256459236145,0.564527153968811,0.5523666739463806,-0.6119170784950256,0.5025286674499512,0.5565809607505798,-0.603361964225769,0.7602638006210327,0.8163177967071533,-0.25182977318763733,0.3062684237957001,0.809842050075531,-0.31991463899612427,0.8541350364685059,1.217350721359253,-0.22837750613689423,0.2073744833469391,1.1949135065078735,-0.2672804296016693,0.8337276577949524,1.5388835668563843,-0.44631314277648926,0.21533331274986267,1.5155261754989624,-0.5590912103652954,0.8640077710151672,1.6432058811187744,-0.5464338064193726,0.18078137934207916,1.6192628145217896,-0.6587353944778442,0.808102011680603,1.643539309501648,-0.5933451056480408,0.23044173419475555,1.6268532276153564,-0.7421204447746277,0.787124514579773,1.602276086807251,-0.4845595955848694,0.2533297836780548,1.584493637084961,-0.6096779108047485,0.6621271967887878,1.5614094734191895,-0.0363948792219162,0.37684738636016846,1.5552672147750854,0.04179096966981888,0.6253459453582764,2.164883613586426,0.06695879250764847,0.3684634566307068,2.159963846206665,0.1659291684627533,0.6138417720794678,2.7074673175811768,0.7396750450134277,0.3611432909965515,2.6965739727020264,0.6738332509994507,0.6150470972061157,2.800208330154419,0.7808560132980347,0.3571886420249939,2.7903263568878174,0.7113691568374634,0.5815977454185486,2.872223377227783,0.3001381456851959,0.3941476345062256,2.8611931800842285,0.1655791699886322,0.4350958289512412,0
2026-09-24T12:29:38.354476,S013,S013_A5_Y_20260924_1229,elevated_20,A5,young,class_0,0.5356808304786682,0.48916128277778625,-0.713954508304596,0.5565704703330994,0.42609938979148865,-0.6740710139274597,0.5713449716567993,0.4257923662662506,-0.6736438274383545,0.5819462537765503,0.4264402389526367,-0.6735956072807312,0.5069272518157959,0.4298025369644165,-0.6715596318244934,0.4891187250614166,0.43310418725013733,-0.6707572340965271,0.4721924662590027,0.4362528622150421,-0.6707717776298523,0.600950300693512,0.4552341103553772,-0.4061354994773865,0.45192819833755493,0.465679794549942,-0.3790072500705719,0.5645730495452881,0.5546249151229858,-0.6116482019424438,0.502535343170166,0.5584166049957275,-0.603088915348053,0.7599523663520813,0.8194372057914734,-0.24689945578575134,0.30560237169265747,0.8108890652656555,-0.31967031955718994,0.8541156649589539,1.2208760976791382,-0.2331949770450592,0.20765165984630585,1.1990689039230347,-0.3162195682525635,0.8350863456726074,1.5404595136642456,-0.48903965950012207,0.21643590927124023,1.5160982608795166,-0.735194206237793,0.8664780855178833,1.644406795501709,-0.5948944687843323,0.18154305219650269,1.6198440790176392,-0.8524119257926941,0.810246467590332,1.6444705724716187,-0.6399848461151123,0.23271183669567108,1.626832365989685,-0.9251614809036255,0.7886037230491638,1.6033896207809448,-0.5280840992927551,0.2560446858406067,1.5844998359680176,-0.7856078147888184,0.6618701219558716,1.5642311573028564,-0.03545239195227623,0.3749736249446869,1.5568701028823853,0.04101283848285675,0.6245737075805664,2.168692111968994,0.06620462238788605,0.3670884668827057,2.1620161533355713,0.14229661226272583,0.6137853860855103,2.7097761631011963,0.7285110950469971,0.36105233430862427,2.696643352508545,0.6139661073684692,0.615059494972229,2.8037843704223633,0.7691336870193481,0.3570059835910797,2.7903642654418945,0.6458900570869446,0.5809965133666992,2.873643398284912,0.2956255078315735,0.3950304388999939,2.861921548843384,0.09958842396736145,0.435134433987483,0
2026-09-24T12:29:38.475109,S013,S013_A5_Y_20260924_1229,elevated_20,A5,young,class_0,0.5356956124305725,0.48837560415267944,-0.7133070230484009,0.5566551089286804,0.42535024881362915,-0.6725026369094849,0.5714465379714966,0.42508742213249207,-0.6720649003982544,0.5820319652557373,0.4258868098258972,-0.6720033884048462,0.5070708990097046,0.42897236347198486,-0.6702899932861328,0.489344984292984,0.43236637115478516,-0.6695276498794556,0.4724154472351074,0.435717910528183,-0.6695488095283508,0.6010918617248535,0.4549594521522522,-0.4049344062805176,0.45207080245018005,0.4653904139995575,-0.37851616740226746,0.5646162033081055,0.5541077256202698,-0.6114463806152344,0.502557635307312,0.5578623414039612,-0.602473795413971,0.7599651217460632,0.8194185495376587,-0.24690887331962585,0.30560770630836487,0.810596764087677,-0.3194112479686737,0.8555536270141602,1.2203150987625122,-0.23384328186511993,0.20627696812152863,1.1971355676651,-0.3150171637535095,0.8359986543655396,1.5391554832458496,-0.4889959394931793,0.21507246792316437,1.514886736869812,-0.7161564230918884,0.8670098185539246,1.642356514930725,-0.5958060026168823,0.18037444353103638,1.6184005737304688,-0.8275429010391235,0.8107064366340637,1.6411229372024536,-0.6411572694778442,0.23134562373161316,1.6248114109039307,-0.9233530163764954,0.7890995740890503,1.6008669137954712,-0.5276609659194946,0.25469285249710083,1.5828604698181152,-0.7751044034957886,0.6618313193321228,1.5637763738632202,-0.034986358135938644,0.37496238946914673,1.556774616241455,0.040549296885728836,0.6241300702095032,2.1686415672302246,0.0642879456281662,0.36652055382728577,2.1620335578918457,0.12198764085769653,0.6127217411994934,2.7100980281829834,0.7053377032279968,0.3595438599586487,2.697432279586792,0.5637012720108032,0.6142327189445496,2.804115056991577,0.7429388761520386,0.3552173376083374,2.7913665771484375,0.5930796265602112,0.5793194770812988,2.8738791942596436,0.2727892994880676,0.39393505454063416,2.8623244762420654,0.05317573621869087,0.43553487301122723,0
2026-09-24T12:29:38.599853,S013,S013_A5_Y_20260924_1229,elevated_20,A5,young,class_0,0.5360387563705444,0.4884820878505707,-0.7125030755996704,0.5567589998245239,0.4255814552307129,-0.6705428957939148,0.571489691734314,0.4253026247024536,-0.6701346635818481,0.5820494294166565,0.42605888843536377,-0.6701233386993408,0.5072394013404846,0.4292216897010803,-0.6701436042785645,0.4894864559173584,0.43263521790504456,-0.6693723797798157,0.47253865003585815,0.4359942674636841,-0.669379472732544,0.6007584929466248,0.4550122618675232,-0.3989658057689667,0.4521222710609436,0.4655146300792694,-0.3777444064617157,0.5647812485694885,0.5542713403701782,-0.609154224395752,0.5028332471847534,0.5580419301986694,-0.6020714044570923,0.7585386633872986,0.8194352388381958,-0.24120816588401794,0.304996132850647,0.8105974197387695,-0.3198573589324951,0.8544136881828308,1.2200959920883179,-0.23314957320690155,0.20618322491645813,1.1983040571212769,-0.3080905079841614,0.8368056416511536,1.5390262603759766,-0.49105149507522583,0.21576447784900665,1.514707088470459,-0.6773614883422852,0.8690230250358582,1.642380952835083,-0.5971001386642456,0.1816616952419281,1.6178500652313232,-0.7847256660461426,0.8123470544815063,1.6411967277526855,-0.6435942649841309,0.23267607390880585,1.6243858337402344,-0.8751031160354614,0.7905474305152893,1.600955605506897,-0.5300843119621277,0.25534912943840027,1.5823805332183838,-0.7334297895431519,0.6617536544799805,1.5644774436950684,-0.033968232572078705,0.3749180734157562,1.5576462745666504,0.03950420767068863,0.6240290403366089,2.1689717769622803,0.06249925494194031,0.3658686578273773,2.1631720066070557,0.11497507244348526,0.6127020120620728,2.7114219665527344,0.6890648603439331,0.3587743639945984,2.6985373497009277,0.5444491505622864,0.6142312288284302,2.8066132068634033,0.7248286604881287,0.3542634844779968,2.792421817779541,0.5724784135818481,0.5793265104293823,2.874711513519287,0.25478020310401917,0.39389872550964355,2.8641245365142822,0.036375850439071655,0.43490871075941456,0
2026-09-24T12:29:38.714169,S013,S013_A5_Y_20260924_1229,elevated_20,A5,young,class_0,0.5358403921127319,0.4879409968852997,-0.6927309036254883,0.5567214488983154,0.4250525236129761,-0.6520462036132812,0.5714941024780273,0.42476966977119446,-0.6516057252883911,0.5820666551589966,0.4255707561969757,-0.6515980958938599,0.5071702599525452,0.4286074638366699,-0.6505199074745178,0.4894251227378845,0.43207964301109314,-0.6497500538825989,0.4724520742893219,0.43548527359962463,-0.6497976183891296,0.6007697582244873,0.45426860451698303,-0.3875928521156311,0.45214977860450745,0.46464627981185913,-0.36457929015159607,0.56468665599823,0.5536035299301147,-0.5920810699462891,0.502687931060791,0.5573778748512268,-0.5848513841629028,0.7583483457565308,0.8190126419067383,-0.22806361317634583,0.3046349883079529,0.8100816011428833,-0.3110193610191345,0.8542612791061401,1.2215863466262817,-0.210346058011055,0.20608732104301453,1.1963506937026978,-0.28400811553001404,0.8367587327957153,1.5389119386672974,-0.47055283188819885,0.21579690277576447,1.5098069906234741,-0.6366168856620789,0.8689837455749512,1.642173171043396,-0.574845552444458,0.18170276284217834,1.61271333694458,-0.7417548894882202,0.8121143579483032,1.6398890018463135,-0.624191164970398,0.23270361125469208,1.6186549663543701,-0.8252066373825073,0.7903053760528564,1.599281907081604,-0.5103370547294617,0.2553888261318207,1.5766699314117432,-0.6896182298660278,0.661389172077179,1.5641535520553589,-0.029267314821481705,0.37362128496170044,1.5572558641433716,0.035030297935009,0.6239317655563354,2.1689400672912598,0.06183277815580368,0.36585894227027893,2.162480354309082,0.09937635809183121,0.6127049922943115,2.711174488067627,0.6641644835472107,0.3580489754676819,2.698230266571045,0.5126559734344482,0.6143153309822083,2.80637264251709,0.6974604725837708,0.35276949405670166,2.792290449142456,0.5390677452087402,0.5789164304733276,2.874537467956543,0.22996708750724792,0.3938564956188202,2.8637402057647705,0.01063346303999424,0.43488808102355586,0
2026-09-24T12:29:38.835014,S013,S013_A5_Y_20260924_1229,elevated_20,A5,young,class_0,0.5366663336753845,0.488029807806015,-0.6927986145019531,0.5568650364875793,0.4252481758594513,-0.6520568132400513,0.5715372562408447,0.4249357283115387,-0.6516225934028625,0.5820792317390442,0.42567795515060425,-0.6516140103340149,0.5075634717941284,0.4288620948791504,-0.6506310105323792,0.48977965116500854,0.432345449924469,-0.6498608589172363,0.472853422164917,0.4357515275478363,-0.6499073505401611,0.6002886891365051,0.45428428053855896,-0.3850998878479004,0.4522469937801361,0.4648294448852539,-0.36460742354393005,0.565085768699646,0.553766131401062,-0.5920427441596985,0.5034362077713013,0.5576280355453491,-0.584924578666687,0.7583452463150024,0.8189718723297119,-0.2289862185716629,0.30456632375717163,0.8126608729362488,-0.3110271692276001,0.8554143905639648,1.2225496768951416,-0.2220039814710617,0.20633144676685333,1.20901620388031,-0.2938818335533142,0.8400053977966309,1.541825532913208,-0.510417103767395,0.21731317043304443,1.5204890966415405,-0.661851704120636,0.8726953268051147,1.645017147064209,-0.6203520894050598,0.1838390976190567,1.6214942932128906,-0.7690595388412476,0.816545844078064,1.6426072120666504,-0.6643878817558289,0.23422841727733612,1.6241830587387085,-0.8520908355712891,0.7940024137496948,1.6031627655029297,-0.549105167388916,0.2571283280849457,1.5835189819335938,-0.7146221399307251,0.662417471408844,1.566940426826477,-0.02926059439778328,0.37502551078796387,1.5634454488754272,0.035018932074308395,0.6260353326797485,2.1759414672851562,0.06424622237682343,0.36827677488327026,2.1695475578308105,0.09514915943145752,0.6159770488739014,2.7167294025421143,0.6662200689315796,0.3661065399646759,2.7026145458221436,0.5107008814811707,0.6192718148231506,2.809407949447632,0.7000308036804199,0.36141982674598694,2.7945027351379395,0.5387077927589417,0.5792128443717957,2.8805184364318848,0.2300921231508255,0.4071834087371826,2.870448112487793,0.009077404625713825,0.4351780995272479,0
2026-09-24T12:29:39.133172,S013,S013_A5_Y_20260924_1229,elevated_20,A5,young,class_0,0.5369185209274292,0.4881235957145691,-0.6828235387802124,0.5569735765457153,0.4253610372543335,-0.642546534538269,0.5715992450714111,0.4250333607196808,-0.6421273350715637,0.5821210145950317,0.42574357986450195,-0.6421183347702026,0.5076895952224731,0.4289827346801758,-0.6411522626876831,0.48986658453941345,0.43246179819107056,-0.6403442621231079,0.4729495644569397,0.4358609914779663,-0.640421986579895,0.6002362370491028,0.4542642831802368,-0.3782908320426941,0.45230698585510254,0.46485403180122375,-0.35783442854881287,0.5652679204940796,0.5537885427474976,-0.5826223492622375,0.5036479234695435,0.5576754212379456,-0.5759894251823425,0.7578263878822327,0.818900465965271,-0.21931977570056915,0.3046204149723053,0.8125730752944946,-0.3041137456893921,0.8520844578742981,1.2225393056869507,-0.20954003930091858,0.20636563003063202,1.2090885639190674,-0.28930777311325073,0.8386548757553101,1.540525197982788,-0.4817431569099426,0.21730808913707733,1.520126461982727,-0.6604072451591492,0.8718463778495789,1.642988920211792,-0.5861114263534546,0.18377450108528137,1.6205813884735107,-0.7678495645523071,0.8161023855209351,1.6398179531097412,-0.6304160952568054,0.23402400314807892,1.6222083568572998,-0.8492199778556824,0.7932628393173218,1.6004273891448975,-0.5205197334289551,0.25707054138183594,1.5817649364471436,-0.7142154574394226,0.6598020792007446,1.5668623447418213,-0.02741885557770729,0.3718465566635132,1.5632976293563843,0.03319862484931946,0.6223486661911011,2.1756584644317627,0.044827260076999664,0.36529794335365295,2.168344259262085,0.06462655961513519,0.6131182909011841,2.7167093753814697,0.6036601066589355,0.36103448271751404,2.7017743587493896,0.43953824043273926,0.6162045001983643,2.809612512588501,0.6313158273696899,0.3555743098258972,2.7934021949768066,0.4618237018585205,0.5767871141433716,2.880197048187256,0.1527411937713623,0.4044857621192932,2.8696541786193848,-0.07169625908136368,0.4346594811214779,0
2026-09-24T12:29:39.349491,S013,S013_A5_Y_20260924_1229,elevated_20,A5,young,class_0,0.5369209051132202,0.48825007677078247,-0.6834393739700317,0.5569895505905151,0.4254392385482788,-0.6427104473114014,0.5716079473495483,0.4251260459423065,-0.6423014402389526,0.5821362137794495,0.42583778500556946,-0.6422886252403259,0.5076918601989746,0.4290083050727844,-0.6417202353477478,0.48986750841140747,0.4324873089790344,-0.6409116983413696,0.47294506430625916,0.4358897805213928,-0.640987753868103,0.6001892685890198,0.45431962609291077,-0.3816673457622528,0.4523293077945709,0.4648645222187042,-0.3580528199672699,0.5652769804000854,0.5539216995239258,-0.5827634930610657,0.5036269426345825,0.5578064322471619,-0.5765064358711243,0.757832407951355,0.8190605640411377,-0.22662898898124695,0.30462679266929626,0.8123794198036194,-0.30422815680503845,0.8520998954772949,1.2230302095413208,-0.21134352684020996,0.20645110309123993,1.2045018672943115,-0.2888859212398529,0.8366941213607788,1.5415570735931396,-0.4710098206996918,0.21781852841377258,1.519241213798523,-0.6595773100852966,0.8688623309135437,1.6447339057922363,-0.5739089250564575,0.1842416673898697,1.6205624341964722,-0.7667752504348755,0.8121644854545593,1.6421630382537842,-0.6195658445358276,0.23500943183898926,1.6225472688674927,-0.8460124135017395,0.7902916669845581,1.602059245109558,-0.509116530418396,0.257851779460907,1.5818252563476562,-0.7133510708808899,0.6604735851287842,1.566969633102417,-0.02763090468943119,0.37219375371932983,1.563249111175537,0.03341013938188553,0.623068630695343,2.175611734390259,0.04808065667748451,0.36528292298316956,2.1682498455047607,0.09455559402704239,0.6137939691543579,2.7165496349334717,0.6562731862068176,0.3608954846858978,2.7015273571014404,0.5343980193138123,0.6166744828224182,2.809597969055176,0.6921185255050659,0.3555310368537903,2.793367862701416,0.5645701289176941,0.5782091617584229,2.8801074028015137,0.2178228348493576,0.4029310345649719,2.869124412536621,0.03226152062416077,0.4343739869025836,0
2026-09-24T12:29:39.545016,S013,S013_A5_Y_20260924_1229,elevated_20,A5,young,class_0,0.5370234847068787,0.48815879225730896,-0.6914600133895874,0.5571023225784302,0.42531174421310425,-0.6503773331642151,0.5717092156410217,0.42498645186424255,-0.6499872207641602,0.5822111964225769,0.42572134733200073,-0.650002121925354,0.5077416300773621,0.42896515130996704,-0.6501008868217468,0.4898932874202728,0.43247464299201965,-0.6493472456932068,0.47296515107154846,0.43589484691619873,-0.6494400501251221,0.6002377867698669,0.45431339740753174,-0.38608795404434204,0.4523717761039734,0.4648803770542145,-0.36607515811920166,0.5654250979423523,0.5539246797561646,-0.5901355743408203,0.5036914348602295,0.5578057169914246,-0.5845836400985718,0.7578433156013489,0.8189640045166016,-0.23457904160022736,0.3046819567680359,0.8123648166656494,-0.312288761138916,0.8548476099967957,1.2228151559829712,-0.2184845209121704,0.2061174213886261,1.204414963722229,-0.2864750921726227,0.836778998374939,1.5430305004119873,-0.47092190384864807,0.21693745255470276,1.5208780765533447,-0.6080023050308228,0.8687880635261536,1.6478807926177979,-0.5737956762313843,0.18328523635864258,1.6235617399215698,-0.7075711488723755,0.8114473223686218,1.6468892097473145,-0.6195576190948486,0.23406243324279785,1.6289894580841064,-0.7916850447654724,0.7900599837303162,1.6055922508239746,-0.5088629126548767,0.2566729485988617,1.5872035026550293,-0.6602228879928589,0.6605099439620972,1.5669740438461304,-0.028305450454354286,0.3724595606327057,1.5631585121154785,0.03401878848671913,0.6230639219284058,2.175513982772827,0.045853376388549805,0.36466479301452637,2.1687095165252686,0.09586833417415619,0.6131221055984497,2.7177042961120605,0.656638503074646,0.35931697487831116,2.7049245834350586,0.5322437882423401,0.615769624710083,2.8110859394073486,0.6923481822013855,0.35419243574142456,2.7981863021850586,0.5617091059684753,0.577722430229187,2.8821895122528076,0.21861667931079865,0.3995388448238373,2.871481418609619,0.027705121785402298,0.4340821782899997,0
2026-09-24T12:29:39.667926,S013,S013_A5_Y_20260924_1229,elevated_20,A5,young,class_0,0.5370849967002869,0.48819202184677124,-0.6913999319076538,0.5573211908340454,0.4253406226634979,-0.65036541223526,0.5719291567802429,0.4249996542930603,-0.6499729156494141,0.5824365019798279,0.4257400333881378,-0.6499904990196228,0.5078303217887878,0.4290555715560913,-0.6500021815299988,0.4899539053440094,0.43255674839019775,-0.649247407913208,0.4730411469936371,0.43596017360687256,-0.6493359208106995,0.6006026864051819,0.4544968008995056,-0.3859584331512451,0.45239195227622986,0.4649602770805359,-0.36593207716941833,0.5656395554542542,0.5539717078208923,-0.5901340246200562,0.503713071346283,0.5578309297561646,-0.5844963788986206,0.7585166692733765,0.8188734650611877,-0.23468419909477234,0.304675430059433,0.812421977519989,-0.31238284707069397,0.8552233576774597,1.2237834930419922,-0.21913425624370575,0.2070988118648529,1.2043031454086304,-0.2849131226539612,0.8387876749038696,1.5448155403137207,-0.4710446894168854,0.21760304272174835,1.5212607383728027,-0.6072573661804199,0.8717994689941406,1.6495546102523804,-0.5739403963088989,0.1836528480052948,1.6242378950119019,-0.7082582712173462,0.8134376406669617,1.6489474773406982,-0.6200698614120483,0.2343788594007492,1.630531668663025,-0.7924174070358276,0.7916576862335205,1.607586145401001,-0.508998453617096,0.2570287585258484,1.5884770154953003,-0.6597967743873596,0.6605080366134644,1.5669642686843872,-0.02835799753665924,0.37237322330474854,1.562965750694275,0.034062016755342484,0.6230518221855164,2.175438404083252,0.04521370306611061,0.3646388649940491,2.1686899662017822,0.10402932018041611,0.6128881573677063,2.7177987098693848,0.6575368642807007,0.35853707790374756,2.7051775455474854,0.5504159927368164,0.6154299974441528,2.8115041255950928,0.6931329965591431,0.3533404767513275,2.7988357543945312,0.5807557702064514,0.5774521231651306,2.882190465927124,0.2193755805492401,0.39753252267837524,2.871523857116699,0.04875335842370987,0.43443587185983934,0
2026-09-24T12:29:39.784586,S013,S013_A5_Y_20260924_1229,elevated_20,A5,young,class_0,0.5376549959182739,0.48815473914146423,-0.6954402327537537,0.5581518411636353,0.4251117408275604,-0.6530041694641113,0.5725384950637817,0.4247528314590454,-0.6526105403900146,0.5829349756240845,0.42552947998046875,-0.652633547782898,0.5081617832183838,0.4289851784706116,-0.6536876559257507,0.49017706513404846,0.4325132966041565,-0.6529640555381775,0.47319889068603516,0.4359464645385742,-0.6530410051345825,0.6009429693222046,0.45446300506591797,-0.3860270380973816,0.4524161219596863,0.46497005224227905,-0.3689647316932678,0.5661638379096985,0.5539698004722595,-0.5931153893470764,0.503876805305481,0.5578250885009766,-0.588735818862915,0.7593153715133667,0.8193680644035339,-0.23486801981925964,0.30449002981185913,0.8125969171524048,-0.32007676362991333,0.8564249873161316,1.2269898653030396,-0.219781756401062,0.20711445808410645,1.2058544158935547,-0.2899297773838043,0.8394789695739746,1.549920916557312,-0.4772946834564209,0.2174687683582306,1.528058409690857,-0.616229772567749,0.8719836473464966,1.655566692352295,-0.5824640393257141,0.18335920572280884,1.6326736211776733,-0.7180991172790527,0.8135213851928711,1.654733657836914,-0.6302345991134644,0.2340814620256424,1.6409343481063843,-0.803615391254425,0.7918870449066162,1.612993836402893,-0.5160553455352783,0.25681307911872864,1.5979228019714355,-0.6692890524864197,0.6613113284111023,1.5703548192977905,-0.028288831934332848,0.37284427881240845,1.5669199228286743,0.034002430737018585,0.624108612537384,2.1802923679351807,0.04734370857477188,0.3653201460838318,2.17592453956604,0.10723499953746796,0.6134053468704224,2.7234694957733154,0.6744741201400757,0.35871824622154236,2.713099479675293,0.5537446737289429,0.6160218119621277,2.817959785461426,0.7118543982505798,0.3534639775753021,2.8078396320343018,0.5841391086578369,0.5780342817306519,2.8887860774993896,0.24212613701820374,0.39752867817878723,2.8802785873413086,0.05231841281056404,0.434230788566207,0
2026-09-24T12:29:39.893363,S013,S013_A5_Y_20260924_1229,elevated_20,A5,young,class_0,0.5379942655563354,0.4881744086742401,-0.6960116028785706,0.5586326718330383,0.42510107159614563,-0.6532023549079895,0.5729213953018188,0.4247342050075531,-0.6528105139732361,0.583257794380188,0.42551690340042114,-0.6528306007385254,0.5083961486816406,0.42899730801582336,-0.654118537902832,0.490325927734375,0.4325410723686218,-0.6533973217010498,0.47331300377845764,0.43599045276641846,-0.6534717679023743,0.6013109087944031,0.45450976490974426,-0.3853972256183624,0.4524622857570648,0.46506044268608093,-0.36929017305374146,0.5665484666824341,0.5540141463279724,-0.5934380292892456,0.5040223002433777,0.5578907132148743,-0.5894232392311096,0.7599732875823975,0.8202367424964905,-0.2335033416748047,0.30463770031929016,0.8125928640365601,-0.3215736150741577,0.8569805026054382,1.2285542488098145,-0.219191312789917,0.20640620589256287,1.2041980028152466,-0.2887793779373169,0.8414056897163391,1.5508257150650024,-0.47682905197143555,0.21404564380645752,1.5279659032821655,-0.6083003282546997,0.873559296131134,1.6561577320098877,-0.5816895961761475,0.1789117306470871,1.632832646369934,-0.7102518081665039,0.8154596090316772,1.6550096273422241,-0.6301816701889038,0.2300616204738617,1.641337275505066,-0.7951463460922241,0.7938591241836548,1.613422155380249,-0.5159599781036377,0.2531915009021759,1.5983223915100098,-0.6608876585960388,0.6611509323120117,1.5715382099151611,-0.02735964022576809,0.37268704175949097,1.5673543214797974,0.03305424749851227,0.6234685778617859,2.181657075881958,0.04912435635924339,0.36495476961135864,2.176469326019287,0.09882237017154694,0.611879825592041,2.7249958515167236,0.6740981936454773,0.3570762276649475,2.7135961055755615,0.5265827178955078,0.614465057849884,2.819135904312134,0.7111238241195679,0.3516398072242737,2.8080828189849854,0.5543878078460693,0.5756856203079224,2.890298366546631,0.2414896935224533,0.39475587010383606,2.8803904056549072,0.020191896706819534,0.4341282466655505,0
2026-09-24T12:29:40.019216,S013,S013_A5_Y_20260924_1229,elevated_20,A5,young,class_0,0.5379159450531006,0.48784372210502625,-0.6914804577827454,0.5586411356925964,0.4247828423976898,-0.649453341960907,0.5729614496231079,0.4244175851345062,-0.64903724193573,0.5833413004875183,0.4253038167953491,-0.6490691900253296,0.5084053874015808,0.42880916595458984,-0.6487095952033997,0.4903351366519928,0.43241602182388306,-0.6479582786560059,0.4733237624168396,0.4359239935874939,-0.6480028629302979,0.6016985177993774,0.454510897397995,-0.38363900780677795,0.4524858593940735,0.4650563597679138,-0.3609229326248169,0.5665618181228638,0.553800642490387,-0.5903754830360413,0.5039914846420288,0.5575319528579712,-0.5839778780937195,0.7604560852050781,0.8202535510063171,-0.2335834503173828,0.30456721782684326,0.8125600218772888,-0.3154118061065674,0.8582941293716431,1.2284823656082153,-0.21993401646614075,0.20592114329338074,1.204038143157959,-0.2661967873573303,0.8422349691390991,1.5528241395950317,-0.47670069336891174,0.20999214053153992,1.5282007455825806,-0.5766311287879944,0.8743762969970703,1.6589221954345703,-0.5813189148902893,0.17295417189598083,1.6329245567321777,-0.6764191389083862,0.8157332539558411,1.6582856178283691,-0.6295634508132935,0.22403287887573242,1.6417895555496216,-0.7629190683364868,0.7941626310348511,1.6165138483047485,-0.5156701803207397,0.24793286621570587,1.5990848541259766,-0.6296702027320862,0.6611114740371704,1.571685791015625,-0.029227416962385178,0.3726089894771576,1.5672287940979004,0.03487839549779892,0.6231611371040344,2.1819937229156494,0.047621600329875946,0.3644165098667145,2.1764516830444336,0.10694243758916855,0.6114043593406677,2.7268028259277344,0.6780882477760315,0.35660603642463684,2.7141382694244385,0.5524889230728149,0.6136681437492371,2.8215956687927246,0.7152734398841858,0.3514171242713928,2.80826735496521,0.5824409127235413,0.5757479667663574,2.890936851501465,0.2417759895324707,0.3936576247215271,2.8816328048706055,0.041495103389024734,0.4345263383231151,0
2026-09-24T12:29:40.137962,S013,S013_A5_Y_20260924_1229,elevated_20,A5,young,class_0,0.5378594398498535,0.48774680495262146,-0.6930214762687683,0.5586491823196411,0.4247265160083771,-0.6510847806930542,0.5729754567146301,0.42435532808303833,-0.6506728529930115,0.5833584070205688,0.42524757981300354,-0.6506945490837097,0.5083965063095093,0.42879050970077515,-0.6504065990447998,0.4903215765953064,0.4324129819869995,-0.6496566534042358,0.4733107089996338,0.435926228761673,-0.6497079730033875,0.6018500328063965,0.4545140862464905,-0.3843330442905426,0.45253729820251465,0.46506232023239136,-0.3624129593372345,0.566572904586792,0.553730845451355,-0.5916110277175903,0.5039471387863159,0.5573956370353699,-0.5853275060653687,0.7606295943260193,0.8203877210617065,-0.23364976048469543,0.30459436774253845,0.8127081394195557,-0.31651219725608826,0.8578554391860962,1.228452444076538,-0.22028449177742004,0.20593130588531494,1.2020326852798462,-0.26671022176742554,0.8413530588150024,1.5517425537109375,-0.4766901135444641,0.21003493666648865,1.5263313055038452,-0.5820993185043335,0.8729216456413269,1.6571660041809082,-0.5812445878982544,0.17302489280700684,1.6310018301010132,-0.682545006275177,0.8147193193435669,1.6562827825546265,-0.6295586824417114,0.2241095006465912,1.6401947736740112,-0.7684644460678101,0.7933965921401978,1.6146389245986938,-0.5156649351119995,0.2480204999446869,1.5974421501159668,-0.6349363327026367,0.661037027835846,1.571841835975647,-0.02923765778541565,0.37261998653411865,1.567125678062439,0.03488864749670029,0.6230162382125854,2.1819257736206055,0.047932110726833344,0.36441677808761597,2.1762845516204834,0.10410139709711075,0.6111257672309875,2.7263407707214355,0.6779960989952087,0.35636699199676514,2.7135872840881348,0.5417512655258179,0.6133670210838318,2.8206708431243896,0.7150715589523315,0.3511577248573303,2.8076541423797607,0.5708040595054626,0.5752784013748169,2.8905861377716064,0.241270512342453,0.39262452721595764,2.879960775375366,0.03393389284610748,0.4342576455710583,0
2026-09-24T12:29:40.245477,S013,S013_A5_Y_20260924_1229,elevated_20,A5,young,class_0,0.5377553701400757,0.48773613572120667,-0.6904705166816711,0.5586543679237366,0.4247058033943176,-0.6484383940696716,0.5729890465736389,0.4243270754814148,-0.6480076313018799,0.5833731889724731,0.42521440982818604,-0.6480007767677307,0.5083999037742615,0.4287303388118744,-0.6479859948158264,0.4903275966644287,0.4323410391807556,-0.6472421884536743,0.47331681847572327,0.43585342168807983,-0.6472890377044678,0.6018889546394348,0.45445361733436584,-0.3813478946685791,0.4525884985923767,0.4650089144706726,-0.3615720868110657,0.5665508508682251,0.5537026524543762,-0.5892868041992188,0.5039275288581848,0.5573177933692932,-0.5834798812866211,0.7606586217880249,0.8204085826873779,-0.22739902138710022,0.30462366342544556,0.8126993179321289,-0.31581911444664,0.8581582307815552,1.2285374402999878,-0.2085830718278885,0.205885648727417,1.2004673480987549,-0.26586097478866577,0.8416985273361206,1.5514910221099854,-0.4672597348690033,0.21044909954071045,1.5250712633132935,-0.5817350149154663,0.8729659914970398,1.6562985181808472,-0.5725681781768799,0.17417651414871216,1.6299813985824585,-0.6827691793441772,0.8152803182601929,1.6539192199707031,-0.6229702234268188,0.22494132816791534,1.6376557350158691,-0.7676435708999634,0.7939060926437378,1.6131309270858765,-0.5072275400161743,0.24880602955818176,1.5951894521713257,-0.6339892148971558,0.6609934568405151,1.5718417167663574,-0.027708331122994423,0.37260717153549194,1.5671933889389038,0.03335655480623245,0.6229161024093628,2.181832790374756,0.04889180511236191,0.36457982659339905,2.1761674880981445,0.09099647402763367,0.6110714077949524,2.7262918949127197,0.672878623008728,0.35635408759117126,2.7134530544281006,0.511391818523407,0.6132907271385193,2.8200924396514893,0.7086723446846008,0.35103777050971985,2.807509422302246,0.539073646068573,0.5753229260444641,2.8905134201049805,0.23881252110004425,0.39279693365097046,2.879779100418091,0.004963424988090992,0.43495371333691574,0
2026-09-24T12:29:40.355062,S013,S013_A5_Y_20260924_1229,elevated_20,A5,young,class_0,0.5376981496810913,0.4874197542667389,-0.6915122270584106,0.5584843754768372,0.4244096875190735,-0.6498238444328308,0.5729458332061768,0.4240504503250122,-0.6493743658065796,0.5833778977394104,0.4249736964702606,-0.6493598222732544,0.508338987827301,0.4284225106239319,-0.649178147315979,0.4903143346309662,0.43207696080207825,-0.6484135985374451,0.47331419587135315,0.435665488243103,-0.6484405994415283,0.6018742918968201,0.4543438255786896,-0.38569390773773193,0.4526076912879944,0.46499404311180115,-0.36372989416122437,0.566556990146637,0.55348140001297,-0.5913373827934265,0.5039358735084534,0.5571393370628357,-0.5848159790039062,0.7612272500991821,0.8213139772415161,-0.23023700714111328,0.30449119210243225,0.8152645230293274,-0.3175334334373474,0.8569931983947754,1.2290854454040527,-0.2075592577457428,0.209082692861557,1.2068403959274292,-0.2413720339536667,0.8403142690658569,1.557962417602539,-0.440233051776886,0.2127688229084015,1.5396499633789062,-0.5155376195907593,0.8719509840011597,1.6625505685806274,-0.5396910905838013,0.1753472238779068,1.6436172723770142,-0.6097914576530457,0.8143636584281921,1.6620609760284424,-0.5831201076507568,0.2257446050643921,1.6525933742523193,-0.6959209442138672,0.792667806148529,1.6209566593170166,-0.47739505767822266,0.25046613812446594,1.609769582748413,-0.5671112537384033,0.661057710647583,1.571913480758667,-0.03125380724668503,0.3725989758968353,1.5671073198318481,0.036765921860933304,0.6229079365730286,2.1820929050445557,0.04879588261246681,0.3646792769432068,2.1762800216674805,0.12487955391407013,0.6112653613090515,2.727618455886841,0.6989808082580566,0.3570592403411865,2.713809013366699,0.6087465882301331,0.6133564710617065,2.8222014904022217,0.7373267412185669,0.35241931676864624,2.8076744079589844,0.6437063217163086,0.577525794506073,2.8907546997070312,0.25642430782318115,0.39310839772224426,2.8801677227020264,0.09919662028551102,0.4346274002096958,0
2026-09-24T12:29:40.475909,S013,S013_A5_Y_20260924_1229,elevated_20,A5,young,class_0,0.5375088453292847,0.48729071021080017,-0.6945235133171082,0.5583204030990601,0.4242469072341919,-0.6535210013389587,0.5728973150253296,0.4238567054271698,-0.6530767679214478,0.5833858251571655,0.4247649908065796,-0.6530842781066895,0.508254885673523,0.4282951354980469,-0.6527154445648193,0.4902803897857666,0.4319692850112915,-0.651951253414154,0.4733014702796936,0.435578316450119,-0.6519732475280762,0.6018829345703125,0.45408403873443604,-0.3884265124797821,0.4526209235191345,0.46493232250213623,-0.3659806549549103,0.5665518045425415,0.5533177256584167,-0.5938030481338501,0.5039339065551758,0.5570343732833862,-0.5869162082672119,0.7615274786949158,0.8217613101005554,-0.2307976484298706,0.30446386337280273,0.815167248249054,-0.3194397985935211,0.8562642931938171,1.2292512655258179,-0.2085089236497879,0.20891496539115906,1.2066758871078491,-0.24495866894721985,0.8396713137626648,1.558157205581665,-0.44430604577064514,0.2111598551273346,1.5388420820236206,-0.5320691466331482,0.8712836503982544,1.662566900253296,-0.5450385212898254,0.17330995202064514,1.6431950330734253,-0.6295333504676819,0.8137192726135254,1.6621490716934204,-0.5895609259605408,0.22342988848686218,1.6517618894577026,-0.7149033546447754,0.792060136795044,1.6209683418273926,-0.4818194806575775,0.2482776939868927,1.6089234352111816,-0.5836408734321594,0.6588108539581299,1.5721611976623535,-0.031760074198246,0.3707158863544464,1.5667884349822998,0.037228330969810486,0.6188398599624634,2.182096242904663,0.04888733848929405,0.36087459325790405,2.1762208938598633,0.123044952750206,0.6072388291358948,2.7278032302856445,0.6981328129768372,0.3532184064388275,2.713735818862915,0.5918563604354858,0.6087360978126526,2.82242751121521,0.7362748980522156,0.3490001857280731,2.807609796524048,0.6245754957199097,0.5749935507774353,2.890711784362793,0.25854113698005676,0.38838618993759155,2.880045175552368,0.08373358100652695,0.4346646425905915,0
2026-09-24T12:29:40.598644,S013,S013_A5_Y_20260924_1229,elevated_20,A5,young,class_0,0.5378283262252808,0.48803266882896423,-0.7088432312011719,0.5585668087005615,0.4247698485851288,-0.6657673120498657,0.5730746388435364,0.42435309290885925,-0.6654171943664551,0.5835290551185608,0.42520931363105774,-0.6654621362686157,0.508548378944397,0.4288545548915863,-0.6684332489967346,0.4906037449836731,0.43242233991622925,-0.6677054166793823,0.4737279415130615,0.4359477162361145,-0.6677893400192261,0.6019132733345032,0.4545994997024536,-0.39151665568351746,0.452871710062027,0.4651697278022766,-0.3850019574165344,0.566665530204773,0.5541490316390991,-0.604189395904541,0.5042821168899536,0.5575661063194275,-0.6021118760108948,0.7607818841934204,0.8213258385658264,-0.23093101382255554,0.30400776863098145,0.815900981426239,-0.33686563372612,0.8563379049301147,1.2273997068405151,-0.21493005752563477,0.20598670840263367,1.209338903427124,-0.27794569730758667,0.8453075289726257,1.5579897165298462,-0.4855540692806244,0.2111045867204666,1.5394948720932007,-0.5544930696487427,0.8788132667541504,1.6624921560287476,-0.5914003849029541,0.17355000972747803,1.6432380676269531,-0.6518718004226685,0.8217064142227173,1.6622014045715332,-0.6431176066398621,0.22380594909191132,1.652045488357544,-0.7345887422561646,0.7991584539413452,1.6209969520568848,-0.5270698070526123,0.2483823597431183,1.6094971895217896,-0.6021719574928284,0.6589019298553467,1.5727741718292236,-0.030595818534493446,0.37206631898880005,1.5691004991531372,0.03600994870066643,0.620499312877655,2.18218731880188,0.043758466839790344,0.36353978514671326,2.1779634952545166,0.09313727915287018,0.6108127236366272,2.727992057800293,0.6579738855361938,0.35750189423561096,2.7147774696350098,0.5124975442886353,0.6125019788742065,2.8225972652435303,0.6920617818832397,0.3526138663291931,2.808297872543335,0.5396035313606262,0.5795062780380249,2.8910927772521973,0.22041675448417664,0.3948344886302948,2.880791187286377,0.005808122456073761,0.4343157559509922,0
2026-09-24T12:29:40.720236,S013,S013_A5_Y_20260924_1229,elevated_20,A5,young,class_0,0.5380158424377441,0.48802557587623596,-0.7073956727981567,0.5588864088058472,0.42468971014022827,-0.6636517643928528,0.5733600854873657,0.4242492616176605,-0.6632950305938721,0.5838304758071899,0.4250905215740204,-0.6632981896400452,0.5087429285049438,0.4287935197353363,-0.6671555638313293,0.4908067286014557,0.43234318494796753,-0.6664391160011292,0.47393742203712463,0.43588441610336304,-0.6665164828300476,0.6022958159446716,0.45420417189598083,-0.38827747106552124,0.45293349027633667,0.465083509683609,-0.38409480452537537,0.566814124584198,0.5541197657585144,-0.602466881275177,0.5043915510177612,0.5575544238090515,-0.6016027927398682,0.7608374357223511,0.8215423226356506,-0.22912445664405823,0.3040168881416321,0.8158711194992065,-0.33547866344451904,0.8565739393234253,1.2274434566497803,-0.20884867012500763,0.20604896545410156,1.208656668663025,-0.2683038115501404,0.8452614545822144,1.5576080083847046,-0.46877312660217285,0.20618495345115662,1.532949686050415,-0.5495499968528748,0.878250002861023,1.6619236469268799,-0.5734708905220032,0.17557336390018463,1.6403536796569824,-0.6462177038192749,0.8213450312614441,1.660767674446106,-0.6242818236351013,0.22529928386211395,1.6474261283874512,-0.731240451335907,0.7988678812980652,1.6198590993881226,-0.5091399550437927,0.2495318353176117,1.6049211025238037,-0.5993930101394653,0.6585109233856201,1.5726449489593506,-0.029921334236860275,0.37182486057281494,1.5690499544143677,0.03533182293176651,0.6188790798187256,2.181379556655884,0.04390770196914673,0.3628062903881073,2.176011562347412,0.08313614875078201,0.6074552536010742,2.726245880126953,0.6457086205482483,0.3556661009788513,2.711798906326294,0.4945105016231537,0.609092116355896,2.819448947906494,0.678970217704773,0.3504440188407898,2.8049063682556152,0.5215647220611572,0.5742208957672119,2.8897180557250977,0.21181222796440125,0.39316779375076294,2.875203847885132,-0.008967911824584007,0.4348797963966235,0
2026-09-24T12:29:40.845942,S013,S013_A5_Y_20260924_1229,elevated_20,A5,young,class_0,0.538094699382782,0.4876013994216919,-0.7232764363288879,0.5588852763175964,0.4243827164173126,-0.6797680854797363,0.5733712911605835,0.42387017607688904,-0.6793819665908813,0.583847165107727,0.42466410994529724,-0.6793501973152161,0.5087648034095764,0.42861807346343994,-0.6818162798881531,0.49091005325317383,0.4321921467781067,-0.6810766458511353,0.4741484224796295,0.43577924370765686,-0.6811237931251526,0.6023050546646118,0.45392459630966187,-0.39920276403427124,0.45305341482162476,0.46507370471954346,-0.3906570076942444,0.5670104622840881,0.553800642490387,-0.6169742941856384,0.5046199560165405,0.5574171543121338,-0.6139758825302124,0.7611390352249146,0.8214016556739807,-0.2370007485151291,0.304901659488678,0.8158712387084961,-0.3405429422855377,0.8565348386764526,1.2274456024169922,-0.22671416401863098,0.20610933005809784,1.2086150646209717,-0.284741073846817,0.8464773297309875,1.558209776878357,-0.5001958608627319,0.2082918882369995,1.5332335233688354,-0.5950127840042114,0.8801935315132141,1.6624271869659424,-0.609281599521637,0.17625199258327484,1.639959454536438,-0.6998282074928284,0.8233816027641296,1.6628451347351074,-0.6597353219985962,0.22645767033100128,1.647094488143921,-0.785184919834137,0.8005763292312622,1.6219204664230347,-0.5416486263275146,0.2504383325576782,1.6046719551086426,-0.6463159322738647,0.6593884229660034,1.5735843181610107,-0.031639255583286285,0.37305936217308044,1.5693132877349854,0.03705278038978577,0.6201781034469604,2.1826767921447754,0.05324476212263107,0.3639621138572693,2.178654193878174,0.11095018684864044,0.6096693277359009,2.728008985519409,0.6996121406555176,0.3581629693508148,2.715040683746338,0.5702446699142456,0.6114856004714966,2.8211748600006104,0.7375131249427795,0.35369646549224854,2.807558298110962,0.602517306804657,0.5763145089149475,2.891376495361328,0.25708383321762085,0.39424365758895874,2.879713296890259,0.05690617486834526,0.4350811361609782,0
2026-09-24T12:29:41.123665,S013,S013_A5_Y_20260924_1229,elevated_20,A5,young,class_0,0.5382755398750305,0.4893813133239746,-0.7157171964645386,0.5589413642883301,0.425740510225296,-0.6728056073188782,0.5733957290649414,0.42518943548202515,-0.6724215149879456,0.5838608145713806,0.4257725775241852,-0.6723993420600891,0.5088689923286438,0.4299440085887909,-0.674368143081665,0.4910214841365814,0.4333237111568451,-0.6735979318618774,0.4743069112300873,0.43662774562835693,-0.6736626029014587,0.6022754311561584,0.4545450806617737,-0.3942793011665344,0.453183650970459,0.46566861867904663,-0.38441628217697144,0.5670563578605652,0.5552568435668945,-0.6098111867904663,0.5048619508743286,0.5590790510177612,-0.6065452098846436,0.7607513070106506,0.8213757872581482,-0.2325868308544159,0.30487295985221863,0.8163995742797852,-0.3310484290122986,0.8555747270584106,1.2276403903961182,-0.22608964145183563,0.2062688171863556,1.2094465494155884,-0.29368364810943604,0.8466680645942688,1.5562193393707275,-0.4959243834018707,0.2133711278438568,1.531027913093567,-0.645241916179657,0.8808145523071289,1.6592239141464233,-0.6036563515663147,0.18112657964229584,1.6358604431152344,-0.7536633610725403,0.8245756030082703,1.6595447063446045,-0.653539776802063,0.23194941878318787,1.640212893486023,-0.8316119909286499,0.8015277981758118,1.6193150281906128,-0.5368248224258423,0.2549595236778259,1.5984729528427124,-0.6950936913490295,0.6601917743682861,1.5736395120620728,-0.03125809133052826,0.373676061630249,1.5693976879119873,0.036728888750076294,0.6226611137390137,2.1826586723327637,0.05341202765703201,0.3658953011035919,2.1785888671875,0.10222990810871124,0.6135180592536926,2.7278735637664795,0.6863051652908325,0.36175405979156494,2.7148640155792236,0.5301079154014587,0.616092324256897,2.8209469318389893,0.7214803695678711,0.3571358919143677,2.8072292804718018,0.5584019422531128,0.5787302851676941,2.8913192749023438,0.24436485767364502,0.3996225595474243,2.8796916007995605,0.02183794230222702,0.4350390955201068,0
2026-09-24T12:29:41.239240,S013,S013_A5_Y_20260924_1229,elevated_20,A5,young,class_0,0.5384458303451538,0.49106064438819885,-0.7144296169281006,0.5591838955879211,0.42691299319267273,-0.6719459295272827,0.573541522026062,0.42638641595840454,-0.6715570688247681,0.5839520692825317,0.4269014000892639,-0.6715450286865234,0.5090783834457397,0.4308711886405945,-0.6741688847541809,0.49118417501449585,0.4340294301509857,-0.6734049916267395,0.47446975111961365,0.4371070861816406,-0.673486590385437,0.6022989153862,0.45544594526290894,-0.39333388209342957,0.45326510071754456,0.46578919887542725,-0.3837854266166687,0.5670691728591919,0.5566056370735168,-0.6082037687301636,0.5049165487289429,0.5602625608444214,-0.6060817837715149,0.7599995136260986,0.821075975894928,-0.23041054606437683,0.30462968349456787,0.8156382441520691,-0.33058688044548035,0.8555719256401062,1.225284218788147,-0.2094702422618866,0.202627494931221,1.2061971426010132,-0.27715083956718445,0.8471502065658569,1.546350359916687,-0.4648517668247223,0.21281006932258606,1.5258362293243408,-0.5720736980438232,0.8812538981437683,1.6463313102722168,-0.5694217681884766,0.1806439757347107,1.6283764839172363,-0.6695770025253296,0.8251327276229858,1.645034670829773,-0.6203711032867432,0.23116204142570496,1.6328283548355103,-0.7538958191871643,0.8019670248031616,1.6063393354415894,-0.5058673024177551,0.2538406252861023,1.5917332172393799,-0.6225131750106812,0.6589609384536743,1.5717178583145142,-0.02899787761271,0.37283286452293396,1.5685194730758667,0.03448512777686119,0.6219562292098999,2.180185556411743,0.0519583597779274,0.36601027846336365,2.1758241653442383,0.08252718299627304,0.6127402782440186,2.724221706390381,0.6527591347694397,0.3612065315246582,2.711765766143799,0.48676180839538574,0.6153038144111633,2.816631555557251,0.6856995820999146,0.3558797836303711,2.8043057918548584,0.5129718780517578,0.5777665972709656,2.88689923286438,0.2168370932340622,0.39851799607276917,2.8731045722961426,-0.02038317732512951,0.4351633696564105,0
2026-09-24T12:29:41.357202,S013,S013_A5_Y_20260924_1229,elevated_20,A5,young,class_0,0.5386279821395874,0.4909258186817169,-0.7074000239372253,0.5593886971473694,0.42676517367362976,-0.663144588470459,0.5736852884292603,0.42622146010398865,-0.6627680063247681,0.5840639472007751,0.42675650119781494,-0.6627616286277771,0.5093437433242798,0.4307558238506317,-0.6672932505607605,0.49139875173568726,0.4339273273944855,-0.6665586233139038,0.47465625405311584,0.4370573163032532,-0.6666368842124939,0.6023839712142944,0.4553668797016144,-0.3829375207424164,0.45328259468078613,0.4657750427722931,-0.38256993889808655,0.5671679973602295,0.5565440058708191,-0.601170003414154,0.5050116777420044,0.5602056384086609,-0.6015975475311279,0.7597490549087524,0.8210574984550476,-0.22285370528697968,0.3044125735759735,0.8154503107070923,-0.33008328080177307,0.8533844947814941,1.2251994609832764,-0.20356807112693787,0.20212355256080627,1.2027462720870972,-0.27750062942504883,0.8442401885986328,1.5452996492385864,-0.46023455262184143,0.21245405077934265,1.5215169191360474,-0.5761438608169556,0.8774957656860352,1.6458171606063843,-0.563796877861023,0.17995114624500275,1.6241247653961182,-0.6731841564178467,0.8215607404708862,1.6443934440612793,-0.6155887246131897,0.2305355966091156,1.6293524503707886,-0.7551489472389221,0.798859715461731,1.6052829027175903,-0.5011318325996399,0.25301891565322876,1.5877498388290405,-0.625495433807373,0.6573680639266968,1.5715309381484985,-0.027668556198477745,0.3714900612831116,1.567893624305725,0.03313839063048363,0.6177074909210205,2.1792874336242676,0.050898753106594086,0.36145466566085815,2.173252582550049,0.07910215109586716,0.6069074869155884,2.722965955734253,0.6439746022224426,0.35475054383277893,2.7078709602355957,0.4837125241756439,0.6087743043899536,2.815279245376587,0.6767815351486206,0.34884363412857056,2.80014967918396,0.5099939703941345,0.5730141997337341,2.885382652282715,0.21075661480426788,0.3930516839027405,2.8685121536254883,-0.02161489799618721,0.4352705011364082,0
2026-09-24T12:29:41.470711,S013,S013_A5_Y_20260924_1229,elevated_20,A5,young,class_0,0.538763165473938,0.4908471405506134,-0.7070900797843933,0.5595167875289917,0.4267253577709198,-0.6629774570465088,0.5738115906715393,0.4261818826198578,-0.6625980138778687,0.5842322707176208,0.4267420172691345,-0.662590742111206,0.5094301700592041,0.43074989318847656,-0.6668400168418884,0.49145951867103577,0.4339401423931122,-0.6661028265953064,0.47472888231277466,0.4370938837528229,-0.6661769151687622,0.6025083065032959,0.4554395377635956,-0.38314107060432434,0.45330190658569336,0.4658941328525543,-0.382541298866272,0.5672318339347839,0.556540846824646,-0.6013885140419006,0.5051127672195435,0.5602014660835266,-0.6013442873954773,0.7600499987602234,0.8216946125030518,-0.22321169078350067,0.3037431240081787,0.8183822631835938,-0.33123940229415894,0.8545005917549133,1.2252814769744873,-0.2032003104686737,0.20251953601837158,1.2102292776107788,-0.2688724398612976,0.8447124361991882,1.548581600189209,-0.4604783058166504,0.21250846982002258,1.5340532064437866,-0.5491923093795776,0.8777391314506531,1.6497164964675903,-0.5643705725669861,0.1798257976770401,1.6357853412628174,-0.6430655121803284,0.8216791152954102,1.649495005607605,-0.6136577129364014,0.2301277369260788,1.641552448272705,-0.7314311265945435,0.7989886999130249,1.6100883483886719,-0.500717282295227,0.2528371512889862,1.5997918844223022,-0.6006587743759155,0.657810628414154,1.5726333856582642,-0.0287819504737854,0.3716364800930023,1.569022536277771,0.0342533141374588,0.617756724357605,2.1811881065368652,0.03805575147271156,0.36151283979415894,2.1774561405181885,0.09437669813632965,0.6069537997245789,2.7281172275543213,0.6452866792678833,0.3548485338687897,2.715235471725464,0.5353919267654419,0.6087713837623596,2.8218092918395996,0.6787844300270081,0.3491007387638092,2.807420015335083,0.5659266710281372,0.5736138224601746,2.8894224166870117,0.20873799920082092,0.3932569921016693,2.8782804012298584,0.025581156834959984,0.4353105526727452,0
2026-09-24T12:29:41.608526,S013,S013_A5_Y_20260924_1229,elevated_20,A5,young,class_0,0.5388790369033813,0.49132341146469116,-0.7072378396987915,0.5596233606338501,0.42698606848716736,-0.6635028123855591,0.5738698244094849,0.42643916606903076,-0.6631247401237488,0.5842644572257996,0.42697352170944214,-0.6631239652633667,0.5095309019088745,0.4309512674808502,-0.6673241257667542,0.4915401339530945,0.43407291173934937,-0.666578471660614,0.4748048782348633,0.437176376581192,-0.6666448712348938,0.6024872660636902,0.455539733171463,-0.38330912590026855,0.453314870595932,0.46589893102645874,-0.38387471437454224,0.5672463178634644,0.5570891499519348,-0.6014494299888611,0.5051984190940857,0.5606521964073181,-0.6013001799583435,0.7593487501144409,0.8202420473098755,-0.22311651706695557,0.30324146151542664,0.8178507685661316,-0.33115914463996887,0.8544061779975891,1.2218793630599976,-0.20373184978961945,0.20020289719104767,1.2100284099578857,-0.2725992500782013,0.8470735549926758,1.5438812971115112,-0.46277227997779846,0.21202297508716583,1.5316435098648071,-0.5526069402694702,0.881141185760498,1.6440764665603638,-0.567626416683197,0.17957837879657745,1.6317845582962036,-0.6481534838676453,0.8260942697525024,1.6446484327316284,-0.6187108755111694,0.22975337505340576,1.6366422176361084,-0.7355715036392212,0.8027194142341614,1.605979323387146,-0.503965437412262,0.2522415518760681,1.5958808660507202,-0.6045305132865906,0.6567628383636475,1.571844458580017,-0.02793307602405548,0.37159526348114014,1.568840503692627,0.03339006379246712,0.6174512505531311,2.179950475692749,0.03612436726689339,0.36159709095954895,2.1769464015960693,0.07093717157840729,0.6065462231636047,2.727173328399658,0.6189607977867126,0.35487619042396545,2.7149899005889893,0.466784805059433,0.6083390116691589,2.820392370223999,0.6498296856880188,0.34911563992500305,2.80708384513855,0.4917774200439453,0.5731662511825562,2.8888280391693115,0.18089136481285095,0.3932466506958008,2.877912998199463,-0.04382864013314247,0.43549753071472835,0
2026-09-24T12:29:41.729868,S013,S013_A5_Y_20260924_1229,elevated_20,A5,young,class_0,0.5390359163284302,0.4912372827529907,-0.7059807181358337,0.5596803426742554,0.42696332931518555,-0.6627534627914429,0.5739196538925171,0.4264088571071625,-0.6623680591583252,0.5843604803085327,0.4269469380378723,-0.6623799800872803,0.5096240639686584,0.43095943331718445,-0.6658428907394409,0.4916200637817383,0.4341040551662445,-0.6650901436805725,0.4749186635017395,0.4372422993183136,-0.6651450395584106,0.6025180816650391,0.4555073082447052,-0.3835921883583069,0.4533308148384094,0.4660789370536804,-0.38211458921432495,0.5673345923423767,0.5569566488265991,-0.6010575890541077,0.5055680274963379,0.5605889558792114,-0.5999749898910522,0.7594498991966248,0.8202236294746399,-0.22484104335308075,0.3033371567726135,0.817755937576294,-0.329437792301178,0.8554650545120239,1.2216835021972656,-0.2039932906627655,0.2009621411561966,1.2098851203918457,-0.27181726694107056,0.8509960174560547,1.5424929857254028,-0.4559538960456848,0.2137683629989624,1.529237151145935,-0.5567506551742554,0.886638343334198,1.6421891450881958,-0.5605308413505554,0.18134693801403046,1.62870454788208,-0.6534813642501831,0.8308073878288269,1.6429516077041626,-0.6109123229980469,0.23091252148151398,1.6333318948745728,-0.7391985654830933,0.8068062663078308,1.6043701171875,-0.496507465839386,0.25315800309181213,1.5927350521087646,-0.6081233024597168,0.6567973494529724,1.5710628032684326,-0.028016824275255203,0.37163200974464417,1.56784987449646,0.03348463773727417,0.6177535057067871,2.1789486408233643,0.03481723740696907,0.3623656630516052,2.1757662296295166,0.08903321623802185,0.606653094291687,2.7258095741271973,0.6238636374473572,0.35508790612220764,2.713791847229004,0.5176897048950195,0.6084502935409546,2.8190300464630127,0.655877947807312,0.3492867052555084,2.80601167678833,0.5466363430023193,0.5731940269470215,2.8869097232818604,0.18379877507686615,0.3932470679283142,2.876281261444092,0.010842648334801197,0.4358286357436844,0
2026-09-24T12:29:41.875709,S013,S013_A5_Y_20260924_1229,elevated_20,A5,young,class_0,0.5391210317611694,0.4912257194519043,-0.7034298181533813,0.5597328543663025,0.4269298017024994,-0.660622239112854,0.5739684700965881,0.4263456463813782,-0.6602259874343872,0.5844272375106812,0.4268701374530792,-0.6602303981781006,0.5096844434738159,0.4309636652469635,-0.6628136038780212,0.4916575849056244,0.434126079082489,-0.6620864272117615,0.4749580919742584,0.43728142976760864,-0.6621365547180176,0.6025754809379578,0.45547249913215637,-0.38365399837493896,0.45334967970848083,0.4662179946899414,-0.379077285528183,0.5674190521240234,0.5569450259208679,-0.5996841192245483,0.5057424306869507,0.5605844259262085,-0.5974142551422119,0.7596465349197388,0.8205289244651794,-0.22497180104255676,0.30342957377433777,0.8176931738853455,-0.32789164781570435,0.8554531335830688,1.2218811511993408,-0.20427949726581573,0.20080235600471497,1.208899974822998,-0.2718505263328552,0.8493025898933411,1.5423723459243774,-0.45818161964416504,0.2135520875453949,1.529168725013733,-0.5623440146446228,0.8833774328231812,1.6420280933380127,-0.5641741156578064,0.18096141517162323,1.6286782026290894,-0.6595948934555054,0.8283626437187195,1.6418322324752808,-0.6143370866775513,0.2304813116788864,1.6333128213882446,-0.7465452551841736,0.8048504590988159,1.6033809185028076,-0.4985876679420471,0.2528238296508789,1.592684030532837,-0.6142995357513428,0.6568779945373535,1.5712181329727173,-0.02790432795882225,0.3716924786567688,1.5679380893707275,0.03336908295750618,0.6177135705947876,2.1790530681610107,0.035997796803712845,0.3624284863471985,2.1758928298950195,0.10150451958179474,0.6060338020324707,2.7257778644561768,0.6304428577423096,0.35490456223487854,2.714193820953369,0.5454360246658325,0.6076973676681519,2.8189902305603027,0.6637210249900818,0.3490980267524719,2.806624174118042,0.5759969353675842,0.5727362036705017,2.8869125843048096,0.19582542777061462,0.39233434200286865,2.876701593399048,0.043398138135671616,0.4364082501238251,0
2026-09-24T12:29:42.036036,S013,S013_A5_Y_20260924_1229,elevated_20,A5,young,class_0,0.5391287803649902,0.4913159906864166,-0.7033078670501709,0.5597198009490967,0.4270138442516327,-0.6605891585350037,0.5739791989326477,0.4264075458049774,-0.6601923704147339,0.584445595741272,0.4269159436225891,-0.6601971387863159,0.5096868276596069,0.4310646951198578,-0.6627114415168762,0.49166280031204224,0.4342151880264282,-0.6619818210601807,0.474965900182724,0.4373554587364197,-0.6620299816131592,0.6025827527046204,0.45550140738487244,-0.3849843442440033,0.4533681869506836,0.4662570059299469,-0.37779664993286133,0.5674241185188293,0.5570382475852966,-0.5996562242507935,0.5057617425918579,0.5606716871261597,-0.5968559980392456,0.7596568465232849,0.8204669952392578,-0.22757256031036377,0.3037392497062683,0.8174752593040466,-0.3263290524482727,0.85643470287323,1.2211443185806274,-0.20768699049949646,0.2023240327835083,1.207525372505188,-0.27183836698532104,0.8491441011428833,1.5418542623519897,-0.4585877060890198,0.21466180682182312,1.5271741151809692,-0.566338062286377,0.8824980854988098,1.6420615911483765,-0.5642868280410767,0.18180543184280396,1.6273585557937622,-0.6647493243217468,0.8269173502922058,1.6418482065200806,-0.6138612031936646,0.23139193654060364,1.6323593854904175,-0.7513930797576904,0.8040493726730347,1.603095531463623,-0.49869608879089355,0.25367119908332825,1.5914300680160522,-0.6181991696357727,0.6569622755050659,1.5707218647003174,-0.02899664267897606,0.3720591068267822,1.5668879747390747,0.034442201256752014,0.617775559425354,2.1775691509246826,0.0344516821205616,0.362684428691864,2.173994541168213,0.10840444266796112,0.6059356331825256,2.7236337661743164,0.6316272020339966,0.3549210727214813,2.712134599685669,0.5522218346595764,0.6076084971427917,2.816357374191284,0.6651467680931091,0.3491205871105194,2.804706335067749,0.5827959775924683,0.5721698999404907,2.885420083999634,0.1945987492799759,0.39189836382865906,2.874483823776245,0.048394717276096344,0.4364942116555133,0
2026-09-24T12:29:42.172615,S013,S013_A5_Y_20260924_1229,elevated_20,A5,young,class_0,0.5390437245368958,0.4903004765510559,-0.7050575017929077,0.5597315430641174,0.4264898896217346,-0.662213921546936,0.5739918947219849,0.4260116219520569,-0.66181480884552,0.5844656229019165,0.42664605379104614,-0.6618075370788574,0.5096843242645264,0.4301851987838745,-0.6644009351730347,0.4916568696498871,0.43342673778533936,-0.6636680364608765,0.47488951683044434,0.4367746412754059,-0.6637150049209595,0.6025909185409546,0.45540478825569153,-0.38564494252204895,0.45338496565818787,0.4656766653060913,-0.37973707914352417,0.5673034191131592,0.5563933849334717,-0.6009360551834106,0.5053998231887817,0.5597801804542542,-0.5984888076782227,0.7588433623313904,0.8203769326210022,-0.2272455245256424,0.30330368876457214,0.8165522217750549,-0.3279457688331604,0.8554507493972778,1.220871090888977,-0.20861828327178955,0.2020491361618042,1.2050590515136719,-0.2884170413017273,0.8488333821296692,1.5411226749420166,-0.47426795959472656,0.2136421650648117,1.5230185985565186,-0.6174944639205933,0.8822814226150513,1.6414653062820435,-0.5814477801322937,0.1804077923297882,1.6236025094985962,-0.7223795056343079,0.8268049359321594,1.6412471532821655,-0.6345987915992737,0.2301214635372162,1.62831449508667,-0.8051379919052124,0.8038496971130371,1.6022993326187134,-0.5162402391433716,0.25249341130256653,1.5872403383255005,-0.6684547662734985,0.6546195149421692,1.5706558227539062,-0.02732192911207676,0.3698783814907074,1.5666636228561401,0.032811399549245834,0.6148772835731506,2.177394151687622,0.03646130859851837,0.36029157042503357,2.173649549484253,0.08749020844697952,0.6037782430648804,2.723113775253296,0.6332373023033142,0.3522247076034546,2.7114059925079346,0.5023013949394226,0.6054731607437134,2.8157782554626465,0.66681969165802,0.34605905413627625,2.803870439529419,0.5288325548171997,0.5703816413879395,2.884948968887329,0.19590072333812714,0.39004695415496826,2.8735511302948,-0.007629059255123138,0.4368799506866956,0
2026-09-24T12:29:42.281297,S013,S013_A5_Y_20260924_1229,elevated_20,A5,young,class_0,0.5386187434196472,0.49016696214675903,-0.7066479921340942,0.5594254732131958,0.426425039768219,-0.6648460626602173,0.5738925337791443,0.4259161353111267,-0.6644346117973328,0.5844421982765198,0.42654719948768616,-0.6644377708435059,0.5092157125473022,0.4301859140396118,-0.6658689975738525,0.4913345277309418,0.43343880772590637,-0.6651100516319275,0.47462525963783264,0.43678760528564453,-0.6651453971862793,0.6025843024253845,0.4553610384464264,-0.3918384909629822,0.4533885419368744,0.46572792530059814,-0.3797222375869751,0.5672367811203003,0.5560953617095947,-0.603324294090271,0.5052302479743958,0.5596842169761658,-0.599181056022644,0.759384274482727,0.8207603693008423,-0.23376747965812683,0.30350086092948914,0.8178236484527588,-0.32796743512153625,0.8561009168624878,1.2218449115753174,-0.21018870174884796,0.2042333334684372,1.2074494361877441,-0.2617560029029846,0.849702000617981,1.5476065874099731,-0.4683002829551697,0.21358737349510193,1.5307375192642212,-0.5449644923210144,0.8835926055908203,1.648809552192688,-0.5728924870491028,0.1793874204158783,1.6314889192581177,-0.6411900520324707,0.8276494741439819,1.6510237455368042,-0.621600329875946,0.22878976166248322,1.6392179727554321,-0.7294741868972778,0.8046284914016724,1.6110916137695312,-0.5085013508796692,0.2517855167388916,1.5979101657867432,-0.5973020195960999,0.6563659310340881,1.5710386037826538,-0.03198833018541336,0.3706601858139038,1.5666550397872925,0.037434473633766174,0.6175681352615356,2.1781790256500244,0.036644622683525085,0.3616722822189331,2.1750359535217285,0.13798414170742035,0.6082771420478821,2.7252402305603027,0.671614944934845,0.35573357343673706,2.713482141494751,0.6243623495101929,0.6097310185432434,2.8189444541931152,0.709221601486206,0.35109004378318787,2.805622100830078,0.6595715284347534,0.5778111219406128,2.886492967605591,0.2275674045085907,0.3926386535167694,2.8776471614837646,0.11389665305614471,0.4366286398691238,0
2026-09-24T12:29:42.399033,S013,S013_A5_Y_20260924_1229,elevated_20,A5,young,class_0,0.5386229753494263,0.490196168422699,-0.7086384892463684,0.5594266653060913,0.42652198672294617,-0.6663480401039124,0.573896050453186,0.42605796456336975,-0.6659421920776367,0.5844491720199585,0.42672112584114075,-0.6659490466117859,0.5092601180076599,0.43018704652786255,-0.6679924726486206,0.49136680364608765,0.4334365129470825,-0.6672490835189819,0.47465234994888306,0.4367850720882416,-0.6672986745834351,0.6025804877281189,0.45553499460220337,-0.39221006631851196,0.45344239473342896,0.46569785475730896,-0.38316160440444946,0.5672042965888977,0.5561622381210327,-0.6048529744148254,0.5052327513694763,0.5596873164176941,-0.6016708016395569,0.7591429948806763,0.8207594752311707,-0.23421671986579895,0.3030391037464142,0.8177403211593628,-0.33040371537208557,0.8563805818557739,1.2225285768508911,-0.2122906893491745,0.20239987969398499,1.2077020406723022,-0.2716309130191803,0.8498298525810242,1.548311471939087,-0.4741767346858978,0.21270862221717834,1.5306295156478882,-0.5635935068130493,0.8836366534233093,1.649627447128296,-0.5805703997612,0.179004967212677,1.631286859512329,-0.6603692770004272,0.8275825381278992,1.6514478921890259,-0.6302403211593628,0.22827498614788055,1.6386219263076782,-0.7504026293754578,0.8045627474784851,1.6117078065872192,-0.5146733522415161,0.2510961890220642,1.5975818634033203,-0.6164515614509583,0.6557741761207581,1.5715113878250122,-0.03079751506447792,0.37019234895706177,1.5676900148391724,0.0362631194293499,0.6164504289627075,2.179202079772949,0.03830135613679886,0.3603806495666504,2.175922393798828,0.10379283130168915,0.604773759841919,2.726003408432007,0.6644952297210693,0.35221731662750244,2.714722156524658,0.5280816555023193,0.6064525842666626,2.819242000579834,0.7005891799926758,0.34681278467178345,2.8071091175079346,0.5564595460891724,0.5713812112808228,2.8883888721466064,0.226250559091568,0.3890690207481384,2.8784871101379395,0.021134817972779274,0.43676928515522334,0
2026-09-24T12:29:42.529982,S013,S013_A5_Y_20260924_1229,elevated_20,A5,young,class_0,0.5383803844451904,0.4900340139865875,-0.7065331339836121,0.5593199133872986,0.4263424873352051,-0.6640889048576355,0.5738615989685059,0.42585861682891846,-0.6636781692504883,0.5844389200210571,0.42653587460517883,-0.6636468768119812,0.5091258883476257,0.43010252714157104,-0.6654263734817505,0.49127426743507385,0.43340247869491577,-0.6646597385406494,0.4745379090309143,0.4367761015892029,-0.6647135019302368,0.6025851964950562,0.4552799165248871,-0.39047011733055115,0.45344844460487366,0.46570301055908203,-0.38104748725891113,0.5671892762184143,0.5559778809547424,-0.6029279232025146,0.5050831437110901,0.5596413016319275,-0.5996843576431274,0.7593067288398743,0.8206936120986938,-0.22975830733776093,0.30308929085731506,0.8177161812782288,-0.32904836535453796,0.8563247919082642,1.2234731912612915,-0.21235685050487518,0.2024795264005661,1.207372784614563,-0.2784568667411804,0.8498473167419434,1.5490307807922363,-0.48812445998191833,0.21270374953746796,1.5305050611495972,-0.6005542874336243,0.8835736513137817,1.6501734256744385,-0.5972269177436829,0.17899605631828308,1.6316779851913452,-0.7057569622993469,0.827904999256134,1.6514277458190918,-0.6501113176345825,0.22833073139190674,1.6384228467941284,-0.7897408604621887,0.8047356605529785,1.6118744611740112,-0.530363142490387,0.2513527274131775,1.597356915473938,-0.6525155305862427,0.6561266183853149,1.571513056755066,-0.028198789805173874,0.3702782392501831,1.5677508115768433,0.03376910090446472,0.6176185011863708,2.179224729537964,0.03925388306379318,0.3620958924293518,2.175912618637085,0.0741187259554863,0.6094797253608704,2.725964069366455,0.6543260812759399,0.35676291584968567,2.7142374515533447,0.4785781502723694,0.6116955876350403,2.8191211223602295,0.6877573728561401,0.3517678380012512,2.806025505065918,0.5044922828674316,0.5767902135848999,2.88836407661438,0.21421785652637482,0.39582058787345886,2.8783912658691406,-0.030610159039497375,0.43753272967019324,0
2026-09-24T12:29:42.688640,S013,S013_A5_Y_20260924_1229,elevated_20,A5,young,class_0,0.5381995439529419,0.4897376298904419,-0.7178685665130615,0.5592883229255676,0.42614153027534485,-0.6744956374168396,0.5738602876663208,0.42571771144866943,-0.6740960478782654,0.5844449400901794,0.4264678955078125,-0.6740238070487976,0.5090653300285339,0.42983630299568176,-0.6759634017944336,0.49122732877731323,0.4332285523414612,-0.6752162575721741,0.47449690103530884,0.43665826320648193,-0.6752804517745972,0.6026768684387207,0.45534759759902954,-0.39790236949920654,0.4534408450126648,0.465707927942276,-0.3885207176208496,0.5671175122261047,0.5559049248695374,-0.6132444739341736,0.5047405362129211,0.5595511198043823,-0.6099097728729248,0.7594320178031921,0.8207166194915771,-0.2382952719926834,0.30282264947891235,0.8199661374092102,-0.33338770270347595,0.8574263453483582,1.2234859466552734,-0.22681371867656708,0.20205938816070557,1.2081787586212158,-0.27594220638275146,0.8499458432197571,1.5519814491271973,-0.5016626119613647,0.20588454604148865,1.531247854232788,-0.5743260383605957,0.8835433125495911,1.6546841859817505,-0.6106172800064087,0.17867638170719147,1.6404225826263428,-0.6744979619979858,0.8278450965881348,1.6568876504898071,-0.6570538282394409,0.2281903326511383,1.6486297845840454,-0.7591577172279358,0.8047310709953308,1.6166539192199707,-0.5412619709968567,0.2512177526950836,1.6069395542144775,-0.625586211681366,0.6584194898605347,1.574615240097046,-0.03169295936822891,0.37129729986190796,1.5700905323028564,0.03720440715551376,0.6180523633956909,2.1842055320739746,0.05058712884783745,0.3613593280315399,2.1817595958709717,0.10960566997528076,0.6094397306442261,2.7326040267944336,0.7027925252914429,0.35675138235092163,2.7209556102752686,0.5743317604064941,0.6116598844528198,2.8271493911743164,0.740562915802002,0.35187068581581116,2.813490629196167,0.6073917150497437,0.5767436027526855,2.8955655097961426,0.2616294324398041,0.39572960138320923,2.8869714736938477,0.06539597362279892,0.438033415451669,0
2026-09-24T12:29:42.927731,S013,S013_A5_Y_20260924_1229,elevated_20,A5,young,class_0,0.5385999083518982,0.4905470907688141,-0.709356427192688,0.5596194863319397,0.42661377787590027,-0.666714072227478,0.5740247964859009,0.4261932969093323,-0.6663137674331665,0.5845482349395752,0.426900714635849,-0.6662702560424805,0.5094312429428101,0.43016794323921204,-0.6692982316017151,0.491504967212677,0.4334767162799835,-0.6685237288475037,0.47476086020469666,0.4368523955345154,-0.6685943603515625,0.602693498134613,0.4555608630180359,-0.390360951423645,0.4534741938114166,0.46577349305152893,-0.38636282086372375,0.5672010183334351,0.5569451451301575,-0.6041010618209839,0.5048936009407043,0.5606120824813843,-0.602664053440094,0.7593174576759338,0.8206878900527954,-0.22695760428905487,0.3027469515800476,0.8196452260017395,-0.3307308256626129,0.8559998273849487,1.2235379219055176,-0.2124873697757721,0.2020968198776245,1.2082617282867432,-0.2790094017982483,0.8498135805130005,1.5515186786651611,-0.49397554993629456,0.2109602987766266,1.5292892456054688,-0.5868865251541138,0.8834834098815918,1.6541516780853271,-0.6028473973274231,0.18288123607635498,1.6361039876937866,-0.689659833908081,0.82782381772995,1.655945062637329,-0.6546452641487122,0.23240768909454346,1.641257643699646,-0.7705972790718079,0.804704487323761,1.615850567817688,-0.5359193086624146,0.25465548038482666,1.5997520685195923,-0.6365423798561096,0.6588846445083618,1.574537992477417,-0.027888599783182144,0.3718160092830658,1.5701285600662231,0.03345683589577675,0.6198639273643494,2.183807134628296,0.05043046921491623,0.36309096217155457,2.181572914123535,0.07585924118757248,0.6122919321060181,2.7320051193237305,0.6638749837875366,0.3585130274295807,2.7205758094787598,0.47765135765075684,0.6146292686462402,2.826273202896118,0.6966001987457275,0.3533911108970642,2.8129148483276367,0.5027682781219482,0.5794558525085449,2.895409107208252,0.22388198971748352,0.3978523015975952,2.8868556022644043,-0.032729312777519226,0.43799099169522876,0
2026-09-24T12:29:43.126228,S013,S013_A5_Y_20260924_1229,elevated_20,A5,young,class_0,0.5385664701461792,0.4916686415672302,-0.7151532173156738,0.5596718788146973,0.4273699223995209,-0.6715449094772339,0.5740668773651123,0.4269612729549408,-0.6711569428443909,0.5845693349838257,0.4275779724121094,-0.6711103320121765,0.5094340443611145,0.4308469593524933,-0.6746906638145447,0.49150633811950684,0.4339345097541809,-0.673935055732727,0.4747600555419922,0.43706485629081726,-0.6740056276321411,0.6026996970176697,0.45577797293663025,-0.3908194601535797,0.45348864793777466,0.46577295660972595,-0.38861626386642456,0.5671148300170898,0.5577477812767029,-0.607923686504364,0.5047348737716675,0.5613657832145691,-0.6071020364761353,0.7593247294425964,0.8221298456192017,-0.22702455520629883,0.3025629222393036,0.8194849491119385,-0.3332074284553528,0.8538784980773926,1.2262195348739624,-0.22193002700805664,0.20003338158130646,1.2084544897079468,-0.28654712438583374,0.8459838032722473,1.5550289154052734,-0.5129929780960083,0.20960840582847595,1.530535340309143,-0.593813419342041,0.8777879476547241,1.658808946609497,-0.6227861642837524,0.17981064319610596,1.63631010055542,-0.6971939206123352,0.8229126930236816,1.659885048866272,-0.675471305847168,0.23008942604064941,1.641704797744751,-0.7778319120407104,0.8007608652114868,1.619217038154602,-0.555526852607727,0.2523004710674286,1.600231409072876,-0.6428046226501465,0.6586791276931763,1.5775706768035889,-0.027635890990495682,0.37194544076919556,1.5735487937927246,0.03315296024084091,0.6198703050613403,2.1857497692108154,0.04556388780474663,0.36355727910995483,2.184148073196411,0.06625629216432571,0.6123221516609192,2.7344810962677,0.6422049403190613,0.3599489629268646,2.722808837890625,0.4651308059692383,0.6146234273910522,2.8282580375671387,0.6737592220306396,0.3551863729953766,2.814547300338745,0.49003106355667114,0.579653799533844,2.898481845855713,0.19760581851005554,0.3986901640892029,2.8890762329101562,-0.050066761672496796,0.4379750201994945,0
2026-09-24T12:29:43.351743,S013,S013_A5_Y_20260924_1229,elevated_20,A5,young,class_0,0.5385583639144897,0.4916592538356781,-0.7172269821166992,0.5596821308135986,0.4273678958415985,-0.6735962629318237,0.5740904211997986,0.42696064710617065,-0.673208475112915,0.5845822095870972,0.4275834262371063,-0.6731685400009155,0.5094174146652222,0.4308597147464752,-0.6762040257453918,0.4914999008178711,0.4339478611946106,-0.6754468679428101,0.474759578704834,0.4370756149291992,-0.6755123138427734,0.6027400493621826,0.4558877944946289,-0.39281386137008667,0.45355159044265747,0.4658251702785492,-0.3889304995536804,0.5671199560165405,0.5577418208122253,-0.6106724739074707,0.5047400593757629,0.5613622665405273,-0.6090056300163269,0.7599593997001648,0.823340117931366,-0.22887244820594788,0.3027825951576233,0.8197113871574402,-0.3337206244468689,0.8538919687271118,1.2274539470672607,-0.22175946831703186,0.20088931918144226,1.2085041999816895,-0.28126031160354614,0.8470473289489746,1.556162714958191,-0.49941810965538025,0.2088700234889984,1.532325267791748,-0.5792412757873535,0.8794236183166504,1.659258246421814,-0.6036095023155212,0.17692124843597412,1.6372219324111938,-0.6789602637290955,0.8249070048332214,1.6602051258087158,-0.6577038764953613,0.22655197978019714,1.6425607204437256,-0.7637814283370972,0.8021042943000793,1.6200523376464844,-0.541998028755188,0.24991735816001892,1.6012935638427734,-0.6299136281013489,0.6581459045410156,1.5782917737960815,-0.02765769325196743,0.37159496545791626,1.5740838050842285,0.03317141532897949,0.6192027926445007,2.18654465675354,0.04183477908372879,0.36294156312942505,2.1840219497680664,0.06658249348402023,0.6110759973526001,2.7344961166381836,0.629926323890686,0.35826370120048523,2.7224700450897217,0.46927347779273987,0.6135959625244141,2.8280372619628906,0.661159873008728,0.3533112406730652,2.8140146732330322,0.4951026439666748,0.5766816735267639,2.898526668548584,0.18701104819774628,0.3960666358470917,2.88783597946167,-0.0424620695412159,0.43800967105338523,0
2026-09-24T12:29:43.591104,S013,S013_A5_Y_20260924_1229,elevated_20,A5,young,class_0,0.5386413335800171,0.49165573716163635,-0.717953085899353,0.5597994327545166,0.42734700441360474,-0.6748852133750916,0.5741958618164062,0.42692333459854126,-0.6744886636734009,0.5846830606460571,0.4275660514831543,-0.6744704842567444,0.50948566198349,0.4309541583061218,-0.6767063736915588,0.49154019355773926,0.43413621187210083,-0.6759539842605591,0.4748063087463379,0.43733176589012146,-0.6760140657424927,0.6029682159423828,0.4560205042362213,-0.3965066075325012,0.45355772972106934,0.4662684202194214,-0.38872915506362915,0.5672824382781982,0.5577366352081299,-0.6123021841049194,0.5048561096191406,0.5614164471626282,-0.609329342842102,0.7603384852409363,0.8240885138511658,-0.23523195087909698,0.3027518391609192,0.8204234838485718,-0.33415651321411133,0.8555302619934082,1.2294813394546509,-0.22979164123535156,0.2010786533355713,1.2124621868133545,-0.2812039852142334,0.85173499584198,1.5576412677764893,-0.5116022825241089,0.2083282172679901,1.5394268035888672,-0.5806800127029419,0.8856848478317261,1.6600725650787354,-0.6201258897781372,0.17475709319114685,1.642501711845398,-0.6798218488693237,0.8307145833969116,1.6611906290054321,-0.6705521941184998,0.22419603168964386,1.6492762565612793,-0.7681389451026917,0.8071155548095703,1.6212676763534546,-0.5532789826393127,0.24816806614398956,1.6081128120422363,-0.6328858137130737,0.6590880751609802,1.580152153968811,-0.028988629579544067,0.3723682761192322,1.5761576890945435,0.03451559320092201,0.6198668479919434,2.189439535140991,0.0417817123234272,0.3634868860244751,2.1874845027923584,0.08653341978788376,0.6110938787460327,2.7374367713928223,0.6499118804931641,0.3582684397697449,2.7263827323913574,0.5191075801849365,0.6136611700057983,2.83138108253479,0.6847692728042603,0.353302925825119,2.8184709548950195,0.5490645170211792,0.576678454875946,2.9013619422912598,0.21171005070209503,0.3960459530353546,2.8930647373199463,0.010424836538732052,0.43792045341062175,0
2026-09-24T12:29:43.712694,S013,S013_A5_Y_20260924_1229,elevated_20,A5,young,class_0,0.5384587049484253,0.4910413324832916,-0.7125383615493774,0.5596797466278076,0.4270091652870178,-0.6705916523933411,0.5741524696350098,0.4265580475330353,-0.6701740622520447,0.5846563577651978,0.42726200819015503,-0.6701608300209045,0.5094347596168518,0.43082812428474426,-0.6716026663780212,0.4915250241756439,0.4340895414352417,-0.6708504557609558,0.47479957342147827,0.43732765316963196,-0.6708938479423523,0.6029671430587769,0.4559403955936432,-0.39598414301872253,0.45356297492980957,0.4662924110889435,-0.38473010063171387,0.5672206282615662,0.5566510558128357,-0.6087301969528198,0.5047898888587952,0.5606767535209656,-0.6043264269828796,0.760565459728241,0.824052095413208,-0.23448260128498077,0.3026958107948303,0.821125864982605,-0.3320314884185791,0.8571341633796692,1.2294583320617676,-0.2246427834033966,0.2034378945827484,1.215155005455017,-0.2623600661754608,0.8539652824401855,1.557824730873108,-0.498307466506958,0.20992639660835266,1.5422335863113403,-0.5405225157737732,0.8882282376289368,1.6600372791290283,-0.6043096780776978,0.17535510659217834,1.6436474323272705,-0.6332603096961975,0.8332989811897278,1.6613357067108154,-0.6495453119277954,0.2244543582201004,1.6512447595596313,-0.7245156764984131,0.8095386624336243,1.6215405464172363,-0.5377155542373657,0.24860858917236328,1.6101735830307007,-0.5934485197067261,0.6597407460212708,1.5799189805984497,-0.030310487374663353,0.3732496201992035,1.5761120319366455,0.03580031543970108,0.62024986743927,2.1893210411071777,0.040189895778894424,0.3647334575653076,2.18731689453125,0.0968511775135994,0.6116065979003906,2.7372937202453613,0.650256335735321,0.36001747846603394,2.72617244720459,0.5352975726127625,0.6141696572303772,2.8312575817108154,0.685275673866272,0.35538965463638306,2.818206310272217,0.5661221742630005,0.5781553983688354,2.901191234588623,0.2139205038547516,0.39863988757133484,2.8928191661834717,0.03197208419442177,0.437686631930257,0
2026-09-24T12:29:43.841442,S013,S013_A5_Y_20260924_1229,elevated_20,A5,young,class_0,0.5384601950645447,0.49156904220581055,-0.7103928923606873,0.5597044229507446,0.4273439943790436,-0.6697686910629272,0.5741721987724304,0.4269011914730072,-0.6693552136421204,0.5846690535545349,0.42759349942207336,-0.6693618297576904,0.5094777941703796,0.4310084879398346,-0.6703814268112183,0.49157285690307617,0.4341926872730255,-0.6696323156356812,0.474851131439209,0.43737563490867615,-0.6696778535842896,0.6029882431030273,0.4559866786003113,-0.39560648798942566,0.4536399245262146,0.46622517704963684,-0.38306328654289246,0.5671778321266174,0.5568884611129761,-0.6058776378631592,0.504784882068634,0.5609560012817383,-0.6010464429855347,0.7603036165237427,0.8222105503082275,-0.23292343318462372,0.30335909128189087,0.8158738017082214,-0.3234788775444031,0.8541861772537231,1.227161169052124,-0.21984586119651794,0.2028658390045166,1.209390640258789,-0.2634388506412506,0.848441481590271,1.5503796339035034,-0.48383378982543945,0.21011242270469666,1.5212018489837646,-0.5438159704208374,0.8816919326782227,1.652457594871521,-0.5879069566726685,0.17605739831924438,1.6189773082733154,-0.6403602361679077,0.826574981212616,1.6527416706085205,-0.6377695202827454,0.22491154074668884,1.6245200634002686,-0.7257699966430664,0.8037802577018738,1.6122148036956787,-0.5241607427597046,0.24866518378257751,1.5844299793243408,-0.5943706631660461,0.6567128896713257,1.5764864683151245,-0.0287459846585989,0.37190520763397217,1.5707967281341553,0.03418732434511185,0.6167312264442444,2.1835806369781494,0.042963214218616486,0.3620045483112335,2.17897891998291,0.08493269234895706,0.6062214374542236,2.729966878890991,0.6409301161766052,0.35417550802230835,2.7195842266082764,0.4837990403175354,0.6086530089378357,2.822908878326416,0.6745350360870361,0.3487183451652527,2.8118178844451904,0.5088326930999756,0.5708521604537964,2.8943612575531006,0.20696938037872314,0.3904040455818176,2.884826183319092,-0.022977720946073532,0.4374482528423662,0
2026-09-24T12:29:43.962090,S013,S013_A5_Y_20260924_1229,elevated_20,A5,young,class_0,0.5385785698890686,0.49204137921333313,-0.708092987537384,0.5597826242446899,0.4277479946613312,-0.667327344417572,0.574220597743988,0.42738521099090576,-0.6669317483901978,0.5846998691558838,0.42810553312301636,-0.6669719219207764,0.5095897912979126,0.4312160611152649,-0.6686532497406006,0.49169355630874634,0.4343080222606659,-0.6679081916809082,0.47501611709594727,0.4374246597290039,-0.6679620742797852,0.6029960513114929,0.45631346106529236,-0.39125245809555054,0.4537513852119446,0.46619975566864014,-0.38256147503852844,0.567192554473877,0.5572637319564819,-0.6026907563209534,0.5048481225967407,0.5613177418708801,-0.5991900563240051,0.7601050138473511,0.8215124607086182,-0.22377046942710876,0.3033652603626251,0.8151564002037048,-0.32364022731781006,0.8524505496025085,1.2253624200820923,-0.20591025054454803,0.20238283276557922,1.2090710401535034,-0.26383495330810547,0.8486118316650391,1.5472559928894043,-0.46812134981155396,0.21009501814842224,1.5203156471252441,-0.5497614145278931,0.8825801014900208,1.648853063583374,-0.5701433420181274,0.17606814205646515,1.618023157119751,-0.6473289728164673,0.8275448083877563,1.650783896446228,-0.6260406970977783,0.2249298095703125,1.6244733333587646,-0.7323768734931946,0.8045684695243835,1.6101969480514526,-0.5108827352523804,0.24860544502735138,1.584285020828247,-0.6001941561698914,0.6558409333229065,1.575654149055481,-0.026244288310408592,0.3718796670436859,1.5699363946914673,0.031665585935115814,0.6162997484207153,2.182382822036743,0.033912546932697296,0.3618190884590149,2.1779940128326416,0.058371592313051224,0.6057971715927124,2.729745388031006,0.5954110622406006,0.3534979820251465,2.7192740440368652,0.4225485324859619,0.6079774498939514,2.822844982147217,0.6251412630081177,0.34774482250213623,2.8115553855895996,0.44317278265953064,0.5709187984466553,2.8938491344451904,0.15637363493442535,0.39003080129623413,2.884387969970703,-0.09103844314813614,0.43702976872811466,0
2026-09-24T12:29:44.067669,S013,S013_A5_Y_20260924_1229,elevated_20,A5,young,class_0,0.5385308265686035,0.490546852350235,-0.7016423940658569,0.5597846508026123,0.4265531599521637,-0.6601613163948059,0.5742272138595581,0.42618271708488464,-0.659762978553772,0.5847080945968628,0.4270154535770416,-0.6597698330879211,0.509588360786438,0.4300958216190338,-0.661270022392273,0.4916980266571045,0.4333156645298004,-0.660529375076294,0.475014865398407,0.43668332695961,-0.6605972051620483,0.6030672788619995,0.45561474561691284,-0.3872780203819275,0.45382148027420044,0.46561145782470703,-0.37784498929977417,0.567189633846283,0.5562236905097961,-0.597802996635437,0.5048436522483826,0.5602708458900452,-0.5943015813827515,0.7601729035377502,0.821548581123352,-0.22014120221138,0.30350035429000854,0.8149470090866089,-0.323422372341156,0.8512174487113953,1.2265315055847168,-0.1973712146282196,0.2024272382259369,1.2081643342971802,-0.2595032751560211,0.8413528203964233,1.5473339557647705,-0.4551890790462494,0.2104346752166748,1.5206109285354614,-0.5410944223403931,0.8729405403137207,1.6489325761795044,-0.5579648017883301,0.17634738981723785,1.6188571453094482,-0.640638530254364,0.8172721862792969,1.6505756378173828,-0.6135533452033997,0.2253640592098236,1.6252907514572144,-0.724697470664978,0.795582115650177,1.6098246574401855,-0.4979562759399414,0.24889478087425232,1.5850193500518799,-0.5916506052017212,0.6545245051383972,1.5749003887176514,-0.02360329031944275,0.3697702884674072,1.5682311058044434,0.029150238260626793,0.6139494180679321,2.181920289993286,0.03465459868311882,0.3593504726886749,2.1763927936553955,0.055642496794462204,0.6030754446983337,2.7295026779174805,0.6044080853462219,0.35078907012939453,2.7184674739837646,0.43651169538497925,0.6049367189407349,2.82273268699646,0.6354685425758362,0.34496188163757324,2.811163902282715,0.4593307077884674,0.5685371160507202,2.8934755325317383,0.16570688784122467,0.3875558376312256,2.88311767578125,-0.07668210566043854,0.4364957478536381,0
2026-09-24T12:29:44.190373,S013,S013_A5_Y_20260924_1229,elevated_20,A5,young,class_0,0.5383650064468384,0.49039116501808167,-0.7255926132202148,0.5596702098846436,0.4263260066509247,-0.6842578649520874,0.5742006897926331,0.42594629526138306,-0.6838651895523071,0.5847055315971375,0.4268101155757904,-0.6838624477386475,0.5094677209854126,0.4299510717391968,-0.6842581033706665,0.4916260838508606,0.43322429060935974,-0.6834794282913208,0.4749445915222168,0.4366115629673004,-0.6835252046585083,0.6031064391136169,0.45555582642555237,-0.4078366160392761,0.45381268858909607,0.46559587121009827,-0.3906615376472473,0.5671285390853882,0.556050717830658,-0.6205726265907288,0.5047840476036072,0.5601959228515625,-0.6146882772445679,0.7608785033226013,0.8215380311012268,-0.24214904010295868,0.30349665880203247,0.8157556653022766,-0.3325716555118561,0.8549730181694031,1.2266197204589844,-0.21952971816062927,0.20254473388195038,1.211688756942749,-0.2605606019496918,0.84721440076828,1.548986554145813,-0.4762040674686432,0.21363136172294617,1.5303783416748047,-0.5451878309249878,0.8803092241287231,1.650260329246521,-0.5835133194923401,0.180937260389328,1.6303216218948364,-0.6448749899864197,0.8242533802986145,1.6523120403289795,-0.6301885843276978,0.23005804419517517,1.635654091835022,-0.7284796833992004,0.8017593622207642,1.6118242740631104,-0.5159789323806763,0.2527933120727539,1.5947933197021484,-0.5955824255943298,0.6571253538131714,1.575136423110962,-0.030371706932783127,0.3712083399295807,1.5685536861419678,0.0358433872461319,0.6163771748542786,2.1827824115753174,0.03755725547671318,0.3599644899368286,2.178842782974243,0.11557115614414215,0.6045979261398315,2.7315948009490967,0.6667932271957397,0.35196009278297424,2.7215209007263184,0.5808785557746887,0.6065144538879395,2.825340986251831,0.7039440274238586,0.3470233082771301,2.8141212463378906,0.6144537925720215,0.569805920124054,2.895627737045288,0.22265908122062683,0.38809338212013245,2.887495517730713,0.06775756180286407,0.4365550105686163,0
2026-09-24T12:29:44.307134,S013,S013_A5_Y_20260924_1229,elevated_20,A5,young,class_0,0.5383723974227905,0.4909090995788574,-0.7171103954315186,0.5596829652786255,0.42681923508644104,-0.6761265993118286,0.5742090344429016,0.42652833461761475,-0.675705075263977,0.5847111940383911,0.4274166524410248,-0.6756461262702942,0.5094989538192749,0.43018868565559387,-0.6763582825660706,0.49165382981300354,0.4333947002887726,-0.6755460500717163,0.4749661087989807,0.4367325007915497,-0.6755934953689575,0.6031168103218079,0.4560771584510803,-0.40116286277770996,0.4538508355617523,0.46560415625572205,-0.38584527373313904,0.5670804381370544,0.5565624833106995,-0.6121870279312134,0.5047560334205627,0.560602605342865,-0.607170820236206,0.7606123685836792,0.8216192722320557,-0.23930108547210693,0.3030281960964203,0.8149526119232178,-0.3240499496459961,0.8524759411811829,1.226630687713623,-0.21944281458854675,0.20259976387023926,1.2104542255401611,-0.2636626362800598,0.8430513143539429,1.5483676195144653,-0.47705477476119995,0.21555164456367493,1.5251405239105225,-0.5795133709907532,0.8745832443237305,1.649560570716858,-0.5841237306594849,0.1836654245853424,1.6252602338790894,-0.6838170289993286,0.8204895257949829,1.6507610082626343,-0.6316551566123962,0.23301973938941956,1.628562331199646,-0.7618650197982788,0.7985047698020935,1.61040461063385,-0.517116904258728,0.2553112804889679,1.5874477624893188,-0.628484308719635,0.6571407318115234,1.5734292268753052,-0.030301783233880997,0.3712770342826843,1.5674551725387573,0.03578564152121544,0.617274284362793,2.178666353225708,0.037604618817567825,0.36115556955337524,2.175158739089966,0.0986187681555748,0.6077529191970825,2.7255170345306396,0.6602046489715576,0.3567578196525574,2.7146897315979004,0.5256296396255493,0.610029399394989,2.818053722381592,0.6958977580070496,0.3524188697338104,2.8062546253204346,0.5534879565238953,0.5733393430709839,2.8904082775115967,0.2141776978969574,0.3932890295982361,2.8804938793182373,0.011739609763026237,0.43641807867040616,0
2026-09-24T12:29:44.429367,S013,S013_A5_Y_20260924_1229,elevated_20,A5,young,class_0,0.5380895733833313,0.490263432264328,-0.706023633480072,0.5596413016319275,0.4260612428188324,-0.6651439070701599,0.5742125511169434,0.4257354140281677,-0.6647273302078247,0.5847179889678955,0.4266952872276306,-0.664713978767395,0.5092306137084961,0.4295816123485565,-0.664585530757904,0.49141931533813477,0.4329027235507965,-0.6637954711914062,0.4746471345424652,0.4363277554512024,-0.6638543605804443,0.6032178401947021,0.4554334580898285,-0.39364537596702576,0.45382818579673767,0.4653695225715637,-0.3750612139701843,0.5670760869979858,0.5558059811592102,-0.6028555631637573,0.5045827627182007,0.5598234534263611,-0.5968064665794373,0.7609250545501709,0.8219668865203857,-0.23087327182292938,0.30297204852104187,0.8149385452270508,-0.3210529685020447,0.8524656295776367,1.227334976196289,-0.21163848042488098,0.20242896676063538,1.2100493907928467,-0.25992363691329956,0.8435361981391907,1.5482157468795776,-0.47543835639953613,0.21374723315238953,1.525128722190857,-0.5708363652229309,0.8755518198013306,1.648966670036316,-0.581912100315094,0.18057511746883392,1.6252185106277466,-0.6719443202018738,0.8217178583145142,1.648942232131958,-0.6301678419113159,0.2298048734664917,1.6286848783493042,-0.7543357610702515,0.7992987632751465,1.6091477870941162,-0.5157414674758911,0.25285035371780396,1.5876752138137817,-0.6212130188941956,0.6570451855659485,1.5735560655593872,-0.02953946962952614,0.3709573745727539,1.5675333738327026,0.03504123538732529,0.6171191930770874,2.179905414581299,0.039113886654376984,0.36118170619010925,2.1754770278930664,0.09032119810581207,0.6070389151573181,2.7262203693389893,0.6590415835380554,0.35534459352493286,2.715022563934326,0.5028396844863892,0.6093553304672241,2.8186192512512207,0.6938396692276001,0.3503401279449463,2.806436061859131,0.5295590162277222,0.5721681118011475,2.890836238861084,0.21333184838294983,0.39223915338516235,2.8811843395233154,-0.00716161634773016,0.4362562325774861,0
2026-09-24T12:29:44.557266,S013,S013_A5_Y_20260924_1229,elevated_20,A5,young,class_0,0.5380882024765015,0.4900577962398529,-0.7064453363418579,0.5595901608467102,0.4260498881340027,-0.6654864549636841,0.5741719603538513,0.4257378876209259,-0.6650691628456116,0.584680438041687,0.4267209768295288,-0.6650622487068176,0.5092357397079468,0.4294552803039551,-0.6647816300392151,0.49142831563949585,0.4327956438064575,-0.6639897227287292,0.47465425729751587,0.43625786900520325,-0.6640483140945435,0.6031501889228821,0.45567137002944946,-0.39448457956314087,0.45388850569725037,0.4653681814670563,-0.375203013420105,0.5670884251594543,0.5557041764259338,-0.6036022901535034,0.5045827627182007,0.5597225427627563,-0.5972111821174622,0.7609351277351379,0.8223247528076172,-0.23336803913116455,0.30295470356941223,0.8153100609779358,-0.3212575912475586,0.8541488647460938,1.2274161577224731,-0.21377523243427277,0.20242969691753387,1.2109959125518799,-0.26043590903282166,0.8445143699645996,1.5482293367385864,-0.4743348956108093,0.2130730152130127,1.5261361598968506,-0.5713502168655396,0.877164363861084,1.6489940881729126,-0.5800892114639282,0.1791587769985199,1.62615168094635,-0.6722872853279114,0.8219340443611145,1.64896559715271,-0.6272997260093689,0.22863860428333282,1.630418062210083,-0.755900502204895,0.7994568943977356,1.6091787815093994,-0.5142110586166382,0.25179341435432434,1.589399814605713,-0.6223551034927368,0.6571356058120728,1.5741676092147827,-0.029927190393209457,0.37083277106285095,1.5679460763931274,0.03550228103995323,0.6178317666053772,2.181457042694092,0.03898022323846817,0.3613273799419403,2.1764779090881348,0.10253993421792984,0.60794597864151,2.7270588874816895,0.6576180458068848,0.35538285970687866,2.715419054031372,0.5398625135421753,0.6105292439460754,2.819962978363037,0.692393958568573,0.35036081075668335,2.8072638511657715,0.5697180032730103,0.5725206136703491,2.8914082050323486,0.2130480706691742,0.3922349810600281,2.881479501724243,0.032058972865343094,0.43591381264917056,0
2026-09-24T12:29:44.679411,S013,S013_A5_Y_20260924_1229,elevated_20,A5,young,class_0,0.538084864616394,0.48857706785202026,-0.704272449016571,0.5596070885658264,0.42480313777923584,-0.6620436906814575,0.5742002725601196,0.4246414303779602,-0.6616344451904297,0.5847088694572449,0.4258175194263458,-0.6616601943969727,0.509232223033905,0.4281826615333557,-0.661981463432312,0.49142012000083923,0.43169811367988586,-0.6612222194671631,0.4745975136756897,0.4354221522808075,-0.6612913608551025,0.6031564474105835,0.45508772134780884,-0.3899674415588379,0.4538428783416748,0.46497470140457153,-0.37313011288642883,0.5670920014381409,0.5543717741966248,-0.6016455888748169,0.504542350769043,0.5586167573928833,-0.5957995057106018,0.7614825963973999,0.8236610293388367,-0.23189643025398254,0.3025243282318115,0.8158591985702515,-0.32168662548065186,0.8588265180587769,1.228865385055542,-0.21363064646720886,0.20246008038520813,1.2130279541015625,-0.26828160881996155,0.853790283203125,1.5541337728500366,-0.47436851263046265,0.21068790555000305,1.5328773260116577,-0.5965656042098999,0.8887283205986023,1.656606674194336,-0.5800644755363464,0.1751357614994049,1.6342833042144775,-0.6966418027877808,0.8313748240470886,1.657588243484497,-0.6274725794792175,0.22506551444530487,1.6405847072601318,-0.7820677757263184,0.8079057931900024,1.617632508277893,-0.5143049955368042,0.24893489480018616,1.5993787050247192,-0.6486170887947083,0.6579799652099609,1.577939510345459,-0.029911279678344727,0.37085527181625366,1.5717705488204956,0.03549173101782799,0.6183031797409058,2.187406301498413,0.03996385261416435,0.3612113296985626,2.180856227874756,0.10597212612628937,0.6078627705574036,2.732426881790161,0.6650278568267822,0.35441893339157104,2.7180917263031006,0.5477911233901978,0.6104100942611694,2.8261711597442627,0.7005709409713745,0.3490731120109558,2.810338258743286,0.5783780813217163,0.5724437832832336,2.8965530395507812,0.22806879878044128,0.3918927311897278,2.885596752166748,0.04606198891997337,0.436022185587786,0
2026-09-24T12:29:44.882859,S013,S013_A5_Y_20260924_1229,elevated_20,A5,young,class_0,0.5380843877792358,0.4884657561779022,-0.7041163444519043,0.5596147179603577,0.4247110188007355,-0.6618393659591675,0.5742121338844299,0.4245682656764984,-0.661429762840271,0.5847180485725403,0.4257622957229614,-0.6614500880241394,0.5092456340789795,0.42796632647514343,-0.6618422269821167,0.49143433570861816,0.43146735429763794,-0.6610826849937439,0.47460299730300903,0.4352281987667084,-0.6611528396606445,0.6031742095947266,0.4550798237323761,-0.38944488763809204,0.4539176821708679,0.4647727310657501,-0.373022198677063,0.5671035051345825,0.5543460249900818,-0.6013843417167664,0.5045658946037292,0.5584484338760376,-0.5956684350967407,0.7614834308624268,0.8238126635551453,-0.23109784722328186,0.30251842737197876,0.8158659338951111,-0.321760892868042,0.8581565022468567,1.2296897172927856,-0.2135690152645111,0.20245960354804993,1.2130331993103027,-0.2643290162086487,0.8515392541885376,1.5545575618743896,-0.4758215844631195,0.2081935852766037,1.5328859090805054,-0.5781821608543396,0.8854635953903198,1.656977891921997,-0.581784188747406,0.1716824471950531,1.6342518329620361,-0.6794722676277161,0.8285344839096069,1.657631278038025,-0.6306546330451965,0.22093439102172852,1.6405445337295532,-0.7683738470077515,0.8053110241889954,1.6176780462265015,-0.516322910785675,0.24546675384044647,1.5993584394454956,-0.631588339805603,0.6575592160224915,1.5782040357589722,-0.029075831174850464,0.3704140782356262,1.5721808671951294,0.03466034680604935,0.6182511448860168,2.187838077545166,0.041565410792827606,0.36120468378067017,2.1812660694122314,0.09002327919006348,0.6079338788986206,2.732994556427002,0.6616707444190979,0.3545224368572235,2.7189767360687256,0.5035773515701294,0.6105567216873169,2.8264224529266357,0.6961840987205505,0.34921208024024963,2.8110392093658447,0.5303848385810852,0.5724654197692871,2.8972201347351074,0.2240135222673416,0.3920234739780426,2.8861277103424072,-0.0036906737368553877,0.4362232883686237,0
2026-09-24T12:29:45.032349,S013,S013_A5_Y_20260924_1229,elevated_20,A5,young,class_0,0.5380882620811462,0.488454669713974,-0.7023954391479492,0.5596011877059937,0.42465776205062866,-0.6606717705726624,0.5742027163505554,0.4244925081729889,-0.6602650880813599,0.5847054719924927,0.42566075921058655,-0.6602995991706848,0.5092464089393616,0.4279469847679138,-0.6609500050544739,0.49143320322036743,0.43145933747291565,-0.6601953506469727,0.47458696365356445,0.4352244436740875,-0.6602717041969299,0.6031070947647095,0.45499783754348755,-0.38868656754493713,0.4539237916469574,0.4647509455680847,-0.3730533719062805,0.5671072006225586,0.5543388724327087,-0.5993934869766235,0.5046064257621765,0.5584471821784973,-0.5941848158836365,0.7614016532897949,0.823628842830658,-0.231052428483963,0.30251336097717285,0.815316915512085,-0.32106080651283264,0.8546107411384583,1.2296009063720703,-0.21337342262268066,0.20211713016033173,1.2118180990219116,-0.26451224088668823,0.843705952167511,1.5533028841018677,-0.46686282753944397,0.20672793686389923,1.5302985906600952,-0.5784097909927368,0.8764796257019043,1.6555017232894897,-0.5693969130516052,0.17002710700035095,1.630981683731079,-0.6791552901268005,0.8204954266548157,1.6555613279342651,-0.6178325414657593,0.21890874207019806,1.6373146772384644,-0.7675955295562744,0.7979304790496826,1.6156734228134155,-0.5063576102256775,0.24342989921569824,1.5963681936264038,-0.6313854455947876,0.6560405492782593,1.5782045125961304,-0.029071960598230362,0.3689998388290405,1.572095513343811,0.03465304151177406,0.6157727837562561,2.1877782344818115,0.043848730623722076,0.35819095373153687,2.1804380416870117,0.08998636156320572,0.6036036014556885,2.732374906539917,0.6602238416671753,0.3494430184364319,2.717710256576538,0.5037807822227478,0.6058462858200073,2.825204372406006,0.6946290731430054,0.3438984751701355,2.809760332107544,0.5306397676467896,0.5674282312393188,2.8966519832611084,0.22322587668895721,0.38595858216285706,2.8839192390441895,-0.002266969997435808,0.4359259016850611,0
2026-09-24T12:29:45.222681,S013,S013_A5_Y_20260924_1229,elevated_20,A5,young,class_0,0.5377769470214844,0.48775631189346313,-0.7017239332199097,0.5593588948249817,0.42403990030288696,-0.6599856615066528,0.5741176605224609,0.4239124357700348,-0.6595537662506104,0.5846847891807556,0.42512908577919006,-0.6595672369003296,0.5088221430778503,0.4274689257144928,-0.6599317789077759,0.4910709857940674,0.43112263083457947,-0.659155547618866,0.47417569160461426,0.4349690079689026,-0.6592262983322144,0.6031022667884827,0.45479491353034973,-0.38895443081855774,0.45381593704223633,0.46473899483680725,-0.3727496266365051,0.5670872926712036,0.5539647340774536,-0.5993531942367554,0.504447340965271,0.5582214593887329,-0.5939280986785889,0.7620691657066345,0.8247772455215454,-0.23233433067798615,0.30211639404296875,0.8173485398292542,-0.3213045001029968,0.8546639680862427,1.2368518114089966,-0.20802946388721466,0.20218870043754578,1.213239073753357,-0.241289883852005,0.8410077095031738,1.5675983428955078,-0.4395294189453125,0.20646479725837708,1.5440590381622314,-0.5152250528335571,0.8728989362716675,1.670646071434021,-0.539471447467804,0.1693839728832245,1.6478497982025146,-0.6083802580833435,0.8159909248352051,1.669123888015747,-0.5835824012756348,0.21843668818473816,1.654148817062378,-0.6981850862503052,0.7934193015098572,1.6292897462844849,-0.4770728647708893,0.24336674809455872,1.6126949787139893,-0.5685364007949829,0.6561025381088257,1.5807853937149048,-0.02949117124080658,0.3682222366333008,1.5732718706130981,0.03512469679117203,0.6155833601951599,2.193054437637329,0.04364440217614174,0.35722213983535767,2.182612657546997,0.08991312235593796,0.6028764843940735,2.738283634185791,0.6663810014724731,0.347661554813385,2.7195849418640137,0.5166416168212891,0.6050066351890564,2.8309552669525146,0.7011727094650269,0.34244608879089355,2.8113582134246826,0.5461171269416809,0.5665432214736938,2.901811122894287,0.2247554510831833,0.3838815689086914,2.886378765106201,0.007059299852699041,0.4357392780330215,0
2026-09-24T12:29:45.344671,S013,S013_A5_Y_20260924_1229,elevated_20,A5,young,class_0,0.5374732613563538,0.48795366287231445,-0.7059111595153809,0.5587966442108154,0.4241216778755188,-0.6643335223197937,0.5737696290016174,0.4239826798439026,-0.66390460729599,0.5844322443008423,0.42516839504241943,-0.6639099717140198,0.5083218812942505,0.42755356431007385,-0.6645103693008423,0.4906907081604004,0.4312126338481903,-0.6637447476387024,0.473752498626709,0.43504273891448975,-0.6638103723526001,0.6027036309242249,0.4548207223415375,-0.3917071521282196,0.4536568224430084,0.4649019241333008,-0.3766637444496155,0.5670067071914673,0.5542009472846985,-0.6024216413497925,0.5042421817779541,0.5585030913352966,-0.5974025130271912,0.7620595693588257,0.8247941732406616,-0.23469960689544678,0.3008330464363098,0.8175367712974548,-0.3218923509120941,0.8547426462173462,1.236757755279541,-0.2176915407180786,0.2021307498216629,1.213185429573059,-0.2745268940925598,0.8410849571228027,1.567119836807251,-0.4657976031303406,0.20279665291309357,1.5406166315078735,-0.6188928484916687,0.8729953765869141,1.6702450513839722,-0.568493664264679,0.16889487206935883,1.6474272012710571,-0.7231519818305969,0.8161913752555847,1.668548822402954,-0.6156893968582153,0.21921269595623016,1.6537957191467285,-0.804949164390564,0.7935518026351929,1.6285830736160278,-0.5041866898536682,0.24397012591362,1.6118762493133545,-0.6707342863082886,0.6561095714569092,1.5808730125427246,-0.029584785923361778,0.3680117428302765,1.5733689069747925,0.03523387387394905,0.6156560778617859,2.1929733753204346,0.045152124017477036,0.3567723035812378,2.1825995445251465,0.09158075600862503,0.6031445264816284,2.7379150390625,0.6674928665161133,0.34769558906555176,2.7194252014160156,0.5205590128898621,0.6054230332374573,2.8306987285614014,0.7028902173042297,0.34250739216804504,2.81133770942688,0.5500363707542419,0.566585898399353,2.901752233505249,0.23094680905342102,0.3840201795101166,2.8862593173980713,0.016687992960214615,0.4359814823618225,0
2026-09-24T12:29:45.453395,S013,S013_A5_Y_20260924_1229,elevated_20,A5,young,class_0,0.5374682545661926,0.4890328347682953,-0.7176166772842407,0.5587839484214783,0.4247147738933563,-0.6753870248794556,0.5737424492835999,0.4245610535144806,-0.6750001907348633,0.5843931436538696,0.42565974593162537,-0.6750451326370239,0.508338212966919,0.42805546522140503,-0.676624596118927,0.49070924520492554,0.43159130215644836,-0.6758832335472107,0.4737733006477356,0.43528327345848083,-0.6759513020515442,0.6023741960525513,0.45506489276885986,-0.3966256082057953,0.4536668658256531,0.464952677488327,-0.38510262966156006,0.566953182220459,0.5552582144737244,-0.6115555167198181,0.504237949848175,0.5594579577445984,-0.6076396703720093,0.7618099451065063,0.8248303532600403,-0.24027583003044128,0.3004172444343567,0.8176820874214172,-0.32735663652420044,0.8551386594772339,1.2355297803878784,-0.23226328194141388,0.20209422707557678,1.2155715227127075,-0.293802410364151,0.8412514925003052,1.5658756494522095,-0.49010902643203735,0.20302465558052063,1.5405226945877075,-0.6387449502944946,0.873055100440979,1.6700363159179688,-0.5954912304878235,0.16897276043891907,1.6465867757797241,-0.7431429624557495,0.8164698481559753,1.6681020259857178,-0.6427333354949951,0.21928372979164124,1.6529386043548584,-0.8282608985900879,0.7937835454940796,1.6284750699996948,-0.5288918614387512,0.24398918449878693,1.6111093759536743,-0.6910237073898315,0.6560943126678467,1.5811772346496582,-0.030197924003005028,0.3680126965045929,1.5738624334335327,0.03581967204809189,0.615631103515625,2.192986488342285,0.04468158632516861,0.3562988042831421,2.183488368988037,0.09529362618923187,0.6021937131881714,2.738541841506958,0.6667121052742004,0.3467816710472107,2.7218446731567383,0.5239497423171997,0.6043875217437744,2.831631660461426,0.701813817024231,0.3414316773414612,2.8146169185638428,0.5530886650085449,0.5655925273895264,2.9029343128204346,0.2297765016555786,0.382661908864975,2.8885128498077393,0.017763203009963036,0.43568103106971384,0
2026-09-24T12:29:45.569479,S013,S013_A5_Y_20260924_1229,elevated_20,A5,young,class_0,0.5373899936676025,0.49039068818092346,-0.7176161408424377,0.5586944818496704,0.4256439507007599,-0.6761307120323181,0.5736679434776306,0.42545926570892334,-0.6757379770278931,0.5843457579612732,0.42640307545661926,-0.6757735013961792,0.5083154439926147,0.42898234724998474,-0.6769983768463135,0.49068552255630493,0.43234148621559143,-0.6762486696243286,0.47376006841659546,0.4357951581478119,-0.6763287782669067,0.6023186445236206,0.45533353090286255,-0.4000040590763092,0.45369333028793335,0.465045303106308,-0.3868257403373718,0.5668918490409851,0.5565299987792969,-0.6119712591171265,0.5042372941970825,0.5605509281158447,-0.6077858805656433,0.761803388595581,0.8247954249382019,-0.24177150428295135,0.30066996812820435,0.8172739744186401,-0.3273736238479614,0.8551234006881714,1.235032558441162,-0.2334795892238617,0.20181739330291748,1.215455174446106,-0.29326844215393066,0.8420589566230774,1.565006136894226,-0.4908203184604645,0.2022589147090912,1.5330599546432495,-0.6253541707992554,0.8747527003288269,1.6690237522125244,-0.5959006547927856,0.17320095002651215,1.639009714126587,-0.7280585765838623,0.8183243870735168,1.6679153442382812,-0.6435044407844543,0.22352686524391174,1.646289587020874,-0.812783420085907,0.7953973412513733,1.6281895637512207,-0.5301498174667358,0.24692945182323456,1.60488760471344,-0.6772294640541077,0.6561958193778992,1.5810294151306152,-0.030193855985999107,0.36814606189727783,1.5738494396209717,0.03581573814153671,0.6162662506103516,2.1925697326660156,0.044635020196437836,0.3563523292541504,2.183427572250366,0.09012220799922943,0.6030478477478027,2.7384583950042725,0.6585856676101685,0.34683164954185486,2.7219269275665283,0.5086647868156433,0.6054991483688354,2.8316054344177246,0.6925618648529053,0.3414786159992218,2.8149447441101074,0.5360957384109497,0.5656383037567139,2.9029006958007812,0.21639709174633026,0.38275855779647827,2.8885583877563477,-0.0007686195312999189,0.4350686979106995,0
2026-09-24T12:29:45.689072,S013,S013_A5_Y_20260924_1229,elevated_20,A5,young,class_0,0.5370579361915588,0.4903973937034607,-0.7450096011161804,0.5585599541664124,0.4256440997123718,-0.7041980624198914,0.5736023783683777,0.42545998096466064,-0.7037993669509888,0.5843237638473511,0.4264085590839386,-0.7038480043411255,0.508101761341095,0.42898812890052795,-0.7039711475372314,0.49052542448043823,0.43234553933143616,-0.7032749056816101,0.4736100733280182,0.43579521775245667,-0.7033630609512329,0.6023133993148804,0.4553327262401581,-0.42419666051864624,0.4536738991737366,0.46503740549087524,-0.4057038724422455,0.5668237805366516,0.5565174221992493,-0.6380325555801392,0.5040709376335144,0.5605502724647522,-0.6319068670272827,0.7626069784164429,0.8267574310302734,-0.26254725456237793,0.30032581090927124,0.8175467252731323,-0.34350571036338806,0.8567928075790405,1.2365376949310303,-0.25339850783348083,0.2017989605665207,1.2178813219070435,-0.3017011284828186,0.8446930050849915,1.571236491203308,-0.5178753733634949,0.20234103500843048,1.5392998456954956,-0.6341308355331421,0.8777589797973633,1.676977276802063,-0.6267138719558716,0.17283448576927185,1.6440526247024536,-0.738323986530304,0.8202964067459106,1.677724003791809,-0.6752472519874573,0.22302213311195374,1.650435209274292,-0.8257763981819153,0.7972739934921265,1.6371150016784668,-0.5574450492858887,0.2465476095676422,1.6095350980758667,-0.6867832541465759,0.6564080119132996,1.5869312286376953,-0.031047046184539795,0.36819589138031006,1.5789482593536377,0.03659418225288391,0.6168183088302612,2.1990020275115967,0.06848438084125519,0.35635653138160706,2.1894867420196533,0.11996112018823624,0.6031171083450317,2.744595766067505,0.722996175289154,0.34689247608184814,2.7274975776672363,0.5910855531692505,0.6056024432182312,2.837928295135498,0.7623828649520874,0.3415229916572571,2.8209340572357178,0.6255665421485901,0.5656788945198059,2.911552667617798,0.28744420409202576,0.3828183114528656,2.895885705947876,0.0872892290353775,0.435786382094379,0
2026-09-24T12:29:45.804995,S013,S013_A5_Y_20260924_1229,elevated_20,A5,young,class_0,0.5363320112228394,0.4903949797153473,-0.7313298583030701,0.5581600069999695,0.4256435036659241,-0.689409613609314,0.573327898979187,0.42545804381370544,-0.6890475153923035,0.5841901302337646,0.42640605568885803,-0.689193844795227,0.5077234506607056,0.42899900674819946,-0.6887444257736206,0.4901748597621918,0.432358056306839,-0.6880694627761841,0.4732760488986969,0.43580183386802673,-0.6881755590438843,0.6021375060081482,0.4553254544734955,-0.41195622086524963,0.45356255769729614,0.4650515019893646,-0.3911025822162628,0.5664275884628296,0.5564616918563843,-0.6260423064231873,0.5035879611968994,0.560546338558197,-0.6191807985305786,0.7627586126327515,0.8272555470466614,-0.2582063376903534,0.2998199462890625,0.81866854429245,-0.3384358286857605,0.8579683303833008,1.2376075983047485,-0.2502579391002655,0.20295336842536926,1.2232391834259033,-0.30729231238365173,0.8501367568969727,1.570879340171814,-0.5123471617698669,0.19904795289039612,1.5391896963119507,-0.6814513206481934,0.8858555555343628,1.6764280796051025,-0.621073842048645,0.17248733341693878,1.6456202268600464,-0.7895951867103577,0.8266065716743469,1.6775628328323364,-0.6694091558456421,0.22266033291816711,1.6521191596984863,-0.872979462146759,0.803133487701416,1.6368688344955444,-0.5521793365478516,0.24631254374980927,1.6111373901367188,-0.7342877388000488,0.656924307346344,1.5886470079421997,-0.03109903261065483,0.3681891858577728,1.5802828073501587,0.03666769713163376,0.6178309321403503,2.202444553375244,0.0668138787150383,0.35637396574020386,2.192568778991699,0.12216906249523163,0.6032091379165649,2.7477481365203857,0.7134850025177002,0.3467174470424652,2.7307000160217285,0.5776095390319824,0.6057259440422058,2.84200382232666,0.7517102360725403,0.341181218624115,2.824833393096924,0.6097246408462524,0.5656949281692505,2.9144287109375,0.2808663845062256,0.38280394673347473,2.9005513191223145,0.07704414427280426,0.4359927960444745,0
2026-09-24T12:29:45.922738,S013,S013_A5_Y_20260924_1229,elevated_20,A5,young,class_0,0.5348737239837646,0.49045950174331665,-0.7283180952072144,0.5570836663246155,0.42573219537734985,-0.6848651170730591,0.5725757479667664,0.4255679249763489,-0.6845037937164307,0.5838382244110107,0.4265080988407135,-0.6846274137496948,0.5063521862030029,0.42914295196533203,-0.6835181713104248,0.48864132165908813,0.4324871599674225,-0.6828262209892273,0.4720309376716614,0.43589696288108826,-0.6829440593719482,0.6018970608711243,0.4554527997970581,-0.40800800919532776,0.45290136337280273,0.46515294909477234,-0.3851354420185089,0.5658005475997925,0.5564499497413635,-0.6239493489265442,0.5025597214698792,0.5605604648590088,-0.6165088415145874,0.7636265158653259,0.8287761211395264,-0.25697094202041626,0.29908278584480286,0.8205996751785278,-0.3359094262123108,0.8582459688186646,1.2461591958999634,-0.24798806011676788,0.2031543254852295,1.2304596900939941,-0.32555022835731506,0.8469470739364624,1.5760947465896606,-0.5101426839828491,0.19997142255306244,1.5458958148956299,-0.7533606290817261,0.8804934620857239,1.6825981140136719,-0.6186070442199707,0.17221800982952118,1.6515443325042725,-0.8687760233879089,0.8190675973892212,1.6813937425613403,-0.6635950207710266,0.22254857420921326,1.655967354774475,-0.9489092826843262,0.7968349456787109,1.6401373147964478,-0.5473517179489136,0.2462921440601349,1.614439845085144,-0.8068290948867798,0.6571142673492432,1.59010910987854,-0.031001728028059006,0.366960734128952,1.5812469720840454,0.03662385791540146,0.6187126040458679,2.205902099609375,0.06582925468683243,0.35633739829063416,2.1941869258880615,0.1202872171998024,0.6044923067092896,2.749337673187256,0.715710461139679,0.3470537066459656,2.730661153793335,0.5737448334693909,0.6074087619781494,2.843891143798828,0.7539541721343994,0.3414205312728882,2.8246798515319824,0.6059473156929016,0.5662368535995483,2.9155466556549072,0.28139570355415344,0.3848682641983032,2.901108980178833,0.07484935224056244,0.43665249468483924,0
2026-09-24T12:29:46.032220,S013,S013_A5_Y_20260924_1229,elevated_20,A5,young,class_0,0.532867431640625,0.4904548227787018,-0.7277263402938843,0.5551287531852722,0.4256483316421509,-0.6845524311065674,0.571099579334259,0.42548611760139465,-0.6841682195663452,0.5830012559890747,0.4263954758644104,-0.6842646598815918,0.5041021108627319,0.42914295196533203,-0.6832639575004578,0.4864200949668884,0.43249109387397766,-0.6825486421585083,0.47021156549453735,0.43590229749679565,-0.6826406121253967,0.6010181307792664,0.45538005232810974,-0.40930429100990295,0.4515914022922516,0.4651552736759186,-0.3860040009021759,0.5644444823265076,0.5563924908638,-0.6240602135658264,0.5006985664367676,0.5605540871620178,-0.6166970133781433,0.7635873556137085,0.8288362622261047,-0.25545912981033325,0.2987169623374939,0.8206580877304077,-0.33925727009773254,0.8584344983100891,1.250180721282959,-0.24514731764793396,0.19920861721038818,1.2303752899169922,-0.3311249613761902,0.8466655611991882,1.5784904956817627,-0.5033754110336304,0.19785663485527039,1.5499985218048096,-0.7339595556259155,0.8802588582038879,1.683523416519165,-0.6128555536270142,0.1661011129617691,1.655410885810852,-0.8448262214660645,0.8185617327690125,1.6816850900650024,-0.6570848822593689,0.21719706058502197,1.6597306728363037,-0.9285734295845032,0.7960254549980164,1.6410752534866333,-0.5404113531112671,0.24184036254882812,1.6180636882781982,-0.7884650826454163,0.6561381816864014,1.5903884172439575,-0.027963867411017418,0.36306193470954895,1.5815383195877075,0.03388820216059685,0.6169895529747009,2.210771083831787,0.06496889889240265,0.3545065224170685,2.198530912399292,0.11901026964187622,0.6025587320327759,2.7554101943969727,0.7108333110809326,0.34304291009902954,2.7367289066314697,0.5717695355415344,0.6057273745536804,2.850761651992798,0.7485320568084717,0.33670148253440857,2.8305978775024414,0.6039119958877563,0.5631932616233826,2.9202849864959717,0.27526432275772095,0.381346195936203,2.9091992378234863,0.06921692192554474,0.43754177674545436,0
2026-09-24T12:29:46.142792,S013,S013_A5_Y_20260924_1229,elevated_20,A5,young,class_0,0.5296446084976196,0.48936405777931213,-0.7269872426986694,0.5526379942893982,0.4252302944660187,-0.6838745474815369,0.5693298578262329,0.42520660161972046,-0.6834889650344849,0.5820855498313904,0.426143079996109,-0.6835809350013733,0.501076340675354,0.4287005364894867,-0.6826585531234741,0.4835599958896637,0.43215274810791016,-0.6819179654121399,0.4680481553077698,0.435585081577301,-0.68198561668396,0.6006805896759033,0.4553460478782654,-0.41177234053611755,0.45050549507141113,0.46498826146125793,-0.38401150703430176,0.5625537037849426,0.5555770397186279,-0.6235255002975464,0.4974954128265381,0.5593234300613403,-0.6162000894546509,0.7636565566062927,0.8294843435287476,-0.25542137026786804,0.29859691858291626,0.8205970525741577,-0.33819496631622314,0.859204113483429,1.2502511739730835,-0.24329879879951477,0.19862425327301025,1.22458016872406,-0.33473044633865356,0.8461594581604004,1.5780640840530396,-0.49898868799209595,0.19591043889522552,1.5473119020462036,-0.7643579244613647,0.8792775273323059,1.6829019784927368,-0.607437014579773,0.16044321656227112,1.6530537605285645,-0.8816516995429993,0.8176634907722473,1.6789493560791016,-0.6519274115562439,0.21243540942668915,1.6561992168426514,-0.9622036814689636,0.794971227645874,1.6392658948898315,-0.5360506176948547,0.23845744132995605,1.614490270614624,-0.8198672533035278,0.6552435159683228,1.5903496742248535,-0.02677091397345066,0.35984620451927185,1.58102285861969,0.032885123044252396,0.6164474487304688,2.210751533508301,0.06775668263435364,0.3539714515209198,2.1983020305633545,0.11796796321868896,0.6025976538658142,2.7549829483032227,0.7212628126144409,0.34209519624710083,2.7366368770599365,0.5692293047904968,0.6057457327842712,2.850271463394165,0.7594391107559204,0.33566349744796753,2.830367088317871,0.60113525390625,0.5632108449935913,2.91990065574646,0.2828597128391266,0.38036757707595825,2.9088070392608643,0.06547170877456665,0.4384609095751902,0
2026-09-24T12:29:46.258413,S013,S013_A5_Y_20260924_1229,elevated_20,A5,young,class_0,0.5281936526298523,0.48792579770088196,-0.7272535562515259,0.551207959651947,0.4246353507041931,-0.6845808029174805,0.5682640075683594,0.42467623949050903,-0.6841716170310974,0.5814957618713379,0.42564070224761963,-0.6842259168624878,0.49990567564964294,0.4281587302684784,-0.6822723746299744,0.48264163732528687,0.43175646662712097,-0.6815307140350342,0.4673978388309479,0.4352307617664337,-0.6815966367721558,0.6003884077072144,0.45524802803993225,-0.41598668694496155,0.4503003656864166,0.4648399353027344,-0.3830057382583618,0.5616799592971802,0.5540215373039246,-0.6256905198097229,0.49640217423439026,0.5575738549232483,-0.6162288784980774,0.7638636827468872,0.8297842144966125,-0.2630573809146881,0.29858875274658203,0.8206520676612854,-0.33770233392715454,0.8637505769729614,1.2506555318832397,-0.25342369079589844,0.20009395480155945,1.2245033979415894,-0.3331347107887268,0.8471484184265137,1.5780051946640015,-0.501451849937439,0.19758515059947968,1.5470795631408691,-0.7549921870231628,0.880083441734314,1.68244206905365,-0.6086409687995911,0.16089403629302979,1.6529433727264404,-0.8692640066146851,0.8179863095283508,1.6787341833114624,-0.6523160934448242,0.21277658641338348,1.6560099124908447,-0.9522420167922974,0.7952685356140137,1.6390910148620605,-0.5381885766983032,0.23895201086997986,1.6144379377365112,-0.810976505279541,0.6572169661521912,1.591553807258606,-0.02790255844593048,0.36087697744369507,1.5823596715927124,0.034127186983823776,0.6201882362365723,2.2143332958221436,0.06745900213718414,0.35654282569885254,2.201716423034668,0.12347352504730225,0.6071479320526123,2.758542060852051,0.7298014163970947,0.34555497765541077,2.740471601486206,0.5880236625671387,0.61146479845047,2.854017734527588,0.7690721154212952,0.3392047584056854,2.834839344024658,0.6216984391212463,0.5657328367233276,2.9233314990997314,0.2896745800971985,0.3839494585990906,2.9125816822052,0.08340103924274445,0.438747949494727,0
2026-09-24T12:29:46.378178,S013,S013_A5_Y_20260924_1229,elevated_20,A5,young,class_0,0.5281875729560852,0.48791077733039856,-0.7268680334091187,0.5511292815208435,0.42463260889053345,-0.6843127608299255,0.5681595206260681,0.42467525601387024,-0.6839078664779663,0.5813931822776794,0.4256385266780853,-0.6839609146118164,0.4999207854270935,0.42814508080482483,-0.6819312572479248,0.4826742708683014,0.43175026774406433,-0.6811887621879578,0.4674038887023926,0.43522879481315613,-0.681254506111145,0.6003527045249939,0.4552759528160095,-0.41547447443008423,0.45033401250839233,0.4648424983024597,-0.381412148475647,0.5616129636764526,0.5539834499359131,-0.625132143497467,0.49642911553382874,0.5575160980224609,-0.6159161329269409,0.7638518810272217,0.8284304738044739,-0.26173752546310425,0.2987215220928192,0.8198482990264893,-0.33377736806869507,0.8636981248855591,1.2468541860580444,-0.26280611753463745,0.20164892077445984,1.22403883934021,-0.3453640043735504,0.8468805551528931,1.5661753416061401,-0.5284959077835083,0.20208899676799774,1.5389289855957031,-0.7858582735061646,0.8793902397155762,1.6710723638534546,-0.6373641490936279,0.1654512733221054,1.6423085927963257,-0.9052098393440247,0.8174930810928345,1.6672981977462769,-0.6822153925895691,0.217146635055542,1.6457557678222656,-0.983749270439148,0.7951876521110535,1.6263371706008911,-0.5662713646888733,0.2419571876525879,1.6041347980499268,-0.8397547006607056,0.6587774753570557,1.5912388563156128,-0.02850472554564476,0.3633778691291809,1.5821647644042969,0.034698568284511566,0.623750627040863,2.2137207984924316,0.06745164096355438,0.35950297117233276,2.2016024589538574,0.12706798315048218,0.6122356057167053,2.7579879760742188,0.7249574661254883,0.35007137060165405,2.7401623725891113,0.5852563977241516,0.6168096661567688,2.8539071083068848,0.7637322545051575,0.34375739097595215,2.8344902992248535,0.6178176403045654,0.5711406469345093,2.923144578933716,0.2853117287158966,0.3885209858417511,2.9120633602142334,0.08061294257640839,0.4383261489424823,0
2026-09-24T12:29:46.484786,S013,S013_A5_Y_20260924_1229,elevated_20,A5,young,class_0,0.5279751420021057,0.48781710863113403,-0.7300834059715271,0.5509655475616455,0.42461299896240234,-0.6861574053764343,0.568027138710022,0.42464616894721985,-0.6857417821884155,0.5812793374061584,0.42559927701950073,-0.6857684254646301,0.4997159540653229,0.428153395652771,-0.684312105178833,0.4825180172920227,0.4317775368690491,-0.6835756301879883,0.4672342836856842,0.43525975942611694,-0.6836524605751038,0.6002395749092102,0.45530980825424194,-0.4149149954319,0.4503100514411926,0.46492666006088257,-0.3843846917152405,0.5614013075828552,0.5537920594215393,-0.6274139285087585,0.4963096082210541,0.5573517084121704,-0.6194196939468384,0.7643102407455444,0.8300469517707825,-0.26082634925842285,0.29863911867141724,0.8211982846260071,-0.33718007802963257,0.8652362823486328,1.2496531009674072,-0.2609441876411438,0.201270192861557,1.2251091003417969,-0.34170904755592346,0.8486618995666504,1.5751818418502808,-0.5280652046203613,0.2023731768131256,1.5415807962417603,-0.7819885015487671,0.8813449740409851,1.6805306673049927,-0.6342726349830627,0.1660819798707962,1.6449233293533325,-0.9024480581283569,0.8190865516662598,1.678341031074524,-0.6776037812232971,0.21765658259391785,1.6489052772521973,-0.972911536693573,0.7968229055404663,1.6371090412139893,-0.5656817555427551,0.24217350780963898,1.6074835062026978,-0.8378576040267944,0.6619021892547607,1.5952255725860596,-0.02892165817320347,0.36489158868789673,1.587213158607483,0.03514876216650009,0.6290189623832703,2.21809458732605,0.06620234251022339,0.36182013154029846,2.207610607147217,0.1262587606906891,0.6192752122879028,2.7626144886016846,0.7302869558334351,0.35374316573143005,2.745574474334717,0.5906031727790833,0.6235468983650208,2.8589861392974854,0.770206093788147,0.347615122795105,2.840545177459717,0.6239287853240967,0.5805871486663818,2.9285471439361572,0.29007381200790405,0.392095148563385,2.9169411659240723,0.08570758998394012,0.43780078969715225,0
2026-09-24T12:29:46.686187,S013,S013_A5_Y_20260924_1229,elevated_20,A5,young,class_0,0.5279938578605652,0.48786836862564087,-0.7237128019332886,0.5509645938873291,0.4246205687522888,-0.6818398237228394,0.5679880380630493,0.4246468245983124,-0.6814172863960266,0.5812053084373474,0.4255952835083008,-0.6814664602279663,0.49978622794151306,0.42815354466438293,-0.6798068284988403,0.4826509356498718,0.43177714943885803,-0.6790682077407837,0.4673115313053131,0.43525993824005127,-0.6791462898254395,0.6000463962554932,0.4552619755268097,-0.41189321875572205,0.4504067003726959,0.4649268388748169,-0.38188862800598145,0.5613746643066406,0.5538013577461243,-0.6207028031349182,0.496380478143692,0.5573880076408386,-0.6125169992446899,0.7641878724098206,0.8282193541526794,-0.2571828067302704,0.2986822724342346,0.8197177648544312,-0.3274720013141632,0.8651560544967651,1.2447872161865234,-0.25028425455093384,0.2011771947145462,1.2212706804275513,-0.3284274935722351,0.8480218648910522,1.5644952058792114,-0.4992922842502594,0.2006162405014038,1.5258994102478027,-0.7270399928092957,0.8801057934761047,1.6687064170837402,-0.6022607088088989,0.17418795824050903,1.6283557415008545,-0.8371669054031372,0.8186480402946472,1.6654590368270874,-0.6464201211929321,0.22489981353282928,1.6305772066116333,-0.9091333150863647,0.7966737747192383,1.6241227388381958,-0.5361668467521667,0.24736067652702332,1.5894684791564941,-0.7777421474456787,0.661881148815155,1.59174644947052,-0.028953993692994118,0.36572328209877014,1.5840721130371094,0.03516179323196411,0.6287746429443359,2.209296226501465,0.06594933569431305,0.36200791597366333,2.1999192237854004,0.12249282747507095,0.6189100742340088,2.7546136379241943,0.7111954689025879,0.3537384867668152,2.7392842769622803,0.5641834735870361,0.6232231855392456,2.8503239154815674,0.748934268951416,0.3476701080799103,2.834310293197632,0.5943196415901184,0.5801500082015991,2.920931100845337,0.27375829219818115,0.39198920130729675,2.9088921546936035,0.06210534647107124,0.43734581768671543,0
2026-09-24T12:29:46.840828,S013,S013_A5_Y_20260924_1229,elevated_20,A5,young,class_0,0.5266163349151611,0.48776185512542725,-0.703525185585022,0.5498174428939819,0.42444178462028503,-0.6651102304458618,0.5670114755630493,0.42442217469215393,-0.664638876914978,0.5806692242622375,0.4252797067165375,-0.6646674871444702,0.4987829327583313,0.42809945344924927,-0.6604906916618347,0.48182281851768494,0.43172571063041687,-0.6597062349319458,0.4666905403137207,0.4351978600025177,-0.6597525477409363,0.599848747253418,0.45475950837135315,-0.4008299708366394,0.4502859115600586,0.4648648202419281,-0.36122453212738037,0.5603452920913696,0.5535142421722412,-0.6020563840866089,0.4955333173274994,0.5573080778121948,-0.5905557870864868,0.7644388675689697,0.8275290727615356,-0.2439000904560089,0.2989460527896881,0.8184683918952942,-0.3052905201911926,0.8645102381706238,1.24412202835083,-0.2205391675233841,0.20118507742881775,1.2115038633346558,-0.28163281083106995,0.8439849019050598,1.5604102611541748,-0.44513750076293945,0.2035902738571167,1.5167919397354126,-0.6526158452033997,0.8736294507980347,1.6639540195465088,-0.5432004332542419,0.17493677139282227,1.6192127466201782,-0.7573039531707764,0.8141599893569946,1.6577668190002441,-0.5884634256362915,0.2254129946231842,1.6202614307403564,-0.8336787223815918,0.79334557056427,1.6165671348571777,-0.48144879937171936,0.24790716171264648,1.5791282653808594,-0.7034262418746948,0.6604567170143127,1.5895131826400757,-0.02900458313524723,0.3649316430091858,1.5806514024734497,0.035198502242565155,0.6266438961029053,2.2056174278259277,0.06362754106521606,0.36149001121520996,2.1930348873138428,0.11112622171640396,0.6150203347206116,2.7508177757263184,0.6849697828292847,0.3513583838939667,2.7338826656341553,0.5322524905204773,0.6187945604324341,2.845026731491089,0.7201188802719116,0.34524402022361755,2.828569173812866,0.5605279803276062,0.5749350190162659,2.918013334274292,0.24539609253406525,0.3886503279209137,2.902679443359375,0.027789607644081116,0.4372911769590032,0
2026-09-24T12:29:46.998551,S013,S013_A5_Y_20260924_1229,elevated_20,A5,young,class_0,0.5244984030723572,0.4854283332824707,-0.7048786878585815,0.5483251810073853,0.42318376898765564,-0.6683939695358276,0.5657832622528076,0.42326250672340393,-0.6678938269615173,0.5799959301948547,0.4241664707660675,-0.6679259538650513,0.49721065163612366,0.4269616901874542,-0.6608963012695312,0.4803105294704437,0.43059197068214417,-0.6601332426071167,0.46562641859054565,0.43399056792259216,-0.6601728200912476,0.5993651151657104,0.4536391794681549,-0.4123378396034241,0.45008963346481323,0.4640197157859802,-0.362882137298584,0.5589023232460022,0.550591230392456,-0.6068101525306702,0.49342209100723267,0.5547671914100647,-0.5908992290496826,0.7644941210746765,0.8277023434638977,-0.2640122175216675,0.2989252209663391,0.8183759450912476,-0.30767619609832764,0.867698073387146,1.244361162185669,-0.24271556735038757,0.20094916224479675,1.2113533020019531,-0.27861323952674866,0.8458347320556641,1.564569354057312,-0.45354390144348145,0.2056562453508377,1.5173094272613525,-0.6366157531738281,0.8762487173080444,1.668258786201477,-0.5498403310775757,0.17557524144649506,1.620171308517456,-0.7381702065467834,0.8151940107345581,1.6637547016143799,-0.5908491611480713,0.2259940356016159,1.6206722259521484,-0.8189953565597534,0.7942712903022766,1.6224219799041748,-0.4860401749610901,0.24830761551856995,1.57987642288208,-0.6891731023788452,0.6604455709457397,1.5901069641113281,-0.03432164341211319,0.3648979067802429,1.5809777975082397,0.040470439940690994,0.626555860042572,2.2086844444274902,0.06108218431472778,0.36098337173461914,2.197727680206299,0.1525198370218277,0.614517867565155,2.7566184997558594,0.7185236811637878,0.350569486618042,2.74251389503479,0.6466395258903503,0.6184158325195312,2.8524928092956543,0.7602977156639099,0.34453514218330383,2.839434862136841,0.6842789053916931,0.5741785764694214,2.9242634773254395,0.28105080127716064,0.38647228479385376,2.9119386672973633,0.14527453482151031,0.4371923364543866,0
2026-09-24T12:29:47.169242,S013,S013_A5_Y_20260924_1229,elevated_20,A5,young,class_0,0.523115873336792,0.4838792085647583,-0.7059346437454224,0.5472321510314941,0.4220191538333893,-0.6687310338020325,0.5649123787879944,0.4220082461833954,-0.6682416796684265,0.579508900642395,0.42277592420578003,-0.6682741045951843,0.49612146615982056,0.4260953962802887,-0.6619240045547485,0.47928324341773987,0.4297628402709961,-0.6611629724502563,0.4648957848548889,0.4331454634666443,-0.6612050533294678,0.5990737080574036,0.45183315873146057,-0.41289401054382324,0.4499708116054535,0.4632363021373749,-0.3640071749687195,0.5580043196678162,0.5484893918037415,-0.6071718335151672,0.4923670291900635,0.5529025197029114,-0.5924102663993835,0.7646366953849792,0.8277711868286133,-0.26293954253196716,0.2986278831958771,0.8183166980743408,-0.3079030215740204,0.867590069770813,1.245699405670166,-0.2424737513065338,0.20076854526996613,1.2113564014434814,-0.27785128355026245,0.8452669978141785,1.5698987245559692,-0.4550190567970276,0.20602571964263916,1.5205607414245605,-0.6259586215019226,0.8754953145980835,1.674206018447876,-0.5517857074737549,0.17552676796913147,1.6239315271377563,-0.7284858226776123,0.814490795135498,1.6689153909683228,-0.5924814343452454,0.22595691680908203,1.6250884532928467,-0.8123013377189636,0.7934702634811401,1.6277527809143066,-0.488025039434433,0.2483200579881668,1.5845587253570557,-0.6791080236434937,0.6599291563034058,1.5915589332580566,-0.03429359942674637,0.3645491600036621,1.5824483633041382,0.04044359177350998,0.6257832646369934,2.211059093475342,0.06124914810061455,0.36063089966773987,2.2003769874572754,0.15130028128623962,0.6131623983383179,2.7591910362243652,0.7209892272949219,0.34895801544189453,2.7457032203674316,0.6282602548599243,0.6169024705886841,2.854546070098877,0.7621010541915894,0.3428077697753906,2.842360258102417,0.6624881625175476,0.5729966759681702,2.927372455596924,0.2857947051525116,0.3843521773815155,2.9151721000671387,0.12377838045358658,0.43754475850278485,0
2026-09-24T12:29:47.319990,S013,S013_A5_Y_20260924_1229,elevated_20,A5,young,class_0,0.5230165719985962,0.4837281405925751,-0.706296980381012,0.5472302436828613,0.4218972623348236,-0.6683000326156616,0.5649124383926392,0.4219013452529907,-0.6678074598312378,0.5794971585273743,0.42270949482917786,-0.6678236126899719,0.4960968494415283,0.42591169476509094,-0.6618140935897827,0.47925224900245667,0.42959651350975037,-0.6610496044158936,0.4647996425628662,0.4329543113708496,-0.6610874533653259,0.599054217338562,0.4518583118915558,-0.41180485486984253,0.4499414563179016,0.46308434009552,-0.36327987909317017,0.5577649474143982,0.5483742952346802,-0.6074507236480713,0.49202051758766174,0.5527582168579102,-0.5931867361068726,0.7647371888160706,0.8281686902046204,-0.2617810368537903,0.29837745428085327,0.8190069794654846,-0.30886805057525635,0.867499053478241,1.2465444803237915,-0.24011845886707306,0.20357194542884827,1.2156314849853516,-0.27063506841659546,0.8459678888320923,1.5739165544509888,-0.4600445628166199,0.2087157964706421,1.5270113945007324,-0.6248906850814819,0.8769413232803345,1.6784709692001343,-0.559275209903717,0.17618533968925476,1.6285998821258545,-0.7281185388565063,0.8161112666130066,1.6746195554733276,-0.6010292768478394,0.2263825684785843,1.6304385662078857,-0.8112013936042786,0.79466712474823,1.6334285736083984,-0.49451178312301636,0.24938619136810303,1.5902290344238281,-0.6778994798660278,0.6614176034927368,1.5917683839797974,-0.03589005023241043,0.366301566362381,1.5829508304595947,0.041957177221775055,0.6273298263549805,2.211358070373535,0.06132974475622177,0.3632935881614685,2.200859308242798,0.14737221598625183,0.6155950427055359,2.7594664096832275,0.7297030091285706,0.3546971082687378,2.7454543113708496,0.6232782602310181,0.6193665862083435,2.8549256324768066,0.7705101370811462,0.3495050072669983,2.8419272899627686,0.6580200791358948,0.576237678527832,2.927220344543457,0.2912561297416687,0.39148491621017456,2.9149558544158936,0.12022199481725693,0.43755842131891615,0
2026-09-24T12:29:47.446261,S013,S013_A5_Y_20260924_1229,elevated_20,A5,young,class_0,0.5231830477714539,0.48410096764564514,-0.7100364565849304,0.5474358201026917,0.42197877168655396,-0.6703417301177979,0.5650719404220581,0.42194750905036926,-0.6698757410049438,0.5795063972473145,0.42273539304733276,-0.6698721647262573,0.49615567922592163,0.4260370135307312,-0.6663349270820618,0.47929486632347107,0.42973166704177856,-0.6655478477478027,0.4647992253303528,0.4330691993236542,-0.6655906438827515,0.5990372896194458,0.4518788158893585,-0.4105723798274994,0.44993194937705994,0.4631044268608093,-0.3691217005252838,0.5578305125236511,0.5486765503883362,-0.6088634729385376,0.49207085371017456,0.5531836152076721,-0.597610354423523,0.7646984457969666,0.8282368779182434,-0.2539789378643036,0.2979018986225128,0.8205509185791016,-0.3153243660926819,0.8667805790901184,1.246533751487732,-0.23209622502326965,0.203556627035141,1.2209802865982056,-0.27059775590896606,0.846145510673523,1.5737262964248657,-0.46073317527770996,0.20808525383472443,1.5354712009429932,-0.605068027973175,0.8773180246353149,1.678040623664856,-0.5600625276565552,0.1780889332294464,1.6404094696044922,-0.706379771232605,0.817251980304718,1.6741849184036255,-0.6036059260368347,0.22937826812267303,1.6345117092132568,-0.789253830909729,0.7956269383430481,1.6330013275146484,-0.49479538202285767,0.2518603801727295,1.593779444694519,-0.6568886637687683,0.6620286107063293,1.5928667783737183,-0.03584941476583481,0.36639583110809326,1.585455298423767,0.041908688843250275,0.6278803944587708,2.2120301723480225,0.05697747319936752,0.3634346127510071,2.2041049003601074,0.14676843583583832,0.6170089244842529,2.7616140842437744,0.7257975339889526,0.3555547297000885,2.7489919662475586,0.6221886873245239,0.6206043362617493,2.858163595199585,0.7659815549850464,0.35058918595314026,2.8453359603881836,0.656272292137146,0.5794999599456787,2.9291672706604004,0.28343456983566284,0.39265140891075134,2.9190266132354736,0.1120004653930664,0.436912685188011,0
2026-09-24T12:29:47.555940,S013,S013_A5_Y_20260924_1229,elevated_20,A5,young,class_0,0.5236591100692749,0.4863162040710449,-0.6987694501876831,0.5477445125579834,0.4232090413570404,-0.65821373462677,0.5652142763137817,0.42295682430267334,-0.6577502489089966,0.5795077085494995,0.4235472083091736,-0.6576977968215942,0.4964529573917389,0.42744797468185425,-0.6563443541526794,0.47957843542099,0.43094930052757263,-0.6555360555648804,0.4649021029472351,0.4341696500778198,-0.6555786728858948,0.5990177989006042,0.4523879885673523,-0.39285802841186523,0.44997039437294006,0.46382346749305725,-0.36471396684646606,0.5580201745033264,0.5507455468177795,-0.5966848731040955,0.4925071597099304,0.555454432964325,-0.5887728929519653,0.7646766901016235,0.8282182216644287,-0.2371128350496292,0.2984837591648102,0.8205110430717468,-0.3107568621635437,0.8607786297798157,1.2450981140136719,-0.2237052619457245,0.20461802184581757,1.2190642356872559,-0.27138882875442505,0.8381770849227905,1.5700582265853882,-0.4630106985569,0.21070976555347443,1.5330636501312256,-0.6137340664863586,0.8668864965438843,1.673854947090149,-0.5635780096054077,0.17859521508216858,1.636595368385315,-0.7180715203285217,0.8107026815414429,1.6693180799484253,-0.6075559854507446,0.229571133852005,1.6332203149795532,-0.7919538617134094,0.7899739146232605,1.6283971071243286,-0.4983345568180084,0.2523459792137146,1.592170238494873,-0.662040114402771,0.6618486642837524,1.5919814109802246,-0.035206519067287445,0.3668837249279022,1.5847094058990479,0.04116243124008179,0.6261704564094543,2.206652879714966,0.05665869638323784,0.36339491605758667,2.199012041091919,0.11758200079202652,0.6157635450363159,2.7548627853393555,0.6971320509910583,0.35605522990226746,2.740622043609619,0.5543972849845886,0.6186051368713379,2.849457025527954,0.7329403162002563,0.35138100385665894,2.833833932876587,0.5833218693733215,0.5792907476425171,2.9195785522460938,0.25400346517562866,0.39339905977249146,2.9086313247680664,0.04486019164323807,0.43653724079185297,0
2026-09-24T12:29:47.670117,S013,S013_A5_Y_20260924_1229,elevated_20,A5,young,class_0,0.524235725402832,0.4892190098762512,-0.6973634362220764,0.5481276512145996,0.4247601330280304,-0.6566118001937866,0.5653833150863647,0.42437177896499634,-0.6561640501022339,0.579510509967804,0.4247897267341614,-0.656148374080658,0.4968385696411133,0.4289001524448395,-0.6550470590591431,0.47996148467063904,0.43210920691490173,-0.6542549729347229,0.46507900953292847,0.43514788150787354,-0.6543052792549133,0.5989123582839966,0.4528891444206238,-0.3866652250289917,0.45004910230636597,0.4643844962120056,-0.36270326375961304,0.5581328272819519,0.5533587336540222,-0.594221830368042,0.49298399686813354,0.5582454800605774,-0.5869800448417664,0.7645397782325745,0.8278980255126953,-0.23332519829273224,0.29931434988975525,0.8204666972160339,-0.30818262696266174,0.8559781908988953,1.2441362142562866,-0.22454865276813507,0.20660385489463806,1.2187023162841797,-0.3140006959438324,0.834942638874054,1.5684046745300293,-0.47476381063461304,0.2131623774766922,1.5302543640136719,-0.7316252589225769,0.8639189004898071,1.6728427410125732,-0.5765022039413452,0.17939871549606323,1.6327354907989502,-0.8432829976081848,0.8077651262283325,1.6689058542251587,-0.6229209899902344,0.23021526634693146,1.632175087928772,-0.9158622026443481,0.7873379588127136,1.6276743412017822,-0.5113612413406372,0.25303250551223755,1.590778112411499,-0.7806119918823242,0.66197669506073,1.5917280912399292,-0.03487931191921234,0.3692297339439392,1.5846089124679565,0.040772534906864166,0.625839352607727,2.2041614055633545,0.05631490424275398,0.36348140239715576,2.196995973587036,0.11258319765329361,0.6150356531143188,2.7506985664367676,0.6812983751296997,0.355976402759552,2.7366065979003906,0.5345782041549683,0.6176766157150269,2.8447458744049072,0.7162915468215942,0.35134243965148926,2.828669548034668,0.5621302723884583,0.5792232155799866,2.9141855239868164,0.24356234073638916,0.39337390661239624,2.904608964920044,0.02921588160097599,0.4360764942787572,0
2026-09-24T12:29:47.797966,S013,S013_A5_Y_20260924_1229,elevated_20,A5,young,class_0,0.523995041847229,0.48783329129219055,-0.7032077312469482,0.548082172870636,0.42418649792671204,-0.660812497138977,0.5653694868087769,0.42397138476371765,-0.660326361656189,0.5794767141342163,0.42453762888908386,-0.6602407693862915,0.4967575669288635,0.42813223600387573,-0.6593015193939209,0.47985386848449707,0.43148335814476013,-0.658539891242981,0.4648928642272949,0.4345494210720062,-0.658575713634491,0.5989139676094055,0.4529017508029938,-0.3892206847667694,0.44997358322143555,0.4639715254306793,-0.36600613594055176,0.557864785194397,0.5522092580795288,-0.6003008484840393,0.4923340678215027,0.5566810369491577,-0.5931757092475891,0.7647276520729065,0.8291205167770386,-0.2339160442352295,0.2984263598918915,0.8213586211204529,-0.32019004225730896,0.8599672317504883,1.248273491859436,-0.22470596432685852,0.2050715982913971,1.2183905839920044,-0.3077528774738312,0.8390862345695496,1.5768964290618896,-0.48990029096603394,0.21157518029212952,1.5368143320083618,-0.6838528513908386,0.8677846789360046,1.6821444034576416,-0.5968729853630066,0.17603665590286255,1.6410332918167114,-0.7943053245544434,0.8106868863105774,1.6768287420272827,-0.6445358395576477,0.2274208962917328,1.6443642377853394,-0.8765424489974976,0.7900562286376953,1.635477900505066,-0.5286863446235657,0.2512551248073578,1.6024709939956665,-0.7371000051498413,0.6622322797775269,1.5973072052001953,-0.03394639492034912,0.36921676993370056,1.5915755033493042,0.03991210088133812,0.6275036931037903,2.215322256088257,0.056705839931964874,0.3654847741127014,2.2095448970794678,0.11119648069143295,0.6184865236282349,2.7649271488189697,0.6993103623390198,0.3590205907821655,2.7518839836120605,0.5372365713119507,0.6215118169784546,2.8610382080078125,0.7364171743392944,0.35433465242385864,2.8463857173919678,0.5664280652999878,0.583357036113739,2.930544376373291,0.25905483961105347,0.39734986424446106,2.922430992126465,0.03021150454878807,0.4368614320886178,0
2026-09-24T12:29:47.919999,S013,S013_A5_Y_20260924_1229,elevated_20,A5,young,class_0,0.5240098237991333,0.4878029525279999,-0.7186766266822815,0.5481356978416443,0.4241757392883301,-0.676782488822937,0.5654463768005371,0.4239546060562134,-0.6762984991073608,0.5794816613197327,0.424528568983078,-0.6762693524360657,0.49676790833473206,0.42816197872161865,-0.6740463972091675,0.4798736572265625,0.43155068159103394,-0.6732921004295349,0.4648960530757904,0.43461430072784424,-0.6733281016349792,0.5989667177200317,0.4530307352542877,-0.4014568328857422,0.44997406005859375,0.46397361159324646,-0.3728550672531128,0.5578616261482239,0.5520836114883423,-0.6145579814910889,0.4922788143157959,0.5566065311431885,-0.6055200099945068,0.7650820016860962,0.8286745548248291,-0.2478073537349701,0.29847389459609985,0.8213669657707214,-0.32319921255111694,0.860538125038147,1.2493274211883545,-0.24274957180023193,0.20504823327064514,1.218002438545227,-0.31231170892715454,0.8390092849731445,1.5789021253585815,-0.49917665123939514,0.21208998560905457,1.5367437601089478,-0.6935240030288696,0.8676239252090454,1.6849862337112427,-0.6066800355911255,0.17676551640033722,1.6409893035888672,-0.8031042218208313,0.8093908429145813,1.6797868013381958,-0.651872456073761,0.22808022797107697,1.6443207263946533,-0.8844064474105835,0.7890238761901855,1.638048768043518,-0.5367786884307861,0.2517673373222351,1.6024430990219116,-0.746125340461731,0.6622322201728821,1.597415804862976,-0.03427378833293915,0.3693118393421173,1.5914262533187866,0.04020257294178009,0.6270778179168701,2.2152414321899414,0.058854203671216965,0.3649594187736511,2.2091872692108154,0.12012188136577606,0.6164118051528931,2.7647345066070557,0.7094302177429199,0.35658055543899536,2.7515804767608643,0.5679134726524353,0.6197211742401123,2.8604893684387207,0.7483059167861938,0.35178011655807495,2.846208095550537,0.6001774668693542,0.5785979628562927,2.9301834106445312,0.2709593176841736,0.39250391721725464,2.922292470932007,0.06292959302663803,0.43684785262597403,0
2026-09-24T12:29:48.048165,S013,S013_A5_Y_20260924_1229,elevated_20,A5,young,class_0,0.5240908265113831,0.487735778093338,-0.7175685167312622,0.5481497049331665,0.4241288900375366,-0.6761270761489868,0.5654560923576355,0.4238921105861664,-0.6756409406661987,0.5794679522514343,0.4244641065597534,-0.6756213903427124,0.4967818856239319,0.42814764380455017,-0.6734586954116821,0.4798858165740967,0.43154847621917725,-0.6727080345153809,0.464886337518692,0.4346206486225128,-0.6727448105812073,0.5989107489585876,0.45302140712738037,-0.40121990442276,0.4499698281288147,0.4640219509601593,-0.37239986658096313,0.5579051375389099,0.5519475340843201,-0.6134286522865295,0.4923728406429291,0.5565907955169678,-0.6043039560317993,0.7648938894271851,0.8272776007652283,-0.24726466834545135,0.29848554730415344,0.8213471174240112,-0.3213432729244232,0.8632200360298157,1.2470405101776123,-0.2392590492963791,0.20503564178943634,1.2180463075637817,-0.3018864393234253,0.8445804715156555,1.5768345594406128,-0.49150627851486206,0.21218213438987732,1.5369166135787964,-0.6677209138870239,0.8746526837348938,1.6818678379058838,-0.5975338816642761,0.17699378728866577,1.6409993171691895,-0.7726120948791504,0.8176735639572144,1.6769840717315674,-0.6424559354782104,0.22807666659355164,1.6442848443984985,-0.8563287854194641,0.7961498498916626,1.6365516185760498,-0.5289517641067505,0.25176769495010376,1.6024811267852783,-0.7207249999046326,0.663723349571228,1.5971421003341675,-0.03459202125668526,0.3708186149597168,1.591421365737915,0.04049428179860115,0.6309636831283569,2.215109348297119,0.06008774787187576,0.3686635494232178,2.2090001106262207,0.12111030519008636,0.6209505796432495,2.7645068168640137,0.710979700088501,0.3614383339881897,2.751183032989502,0.5708485841751099,0.6248003244400024,2.8596365451812744,0.7498812675476074,0.35645341873168945,2.845723867416382,0.6039576530456543,0.5824888944625854,2.929953098297119,0.2736574411392212,0.3985859751701355,2.92167329788208,0.067683644592762,0.43734115353859954,0
2026-09-24T12:29:48.185249,S013,S013_A5_Y_20260924_1229,elevated_20,A5,young,class_0,0.523979127407074,0.48755815625190735,-0.7182928323745728,0.5480033159255981,0.42405274510383606,-0.6770787239074707,0.5653108358383179,0.42384764552116394,-0.6766143441200256,0.5793265700340271,0.4244389533996582,-0.6766103506088257,0.4967348575592041,0.4281190037727356,-0.6739426255226135,0.47987255454063416,0.4315429925918579,-0.6731977462768555,0.46485504508018494,0.4346202313899994,-0.673243522644043,0.5987966060638428,0.45304515957832336,-0.40446606278419495,0.4499417245388031,0.4640260934829712,-0.372505247592926,0.5577824115753174,0.5516154170036316,-0.6147793531417847,0.49223169684410095,0.5562375783920288,-0.6048716306686401,0.7648244500160217,0.8249099850654602,-0.2492692470550537,0.29865115880966187,0.8217526078224182,-0.3213556408882141,0.8638585805892944,1.2466988563537598,-0.23927216231822968,0.20561988651752472,1.2214263677597046,-0.2896522879600525,0.8476443290710449,1.5739248991012573,-0.49132880568504333,0.2174333781003952,1.5370193719863892,-0.6366598606109619,0.8803073763847351,1.6771739721298218,-0.5972086191177368,0.1846718043088913,1.6408971548080444,-0.7394157648086548,0.8215961456298828,1.6741974353790283,-0.6422887444496155,0.23436865210533142,1.6442506313323975,-0.8205733299255371,0.799460768699646,1.6337890625,-0.5287843942642212,0.2564907670021057,1.6024729013442993,-0.6886236071586609,0.6674712896347046,1.5964305400848389,-0.035724300891160965,0.37367403507232666,1.5912727117538452,0.04171460121870041,0.6375988125801086,2.215078830718994,0.05934953689575195,0.373274028301239,2.2094199657440186,0.1408950388431549,0.6304372549057007,2.7642998695373535,0.7199381589889526,0.36855608224868774,2.752110719680786,0.6113899946212769,0.6353077292442322,2.859562873840332,0.7609562277793884,0.36344295740127563,2.8473334312438965,0.6468478441238403,0.5914932489395142,2.9300124645233154,0.2838551104068756,0.4061819911003113,2.9224939346313477,0.11249376833438873,0.43684169339301415,0
2026-09-24T12:29:48.430506,S013,S013_A5_Y_20260924_1229,elevated_20,A5,young,class_0,0.5250527858734131,0.48749592900276184,-0.71857750415802,0.5484734773635864,0.4239201843738556,-0.6773993372917175,0.565650463104248,0.42376378178596497,-0.6769424080848694,0.579402506351471,0.42440301179885864,-0.6769450902938843,0.4973333775997162,0.4279109537601471,-0.6741772890090942,0.48042115569114685,0.4314217269420624,-0.673427939414978,0.46514567732810974,0.43458089232444763,-0.6734713315963745,0.5988882184028625,0.45310384035110474,-0.4047817289829254,0.449993759393692,0.4640747606754303,-0.37258654832839966,0.5585883855819702,0.5517984628677368,-0.6150793433189392,0.493375688791275,0.5564080476760864,-0.6051071882247925,0.7647913098335266,0.8245561718940735,-0.2492694854736328,0.2990585267543793,0.821187436580658,-0.3213436007499695,0.8635669946670532,1.2455672025680542,-0.24499404430389404,0.2056528776884079,1.220147967338562,-0.32095593214035034,0.8473240733146667,1.569742202758789,-0.4981732964515686,0.21634379029273987,1.5357868671417236,-0.7339781522750854,0.8799245953559875,1.67306387424469,-0.6028586626052856,0.1815071403980255,1.6396899223327637,-0.848981499671936,0.8213604092597961,1.670459270477295,-0.6495767831802368,0.23246710002422333,1.643734097480774,-0.9239322543144226,0.7993460893630981,1.6299039125442505,-0.5362738370895386,0.2551805078983307,1.6017651557922363,-0.7856489419937134,0.6675173044204712,1.5956225395202637,-0.035099707543849945,0.3736664652824402,1.5899745225906372,0.04107657074928284,0.6373204588890076,2.213660717010498,0.0639137253165245,0.3731291890144348,2.207317352294922,0.14046786725521088,0.6304118037223816,2.7618703842163086,0.7211027145385742,0.3684456944465637,2.7485597133636475,0.6060261726379395,0.6351145505905151,2.857499361038208,0.7613644599914551,0.3634189963340759,2.8436598777770996,0.6394222974777222,0.5917620062828064,2.927840232849121,0.28399378061294556,0.40623384714126587,2.919482946395874,0.10619284212589264,0.4365356953627049,0
2026-09-24T12:29:48.557250,S013,S013_A5_Y_20260924_1229,elevated_20,A5,young,class_0,0.5286316275596619,0.4876212179660797,-0.7184250354766846,0.5508249998092651,0.42391473054885864,-0.6770027279853821,0.5672540664672852,0.4237540364265442,-0.6765676736831665,0.580198347568512,0.42440393567085266,-0.676590085029602,0.5001335144042969,0.42792168259620667,-0.6740304231643677,0.48309436440467834,0.4314306378364563,-0.67328280210495,0.4674842953681946,0.4346034824848175,-0.6733329892158508,0.5993991494178772,0.4531880021095276,-0.40295499563217163,0.4504311680793762,0.4640960097312927,-0.3723134994506836,0.5605552196502686,0.5525147318840027,-0.6145585775375366,0.49673548340797424,0.5568605065345764,-0.6049131155014038,0.7648457884788513,0.8245181441307068,-0.24918067455291748,0.29954609274864197,0.8209991455078125,-0.3212766647338867,0.8624784350395203,1.2458301782608032,-0.24768464267253876,0.2100641429424286,1.2254903316497803,-0.3206987977027893,0.8470429182052612,1.5696723461151123,-0.5102112293243408,0.21858640015125275,1.5365482568740845,-0.7250624895095825,0.8798221349716187,1.6731754541397095,-0.6167513132095337,0.18331028521060944,1.6400299072265625,-0.8386804461479187,0.8209088444709778,1.6708323955535889,-0.6647054553031921,0.23399794101715088,1.644372582435608,-0.9163421392440796,0.7990508079528809,1.6299512386322021,-0.5490636825561523,0.2567008435726166,1.6022988557815552,-0.7770467400550842,0.6682118773460388,1.595561146736145,-0.035109084099531174,0.3748037815093994,1.589943289756775,0.041083093732595444,0.6374548673629761,2.2136056423187256,0.06386379897594452,0.37314149737358093,2.2072434425354004,0.13888582587242126,0.6297665238380432,2.7617363929748535,0.7208074331283569,0.3680557608604431,2.7484328746795654,0.6045819520950317,0.6343333721160889,2.8573193550109863,0.7609078288078308,0.36298683285713196,2.8435022830963135,0.6385107040405273,0.5912491679191589,2.927849769592285,0.2834986448287964,0.40580087900161743,2.919318437576294,0.10458514839410782,0.4360604142031014,0
2026-09-24T12:29:48.742706,S013,S013_A5_Y_20260924_1229,elevated_20,A5,young,class_0,0.5303918123245239,0.48792970180511475,-0.721838116645813,0.552124559879303,0.42419031262397766,-0.6796121001243591,0.5681663155555725,0.42407843470573425,-0.6791883707046509,0.5807192325592041,0.4248183071613312,-0.6792101860046387,0.5018678307533264,0.42796769738197327,-0.6769511699676514,0.48471373319625854,0.43143516778945923,-0.6761845350265503,0.46896442770957947,0.4346054792404175,-0.6762293577194214,0.5997930765151978,0.45374080538749695,-0.4032760262489319,0.4507661759853363,0.46412140130996704,-0.37417569756507874,0.5618560910224915,0.5534039735794067,-0.6171983480453491,0.4988453984260559,0.5571463704109192,-0.6083292365074158,0.7649298906326294,0.824393093585968,-0.2500056326389313,0.2996627688407898,0.8209143280982971,-0.32237565517425537,0.8586546778678894,1.2453409433364868,-0.2577125132083893,0.21058626472949982,1.2249302864074707,-0.3751247823238373,0.8447043299674988,1.5657979249954224,-0.5293740630149841,0.22071358561515808,1.5291125774383545,-0.8474442362785339,0.8777186274528503,1.669921636581421,-0.6385725736618042,0.18589580059051514,1.6323885917663574,-0.9714110493659973,0.8190376162528992,1.6682872772216797,-0.6879878044128418,0.23741090297698975,1.6351481676101685,-1.0438071489334106,0.7973842620849609,1.6266801357269287,-0.569290280342102,0.25956276059150696,1.5924639701843262,-0.8990920782089233,0.668246328830719,1.5927237272262573,-0.03454505279660225,0.3748956322669983,1.5853170156478882,0.04055441915988922,0.6373918056488037,2.2098453044891357,0.06104590743780136,0.37289130687713623,2.202937602996826,0.12991978228092194,0.6292105913162231,2.758713483810425,0.7063018083572388,0.36678940057754517,2.744352102279663,0.5733363628387451,0.6335810422897339,2.8550608158111572,0.7436845302581787,0.36130034923553467,2.839350461959839,0.6024414300918579,0.5907963514328003,2.924499273300171,0.258666455745697,0.4046965539455414,2.9161412715911865,0.05682753399014473,0.4356298765713456,0
2026-09-24T12:29:48.947968,S013,S013_A5_Y_20260924_1229,elevated_20,A5,young,class_0,0.531338632106781,0.48792561888694763,-0.7371352314949036,0.5531793236732483,0.4241817891597748,-0.6938335299491882,0.5689749717712402,0.4240759611129761,-0.6934206485748291,0.5812703371047974,0.42484983801841736,-0.6934145092964172,0.5025194883346558,0.42784497141838074,-0.6911095976829529,0.48514026403427124,0.4312518239021301,-0.6903442144393921,0.46920639276504517,0.4344468116760254,-0.6903665661811829,0.6004169583320618,0.4540855288505554,-0.41484323143959045,0.45082053542137146,0.464028924703598,-0.3863723874092102,0.5627028346061707,0.553851306438446,-0.632127583026886,0.4997433125972748,0.5572542548179626,-0.623546302318573,0.7650790214538574,0.8246249556541443,-0.25660383701324463,0.2992327809333801,0.8205155730247498,-0.33053314685821533,0.8574947118759155,1.2443654537200928,-0.26950204372406006,0.21059668064117432,1.2248013019561768,-0.4298904538154602,0.8398520350456238,1.5630557537078857,-0.5445204973220825,0.22045962512493134,1.5261738300323486,-0.9900264739990234,0.8715840578079224,1.6684575080871582,-0.6524757146835327,0.18477150797843933,1.629991888999939,-1.1261705160140991,0.811026394367218,1.6667894124984741,-0.7008545398712158,0.2373470962047577,1.6307785511016846,-1.1897121667861938,0.7899435758590698,1.6242327690124512,-0.5835296511650085,0.25946182012557983,1.5871869325637817,-1.0405675172805786,0.6675410866737366,1.5920956134796143,-0.033452510833740234,0.3719961941242218,1.5830979347229004,0.03960148245096207,0.6345990300178528,2.209303617477417,0.061001379042863846,0.3681137263774872,2.1999270915985107,0.13864368200302124,0.6269422769546509,2.7564432621002197,0.7057404518127441,0.36164960265159607,2.7362234592437744,0.6039997935295105,0.6314648389816284,2.8543648719787598,0.7427563071250916,0.3551943898200989,2.8321850299835205,0.6352530717849731,0.5875589847564697,2.9218966960906982,0.25517788529396057,0.40164756774902344,2.910661458969116,0.09263800084590912,0.43593621156514584,0
2026-09-24T12:29:49.160375,S013,S013_A5_Y_20260924_1229,elevated_20,A5,young,class_0,0.5316717028617859,0.48846277594566345,-0.7377595901489258,0.5534473657608032,0.4245939254760742,-0.6948924660682678,0.5691967606544495,0.4244914650917053,-0.6944642066955566,0.5814496278762817,0.42529532313346863,-0.6944581866264343,0.5027013421058655,0.4281976819038391,-0.6921142935752869,0.4852341115474701,0.4315320551395416,-0.6913506984710693,0.469257116317749,0.4347105622291565,-0.6913748979568481,0.6005750298500061,0.45486268401145935,-0.4169817864894867,0.45083385705947876,0.46439963579177856,-0.3879770040512085,0.5630540251731873,0.5550736784934998,-0.6329871416091919,0.5002654790878296,0.5579960346221924,-0.6241761445999146,0.765586793422699,0.8260696530342102,-0.2580750584602356,0.2989979386329651,0.8206086754798889,-0.3313458561897278,0.8575291633605957,1.2451632022857666,-0.2680964469909668,0.20994308590888977,1.225536823272705,-0.40093159675598145,0.838962733745575,1.564683437347412,-0.5389797687530518,0.22027894854545593,1.5263298749923706,-0.8902223706245422,0.870405375957489,1.6704457998275757,-0.6466047167778015,0.18470266461372375,1.6300978660583496,-1.014613151550293,0.8093803524971008,1.6684008836746216,-0.69316565990448,0.23721766471862793,1.63083016872406,-1.0858252048492432,0.7884707450866699,1.6257383823394775,-0.577308714389801,0.2594084143638611,1.5873982906341553,-0.9419018626213074,0.6669934988021851,1.5922480821609497,-0.0333961546421051,0.37007710337638855,1.5830990076065063,0.039559174329042435,0.6316560506820679,2.2097229957580566,0.0646558478474617,0.36311036348342896,2.199927806854248,0.14353042840957642,0.6212340593338013,2.756706476211548,0.7254350781440735,0.35490304231643677,2.736311912536621,0.6191017031669617,0.6254173517227173,2.854856014251709,0.7645865678787231,0.3486030697822571,2.832261085510254,0.6525408029556274,0.580842137336731,2.922091484069824,0.27930518984794617,0.3946231007575989,2.9106862545013428,0.11187700927257538,0.43629691653124997,0
2026-09-24T12:29:49.289014,S013,S013_A5_Y_20260924_1229,elevated_20,A5,young,class_0,0.5326756238937378,0.4884854853153229,-0.7372503876686096,0.5545579195022583,0.4246097505092621,-0.6944100260734558,0.570073664188385,0.4245138168334961,-0.6939585208892822,0.5820068120956421,0.4253483712673187,-0.6939507722854614,0.5036448240280151,0.4281996786594391,-0.6911020874977112,0.48612111806869507,0.4315335154533386,-0.6903393268585205,0.46993523836135864,0.4347192943096161,-0.6903589963912964,0.6009714603424072,0.4550584852695465,-0.4165181517601013,0.4510563313961029,0.46443143486976624,-0.3899519443511963,0.5636492967605591,0.5553951263427734,-0.6325973868370056,0.5006440877914429,0.5581976771354675,-0.6231176257133484,0.7658323049545288,0.8274348378181458,-0.25740450620651245,0.29894495010375977,0.8211352825164795,-0.3363843560218811,0.8579874038696289,1.246585488319397,-0.2558611035346985,0.2128361165523529,1.229753851890564,-0.3562873601913452,0.8390873074531555,1.5715264081954956,-0.5186727046966553,0.22245661914348602,1.537854790687561,-0.7254695296287537,0.8704388737678528,1.678983211517334,-0.6255587935447693,0.1874323934316635,1.6433132886886597,-0.8376611471176147,0.8094130754470825,1.6782231330871582,-0.6763175129890442,0.23892143368721008,1.645277500152588,-0.9175758361816406,0.7885494232177734,1.6347010135650635,-0.5589486360549927,0.2615233063697815,1.6010829210281372,-0.7768439650535583,0.6669368743896484,1.592630386352539,-0.03246951103210449,0.3701394200325012,1.5840479135513306,0.0385553352534771,0.6316379308700562,2.2096939086914062,0.06099332123994827,0.36309343576431274,2.2000420093536377,0.11677765846252441,0.6212053894996643,2.7567734718322754,0.7046157717704773,0.3554079830646515,2.7366185188293457,0.5635700821876526,0.6252848505973816,2.8548073768615723,0.7419208288192749,0.3494885563850403,2.8325841426849365,0.5939412117004395,0.5808541178703308,2.923020362854004,0.2617553174495697,0.3951108455657959,2.9106698036193848,0.057514797896146774,0.43575003824503256,0
2026-09-24T12:29:49.399727,S013,S013_A5_Y_20260924_1229,elevated_20,A5,young,class_0,0.5341336131095886,0.4888642132282257,-0.7148786783218384,0.5554724931716919,0.42473506927490234,-0.671852707862854,0.5707144141197205,0.42460423707962036,-0.6714781522750854,0.5823191404342651,0.42542117834091187,-0.6714935302734375,0.5046275854110718,0.4283584952354431,-0.6731260418891907,0.4870530664920807,0.431673139333725,-0.6723004579544067,0.47072634100914,0.4348972737789154,-0.6723750829696655,0.6009732484817505,0.45510733127593994,-0.3938724398612976,0.45119914412498474,0.4647718667984009,-0.3830333352088928,0.5644892454147339,0.5561071634292603,-0.6088379621505737,0.5019758939743042,0.5586698651313782,-0.6052446961402893,0.7655023336410522,0.8266504406929016,-0.23149557411670685,0.29877346754074097,0.8216250538825989,-0.32989758253097534,0.8579080700874329,1.2390711307525635,-0.21084818243980408,0.212794229388237,1.2297636270523071,-0.28808727860450745,0.8394444584846497,1.566443920135498,-0.461993932723999,0.22429652512073517,1.537758469581604,-0.603347659111023,0.8709511756896973,1.6741334199905396,-0.5625669360160828,0.19144295156002045,1.643149495124817,-0.706865131855011,0.8108171224594116,1.6745059490203857,-0.6116803884506226,0.2416982352733612,1.6451232433319092,-0.7847201228141785,0.7898170948028564,1.6308516263961792,-0.5016161203384399,0.2635011374950409,1.6010221242904663,-0.6517532467842102,0.6669135689735413,1.5899370908737183,-0.03179984912276268,0.37051182985305786,1.5831844806671143,0.03778626769781113,0.6326691508293152,2.2036330699920654,0.05538838356733322,0.36581045389175415,2.1973443031311035,0.0992642417550087,0.6248887181282043,2.752073049545288,0.6765400171279907,0.36439260840415955,2.7342305183410645,0.5192372798919678,0.6282816529273987,2.8488454818725586,0.7110753059387207,0.3598189353942871,2.829068183898926,0.5466650724411011,0.5892904996871948,2.918541193008423,0.2309393435716629,0.4054809510707855,2.90594220161438,0.010598220862448215,0.43500533143140163,0
2026-09-24T12:29:49.509335,S013,S013_A5_Y_20260924_1229,elevated_20,A5,young,class_0,0.5349768996238708,0.48755723237991333,-0.7119406461715698,0.5562487840652466,0.42388197779655457,-0.668331503868103,0.571311891078949,0.42376452684402466,-0.6679640412330627,0.582666277885437,0.4247174859046936,-0.667985200881958,0.5055598020553589,0.4275222718715668,-0.6706392765045166,0.487967312335968,0.4309244155883789,-0.669830858707428,0.47150617837905884,0.43440893292427063,-0.6699261665344238,0.6014082431793213,0.45502811670303345,-0.390472948551178,0.45134979486465454,0.4646431505680084,-0.3829551041126251,0.5651248693466187,0.5554330945014954,-0.6062057018280029,0.5026885271072388,0.5578738451004028,-0.6037773489952087,0.7654992341995239,0.8262651562690735,-0.22988085448741913,0.2988665997982025,0.8214903473854065,-0.3311796188354492,0.8578177690505981,1.238494634628296,-0.20986497402191162,0.21379029750823975,1.229473352432251,-0.28100866079330444,0.8397490382194519,1.567466139793396,-0.46223321557044983,0.22657141089439392,1.5383193492889404,-0.5857848525047302,0.8714411854743958,1.676147699356079,-0.5636272430419922,0.19404028356075287,1.6436892747879028,-0.6888195276260376,0.8114476203918457,1.6780606508255005,-0.6141084432601929,0.2438642531633377,1.6474289894104004,-0.7679197788238525,0.7904911041259766,1.633639931678772,-0.5022329092025757,0.2654181122779846,1.6031066179275513,-0.6345691680908203,0.6670409440994263,1.589077353477478,-0.031186342239379883,0.3717077970504761,1.5823841094970703,0.0370735339820385,0.6326509714126587,2.201986789703369,0.05077558755874634,0.36578917503356934,2.196521759033203,0.09055739641189575,0.6245825290679932,2.7518022060394287,0.6690092086791992,0.364334374666214,2.734328508377075,0.5100125670433044,0.6274687051773071,2.848449468612671,0.7037127017974854,0.3596695065498352,2.8291616439819336,0.5370355248451233,0.589030385017395,2.918443441390991,0.22527286410331726,0.4054011404514313,2.905703544616699,-0.00046951533295214176,0.43439907688709944,0
2026-09-24T12:29:49.618179,S013,S013_A5_Y_20260924_1229,elevated_20,A5,young,class_0,0.5352493524551392,0.48896118998527527,-0.7041326761245728,0.5563556551933289,0.42456144094467163,-0.6618455648422241,0.5714174509048462,0.4242958426475525,-0.6614674925804138,0.5827014446258545,0.42512884736061096,-0.6614663600921631,0.5057072043418884,0.4285975992679596,-0.6634207963943481,0.48818740248680115,0.4319474399089813,-0.6625776886940002,0.4717346131801605,0.43536004424095154,-0.6626689434051514,0.6014123558998108,0.45531222224235535,-0.3851550221443176,0.45148682594299316,0.4656657874584198,-0.37524712085723877,0.5653907060623169,0.5572713017463684,-0.5981617569923401,0.5031850934028625,0.5597127079963684,-0.5948296785354614,0.765504002571106,0.8262033462524414,-0.22192426025867462,0.29901254177093506,0.8221086263656616,-0.32056140899658203,0.857540488243103,1.2364952564239502,-0.20852847397327423,0.21262602508068085,1.228281855583191,-0.2662046253681183,0.8397933840751648,1.566449761390686,-0.46573954820632935,0.22355754673480988,1.5389760732650757,-0.5814493894577026,0.8714216351509094,1.6746714115142822,-0.5678029656410217,0.1901559829711914,1.644016146659851,-0.6854732632637024,0.8119719624519348,1.675657868385315,-0.6169227957725525,0.23951849341392517,1.6476801633834839,-0.7647547721862793,0.7909127473831177,1.632031798362732,-0.5054695010185242,0.2620788514614105,1.603797435760498,-0.6308859586715698,0.6665846705436707,1.588828206062317,-0.031046535819768906,0.3717098832130432,1.5822861194610596,0.036878202110528946,0.6319289803504944,2.200915813446045,0.04897454008460045,0.36578965187072754,2.1953279972076416,0.08154048025608063,0.6244880557060242,2.750962734222412,0.6545348167419434,0.36435621976852417,2.73354172706604,0.49301451444625854,0.6271372437477112,2.846794843673706,0.6872567534446716,0.3599908649921417,2.8272902965545654,0.5192503929138184,0.5890202522277832,2.917471408843994,0.2047833949327469,0.4052172601222992,2.904123067855835,-0.021219830960035324,0.4342033415365036,0
2026-09-24T12:29:49.730470,S013,S013_A5_Y_20260924_1229,elevated_20,A5,young,class_0,0.5357256531715393,0.4890771210193634,-0.7058408260345459,0.5565476417541504,0.4246162474155426,-0.6641719937324524,0.5715636014938354,0.42432382702827454,-0.6638098955154419,0.5827712416648865,0.4251517057418823,-0.6638193130493164,0.5060481429100037,0.4287453889846802,-0.6654640436172485,0.48849257826805115,0.43212974071502686,-0.6645925045013428,0.47202497720718384,0.4355875551700592,-0.6646863222122192,0.601466715335846,0.4554276168346405,-0.3916735351085663,0.4515504837036133,0.4661140441894531,-0.3785133361816406,0.565789520740509,0.5575376749038696,-0.6009027361869812,0.5038124322891235,0.5601953864097595,-0.5970823764801025,0.7654959559440613,0.8260458707809448,-0.22681207954883575,0.29934996366500854,0.8217698931694031,-0.3232077956199646,0.8575550317764282,1.2347956895828247,-0.21050462126731873,0.2119044065475464,1.2280958890914917,-0.27539709210395813,0.8400376439094543,1.565771222114563,-0.4658735692501068,0.22374141216278076,1.539617896080017,-0.59401535987854,0.8724137544631958,1.6733534336090088,-0.5676373243331909,0.19059517979621887,1.6444439888000488,-0.6983242034912109,0.8127201795578003,1.6754512786865234,-0.6146882772445679,0.24045130610466003,1.6487983465194702,-0.7763924598693848,0.7913037538528442,1.6318833827972412,-0.5050872564315796,0.2627711892127991,1.6049453020095825,-0.6435509920120239,0.666523277759552,1.5852829217910767,-0.031163930892944336,0.37170177698135376,1.5785001516342163,0.03700699657201767,0.6316882371902466,2.198716163635254,0.046684153378009796,0.36569878458976746,2.192997932434082,0.08603094518184662,0.6243748068809509,2.7494120597839355,0.6604803800582886,0.364261656999588,2.732628107070923,0.5070962309837341,0.6270545721054077,2.845649003982544,0.6944611668586731,0.3598918318748474,2.8268930912017822,0.5348938703536987,0.5889227390289307,2.9158177375793457,0.21039864420890808,0.4051506519317627,2.90204119682312,-0.003797318786382675,0.43315628404539464,0
2026-09-24T12:29:49.855117,S013,S013_A5_Y_20260924_1229,elevated_20,A5,young,class_0,0.5357999801635742,0.48915764689445496,-0.7192074060440063,0.55655437707901,0.4246370494365692,-0.6769604682922363,0.5715824365615845,0.4243265390396118,-0.6765853762626648,0.5827792286872864,0.42515304684638977,-0.6765815019607544,0.5060385465621948,0.42891108989715576,-0.6782095432281494,0.48848193883895874,0.43238985538482666,-0.6773712038993835,0.47198495268821716,0.43592849373817444,-0.6774592399597168,0.6014607548713684,0.45544543862342834,-0.4030603766441345,0.45155224204063416,0.4665399193763733,-0.38979655504226685,0.565955400466919,0.5577690005302429,-0.6143068671226501,0.503842830657959,0.5607550144195557,-0.610318124294281,0.7656060457229614,0.826128363609314,-0.23918727040290833,0.29933983087539673,0.8228552937507629,-0.33531802892684937,0.8582630157470703,1.2372437715530396,-0.2273186445236206,0.21166257560253143,1.2322955131530762,-0.3075045347213745,0.843537449836731,1.572295904159546,-0.4938037395477295,0.2241152822971344,1.5478615760803223,-0.657478928565979,0.8778889775276184,1.6793935298919678,-0.6026309728622437,0.19132088124752045,1.6532419919967651,-0.7670382857322693,0.8178129196166992,1.6825662851333618,-0.649601936340332,0.2415660321712494,1.6567949056625366,-0.8490508198738098,0.7950642108917236,1.6401101350784302,-0.533842146396637,0.26398974657058716,1.6132107973098755,-0.709794282913208,0.6672838926315308,1.5860745906829834,-0.031207894906401634,0.3718504309654236,1.580741286277771,0.03707735985517502,0.6329934000968933,2.2012388706207275,0.04693813621997833,0.36585408449172974,2.1972198486328125,0.0967135950922966,0.6265375018119812,2.7524611949920654,0.6860136985778809,0.36496517062187195,2.736980438232422,0.5474810600280762,0.6297330856323242,2.849478006362915,0.7235868573188782,0.3605993688106537,2.8322532176971436,0.579494833946228,0.5908459424972534,2.9199671745300293,0.24067267775535583,0.40614765882492065,2.9074132442474365,0.039151765406131744,0.4331708319693882,0
2026-09-24T12:29:49.964932,S013,S013_A5_Y_20260924_1229,elevated_20,A5,young,class_0,0.5366200804710388,0.4905429482460022,-0.7291905879974365,0.5570664405822754,0.42525020241737366,-0.6871568560600281,0.5719274878501892,0.4247996509075165,-0.6868172883987427,0.5829622149467468,0.4255138337612152,-0.6868616342544556,0.5065910220146179,0.4298592507839203,-0.6895505785942078,0.48899030685424805,0.4332844018936157,-0.6887572407722473,0.4725736081600189,0.4367374777793884,-0.6888669729232788,0.601495623588562,0.45555582642555237,-0.4097282290458679,0.4517041742801666,0.4671555459499359,-0.40174561738967896,0.5665374994277954,0.5588778257369995,-0.6225862503051758,0.5045533180236816,0.5622202157974243,-0.6200021505355835,0.7656562328338623,0.8261272311210632,-0.2435605227947235,0.2994428873062134,0.8229179978370667,-0.34460827708244324,0.8581324815750122,1.2376080751419067,-0.230925515294075,0.21023976802825928,1.2336822748184204,-0.30758848786354065,0.8444193601608276,1.5736279487609863,-0.4995652735233307,0.22407066822052002,1.5518311262130737,-0.6324146389961243,0.8790274858474731,1.6809970140457153,-0.6084083318710327,0.19144576787948608,1.6569124460220337,-0.7367559671401978,0.8193424940109253,1.6851788759231567,-0.6563989520072937,0.24177995324134827,1.6619229316711426,-0.8194548487663269,0.7965839505195618,1.642319917678833,-0.540097177028656,0.26402366161346436,1.6183667182922363,-0.6828914880752563,0.6673148274421692,1.5861122608184814,-0.0309672299772501,0.37233221530914307,1.5813385248184204,0.03678737208247185,0.633428692817688,2.201298475265503,0.04703426733613014,0.3662925958633423,2.19854998588562,0.09753456711769104,0.6268525719642639,2.7535321712493896,0.6860659122467041,0.36557263135910034,2.7402572631835938,0.5473541021347046,0.630051851272583,2.8508152961730957,0.7237074375152588,0.36116838455200195,2.8361802101135254,0.5792033076286316,0.5911197066307068,2.9225122928619385,0.24182720482349396,0.406511127948761,2.9105310440063477,0.03859741985797882,0.43248793575036637,0
2026-09-24T12:29:50.134766,S013,S013_A5_Y_20260924_1229,elevated_20,A5,young,class_0,0.5371428728103638,0.4906187653541565,-0.7292723655700684,0.5573384165763855,0.4252654016017914,-0.6869960427284241,0.5721129775047302,0.4248012900352478,-0.6866593360900879,0.5830315351486206,0.42550066113471985,-0.6866980791091919,0.506879448890686,0.430022656917572,-0.6894910335540771,0.48923978209495544,0.43348827958106995,-0.6886893510818481,0.4728025496006012,0.4369674324989319,-0.6887924075126648,0.601454496383667,0.455415815114975,-0.40960898995399475,0.4517611861228943,0.4673750698566437,-0.4012609124183655,0.5668175220489502,0.5588966012001038,-0.6224905252456665,0.504973828792572,0.5624533295631409,-0.6200450658798218,0.7655676603317261,0.8248693943023682,-0.24144640564918518,0.29956895112991333,0.8232507705688477,-0.34442824125289917,0.8578088879585266,1.2313416004180908,-0.22999410331249237,0.20824167132377625,1.2337510585784912,-0.30014318227767944,0.8481553792953491,1.5642528533935547,-0.49934324622154236,0.22405219078063965,1.5517327785491943,-0.600459635257721,0.8851466178894043,1.6681983470916748,-0.60760498046875,0.19146205484867096,1.6564337015151978,-0.7032954692840576,0.8276351094245911,1.6751600503921509,-0.6555405855178833,0.2418152391910553,1.6614183187484741,-0.7834733128547668,0.8035798072814941,1.6336925029754639,-0.5400134325027466,0.26400670409202576,1.6179728507995605,-0.6497005224227905,0.6683686971664429,1.5845973491668701,-0.03127552941441536,0.37419724464416504,1.5811830759048462,0.037091340869665146,0.6362842321395874,2.1996984481811523,0.041655536741018295,0.37124761939048767,2.198535919189453,0.09821683168411255,0.6328272223472595,2.7528135776519775,0.6715943217277527,0.37393420934677124,2.740326166152954,0.5388172268867493,0.6362905502319336,2.8502519130706787,0.7074331045150757,0.3698907792568207,2.8362081050872803,0.5686253309249878,0.5992549061775208,2.9209001064300537,0.2226414680480957,0.41522088646888733,2.9103918075561523,0.025331716984510422,0.4317949071104019,0
2026-09-24T12:29:50.368050,S013,S013_A5_Y_20260924_1229,elevated_20,A5,young,class_0,0.5373645424842834,0.4905167818069458,-0.7259080410003662,0.5574525594711304,0.4251798987388611,-0.6835089921951294,0.5722176432609558,0.4246833622455597,-0.6831575036048889,0.5830897092819214,0.4253918528556824,-0.6832042336463928,0.5069655179977417,0.429993599653244,-0.6860038638114929,0.48932743072509766,0.4334847033023834,-0.6852015256881714,0.47288769483566284,0.4369766414165497,-0.6852869987487793,0.601471483707428,0.45541808009147644,-0.40740281343460083,0.45177197456359863,0.4674012362957001,-0.399453341960907,0.5670132040977478,0.5588372349739075,-0.6199764013290405,0.5052170753479004,0.5624401569366455,-0.6173998713493347,0.7655510306358337,0.8230840563774109,-0.23967301845550537,0.2996131479740143,0.8234570622444153,-0.34409865736961365,0.8577578663825989,1.2315289974212646,-0.2226978838443756,0.2087383270263672,1.2362697124481201,-0.2929193675518036,0.8503071069717407,1.56429123878479,-0.48773056268692017,0.2270476073026657,1.5522364377975464,-0.5977922677993774,0.8888267278671265,1.668341040611267,-0.5943019390106201,0.1951640546321869,1.6561938524246216,-0.6997110247612,0.83064204454422,1.6751582622528076,-0.6419609189033508,0.24520352482795715,1.6611615419387817,-0.7811046242713928,0.8060809969902039,1.6336997747421265,-0.5283756852149963,0.26691800355911255,1.617868423461914,-0.6479611396789551,0.668576717376709,1.5842156410217285,-0.03134436160326004,0.3744768500328064,1.5809388160705566,0.03717414289712906,0.636221706867218,2.199725389480591,0.041452936828136444,0.37120506167411804,2.198758125305176,0.10252872854471207,0.6325029730796814,2.753178834915161,0.6723357439041138,0.373527854681015,2.7411398887634277,0.5472356081008911,0.6359477639198303,2.8508341312408447,0.7085868120193481,0.36944422125816345,2.8367202281951904,0.5775417685508728,0.5987916588783264,2.9208908081054688,0.2244374305009842,0.4145640432834625,2.9114134311676025,0.03274202346801758,0.43115539101578787,0
2026-09-24T12:29:50.491660,S013,S013_A5_Y_20260924_1229,elevated_20,A5,young,class_0,0.5377618670463562,0.490300714969635,-0.7248486280441284,0.5579355955123901,0.42505377531051636,-0.6817033290863037,0.5726029276847839,0.42458948493003845,-0.6813544034957886,0.5833865404129028,0.42534980177879333,-0.681402325630188,0.507167398929596,0.4298602342605591,-0.6840747594833374,0.48948392271995544,0.4333958923816681,-0.6832748055458069,0.4730478823184967,0.4369259476661682,-0.6833542585372925,0.6018788814544678,0.45552700757980347,-0.4037255644798279,0.45178380608558655,0.46738895773887634,-0.3954567015171051,0.5673197507858276,0.5587982535362244,-0.6188509464263916,0.505428671836853,0.5622082948684692,-0.6162222623825073,0.765193521976471,0.8220134973526001,-0.2370607554912567,0.2996327579021454,0.823319673538208,-0.34375447034835815,0.8575886487960815,1.2316616773605347,-0.2231035977602005,0.20964153110980988,1.236177682876587,-0.30173927545547485,0.8515433073043823,1.5642868280410767,-0.4923042356967926,0.22686591744422913,1.550609827041626,-0.652197539806366,0.8905207514762878,1.6684472560882568,-0.5994454622268677,0.19404122233390808,1.6534982919692993,-0.7630894780158997,0.831680417060852,1.6751600503921509,-0.6491754055023193,0.2444189339876175,1.6588712930679321,-0.8447175025939941,0.8071388006210327,1.6336699724197388,-0.5338374376296997,0.26636451482772827,1.6157386302947998,-0.7040025591850281,0.6684622764587402,1.5839269161224365,-0.031312309205532074,0.3744509816169739,1.5800807476043701,0.03714926540851593,0.634861171245575,2.199697732925415,0.04164283350110054,0.3700825572013855,2.198535442352295,0.10272996127605438,0.6293846368789673,2.7530670166015625,0.6730749607086182,0.3702585995197296,2.740992307662964,0.5420716404914856,0.6326795816421509,2.8507368564605713,0.7090980410575867,0.3657691776752472,2.8365049362182617,0.5709854364395142,0.594640851020813,2.920339345932007,0.22546319663524628,0.41143712401390076,2.911306142807007,0.025705615058541298,0.430993537625475,0
2026-09-24T12:29:50.619602,S013,S013_A5_Y_20260924_1229,elevated_20,A5,young,class_0,0.5384501218795776,0.4898918867111206,-0.7248368263244629,0.5588423609733582,0.4246435761451721,-0.68162602186203,0.5731809735298157,0.4242185354232788,-0.681272566318512,0.5838714838027954,0.42507585883140564,-0.6813137531280518,0.5079911947250366,0.42947518825531006,-0.6839754581451416,0.4901619553565979,0.4330320656299591,-0.6831843852996826,0.473871648311615,0.43667885661125183,-0.6832640767097473,0.6023925542831421,0.45553824305534363,-0.4009402394294739,0.45184898376464844,0.4672242999076843,-0.3964535892009735,0.5676363706588745,0.55851149559021,-0.6187832355499268,0.5056537985801697,0.5617871880531311,-0.6166516542434692,0.7652261853218079,0.8238415122032166,-0.23442308604717255,0.29957130551338196,0.823866605758667,-0.3472871780395508,0.8576499223709106,1.233338713645935,-0.21959535777568817,0.20974647998809814,1.235790491104126,-0.3019031882286072,0.8515165448188782,1.5737204551696777,-0.4917733669281006,0.2248404324054718,1.5516523122787476,-0.6472235918045044,0.8902074098587036,1.6810719966888428,-0.5984789729118347,0.19044175744056702,1.655100703239441,-0.7552791833877563,0.8313767313957214,1.6867386102676392,-0.6489194631576538,0.24065223336219788,1.6609861850738525,-0.8376678228378296,0.8069602251052856,1.6444511413574219,-0.5333360433578491,0.26357755064964294,1.6179776191711426,-0.6984679102897644,0.6683480143547058,1.5895094871520996,-0.030575355514883995,0.37430712580680847,1.584109902381897,0.0363343246281147,0.6326876878738403,2.2067506313323975,0.04517244175076485,0.3666631579399109,2.2039122581481934,0.10247260332107544,0.6254135966300964,2.7600793838500977,0.6885253190994263,0.3655177056789398,2.7463181018829346,0.5442568063735962,0.6275397539138794,2.8570075035095215,0.7255207300186157,0.3611789047718048,2.8406450748443604,0.5737094879150391,0.5933253169059753,2.926041603088379,0.24702104926109314,0.4068830907344818,2.916945219039917,0.028606319800019264,0.43189022415184686,0
2026-09-24T12:29:50.737765,S013,S013_A5_Y_20260924_1229,elevated_20,A5,young,class_0,0.5384016036987305,0.49018657207489014,-0.7289186716079712,0.5588769912719727,0.42508217692375183,-0.6856856942176819,0.5732452869415283,0.424678236246109,-0.6853214502334595,0.5839381217956543,0.42553022503852844,-0.6853104829788208,0.5079935789108276,0.4298519790172577,-0.6873953938484192,0.49016857147216797,0.4333494305610657,-0.686609148979187,0.47387638688087463,0.43690377473831177,-0.6866886019706726,0.6025857925415039,0.4558316171169281,-0.4036363959312439,0.4519273340702057,0.46731311082839966,-0.3966379165649414,0.5676382184028625,0.5586435198783875,-0.6222513914108276,0.5056228041648865,0.5617786049842834,-0.6191500425338745,0.7651271820068359,0.8250579237937927,-0.2354954481124878,0.29965463280677795,0.8245313763618469,-0.34700149297714233,0.8504083752632141,1.2336406707763672,-0.22256585955619812,0.20926769077777863,1.2347333431243896,-0.3017880916595459,0.8406121134757996,1.5724492073059082,-0.4987112581729889,0.22463437914848328,1.5505841970443726,-0.6461256146430969,0.8756410479545593,1.6791956424713135,-0.6059285402297974,0.1903141438961029,1.6539344787597656,-0.7543126940727234,0.8199214935302734,1.6836116313934326,-0.6551945805549622,0.24060089886188507,1.6591554880142212,-0.8346282839775085,0.7970719933509827,1.6411343812942505,-0.5400340557098389,0.2634783089160919,1.6161670684814453,-0.6961740851402283,0.6681085824966431,1.590983510017395,-0.03090697154402733,0.37430620193481445,1.5851978063583374,0.03659258037805557,0.6320791244506836,2.2070157527923584,0.056981075555086136,0.36654943227767944,2.204249382019043,0.11552567780017853,0.6253178715705872,2.7600066661834717,0.7172492742538452,0.3658331036567688,2.7462337017059326,0.5798823833465576,0.6274216175079346,2.8568930625915527,0.7558854222297668,0.36176586151123047,2.840472459793091,0.6123336553573608,0.5932546854019165,2.925950050354004,0.2705132067203522,0.40716060996055603,2.9168479442596436,0.06254811584949493,0.4322809596748991,0
2026-09-24T12:29:50.862513,S013,S013_A5_Y_20260924_1229,elevated_20,A5,young,class_0,0.5384940505027771,0.48923319578170776,-0.7250247001647949,0.5590168237686157,0.4244878590106964,-0.6799538731575012,0.5733789205551147,0.42413491010665894,-0.6795650720596313,0.5840622782707214,0.4250788986682892,-0.6795187592506409,0.5080819725990295,0.42930179834365845,-0.6825456619262695,0.4902316629886627,0.4329512417316437,-0.681754469871521,0.47390779852867126,0.4366655647754669,-0.6818174719810486,0.6027142405509949,0.455768883228302,-0.39967718720436096,0.45193472504615784,0.4672509729862213,-0.3953031003475189,0.5677329897880554,0.5578113794326782,-0.6196021437644958,0.5056377053260803,0.5608504414558411,-0.6173815727233887,0.7652902007102966,0.8254874348640442,-0.23190823197364807,0.2992614507675171,0.8255591988563538,-0.34669822454452515,0.8545672297477722,1.2368254661560059,-0.20825335383415222,0.2093069851398468,1.238441824913025,-0.28742465376853943,0.847954273223877,1.5750833749771118,-0.4731362760066986,0.2244584858417511,1.5556620359420776,-0.6016008257865906,0.8851050138473511,1.6810551881790161,-0.577777624130249,0.18989789485931396,1.6583406925201416,-0.7050844430923462,0.8265271186828613,1.685024619102478,-0.6269855499267578,0.24018195271492004,1.6636314392089844,-0.7893139123916626,0.802566647529602,1.6429388523101807,-0.5142029523849487,0.2632569670677185,1.6208419799804688,-0.65350341796875,0.6680995225906372,1.591617226600647,-0.030054112896323204,0.3737033009529114,1.5859392881393433,0.035855066031217575,0.6319264769554138,2.2101693153381348,0.05424235388636589,0.36645883321762085,2.2066736221313477,0.10503965616226196,0.6250208616256714,2.764209270477295,0.7144822478294373,0.3652406930923462,2.749551296234131,0.5597853660583496,0.6270692348480225,2.861717700958252,0.7520729899406433,0.3610375225543976,2.844087839126587,0.5903908014297485,0.5930480360984802,2.928875207901001,0.26572737097740173,0.4066856801509857,2.9200656414031982,0.04148746281862259,0.4324084400834842,0
2026-09-24T12:29:50.976406,S013,S013_A5_Y_20260924_1229,elevated_20,A5,young,class_0,0.5385244488716125,0.49097758531570435,-0.7220715284347534,0.5590265989303589,0.42547592520713806,-0.6776383519172668,0.573399543762207,0.42501023411750793,-0.6772503852844238,0.5840829014778137,0.4258318841457367,-0.6771655082702637,0.508127748966217,0.43042710423469543,-0.6800007224082947,0.49026793241500854,0.4339640438556671,-0.679227888584137,0.4739418625831604,0.4375150799751282,-0.679305911064148,0.6026785969734192,0.45622390508651733,-0.39873206615448,0.4519493579864502,0.4678703248500824,-0.39364367723464966,0.5678284168243408,0.5591884255409241,-0.6168910264968872,0.5058358907699585,0.5620667338371277,-0.6145910620689392,0.7654669284820557,0.8258618712425232,-0.2274429053068161,0.2994430959224701,0.8255584239959717,-0.3440217971801758,0.8556157350540161,1.236900806427002,-0.20557013154029846,0.20945830643177032,1.2371535301208496,-0.28809431195259094,0.8479832410812378,1.572597861289978,-0.474801629781723,0.22873525321483612,1.553301215171814,-0.6091294288635254,0.8846794366836548,1.6778682470321655,-0.5794589519500732,0.19739952683448792,1.6572545766830444,-0.7136236429214478,0.8265014886856079,1.6789820194244385,-0.627980649471283,0.24793405830860138,1.6599770784378052,-0.7962480783462524,0.8025752902030945,1.637108325958252,-0.5155665278434753,0.2697314918041229,1.6164228916168213,-0.6604851484298706,0.6684092879295349,1.5918934345245361,-0.028803158551454544,0.3738049566745758,1.5868141651153564,0.034609779715538025,0.6321700811386108,2.210134267807007,0.05409802868962288,0.36704641580581665,2.206609010696411,0.09514499455690384,0.626017153263092,2.763972043991089,0.6965031623840332,0.3660823702812195,2.7495126724243164,0.5328530073165894,0.6282987594604492,2.8613462448120117,0.7321895360946655,0.3618958294391632,2.844015598297119,0.5613111257553101,0.5936393737792969,2.9287819862365723,0.24961555004119873,0.40753811597824097,2.9196276664733887,0.017249327152967453,0.4324212919207425,0
2026-09-24T12:29:51.099050,S013,S013_A5_Y_20260924_1229,elevated_20,A5,young,class_0,0.5385133028030396,0.4905676245689392,-0.716223418712616,0.5590364933013916,0.4251962900161743,-0.6728724241256714,0.5734147429466248,0.4246854782104492,-0.672450840473175,0.5840991735458374,0.42552122473716736,-0.6723204851150513,0.508135199546814,0.43027713894844055,-0.6754592657089233,0.4902772903442383,0.433900386095047,-0.6747099161148071,0.47394484281539917,0.43750327825546265,-0.6747674345970154,0.6027272939682007,0.45609381794929504,-0.39743825793266296,0.45194244384765625,0.46791404485702515,-0.39336541295051575,0.5678390860557556,0.5585415363311768,-0.6123731732368469,0.5058122873306274,0.5618066787719727,-0.6105709671974182,0.7656768560409546,0.8258950710296631,-0.22639496624469757,0.29931384325027466,0.8255907893180847,-0.34238964319229126,0.854881763458252,1.2368296384811401,-0.19535067677497864,0.20819783210754395,1.2232997417449951,-0.2744852900505066,0.8479830622673035,1.56654691696167,-0.4606500267982483,0.2142239809036255,1.5508167743682861,-0.5780408978462219,0.8846275210380554,1.667978048324585,-0.5638948678970337,0.19571593403816223,1.651834487915039,-0.6778546571731567,0.8271433711051941,1.666677474975586,-0.6157990097999573,0.2463197410106659,1.6548943519592285,-0.7588704824447632,0.8030751943588257,1.6267085075378418,-0.5022385716438293,0.2684861719608307,1.6111401319503784,-0.6283007860183716,0.6680903434753418,1.5915626287460327,-0.028055299073457718,0.3732723295688629,1.5866023302078247,0.03384358808398247,0.6321091651916504,2.2086308002471924,0.05485805869102478,0.36773940920829773,2.205705404281616,0.09567835181951523,0.625996470451355,2.762092351913452,0.699924111366272,0.3662596046924591,2.74831223487854,0.5380455255508423,0.6282281875610352,2.8592429161071777,0.7366859316825867,0.36201784014701843,2.843036651611328,0.5677902698516846,0.5941340327262878,2.926668643951416,0.2615949213504791,0.4074941575527191,2.9164514541625977,0.02925984188914299,0.4334883037254568,0
2026-09-24T12:29:51.217699,S013,S013_A5_Y_20260924_1229,elevated_20,A5,young,class_0,0.5385882258415222,0.49087584018707275,-0.7251121401786804,0.5590300559997559,0.4253322184085846,-0.6802831888198853,0.5734241604804993,0.4248177111148834,-0.679943323135376,0.584108293056488,0.4256499111652374,-0.6798644065856934,0.5081421136856079,0.4304429590702057,-0.6830853819847107,0.4902856945991516,0.43412816524505615,-0.6822999715805054,0.4739469885826111,0.4378093481063843,-0.6824082136154175,0.6027005910873413,0.4561959207057953,-0.39865073561668396,0.45194846391677856,0.4685565233230591,-0.3950699269771576,0.5681272745132446,0.5589720606803894,-0.6181711554527283,0.5061990022659302,0.5624536275863647,-0.6167045831680298,0.7662021517753601,0.8258642554283142,-0.2265874147415161,0.29944539070129395,0.8256891965866089,-0.3451855480670929,0.85051429271698,1.236579418182373,-0.21349763870239258,0.20828533172607422,1.2279510498046875,-0.29662102460861206,0.8435665369033813,1.5644029378890991,-0.5151635408401489,0.22337190806865692,1.5508294105529785,-0.6155542135238647,0.8792761564254761,1.667115330696106,-0.6235321164131165,0.20109263062477112,1.6522537469863892,-0.7257724404335022,0.8225277066230774,1.6667110919952393,-0.6747540235519409,0.252021461725235,1.6551531553268433,-0.7964279651641846,0.7992965579032898,1.6257466077804565,-0.5582426190376282,0.2726670801639557,1.6112653017044067,-0.6603644490242004,0.6680923700332642,1.5912015438079834,-0.02789001166820526,0.37360697984695435,1.586060643196106,0.033670030534267426,0.6321043372154236,2.2072596549987793,0.02669181488454342,0.36773255467414856,2.204831600189209,0.07709835469722748,0.6261717081069946,2.761152982711792,0.6123988032341003,0.3662636876106262,2.7468419075012207,0.46434473991394043,0.628649115562439,2.8587646484375,0.6424372792243958,0.36200639605522156,2.841052532196045,0.4866803288459778,0.5941096544265747,2.925678253173828,0.1481015980243683,0.40791526436805725,2.915743827819824,-0.06002665311098099,0.4328154267395114,0
2026-09-24T12:29:51.344982,S013,S013_A5_Y_20260924_1229,elevated_20,A5,young,class_0,0.5386213064193726,0.49047768115997314,-0.7174419164657593,0.559073805809021,0.42497941851615906,-0.6738095283508301,0.5734723806381226,0.4243803918361664,-0.6734509468078613,0.58414226770401,0.4251843988895416,-0.6733942031860352,0.5081651210784912,0.4303186535835266,-0.6770468354225159,0.49029541015625,0.43407875299453735,-0.6762969493865967,0.4739510118961334,0.4378032088279724,-0.6763986349105835,0.602763831615448,0.45596498250961304,-0.39667218923568726,0.4519197344779968,0.4685646593570709,-0.39394235610961914,0.5682047009468079,0.5583400726318359,-0.6122964024543762,0.5062049031257629,0.5620424151420593,-0.6111800074577332,0.766364336013794,0.8258568048477173,-0.2252836674451828,0.2994770407676697,0.8257566094398499,-0.3445415496826172,0.8526631593704224,1.2358828783035278,-0.19982948899269104,0.20829947292804718,1.225340485572815,-0.2769894599914551,0.8444668054580688,1.5640712976455688,-0.46562427282333374,0.22311392426490784,1.5498206615447998,-0.5631905794143677,0.8796571493148804,1.6668555736541748,-0.5671834945678711,0.20064406096935272,1.6497666835784912,-0.662469208240509,0.8230574727058411,1.6666215658187866,-0.6165906190872192,0.2516975700855255,1.6531274318695068,-0.741982102394104,0.7999576926231384,1.6255416870117188,-0.5062564015388489,0.27245116233825684,1.6091926097869873,-0.6117100715637207,0.6675490140914917,1.59117591381073,-0.027803990989923477,0.3731282353401184,1.5860445499420166,0.033563826233148575,0.6315336227416992,2.2071080207824707,0.03286108374595642,0.3676421642303467,2.204808473587036,0.08035178482532501,0.6259456872940063,2.7610690593719482,0.6380479335784912,0.3662756681442261,2.7468104362487793,0.49212759733200073,0.6283518075942993,2.8586463928222656,0.6717673540115356,0.362061083316803,2.84114408493042,0.518777072429657,0.5940657258033752,2.9255802631378174,0.19667142629623413,0.4078702926635742,2.91566801071167,-0.015195079147815704,0.432485964776478,0
2026-09-24T12:29:51.468602,S013,S013_A5_Y_20260924_1229,elevated_20,A5,young,class_0,0.5387083888053894,0.4916539490222931,-0.7017449736595154,0.5590872764587402,0.4258241355419159,-0.6572509407997131,0.5734869241714478,0.42524775862693787,-0.656924843788147,0.584157407283783,0.42599451541900635,-0.65692538022995,0.5082457065582275,0.4310309588909149,-0.6609523296356201,0.49037083983421326,0.4346659481525421,-0.6601867079734802,0.47402673959732056,0.4382631182670593,-0.66029953956604,0.6026811599731445,0.4564037024974823,-0.37759721279144287,0.45194023847579956,0.4688967168331146,-0.37872111797332764,0.5682461857795715,0.5594111680984497,-0.5956060886383057,0.5063615441322327,0.5629991888999939,-0.5956352949142456,0.7660004496574402,0.8236756920814514,-0.20546165108680725,0.29976150393486023,0.8256898522377014,-0.3315688669681549,0.8512995839118958,1.2282085418701172,-0.18699993193149567,0.20810869336128235,1.2251414060592651,-0.2752979099750519,0.8443241119384766,1.5493947267532349,-0.4604489207267761,0.22542910277843475,1.5378272533416748,-0.5746573209762573,0.8796278834342957,1.6521199941635132,-0.5613034963607788,0.20125539600849152,1.6377280950546265,-0.6770129203796387,0.823078989982605,1.6535592079162598,-0.6133260130882263,0.2520385682582855,1.6403275728225708,-0.7532499432563782,0.7999923229217529,1.6115719079971313,-0.5022783875465393,0.2723880708217621,1.5968551635742188,-0.6219627857208252,0.6676973104476929,1.5860925912857056,-0.02647578716278076,0.3740834891796112,1.581794023513794,0.032212819904088974,0.63223797082901,2.1984636783599854,0.013695664703845978,0.368822306394577,2.197568655014038,0.06482557952404022,0.6276502013206482,2.753610134124756,0.5818625688552856,0.36745038628578186,2.739311695098877,0.429813951253891,0.6299889087677002,2.8522605895996094,0.6109041571617126,0.3628034293651581,2.8329155445098877,0.4497552514076233,0.5972390174865723,2.915069103240967,0.12407515943050385,0.41059619188308716,2.9075212478637695,-0.09138932079076767,0.43197994180559707,0
2026-09-24T12:29:51.596607,S013,S013_A5_Y_20260924_1229,elevated_20,A5,young,class_0,0.5386971831321716,0.4917556941509247,-0.7024257183074951,0.5590940713882446,0.4258706271648407,-0.6575378775596619,0.573500394821167,0.42530468106269836,-0.6571949124336243,0.5841675400733948,0.42605650424957275,-0.6571770310401917,0.5082431435585022,0.4310298562049866,-0.6611233949661255,0.49037784337997437,0.4346495568752289,-0.6603394150733948,0.47403207421302795,0.4382242262363434,-0.6604395508766174,0.6026859879493713,0.4564284086227417,-0.3791169822216034,0.4519917070865631,0.4688030481338501,-0.3792535662651062,0.5682626962661743,0.5595880746841431,-0.5968868136405945,0.5063667297363281,0.5630687475204468,-0.5965859889984131,0.7660093903541565,0.8229909539222717,-0.20678511261940002,0.2999616265296936,0.8249335885047913,-0.33097168803215027,0.8513773083686829,1.2267156839370728,-0.19633914530277252,0.20730796456336975,1.2225700616836548,-0.27585935592651367,0.8435788154602051,1.5468957424163818,-0.47870659828186035,0.22549669444561005,1.5355334281921387,-0.5774185657501221,0.877968430519104,1.6505173444747925,-0.583342969417572,0.20110754668712616,1.6370929479599,-0.6834373474121094,0.821548342704773,1.650966763496399,-0.6368279457092285,0.2518070638179779,1.6399123668670654,-0.7588030695915222,0.7989922761917114,1.608834981918335,-0.5210360884666443,0.27228835225105286,1.5963194370269775,-0.6240454912185669,0.6677061319351196,1.585625171661377,-0.026408135890960693,0.374311625957489,1.5815197229385376,0.03213047981262207,0.6326591968536377,2.197730541229248,0.026288121938705444,0.368983656167984,2.1966397762298584,0.06861433386802673,0.628188967704773,2.752427816390991,0.5842140913009644,0.36800655722618103,2.738635540008545,0.45694756507873535,0.6306921243667603,2.8505146503448486,0.6145408749580383,0.3635867238044739,2.832310438156128,0.4806624948978424,0.5973940491676331,2.9149796962738037,0.12499912083148956,0.4106869697570801,2.90688419342041,-0.061410944908857346,0.43194261666934436,0
2026-09-24T12:29:51.712237,S013,S013_A5_Y_20260924_1229,elevated_20,A5,young,class_0,0.5386357307434082,0.49175357818603516,-0.7035131454467773,0.5591001510620117,0.4258767366409302,-0.6585869789123535,0.573509931564331,0.42533445358276367,-0.6582397222518921,0.5841904878616333,0.4261273145675659,-0.6582286357879639,0.5082424879074097,0.43096688389778137,-0.662184476852417,0.49038514494895935,0.4345320165157318,-0.661403477191925,0.47403931617736816,0.4380629360675812,-0.6615047454833984,0.60289466381073,0.45660364627838135,-0.3805049657821655,0.45212870836257935,0.4686051309108734,-0.37642496824264526,0.5682722926139832,0.5596979856491089,-0.597896933555603,0.5063327550888062,0.5630614161491394,-0.5967207551002502,0.7661698460578918,0.8228060007095337,-0.21031507849693298,0.3003231883049011,0.8234758973121643,-0.32245704531669617,0.849534809589386,1.2268142700195312,-0.2009110152721405,0.20699074864387512,1.216443419456482,-0.27412503957748413,0.8405302166938782,1.5434093475341797,-0.47876566648483276,0.22623999416828156,1.5288010835647583,-0.5829749703407288,0.8740541338920593,1.646020770072937,-0.5834031105041504,0.20105953514575958,1.6326497793197632,-0.688407301902771,0.8192983865737915,1.64478600025177,-0.6367711424827576,0.2517760694026947,1.6337462663650513,-0.7642292380332947,0.7969580292701721,1.6029032468795776,-0.5210680365562439,0.2722260653972626,1.5902085304260254,-0.6301827430725098,0.6676995158195496,1.5839707851409912,-0.026859711855649948,0.3744699954986572,1.5793193578720093,0.0325605645775795,0.6326570510864258,2.1946330070495605,0.02510833367705345,0.3690453767776489,2.192136526107788,0.06980451196432114,0.628129243850708,2.748533010482788,0.5994800329208374,0.36789804697036743,2.734938383102417,0.46230703592300415,0.6306782364845276,2.8452577590942383,0.6303266286849976,0.3634088337421417,2.8287155628204346,0.48632898926734924,0.5961769819259644,2.912738084793091,0.14199712872505188,0.4102488160133362,2.902193546295166,-0.05839890241622925,0.4318915503568433,0
2026-09-24T12:29:51.827131,S013,S013_A5_Y_20260924_1229,elevated_20,A5,young,class_0,0.5386143326759338,0.49136435985565186,-0.7012727856636047,0.5590965151786804,0.4256429970264435,-0.6580930948257446,0.5735205411911011,0.42513129115104675,-0.6577264666557312,0.5842007398605347,0.4259752631187439,-0.6576864719390869,0.5082477331161499,0.4306500256061554,-0.6604412198066711,0.4904162287712097,0.4342383146286011,-0.6596543788909912,0.47412094473838806,0.4378306567668915,-0.6597468256950378,0.6029006242752075,0.4565999209880829,-0.3816206157207489,0.45223695039749146,0.46852701902389526,-0.37500813603401184,0.5682781338691711,0.5594243407249451,-0.5968064069747925,0.5063337087631226,0.5627307891845703,-0.5941656231880188,0.7662688493728638,0.8226112723350525,-0.21149297058582306,0.3003489673137665,0.823043942451477,-0.3193309009075165,0.84961998462677,1.2267616987228394,-0.20017413794994354,0.20676791667938232,1.2098785638809204,-0.25665199756622314,0.8403337597846985,1.543851613998413,-0.4601363241672516,0.22185127437114716,1.5283249616622925,-0.5399904847145081,0.8730341196060181,1.6461601257324219,-0.5623719096183777,0.20089860260486603,1.631093978881836,-0.6377662420272827,0.8192285299301147,1.6444834470748901,-0.6130635142326355,0.25136542320251465,1.632110357284546,-0.7175770401954651,0.7969428300857544,1.6032428741455078,-0.5008001327514648,0.2719433903694153,1.589012622833252,-0.5885810852050781,0.6674892902374268,1.5834425687789917,-0.02710345759987831,0.37455105781555176,1.5789756774902344,0.03275739401578903,0.632655680179596,2.1935927867889404,0.02595159411430359,0.37051087617874146,2.1911520957946777,0.07169130444526672,0.6282041072845459,2.746948719024658,0.6065481901168823,0.37000980973243713,2.7338218688964844,0.4681331217288971,0.6307170391082764,2.842177152633667,0.6387022137641907,0.3660740256309509,2.827103614807129,0.49136286973953247,0.5964060425758362,2.911576986312866,0.14636585116386414,0.41072431206703186,2.8998641967773438,-0.05473127216100693,0.43214797397819316,0
2026-09-24T12:29:52.008304,S013,S013_A5_Y_20260924_1229,elevated_20,A5,young,class_0,0.5386802554130554,0.4913839101791382,-0.7019751071929932,0.5591021776199341,0.4254886209964752,-0.6588588953018188,0.5735307931900024,0.4248717725276947,-0.6584901809692383,0.5842011570930481,0.4256143867969513,-0.6584502458572388,0.5083135962486267,0.43062666058540344,-0.661110520362854,0.49050021171569824,0.4342251718044281,-0.6603261232376099,0.4742504954338074,0.4378272593021393,-0.6604189872741699,0.6028736233711243,0.45617035031318665,-0.38232937455177307,0.4523111879825592,0.46852806210517883,-0.3742837905883789,0.5683602094650269,0.5595062375068665,-0.5972416996955872,0.5067099332809448,0.5628967881202698,-0.5943329930305481,0.766392171382904,0.8211782574653625,-0.21231210231781006,0.30228644609451294,0.8214685916900635,-0.3164615035057068,0.8495133519172668,1.2238495349884033,-0.20145848393440247,0.2126881331205368,1.20921790599823,-0.26010364294052124,0.8403556942939758,1.5407472848892212,-0.46071696281433105,0.2227153331041336,1.5164284706115723,-0.5846518278121948,0.8729545474052429,1.643377423286438,-0.5617387890815735,0.20380277931690216,1.622477412223816,-0.6886783838272095,0.8192537426948547,1.6419110298156738,-0.6126449704170227,0.25322425365448,1.6224106550216675,-0.7622334361076355,0.7970370054244995,1.6007287502288818,-0.5012496709823608,0.2738637626171112,1.5797085762023926,-0.6321119666099548,0.6686948537826538,1.580159306526184,-0.027660613879561424,0.37700825929641724,1.576358437538147,0.03325148671865463,0.6363827586174011,2.1881165504455566,0.026296157389879227,0.3755027651786804,2.185800790786743,0.07230886816978455,0.633694589138031,2.7399377822875977,0.6172791123390198,0.3774537444114685,2.726773977279663,0.4750945568084717,0.6364830136299133,2.833997964859009,0.6501848101615906,0.3741000294685364,2.8193862438201904,0.49947866797447205,0.6026453971862793,2.905224561691284,0.1611723005771637,0.41779327392578125,2.8913915157318115,-0.04633492976427078,0.43221772067099185,0
2026-09-24T12:29:52.185875,S013,S013_A5_Y_20260924_1229,elevated_20,A5,young,class_0,0.5387017726898193,0.4913233518600464,-0.7132797837257385,0.5591045618057251,0.4253303110599518,-0.6698859333992004,0.573539137840271,0.42471790313720703,-0.6695199608802795,0.5842013359069824,0.42546918988227844,-0.6694332361221313,0.5083162784576416,0.43042290210723877,-0.6723252534866333,0.49050769209861755,0.4340616464614868,-0.671558678150177,0.4742409288883209,0.4377456307411194,-0.671665370464325,0.6028364896774292,0.4560837149620056,-0.3898378610610962,0.45231980085372925,0.46850529313087463,-0.38275179266929626,0.5683904886245728,0.5595071911811829,-0.6070197224617004,0.5067426562309265,0.5628951787948608,-0.604347825050354,0.7664036154747009,0.8213256001472473,-0.2189207375049591,0.3020843267440796,0.8223276734352112,-0.3251778483390808,0.8495214581489563,1.2263847589492798,-0.21052661538124084,0.21228058636188507,1.2177212238311768,-0.2781282067298889,0.840367317199707,1.5487701892852783,-0.4898270070552826,0.2228637933731079,1.5255602598190308,-0.6056981086730957,0.8730112910270691,1.6524906158447266,-0.5965691804885864,0.20608261227607727,1.6375120878219604,-0.7106644511222839,0.8193143010139465,1.6510981321334839,-0.6449505090713501,0.25525254011154175,1.634944200515747,-0.7862268686294556,0.7970588803291321,1.6099469661712646,-0.5305335521697998,0.2757531404495239,1.5918323993682861,-0.6532636880874634,0.6704591512680054,1.5834681987762451,-0.02780936285853386,0.3773113191127777,1.5817465782165527,0.03338997811079025,0.6387994289398193,2.193413019180298,0.035532355308532715,0.3758489489555359,2.1954641342163086,0.08583194017410278,0.6362382173538208,2.746588945388794,0.6706346869468689,0.37843382358551025,2.7369184494018555,0.528457522392273,0.6389884948730469,2.8416826725006104,0.706907331943512,0.3752805292606354,2.8295505046844482,0.558403730392456,0.60649573802948,2.913353681564331,0.2178785800933838,0.4195156991481781,2.904766082763672,0.008375080302357674,0.43274034566186537,0
2026-09-24T12:29:52.316709,S013,S013_A5_Y_20260924_1229,elevated_20,A5,young,class_0,0.5383668541908264,0.4924083650112152,-0.7120267152786255,0.5585468411445618,0.42653483152389526,-0.6686021089553833,0.5731719136238098,0.4259042739868164,-0.6682513952255249,0.5839235782623291,0.42646464705467224,-0.6682046055793762,0.5079979300498962,0.4316195249557495,-0.6712790727615356,0.49034643173217773,0.43510109186172485,-0.6705278754234314,0.47411689162254333,0.4385802149772644,-0.6706437468528748,0.602434515953064,0.4564230144023895,-0.3885059654712677,0.4523317813873291,0.4688943326473236,-0.38238728046417236,0.5682487487792969,0.5599745512008667,-0.6058145761489868,0.5067086815834045,0.5633062124252319,-0.6033958196640015,0.7645429372787476,0.821409285068512,-0.21744468808174133,0.3023987114429474,0.8224713206291199,-0.3267820179462433,0.8446946144104004,1.2265392541885376,-0.21007469296455383,0.20985069870948792,1.2197257280349731,-0.278278648853302,0.8391801714897156,1.5504355430603027,-0.4891238808631897,0.2208150178194046,1.5324147939682007,-0.5919533967971802,0.8726045489311218,1.6542632579803467,-0.5951377153396606,0.19570738077163696,1.6405333280563354,-0.6932831406593323,0.8188737034797668,1.6556668281555176,-0.64424729347229,0.2457505464553833,1.6421443223953247,-0.7703610062599182,0.796438992023468,1.6143324375152588,-0.5302513241767883,0.2670844495296478,1.5996447801589966,-0.6387396454811096,0.6689378023147583,1.5838353633880615,-0.0276674572378397,0.377322793006897,1.582339882850647,0.03319133073091507,0.636513888835907,2.1951262950897217,0.03569210693240166,0.37566661834716797,2.197340726852417,0.08228476345539093,0.6349507570266724,2.7499983310699463,0.6568551659584045,0.3782007694244385,2.739558458328247,0.5028569102287292,0.6376873850822449,2.845395803451538,0.6907356977462769,0.3749752938747406,2.831364631652832,0.5297732949256897,0.606132447719574,2.915313243865967,0.20496007800102234,0.4193097949028015,2.9078848361968994,-0.01993577368557453,0.43219884389448754,0
2026-09-24T12:29:52.445302,S013,S013_A5_Y_20260924_1229,elevated_20,A5,young,class_0,0.5384063124656677,0.4920535087585449,-0.7174481153488159,0.5586567521095276,0.42634066939353943,-0.6737443208694458,0.5732464790344238,0.4257409870624542,-0.6734133958816528,0.5839833617210388,0.4263682961463928,-0.673360288143158,0.5080843567848206,0.4313926100730896,-0.6751061081886292,0.4903889298439026,0.43491584062576294,-0.6743267774581909,0.4741401672363281,0.43847447633743286,-0.6744375228881836,0.6025053858757019,0.45642581582069397,-0.3939777612686157,0.4523402154445648,0.46887528896331787,-0.38301771879196167,0.5683030486106873,0.5599033832550049,-0.6115673184394836,0.5067676305770874,0.5631442666053772,-0.6075395345687866,0.764667809009552,0.8214231729507446,-0.23084792494773865,0.3024976849555969,0.8224354386329651,-0.3268468976020813,0.8442603945732117,1.2276333570480347,-0.22671917080879211,0.20989057421684265,1.222808599472046,-0.2819870114326477,0.8344322443008423,1.550837755203247,-0.49158644676208496,0.22629256546497345,1.5343129634857178,-0.6080063581466675,0.8673607707023621,1.655055284500122,-0.5967820882797241,0.19892734289169312,1.6416832208633423,-0.7133251428604126,0.8121503591537476,1.6564738750457764,-0.6443437337875366,0.2491692304611206,1.643109679222107,-0.7903028726577759,0.7902833819389343,1.6147433519363403,-0.5317614674568176,0.270002543926239,1.6002860069274902,-0.6560893654823303,0.6689331531524658,1.5839225053787231,-0.028924454003572464,0.3771963119506836,1.582236886024475,0.03451627492904663,0.6364108324050903,2.1953742504119873,0.039954330772161484,0.3744400143623352,2.197301149368286,0.09965367615222931,0.6341937780380249,2.7499961853027344,0.671339750289917,0.3772246241569519,2.739332437515259,0.5349483489990234,0.6371679902076721,2.845442771911621,0.7064740657806396,0.3741561770439148,2.831340789794922,0.5637213587760925,0.6031165719032288,2.9153244495391846,0.21681949496269226,0.41748204827308655,2.907782554626465,0.01640111580491066,0.43177815590380914,0
2026-09-24T12:29:52.585044,S013,S013_A5_Y_20260924_1229,elevated_20,A5,young,class_0,0.5384079813957214,0.4916914403438568,-0.7303794622421265,0.558660626411438,0.42616528272628784,-0.6873410940170288,0.5732522010803223,0.4255693554878235,-0.6869567632675171,0.5839786529541016,0.42623984813690186,-0.6869247555732727,0.5080983638763428,0.43123558163642883,-0.6874133348464966,0.49039989709854126,0.43481144309043884,-0.6866823434829712,0.4741537570953369,0.43841567635536194,-0.6867114305496216,0.6024911403656006,0.45642393827438354,-0.4077278673648834,0.45234769582748413,0.4688631296157837,-0.39093008637428284,0.568306565284729,0.5594791173934937,-0.6244057416915894,0.5067599415779114,0.562775731086731,-0.6186716556549072,0.7646907567977905,0.8213644027709961,-0.24311764538288116,0.3027418553829193,0.8220626711845398,-0.3329295814037323,0.8469201922416687,1.2272521257400513,-0.23682358860969543,0.2099219560623169,1.2224291563034058,-0.30831876397132874,0.8357049822807312,1.5495091676712036,-0.5035806894302368,0.2262740582227707,1.5329194068908691,-0.6790328025817871,0.8689727783203125,1.6529210805892944,-0.6130493879318237,0.19688427448272705,1.637916088104248,-0.7944166660308838,0.8127011060714722,1.6548645496368408,-0.661105215549469,0.2476002722978592,1.6408826112747192,-0.8736840486526489,0.7907718420028687,1.6134790182113647,-0.544051468372345,0.2688165009021759,1.5983550548553467,-0.7306972146034241,0.6686979532241821,1.5837070941925049,-0.029814600944519043,0.3769088685512543,1.581224799156189,0.035449352115392685,0.6360291242599487,2.1955342292785645,0.09354119002819061,0.3743897080421448,2.1973049640655518,0.16987887024879456,0.6336719989776611,2.749734401702881,0.7986562848091125,0.3769127428531647,2.739462375640869,0.6827282905578613,0.6366444230079651,2.8454017639160156,0.843478798866272,0.37361422181129456,2.832554340362549,0.7208337783813477,0.6023826599121094,2.9151597023010254,0.36178746819496155,0.41619977355003357,2.9077725410461426,0.17317460477352142,0.43213132030567786,0
2026-09-24T12:29:52.711699,S013,S013_A5_Y_20260924_1229,elevated_20,A5,young,class_0,0.5380151271820068,0.4920784533023834,-0.7295171022415161,0.5584601163864136,0.4266398251056671,-0.6860643029212952,0.5731588006019592,0.42601680755615234,-0.6856773495674133,0.5839216709136963,0.4266071915626526,-0.6856642365455627,0.5078378319740295,0.43170490860939026,-0.686552882194519,0.4902171194553375,0.4352152645587921,-0.685813307762146,0.4739908277988434,0.4386870265007019,-0.6858561635017395,0.6024823784828186,0.45648401975631714,-0.403595507144928,0.45235466957092285,0.46888792514801025,-0.3894328474998474,0.5680688619613647,0.5595042705535889,-0.6227552890777588,0.5065136551856995,0.5627858638763428,-0.6175460815429688,0.7647107243537903,0.8236848711967468,-0.24263934791088104,0.3027883470058441,0.8221684098243713,-0.33277592062950134,0.8431852459907532,1.2350118160247803,-0.23475225269794464,0.2077603042125702,1.222412347793579,-0.3060060143470764,0.8325884938240051,1.5648746490478516,-0.5018446445465088,0.22196559607982635,1.5350254774093628,-0.6645264625549316,0.8658140301704407,1.671881079673767,-0.6109420657157898,0.18919388949871063,1.6403242349624634,-0.7776811718940735,0.8096524477005005,1.674466609954834,-0.6588037014007568,0.24091649055480957,1.644443154335022,-0.8567249178886414,0.7879207730293274,1.631804347038269,-0.5423461198806763,0.26281988620758057,1.6019465923309326,-0.7157191634178162,0.6673063039779663,1.5915324687957764,-0.029937410727143288,0.3760875463485718,1.586434006690979,0.03554118424654007,0.6330517530441284,2.2043068408966064,0.08724735677242279,0.3699304461479187,2.202775239944458,0.15750476717948914,0.6298807263374329,2.757970094680786,0.7934449315071106,0.3741036057472229,2.7428102493286133,0.655209481716156,0.6324894428253174,2.853126287460327,0.8363721966743469,0.3714856505393982,2.8345696926116943,0.6918880939483643,0.5990176200866699,2.922633171081543,0.33607420325279236,0.4129566550254822,2.911792516708374,0.1280856430530548,0.4321747659212041,0
2026-09-24T12:29:53.011521,S013,S013_A5_Y_20260924_1229,elevated_20,A5,young,class_0,0.5374944806098938,0.4903804063796997,-0.7285314202308655,0.5582222938537598,0.42571133375167847,-0.6851582527160645,0.5730710625648499,0.42525070905685425,-0.6847720146179199,0.583868145942688,0.4260382354259491,-0.6847547888755798,0.5076601505279541,0.4303382635116577,-0.6857962608337402,0.49009957909584045,0.4340217709541321,-0.6850515604019165,0.47377657890319824,0.4377466142177582,-0.6850986480712891,0.6025517582893372,0.45624083280563354,-0.40524277091026306,0.45223721861839294,0.4682943522930145,-0.39242449402809143,0.5675898194313049,0.5572790503501892,-0.6219977140426636,0.5053898096084595,0.5610530376434326,-0.6170937418937683,0.7648406028747559,0.8238956332206726,-0.242369145154953,0.30201035737991333,0.8223143219947815,-0.3346904516220093,0.84831702709198,1.2347846031188965,-0.2158733606338501,0.20662829279899597,1.220050573348999,-0.2669317126274109,0.8371579051017761,1.5644440650939941,-0.4598829746246338,0.2154899537563324,1.535840630531311,-0.5430556535720825,0.8705190420150757,1.6717700958251953,-0.5625748038291931,0.18950998783111572,1.642159104347229,-0.6390275359153748,0.8140984773635864,1.6739838123321533,-0.6091015338897705,0.24102361500263214,1.6467632055282593,-0.7234896421432495,0.7917026877403259,1.6315484046936035,-0.4990679621696472,0.2629200518131256,1.6038049459457397,-0.5940439701080322,0.6672108173370361,1.5914790630340576,-0.029958423227071762,0.3747557997703552,1.5863085985183716,0.03556596487760544,0.6327248811721802,2.204216480255127,0.08042196184396744,0.36957189440727234,2.20267391204834,0.1439959704875946,0.6293330192565918,2.7578015327453613,0.7594331502914429,0.3721385896205902,2.7428762912750244,0.6227084398269653,0.631767213344574,2.853093147277832,0.7999216318130493,0.3693564534187317,2.8351755142211914,0.6567962765693665,0.5989001989364624,2.9225270748138428,0.31386521458625793,0.40952104330062866,2.9117326736450195,0.10683955997228622,0.4322057033895514,0
2026-09-24T12:29:53.137442,S013,S013_A5_Y_20260924_1229,elevated_20,A5,young,class_0,0.5374947786331177,0.4903785288333893,-0.7279109358787537,0.5582276582717896,0.42569637298583984,-0.6839649677276611,0.5730786919593811,0.4252295196056366,-0.6835830211639404,0.5838724374771118,0.42602384090423584,-0.6835280656814575,0.5076716542243958,0.43031665682792664,-0.684464693069458,0.49010324478149414,0.4340071380138397,-0.6837120652198792,0.47377508878707886,0.43774232268333435,-0.6837618947029114,0.602592408657074,0.4562423825263977,-0.40305036306381226,0.4522061347961426,0.46829718351364136,-0.3904116749763489,0.5675930380821228,0.5573107004165649,-0.6214511394500732,0.5054027438163757,0.5610640048980713,-0.6166040301322937,0.7648476362228394,0.823606550693512,-0.23894581198692322,0.30219435691833496,0.8215121030807495,-0.3328317701816559,0.8479048013687134,1.2315129041671753,-0.21865089237689972,0.20826542377471924,1.2184263467788696,-0.29574835300445557,0.8359118700027466,1.5589065551757812,-0.4780399203300476,0.21744243800640106,1.5317094326019287,-0.665384829044342,0.8689066171646118,1.666590929031372,-0.5814107656478882,0.1896972805261612,1.6375292539596558,-0.7791843414306641,0.8127924799919128,1.6679664850234985,-0.6308084726333618,0.24116936326026917,1.6405545473098755,-0.8533444404602051,0.7904649376869202,1.6252743005752563,-0.5185279250144958,0.2630097270011902,1.5973517894744873,-0.7143954038619995,0.6672898530960083,1.5880581140518188,-0.028914693742990494,0.3747557997703552,1.5821505784988403,0.034529440104961395,0.6327074766159058,2.200456380844116,0.07541199028491974,0.36958974599838257,2.1971254348754883,0.11198364198207855,0.6293028593063354,2.75248122215271,0.7083093523979187,0.3718995451927185,2.734980821609497,0.546851396560669,0.6316992044448853,2.84844970703125,0.7417725324630737,0.3689180612564087,2.8267526626586914,0.5737766623497009,0.5988510847091675,2.9151742458343506,0.24705183506011963,0.4095548093318939,2.9028995037078857,0.019259290769696236,0.4328352438087849,0
2026-09-24T12:29:53.272346,S013,S013_A5_Y_20260924_1229,elevated_20,A5,young,class_0,0.5375239253044128,0.49028798937797546,-0.7282634973526001,0.558239758014679,0.42556801438331604,-0.6846500635147095,0.573086142539978,0.42506688833236694,-0.6842671632766724,0.5838686227798462,0.4258657991886139,-0.6842432618141174,0.5076777935028076,0.4302789866924286,-0.6851874589920044,0.4901040494441986,0.43399733304977417,-0.6844598054885864,0.4737696051597595,0.4377412796020508,-0.6845089197158813,0.6025742292404175,0.45622530579566956,-0.40441957116127014,0.45218005776405334,0.4683205187320709,-0.3908015489578247,0.567624032497406,0.5572894215583801,-0.6220296621322632,0.5054271221160889,0.5610529184341431,-0.6170455813407898,0.7649955749511719,0.8238784670829773,-0.24185693264007568,0.30219951272010803,0.8215774893760681,-0.334491491317749,0.8506237268447876,1.2354366779327393,-0.22168388962745667,0.2087329924106598,1.2220382690429688,-0.2955252528190613,0.8387797474861145,1.5654667615890503,-0.4781802296638489,0.21862272918224335,1.5368740558624268,-0.6563425064086914,0.8721452951431274,1.6726782321929932,-0.5818206071853638,0.18987441062927246,1.6413497924804688,-0.7647804021835327,0.8146816492080688,1.6752123832702637,-0.6310745477676392,0.24120751023292542,1.6465659141540527,-0.8526913523674011,0.7924888134002686,1.6322623491287231,-0.5188213586807251,0.26304861903190613,1.6034289598464966,-0.7104575037956238,0.6671946048736572,1.58935546875,-0.030016278848052025,0.3746667206287384,1.5832196474075317,0.0355992391705513,0.6320587396621704,2.203435182571411,0.08181554824113846,0.36824268102645874,2.2006125450134277,0.15271307528018951,0.625260055065155,2.755429744720459,0.7563193440437317,0.366842657327652,2.7424066066741943,0.6391789317131042,0.6278017163276672,2.8516933917999268,0.7980178594589233,0.36323004961013794,2.837103843688965,0.6746301651000977,0.5918458700180054,2.9209911823272705,0.32104575634002686,0.4031510353088379,2.9116249084472656,0.13241365551948547,0.4326539713772973,0
2026-09-24T12:29:53.388054,S013,S013_A5_Y_20260924_1229,elevated_20,A5,young,class_0,0.5375345945358276,0.4903690218925476,-0.7312948703765869,0.5583804845809937,0.42555704712867737,-0.6876228451728821,0.5731924772262573,0.42504820227622986,-0.6872447729110718,0.5839489102363586,0.4258493483066559,-0.6872025728225708,0.5077000856399536,0.43028199672698975,-0.6880033016204834,0.49010539054870605,0.43400493264198303,-0.6872471570968628,0.4737549424171448,0.43775197863578796,-0.6873072385787964,0.6026452779769897,0.45621103048324585,-0.40631142258644104,0.45215997099876404,0.46832534670829773,-0.39159634709358215,0.567629337310791,0.5574541091918945,-0.624729573726654,0.5054517984390259,0.5611891150474548,-0.6194877028465271,0.7652053236961365,0.8241377472877502,-0.24430429935455322,0.30215001106262207,0.8220940828323364,-0.3350583016872406,0.8506171107292175,1.237856388092041,-0.23484715819358826,0.2079888880252838,1.2260068655014038,-0.29567915201187134,0.8386794328689575,1.5676167011260986,-0.5112367272377014,0.2189999371767044,1.5413897037506104,-0.6465253233909607,0.8720993995666504,1.6750060319900513,-0.6213951706886292,0.19001422822475433,1.645979404449463,-0.7538503408432007,0.814579963684082,1.6763859987258911,-0.6671428680419922,0.2412915676832199,1.6494500637054443,-0.8381559252738953,0.792332649230957,1.633425235748291,-0.5514602065086365,0.2631227374076843,1.6064929962158203,-0.6988123059272766,0.6673247814178467,1.59144926071167,-0.030669163912534714,0.3744984269142151,1.5853161811828613,0.03628789633512497,0.6323319673538208,2.206718921661377,0.07791045308113098,0.3681609034538269,2.2041280269622803,0.14530806243419647,0.625480055809021,2.7594056129455566,0.7437615990638733,0.36686575412750244,2.7460713386535645,0.615979790687561,0.6281077265739441,2.856379270553589,0.7837225198745728,0.3632471561431885,2.8408539295196533,0.6490851640701294,0.5918929576873779,2.9256362915039062,0.3123413920402527,0.40327420830726624,2.9160008430480957,0.10608186572790146,0.43299963411826675,0
2026-09-24T12:29:53.523377,S013,S013_A5_Y_20260924_1229,elevated_20,A5,young,class_0,0.5375301837921143,0.49022337794303894,-0.7308167219161987,0.5583825707435608,0.42545053362846375,-0.6873992681503296,0.5731978416442871,0.42493751645088196,-0.6870248317718506,0.583950400352478,0.4257587194442749,-0.6869789361953735,0.5076981782913208,0.4301723539829254,-0.6878184080123901,0.4900968074798584,0.433922678232193,-0.6870554685592651,0.473707914352417,0.437698632478714,-0.6871207356452942,0.6026669144630432,0.4562072157859802,-0.4062519073486328,0.45205768942832947,0.46831363439559937,-0.3915085792541504,0.5676314234733582,0.5573791265487671,-0.6242884397506714,0.5054110884666443,0.5611733198165894,-0.6191486120223999,0.7653036117553711,0.8236854672431946,-0.24422398209571838,0.30215248465538025,0.8221033215522766,-0.33597326278686523,0.8543013334274292,1.237803339958191,-0.23401641845703125,0.20829422771930695,1.2260019779205322,-0.3007963299751282,0.8440549969673157,1.5673507452011108,-0.508712649345398,0.219173863530159,1.5414592027664185,-0.6555091738700867,0.8787462115287781,1.674550175666809,-0.6176648736000061,0.18967171013355255,1.6459580659866333,-0.7650263905525208,0.8199443817138672,1.6758171319961548,-0.6645272970199585,0.24113428592681885,1.6497156620025635,-0.8467739224433899,0.7973342537879944,1.6329410076141357,-0.5490526556968689,0.26306650042533875,1.6067792177200317,-0.7072506546974182,0.6693480610847473,1.5913665294647217,-0.030597049742937088,0.37533852458000183,1.5852571725845337,0.03623050078749657,0.6344102025032043,2.206841230392456,0.08217695355415344,0.3692123293876648,2.204348564147949,0.14663438498973846,0.6284995079040527,2.7595603466033936,0.7629076838493347,0.3688559830188751,2.7463152408599854,0.6257485747337341,0.6312640905380249,2.8569419384002686,0.80420982837677,0.36526620388031006,2.8411028385162354,0.6596997976303101,0.5960968732833862,2.9255833625793457,0.32455873489379883,0.40703853964805603,2.916745901107788,0.11343703418970108,0.4330812667468225,0
2026-09-24T12:29:53.635761,S013,S013_A5_Y_20260924_1229,elevated_20,A5,young,class_0,0.5375233888626099,0.48998337984085083,-0.7280194759368896,0.5583783984184265,0.4252718985080719,-0.6836338639259338,0.5731996297836304,0.42470914125442505,-0.6832242012023926,0.5839465260505676,0.42550981044769287,-0.6831637620925903,0.5076900124549866,0.4300943911075592,-0.6852356195449829,0.49008020758628845,0.4338875710964203,-0.6844804286956787,0.4736689031124115,0.43768563866615295,-0.6845287084579468,0.6026194095611572,0.45606738328933716,-0.40402302145957947,0.4520256519317627,0.46832984685897827,-0.39143088459968567,0.5676336884498596,0.5569688081741333,-0.6225281953811646,0.5053483843803406,0.5610865354537964,-0.6183457374572754,0.7654597759246826,0.8245394825935364,-0.24294328689575195,0.3018523156642914,0.8229166269302368,-0.3373872935771942,0.8551775813102722,1.2395039796829224,-0.22255274653434753,0.20680859684944153,1.2266771793365479,-0.2806284725666046,0.8447191119194031,1.5744699239730835,-0.47996968030929565,0.21869318187236786,1.5513348579406738,-0.5700949430465698,0.8793571591377258,1.6811174154281616,-0.5852037668228149,0.18783937394618988,1.6568523645401,-0.6675543785095215,0.8206762075424194,1.6833513975143433,-0.6301737427711487,0.2391253262758255,1.6627223491668701,-0.7530184388160706,0.7978841662406921,1.6414793729782104,-0.5193076133728027,0.26151102781295776,1.6195156574249268,-0.6216087937355042,0.6693313717842102,1.5931719541549683,-0.030715400353074074,0.37512528896331787,1.5879254341125488,0.0363583043217659,0.6340170502662659,2.211329936981201,0.08030354231595993,0.3687562048435211,2.2098748683929443,0.14288872480392456,0.6277376413345337,2.7653274536132812,0.751994252204895,0.36834776401519775,2.7535650730133057,0.6168181300163269,0.6304764151573181,2.8625082969665527,0.7921563386917114,0.3647778630256653,2.848935604095459,0.6503298282623291,0.5955233573913574,2.931408405303955,0.3109438717365265,0.4064669609069824,2.923208475112915,0.10398171097040176,0.43313872001064363,0
2026-09-24T12:29:53.825720,S013,S013_A5_Y_20260924_1229,elevated_20,A5,young,class_0,0.5381140112876892,0.4899957478046417,-0.7237239480018616,0.5585951209068298,0.4252256453037262,-0.6790040731430054,0.5732821226119995,0.4246068298816681,-0.6786109209060669,0.5839773416519165,0.42534324526786804,-0.6785647869110107,0.5079671740531921,0.4300983250141144,-0.681975245475769,0.4902710020542145,0.43390852212905884,-0.681203305721283,0.4738460183143616,0.43773797154426575,-0.6812523603439331,0.6024254560470581,0.45566585659980774,-0.3996499180793762,0.4520235061645508,0.4683438539505005,-0.3913772702217102,0.5679987668991089,0.5569445490837097,-0.6181319355964661,0.5061500072479248,0.5611055493354797,-0.6158331632614136,0.7654768824577332,0.824043333530426,-0.23355253040790558,0.302024781703949,0.8229547739028931,-0.33774664998054504,0.8554657697677612,1.2379589080810547,-0.207951620221138,0.20692463219165802,1.226606845855713,-0.27464351058006287,0.846401035785675,1.5713541507720947,-0.4692405164241791,0.2193486988544464,1.5510271787643433,-0.5606523752212524,0.8815760612487793,1.6769567728042603,-0.5725857019424438,0.18788692355155945,1.6565035581588745,-0.6604365706443787,0.8231390714645386,1.6795306205749512,-0.6216287016868591,0.23922498524188995,1.6621041297912598,-0.7421936392784119,0.800093948841095,1.6377917528152466,-0.5100867748260498,0.26161155104637146,1.6189844608306885,-0.6105773448944092,0.6707414388656616,1.591370940208435,-0.03019995614886284,0.3761926591396332,1.5871747732162476,0.03586496785283089,0.6364967823028564,2.209801197052002,0.06961344927549362,0.37269359827041626,2.209284543991089,0.12390027940273285,0.6340215802192688,2.764556407928467,0.7201297879219055,0.3746047616004944,2.7531731128692627,0.5707960724830627,0.6369613409042358,2.8620359897613525,0.7574571371078491,0.3713369071483612,2.848496913909912,0.6004130840301514,0.6035228967666626,2.9299652576446533,0.27636662125587463,0.41382479667663574,2.922386884689331,0.056382276117801666,0.43274720872651334,0
2026-09-24T12:29:54.030159,S013,S013_A5_Y_20260924_1229,elevated_20,A5,young,class_0,0.538447380065918,0.49006566405296326,-0.7264640927314758,0.558677613735199,0.42521193623542786,-0.6823034286499023,0.5733277797698975,0.4245571792125702,-0.6819274425506592,0.5839959383010864,0.42525359988212585,-0.6818403601646423,0.5080465078353882,0.430147260427475,-0.6857324838638306,0.4903181493282318,0.4339928925037384,-0.6849970817565918,0.47389063239097595,0.4378601610660553,-0.6850577592849731,0.6024028062820435,0.45556509494781494,-0.40116962790489197,0.4520208239555359,0.46846920251846313,-0.3971697688102722,0.568428635597229,0.5571020245552063,-0.6198955774307251,0.5068901181221008,0.5613267421722412,-0.6184275150299072,0.7655082941055298,0.8221861720085144,-0.23291942477226257,0.3026416599750519,0.8228915929794312,-0.3379872441291809,0.854383647441864,1.2277679443359375,-0.2082536518573761,0.20688322186470032,1.222227692604065,-0.27838224172592163,0.8472049832344055,1.5551278591156006,-0.4700179100036621,0.22067418694496155,1.5410264730453491,-0.5680789351463318,0.8827725648880005,1.6569488048553467,-0.5737521648406982,0.18932709097862244,1.64491605758667,-0.6661831140518188,0.8279885053634644,1.660983920097351,-0.6230478882789612,0.24021565914154053,1.6482232809066772,-0.7450416088104248,0.8041163682937622,1.6205533742904663,-0.5119579434394836,0.26231104135513306,1.605254054069519,-0.6138716340065002,0.6724562048912048,1.5865349769592285,-0.02983137033879757,0.3786294162273407,1.5844265222549438,0.0354166254401207,0.6393700838088989,2.1996853351593018,0.06908764690160751,0.3770432770252228,2.2020459175109863,0.1152467280626297,0.6376041173934937,2.7520244121551514,0.7127829194068909,0.380182147026062,2.7437002658843994,0.5586799383163452,0.6402365565299988,2.847956657409668,0.7492443919181824,0.3769654333591461,2.837597370147705,0.5879346132278442,0.6086951494216919,2.9171013832092285,0.270208477973938,0.42032545804977417,2.910137891769409,0.044348228722810745,0.43329652087808507,0
2026-09-24T12:29:54.156603,S013,S013_A5_Y_20260924_1229,elevated_20,A5,young,class_0,0.5383545160293579,0.49039870500564575,-0.7335271239280701,0.5586990714073181,0.42549851536750793,-0.6893945932388306,0.5733555555343628,0.4249153435230255,-0.6890321969985962,0.584036648273468,0.42569079995155334,-0.6889309883117676,0.5080501437187195,0.430379182100296,-0.691979706287384,0.49031996726989746,0.4341811537742615,-0.6912165880203247,0.4738916754722595,0.43798214197158813,-0.691298246383667,0.6026688814163208,0.4562751352787018,-0.40459513664245605,0.45216408371925354,0.4685470461845398,-0.39874154329299927,0.5683325529098511,0.5576766729354858,-0.6256190538406372,0.5067494511604309,0.5614777207374573,-0.6233205795288086,0.7655062079429626,0.823517918586731,-0.23685364425182343,0.30258360505104065,0.8229312300682068,-0.3387031853199005,0.8483864665031433,1.2297674417495728,-0.2194884568452835,0.20660915970802307,1.222227692604065,-0.2785344421863556,0.8359197378158569,1.560520887374878,-0.48179060220718384,0.2206685096025467,1.5425606966018677,-0.5723819136619568,0.8686005473136902,1.6653785705566406,-0.5868723392486572,0.1889876425266266,1.647322177886963,-0.6679369211196899,0.8143563270568848,1.6690508127212524,-0.6362259984016418,0.24014511704444885,1.6507036685943604,-0.7494633793830872,0.7919948101043701,1.6271836757659912,-0.5233955383300781,0.2623046040534973,1.6076195240020752,-0.6200438737869263,0.670917272567749,1.586855173110962,-0.03006867691874504,0.3775928318500519,1.5844082832336426,0.03560387343168259,0.6371041536331177,2.200043201446533,0.06794881075620651,0.37372642755508423,2.2020394802093506,0.1141425222158432,0.6347124576568604,2.752216100692749,0.7107014656066895,0.3783688247203827,2.7432172298431396,0.5606037974357605,0.6369385123252869,2.8480734825134277,0.7469509840011597,0.3756805658340454,2.836181163787842,0.590286135673523,0.605894923210144,2.9173896312713623,0.2595065236091614,0.4187261164188385,2.9100050926208496,0.043302878737449646,0.4340525784095641,0
2026-09-24T12:29:54.286324,S013,S013_A5_Y_20260924_1229,elevated_20,A5,young,class_0,0.5383629202842712,0.4893008768558502,-0.7407747507095337,0.558769702911377,0.42466220259666443,-0.6956032514572144,0.5734294056892395,0.4241892099380493,-0.6952470541000366,0.5841331481933594,0.4250994622707367,-0.6951730847358704,0.5080806016921997,0.42934978008270264,-0.6976945400238037,0.4903375506401062,0.433162122964859,-0.696940004825592,0.4738922715187073,0.43715012073516846,-0.697002649307251,0.6029809713363647,0.45617035031318665,-0.4099455773830414,0.4521644115447998,0.46790221333503723,-0.40174955129623413,0.5683356523513794,0.5570452213287354,-0.6333550214767456,0.506622314453125,0.5606432557106018,-0.6301871538162231,0.7655297517776489,0.8235446810722351,-0.2451862394809723,0.30253657698631287,0.822911262512207,-0.3454434871673584,0.8501397371292114,1.232819676399231,-0.2328171730041504,0.20636379718780518,1.2240349054336548,-0.28732141852378845,0.8370909690856934,1.5696158409118652,-0.5075326561927795,0.22038178145885468,1.5463200807571411,-0.5951884984970093,0.8697624206542969,1.677535891532898,-0.618935227394104,0.1883939951658249,1.651694416999817,-0.6974446773529053,0.8145885467529297,1.6821882724761963,-0.6668931245803833,0.23963885009288788,1.6562755107879639,-0.7855559587478638,0.792172372341156,1.6387368440628052,-0.5486930012702942,0.26175418496131897,1.6127780675888062,-0.6467915773391724,0.6708803176879883,1.5873922109603882,-0.030543187633156776,0.3773355484008789,1.5845133066177368,0.036091648042201996,0.6364155411720276,2.2027742862701416,0.07032246887683868,0.37241196632385254,2.204707622528076,0.14333206415176392,0.6321791410446167,2.757401704788208,0.7453072667121887,0.37425896525382996,2.748713254928589,0.6333774924278259,0.6343989372253418,2.8553948402404785,0.7856634855270386,0.3711695671081543,2.843783140182495,0.6682614088058472,0.6019944548606873,2.924121141433716,0.2942160367965698,0.4128437638282776,2.9182775020599365,0.11108119785785675,0.43394920996132497,0
2026-09-24T12:29:54.420992,S013,S013_A5_Y_20260924_1229,elevated_20,A5,young,class_0,0.5384711623191833,0.4895929992198944,-0.7508683800697327,0.5590769052505493,0.42473214864730835,-0.7058954238891602,0.5736421942710876,0.42428815364837646,-0.7055796980857849,0.5843551158905029,0.42523470520973206,-0.7055023312568665,0.5082064867019653,0.42935577034950256,-0.706957995891571,0.49041643738746643,0.43314868211746216,-0.7061924934387207,0.47397470474243164,0.43709930777549744,-0.706294059753418,0.6031732559204102,0.45627453923225403,-0.41534534096717834,0.45220524072647095,0.46778604388237,-0.40411120653152466,0.5683913826942444,0.5574880242347717,-0.6410104036331177,0.5066381692886353,0.560809314250946,-0.6370319128036499,0.766173779964447,0.8237391114234924,-0.25171932578086853,0.3026109039783478,0.8225336074829102,-0.3452736437320709,0.8509317636489868,1.2327059507369995,-0.2540350556373596,0.20656704902648926,1.2240716218948364,-0.3017508089542389,0.8366385698318481,1.5683631896972656,-0.536879301071167,0.2206653356552124,1.5457450151443481,-0.6580246090888977,0.8676295280456543,1.6773273944854736,-0.6481547951698303,0.1889866590499878,1.6515504121780396,-0.7734073996543884,0.8119663000106812,1.6805977821350098,-0.6984909772872925,0.24018307030200958,1.6549984216690063,-0.8521814346313477,0.7906593680381775,1.6365447044372559,-0.5780719518661499,0.262114554643631,1.6113643646240234,-0.7077049612998962,0.671045184135437,1.5873419046401978,-0.030765313655138016,0.3775213062763214,1.5842992067337036,0.03629305586218834,0.6369906067848206,2.2019846439361572,0.07014143466949463,0.37238389253616333,2.202780246734619,0.13094598054885864,0.632468581199646,2.7559585571289062,0.724886417388916,0.37442588806152344,2.745708465576172,0.5895475149154663,0.6348585486412048,2.853095293045044,0.7619746327400208,0.37150639295578003,2.8403408527374268,0.6199168562889099,0.601958155632019,2.923961877822876,0.2637080252170563,0.4130273759365082,2.915178060531616,0.06233135610818863,0.43437822864628245,0
2026-09-24T12:29:54.560354,S013,S013_A5_Y_20260924_1229,elevated_20,A5,young,class_0,0.5385491251945496,0.48942285776138306,-0.7617618441581726,0.5593115091323853,0.4245910346508026,-0.7161558866500854,0.5738198161125183,0.42416733503341675,-0.7158688306808472,0.5845812559127808,0.42513343691825867,-0.7157919406890869,0.5083587765693665,0.4291195571422577,-0.7185128927230835,0.49054184556007385,0.432823121547699,-0.7177942991256714,0.47410139441490173,0.4367595613002777,-0.7179083228111267,0.603575587272644,0.4561395049095154,-0.41988396644592285,0.45221400260925293,0.467384397983551,-0.4131069779396057,0.5684766173362732,0.5572872161865234,-0.6494234204292297,0.5066447257995605,0.5604970455169678,-0.6470390558242798,0.7663576602935791,0.8233179450035095,-0.25417056679725647,0.30255287885665894,0.8224252462387085,-0.34973230957984924,0.8509518504142761,1.2311999797821045,-0.2612896263599396,0.20796528458595276,1.223870038986206,-0.3171132206916809,0.8371504545211792,1.5666476488113403,-0.5594773292541504,0.2222851812839508,1.5451403856277466,-0.680111825466156,0.8678482174873352,1.676857352256775,-0.6715324521064758,0.1902579814195633,1.6512882709503174,-0.7962737083435059,0.8122981190681458,1.6803336143493652,-0.724506139755249,0.24170854687690735,1.654884934425354,-0.8739587664604187,0.7913170456886292,1.6355143785476685,-0.6018229722976685,0.2634202837944031,1.61103093624115,-0.7290767431259155,0.6713722944259644,1.5871659517288208,-0.030882680788636208,0.37805527448654175,1.5841917991638184,0.036372847855091095,0.6384550333023071,2.20121169090271,0.07750938087701797,0.37337177991867065,2.2023582458496094,0.131818488240242,0.6349393725395203,2.7547574043273926,0.7315253615379333,0.3778010904788971,2.744924783706665,0.5937449336051941,0.6376790404319763,2.8517966270446777,0.769176185131073,0.3752472698688507,2.8396027088165283,0.6247087717056274,0.6037750840187073,2.9236137866973877,0.27331122756004333,0.41788768768310547,2.9144043922424316,0.06918609887361526,0.4349995321896186,0
2026-09-24T12:29:54.675023,S013,S013_A5_Y_20260924_1229,elevated_20,A5,young,class_0,0.5386094450950623,0.48925313353538513,-0.7591602802276611,0.5593647956848145,0.424445241689682,-0.7143837213516235,0.5738611817359924,0.4240114092826843,-0.7140880227088928,0.5846036672592163,0.4249860644340515,-0.7140085697174072,0.5083767175674438,0.4290574789047241,-0.7163005471229553,0.4905477464199066,0.4327923059463501,-0.7155702710151672,0.474104642868042,0.4367481768131256,-0.7156736254692078,0.6035929918289185,0.4560757577419281,-0.4192296862602234,0.4522099494934082,0.4674035608768463,-0.4123193323612213,0.5685776472091675,0.5572262406349182,-0.6473909616470337,0.5066913962364197,0.560461699962616,-0.6447893977165222,0.7663727402687073,0.8235200047492981,-0.2536766231060028,0.3024403750896454,0.8225192427635193,-0.35123777389526367,0.8522723913192749,1.231221318244934,-0.2585328221321106,0.20782771706581116,1.2257392406463623,-0.3152812123298645,0.8401026725769043,1.566733479499817,-0.5483187437057495,0.22025653719902039,1.5477962493896484,-0.6776379942893982,0.872188925743103,1.6766457557678223,-0.6586810946464539,0.1866227239370346,1.6533557176589966,-0.7947077751159668,0.8154057264328003,1.6800880432128906,-0.7101305723190308,0.23817184567451477,1.6577160358428955,-0.8683261871337891,0.7936364412307739,1.6355376243591309,-0.5902871489524841,0.260769784450531,1.6140060424804688,-0.7280659079551697,0.6722054481506348,1.587136149406433,-0.03050095960497856,0.3781833052635193,1.5841941833496094,0.03599835932254791,0.6394065618515015,2.2015950679779053,0.07716537266969681,0.3738534450531006,2.2027833461761475,0.12879924476146698,0.6376796960830688,2.7553796768188477,0.7307134866714478,0.3792247772216797,2.745098829269409,0.5922325253486633,0.6409164071083069,2.8529462814331055,0.7684062719345093,0.3766193091869354,2.8396801948547363,0.6232299208641052,0.6067946553230286,2.9236602783203125,0.2734973132610321,0.42056578397750854,2.9147591590881348,0.06766962260007858,0.43509383637530336,0
2026-09-24T12:29:54.804627,S013,S013_A5_Y_20260924_1229,elevated_20,A5,young,class_0,0.5386453866958618,0.4892726540565491,-0.736134946346283,0.55949467420578,0.42443275451660156,-0.6918424367904663,0.5739700198173523,0.4239959418773651,-0.6915025115013123,0.5847535133361816,0.42497220635414124,-0.691339373588562,0.5084582567214966,0.4290522634983063,-0.6932023763656616,0.4906212389469147,0.43278416991233826,-0.6924688816070557,0.47420534491539,0.43673115968704224,-0.6925827860832214,0.6038743257522583,0.45592743158340454,-0.4055861830711365,0.45226556062698364,0.46737557649612427,-0.3977147042751312,0.568653404712677,0.5572337508201599,-0.62835693359375,0.5067487955093384,0.5604606866836548,-0.625635027885437,0.7664012312889099,0.8212533593177795,-0.2386029213666916,0.3056320548057556,0.8201368451118469,-0.3360709547996521,0.8509595990180969,1.2256495952606201,-0.23550303280353546,0.2122354805469513,1.2182852029800415,-0.3127012252807617,0.8382371664047241,1.549636960029602,-0.5098016858100891,0.22591820359230042,1.5329312086105347,-0.6655913591384888,0.869977593421936,1.6561871767044067,-0.6113934516906738,0.19250091910362244,1.6388174295425415,-0.7788078188896179,0.8146138191223145,1.6557972431182861,-0.6647001504898071,0.24360963702201843,1.6396547555923462,-0.8548260927200317,0.7928515672683716,1.6130281686782837,-0.5516411066055298,0.2661477327346802,1.5956953763961792,-0.7153276801109314,0.6722298860549927,1.5765774250030518,-0.026921208947896957,0.3783174753189087,1.5733588933944702,0.03243815526366234,0.639480471611023,2.1876325607299805,0.06427483260631561,0.3746182918548584,2.1850228309631348,0.07980817556381226,0.6380921006202698,2.740203380584717,0.6594175100326538,0.38000231981277466,2.7242953777313232,0.4824245572090149,0.641319751739502,2.8369038105010986,0.6904547214508057,0.3772035837173462,2.8167436122894287,0.5060073733329773,0.6074193120002747,2.9046976566314697,0.2000489979982376,0.42227259278297424,2.89079213142395,-0.04375407472252846,0.43553537106951506,0
2026-09-24T12:29:54.928370,S013,S013_A5_Y_20260924_1229,elevated_20,A5,young,class_0,0.5385833978652954,0.48806366324424744,-0.7444301843643188,0.5594596862792969,0.4237753450870514,-0.6991637349128723,0.5739692449569702,0.42345893383026123,-0.698814868927002,0.5847546458244324,0.4245452880859375,-0.6986904740333557,0.5084669589996338,0.42807456851005554,-0.7008737921714783,0.4906288981437683,0.43184196949005127,-0.7001298666000366,0.4742051959037781,0.4360027611255646,-0.7002331614494324,0.6039169430732727,0.4558723270893097,-0.41140681505203247,0.45226186513900757,0.46706804633140564,-0.40409961342811584,0.5686036348342896,0.5563298463821411,-0.6361926794052124,0.5066314339637756,0.5592259168624878,-0.6334552764892578,0.7664169669151306,0.8209636211395264,-0.24403366446495056,0.3052404224872589,0.8201897740364075,-0.34217995405197144,0.8509839773178101,1.225700855255127,-0.2426305115222931,0.21048791706562042,1.2188888788223267,-0.30707114934921265,0.8393318057060242,1.5513185262680054,-0.5286909341812134,0.22359693050384521,1.536327600479126,-0.6276856660842896,0.8725007772445679,1.6578608751296997,-0.6366572380065918,0.18992431461811066,1.641214370727539,-0.7359785437583923,0.8162299394607544,1.6593055725097656,-0.6860615015029907,0.24085673689842224,1.6437376737594604,-0.8190706968307495,0.7938739061355591,1.6165921688079834,-0.5702467560768127,0.26356178522109985,1.6004347801208496,-0.6786775588989258,0.672221302986145,1.5769075155258179,-0.02820535935461521,0.3783102333545685,1.5736314058303833,0.03370452672243118,0.6393531560897827,2.188079595565796,0.0664609894156456,0.37421533465385437,2.1859686374664307,0.1008259654045105,0.6379744410514832,2.741194486618042,0.6988535523414612,0.37953636050224304,2.727057456970215,0.5535905957221985,0.6412807703018188,2.8381187915802,0.7349947094917297,0.3768369257450104,2.8200175762176514,0.5843076705932617,0.6069303750991821,2.9056270122528076,0.24094057083129883,0.4213007390499115,2.893832206726074,0.029383305460214615,0.4358781250831016,0
2026-09-24T12:29:55.050513,S013,S013_A5_Y_20260924_1229,elevated_20,A5,young,class_0,0.5385627746582031,0.4882040023803711,-0.7358348965644836,0.5594581961631775,0.423900306224823,-0.6921057105064392,0.5739768147468567,0.42362916469573975,-0.6917935609817505,0.5847580432891846,0.4247339069843292,-0.6917402148246765,0.5084706544876099,0.4281313121318817,-0.6940783262252808,0.4906359314918518,0.4318848252296448,-0.6933265924453735,0.4742255210876465,0.4360252618789673,-0.6934584379196167,0.6039279699325562,0.456027626991272,-0.40500158071517944,0.45245084166526794,0.46706584095954895,-0.39797985553741455,0.5685523748397827,0.5564130544662476,-0.6269754767417908,0.506557047367096,0.5592544078826904,-0.6244648694992065,0.7664235830307007,0.8222882151603699,-0.24062709510326385,0.3051977753639221,0.8202012181282043,-0.33696210384368896,0.8448296785354614,1.2288340330123901,-0.23832020163536072,0.21043582260608673,1.2181638479232788,-0.30412524938583374,0.8325155973434448,1.5574264526367188,-0.504265308380127,0.2236347645521164,1.5363008975982666,-0.6270734071731567,0.8635287284851074,1.6655611991882324,-0.6066500544548035,0.19008859992027283,1.6414517164230347,-0.7349624037742615,0.8095097541809082,1.6673948764801025,-0.6574996113777161,0.2409876137971878,1.6441189050674438,-0.8147640228271484,0.7883769273757935,1.6235829591751099,-0.5451064705848694,0.2635902166366577,1.6007534265518188,-0.6768458485603333,0.6679320931434631,1.5811572074890137,-0.02915615402162075,0.376028448343277,1.5760719776153564,0.03453808277845383,0.6342723369598389,2.1907877922058105,0.05125093460083008,0.36911237239837646,2.1877424716949463,0.09815903753042221,0.6313439607620239,2.743726968765259,0.6683106422424316,0.37487220764160156,2.7281572818756104,0.5341652631759644,0.6340392827987671,2.839371681213379,0.7026031017303467,0.37243178486824036,2.820368766784668,0.5630204677581787,0.6002893447875977,2.909806966781616,0.21403083205223083,0.4155186116695404,2.8944597244262695,0.013092240318655968,0.43549965465639284,0
2026-09-24T12:29:55.190137,S013,S013_A5_Y_20260924_1229,elevated_20,A5,young,class_0,0.5385638475418091,0.4880489408969879,-0.7348024249076843,0.559449315071106,0.4238071143627167,-0.6912304162979126,0.5739760398864746,0.4235408902168274,-0.6909163594245911,0.5847539305686951,0.42466050386428833,-0.6908704042434692,0.5085060596466064,0.42800676822662354,-0.6932710409164429,0.4906749129295349,0.4317643344402313,-0.6925135850906372,0.47427043318748474,0.43593302369117737,-0.6926351189613342,0.6039372086524963,0.45602038502693176,-0.40507373213768005,0.45245400071144104,0.4670279622077942,-0.3980318307876587,0.5685388445854187,0.5562246441841125,-0.6264895796775818,0.5065568685531616,0.5590781569480896,-0.623957097530365,0.7663044929504395,0.8214660286903381,-0.2406281977891922,0.3050895929336548,0.8201742768287659,-0.3371123671531677,0.8452329635620117,1.226349115371704,-0.23721429705619812,0.2100328952074051,1.2177456617355347,-0.2960995137691498,0.8349267840385437,1.5565565824508667,-0.5028476119041443,0.22270813584327698,1.535996675491333,-0.6031798124313354,0.8672457933425903,1.6637240648269653,-0.6061805486679077,0.1889515221118927,1.6403650045394897,-0.7068461179733276,0.8133386373519897,1.6662386655807495,-0.6561607718467712,0.23941782116889954,1.643481969833374,-0.7893580198287964,0.7912583947181702,1.6229406595230103,-0.5436384677886963,0.262143075466156,1.6003962755203247,-0.6534366011619568,0.6681610345840454,1.5790399312973022,-0.02969367243349552,0.37665215134620667,1.5748943090438843,0.03505833446979523,0.6347138285636902,2.1899349689483643,0.048387739807367325,0.3706728219985962,2.1880056858062744,0.09957531839609146,0.6327326893806458,2.743046522140503,0.6703020334243774,0.376806378364563,2.728776454925537,0.5377751588821411,0.6355212926864624,2.838775157928467,0.7050247192382812,0.3744924068450928,2.821094512939453,0.5668394565582275,0.602601170539856,2.9081919193267822,0.21773448586463928,0.41740044951438904,2.8951921463012695,0.01755034551024437,0.4354218882895456,0
2026-09-24T12:29:55.302898,S013,S013_A5_Y_20260924_1229,elevated_20,A5,young,class_0,0.538618803024292,0.4881627857685089,-0.736356258392334,0.5594545602798462,0.4237968623638153,-0.6926257610321045,0.5739830732345581,0.42352887988090515,-0.6923428773880005,0.5847607851028442,0.4246487021446228,-0.6923056840896606,0.5085265636444092,0.42796337604522705,-0.6946851015090942,0.4906967580318451,0.43169450759887695,-0.6939142942428589,0.47428983449935913,0.4358619749546051,-0.6940443515777588,0.6039463877677917,0.4560053050518036,-0.405407190322876,0.4524955749511719,0.4670165479183197,-0.39817771315574646,0.5686771869659424,0.5564853549003601,-0.6274235844612122,0.5068121552467346,0.5593217611312866,-0.6248337030410767,0.7663075923919678,0.8213188648223877,-0.24095571041107178,0.305755078792572,0.8199895620346069,-0.3369317948818207,0.8454377055168152,1.223045825958252,-0.23909839987754822,0.21005229651927948,1.218193769454956,-0.2922159731388092,0.834804356098175,1.5541437864303589,-0.5031766295433044,0.222784161567688,1.5361285209655762,-0.597002387046814,0.8666623830795288,1.6616863012313843,-0.6064145565032959,0.1894301176071167,1.6404391527175903,-0.7021831274032593,0.8127723932266235,1.6644439697265625,-0.6553398966789246,0.23961398005485535,1.6434625387191772,-0.7817457914352417,0.7909961938858032,1.6211872100830078,-0.5437909364700317,0.26219671964645386,1.6004338264465332,-0.6458727717399597,0.6681960225105286,1.5774521827697754,-0.030456218868494034,0.3769787847995758,1.573396921157837,0.03576064109802246,0.6347477436065674,2.1889195442199707,0.04593928903341293,0.3706965148448944,2.1868197917938232,0.09932409971952438,0.6326152086257935,2.7420413494110107,0.6613287329673767,0.376831978559494,2.727332592010498,0.5302311182022095,0.6354279518127441,2.837463140487671,0.6947980523109436,0.3745901584625244,2.8192522525787354,0.5584045052528381,0.6018945574760437,2.907382011413574,0.2006712406873703,0.417391300201416,2.8937835693359375,0.0070402794517576694,0.43503547682954297,0
2026-09-24T12:29:55.424723,S013,S013_A5_Y_20260924_1229,elevated_20,A5,young,class_0,0.5386225581169128,0.4880862534046173,-0.7320024967193604,0.5594595670700073,0.4237569272518158,-0.6877948045730591,0.5739904046058655,0.42348167300224304,-0.6874710321426392,0.584766149520874,0.42460158467292786,-0.6874396800994873,0.5085445046424866,0.4278997778892517,-0.6900780200958252,0.49072661995887756,0.431615948677063,-0.6893032789230347,0.47434836626052856,0.4357810318470001,-0.6894052624702454,0.6040266156196594,0.4559982419013977,-0.40342703461647034,0.4525322914123535,0.46699798107147217,-0.3966977298259735,0.5686897039413452,0.5563196539878845,-0.624627947807312,0.5068410634994507,0.5592583417892456,-0.622087299823761,0.7664431929588318,0.8217058777809143,-0.23913630843162537,0.30581846833229065,0.8199657797813416,-0.33697301149368286,0.8472393155097961,1.22602379322052,-0.22552716732025146,0.21017050743103027,1.218810796737671,-0.2813512682914734,0.8381510972976685,1.565006136894226,-0.47361841797828674,0.2220258265733719,1.5378168821334839,-0.5719189047813416,0.8715000152587891,1.6733843088150024,-0.5742180943489075,0.1880303919315338,1.6417498588562012,-0.6718238592147827,0.8158178329467773,1.6776834726333618,-0.6234198808670044,0.23803392052650452,1.6457844972610474,-0.7549701929092407,0.7933822870254517,1.6344622373580933,-0.5136594772338867,0.26103582978248596,1.6030017137527466,-0.6218317151069641,0.6682440638542175,1.578389048576355,-0.03035145439207554,0.3769865930080414,1.574010968208313,0.0356585867702961,0.6345275640487671,2.1914799213409424,0.04618493467569351,0.37039533257484436,2.188168525695801,0.09884048253297806,0.6321147680282593,2.7449722290039062,0.6671556830406189,0.37606337666511536,2.728548288345337,0.5330395102500916,0.6348127126693726,2.8402676582336426,0.7013693451881409,0.3738488554954529,2.819953680038452,0.5617309212684631,0.6016348004341125,2.9095304012298584,0.20800557732582092,0.4166368842124939,2.895542860031128,0.011130264028906822,0.4350832515763641,0
2026-09-24T12:29:55.540798,S013,S013_A5_Y_20260924_1229,elevated_20,A5,young,class_0,0.5383826494216919,0.48833978176116943,-0.7224968075752258,0.5587619543075562,0.4238829016685486,-0.6786897778511047,0.573535680770874,0.423591673374176,-0.6784009337425232,0.5843707323074341,0.4246637523174286,-0.6784372925758362,0.5082082152366638,0.4280514419078827,-0.6811288595199585,0.4905618131160736,0.43178829550743103,-0.6804139018058777,0.47422534227371216,0.4359225332736969,-0.6805692315101624,0.6035472750663757,0.4559246003627777,-0.39462751150131226,0.45261630415916443,0.4670622944831848,-0.38880670070648193,0.5685768127441406,0.5563660860061646,-0.6149024367332458,0.5068247318267822,0.5595157742500305,-0.612684965133667,0.7661110162734985,0.8221695423126221,-0.22762076556682587,0.3064362108707428,0.819968044757843,-0.3351738452911377,0.8445599675178528,1.2260377407073975,-0.21912367641925812,0.21010737121105194,1.2188259363174438,-0.28897732496261597,0.8357930183410645,1.5642012357711792,-0.4733240008354187,0.2220192849636078,1.5372083187103271,-0.5965760350227356,0.8684185743331909,1.6728947162628174,-0.5717874765396118,0.18805541098117828,1.641143560409546,-0.6998948454856873,0.8136827349662781,1.6775226593017578,-0.6236772537231445,0.2381754219532013,1.6457964181900024,-0.772667407989502,0.7919374704360962,1.6343342065811157,-0.5141334533691406,0.26103827357292175,1.6029301881790161,-0.6420416831970215,0.6677709221839905,1.578697919845581,-0.02915322221815586,0.37701407074928284,1.5740935802459717,0.03435966372489929,0.6340072751045227,2.191676616668701,0.04459591954946518,0.3700369894504547,2.1885156631469727,0.08375141769647598,0.631477415561676,2.74533748626709,0.6441231966018677,0.37577083706855774,2.728978157043457,0.4874860346317291,0.63399338722229,2.8409554958343506,0.6762124300003052,0.37345072627067566,2.8205366134643555,0.512213945388794,0.6014323830604553,2.9096570014953613,0.18948663771152496,0.4166272282600403,2.8959803581237793,-0.03388538584113121,0.4342263741712789,0
2026-09-24T12:29:55.650691,S013,S013_A5_Y_20260924_1229,elevated_20,A5,young,class_0,0.5381107926368713,0.48724064230918884,-0.7313867211341858,0.5586581230163574,0.4234798550605774,-0.6864323616027832,0.5734995603561401,0.42333948612213135,-0.6860805153846741,0.5843561291694641,0.42452144622802734,-0.6860618591308594,0.5081472992897034,0.42725542187690735,-0.6888734102249146,0.49053651094436646,0.43103137612342834,-0.6881658434867859,0.4741722047328949,0.43529027700424194,-0.6882737874984741,0.6035908460617065,0.45591065287590027,-0.40097475051879883,0.45259660482406616,0.4667982757091522,-0.3951305150985718,0.5684205889701843,0.5551327466964722,-0.6236898303031921,0.5062687397003174,0.5584744811058044,-0.6212517619132996,0.7660952806472778,0.823325514793396,-0.2340877503156662,0.30519217252731323,0.8205501437187195,-0.3418513238430023,0.848665714263916,1.2287788391113281,-0.2271393984556198,0.2079143524169922,1.2203514575958252,-0.28873056173324585,0.8402833938598633,1.573656678199768,-0.4987306594848633,0.21911244094371796,1.5456739664077759,-0.5948165655136108,0.8745945692062378,1.682280421257019,-0.605384111404419,0.1844688057899475,1.6496293544769287,-0.6990246176719666,0.8174949884414673,1.6878750324249268,-0.6542994379997253,0.23530685901641846,1.6562590599060059,-0.7755758166313171,0.7949281930923462,1.6454600095748901,-0.5394824743270874,0.25847387313842773,1.6141244173049927,-0.6424071192741394,0.6677353978157043,1.585195541381836,-0.029725056141614914,0.37666791677474976,1.5801752805709839,0.0349804162979126,0.6333672404289246,2.2040791511535645,0.06823649257421494,0.36858582496643066,2.2020633220672607,0.12064319849014282,0.6304863691329956,2.759401798248291,0.7401555180549622,0.37431079149246216,2.7460250854492188,0.598836362361908,0.6331173777580261,2.8558900356292725,0.7801689505577087,0.37219125032424927,2.8386380672454834,0.6327947378158569,0.5998207330703735,2.924565315246582,0.2911689579486847,0.41453132033348083,2.9164743423461914,0.0797983929514885,0.4348048992932435,0
2026-09-24T12:29:55.775317,S013,S013_A5_Y_20260924_1229,elevated_20,A5,young,class_0,0.5381745100021362,0.4875275790691376,-0.7338629961013794,0.5586401224136353,0.4236154854297638,-0.6894656419754028,0.5734740495681763,0.4234563410282135,-0.6891254186630249,0.5843096375465393,0.42462077736854553,-0.6891018152236938,0.5081503391265869,0.4273809790611267,-0.6912214756011963,0.49053955078125,0.4311445653438568,-0.6904622316360474,0.4741736352443695,0.43538883328437805,-0.6905624270439148,0.60343998670578,0.45597511529922485,-0.4049544334411621,0.4525701105594635,0.46683967113494873,-0.3964100182056427,0.5684603452682495,0.5555126070976257,-0.6263114809989929,0.506410539150238,0.5589372515678406,-0.6232578754425049,0.7661469578742981,0.8226799368858337,-0.23832055926322937,0.3054608702659607,0.8194023966789246,-0.3421078026294708,0.8493328094482422,1.2287684679031372,-0.23016753792762756,0.20838645100593567,1.2210980653762817,-0.290643572807312,0.8443509936332703,1.573449969291687,-0.4967314302921295,0.22138872742652893,1.5453799962997437,-0.5965994596481323,0.8797217607498169,1.6819367408752441,-0.6019692420959473,0.18842577934265137,1.6489863395690918,-0.7021671533584595,0.8227699995040894,1.6880828142166138,-0.6519613265991211,0.23911218345165253,1.6553151607513428,-0.7785393595695496,0.7996024489402771,1.645387053489685,-0.5378168225288391,0.2613813281059265,1.6132622957229614,-0.6443625092506409,0.6677600145339966,1.579545259475708,-0.02972782775759697,0.37679868936538696,1.5739713907241821,0.034995608031749725,0.6332675218582153,2.1977670192718506,0.046740178018808365,0.3684541881084442,2.195014476776123,0.08880369365215302,0.6296350955963135,2.7536418437957764,0.6583040952682495,0.3732389211654663,2.739302396774292,0.5052236318588257,0.6323338150978088,2.8500006198883057,0.6904041171073914,0.3710192143917084,2.831491231918335,0.5308336019515991,0.597656786441803,2.9185900688171387,0.19237978756427765,0.4130013585090637,2.9094254970550537,-0.027005931362509727,0.4345650373578599,0
2026-09-24T12:29:55.991795,S013,S013_A5_Y_20260924_1229,elevated_20,A5,young,class_0,0.5385223031044006,0.4875255227088928,-0.7326520681381226,0.5588088631629944,0.4234561622142792,-0.6881921291351318,0.5735578536987305,0.42329978942871094,-0.6878613233566284,0.58438640832901,0.42446038126945496,-0.6878238916397095,0.5082947611808777,0.42730215191841125,-0.690330982208252,0.4906248450279236,0.43108421564102173,-0.6895676851272583,0.47421783208847046,0.4353557527065277,-0.6896759271621704,0.6034432053565979,0.45570018887519836,-0.4039718210697174,0.4525720179080963,0.4668157398700714,-0.39646074175834656,0.568615198135376,0.5555562376976013,-0.6252554655075073,0.506691575050354,0.559023916721344,-0.6226916313171387,0.7663262486457825,0.8228309750556946,-0.23806162178516388,0.30568793416023254,0.8193884491920471,-0.34189561009407043,0.8454034924507141,1.2287828922271729,-0.2254655808210373,0.20841607451438904,1.2209601402282715,-0.2853168845176697,0.8375985026359558,1.5725939273834229,-0.4733041822910309,0.22387567162513733,1.5447677373886108,-0.5716987252235413,0.8719466924667358,1.6805236339569092,-0.5724012851715088,0.1922604888677597,1.648547649383545,-0.6720033884048462,0.8170803189277649,1.6866843700408936,-0.6206931471824646,0.242457777261734,1.6545788049697876,-0.747165322303772,0.794363796710968,1.6437910795211792,-0.5134256482124329,0.26398390531539917,1.612191081047058,-0.6180955171585083,0.6678605675697327,1.5793225765228271,-0.029721533879637718,0.37693727016448975,1.5736531019210815,0.03499200567603111,0.6329047679901123,2.1968836784362793,0.040979303419589996,0.3680136203765869,2.193631172180176,0.08356579393148422,0.6283241510391235,2.7527410984039307,0.6461883783340454,0.37230250239372253,2.737187385559082,0.4979141652584076,0.6307509541511536,2.8490989208221436,0.6778402328491211,0.37002021074295044,2.8289988040924072,0.5235726833343506,0.5967146754264832,2.9169464111328125,0.1815272718667984,0.41220322251319885,2.906405210494995,-0.03157161548733711,0.43413313615819377,0
2026-09-24T12:29:56.120591,S013,S013_A5_Y_20260924_1229,elevated_20,A5,young,class_0,0.5383025407791138,0.48651835322380066,-0.738903820514679,0.5587863922119141,0.42281001806259155,-0.6939800381660461,0.5735582113265991,0.42277729511260986,-0.6936366558074951,0.5843876600265503,0.4240419566631317,-0.6935595870018005,0.5082290172576904,0.4262433350086212,-0.6943666934967041,0.4905955195426941,0.42989492416381836,-0.6935721635818481,0.4741591513156891,0.4341248869895935,-0.6936460137367249,0.6035007834434509,0.4552525579929352,-0.4086836278438568,0.4525718092918396,0.46604588627815247,-0.39650237560272217,0.5685421228408813,0.5548284649848938,-0.6320310831069946,0.506571888923645,0.5580150485038757,-0.6271238327026367,0.7662039995193481,0.8218920230865479,-0.2460544854402542,0.30633705854415894,0.8185774683952332,-0.3415568172931671,0.8453456163406372,1.2266154289245605,-0.2515326142311096,0.21093299984931946,1.2194219827651978,-0.3331625163555145,0.8376763463020325,1.5606956481933594,-0.5164294838905334,0.22694149613380432,1.5384080410003662,-0.73296719789505,0.8719686269760132,1.6670680046081543,-0.6220805644989014,0.19440840184688568,1.6428779363632202,-0.851799488067627,0.8171318769454956,1.6720566749572754,-0.6708787679672241,0.24601134657859802,1.6474889516830444,-0.9227946996688843,0.7944058179855347,1.62937331199646,-0.557087779045105,0.26770347356796265,1.604269027709961,-0.7812618017196655,0.6679206490516663,1.5763194561004639,-0.030843460932374,0.37699729204177856,1.5690850019454956,0.03618874028325081,0.6329004168510437,2.1931099891662598,0.04363543167710304,0.36823326349258423,2.189662218093872,0.10155651718378067,0.6282933354377747,2.746736764907837,0.6685104370117188,0.3722735345363617,2.73169207572937,0.5419345498085022,0.6307576894760132,2.8429746627807617,0.7021280527114868,0.36992475390434265,2.8232991695404053,0.5700594186782837,0.5965701937675476,2.909775733947754,0.19470815360546112,0.41218772530555725,2.900886297225952,0.0048803286626935005,0.43465858158474063,0
2026-09-24T12:29:56.228372,S013,S013_A5_Y_20260924_1229,elevated_20,A5,young,class_0,0.5373653173446655,0.48390868306159973,-0.7391805052757263,0.5580929517745972,0.4214261770248413,-0.6949652433395386,0.573211133480072,0.4215843081474304,-0.6946135759353638,0.5842121839523315,0.42294400930404663,-0.694522500038147,0.5078830718994141,0.42442455887794495,-0.6947587728500366,0.4904714524745941,0.42812997102737427,-0.6939641237258911,0.4740504324436188,0.43250009417533875,-0.6940373182296753,0.603532612323761,0.45454171299934387,-0.4140518605709076,0.45262837409973145,0.4653598666191101,-0.39682450890541077,0.5683713555335999,0.5526325702667236,-0.6330069303512573,0.5064033269882202,0.5553942322731018,-0.6274036169052124,0.76671302318573,0.8218508362770081,-0.24707284569740295,0.307113379240036,0.8178591132164001,-0.3415742516517639,0.8450636863708496,1.2267035245895386,-0.246300607919693,0.21091902256011963,1.2129496335983276,-0.3261961340904236,0.8363677859306335,1.5606566667556763,-0.49467286467552185,0.2296106517314911,1.5356658697128296,-0.7090538740158081,0.8700264096260071,1.6668622493743896,-0.5967722535133362,0.19792011380195618,1.6414142847061157,-0.8272761106491089,0.8158450126647949,1.671579360961914,-0.6463621854782104,0.250900000333786,1.6458269357681274,-0.8784329295158386,0.79337078332901,1.6287328004837036,-0.5351005792617798,0.2721007168292999,1.6021095514297485,-0.7482337951660156,0.6675575971603394,1.5760738849639893,-0.03087596222758293,0.37637239694595337,1.5678900480270386,0.03621848300099373,0.6322256326675415,2.192089319229126,0.055382680147886276,0.36807164549827576,2.1877822875976562,0.11257120221853256,0.6272530555725098,2.7441563606262207,0.7092217206954956,0.37115907669067383,2.7285401821136475,0.581006646156311,0.6294118762016296,2.8403313159942627,0.7465498447418213,0.36861586570739746,2.8205106258392334,0.613073468208313,0.5957756042480469,2.907890558242798,0.24794642627239227,0.4108120799064636,2.897458791732788,0.05461956933140755,0.4348490918760724,0
2026-09-24T12:29:56.343695,S013,S013_A5_Y_20260924_1229,elevated_20,A5,young,class_0,0.5362037420272827,0.4835016131401062,-0.7349510788917542,0.5572344660758972,0.42134732007980347,-0.6913429498672485,0.5727351903915405,0.42154818773269653,-0.6910009384155273,0.583974301815033,0.42292293906211853,-0.690898060798645,0.5072054266929626,0.42421090602874756,-0.6911956071853638,0.4900091290473938,0.4279784560203552,-0.690390944480896,0.47359639406204224,0.43235722184181213,-0.6904884576797485,0.6035172939300537,0.4545155167579651,-0.412395179271698,0.45263075828552246,0.46530601382255554,-0.39551401138305664,0.5680538415908813,0.5521190166473389,-0.6292097568511963,0.5057116746902466,0.5547751784324646,-0.6239069104194641,0.7667583227157593,0.8218477368354797,-0.24272625148296356,0.30677714943885803,0.819218635559082,-0.3392723500728607,0.8438076972961426,1.2273520231246948,-0.23450133204460144,0.20900802314281464,1.212257742881775,-0.30198052525520325,0.835675060749054,1.5606865882873535,-0.48334869742393494,0.22415892779827118,1.5363320112228394,-0.6257661581039429,0.8692952990531921,1.66665780544281,-0.5816434025764465,0.19869586825370789,1.6414802074432373,-0.731224775314331,0.8157466053962708,1.6707661151885986,-0.6308171153068542,0.25139492750167847,1.645841121673584,-0.7894197106361389,0.7932465672492981,1.6280426979064941,-0.5236563086509705,0.2723819613456726,1.6021287441253662,-0.6655884385108948,0.6674892902374268,1.5762317180633545,-0.030665144324302673,0.37599611282348633,1.568162202835083,0.036019664257764816,0.632438063621521,2.1922268867492676,0.0545027069747448,0.36866170167922974,2.187812566757202,0.09940381348133087,0.6279810667037964,2.7440571784973145,0.691180944442749,0.37216606736183167,2.7286274433135986,0.5407003164291382,0.6302927136421204,2.839958429336548,0.7258933782577515,0.36955204606056213,2.8206098079681396,0.5694549679756165,0.5961531400680542,2.907996892929077,0.23103876411914825,0.41187986731529236,2.8974852561950684,0.02070312760770321,0.4346793306103722,0
2026-09-24T12:29:56.447413,S013,S013_A5_Y_20260924_1229,elevated_20,A5,young,class_0,0.5327849984169006,0.4819384813308716,-0.7226368188858032,0.5553989410400391,0.4203437566757202,-0.6805676221847534,0.5717123746871948,0.420686274766922,-0.680111289024353,0.5834752321243286,0.4220981001853943,-0.6799957752227783,0.5049545168876648,0.42320477962493896,-0.6801520586013794,0.4876187741756439,0.42719021439552307,-0.6793367862701416,0.47098270058631897,0.4314184784889221,-0.6794049739837646,0.6034647822380066,0.4541546404361725,-0.40340518951416016,0.4522867798805237,0.46461522579193115,-0.38675495982170105,0.5664495229721069,0.5507611632347107,-0.6164318323135376,0.5021701455116272,0.5532905459403992,-0.611180305480957,0.7677736878395081,0.8278807997703552,-0.23809762299060822,0.30342230200767517,0.8214012980461121,-0.32535213232040405,0.8456474542617798,1.2370364665985107,-0.22244083881378174,0.1998819261789322,1.2092808485031128,-0.27149873971939087,0.835723876953125,1.5749746561050415,-0.4599636495113373,0.21230101585388184,1.5362602472305298,-0.5932343006134033,0.8688552975654602,1.6806811094284058,-0.5561631917953491,0.18132613599300385,1.6413902044296265,-0.6938003301620483,0.8153992891311646,1.6795355081558228,-0.6022917032241821,0.23272311687469482,1.6455212831497192,-0.7632938623428345,0.7931187152862549,1.6378275156021118,-0.4980296194553375,0.2558419108390808,1.6021389961242676,-0.6387070417404175,0.665431022644043,1.5893737077713013,-0.031025264412164688,0.3716232478618622,1.5808366537094116,0.0364316962659359,0.6297462582588196,2.207202911376953,0.054407138377428055,0.36254066228866577,2.1977953910827637,0.09409818053245544,0.623557448387146,2.7567079067230225,0.6919168829917908,0.3660113215446472,2.737619638442993,0.5390059351921082,0.6254008412361145,2.8507509231567383,0.7268443703651428,0.3635771870613098,2.8293778896331787,0.5684188604354858,0.5910854935646057,2.924229145050049,0.23442474007606506,0.4048829674720764,2.9076943397521973,0.020752504467964172,0.4351766318962181,0
2026-09-24T12:29:56.588951,S013,S013_A5_Y_20260924_1229,elevated_20,A5,young,class_0,0.529763400554657,0.4800013303756714,-0.7174384593963623,0.5525075197219849,0.41874954104423523,-0.6768166422843933,0.5698140859603882,0.41902801394462585,-0.6763519644737244,0.5824538469314575,0.42026445269584656,-0.6762354969978333,0.5022478103637695,0.42219945788383484,-0.6742384433746338,0.48520952463150024,0.4264855980873108,-0.6734238862991333,0.4688282012939453,0.4307037889957428,-0.6734893321990967,0.603214681148529,0.4521016478538513,-0.4033747613430023,0.45205193758010864,0.4643775522708893,-0.37877196073532104,0.5646988153457642,0.5481642484664917,-0.6131681203842163,0.5002613067626953,0.5514260530471802,-0.6051195859909058,0.7687544822692871,0.8288062214851379,-0.23875823616981506,0.30344411730766296,0.8220983147621155,-0.3182329833507538,0.8464587926864624,1.2405281066894531,-0.22773484885692596,0.1957431435585022,1.2073025703430176,-0.27112457156181335,0.8396075367927551,1.5824124813079834,-0.4618743360042572,0.20344600081443787,1.5384689569473267,-0.5953882932662964,0.873424232006073,1.6865969896316528,-0.5569445490837097,0.16812637448310852,1.6441059112548828,-0.6972237825393677,0.8216649889945984,1.686321496963501,-0.6047579050064087,0.22072386741638184,1.6491764783859253,-0.767786979675293,0.7983783483505249,1.6461101770401,-0.5005157589912415,0.24550125002861023,1.6071423292160034,-0.6408308744430542,0.6654122471809387,1.5927300453186035,-0.032015006989240646,0.37161439657211304,1.5852991342544556,0.03750764578580856,0.6297684907913208,2.211482048034668,0.05424555018544197,0.36267948150634766,2.201371908187866,0.09418196976184845,0.6236086487770081,2.759896755218506,0.6942968964576721,0.36620140075683594,2.740006446838379,0.5418193936347961,0.6254944205284119,2.853472948074341,0.729605495929718,0.36382490396499634,2.831752061843872,0.5724014639854431,0.5910102128982544,2.9279963970184326,0.23796911537647247,0.40504223108291626,2.9106075763702393,0.028452251106500626,0.43568525530854735,0
2026-09-24T12:29:56.701847,S013,S013_A5_Y_20260924_1229,elevated_20,A5,young,class_0,0.5273407101631165,0.4776969850063324,-0.7180436849594116,0.5499032139778137,0.4167284071445465,-0.6769770979881287,0.5677778720855713,0.41688060760498047,-0.6765339374542236,0.581279993057251,0.41796478629112244,-0.676446795463562,0.5000296831130981,0.42073994874954224,-0.6737721562385559,0.48294275999069214,0.4252699911594391,-0.6730047464370728,0.466886430978775,0.4295872151851654,-0.6730859875679016,0.6022788286209106,0.4499780833721161,-0.4033992290496826,0.451232373714447,0.46385160088539124,-0.3739852011203766,0.5633053779602051,0.5456627011299133,-0.6138412952423096,0.4988303780555725,0.5488901138305664,-0.6054047346115112,0.7688504457473755,0.8289906978607178,-0.25392991304397583,0.3019605278968811,0.8235732316970825,-0.3159634470939636,0.8510597944259644,1.2424856424331665,-0.2578433156013489,0.19531403481960297,1.2090306282043457,-0.2790651023387909,0.8461823463439941,1.5876003503799438,-0.49640488624572754,0.19847935438156128,1.5437878370285034,-0.639942467212677,0.8817882537841797,1.6927067041397095,-0.5965606570243835,0.16180719435214996,1.6495951414108276,-0.7438502311706543,0.8272236585617065,1.694975733757019,-0.6427568197250366,0.21313884854316711,1.6572214365005493,-0.8220429420471191,0.8038779497146606,1.6547280550003052,-0.5333985090255737,0.2374601662158966,1.6162291765213013,-0.6912777423858643,0.6654210686683655,1.594549298286438,-0.037330690771341324,0.3715426027774811,1.5873005390167236,0.04286041110754013,0.6302939653396606,2.2149605751037598,0.07371696084737778,0.3627898097038269,2.2064409255981445,0.1619810163974762,0.6236296892166138,2.765632390975952,0.795554518699646,0.3663104176521301,2.747735023498535,0.6864947080612183,0.6254717707633972,2.8599488735198975,0.8407514691352844,0.36391887068748474,2.8409852981567383,0.7269107103347778,0.5910851359367371,2.935486316680908,0.3567340075969696,0.4051969647407532,2.919908046722412,0.18488168716430664,0.4357374475741422,0
2026-09-24T12:29:56.817599,S013,S013_A5_Y_20260924_1229,elevated_20,A5,young,class_0,0.5230053663253784,0.47698795795440674,-0.7172588109970093,0.5457806587219238,0.4162966012954712,-0.676705539226532,0.5641980171203613,0.4164504408836365,-0.6762866973876953,0.5792660713195801,0.4174150228500366,-0.6762319207191467,0.4957314133644104,0.4205309748649597,-0.6723940968513489,0.478861004114151,0.42506542801856995,-0.6716803312301636,0.46402278542518616,0.42932382225990295,-0.6717977523803711,0.6008039116859436,0.4488513767719269,-0.4048597812652588,0.450004518032074,0.4636255204677582,-0.37152060866355896,0.5601260662078857,0.5444990992546082,-0.6140230894088745,0.49483537673950195,0.5479868650436401,-0.6041075587272644,0.7687352895736694,0.8288566470146179,-0.2576223611831665,0.3017767369747162,0.8233679533004761,-0.3148818612098694,0.8515241742134094,1.2423521280288696,-0.27313071489334106,0.19165977835655212,1.209019422531128,-0.30322742462158203,0.8460491895675659,1.5868496894836426,-0.5333410501480103,0.17720018327236176,1.5348575115203857,-0.6907684206962585,0.881505012512207,1.6919406652450562,-0.6362289190292358,0.15952274203300476,1.6475577354431152,-0.7994675636291504,0.8269405364990234,1.694236159324646,-0.6843253970146179,0.2104395627975464,1.6552459001541138,-0.8738058805465698,0.8036459684371948,1.653755784034729,-0.5715733766555786,0.2336183339357376,1.614837408065796,-0.7411559820175171,0.6639619469642639,1.594362735748291,-0.0372922383248806,0.3701721429824829,1.5870964527130127,0.04282182455062866,0.6295582056045532,2.2147138118743896,0.07662119716405869,0.3609470725059509,2.2065231800079346,0.15228502452373505,0.6208624839782715,2.766303062438965,0.778258204460144,0.36272764205932617,2.749396562576294,0.6491347551345825,0.6225102543830872,2.861481189727783,0.8207877278327942,0.35922950506210327,2.8436691761016846,0.6854747533798218,0.5880978107452393,2.9365084171295166,0.33735355734825134,0.4015372395515442,2.922456979751587,0.1422441303730011,0.4354157584445368,0
2026-09-24T12:29:56.925273,S013,S013_A5_Y_20260924_1229,elevated_20,A5,young,class_0,0.5232254266738892,0.4770973026752472,-0.7169805765151978,0.5459684133529663,0.41645488142967224,-0.6769965291023254,0.564272940158844,0.41658565402030945,-0.6765783429145813,0.5792712569236755,0.4175318479537964,-0.6765254139900208,0.49577149748802185,0.42085838317871094,-0.6724523305892944,0.47887077927589417,0.42551809549331665,-0.6717438101768494,0.4638608992099762,0.42978936433792114,-0.6718512177467346,0.6008661985397339,0.4490075707435608,-0.4072873592376709,0.449859619140625,0.4642477035522461,-0.3705403506755829,0.5601712465286255,0.544564425945282,-0.6140483021736145,0.4949200749397278,0.5481757521629333,-0.6028875112533569,0.7689708471298218,0.8289605379104614,-0.2621561586856842,0.301740437746048,0.8239511847496033,-0.30466967821121216,0.8532973527908325,1.2421984672546387,-0.2679741084575653,0.19181932508945465,1.2090409994125366,-0.2971504032611847,0.8463889956474304,1.586192011833191,-0.506710410118103,0.17258429527282715,1.533981204032898,-0.6756311058998108,0.8817580342292786,1.6913264989852905,-0.605643093585968,0.16072820127010345,1.6483638286590576,-0.7825638055801392,0.8272279500961304,1.6937192678451538,-0.6478471755981445,0.21171101927757263,1.6554560661315918,-0.8578928112983704,0.8039928674697876,1.6532725095748901,-0.5412864089012146,0.23501506447792053,1.61506986618042,-0.7259968519210815,0.6642076969146729,1.5961124897003174,-0.04073169082403183,0.36993539333343506,1.5898315906524658,0.046276990324258804,0.6308207511901855,2.2154359817504883,0.09758923947811127,0.3609791398048401,2.207780361175537,0.21424035727977753,0.6218359470367432,2.766526222229004,0.8306913375854492,0.3628770112991333,2.750138759613037,0.7814850211143494,0.6234644651412964,2.8617568016052246,0.8768815994262695,0.3593842089176178,2.845062494277954,0.8265966176986694,0.5885672569274902,2.9380900859832764,0.3895021080970764,0.4016265273094177,2.923138380050659,0.2832760214805603,0.4353300420177227,0
2026-09-24T12:29:57.031046,S013,S013_A5_Y_20260924_1229,elevated_20,A5,young,class_0,0.5235780477523804,0.4780009090900421,-0.7172794938087463,0.5461125373840332,0.41720345616340637,-0.6772443056106567,0.5644188523292542,0.4172094166278839,-0.6768152713775635,0.5793207883834839,0.41807496547698975,-0.676776111125946,0.49587997794151306,0.42211440205574036,-0.6730654835700989,0.4789658188819885,0.4269420802593231,-0.6723544597625732,0.46392321586608887,0.43131065368652344,-0.6724592447280884,0.600948691368103,0.44953086972236633,-0.40787631273269653,0.44983163475990295,0.46597227454185486,-0.3745623528957367,0.5610765218734741,0.5455088019371033,-0.6142784357070923,0.4956206679344177,0.5495859384536743,-0.6031633019447327,0.7692224979400635,0.8289318680763245,-0.2612524926662445,0.30178195238113403,0.824172854423523,-0.306121289730072,0.8531475067138672,1.2420631647109985,-0.2566133141517639,0.19170024991035461,1.2090837955474854,-0.28525418043136597,0.846305251121521,1.585750699043274,-0.4747884273529053,0.1799093782901764,1.5363129377365112,-0.6136056780815125,0.8815897107124329,1.6905194520950317,-0.571694016456604,0.16112732887268066,1.6484825611114502,-0.7117933630943298,0.827410101890564,1.6927745342254639,-0.6165825128555298,0.21277520060539246,1.6553763151168823,-0.7894681692123413,0.8040582537651062,1.6530417203903198,-0.510920524597168,0.23606452345848083,1.6148935556411743,-0.6626957058906555,0.6642900705337524,1.5959287881851196,-0.040820710361003876,0.3701762557029724,1.5896989107131958,0.0463232696056366,0.6309190988540649,2.215157985687256,0.09267366677522659,0.36104634404182434,2.2076761722564697,0.19630178809165955,0.6218734383583069,2.7663581371307373,0.7986615896224976,0.36298951506614685,2.750033378601074,0.7195713520050049,0.6235081553459167,2.861046075820923,0.8411224484443665,0.3594994843006134,2.8446600437164307,0.7569709420204163,0.5886706113815308,2.937593698501587,0.3529868721961975,0.4018336832523346,2.923039197921753,0.2068517953157425,0.4353045794024721,0
2026-09-24T12:29:57.145485,S013,S013_A5_Y_20260924_1229,elevated_20,A5,young,class_0,0.524268627166748,0.4787270128726959,-0.7163642644882202,0.5469792485237122,0.4172896444797516,-0.6768214106559753,0.5651307702064514,0.4172588288784027,-0.6763892769813538,0.5795819163322449,0.4181112051010132,-0.6763482689857483,0.4961233139038086,0.42223531007766724,-0.673049807548523,0.4791407585144043,0.4271286129951477,-0.6723293662071228,0.4639546871185303,0.4315389394760132,-0.6724295616149902,0.6013786196708679,0.44954296946525574,-0.4078730046749115,0.4498229920864105,0.4665033221244812,-0.37479501962661743,0.5617660284042358,0.5464107990264893,-0.6133735775947571,0.4960680902004242,0.5508586764335632,-0.6029631495475769,0.7695685625076294,0.8291597962379456,-0.2580225467681885,0.3020998537540436,0.8241723775863647,-0.30761605501174927,0.8529931306838989,1.2419428825378418,-0.23377342522144318,0.1913931518793106,1.207694411277771,-0.2570081353187561,0.8462330102920532,1.5852992534637451,-0.43909984827041626,0.17956186830997467,1.5364173650741577,-0.5438618659973145,0.8815164566040039,1.6901310682296753,-0.5312162637710571,0.1621689647436142,1.6517432928085327,-0.6368306875228882,0.8274784088134766,1.6924235820770264,-0.5770235657691956,0.2134471833705902,1.6583380699157715,-0.7126235365867615,0.80412358045578,1.6525334119796753,-0.475958913564682,0.23650340735912323,1.6174923181533813,-0.5909662246704102,0.6638749241828918,1.5958731174468994,-0.04090508446097374,0.37000927329063416,1.5891302824020386,0.04637197405099869,0.6307119727134705,2.214500665664673,0.07666826993227005,0.3610973656177521,2.204991579055786,0.15675324201583862,0.6219260096549988,2.7643063068389893,0.7542937994003296,0.36421999335289,2.7443976402282715,0.6463910341262817,0.6235894560813904,2.8573696613311768,0.7934818863868713,0.3610136806964874,2.8368337154388428,0.6821693181991577,0.5889277458190918,2.9345812797546387,0.31092941761016846,0.40259313583374023,2.9152348041534424,0.14219221472740173,0.43534952672390853,0
2026-09-24T12:29:57.249193,S013,S013_A5_Y_20260924_1229,elevated_20,A5,young,class_0,0.5257505178451538,0.48042529821395874,-0.7125647664070129,0.5482577085494995,0.4180174767971039,-0.6713736057281494,0.5659397840499878,0.41786330938339233,-0.6709465980529785,0.5798847675323486,0.4187087416648865,-0.6708651781082153,0.49710407853126526,0.42301037907600403,-0.6683093309402466,0.48002558946609497,0.4278605878353119,-0.667558491230011,0.4645206332206726,0.4322626292705536,-0.6676512956619263,0.601517379283905,0.45011571049690247,-0.402069628238678,0.4500271677970886,0.46712547540664673,-0.3722725212574005,0.562253475189209,0.5485200881958008,-0.610031247138977,0.49684661626815796,0.5528398156166077,-0.6006197929382324,0.769814133644104,0.8296117782592773,-0.2466803789138794,0.3024584650993347,0.8241795301437378,-0.30798763036727905,0.8530563116073608,1.243010401725769,-0.23370499908924103,0.19149154424667358,1.2077081203460693,-0.26023298501968384,0.8455134630203247,1.585263967514038,-0.4614059329032898,0.18370047211647034,1.5385158061981201,-0.5617107152938843,0.8802776336669922,1.6902868747711182,-0.5621029138565063,0.1628195345401764,1.6520050764083862,-0.6511175632476807,0.8253984451293945,1.6921981573104858,-0.6122193932533264,0.2144031971693039,1.6588120460510254,-0.7253750562667847,0.8022474050521851,1.6521872282028198,-0.5020180940628052,0.23748715221881866,1.6177341938018799,-0.608028769493103,0.6635192632675171,1.5957289934158325,-0.038125939667224884,0.3697356581687927,1.588869333267212,0.04374333843588829,0.6279061436653137,2.2147023677825928,0.07038416713476181,0.35941797494888306,2.2049074172973633,0.11462780088186264,0.6192663908004761,2.7652153968811035,0.7185388207435608,0.36170321702957153,2.744844913482666,0.561133861541748,0.6211942434310913,2.858621120452881,0.754223644733429,0.3589572310447693,2.8372673988342285,0.5906983613967896,0.5846856832504272,2.9345321655273438,0.2616223692893982,0.3998391926288605,2.9156410694122314,0.0413970910012722,0.4354986691272519,0
2026-09-24T12:29:57.363832,S013,S013_A5_Y_20260924_1229,elevated_20,A5,young,class_0,0.5276548266410828,0.48216283321380615,-0.7127705216407776,0.5496932864189148,0.41866743564605713,-0.6707971096038818,0.5669870376586914,0.4184380769729614,-0.6703753471374512,0.5803214907646179,0.41934388875961304,-0.6703249216079712,0.4980204701423645,0.42369407415390015,-0.6687875986099243,0.48083820939064026,0.42842575907707214,-0.6680373549461365,0.4650110602378845,0.43277642130851746,-0.6681308746337891,0.6015970706939697,0.45104849338531494,-0.3957553207874298,0.4500892758369446,0.46754878759384155,-0.3757181465625763,0.5632323026657104,0.5511541366577148,-0.6092721223831177,0.4980883002281189,0.5552865862846375,-0.6008375883102417,0.7696596384048462,0.8317755460739136,-0.2386368215084076,0.3013356626033783,0.8262190222740173,-0.3184516131877899,0.8517109751701355,1.243610143661499,-0.22202587127685547,0.19173720479011536,1.212723970413208,-0.261495977640152,0.8429024815559387,1.5862983465194702,-0.4591997265815735,0.18575377762317657,1.542823314666748,-0.5728219151496887,0.8771448135375977,1.692114233970642,-0.5584253072738647,0.1631019413471222,1.6529496908187866,-0.6692419648170471,0.8214784860610962,1.6946107149124146,-0.6091997027397156,0.2142345905303955,1.6603552103042603,-0.7449629902839661,0.7987511157989502,1.6538559198379517,-0.49963682889938354,0.23751921951770782,1.6189640760421753,-0.6206334829330444,0.6628599762916565,1.5972485542297363,-0.036105263978242874,0.3690198063850403,1.5897037982940674,0.041656479239463806,0.6266137957572937,2.2156484127044678,0.06843273341655731,0.35816559195518494,2.206141471862793,0.11134960502386093,0.6182265877723694,2.767207384109497,0.7187987565994263,0.35965678095817566,2.746732473373413,0.5623555183410645,0.6198700666427612,2.8613593578338623,0.7553859949111938,0.3568726181983948,2.8390398025512695,0.5927760004997253,0.5848627686500549,2.9355318546295166,0.26519739627838135,0.3973502516746521,2.9179179668426514,0.04580559581518173,0.4349477380415079,0
2026-09-24T12:29:57.474680,S013,S013_A5_Y_20260924_1229,elevated_20,A5,young,class_0,0.5301113724708557,0.4830314815044403,-0.7134016752243042,0.5516787767410278,0.41912177205085754,-0.6710759401321411,0.5683097243309021,0.41883584856987,-0.6706556081771851,0.5810322761535645,0.41979649662971497,-0.6706219911575317,0.4999299943447113,0.4243846535682678,-0.6699326038360596,0.48243728280067444,0.42906761169433594,-0.6691641807556152,0.46638283133506775,0.43343585729599,-0.6692529320716858,0.6018452048301697,0.45170173048973083,-0.396182119846344,0.45035767555236816,0.467905193567276,-0.37823525071144104,0.5647760033607483,0.5523586869239807,-0.609546422958374,0.4997705817222595,0.5565289258956909,-0.6020609140396118,0.7695282697677612,0.8320249915122986,-0.24006831645965576,0.30134662985801697,0.8262786269187927,-0.321271151304245,0.8516837954521179,1.2437068223953247,-0.22310185432434082,0.19185812771320343,1.214297890663147,-0.2634792923927307,0.8412400484085083,1.5883598327636719,-0.4567779004573822,0.18686361610889435,1.5453561544418335,-0.565332293510437,0.8753484487533569,1.6944986581802368,-0.5550888180732727,0.1632588803768158,1.6533008813858032,-0.6641749739646912,0.8190828561782837,1.6979291439056396,-0.6042028665542603,0.21424317359924316,1.6608184576034546,-0.7427466511726379,0.7963662147521973,1.6573774814605713,-0.4962330460548401,0.23763377964496613,1.6196866035461426,-0.6144508719444275,0.6628835201263428,1.5971499681472778,-0.03608950972557068,0.3690966069698334,1.5895951986312866,0.041633617132902145,0.6264799237251282,2.2156970500946045,0.0725630447268486,0.35798928141593933,2.206279993057251,0.11690298467874527,0.6180393099784851,2.7671573162078857,0.7376245260238647,0.35930997133255005,2.7469096183776855,0.5785397887229919,0.619732677936554,2.8612427711486816,0.7763279676437378,0.35667726397514343,2.8390743732452393,0.610868513584137,0.5843377709388733,2.9354958534240723,0.2844359874725342,0.395934522151947,2.9182326793670654,0.06348834931850433,0.43439574915353685,0
2026-09-24T12:29:57.641552,S013,S013_A5_Y_20260924_1229,elevated_20,A5,young,class_0,0.5316222906112671,0.48391973972320557,-0.7135927677154541,0.5529411435127258,0.4196111261844635,-0.6713652014732361,0.5692139863967896,0.4192831814289093,-0.6709457039833069,0.5815396904945374,0.4202910363674164,-0.6709126234054565,0.5012060403823853,0.42505326867103577,-0.6702089905738831,0.48360246419906616,0.42966777086257935,-0.6694441437721252,0.46742185950279236,0.43401482701301575,-0.6695317029953003,0.6021345853805542,0.45233413577079773,-0.3965235650539398,0.450643926858902,0.4682222008705139,-0.37832897901535034,0.5657026171684265,0.5534178018569946,-0.6096979379653931,0.5009596943855286,0.5576765537261963,-0.602127194404602,0.7695046067237854,0.831797182559967,-0.2395612746477127,0.3020669221878052,0.8261832594871521,-0.32209134101867676,0.8516741991043091,1.2423591613769531,-0.2238253653049469,0.1930156946182251,1.2151706218719482,-0.2766202390193939,0.8412960171699524,1.5876145362854004,-0.458151638507843,0.1886124163866043,1.545420527458191,-0.603661298751831,0.8756793141365051,1.6942063570022583,-0.5571836233139038,0.16332396864891052,1.6531081199645996,-0.7103309631347656,0.8191337585449219,1.6976410150527954,-0.6054867506027222,0.21449284255504608,1.660787582397461,-0.7852491140365601,0.7963777184486389,1.6571276187896729,-0.49696093797683716,0.23795552551746368,1.6195881366729736,-0.6523329615592957,0.6632551550865173,1.5956990718841553,-0.03568284958600998,0.3694738447666168,1.587554931640625,0.04124203696846962,0.6265033483505249,2.2145228385925293,0.06465764343738556,0.35802438855171204,2.2050700187683105,0.10924632847309113,0.618568480014801,2.7659363746643066,0.7120385766029358,0.3593587577342987,2.745360851287842,0.5553910136222839,0.6204162836074829,2.8604161739349365,0.7480212450027466,0.35675889253616333,2.8373606204986572,0.5848342776298523,0.584797739982605,2.933192253112793,0.2509766221046448,0.39599496126174927,2.9166486263275146,0.034348003566265106,0.43390899151760703,0
2026-09-24T12:29:57.849801,S013,S013_A5_Y_20260924_1229,elevated_20,A5,young,class_0,0.532904863357544,0.484144389629364,-0.7015689611434937,0.553844690322876,0.4196304976940155,-0.6582873463630676,0.5697916150093079,0.41930535435676575,-0.6578601598739624,0.5817979574203491,0.42032235860824585,-0.6578630208969116,0.5020142197608948,0.4250691533088684,-0.6578547954559326,0.48415857553482056,0.42969098687171936,-0.6570752859115601,0.4677400588989258,0.4340745508670807,-0.6571725606918335,0.6021455526351929,0.45234793424606323,-0.3860904276371002,0.4507235586643219,0.4682251513004303,-0.36889225244522095,0.5662756562232971,0.5539152026176453,-0.5987210869789124,0.5018864870071411,0.5582289099693298,-0.5923126339912415,0.7689971327781677,0.8321759104728699,-0.23461052775382996,0.30132758617401123,0.8279644846916199,-0.3129299283027649,0.8533796072006226,1.2423866987228394,-0.21528282761573792,0.19236621260643005,1.2234275341033936,-0.2404252588748932,0.8422357439994812,1.590571641921997,-0.4345472455024719,0.18247535824775696,1.5452121496200562,-0.5176810622215271,0.8769037127494812,1.6977767944335938,-0.5276785492897034,0.16241951286792755,1.6560685634613037,-0.6100000143051147,0.8198617100715637,1.7027841806411743,-0.5702259540557861,0.19518038630485535,1.651950478553772,-0.6905123591423035,0.7970588207244873,1.6620513200759888,-0.47087740898132324,0.23589804768562317,1.6229532957077026,-0.5669285655021667,0.6633034348487854,1.5968679189682007,-0.03631073236465454,0.36943015456199646,1.589700698852539,0.04186989367008209,0.6266893148422241,2.216826915740967,0.05826486274600029,0.35761725902557373,2.20839262008667,0.110257089138031,0.6194540858268738,2.769798994064331,0.713562548160553,0.3594215512275696,2.749525785446167,0.5625561475753784,0.6211332082748413,2.8647162914276123,0.7502424120903015,0.3569179177284241,2.841092348098755,0.5931054949760437,0.5879096388816833,2.9367575645446777,0.2556440532207489,0.39731118083000183,2.9220855236053467,0.043494611978530884,0.43309688295448034,0
2026-09-24T12:29:57.972115,S013,S013_A5_Y_20260924_1229,elevated_20,A5,young,class_0,0.5339729189872742,0.48533427715301514,-0.7099030017852783,0.5542677640914917,0.4204622209072113,-0.6676985621452332,0.5699815154075623,0.4200702905654907,-0.6673074960708618,0.581869900226593,0.4210088551044464,-0.66734778881073,0.5029755234718323,0.4259425103664398,-0.6689347624778748,0.4850146770477295,0.4304855167865753,-0.6681643724441528,0.46850186586380005,0.43487146496772766,-0.6682690382003784,0.6021047234535217,0.4529013931751251,-0.3925876319408417,0.45088863372802734,0.468709796667099,-0.38069015741348267,0.5667423605918884,0.554751455783844,-0.6051205396652222,0.5030896663665771,0.5593153238296509,-0.6004130840301514,0.7688229084014893,0.8316690921783447,-0.24018673598766327,0.3011779189109802,0.828048825263977,-0.318535715341568,0.8528280258178711,1.2396467924118042,-0.2163422852754593,0.19315893948078156,1.2245084047317505,-0.24543118476867676,0.8419639468193054,1.5899560451507568,-0.440228134393692,0.18293306231498718,1.5428767204284668,-0.5364319086074829,0.8767250180244446,1.6970120668411255,-0.5348751544952393,0.1635824292898178,1.655766248703003,-0.6329718828201294,0.8198771476745605,1.7025290727615356,-0.5791343450546265,0.19960054755210876,1.6522586345672607,-0.7122045159339905,0.7970640659332275,1.6617317199707031,-0.4773154854774475,0.23607909679412842,1.6223684549331665,-0.5860730409622192,0.6639185547828674,1.595701813697815,-0.037243179976940155,0.37008196115493774,1.589123249053955,0.04267791658639908,0.6279475688934326,2.214324474334717,0.07165054231882095,0.3586958646774292,2.2073147296905518,0.13503161072731018,0.6205184459686279,2.7661988735198975,0.7633640170097351,0.36015328764915466,2.7478554248809814,0.6308614015579224,0.6219512224197388,2.859734296798706,0.8046025037765503,0.3576575517654419,2.8391363620758057,0.6675544381141663,0.5893763303756714,2.9342806339263916,0.31054967641830444,0.3974248766899109,2.919867992401123,0.11586266756057739,0.4326112979853867,0
2026-09-24T12:29:58.179610,S013,S013_A5_Y_20260924_1229,elevated_20,A5,young,class_0,0.5339921116828918,0.4858352839946747,-0.7181364893913269,0.554360032081604,0.42112794518470764,-0.6732367873191833,0.5700584650039673,0.4207388162612915,-0.6728889346122742,0.5819181203842163,0.42167308926582336,-0.6728847622871399,0.5030499696731567,0.4265461266040802,-0.6773408055305481,0.48506784439086914,0.43107691407203674,-0.6765886545181274,0.4685293138027191,0.4354531168937683,-0.6767137050628662,0.6020740270614624,0.453488826751709,-0.3929471969604492,0.45090508460998535,0.4691219627857208,-0.3904867172241211,0.566757082939148,0.5550734400749207,-0.6104074716567993,0.50308758020401,0.5598402619361877,-0.6098440885543823,0.7687358260154724,0.8317456841468811,-0.237512469291687,0.2997567057609558,0.830739438533783,-0.3323819041252136,0.8526097536087036,1.2396477460861206,-0.21710118651390076,0.19318486750125885,1.2294108867645264,-0.28066378831863403,0.8419209718704224,1.5899296998977661,-0.4653290808200836,0.18124942481517792,1.5448611974716187,-0.5964238047599792,0.876589298248291,1.6975353956222534,-0.5633636713027954,0.16367505490779877,1.661065697669983,-0.7009588479995728,0.8197392225265503,1.7034810781478882,-0.6142643094062805,0.20298874378204346,1.6634594202041626,-0.7775902152061462,0.7969467639923096,1.6621482372283936,-0.505731463432312,0.23638224601745605,1.627012014389038,-0.6442661285400391,0.6639107465744019,1.5964386463165283,-0.03496136888861656,0.3701172471046448,1.5912569761276245,0.040385253727436066,0.6280414462089539,2.2147059440612793,0.0603080578148365,0.359144389629364,2.2086398601531982,0.09890826046466827,0.6220964193344116,2.7669389247894287,0.6945754289627075,0.3637808561325073,2.74878191947937,0.5298944711685181,0.6238868832588196,2.860854148864746,0.7289937734603882,0.36159637570381165,2.8400774002075195,0.5576876401901245,0.5914498567581177,2.935028314590454,0.2376853972673416,0.40348711609840393,2.920579671859741,0.01311647891998291,0.43246237706535573,0
2026-09-24T12:29:58.310287,S013,S013_A5_Y_20260924_1229,elevated_20,A5,young,class_0,0.5342428088188171,0.4871833622455597,-0.7300866842269897,0.5545077919960022,0.4220689833164215,-0.6856265068054199,0.5701049566268921,0.42158034443855286,-0.6853117346763611,0.5819373726844788,0.4223708510398865,-0.6853488087654114,0.5034445524215698,0.42737868428230286,-0.6903203725814819,0.4854489862918854,0.43179795145988464,-0.689554750919342,0.46881094574928284,0.43605953454971313,-0.6896421909332275,0.6017040610313416,0.45368337631225586,-0.3979349434375763,0.4509546756744385,0.46924304962158203,-0.39966338872909546,0.5667696595191956,0.5555412173271179,-0.6194292306900024,0.5032026171684265,0.5606182813644409,-0.6196811199188232,0.7671715617179871,0.8290761113166809,-0.23763945698738098,0.2997966706752777,0.8295206427574158,-0.33881357312202454,0.862120509147644,1.2227612733840942,-0.22951814532279968,0.19027850031852722,1.2264589071273804,-0.2858837842941284,0.8647643327713013,1.5717101097106934,-0.5137811899185181,0.18317344784736633,1.5452786684036255,-0.590870201587677,0.9022048115730286,1.6766339540481567,-0.6175737380981445,0.1632992923259735,1.659185528755188,-0.6923044919967651,0.847197413444519,1.6839673519134521,-0.6680680513381958,0.20406055450439453,1.66325843334198,-0.7715684175491333,0.8225045204162598,1.6445701122283936,-0.5557047128677368,0.2356548309326172,1.6259541511535645,-0.63887619972229,0.6662406325340271,1.5941616296768188,-0.03499670326709747,0.3749632239341736,1.591192603111267,0.0404074564576149,0.6347571611404419,2.212155818939209,0.0524698868393898,0.3711307942867279,2.2086024284362793,0.09925257414579391,0.6334174871444702,2.765960931777954,0.6768555045127869,0.3771827220916748,2.7497172355651855,0.532666802406311,0.6361246109008789,2.860182046890259,0.7114121317863464,0.3743806481361389,2.8416175842285156,0.5615490078926086,0.6044226884841919,2.933802366256714,0.22356323897838593,0.41746312379837036,2.920618772506714,0.016047460958361626,0.43263535151240695,0
2026-09-24T12:29:58.431149,S013,S013_A5_Y_20260924_1229,elevated_20,A5,young,class_0,0.5342922806739807,0.48722922801971436,-0.7253722548484802,0.5545888543128967,0.42210379242897034,-0.680989146232605,0.5701904296875,0.42161282896995544,-0.6806582808494568,0.5819523930549622,0.422413170337677,-0.680694043636322,0.5034877061843872,0.42739444971084595,-0.6840292811393738,0.485484778881073,0.43182727694511414,-0.6832305192947388,0.46883425116539,0.4360934793949127,-0.6833130121231079,0.6016343832015991,0.45373213291168213,-0.39563360810279846,0.4509645998477936,0.46925240755081177,-0.39071136713027954,0.5667538642883301,0.5555617809295654,-0.6161781549453735,0.5031891465187073,0.5606410503387451,-0.6146609783172607,0.7670999765396118,0.8294855952262878,-0.2364400327205658,0.2994846701622009,0.8297062516212463,-0.33387821912765503,0.8637585639953613,1.2238905429840088,-0.23244738578796387,0.19061222672462463,1.2269175052642822,-0.28551679849624634,0.8698180913925171,1.5722737312316895,-0.514078676700592,0.19164757430553436,1.5487326383590698,-0.5930849313735962,0.9079954028129578,1.6769310235977173,-0.6190373301506042,0.16515140235424042,1.6592832803726196,-0.6942210793495178,0.8535923957824707,1.6841822862625122,-0.6678091287612915,0.20904414355754852,1.6636728048324585,-0.7756528854370117,0.8283933401107788,1.6451153755187988,-0.5551040172576904,0.23758065700531006,1.6259297132492065,-0.6424797773361206,0.667392909526825,1.594423532485962,-0.03506726026535034,0.3762349784374237,1.5921660661697388,0.040493231266736984,0.6368525624275208,2.2132134437561035,0.047532059252262115,0.37317508459091187,2.210875988006592,0.09854365885257721,0.6353204250335693,2.7679550647735596,0.6688188314437866,0.37882930040359497,2.7547616958618164,0.5291698575019836,0.6384044289588928,2.8623342514038086,0.702690839767456,0.37583765387535095,2.847180128097534,0.5580694079399109,0.6051868200302124,2.9360132217407227,0.21497659385204315,0.4198976457118988,2.925868511199951,0.012869785539805889,0.43276738760038935,0
2026-09-24T12:29:58.564598,S013,S013_A5_Y_20260924_1229,elevated_20,A5,young,class_0,0.5356663465499878,0.48723819851875305,-0.7669517993927002,0.5558537244796753,0.42207759618759155,-0.7209781408309937,0.5711106657981873,0.4215877652168274,-0.7206209897994995,0.5826100707054138,0.4224037528038025,-0.7206182479858398,0.5043111443519592,0.42736193537712097,-0.7237421870231628,0.48609843850135803,0.43179506063461304,-0.7230015993118286,0.4693056046962738,0.4360803961753845,-0.7230633497238159,0.6017950773239136,0.4536726772785187,-0.4219724237918854,0.4509735107421875,0.4690077602863312,-0.417773574590683,0.5671945810317993,0.5555666089057922,-0.653523862361908,0.5038530230522156,0.5606433749198914,-0.6515489220619202,0.7669620513916016,0.8294588923454285,-0.2566163241863251,0.29896360635757446,0.8295814990997314,-0.3599763512611389,0.8650349378585815,1.2242940664291382,-0.28612127900123596,0.19230636954307556,1.227256417274475,-0.3676467537879944,0.8677433133125305,1.5738145112991333,-0.616965651512146,0.2001577913761139,1.5540727376937866,-0.7685777544975281,0.9051200747489929,1.6810100078582764,-0.7393068075180054,0.16783764958381653,1.6624064445495605,-0.8910391926765442,0.8504929542541504,1.6880537271499634,-0.7889121174812317,0.21719929575920105,1.6682275533676147,-0.9720991849899292,0.8256480097770691,1.648041009902954,-0.6596253514289856,0.2433142364025116,1.6286404132843018,-0.8208392262458801,0.668908417224884,1.596469521522522,-0.035100772976875305,0.3771405816078186,1.5944277048110962,0.04053599387407303,0.6374212503433228,2.217839002609253,0.09854582697153091,0.37293750047683716,2.218878746032715,0.1558285355567932,0.6353527903556824,2.7738001346588135,0.7953804731369019,0.3783608675003052,2.7641096115112305,0.66612309217453,0.638519823551178,2.87062668800354,0.8376623392105103,0.3753930926322937,2.858170509338379,0.703694224357605,0.6047292351722717,2.9427742958068848,0.34311768412590027,0.41929197311401367,2.938507318496704,0.1453866958618164,0.43369061574448453,0
2026-09-24T12:29:58.678450,S013,S013_A5_Y_20260924_1229,elevated_20,A5,young,class_0,0.5358767509460449,0.4875991940498352,-0.7626112699508667,0.556282103061676,0.42226442694664,-0.7143387794494629,0.5715547204017639,0.4217362403869629,-0.7140426635742188,0.5829892754554749,0.42254307866096497,-0.7139264345169067,0.504458487033844,0.42766377329826355,-0.7187913656234741,0.4862239360809326,0.4320545792579651,-0.7180327773094177,0.4694294333457947,0.4362523853778839,-0.7181276082992554,0.6021272540092468,0.453685462474823,-0.4150962233543396,0.45104390382766724,0.46900269389152527,-0.4170963764190674,0.5672855377197266,0.5557324886322021,-0.6485294103622437,0.5040842294692993,0.5607072710990906,-0.6493629813194275,0.7669873237609863,0.8294296860694885,-0.2461039274930954,0.29888302087783813,0.8311251401901245,-0.35944393277168274,0.8643759489059448,1.2249424457550049,-0.27966946363449097,0.19226190447807312,1.2279905080795288,-0.35449787974357605,0.8662447929382324,1.5730806589126587,-0.5751468539237976,0.19833609461784363,1.5539584159851074,-0.7376288175582886,0.903219997882843,1.679193377494812,-0.6869045495986938,0.17218542098999023,1.6631191968917847,-0.8505233526229858,0.8486052751541138,1.6853200197219849,-0.735952615737915,0.2226731777191162,1.668353796005249,-0.9334162473678589,0.8238811492919922,1.6457171440124512,-0.6164359450340271,0.24664275348186493,1.6285244226455688,-0.7912307977676392,0.6712301969528198,1.596448302268982,-0.034726861864328384,0.3787843585014343,1.59511137008667,0.04020506888628006,0.6414409875869751,2.2177045345306396,0.07268881052732468,0.37727850675582886,2.218764066696167,0.11896282434463501,0.6410976648330688,2.7737233638763428,0.7133991122245789,0.38442152738571167,2.763662815093994,0.564976692199707,0.6443889737129211,2.8703978061676025,0.7485288381576538,0.3815412223339081,2.8575706481933594,0.5945819616317749,0.6110498905181885,2.9426724910736084,0.2576550543308258,0.42658233642578125,2.9376823902130127,0.04598047584295273,0.4339464538394292,0
2026-09-24T12:29:58.793213,S013,S013_A5_Y_20260924_1229,elevated_20,A5,young,class_0,0.5361542105674744,0.4879257082939148,-0.7482575178146362,0.5568310022354126,0.42245927453041077,-0.7019772529602051,0.5720069408416748,0.4218985438346863,-0.7016483545303345,0.5833820104598999,0.422713965177536,-0.7014928460121155,0.5048165321350098,0.4279386103153229,-0.7052010297775269,0.4864524304866791,0.4323046803474426,-0.7043591737747192,0.46960216760635376,0.43645918369293213,-0.7044131755828857,0.6023651361465454,0.45371171832084656,-0.4104073643684387,0.45104947686195374,0.46900784969329834,-0.4084760248661041,0.5673493146896362,0.5559355020523071,-0.6379281282424927,0.5041825175285339,0.5607969164848328,-0.6373524069786072,0.7666583061218262,0.8290219902992249,-0.24375076591968536,0.2988763451576233,0.8311091065406799,-0.3449208438396454,0.8642608523368835,1.224884271621704,-0.2550717294216156,0.19386693835258484,1.2271850109100342,-0.32116252183914185,0.8652032017707825,1.5659606456756592,-0.5352379083633423,0.19926100969314575,1.5506572723388672,-0.6753135919570923,0.9019411206245422,1.6693278551101685,-0.6462627649307251,0.18237259984016418,1.6574246883392334,-0.7802565693855286,0.8473140597343445,1.6733280420303345,-0.6894506812095642,0.23285582661628723,1.659861445426941,-0.8680335283279419,0.8226564526557922,1.634561538696289,-0.5747305750846863,0.2550888955593109,1.6187978982925415,-0.7294789552688599,0.6715765595436096,1.5952198505401611,-0.0347624346613884,0.3788450360298157,1.594577431678772,0.0402507409453392,0.6422401666641235,2.2150285243988037,0.07224643975496292,0.37944257259368896,2.2177579402923584,0.11988453567028046,0.6426235437393188,2.7702698707580566,0.7129033803939819,0.3872543275356293,2.7624475955963135,0.566766619682312,0.646043062210083,2.866868019104004,0.7482107281684875,0.3845164179801941,2.856631278991699,0.5964280366897583,0.6120173931121826,2.937743663787842,0.25768205523490906,0.42822518944740295,2.9335086345672607,0.04855971410870552,0.4343428528464053,0
2026-09-24T12:29:58.917127,S013,S013_A5_Y_20260924_1229,elevated_20,A5,young,class_0,0.5367321372032166,0.48796460032463074,-0.7435544729232788,0.5572954416275024,0.42252764105796814,-0.6980165243148804,0.5723320841789246,0.42195558547973633,-0.6976834535598755,0.5836226344108582,0.42277753353118896,-0.6975626349449158,0.505246102809906,0.4280408024787903,-0.7009786367416382,0.4868715703487396,0.4323701858520508,-0.7001364231109619,0.4700894355773926,0.43650707602500916,-0.7001763582229614,0.6024887561798096,0.4537831246852875,-0.40909987688064575,0.45108261704444885,0.4690108299255371,-0.4060336649417877,0.5676650404930115,0.5559481382369995,-0.6346103549003601,0.5046513080596924,0.5608015656471252,-0.6335036754608154,0.7665748596191406,0.828354001045227,-0.24142368137836456,0.29927486181259155,0.830571174621582,-0.34425264596939087,0.8641729354858398,1.22406005859375,-0.24532437324523926,0.19681477546691895,1.2262333631515503,-0.3202604353427887,0.8657002449035645,1.5638692378997803,-0.5201236009597778,0.20816051959991455,1.54976224899292,-0.6669629812240601,0.902967095375061,1.667734146118164,-0.6279059648513794,0.18301376700401306,1.6553202867507935,-0.7712424993515015,0.8479782938957214,1.6721627712249756,-0.6735824346542358,0.23383300006389618,1.6584452390670776,-0.8565646409988403,0.8231645822525024,1.6327632665634155,-0.5603123903274536,0.25608623027801514,1.6167495250701904,-0.7198238968849182,0.6716398000717163,1.5933467149734497,-0.034721650183200836,0.37883085012435913,1.5918728113174438,0.04021156206727028,0.6420987844467163,2.21293568611145,0.0682627409696579,0.37900444865226746,2.215630054473877,0.11964307725429535,0.6423711180686951,2.768765687942505,0.7073646783828735,0.3871520161628723,2.7610857486724854,0.5671886801719666,0.6457439064979553,2.865821599960327,0.7426918745040894,0.38427332043647766,2.8556969165802,0.597053587436676,0.6116873025894165,2.9352996349334717,0.25212058424949646,0.4276772141456604,2.9311232566833496,0.04806455597281456,0.4342568343888409,0
2026-09-24T12:29:59.041777,S013,S013_A5_Y_20260924_1229,elevated_20,A5,young,class_0,0.5371574759483337,0.48813533782958984,-0.7417800426483154,0.5577443838119507,0.422795832157135,-0.6970782279968262,0.5727049708366394,0.42223501205444336,-0.6967458128929138,0.5840242505073547,0.4230975806713104,-0.696635365486145,0.5056143403053284,0.4282413423061371,-0.6993838548660278,0.48723673820495605,0.4324980676174164,-0.6985487937927246,0.47052669525146484,0.4366006851196289,-0.6985892057418823,0.6030155420303345,0.45429474115371704,-0.40801459550857544,0.45110639929771423,0.4690459072589874,-0.4045793116092682,0.5679261684417725,0.5561419129371643,-0.6331728100776672,0.5048683881759644,0.5609186291694641,-0.6315805912017822,0.7666130065917969,0.8289462327957153,-0.2387586534023285,0.2992665469646454,0.830557644367218,-0.3487473130226135,0.8645709156990051,1.228955864906311,-0.24335810542106628,0.19730542600154877,1.2294913530349731,-0.31707751750946045,0.8651601672172546,1.5731966495513916,-0.523457407951355,0.20875322818756104,1.5568487644195557,-0.6569306254386902,0.9022824168205261,1.6808079481124878,-0.6314470767974854,0.18278415501117706,1.6624577045440674,-0.7612369060516357,0.8477708697319031,1.6868106126785278,-0.6810053586959839,0.23342156410217285,1.667928695678711,-0.8443293571472168,0.8228928446769714,1.6449607610702515,-0.5652333498001099,0.2558412551879883,1.6248306035995483,-0.7087932229042053,0.6717358231544495,1.5952633619308472,-0.031703609973192215,0.37881049513816833,1.593125820159912,0.037316642701625824,0.6416856646537781,2.216092824935913,0.054422955960035324,0.37722131609916687,2.21759295463562,0.08671940118074417,0.6411295533180237,2.7739458084106445,0.6730977892875671,0.38242074847221375,2.7634148597717285,0.5067856311798096,0.6445649862289429,2.8721165657043457,0.7059124708175659,0.379093199968338,2.8578312397003174,0.5323785543441772,0.6096837520599365,2.9405198097229004,0.2117735594511032,0.424098402261734,2.935044765472412,-0.022732794284820557,0.43382626759731385,0
2026-09-24T12:29:59.174559,S013,S013_A5_Y_20260924_1229,elevated_20,A5,young,class_0,0.537575900554657,0.4881457984447479,-0.7456263303756714,0.5581511855125427,0.42281097173690796,-0.7005921006202698,0.5729786157608032,0.42225682735443115,-0.7002651691436768,0.5842300057411194,0.42313912510871887,-0.700173020362854,0.505939781665802,0.42826005816459656,-0.701926589012146,0.48750394582748413,0.4325163662433624,-0.7011175751686096,0.4707844853401184,0.43661928176879883,-0.7011652588844299,0.6031790971755981,0.45457205176353455,-0.41212472319602966,0.45111608505249023,0.4690644443035126,-0.4042279124259949,0.5682483911514282,0.5561751127243042,-0.6373244524002075,0.5050941109657288,0.5609063506126404,-0.6341232657432556,0.7663730382919312,0.8289400339126587,-0.24471524357795715,0.2996843755245209,0.8305508494377136,-0.34786534309387207,0.8659698367118835,1.2263175249099731,-0.24472470581531525,0.19950786232948303,1.2291902303695679,-0.3176204562187195,0.8706446886062622,1.5713835954666138,-0.5176330804824829,0.20765666663646698,1.5555635690689087,-0.6712278723716736,0.9096564054489136,1.678215742111206,-0.6226532459259033,0.18437793850898743,1.6596189737319946,-0.7795045971870422,0.8552888035774231,1.685232162475586,-0.6707953214645386,0.23523111641407013,1.6645029783248901,-0.8587668538093567,0.8295761942863464,1.6438308954238892,-0.5583094358444214,0.25737088918685913,1.6216371059417725,-0.7221002578735352,0.6737156510353088,1.5951409339904785,-0.0333072692155838,0.3796153664588928,1.5930099487304688,0.03887724131345749,0.6440151333808899,2.2160654067993164,0.07629469782114029,0.37843161821365356,2.217465877532959,0.14130620658397675,0.6427229642868042,2.7734992504119873,0.7559422254562378,0.38447490334510803,2.7631642818450928,0.6337612867355347,0.6456701159477234,2.8718342781066895,0.7952758073806763,0.3814918100833893,2.8574929237365723,0.6687833070755005,0.612849235534668,2.9398200511932373,0.29928168654441833,0.4255985617637634,2.934802770614624,0.11391107738018036,0.4346383791297202,0
2026-09-24T12:29:59.297266,S013,S013_A5_Y_20260924_1229,elevated_20,A5,young,class_0,0.5376860499382019,0.48815909028053284,-0.7416449785232544,0.5582257509231567,0.42295658588409424,-0.697811484336853,0.5730224251747131,0.4224795997142792,-0.6974548101425171,0.5842698216438293,0.42345893383026123,-0.6973744034767151,0.5061830282211304,0.42827704548835754,-0.6986551880836487,0.48782163858413696,0.43251779675483704,-0.6978263258934021,0.4712069630622864,0.4366159737110138,-0.6978641748428345,0.6032276153564453,0.4549500346183777,-0.4116361737251282,0.4511888921260834,0.46900442242622375,-0.4030015468597412,0.5683419108390808,0.5562037825584412,-0.6353697776794434,0.5052052736282349,0.5608746409416199,-0.6311923265457153,0.7663540244102478,0.828589141368866,-0.2446407526731491,0.3002451956272125,0.8294196724891663,-0.3472387194633484,0.8658234477043152,1.226360559463501,-0.23571789264678955,0.19992463290691376,1.224992275238037,-0.2887052893638611,0.8701227903366089,1.5714428424835205,-0.4867561459541321,0.21058014035224915,1.5532394647598267,-0.5869265794754028,0.9089583158493042,1.6781870126724243,-0.5892128944396973,0.18404138088226318,1.656943678855896,-0.6867790222167969,0.8535025715827942,1.6850395202636719,-0.6375397443771362,0.23493249714374542,1.6628133058547974,-0.7699998617172241,0.8279975056648254,1.6436514854431152,-0.5271185636520386,0.2571907341480255,1.6198786497116089,-0.6376896500587463,0.673532247543335,1.5916112661361694,-0.033463750034570694,0.37951987981796265,1.5885612964630127,0.03903188556432724,0.6437125205993652,2.2124695777893066,0.06352564692497253,0.3782532513141632,2.2129504680633545,0.13774004578590393,0.642393946647644,2.769458532333374,0.7309585809707642,0.3840847313404083,2.759004831314087,0.6227464079856873,0.6453660726547241,2.8665175437927246,0.7694579362869263,0.381083220243454,2.8533387184143066,0.6571835875511169,0.6122504472732544,2.9352023601531982,0.2747756540775299,0.42368197441101074,2.9270637035369873,0.09655377268791199,0.434499294722965,0
2026-09-24T12:29:59.508939,S013,S013_A5_Y_20260924_1229,elevated_20,A5,young,class_0,0.5379620790481567,0.48818692564964294,-0.7395145297050476,0.5584230422973633,0.42301031947135925,-0.6961875557899475,0.5731443166732788,0.42253002524375916,-0.6958253383636475,0.5843499898910522,0.4235056936740875,-0.6957216858863831,0.5064994096755981,0.42832711338996887,-0.6974431276321411,0.4881412982940674,0.43254947662353516,-0.6966432332992554,0.4715668261051178,0.4366436302661896,-0.6967052221298218,0.6032580137252808,0.45506107807159424,-0.4114406704902649,0.4512364864349365,0.46904489398002625,-0.4024348258972168,0.5685322284698486,0.5563347339630127,-0.6336780786514282,0.5056191682815552,0.5609043836593628,-0.6301712393760681,0.7660204172134399,0.828601598739624,-0.24250149726867676,0.30020081996917725,0.8294104933738708,-0.34706994891166687,0.8644274473190308,1.2264058589935303,-0.2247675210237503,0.19948258996009827,1.2228302955627441,-0.28701573610305786,0.8680974841117859,1.5698072910308838,-0.47660723328590393,0.21518293023109436,1.5498104095458984,-0.5857370495796204,0.9061358571052551,1.675307035446167,-0.5768524408340454,0.18700112402439117,1.653461217880249,-0.6861978769302368,0.8523613214492798,1.6815085411071777,-0.6268711686134338,0.23820796608924866,1.6580004692077637,-0.7640421390533447,0.8270099759101868,1.6405333280563354,-0.5174969434738159,0.25951388478279114,1.6150342226028442,-0.6340597867965698,0.6735226511955261,1.591892957687378,-0.03332146257162094,0.3795594573020935,1.5889137983322144,0.0388745442032814,0.6435638070106506,2.2124617099761963,0.05924919992685318,0.37808483839035034,2.212944269180298,0.11718328297138214,0.6421166658401489,2.7693450450897217,0.7066596746444702,0.38379761576652527,2.7589352130889893,0.5711466073989868,0.6450883746147156,2.8662004470825195,0.7428010702133179,0.3808099627494812,2.8532333374023438,0.6014901399612427,0.611872673034668,2.9350640773773193,0.2543562054634094,0.4234157204627991,2.926352024078369,0.05263880640268326,0.43458843522231555,0
2026-09-24T12:29:59.800124,S013,S013_A5_Y_20260924_1229,elevated_20,A5,young,class_0,0.537969708442688,0.4881485402584076,-0.7330816388130188,0.5584393739700317,0.4229797124862671,-0.6886247396469116,0.5731844902038574,0.4224805533885956,-0.6882377862930298,0.5843778252601624,0.4234456419944763,-0.6880813837051392,0.5065063238143921,0.42830726504325867,-0.6918312907218933,0.48816341161727905,0.43254584074020386,-0.6910747289657593,0.4715474247932434,0.4366469979286194,-0.6911512613296509,0.603297770023346,0.45490899682044983,-0.4019532799720764,0.45124855637550354,0.4690561294555664,-0.401353120803833,0.5685564279556274,0.5563278198242188,-0.625985324382782,0.5056136250495911,0.5609310865402222,-0.6252092719078064,0.7661898732185364,0.8293376564979553,-0.23074333369731903,0.2995810806751251,0.8322764039039612,-0.34633100032806396,0.8583264350891113,1.2311104536056519,-0.2143184393644333,0.19858381152153015,1.223598599433899,-0.28454938530921936,0.8587994575500488,1.5757534503936768,-0.479972779750824,0.21468135714530945,1.5578876733779907,-0.5764981508255005,0.8925787806510925,1.680017113685608,-0.5812867283821106,0.18693794310092926,1.6619638204574585,-0.6738937497138977,0.8440211415290833,1.6842883825302124,-0.6309777498245239,0.23801974952220917,1.6650638580322266,-0.7520449757575989,0.8194653391838074,1.6444395780563354,-0.5208959579467773,0.2594235837459564,1.6227548122406006,-0.6238438487052917,0.6735110282897949,1.594968557357788,-0.03194727748632431,0.3799085319042206,1.5960267782211304,0.03736751899123192,0.6435157656669617,2.2149245738983154,0.050684113055467606,0.3806225657463074,2.216991662979126,0.08095867931842804,0.6425532102584839,2.7713301181793213,0.6716222763061523,0.3879508376121521,2.761845827102661,0.5082999467849731,0.6454132795333862,2.8667025566101074,0.7049345970153809,0.38482657074928284,2.854780912399292,0.537000298500061,0.613580584526062,2.9383742809295654,0.22442428767681122,0.42901530861854553,2.9291632175445557,-0.006555373314768076,0.43527254165592516,0
2026-09-24T12:30:00.077412,S013,S013_A5_Y_20260924_1229,elevated_20,A5,young,class_0,0.5382072925567627,0.48806843161582947,-0.7362200617790222,0.5585852861404419,0.4229481816291809,-0.6909468173980713,0.573302686214447,0.4224472939968109,-0.6905728578567505,0.584473729133606,0.42339909076690674,-0.6904423832893372,0.5065792798995972,0.42830294370651245,-0.6943377256393433,0.488231897354126,0.4325471520423889,-0.6935871839523315,0.4716168940067291,0.43665653467178345,-0.6936661005020142,0.6033186316490173,0.4548785388469696,-0.4025808870792389,0.45125776529312134,0.4690762460231781,-0.4026362895965576,0.5688062906265259,0.5563361644744873,-0.6281890869140625,0.5058974623680115,0.5609227418899536,-0.6275754570960999,0.7662361860275269,0.8291535973548889,-0.23088176548480988,0.2998085916042328,0.8322569727897644,-0.3475435972213745,0.8585165143013,1.230383038520813,-0.21533901989459991,0.19873379170894623,1.2231451272964478,-0.2960852086544037,0.8606094121932983,1.5752493143081665,-0.48896270990371704,0.21429650485515594,1.5575909614562988,-0.6126874685287476,0.8956049680709839,1.6798290014266968,-0.5914328098297119,0.18569889664649963,1.6619598865509033,-0.718267560005188,0.8458263278007507,1.6842859983444214,-0.6445925235748291,0.23750123381614685,1.66578209400177,-0.7941944003105164,0.8210983276367188,1.6443601846694946,-0.5315552949905396,0.2590399384498596,1.623201847076416,-0.6601203680038452,0.6750797629356384,1.5951449871063232,-0.03154971823096275,0.38060182332992554,1.5961414575576782,0.03695664927363396,0.6455399394035339,2.215060234069824,0.05622374266386032,0.3818400502204895,2.2174880504608154,0.08718524873256683,0.6448211073875427,2.7714273929595947,0.6968804597854614,0.3880980908870697,2.762026786804199,0.5351265072822571,0.6472880840301514,2.867180585861206,0.7322416305541992,0.38490548729896545,2.8551950454711914,0.5651110410690308,0.6173310875892639,2.938399076461792,0.244651198387146,0.4293988347053528,2.9293222427368164,0.01402080338448286,0.4357563420992047,0
2026-09-24T12:30:00.276919,S013,S013_A5_Y_20260924_1229,elevated_20,A5,young,class_0,0.538296639919281,0.48785150051116943,-0.7522221207618713,0.5586216449737549,0.4227251708507538,-0.7054688334465027,0.573335587978363,0.4222249686717987,-0.7051746249198914,0.584494411945343,0.4231838583946228,-0.7051135301589966,0.5066027641296387,0.4281845986843109,-0.7079200744628906,0.4882592260837555,0.43247273564338684,-0.7071245908737183,0.47164201736450195,0.4366254508495331,-0.7072163224220276,0.6033320426940918,0.4546643793582916,-0.40991392731666565,0.45124679803848267,0.4690505564212799,-0.4057405889034271,0.5689512491226196,0.556127667427063,-0.6414576172828674,0.5060229301452637,0.5608065128326416,-0.6392649412155151,0.7663477063179016,0.8275854587554932,-0.23822322487831116,0.3003663718700409,0.8317431211471558,-0.35296863317489624,0.8595257997512817,1.2285798788070679,-0.25472956895828247,0.20241566002368927,1.2231816053390503,-0.3500520586967468,0.862267792224884,1.5739425420761108,-0.5646993517875671,0.21711871027946472,1.5576952695846558,-0.7448800206184387,0.8976861834526062,1.6798027753829956,-0.6777513027191162,0.18618781864643097,1.6635234355926514,-0.8667502403259277,0.8463562726974487,1.6842948198318481,-0.7297228574752808,0.23891910910606384,1.6679199934005737,-0.9408644437789917,0.8218258619308472,1.6441502571105957,-0.6078220009803772,0.260827898979187,1.6245758533477783,-0.7939277291297913,0.6775556802749634,1.5928845405578613,-0.03192426264286041,0.38189083337783813,1.593298077583313,0.0373413972556591,0.6484568119049072,2.2137372493743896,0.07006575912237167,0.38304024934768677,2.216866970062256,0.12462129443883896,0.6479946374893188,2.7699296474456787,0.7361540794372559,0.38916105031967163,2.761099100112915,0.6036792993545532,0.6509768962860107,2.866468667984009,0.7733160853385925,0.38611695170402527,2.8544836044311523,0.6366875171661377,0.6190177202224731,2.93770694732666,0.2698458135128021,0.43121057748794556,2.9292826652526855,0.07201014459133148,0.4360784054405706,0
2026-09-24T12:30:00.405692,S013,S013_A5_Y_20260924_1229,elevated_20,A5,young,class_0,0.5382946729660034,0.48770350217819214,-0.7562814950942993,0.5586280822753906,0.42267969250679016,-0.7098091840744019,0.5733691453933716,0.4221707284450531,-0.7095127701759338,0.5845187306404114,0.4231337904930115,-0.7094675302505493,0.5066134929656982,0.42815643548965454,-0.7114882469177246,0.4882797598838806,0.43246567249298096,-0.7107042074203491,0.4716514050960541,0.43663129210472107,-0.7107953429222107,0.6033428907394409,0.45467039942741394,-0.41378679871559143,0.45124563574790955,0.46903958916664124,-0.406238317489624,0.5689721703529358,0.5560411810874939,-0.6453834772109985,0.506043553352356,0.5606352686882019,-0.642112672328949,0.7663305997848511,0.8267562389373779,-0.24402034282684326,0.3011111319065094,0.831189751625061,-0.35278791189193726,0.8595324754714966,1.2281813621520996,-0.26380497217178345,0.20570436120033264,1.2225309610366821,-0.3529612123966217,0.8618979454040527,1.5711517333984375,-0.5676011443138123,0.2208862602710724,1.555993676185608,-0.7473162412643433,0.8973208665847778,1.678009033203125,-0.680803656578064,0.18788182735443115,1.6625092029571533,-0.8689178228378296,0.84514981508255,1.682578444480896,-0.7332280278205872,0.24158072471618652,1.6673009395599365,-0.9434173703193665,0.8210422396659851,1.6416935920715332,-0.6106404066085815,0.2636168599128723,1.6236202716827393,-0.7968436479568481,0.6789155006408691,1.5915108919143677,-0.0325392484664917,0.38321951031684875,1.5913987159729004,0.03797122836112976,0.6502925157546997,2.212806224822998,0.08324524015188217,0.38397738337516785,2.216240644454956,0.1489143967628479,0.6507771015167236,2.768219232559204,0.7672103643417358,0.3914198875427246,2.759922981262207,0.6429344415664673,0.6540700793266296,2.8649532794952393,0.806980311870575,0.3887098431587219,2.853440284729004,0.6778784990310669,0.62103271484375,2.9359772205352783,0.3047204613685608,0.4337366223335266,2.928380250930786,0.11633400619029999,0.43664940326147134,0
2026-09-24T12:30:00.548437,S013,S013_A5_Y_20260924_1229,elevated_20,A5,young,class_0,0.5382174253463745,0.4877264201641083,-0.7548998594284058,0.5584379434585571,0.422690749168396,-0.7087563276290894,0.5732816457748413,0.4221709966659546,-0.7084478139877319,0.5844595432281494,0.4231151044368744,-0.7084007263183594,0.506569504737854,0.4283686876296997,-0.7108379006385803,0.4882657527923584,0.4327697455883026,-0.7100690603256226,0.4716450572013855,0.43700143694877625,-0.7101496458053589,0.6032971143722534,0.4544859826564789,-0.4145358204841614,0.45124107599258423,0.4695402681827545,-0.4085312485694885,0.5689458847045898,0.556039571762085,-0.6446446180343628,0.5060580372810364,0.5608742237091064,-0.6417673230171204,0.7667011618614197,0.8266904950141907,-0.24696263670921326,0.30248209834098816,0.8311650156974792,-0.35427796840667725,0.860378086566925,1.2301384210586548,-0.26159268617630005,0.2019931823015213,1.224877953529358,-0.3349491357803345,0.8624376058578491,1.5798522233963013,-0.5498579144477844,0.21595092117786407,1.5711697340011597,-0.6452543139457703,0.8979201316833496,1.6865947246551514,-0.660897433757782,0.18104878067970276,1.678071141242981,-0.7451695203781128,0.8450837135314941,1.6939046382904053,-0.7115519046783447,0.23537583649158478,1.6873241662979126,-0.8318939208984375,0.820948600769043,1.6535125970840454,-0.5914948582649231,0.25814634561538696,1.6439520120620728,-0.6961339712142944,0.6770099401473999,1.5915272235870361,-0.03372202068567276,0.38316041231155396,1.5916175842285156,0.03906168043613434,0.6467301249504089,2.213092803955078,0.0584077462553978,0.3825976550579071,2.2167766094207764,0.14239278435707092,0.6469389200210571,2.7691991329193115,0.7204511761665344,0.39113089442253113,2.760829210281372,0.6238130331039429,0.6503773927688599,2.865199565887451,0.7589736580848694,0.38864365220069885,2.8537869453430176,0.6595956683158875,0.6169547438621521,2.9367525577545166,0.26725441217422485,0.4321727156639099,2.9289631843566895,0.09733261168003082,0.43683565619534365,0
2026-09-24T12:30:00.651923,S013,S013_A5_Y_20260924_1229,elevated_20,A5,young,class_0,0.5382269620895386,0.4884892702102661,-0.7501363754272461,0.5584493279457092,0.4229317307472229,-0.7053361535072327,0.5732988119125366,0.42230528593063354,-0.7050530314445496,0.5844475030899048,0.4231756329536438,-0.7050342559814453,0.5066195726394653,0.4288255274295807,-0.7067903280258179,0.48830270767211914,0.43317073583602905,-0.7059913277626038,0.47168174386024475,0.4373031556606293,-0.7060765027999878,0.6029232740402222,0.454307496547699,-0.4118422567844391,0.45125117897987366,0.4695444703102112,-0.40229424834251404,0.5689541697502136,0.5564141869544983,-0.6396963596343994,0.5061904191970825,0.5612840056419373,-0.635904848575592,0.7667097449302673,0.825386106967926,-0.24632641673088074,0.3030768036842346,0.8294022679328918,-0.3452160358428955,0.8608385324478149,1.2219127416610718,-0.2588910460472107,0.20765486359596252,1.2192940711975098,-0.3323492109775543,0.8633643388748169,1.5629807710647583,-0.5463606119155884,0.22420060634613037,1.5497907400131226,-0.6826709508895874,0.8990171551704407,1.6708754301071167,-0.657657265663147,0.18990588188171387,1.6567304134368896,-0.7936667203903198,0.8460858464241028,1.6753865480422974,-0.7089229822158813,0.24293513596057892,1.6612229347229004,-0.8719249963760376,0.8220998644828796,1.6341471672058105,-0.5886344313621521,0.2650858163833618,1.6177045106887817,-0.7323393821716309,0.6772762537002563,1.5874972343444824,-0.03435789793729782,0.38349980115890503,1.586656928062439,0.039667557924985886,0.6471969485282898,2.20649790763855,0.05668024346232414,0.3829992711544037,2.2094931602478027,0.1408124715089798,0.6469887495040894,2.7617430686950684,0.6966546773910522,0.39100903272628784,2.7534821033477783,0.5954389572143555,0.650377094745636,2.8572146892547607,0.7315078973770142,0.3885655999183655,2.8463034629821777,0.6264070272445679,0.6169389486312866,2.928257465362549,0.23435549437999725,0.4319736063480377,2.920165777206421,0.06639578938484192,0.4374282209895489,0
2026-09-24T12:30:00.763592,S013,S013_A5_Y_20260924_1229,elevated_20,A5,young,class_0,0.5381835699081421,0.4885208308696747,-0.7499580383300781,0.5584153532981873,0.4229465126991272,-0.7049311399459839,0.5732883810997009,0.4223121106624603,-0.7046586275100708,0.584408164024353,0.4231799244880676,-0.7046611309051514,0.5066053867340088,0.4288460612297058,-0.7064651846885681,0.4882773458957672,0.43319031596183777,-0.7056596875190735,0.4716435372829437,0.43731674551963806,-0.7057462334632874,0.602645218372345,0.45428070425987244,-0.41114282608032227,0.4512445032596588,0.46953874826431274,-0.4027473032474518,0.5688665509223938,0.5564049482345581,-0.6396026611328125,0.5061711668968201,0.5613008737564087,-0.6355847716331482,0.7666817307472229,0.8249613642692566,-0.24352839589118958,0.30330514907836914,0.829262912273407,-0.34784996509552,0.8625115156173706,1.221366047859192,-0.24864952266216278,0.2075822800397873,1.2193214893341064,-0.32248425483703613,0.8666086196899414,1.5633544921875,-0.5241677165031433,0.2239845097064972,1.549867033958435,-0.6306739449501038,0.9031707644462585,1.671160101890564,-0.6295341849327087,0.18877050280570984,1.6567085981369019,-0.7343169450759888,0.8488136529922485,1.6756261587142944,-0.6811074018478394,0.24165812134742737,1.6613131761550903,-0.8153849840164185,0.8245965838432312,1.634433627128601,-0.566360592842102,0.2638147473335266,1.6178154945373535,-0.6799388527870178,0.677900493144989,1.5866210460662842,-0.034139711409807205,0.3846295475959778,1.5865609645843506,0.039419837296009064,0.6480683088302612,2.2062928676605225,0.04531550779938698,0.38446658849716187,2.209549903869629,0.11743990331888199,0.6484311819076538,2.7618401050567627,0.671789288520813,0.3918899595737457,2.753645420074463,0.5519241094589233,0.6517783403396606,2.857555627822876,0.7055028080940247,0.38948747515678406,2.846397638320923,0.5803784132003784,0.6191722750663757,2.9283177852630615,0.21042147278785706,0.43319231271743774,2.9202685356140137,0.02268822118639946,0.43711403271381777,0
2026-09-24T12:30:00.866479,S013,S013_A5_Y_20260924_1229,elevated_20,A5,young,class_0,0.538224458694458,0.48852670192718506,-0.7251617908477783,0.5585172772407532,0.4229331910610199,-0.6789244413375854,0.5733643174171448,0.4222942888736725,-0.6786026954650879,0.584460437297821,0.42315542697906494,-0.6785470247268677,0.5066463351249695,0.4288460314273834,-0.6827573180198669,0.4883294999599457,0.4331904947757721,-0.6819952726364136,0.4716767370700836,0.43732473254203796,-0.6821047067642212,0.6026653051376343,0.45419663190841675,-0.38857147097587585,0.4512872099876404,0.46948570013046265,-0.39026516675949097,0.5688906908035278,0.5564959049224854,-0.6164506673812866,0.5062164068222046,0.5613205432891846,-0.6160386800765991,0.7666898965835571,0.8250945806503296,-0.22000709176063538,0.3039890229701996,0.8292540311813354,-0.33869317173957825,0.857293426990509,1.221821665763855,-0.2035582810640335,0.2067367136478424,1.2145575284957886,-0.28536534309387207,0.861985981464386,1.5629217624664307,-0.45860257744789124,0.21922235190868378,1.5496490001678467,-0.5679224133491516,0.8986846804618835,1.6699265241622925,-0.5552311539649963,0.19032469391822815,1.6509816646575928,-0.6663429737091064,0.8459627032279968,1.673728585243225,-0.609734833240509,0.2430347502231598,1.6550568342208862,-0.7405577898025513,0.8218756914138794,1.6328799724578857,-0.501089334487915,0.2645663917064667,1.6116974353790283,-0.6136171221733093,0.6780465841293335,1.5878599882125854,-0.0315868966281414,0.3847614526748657,1.5878976583480835,0.0368356890976429,0.6481975317001343,2.206852674484253,0.04343213513493538,0.38440433144569397,2.2096264362335205,0.08755119144916534,0.648563027381897,2.763448476791382,0.6585454940795898,0.39183950424194336,2.7536776065826416,0.5010371208190918,0.651715874671936,2.859200954437256,0.6906619668006897,0.38947612047195435,2.8464605808258057,0.5269643068313599,0.6203799247741699,2.9290616512298584,0.197978675365448,0.4332905411720276,2.9202399253845215,-0.02571193501353264,0.4370667616817007,0
2026-09-24T12:30:00.976100,S013,S013_A5_Y_20260924_1229,elevated_20,A5,young,class_0,0.538246214389801,0.4883997142314911,-0.7206789255142212,0.558521032333374,0.4227718114852905,-0.6753868460655212,0.573375403881073,0.42212507128715515,-0.6750454306602478,0.5845242738723755,0.4229673743247986,-0.6749842762947083,0.5066565275192261,0.4287775456905365,-0.6780844330787659,0.4883410334587097,0.43315884470939636,-0.6772922277450562,0.4716857075691223,0.4373251795768738,-0.6773938536643982,0.6029807329177856,0.4538508355617523,-0.3895934820175171,0.4512890875339508,0.4694790244102478,-0.38674965500831604,0.5689026117324829,0.5563172698020935,-0.6140111684799194,0.5062748193740845,0.5612191557884216,-0.612047553062439,0.7667296528816223,0.8249195218086243,-0.22133579850196838,0.305758535861969,0.8277289867401123,-0.3363308012485504,0.8572166562080383,1.2249419689178467,-0.20144376158714294,0.2060634195804596,1.2142301797866821,-0.2760482430458069,0.8565053939819336,1.5656845569610596,-0.4399224817752838,0.21928973495960236,1.5495461225509644,-0.5647519826889038,0.8907231092453003,1.6731120347976685,-0.5372796058654785,0.19009894132614136,1.6514617204666138,-0.6661185026168823,0.8365041017532349,1.6759123802185059,-0.588753879070282,0.24301202595233917,1.6551368236541748,-0.7401751279830933,0.8137062191963196,1.6349395513534546,-0.48075056076049805,0.2646421790122986,1.6119422912597656,-0.6110409498214722,0.6765289902687073,1.5856033563613892,-0.031088795512914658,0.38243404030799866,1.58293616771698,0.036374978721141815,0.6445006132125854,2.2057180404663086,0.04336881265044212,0.3797585070133209,2.205218553543091,0.08921908587217331,0.6420481204986572,2.7627551555633545,0.6652387380599976,0.3855850398540497,2.7498064041137695,0.5158049464225769,0.6446608304977417,2.8581831455230713,0.6984493136405945,0.3833952248096466,2.842667818069458,0.5437378287315369,0.6111689805984497,2.928618907928467,0.20439083874225616,0.42435145378112793,2.9161529541015625,-0.010672420263290405,0.43706626011595345,0
2026-09-24T12:30:01.084592,S013,S013_A5_Y_20260924_1229,elevated_20,A5,young,class_0,0.5385843515396118,0.4926418662071228,-0.7121869325637817,0.5587683916091919,0.4263564348220825,-0.6685478687286377,0.5735207200050354,0.4255110025405884,-0.6681796908378601,0.5846943855285645,0.4257998764514923,-0.6680853366851807,0.5071843266487122,0.432190477848053,-0.6717301607131958,0.4889679551124573,0.43590620160102844,-0.6709842085838318,0.47254976630210876,0.43928346037864685,-0.6710582971572876,0.60304856300354,0.45465758442878723,-0.3825100064277649,0.45191431045532227,0.47035929560661316,-0.3816590905189514,0.5691215991973877,0.5582023859024048,-0.6043218970298767,0.5071521401405334,0.5627807974815369,-0.6031526327133179,0.7664205431938171,0.8251082301139832,-0.21378974616527557,0.30773502588272095,0.8276742100715637,-0.32338863611221313,0.8506953120231628,1.2239799499511719,-0.19574937224388123,0.20792977511882782,1.2083828449249268,-0.2767007648944855,0.8488770723342896,1.5568238496780396,-0.4389491081237793,0.2214362621307373,1.5326621532440186,-0.5772556066513062,0.8819839358329773,1.6600366830825806,-0.53409743309021,0.1905166357755661,1.6343586444854736,-0.6820792555809021,0.8314720988273621,1.6606911420822144,-0.5850090384483337,0.24292810261249542,1.6359325647354126,-0.7587159872055054,0.8086299896240234,1.621521234512329,-0.4794388711452484,0.2647135853767395,1.5939992666244507,-0.6253349781036377,0.6741873025894165,1.5856072902679443,-0.03099571168422699,0.3818473219871521,1.5827901363372803,0.03624766319990158,0.638222336769104,2.203751802444458,0.04302695766091347,0.37659168243408203,2.2010996341705322,0.08706741034984589,0.6335785984992981,2.7594141960144043,0.6489595174789429,0.3816474974155426,2.743769884109497,0.5050638914108276,0.6356427073478699,2.8535447120666504,0.6810622215270996,0.37909144163131714,2.8350839614868164,0.5321477651596069,0.6041761636734009,2.9228708744049072,0.1959165334701538,0.42019492387771606,2.9072775840759277,-0.016498714685440063,0.4377991866762262,0
2026-09-24T12:30:01.284109,S013,S013_A5_Y_20260924_1229,elevated_20,A5,young,class_0,0.5391209721565247,0.49514123797416687,-0.7153657078742981,0.5590941309928894,0.42822638154029846,-0.6716925501823425,0.5737477540969849,0.4272487759590149,-0.6713628172874451,0.5849171876907349,0.42730799317359924,-0.6713438034057617,0.5075392127037048,0.43392515182495117,-0.676061749458313,0.48931318521499634,0.437210351228714,-0.675273060798645,0.47295793890953064,0.4401347041130066,-0.675355851650238,0.603070855140686,0.45515671372413635,-0.38333675265312195,0.45197659730911255,0.4706519842147827,-0.38466644287109375,0.569512665271759,0.5597450733184814,-0.6050927042961121,0.5078153014183044,0.564157247543335,-0.6053093671798706,0.7667878270149231,0.8245567083358765,-0.21539774537086487,0.307730495929718,0.8272485733032227,-0.3251383304595947,0.8568065762519836,1.2213929891586304,-0.19909124076366425,0.20771834254264832,1.2094693183898926,-0.2786959409713745,0.85761958360672,1.5573679208755493,-0.4493016302585602,0.22134466469287872,1.533385992050171,-0.5751481652259827,0.8925744891166687,1.6604270935058594,-0.5467573404312134,0.1904185265302658,1.6352726221084595,-0.677842915058136,0.8396164178848267,1.6612226963043213,-0.5970008969306946,0.24279706180095673,1.6370166540145874,-0.7541838884353638,0.8163762092590332,1.621715784072876,-0.4898957312107086,0.26463061571121216,1.594704031944275,-0.6224074959754944,0.6755765080451965,1.585510492324829,-0.03145532310009003,0.38292771577835083,1.5828473567962646,0.0367005355656147,0.6416768431663513,2.203798532485962,0.037303440272808075,0.37761974334716797,2.201249122619629,0.08730746060609818,0.6365600824356079,2.7595036029815674,0.6437839269638062,0.38272300362586975,2.74396014213562,0.5070993304252625,0.6386252641677856,2.853691339492798,0.6755396127700806,0.38024652004241943,2.835369348526001,0.5344634652137756,0.6069296598434448,2.9229516983032227,0.18173395097255707,0.4223014712333679,2.9074854850769043,-0.017774421721696854,0.4374694339422521,0
2026-09-24T12:30:01.444794,S013,S013_A5_Y_20260924_1229,elevated_20,A5,young,class_0,0.5391553640365601,0.49550923705101013,-0.7466061115264893,0.5590966939926147,0.4284607470035553,-0.6998730897903442,0.5737614631652832,0.4274001121520996,-0.6996140480041504,0.5849247574806213,0.42740491032600403,-0.6996709108352661,0.5075472593307495,0.4343991279602051,-0.7075120806694031,0.4893255829811096,0.4376823604106903,-0.706764280796051,0.47296565771102905,0.44058987498283386,-0.7068799734115601,0.6029419302940369,0.4551612138748169,-0.3946819305419922,0.4519783854484558,0.47104933857917786,-0.4102396070957184,0.569618284702301,0.5600811839103699,-0.6302441358566284,0.5079503655433655,0.5647332668304443,-0.6344236135482788,0.7669766545295715,0.824784517288208,-0.21601927280426025,0.30771559476852417,0.8272245526313782,-0.36131617426872253,0.8570812940597534,1.2215352058410645,-0.2004934549331665,0.20807555317878723,1.215392827987671,-0.3232727646827698,0.8624120950698853,1.5652724504470825,-0.4657076895236969,0.22106823325157166,1.5461448431015015,-0.6281741857528687,0.8982837796211243,1.6727049350738525,-0.5611096620559692,0.1883762925863266,1.6502819061279297,-0.7344652414321899,0.8459253311157227,1.6790993213653564,-0.6171118021011353,0.2407211810350418,1.657590627670288,-0.811190128326416,0.8222508430480957,1.6377254724502563,-0.5089060664176941,0.2630152404308319,1.6150366067886353,-0.6747472286224365,0.6760094165802002,1.5868860483169556,-0.03101005218923092,0.38356533646583557,1.585931420326233,0.03617069870233536,0.6428214907646179,2.2060670852661133,0.03768879920244217,0.37812674045562744,2.205733060836792,0.08692663162946701,0.6387614011764526,2.7629637718200684,0.6496526002883911,0.38394325971603394,2.7482845783233643,0.5118341445922852,0.6408743262290955,2.8575072288513184,0.6822943687438965,0.38161906599998474,2.8389456272125244,0.5397893190383911,0.6100200414657593,2.9279544353485107,0.18912947177886963,0.4248441159725189,2.91461443901062,-0.01577325165271759,0.4373275210958568,0
2026-09-24T12:30:01.553110,S013,S013_A5_Y_20260924_1229,elevated_20,A5,young,class_0,0.5391510128974915,0.4966503381729126,-0.7421181201934814,0.5591050982475281,0.42987412214279175,-0.6958987712860107,0.573775053024292,0.4286952316761017,-0.6956394910812378,0.5849394202232361,0.42849862575531006,-0.6956220865249634,0.5076280236244202,0.435981422662735,-0.703278124332428,0.489480197429657,0.43905794620513916,-0.7025396227836609,0.47321921586990356,0.44170284271240234,-0.7026859521865845,0.6029477119445801,0.4556642174720764,-0.39303964376449585,0.45218873023986816,0.47179847955703735,-0.4077746272087097,0.5696298480033875,0.5608150362968445,-0.6264930367469788,0.5079981088638306,0.5651481747627258,-0.6304697394371033,0.7669272422790527,0.8258086442947388,-0.21717698872089386,0.3076780438423157,0.8277983069419861,-0.3524923026561737,0.8495019674301147,1.2236902713775635,-0.20129330456256866,0.20889535546302795,1.2152507305145264,-0.30650466680526733,0.8467211723327637,1.5657248497009277,-0.471343994140625,0.21702101826667786,1.5462087392807007,-0.6155341863632202,0.8800123333930969,1.6736607551574707,-0.568722128868103,0.18932124972343445,1.6504017114639282,-0.7226738333702087,0.8286333084106445,1.6793367862701416,-0.6236189603805542,0.24137210845947266,1.6574026346206665,-0.7976266145706177,0.8062671422958374,1.6377778053283691,-0.514174222946167,0.26363420486450195,1.6146466732025146,-0.6616040468215942,0.6759960651397705,1.5894378423690796,-0.031016040593385696,0.3834644556045532,1.587721347808838,0.03617658466100693,0.642837643623352,2.206789970397949,0.04285896569490433,0.3778265416622162,2.206068754196167,0.08779685944318771,0.6385571360588074,2.7630205154418945,0.6568166017532349,0.3830663561820984,2.7483983039855957,0.5150264501571655,0.6405759453773499,2.857550859451294,0.6895939111709595,0.38077956438064575,2.839146137237549,0.5432859659194946,0.6095278263092041,2.9283158779144287,0.19766096770763397,0.4236471652984619,2.9147322177886963,-0.013057735748589039,0.43794431463044764,0
2026-09-24T12:30:01.661376,S013,S013_A5_Y_20260924_1229,elevated_20,A5,young,class_0,0.5391582250595093,0.49667468667030334,-0.7328678965568542,0.5591247081756592,0.4298780858516693,-0.6889185309410095,0.5738505721092224,0.4286988377571106,-0.6886038184165955,0.5851320624351501,0.4285205602645874,-0.6885792016983032,0.5076080560684204,0.43599966168403625,-0.6930581331253052,0.4894424378871918,0.4390970468521118,-0.6922919154167175,0.47317028045654297,0.44175976514816284,-0.6924284100532532,0.6037083864212036,0.45589759945869446,-0.3933260142803192,0.45219454169273376,0.4718671143054962,-0.400475412607193,0.5696462392807007,0.5611234307289124,-0.6224775314331055,0.5080106854438782,0.5655093789100647,-0.6224555969238281,0.7671098709106445,0.8266052007675171,-0.22204558551311493,0.3077087998390198,0.827495276927948,-0.34333428740501404,0.8498404622077942,1.2290176153182983,-0.20359580218791962,0.207756906747818,1.2162909507751465,-0.27719271183013916,0.8417827486991882,1.5732731819152832,-0.44479817152023315,0.2063787877559662,1.5462623834609985,-0.5670174360275269,0.8732424974441528,1.6819281578063965,-0.5414127111434937,0.1853824108839035,1.6569072008132935,-0.6670335531234741,0.8193660974502563,1.6859002113342285,-0.5892980098724365,0.23793530464172363,1.662904977798462,-0.744385838508606,0.7977021336555481,1.64420747756958,-0.48372286558151245,0.2611132264137268,1.6200238466262817,-0.6143091917037964,0.6759049296379089,1.589277982711792,-0.03129761666059494,0.38257789611816406,1.586661458015442,0.03646904230117798,0.6415712237358093,2.2067933082580566,0.04327579215168953,0.3745785355567932,2.205091714859009,0.09552253782749176,0.6358526945114136,2.7628653049468994,0.6757144927978516,0.3794756233692169,2.7471940517425537,0.5455090403556824,0.6377785801887512,2.857100248336792,0.7111713886260986,0.37733450531959534,2.8379411697387695,0.5772310495376587,0.6054930090904236,2.9283461570739746,0.21938984096050262,0.4190000593662262,2.913902759552002,0.021746926009655,0.4379229144103922,0
2026-09-24T12:30:01.784993,S013,S013_A5_Y_20260924_1229,elevated_20,A5,young,class_0,0.5404226183891296,0.5007395148277283,-0.7207239270210266,0.5600904822349548,0.4328615367412567,-0.6771590709686279,0.5744959115982056,0.4315817952156067,-0.6768124103546143,0.5858880877494812,0.43108388781547546,-0.6767516732215881,0.5088467001914978,0.43955716490745544,-0.6828373074531555,0.49069756269454956,0.44255197048187256,-0.682127833366394,0.474541038274765,0.4448176920413971,-0.682224452495575,0.6043113470077515,0.45822975039482117,-0.38705766201019287,0.45256614685058594,0.47516781091690063,-0.3984829783439636,0.5705870389938354,0.5643850564956665,-0.6116746664047241,0.5090160965919495,0.5689103007316589,-0.6136432886123657,0.7669080495834351,0.8265511393547058,-0.21434350311756134,0.30833399295806885,0.8277552723884583,-0.3385099470615387,0.8501567840576172,1.226301908493042,-0.18696975708007812,0.2067786455154419,1.2157083749771118,-0.271633505821228,0.8448573350906372,1.564703345298767,-0.4355349540710449,0.21166720986366272,1.5443545579910278,-0.5488001108169556,0.8781696557998657,1.6680831909179688,-0.5330615043640137,0.1873139888048172,1.6524752378463745,-0.6443504691123962,0.8273680806159973,1.6710988283157349,-0.5849719643592834,0.23913168907165527,1.6558887958526611,-0.7229677438735962,0.8037145733833313,1.6328673362731934,-0.4766506552696228,0.2618350386619568,1.6140803098678589,-0.5954801440238953,0.6758601665496826,1.5890880823135376,-0.02967221662402153,0.38322168588638306,1.5869210958480835,0.034754570573568344,0.6417797207832336,2.205794095993042,0.042294710874557495,0.37786632776260376,2.204761028289795,0.07986524701118469,0.6370836496353149,2.7625644207000732,0.6536325216293335,0.38433289527893066,2.747267007827759,0.4988575577735901,0.6388677358627319,2.8563718795776367,0.6866148710250854,0.38168472051620483,2.8380701541900635,0.5265801548957825,0.6088536977767944,2.9277331829071045,0.20560117065906525,0.42361730337142944,2.912834882736206,-0.021380119025707245,0.4384971067994422,0
2026-09-24T12:30:01.895621,S013,S013_A5_Y_20260924_1229,elevated_20,A5,young,class_0,0.5413035750389099,0.5007949471473694,-0.7248119115829468,0.561296284198761,0.43282976746559143,-0.6809093952178955,0.5756052732467651,0.43155765533447266,-0.6805723905563354,0.5874453186988831,0.4310975968837738,-0.6805381774902344,0.509407639503479,0.4395129978656769,-0.6864825487136841,0.4911450743675232,0.442535400390625,-0.6857386231422424,0.47494298219680786,0.4447888135910034,-0.6858476400375366,0.6064997911453247,0.4583374559879303,-0.39008596539497375,0.45275062322616577,0.4750276505947113,-0.4001951813697815,0.5716513395309448,0.5648768544197083,-0.6148613691329956,0.5098502039909363,0.5691490769386292,-0.6168556213378906,0.7688188552856445,0.8274001479148865,-0.2174697369337082,0.3081369400024414,0.8277434706687927,-0.34072160720825195,0.8555459976196289,1.2315305471420288,-0.18723829090595245,0.204928919672966,1.2165045738220215,-0.2722826898097992,0.8464676141738892,1.577034831047058,-0.44140464067459106,0.21401560306549072,1.5481112003326416,-0.5526766777038574,0.8787204623222351,1.6859763860702515,-0.5397007465362549,0.18812324106693268,1.6569100618362427,-0.6505658626556396,0.827955424785614,1.6883925199508667,-0.5917184948921204,0.2403058111667633,1.6607908010482788,-0.7279268503189087,0.8042272329330444,1.6464530229568481,-0.4828557074069977,0.26254379749298096,1.6181944608688354,-0.5992647409439087,0.6758586168289185,1.591854453086853,-0.029826676473021507,0.3826444149017334,1.5892175436019897,0.03493240103125572,0.6418663859367371,2.2101831436157227,0.04106592386960983,0.37652280926704407,2.208775281906128,0.08144903182983398,0.6372461318969727,2.7676775455474854,0.6562463641166687,0.38368088006973267,2.751861572265625,0.5041829943656921,0.639159083366394,2.8623006343841553,0.6894676089286804,0.38130053877830505,2.843719005584717,0.5321557521820068,0.6087600588798523,2.9358983039855957,0.20493420958518982,0.4231718182563782,2.9187066555023193,-0.017167270183563232,0.43763058413634154,0
2026-09-24T12:30:01.999308,S013,S013_A5_Y_20260924_1229,elevated_20,A5,young,class_0,0.5418680310249329,0.5008523464202881,-0.7315055131912231,0.5624275207519531,0.43280091881752014,-0.6878880262374878,0.5766443610191345,0.4315333366394043,-0.6875847578048706,0.5888866782188416,0.43109792470932007,-0.6875481009483337,0.5098059177398682,0.43947115540504456,-0.6931445598602295,0.49139994382858276,0.4425086975097656,-0.6923861503601074,0.47512322664260864,0.4447799623012543,-0.6925185918807983,0.6086474061012268,0.4584059417247772,-0.3965190052986145,0.45287519693374634,0.4748653471469879,-0.4044727683067322,0.5724488496780396,0.5653942227363586,-0.6205443739891052,0.5104118585586548,0.5693308711051941,-0.6223146319389343,0.7707907557487488,0.8288719654083252,-0.22358834743499756,0.3082549273967743,0.8274677991867065,-0.3428904116153717,0.8571634292602539,1.236585021018982,-0.19295284152030945,0.20491161942481995,1.2166725397109985,-0.27034375071525574,0.8469613194465637,1.5834386348724365,-0.44255131483078003,0.21787452697753906,1.5509207248687744,-0.5457429885864258,0.878848671913147,1.6950762271881104,-0.5401858687400818,0.19076988101005554,1.6611754894256592,-0.6417074799537659,0.8261004686355591,1.6958537101745605,-0.5946416854858398,0.24270692467689514,1.6651040315628052,-0.7196186780929565,0.803543210029602,1.6517809629440308,-0.48412084579467773,0.26437899470329285,1.6214884519577026,-0.5921702980995178,0.6754621267318726,1.5947450399398804,-0.029902731999754906,0.3814666271209717,1.5916774272918701,0.03500697761774063,0.6417866945266724,2.2130820751190186,0.0388367660343647,0.3753357529640198,2.2113184928894043,0.0818529725074768,0.6369613409042358,2.770644187927246,0.654682993888855,0.3817076086997986,2.755359172821045,0.508123517036438,0.6390058398246765,2.8652350902557373,0.6880843043327332,0.3793351948261261,2.8484253883361816,0.5364871025085449,0.6063216924667358,2.9421162605285645,0.20094533264636993,0.42089375853538513,2.9221115112304688,-0.01386253535747528,0.4368814970328072,0
2026-09-24T12:30:02.113999,S013,S013_A5_Y_20260924_1229,elevated_20,A5,young,class_0,0.542432427406311,0.5038642287254333,-0.7289227843284607,0.563178539276123,0.4349047839641571,-0.6859080791473389,0.5774502754211426,0.43363794684410095,-0.6855694651603699,0.5901097059249878,0.43315771222114563,-0.6855252981185913,0.5101444125175476,0.4410769045352936,-0.6909672021865845,0.4916653633117676,0.4437697231769562,-0.6902050375938416,0.4753611981868744,0.4457048177719116,-0.6903378963470459,0.6108851432800293,0.4601220488548279,-0.3961483836174011,0.4531782269477844,0.4755193889141083,-0.40421557426452637,0.5732209086418152,0.5683397650718689,-0.6182528138160706,0.5108404755592346,0.5719811916351318,-0.6199243068695068,0.7725770473480225,0.8300869464874268,-0.21904993057250977,0.3083435893058777,0.827575147151947,-0.34287014603614807,0.8593592643737793,1.2415510416030884,-0.18630895018577576,0.20440824329853058,1.2182002067565918,-0.26802149415016174,0.8473495244979858,1.5914112329483032,-0.4310619831085205,0.2183733731508255,1.5564906597137451,-0.5368499159812927,0.8791826367378235,1.7037489414215088,-0.5270587205886841,0.19080325961112976,1.6674532890319824,-0.6326994895935059,0.8251641988754272,1.7042988538742065,-0.5802673101425171,0.24288959801197052,1.6710553169250488,-0.7080483436584473,0.8030136823654175,1.6601828336715698,-0.4720715880393982,0.26462262868881226,1.6271573305130005,-0.5820658802986145,0.6749531030654907,1.5973466634750366,-0.024221310392022133,0.3806599974632263,1.5935412645339966,0.029479969292879105,0.637638509273529,2.2162728309631348,0.03842126205563545,0.3687902092933655,2.211977481842041,0.04481758922338486,0.6306043267250061,2.7748031616210938,0.6238323450088501,0.37191152572631836,2.7562053203582764,0.43266892433166504,0.6323930621147156,2.8698270320892334,0.6537401080131531,0.36947101354599,2.849011182785034,0.4558102488517761,0.5973187685012817,2.946457862854004,0.16703562438488007,0.4129445552825928,2.9245545864105225,-0.09451659023761749,0.4363514837701986,0
2026-09-24T12:30:02.218689,S013,S013_A5_Y_20260924_1229,elevated_20,A5,young,class_0,0.5437720417976379,0.5043980479240417,-0.7295347452163696,0.5642403364181519,0.43531280755996704,-0.6863604784011841,0.5782659649848938,0.4340631365776062,-0.6860203742980957,0.5909307599067688,0.43367117643356323,-0.6859861016273499,0.5110412240028381,0.441532164812088,-0.6919286251068115,0.49236956238746643,0.44429752230644226,-0.6911678910255432,0.47607526183128357,0.4463423490524292,-0.6912918090820312,0.6112450361251831,0.46068742871284485,-0.3958287537097931,0.4532806873321533,0.4766046106815338,-0.40512219071388245,0.5742009878158569,0.5689535737037659,-0.6182908415794373,0.5118090510368347,0.5725160837173462,-0.6204107403755188,0.7725721597671509,0.8300860524177551,-0.21563132107257843,0.308253675699234,0.8276349306106567,-0.3434661328792572,0.8613609075546265,1.2367510795593262,-0.18729500472545624,0.2016192376613617,1.218212604522705,-0.269223690032959,0.8627752065658569,1.5842230319976807,-0.4360660910606384,0.2180328071117401,1.5564254522323608,-0.5439915060997009,0.8996394276618958,1.6926621198654175,-0.5327800512313843,0.18967768549919128,1.667280912399292,-0.6415125131607056,0.8476521372795105,1.6953262090682983,-0.5850642919540405,0.24176616966724396,1.6708375215530396,-0.717212975025177,0.8230495452880859,1.653571367263794,-0.4768642783164978,0.2634600102901459,1.6270829439163208,-0.5898450613021851,0.6766070127487183,1.597636103630066,-0.024365916848182678,0.38182416558265686,1.5956287384033203,0.029615283012390137,0.6428090333938599,2.217036247253418,0.03672655671834946,0.37399348616600037,2.21511173248291,0.0512995645403862,0.639711856842041,2.7759385108947754,0.6257132887840271,0.3790585398674011,2.7595598697662354,0.45370787382125854,0.6416276693344116,2.8711869716644287,0.6560381054878235,0.3762678802013397,2.8520357608795166,0.4789695143699646,0.6103150844573975,2.9464540481567383,0.16727319359779358,0.42219772934913635,2.9270827770233154,-0.0724596232175827,0.4365101776520946,0
2026-09-24T12:30:02.330549,S013,S013_A5_Y_20260924_1229,elevated_20,A5,young,class_0,0.5440065264701843,0.5043900012969971,-0.7280246615409851,0.5644896626472473,0.4353216886520386,-0.6850005388259888,0.5785343647003174,0.4340724050998688,-0.6846628785133362,0.5912004709243774,0.4337143301963806,-0.6846448183059692,0.5112056732177734,0.4415743052959442,-0.6902177333831787,0.4925166070461273,0.4443874657154083,-0.6894380450248718,0.47621315717697144,0.44648462533950806,-0.6895594596862793,0.6116045117378235,0.46090230345726013,-0.3957863748073578,0.4534168839454651,0.47687527537345886,-0.40423473715782166,0.5744971036911011,0.5690819025039673,-0.6174832582473755,0.5119835734367371,0.572724461555481,-0.6191845536231995,0.772649347782135,0.8301108479499817,-0.21594218909740448,0.30830344557762146,0.8274192214012146,-0.343402236700058,0.864972710609436,1.2362618446350098,-0.18802616000175476,0.19996075332164764,1.2176538705825806,-0.27005958557128906,0.8661810159683228,1.5839543342590332,-0.42765411734580994,0.21774335205554962,1.5569959878921509,-0.5462564826011658,0.9029788970947266,1.6923805475234985,-0.5214623212814331,0.1884552538394928,1.6678634881973267,-0.6432915925979614,0.8495720028877258,1.6951031684875488,-0.5715755224227905,0.2412807196378708,1.6722829341888428,-0.7171359658241272,0.8252286911010742,1.6533430814743042,-0.46765369176864624,0.2630385160446167,1.6284900903701782,-0.591546356678009,0.6769940853118896,1.5974189043045044,-0.0244958084076643,0.3818267583847046,1.5953304767608643,0.029741069301962852,0.6436539888381958,2.2169885635375977,0.03607228770852089,0.3744180202484131,2.215085029602051,0.05526105314493179,0.6409925222396851,2.7758307456970215,0.6305391192436218,0.3796432614326477,2.7595319747924805,0.46303948760032654,0.6428202390670776,2.87109375,0.6616231799125671,0.37687548995018005,2.8520073890686035,0.48932284116744995,0.6121639609336853,2.9463887214660645,0.1719726026058197,0.42317527532577515,2.9270169734954834,-0.06119777634739876,0.4360970557443607,0
2026-09-24T12:30:02.446065,S013,S013_A5_Y_20260924_1229,elevated_20,A5,young,class_0,0.5440235733985901,0.5044329166412354,-0.7300007343292236,0.5645477771759033,0.4354107677936554,-0.6871164441108704,0.5786322355270386,0.4341658651828766,-0.6867814064025879,0.5913026928901672,0.433851033449173,-0.6867974996566772,0.5112358331680298,0.44166436791419983,-0.691866397857666,0.49254924058914185,0.44449031352996826,-0.6910802125930786,0.47623905539512634,0.4466092884540558,-0.6911985874176025,0.6117523312568665,0.46111583709716797,-0.3997289538383484,0.4534853398799896,0.4770768880844116,-0.4050489068031311,0.5745536088943481,0.5692049860954285,-0.6199721693992615,0.5119937062263489,0.5729209184646606,-0.6208760142326355,0.7726377844810486,0.8302722573280334,-0.2225983440876007,0.3083050847053528,0.8274174928665161,-0.34629836678504944,0.867346465587616,1.2366629838943481,-0.20379069447517395,0.1988925337791443,1.2186923027038574,-0.278911828994751,0.8691796064376831,1.5874736309051514,-0.4451831877231598,0.21695581078529358,1.5644851922988892,-0.5519787073135376,0.9066241979598999,1.6961766481399536,-0.5412329435348511,0.18663720786571503,1.6751091480255127,-0.6481095552444458,0.8514499664306641,1.7007648944854736,-0.5909391641616821,0.23996341228485107,1.6824415922164917,-0.7239260673522949,0.8269602656364441,1.6591089963912964,-0.4854004383087158,0.2619500756263733,1.6388707160949707,-0.5980841517448425,0.6772544384002686,1.5976468324661255,-0.02479296550154686,0.38225409388542175,1.5961459875106812,0.030039459466934204,0.6453568339347839,2.2181556224823,0.036182504147291183,0.376323401927948,2.2172329425811768,0.05652129650115967,0.6440927386283875,2.7780823707580566,0.6308344602584839,0.3820759654045105,2.763427257537842,0.46667274832725525,0.6466893553733826,2.8736965656280518,0.6618636846542358,0.37946683168411255,2.856558084487915,0.4933191239833832,0.6137672662734985,2.9488985538482666,0.17412497103214264,0.42472296953201294,2.9317002296447754,-0.05760478973388672,0.43523679582698827,0
2026-09-24T12:30:02.563327,S013,S013_A5_Y_20260924_1229,elevated_20,A5,young,class_0,0.5441718697547913,0.5044312477111816,-0.7331253886222839,0.5645787119865417,0.4354499578475952,-0.6896125078201294,0.5786607265472412,0.4342023730278015,-0.6893113255500793,0.5913103818893433,0.43389904499053955,-0.6893307566642761,0.5113895535469055,0.44169938564300537,-0.694833517074585,0.4927571713924408,0.4445419907569885,-0.6940701007843018,0.4764859080314636,0.44669997692108154,-0.6942004561424255,0.6115557551383972,0.46122509241104126,-0.3998473584651947,0.4535614550113678,0.4772753417491913,-0.4063124656677246,0.5746884942054749,0.5692711472511292,-0.6218588352203369,0.5121520757675171,0.5729377269744873,-0.6233303546905518,0.7725691795349121,0.830217182636261,-0.22184371948242188,0.3082687258720398,0.8276929259300232,-0.34778398275375366,0.8676539659500122,1.2319501638412476,-0.20737311244010925,0.19869402050971985,1.2190438508987427,-0.29139411449432373,0.8735198974609375,1.5819334983825684,-0.47949665784835815,0.21609266102313995,1.5643577575683594,-0.5825660228729248,0.9115132093429565,1.689474105834961,-0.5788372755050659,0.185232013463974,1.6747114658355713,-0.6827500462532043,0.858498215675354,1.6955108642578125,-0.6320364475250244,0.23805157840251923,1.6818013191223145,-0.7575033903121948,0.8334361910820007,1.654415249824524,-0.5222037434577942,0.25995832681655884,1.6383112668991089,-0.6280969381332397,0.6782695055007935,1.5982801914215088,-0.025142963975667953,0.38356226682662964,1.5979104042053223,0.030357692390680313,0.6475633382797241,2.218921422958374,0.03250880539417267,0.37909263372421265,2.2196478843688965,0.05923023074865341,0.647795557975769,2.778677463531494,0.6285048127174377,0.3860267400741577,2.7655532360076904,0.47114133834838867,0.650486409664154,2.8743414878845215,0.65937739610672,0.3832422196865082,2.8582065105438232,0.4975326657295227,0.619327187538147,2.9489588737487793,0.16839230060577393,0.42980247735977173,2.934087038040161,-0.05496315285563469,0.4353963318030282,0
2026-09-24T12:30:02.676256,S013,S013_A5_Y_20260924_1229,elevated_20,A5,young,class_0,0.5439812541007996,0.5043056607246399,-0.7333654165267944,0.5643396377563477,0.4354305565357208,-0.6896982192993164,0.5785703659057617,0.43416357040405273,-0.6893982291221619,0.5911785960197449,0.43383052945137024,-0.6894183158874512,0.5111402869224548,0.44165220856666565,-0.6947866678237915,0.492515504360199,0.44448116421699524,-0.6940218210220337,0.4761410653591156,0.44665083289146423,-0.6941506266593933,0.6114429831504822,0.46103158593177795,-0.40070852637290955,0.4535312056541443,0.4770609140396118,-0.4044641852378845,0.5745933055877686,0.569113552570343,-0.62273108959198,0.5120644569396973,0.5728943943977356,-0.6233795881271362,0.7725749015808105,0.8302207589149475,-0.22373943030834198,0.3082839846611023,0.8276994228363037,-0.34791824221611023,0.8694931864738464,1.232251524925232,-0.21419461071491241,0.19869598746299744,1.2229084968566895,-0.2923452854156494,0.8732155561447144,1.582203984260559,-0.48325809836387634,0.21601057052612305,1.5677134990692139,-0.591549277305603,0.910599410533905,1.6907538175582886,-0.5839454531669617,0.1845536082983017,1.6782475709915161,-0.6941589117050171,0.8541175723075867,1.696690320968628,-0.634743332862854,0.23795592784881592,1.6859427690505981,-0.769730269908905,0.8300965428352356,1.6549811363220215,-0.5247289538383484,0.2599216103553772,1.6419507265090942,-0.637833297252655,0.6787039041519165,1.597651720046997,-0.02556208148598671,0.3835868537425995,1.5966105461120605,0.030829766765236855,0.6474924683570862,2.218905448913574,0.03283415362238884,0.3780004680156708,2.219287395477295,0.0733400508761406,0.6469290852546692,2.7786176204681396,0.6454259157180786,0.38496750593185425,2.7647175788879395,0.5029268860816956,0.6498326659202576,2.8742523193359375,0.6784847974777222,0.3821946978569031,2.857192277908325,0.5314666032791138,0.6168214082717896,2.9488484859466553,0.18159012496471405,0.4292227625846863,2.933948040008545,-0.025537043809890747,0.4351962668945775,0
2026-09-24T12:30:02.779876,S013,S013_A5_Y_20260924_1229,elevated_20,A5,young,class_0,0.5439992547035217,0.5046361088752747,-0.7260819673538208,0.564340353012085,0.43610769510269165,-0.6836881041526794,0.5785740613937378,0.434899240732193,-0.6833288669586182,0.591164231300354,0.4345568120479584,-0.6833231449127197,0.511269211769104,0.442193865776062,-0.6884822249412537,0.49270957708358765,0.4449627995491028,-0.687720000743866,0.4763888716697693,0.4470663070678711,-0.6877940893173218,0.6111350655555725,0.4616151452064514,-0.39675581455230713,0.4536261558532715,0.4776054918766022,-0.4004586637020111,0.574599027633667,0.5692285895347595,-0.6161928176879883,0.5120978355407715,0.5729846358299255,-0.6165298223495483,0.7725447416305542,0.8301505446434021,-0.22194194793701172,0.3082587420940399,0.8278655409812927,-0.3389325439929962,0.8691264390945435,1.2299214601516724,-0.20371441543102264,0.199550598859787,1.2228673696517944,-0.27340179681777954,0.8741772770881653,1.5783839225769043,-0.45492273569107056,0.21602138876914978,1.5667355060577393,-0.5469152927398682,0.912402331829071,1.6830177307128906,-0.551212728023529,0.1843826025724411,1.6744239330291748,-0.6384968161582947,0.8591618537902832,1.689239501953125,-0.5998376607894897,0.2365296185016632,1.6808308362960815,-0.7211264371871948,0.8337457776069641,1.6502134799957275,-0.49523061513900757,0.2590881884098053,1.63869047164917,-0.5954231023788452,0.6786420941352844,1.5976313352584839,-0.026960860937833786,0.38388925790786743,1.5969252586364746,0.03214750066399574,0.6474745869636536,2.2187583446502686,0.03291305527091026,0.38024014234542847,2.219330310821533,0.07673236727714539,0.6468298435211182,2.778402090072632,0.6455519795417786,0.38666245341300964,2.7651848793029785,0.5053831934928894,0.6497069597244263,2.873427391052246,0.678546130657196,0.3838534355163574,2.8574752807617188,0.5339993238449097,0.6170035600662231,2.947885036468506,0.18748411536216736,0.4294626712799072,2.93381404876709,-0.01849290169775486,0.4356090121125707,0
2026-09-24T12:30:02.887448,S013,S013_A5_Y_20260924_1229,elevated_20,A5,young,class_0,0.5439220666885376,0.5038001537322998,-0.7265157103538513,0.5642759203910828,0.43553125858306885,-0.6837535500526428,0.5785532593727112,0.43429291248321533,-0.6833962798118591,0.5910590887069702,0.433942973613739,-0.6833907961845398,0.5111531615257263,0.44169291853904724,-0.6886389255523682,0.49262672662734985,0.444536030292511,-0.6878901720046997,0.47627800703048706,0.44675639271736145,-0.6879727840423584,0.6107515096664429,0.461002379655838,-0.3961123824119568,0.45363849401474,0.47701123356819153,-0.4016364514827728,0.5745002031326294,0.5686891078948975,-0.616517186164856,0.5120615363121033,0.5726662874221802,-0.6178702116012573,0.7725352644920349,0.8302381038665771,-0.22111061215400696,0.3079795241355896,0.828510046005249,-0.34699392318725586,0.8690794706344604,1.2305448055267334,-0.20425255596637726,0.19952897727489471,1.224447250366211,-0.2910740375518799,0.8746675252914429,1.5785424709320068,-0.47202497720718384,0.2163277119398117,1.567123293876648,-0.5764721035957336,0.9132016897201538,1.683384656906128,-0.571853756904602,0.18489395081996918,1.675052523612976,-0.674319863319397,0.8590262532234192,1.6899960041046143,-0.6252623796463013,0.23697254061698914,1.681986689567566,-0.7544296979904175,0.8337871432304382,1.6504665613174438,-0.5146535634994507,0.2592228949069977,1.6392135620117188,-0.6243829131126404,0.6786879301071167,1.5991331338882446,-0.026017924770712852,0.38395142555236816,1.5993903875350952,0.031229669228196144,0.6478610038757324,2.2212984561920166,0.033057790249586105,0.3806328773498535,2.2236175537109375,0.07037189602851868,0.6477652788162231,2.784060001373291,0.6426631808280945,0.3870994746685028,2.771536111831665,0.4857649803161621,0.6507265567779541,2.8815226554870605,0.6749147176742554,0.3842245638370514,2.8649070262908936,0.5114615559577942,0.6183208227157593,2.952802896499634,0.18314780294895172,0.4303673207759857,2.941483736038208,-0.04174371063709259,0.4346752198049754,0
2026-09-24T12:30:03.118658,S013,S013_A5_Y_20260924_1229,elevated_20,A5,young,class_0,0.5438989400863647,0.5039142370223999,-0.7413100004196167,0.564213216304779,0.43590906262397766,-0.6982125639915466,0.5785086154937744,0.43469613790512085,-0.6979066729545593,0.5909648537635803,0.4343314468860626,-0.6979197859764099,0.5111687779426575,0.4419323801994324,-0.7018426060676575,0.49267974495887756,0.4447159171104431,-0.7010713815689087,0.4763670861721039,0.4468761682510376,-0.7011520266532898,0.6104286313056946,0.4612598717212677,-0.4048849642276764,0.45371294021606445,0.4770626127719879,-0.40522488951683044,0.5744710564613342,0.5687128305435181,-0.6291502714157104,0.5120655298233032,0.5726577043533325,-0.6285361051559448,0.7724761962890625,0.8302367329597473,-0.2332746535539627,0.307992160320282,0.8284343481063843,-0.346567839384079,0.8690454363822937,1.229900598526001,-0.22147329151630402,0.19878126680850983,1.2229218482971191,-0.28727859258651733,0.8785750269889832,1.576246976852417,-0.48379677534103394,0.21529445052146912,1.5637489557266235,-0.571334958076477,0.9186321496963501,1.6799160242080688,-0.5847252607345581,0.18374930322170258,1.6705225706100464,-0.6687811613082886,0.865983784198761,1.6867883205413818,-0.6357498168945312,0.23542745411396027,1.6767243146896362,-0.750766396522522,0.8400300145149231,1.6476058959960938,-0.5256971716880798,0.25744783878326416,1.634803056716919,-0.6201785206794739,0.6783440113067627,1.5990220308303833,-0.03234413266181946,0.3838913142681122,1.5991746187210083,0.03745443373918533,0.6479071974754333,2.2210733890533447,0.03567877784371376,0.3808567225933075,2.223578929901123,0.10042767226696014,0.647734522819519,2.7829132080078125,0.6663288474082947,0.38744184374809265,2.771385431289673,0.5508440732955933,0.6506683230400085,2.879244089126587,0.7010778784751892,0.38476651906967163,2.864727020263672,0.5820203423500061,0.618047297000885,2.951519250869751,0.20552730560302734,0.4301167130470276,2.940619468688965,0.024646222591400146,0.43522517426292023,0
2026-09-24T12:30:03.250566,S013,S013_A5_Y_20260924_1229,elevated_20,A5,young,class_0,0.5431545972824097,0.5037509202957153,-0.7336587309837341,0.5637364387512207,0.43583711981773376,-0.6909242868423462,0.5782199501991272,0.43461865186691284,-0.6905922293663025,0.5905195474624634,0.4342685043811798,-0.690629780292511,0.5108085870742798,0.4418986141681671,-0.6941773891448975,0.49246662855148315,0.44469505548477173,-0.6934192776679993,0.4761691093444824,0.4468742311000824,-0.6934943795204163,0.6096998453140259,0.46117350459098816,-0.4009528160095215,0.4537264406681061,0.4770575165748596,-0.39976966381073,0.5740463733673096,0.5684731602668762,-0.6228270530700684,0.5117353796958923,0.5724450349807739,-0.6216572523117065,0.7724201679229736,0.8301242589950562,-0.22987131774425507,0.307992160320282,0.8284569978713989,-0.344208687543869,0.8709424734115601,1.2298136949539185,-0.21622538566589355,0.19876036047935486,1.2237223386764526,-0.2805202901363373,0.8809962272644043,1.5764168500900269,-0.47033676505088806,0.21525315940380096,1.565258502960205,-0.5558112859725952,0.9209086298942566,1.6800079345703125,-0.5670626759529114,0.18368230760097504,1.671434998512268,-0.6511622071266174,0.867580771446228,1.6868149042129517,-0.6184841990470886,0.2351880818605423,1.6780369281768799,-0.7311696410179138,0.8417288064956665,1.6477665901184082,-0.5115718245506287,0.2572789788246155,1.6364127397537231,-0.6037519574165344,0.6782939434051514,1.5990068912506104,-0.03231542557477951,0.3838922083377838,1.599239706993103,0.03742825239896774,0.648038387298584,2.2211506366729736,0.03530614823102951,0.38135772943496704,2.223586082458496,0.09388039261102676,0.6477348804473877,2.7828011512756348,0.6654139757156372,0.38761407136917114,2.771512746810913,0.5347799062728882,0.6506122350692749,2.8790080547332764,0.7004629969596863,0.384961873292923,2.864521026611328,0.5647715330123901,0.6183025240898132,2.9512813091278076,0.20450499653816223,0.4300645887851715,2.940603733062744,0.01282433606684208,0.43494533248653944,0
2026-09-24T12:30:03.383906,S013,S013_A5_Y_20260924_1229,elevated_20,A5,young,class_0,0.5419149994850159,0.5015111565589905,-0.7336276769638062,0.5625422596931458,0.43407297134399414,-0.6908830404281616,0.5774920582771301,0.43292635679244995,-0.6905606985092163,0.5896698236465454,0.43279343843460083,-0.6905912756919861,0.509738028049469,0.4402369558811188,-0.6938936114311218,0.4914852976799011,0.4435453712940216,-0.6931480765342712,0.47506409883499146,0.4461597502231598,-0.693245530128479,0.6089105010032654,0.46026113629341125,-0.40105921030044556,0.4535486102104187,0.4765864610671997,-0.3989217281341553,0.5733749866485596,0.5672867298126221,-0.622883677482605,0.510608434677124,0.5715760588645935,-0.6216489672660828,0.7722233533859253,0.8292644619941711,-0.22978758811950684,0.3082595765590668,0.8282631635665894,-0.34469833970069885,0.8711777925491333,1.2297300100326538,-0.21867358684539795,0.1989571750164032,1.2244993448257446,-0.28970855474472046,0.8788560032844543,1.5758764743804932,-0.4789896011352539,0.21526408195495605,1.5655544996261597,-0.5858840346336365,0.9168148040771484,1.6801010370254517,-0.5772170424461365,0.18368321657180786,1.6726142168045044,-0.6894438862800598,0.8608978390693665,1.6868482828140259,-0.6296254396438599,0.23535695672035217,1.6799618005752563,-0.7647297382354736,0.8369390368461609,1.6475250720977783,-0.5206561088562012,0.25732895731925964,1.6374672651290894,-0.6326111555099487,0.678363561630249,1.5979195833206177,-0.031281355768442154,0.38395702838897705,1.597568154335022,0.03644222021102905,0.6480416059494019,2.220754861831665,0.035333503037691116,0.38068580627441406,2.2224056720733643,0.08969278633594513,0.6477087736129761,2.7825355529785156,0.6571268439292908,0.3870126008987427,2.77034854888916,0.5120421648025513,0.6505559086799622,2.8788647651672363,0.69053715467453,0.38433200120925903,2.86344575881958,0.5387042164802551,0.6178554892539978,2.9510977268218994,0.19215898215770721,0.43001532554626465,2.9404807090759277,-0.015044501051306725,0.43389378583993454,0
2026-09-24T12:30:03.637163,S013,S013_A5_Y_20260924_1229,elevated_20,A5,young,class_0,0.5410787463188171,0.5005443096160889,-0.7336507439613342,0.5615479946136475,0.4329582750797272,-0.6908237338066101,0.5768393874168396,0.43164557218551636,-0.6905056238174438,0.588833212852478,0.43145880103111267,-0.6905356645584106,0.5087450742721558,0.43961626291275024,-0.6938487887382507,0.490570604801178,0.44317665696144104,-0.6931047439575195,0.47409573197364807,0.4459821581840515,-0.6932044625282288,0.6077402830123901,0.4589383900165558,-0.4023827612400055,0.4534584879875183,0.4765068292617798,-0.3990672528743744,0.5728748440742493,0.5666294693946838,-0.6233758330345154,0.5100592374801636,0.5713908076286316,-0.6218889951705933,0.7722474932670593,0.8291444182395935,-0.22954916954040527,0.30832675099372864,0.8283179402351379,-0.34809523820877075,0.87120521068573,1.231392502784729,-0.21773914992809296,0.19993065297603607,1.2258864641189575,-0.2968486249446869,0.8783975839614868,1.5782928466796875,-0.47794127464294434,0.21596328914165497,1.5669751167297363,-0.5967272520065308,0.9158725738525391,1.6841106414794922,-0.5765677094459534,0.18417948484420776,1.6749264001846313,-0.6997374296188354,0.8591429591178894,1.691832184791565,-0.6290983557701111,0.23637643456459045,1.6832410097122192,-0.7758407592773438,0.8355857133865356,1.6509286165237427,-0.5200851559638977,0.25825658440589905,1.6398009061813354,-0.6436327695846558,0.6783962845802307,1.5973877906799316,-0.03055080771446228,0.38408204913139343,1.5969494581222534,0.03574562817811966,0.6479684114456177,2.220411539077759,0.03536490350961685,0.3806252181529999,2.2221198081970215,0.08894418925046921,0.647311270236969,2.7822265625,0.6583037376403809,0.38670989871025085,2.770272731781006,0.5130893588066101,0.6500783562660217,2.878692388534546,0.6922255754470825,0.3839244544506073,2.8632962703704834,0.5402985215187073,0.6173590421676636,2.9510462284088135,0.19753387570381165,0.4298086166381836,2.940251350402832,-0.013157161884009838,0.4331410192112964,0
2026-09-24T12:30:03.844013,S013,S013_A5_Y_20260924_1229,elevated_20,A5,young,class_0,0.5405669212341309,0.5001019835472107,-0.733315110206604,0.5608828663825989,0.432322233915329,-0.6905366778373718,0.5763224363327026,0.43093597888946533,-0.6902233958244324,0.588201642036438,0.4307398498058319,-0.6902526617050171,0.5082553029060364,0.4392456114292145,-0.6936548352241516,0.4902045726776123,0.4429621994495392,-0.6929136514663696,0.47371894121170044,0.445892870426178,-0.6930146813392639,0.6068165302276611,0.45828211307525635,-0.40244588255882263,0.4534366726875305,0.476445734500885,-0.39957940578460693,0.5725451111793518,0.5663737058639526,-0.623248279094696,0.5098057985305786,0.5712984800338745,-0.6218417286872864,0.7722476124763489,0.8285982012748718,-0.22937631607055664,0.30832603573799133,0.8283082246780396,-0.3498111963272095,0.8722186088562012,1.23125159740448,-0.2180343121290207,0.200140118598938,1.2258585691452026,-0.2990773320198059,0.8781615495681763,1.5782668590545654,-0.4796179234981537,0.21734659373760223,1.5676826238632202,-0.5944938063621521,0.9155047535896301,1.6841009855270386,-0.578922688961029,0.18586117029190063,1.6759352684020996,-0.6966346502304077,0.8589047193527222,1.6918147802352905,-0.6321247816085815,0.2383095771074295,1.6850683689117432,-0.7729663848876953,0.8352926969528198,1.6509039402008057,-0.5219389200210571,0.25992095470428467,1.6411972045898438,-0.6413877606391907,0.6784192323684692,1.5972565412521362,-0.030268976464867592,0.3846782147884369,1.5970344543457031,0.03548411279916763,0.6481984853744507,2.2200264930725098,0.03509695082902908,0.3822457194328308,2.222055196762085,0.08345679193735123,0.6478780508041382,2.7819087505340576,0.6533799171447754,0.38806432485580444,2.7701921463012695,0.501778244972229,0.6507858037948608,2.878383159637451,0.6870598793029785,0.3853676915168762,2.863330125808716,0.5283188223838806,0.6175702810287476,2.950939893722534,0.19489416480064392,0.4303115904331207,2.9400458335876465,-0.021379034966230392,0.4321609604916871,0
2026-09-24T12:30:03.958404,S013,S013_A5_Y_20260924_1229,elevated_20,A5,young,class_0,0.5398613214492798,0.5000874996185303,-0.7402962446212769,0.5601630806922913,0.43228867650032043,-0.6974347829818726,0.5757905840873718,0.43088993430137634,-0.6971547603607178,0.5876642465591431,0.43067342042922974,-0.6971814632415771,0.5077527761459351,0.439209908246994,-0.7007202506065369,0.48979711532592773,0.44292476773262024,-0.6999781131744385,0.4733036458492279,0.44586995244026184,-0.7001069188117981,0.6061661839485168,0.4580265283584595,-0.4083869457244873,0.4534183442592621,0.47637489438056946,-0.40524300932884216,0.5721602439880371,0.5663575530052185,-0.6294407844543457,0.5095175504684448,0.5712880492210388,-0.628031849861145,0.7733235359191895,0.8283930420875549,-0.23298077285289764,0.3083269000053406,0.8291502594947815,-0.35309547185897827,0.8729230761528015,1.2323745489120483,-0.22562944889068604,0.20005199313163757,1.2276782989501953,-0.30377718806266785,0.877327561378479,1.586006999015808,-0.48440688848495483,0.21733352541923523,1.574853777885437,-0.5969138741493225,0.9133046865463257,1.6949576139450073,-0.5840392112731934,0.1858595907688141,1.684690237045288,-0.6981645226478577,0.8563287854194641,1.7029184103012085,-0.6358018517494202,0.23836973309516907,1.6939777135849,-0.7738076448440552,0.8332554697990417,1.660848617553711,-0.5259922742843628,0.2600153982639313,1.6497615575790405,-0.6432663202285767,0.679831326007843,1.597313642501831,-0.030511578544974327,0.3862727880477905,1.5977658033370972,0.035720739513635635,0.6503034830093384,2.2201874256134033,0.03370026499032974,0.38327255845069885,2.222794532775879,0.08327983319759369,0.6498909592628479,2.7818474769592285,0.6530100107192993,0.39023226499557495,2.770646333694458,0.5030519366264343,0.6530603170394897,2.878217935562134,0.6868215799331665,0.3880055844783783,2.8637166023254395,0.53029465675354,0.6185506582260132,2.9518754482269287,0.19414550065994263,0.4319852888584137,2.940767526626587,-0.020073147490620613,0.43154144199664907,0
2026-09-24T12:30:04.072218,S013,S013_A5_Y_20260924_1229,elevated_20,A5,young,class_0,0.5396938323974609,0.5002694725990295,-0.7473641633987427,0.5597941875457764,0.43249577283859253,-0.7038779854774475,0.5753687024116516,0.431148886680603,-0.7036114931106567,0.5871337652206421,0.4309287965297699,-0.7036503553390503,0.5077158212661743,0.43922024965286255,-0.7086180448532104,0.4897858500480652,0.4429163634777069,-0.7078857421875,0.4732952117919922,0.44586288928985596,-0.7079876661300659,0.6053203344345093,0.4582093358039856,-0.4098541736602783,0.45343413949012756,0.4763243794441223,-0.411853164434433,0.5719045400619507,0.5663980841636658,-0.6343485116958618,0.5095133185386658,0.5713416934013367,-0.6344766616821289,0.7719875574111938,0.8276084065437317,-0.2345549613237381,0.3082301616668701,0.8291509747505188,-0.3545745015144348,0.872613251209259,1.2243202924728394,-0.23655851185321808,0.1968991756439209,1.2265714406967163,-0.311617910861969,0.878434956073761,1.5742467641830444,-0.5241607427597046,0.21549391746520996,1.5708814859390259,-0.6065580248832703,0.9150897860527039,1.6801449060440063,-0.6290420889854431,0.1847929060459137,1.6786649227142334,-0.7073448896408081,0.8603568077087402,1.6889029741287231,-0.6832226514816284,0.2368863821029663,1.6866354942321777,-0.7841931581497192,0.8364105224609375,1.648829698562622,-0.5674404501914978,0.25797897577285767,1.643522024154663,-0.6527658700942993,0.6790978312492371,1.5965932607650757,-0.03141402080655098,0.38653644919395447,1.5977654457092285,0.036507681012153625,0.650268018245697,2.2180144786834717,0.03410855680704117,0.38524582982063293,2.2226133346557617,0.08544493466615677,0.6498419046401978,2.7795183658599854,0.6528748273849487,0.39224550127983093,2.770611524581909,0.5075893402099609,0.6530002355575562,2.8743743896484375,0.6866841316223145,0.38972675800323486,2.8635594844818115,0.5354467034339905,0.618575930595398,2.949601888656616,0.1940920054912567,0.4327700734138489,2.940099000930786,-0.017132533714175224,0.43190994311208036,0
2026-09-24T12:30:04.200067,S013,S013_A5_Y_20260924_1229,elevated_20,A5,young,class_0,0.5390880703926086,0.4992818236351013,-0.7466959357261658,0.5591192245483398,0.43186500668525696,-0.7031542062759399,0.5748838782310486,0.4305787682533264,-0.7028857469558716,0.5867441892623901,0.43044814467430115,-0.7029234170913696,0.5072644352912903,0.4384137690067291,-0.7078202366828918,0.48939117789268494,0.4422823488712311,-0.707085907459259,0.47291040420532227,0.44541895389556885,-0.7071883082389832,0.6052053570747375,0.4576828181743622,-0.4098658561706543,0.4534197747707367,0.4759233593940735,-0.41156142950057983,0.5715276002883911,0.5653561949729919,-0.6341695785522461,0.5091615319252014,0.5706437826156616,-0.634131669998169,0.7718024253845215,0.8247830867767334,-0.2345275580883026,0.30872178077697754,0.8280466198921204,-0.35447391867637634,0.8706013560295105,1.2247657775878906,-0.23581993579864502,0.19624538719654083,1.2263925075531006,-0.31293541193008423,0.875658392906189,1.5749144554138184,-0.501437783241272,0.2154937982559204,1.5705628395080566,-0.6062262058258057,0.9112207293510437,1.6813750267028809,-0.5996547937393188,0.18497246503829956,1.6783561706542969,-0.7065069675445557,0.8567972183227539,1.690451741218567,-0.6551684141159058,0.23746737837791443,1.686338186264038,-0.782133936882019,0.8336023092269897,1.6499216556549072,-0.5442367792129517,0.25834283232688904,1.6432782411575317,-0.6517046093940735,0.6791059970855713,1.590045690536499,-0.030066978186368942,0.3874121308326721,1.5929903984069824,0.03505943343043327,0.6504524350166321,2.2121422290802,0.030995672568678856,0.3855467438697815,2.217053174972534,0.07005985081195831,0.6500900983810425,2.776010751724243,0.6285986304283142,0.3938940465450287,2.7660067081451416,0.46935558319091797,0.6533223390579224,2.870776653289795,0.6594524383544922,0.3915776014328003,2.8579440116882324,0.49434685707092285,0.6187227964401245,2.946453332901001,0.16293546557426453,0.4351359009742737,2.9360475540161133,-0.06404170393943787,0.4310491800864163,0
2026-09-24T12:30:04.323668,S013,S013_A5_Y_20260924_1229,elevated_20,A5,young,class_0,0.5389151573181152,0.4990989565849304,-0.7463887929916382,0.5587650537490845,0.43173402547836304,-0.7026538848876953,0.5745540261268616,0.43043941259384155,-0.7023805975914001,0.586368203163147,0.4302997589111328,-0.702413022518158,0.5069882273674011,0.43826189637184143,-0.7074102759361267,0.489104688167572,0.4421243965625763,-0.7066909074783325,0.4726087152957916,0.4452918767929077,-0.7068066596984863,0.6044871211051941,0.4571946859359741,-0.40616458654403687,0.4533866345882416,0.47558653354644775,-0.4124116003513336,0.5712877511978149,0.5650827288627625,-0.6339462995529175,0.5090757608413696,0.5705620050430298,-0.6343174576759338,0.7717851400375366,0.8232685923576355,-0.22997334599494934,0.30859604477882385,0.828043520450592,-0.3584912419319153,0.8712383508682251,1.2214913368225098,-0.23517218232154846,0.19530001282691956,1.2264436483383179,-0.32677772641181946,0.8757211565971375,1.5736603736877441,-0.5043622255325317,0.2154812514781952,1.570487141609192,-0.6220225095748901,0.9111782908439636,1.6812520027160645,-0.6039458513259888,0.18518300354480743,1.6783112287521362,-0.724016010761261,0.8567647933959961,1.6902649402618408,-0.6598197817802429,0.23785178363323212,1.6865112781524658,-0.7970648407936096,0.8335039019584656,1.6494696140289307,-0.5471994876861572,0.2584385275840759,1.6433857679367065,-0.6661950945854187,0.6796146631240845,1.5877925157546997,-0.02909209206700325,0.3891414999961853,1.5924835205078125,0.03401026502251625,0.6525074243545532,2.209986686706543,0.02922564186155796,0.38721805810928345,2.2157413959503174,0.06301913410425186,0.653720498085022,2.7744879722595215,0.6232959032058716,0.39805537462234497,2.7645394802093506,0.4601968228816986,0.6567230820655823,2.869278907775879,0.6543202996253967,0.3959037661552429,2.856088876724243,0.48511552810668945,0.624992847442627,2.9445724487304688,0.15985536575317383,0.44150930643081665,2.934048652648926,-0.07046698033809662,0.430748815365584,0
2026-09-24T12:30:04.450714,S013,S013_A5_Y_20260924_1229,elevated_20,A5,young,class_0,0.5389634370803833,0.49817851185798645,-0.7461921572685242,0.5588045716285706,0.43088945746421814,-0.7023204565048218,0.574572741985321,0.4296166002750397,-0.7020448446273804,0.586368978023529,0.429591566324234,-0.7020695805549622,0.5070299506187439,0.43718665838241577,-0.7072702050209045,0.4891476035118103,0.44108524918556213,-0.7065484523773193,0.4726479947566986,0.44445082545280457,-0.7066581845283508,0.6044903993606567,0.4564394950866699,-0.40543994307518005,0.45338454842567444,0.4748539924621582,-0.41231417655944824,0.5712807178497314,0.5642355680465698,-0.6338402032852173,0.5090822577476501,0.5698586106300354,-0.6341131925582886,0.7719486355781555,0.8228070139884949,-0.22838978469371796,0.30859145522117615,0.8275074362754822,-0.35837650299072266,0.870213508605957,1.2224605083465576,-0.2281000167131424,0.19486229121685028,1.224937915802002,-0.32415732741355896,0.8729833364486694,1.5747674703598022,-0.4943121373653412,0.21547821164131165,1.5693013668060303,-0.6192779541015625,0.9076698422431946,1.6832325458526611,-0.5947701334953308,0.18520121276378632,1.6777037382125854,-0.7213572859764099,0.8523856401443481,1.6917511224746704,-0.6518970727920532,0.23826000094413757,1.6857926845550537,-0.7945658564567566,0.8296351432800293,1.6504247188568115,-0.5377280116081238,0.2587602138519287,1.6424057483673096,-0.6637437343597412,0.6793436408042908,1.587273120880127,-0.027655605226755142,0.3889313340187073,1.591338872909546,0.032615724951028824,0.651037335395813,2.2097346782684326,0.029277881607413292,0.38601699471473694,2.2148959636688232,0.06260355561971664,0.6512866616249084,2.7741944789886475,0.6254321932792664,0.3958173990249634,2.7633566856384277,0.46492281556129456,0.6539374589920044,2.869130849838257,0.6567960977554321,0.3935019075870514,2.8549816608428955,0.4903884828090668,0.6222044229507446,2.9441957473754883,0.16248705983161926,0.4387892186641693,2.9328536987304688,-0.06661413609981537,0.43064550338795016,0
2026-09-24T12:30:04.568134,S013,S013_A5_Y_20260924_1229,elevated_20,A5,young,class_0,0.5389553308486938,0.49725615978240967,-0.7297038435935974,0.5588980317115784,0.43008914589881897,-0.686359703540802,0.5746544599533081,0.42899835109710693,-0.6859513521194458,0.5864061117172241,0.4292096197605133,-0.6859156489372253,0.5070565938949585,0.4356469213962555,-0.689227283000946,0.48918038606643677,0.4395395517349243,-0.688442587852478,0.4726664423942566,0.4430938959121704,-0.6884669065475464,0.6047323942184448,0.4564252495765686,-0.4002319276332855,0.45339030027389526,0.47388866543769836,-0.39895957708358765,0.5712252855300903,0.5637674331665039,-0.6221261024475098,0.5088485479354858,0.5692266821861267,-0.6200944781303406,0.7719817161560059,0.8229000568389893,-0.2270624339580536,0.3085264563560486,0.8273500204086304,-0.34235578775405884,0.8702101707458496,1.2238898277282715,-0.204026460647583,0.19487342238426208,1.224597454071045,-0.27325326204299927,0.8661470413208008,1.5748744010925293,-0.43568700551986694,0.2149224728345871,1.569250464439392,-0.5454312562942505,0.8989750146865845,1.6833064556121826,-0.5331665873527527,0.18397435545921326,1.6776846647262573,-0.6399068236351013,0.8418525457382202,1.6912918090820312,-0.5815746784210205,0.23686440289020538,1.6857439279556274,-0.719020664691925,0.8195816874504089,1.6499847173690796,-0.4747338891029358,0.25804412364959717,1.6423776149749756,-0.5924443602561951,0.6784676313400269,1.587316632270813,-0.027628500014543533,0.38628485798835754,1.5909372568130493,0.03260526433587074,0.6470779776573181,2.2097666263580322,0.0372311994433403,0.3830731213092804,2.214083194732666,0.07769808173179626,0.6433056592941284,2.7730069160461426,0.665354311466217,0.38669174909591675,2.7620222568511963,0.5102444887161255,0.6452893614768982,2.867633819580078,0.7005646824836731,0.38333648443222046,2.8538641929626465,0.5390709638595581,0.614305853843689,2.9420840740203857,0.21235045790672302,0.42664140462875366,2.930560827255249,-0.018133610486984253,0.4310316256802997,0
2026-09-24T12:30:04.691892,S013,S013_A5_Y_20260924_1229,elevated_20,A5,young,class_0,0.5356928110122681,0.491102010011673,-0.7275124192237854,0.5579425096511841,0.4250445067882538,-0.6838123798370361,0.5743473768234253,0.4245125651359558,-0.6833990812301636,0.5862874984741211,0.4252455532550812,-0.6833394765853882,0.5051971077919006,0.4298456311225891,-0.6854581832885742,0.48724451661109924,0.43410560488700867,-0.684679388999939,0.4705592095851898,0.43783608078956604,-0.6847521662712097,0.6050933003425598,0.4532587230205536,-0.3997524678707123,0.45307907462120056,0.46829894185066223,-0.39268168807029724,0.5696035623550415,0.5582908987998962,-0.6207460165023804,0.5048822164535522,0.563478410243988,-0.6176319718360901,0.7727803587913513,0.8233835101127625,-0.22544065117835999,0.3085140287876129,0.8264748454093933,-0.33980339765548706,0.8701869249343872,1.2306742668151855,-0.19377675652503967,0.19484072923660278,1.2208919525146484,-0.2644820213317871,0.8580654859542847,1.5794590711593628,-0.423454612493515,0.21505644917488098,1.5667940378189087,-0.5432311296463013,0.8880720138549805,1.6891632080078125,-0.5186150670051575,0.18435987830162048,1.6769803762435913,-0.6412689089775085,0.8292939066886902,1.693685531616211,-0.5691397786140442,0.2377389669418335,1.6837204694747925,-0.7148841619491577,0.8085705041885376,1.6514836549758911,-0.46334919333457947,0.2589772343635559,1.6397279500961304,-0.588467538356781,0.6781941652297974,1.5882461071014404,-0.026146069169044495,0.3843173682689667,1.5909345149993896,0.03131996840238571,0.6463655829429626,2.211930751800537,0.03768365457653999,0.3798431158065796,2.2141008377075195,0.06970115005970001,0.6429242491722107,2.7740936279296875,0.6626925468444824,0.3845563530921936,2.76200008392334,0.4939333498477936,0.6451369524002075,2.8688623905181885,0.6972663998603821,0.38150864839553833,2.853863477706909,0.5209095478057861,0.6123474836349487,2.9437546730041504,0.21010112762451172,0.42498698830604553,2.930668830871582,-0.03884425014257431,0.43074143416911836,0
2026-09-24T12:30:04.801679,S013,S013_A5_Y_20260924_1229,elevated_20,A5,young,class_0,0.5333293676376343,0.48636212944984436,-0.7387672662734985,0.5571978688240051,0.4219713807106018,-0.6937111616134644,0.574062705039978,0.4218270480632782,-0.693295419216156,0.5861254930496216,0.4229894280433655,-0.6931906938552856,0.5041369199752808,0.4262499213218689,-0.6942815780639648,0.4861523509025574,0.4307703971862793,-0.6935359239578247,0.46933722496032715,0.43468987941741943,-0.6936075091362,0.6052636504173279,0.452536016702652,-0.4076372981071472,0.4529810845851898,0.4659307599067688,-0.39567968249320984,0.5682690143585205,0.5547720789909363,-0.6319068670272827,0.5018450021743774,0.5598117113113403,-0.6274371147155762,0.7730304002761841,0.8265048265457153,-0.23764082789421082,0.30834951996803284,0.826701283454895,-0.339958518743515,0.8728469014167786,1.232236623764038,-0.20992180705070496,0.19312623143196106,1.2199571132659912,-0.26915213465690613,0.8594721555709839,1.5824685096740723,-0.44621092081069946,0.21271559596061707,1.566745638847351,-0.5517153739929199,0.8884902000427246,1.6922134160995483,-0.5459393262863159,0.1824447363615036,1.6769436597824097,-0.6502386331558228,0.8300002813339233,1.695915699005127,-0.5927888751029968,0.23565872013568878,1.683623194694519,-0.7239442467689514,0.8089205026626587,1.6537532806396484,-0.48441678285598755,0.2570030093193054,1.6396929025650024,-0.5970027446746826,0.6761611700057983,1.5949385166168213,-0.027591025456786156,0.3826991617679596,1.596555471420288,0.0327707901597023,0.645317554473877,2.2187280654907227,0.03764336556196213,0.3795182704925537,2.2201650142669678,0.0736892819404602,0.6413416266441345,2.779430627822876,0.6646318435668945,0.38410383462905884,2.768007755279541,0.5113214254379272,0.6438707709312439,2.873342990875244,0.6992406249046326,0.3811204731464386,2.8610665798187256,0.5405454635620117,0.6085439920425415,2.9504857063293457,0.20918086171150208,0.4230496883392334,2.934576988220215,-0.016666054725646973,0.43146807303665036,0
2026-09-24T12:30:04.909332,S013,S013_A5_Y_20260924_1229,elevated_20,A5,young,class_0,0.5309100151062012,0.484619140625,-0.739393413066864,0.5558762550354004,0.42082518339157104,-0.6947540640830994,0.5734068751335144,0.4208017885684967,-0.6943292021751404,0.5857874751091003,0.42208367586135864,-0.6942178010940552,0.5026975870132446,0.42470064759254456,-0.6944341659545898,0.48493337631225586,0.4291745126247406,-0.6936888098716736,0.46830877661705017,0.43298807740211487,-0.6937552094459534,0.605462908744812,0.4519336521625519,-0.41056719422340393,0.4529755115509033,0.4643118679523468,-0.3949032127857208,0.5665057897567749,0.5527437329292297,-0.6329997181892395,0.4995066225528717,0.5577051639556885,-0.6275405883789062,0.7735611200332642,0.8268354535102844,-0.24063368141651154,0.30852383375167847,0.8257765173912048,-0.33950260281562805,0.8740350008010864,1.2340854406356812,-0.219730406999588,0.193121999502182,1.2155309915542603,-0.2704959511756897,0.8598386645317078,1.58260977268219,-0.46310439705848694,0.2124721109867096,1.5624700784683228,-0.556456983089447,0.8895951509475708,1.6921967267990112,-0.5658539533615112,0.18211312592029572,1.6723910570144653,-0.6552108526229858,0.8314081430435181,1.695655345916748,-0.6139470934867859,0.23545019328594208,1.6794601678848267,-0.7284956574440002,0.810092568397522,1.653465986251831,-0.5018044710159302,0.25679752230644226,1.6358860731124878,-0.6018445491790771,0.6720623970031738,1.594910740852356,-0.027655210345983505,0.3800395131111145,1.5949963331222534,0.03285672888159752,0.6379584670066833,2.218675136566162,0.03721660003066063,0.37444043159484863,2.2188942432403564,0.07312207669019699,0.630915105342865,2.7793540954589844,0.6618614792823792,0.3752898573875427,2.767622470855713,0.5079793930053711,0.6336808800697327,2.8733108043670654,0.6964658498764038,0.3719455599784851,2.8606064319610596,0.5365581512451172,0.5953626036643982,2.9503800868988037,0.20628130435943604,0.41215768456459045,2.934452772140503,-0.02226025052368641,0.4317566273187877,0
2026-09-24T12:30:05.014966,S013,S013_A5_Y_20260924_1229,elevated_20,A5,young,class_0,0.5317062735557556,0.4842478334903717,-0.7391423583030701,0.5562012195587158,0.41997358202934265,-0.6943756341934204,0.5735617280006409,0.4199402928352356,-0.693954348564148,0.5858913064002991,0.42120516300201416,-0.6938356757164001,0.5029613971710205,0.4240742325782776,-0.6940237283706665,0.4853295385837555,0.4286292493343353,-0.6932781934738159,0.4686203598976135,0.4326678216457367,-0.6933517456054688,0.6056354641914368,0.45132505893707275,-0.4106775224208832,0.4529991149902344,0.4642278254032135,-0.39516231417655945,0.566749632358551,0.5526756644248962,-0.6328819990158081,0.5000744462013245,0.5576505661010742,-0.6275330185890198,0.7736632227897644,0.8268254995346069,-0.2411448061466217,0.30921268463134766,0.8255355954170227,-0.33964791893959045,0.8744763135910034,1.2341147661209106,-0.2196480929851532,0.19340988993644714,1.2164171934127808,-0.2719261050224304,0.8597409129142761,1.5818921327590942,-0.4594212472438812,0.21208128333091736,1.5649681091308594,-0.5574612617492676,0.8899506330490112,1.6907674074172974,-0.5609169006347656,0.18087445199489594,1.6750437021255493,-0.6561116576194763,0.8313568234443665,1.6938023567199707,-0.6078844666481018,0.23467108607292175,1.6822941303253174,-0.73194819688797,0.8098150491714478,1.6520763635635376,-0.4981112480163574,0.25650691986083984,1.6386066675186157,-0.6040586829185486,0.6721009612083435,1.59266996383667,-0.027653774246573448,0.3799018859863281,1.5919270515441895,0.032861605286598206,0.6380736827850342,2.218287467956543,0.035416994243860245,0.3742988705635071,2.2171339988708496,0.07178502529859543,0.6315656304359436,2.779228448867798,0.6560220718383789,0.3758243918418884,2.7663791179656982,0.5033064484596252,0.6343961954116821,2.873134136199951,0.6896193623542786,0.3725615441799164,2.8594472408294678,0.531625509262085,0.5960131883621216,2.9500977993011475,0.19496317207813263,0.41314730048179626,2.933333158493042,-0.02916034124791622,0.431920246030586,0
2026-09-24T12:30:05.195534,S013,S013_A5_Y_20260924_1229,elevated_20,A5,young,class_0,0.5335764288902283,0.4830135107040405,-0.7501460313796997,0.5573009252548218,0.41894519329071045,-0.7045620679855347,0.574130654335022,0.41901206970214844,-0.7042046785354614,0.5863087177276611,0.42031893134117126,-0.7040978670120239,0.5041646361351013,0.423073410987854,-0.7045984268188477,0.4866463541984558,0.42766931653022766,-0.7038601636886597,0.4698401093482971,0.43205514550209045,-0.7039657235145569,0.6060063242912292,0.4508064389228821,-0.4192422032356262,0.4532836973667145,0.4641117453575134,-0.40437906980514526,0.5674120187759399,0.5518096685409546,-0.6434805989265442,0.5016006827354431,0.5567324757575989,-0.6386228799819946,0.7736685276031494,0.8269076943397522,-0.24932146072387695,0.3094519376754761,0.8248149156570435,-0.3461843729019165,0.8746282458305359,1.2340550422668457,-0.23788639903068542,0.1933947503566742,1.2158788442611694,-0.28590232133865356,0.8623429536819458,1.5807547569274902,-0.4977757930755615,0.21359741687774658,1.5632368326187134,-0.581478476524353,0.8940854072570801,1.6889381408691406,-0.6018895506858826,0.18372228741645813,1.6733192205429077,-0.6820695996284485,0.8354894518852234,1.6927783489227295,-0.6489919424057007,0.23798370361328125,1.6806621551513672,-0.7574922442436218,0.8135144114494324,1.6506813764572144,-0.5378626585006714,0.2587525248527527,1.6367535591125488,-0.6279760599136353,0.6721458435058594,1.5919756889343262,-0.029422473162412643,0.37993985414505005,1.5895217657089233,0.034681566059589386,0.6381996870040894,2.2174155712127686,0.02896067127585411,0.37433862686157227,2.215691089630127,0.0753173977136612,0.6314617395401001,2.7787604331970215,0.6535788178443909,0.3750306963920593,2.7658121585845947,0.5099871158599854,0.6342734098434448,2.873012065887451,0.6872929334640503,0.3715358078479767,2.8593404293060303,0.5382089614868164,0.5954016447067261,2.949629783630371,0.18735161423683167,0.41178736090660095,2.9327263832092285,-0.024742763489484787,0.4314698032731168,0
2026-09-24T12:30:05.337042,S013,S013_A5_Y_20260924_1229,elevated_20,A5,young,class_0,0.534246027469635,0.48404449224472046,-0.7472184896469116,0.5575753450393677,0.41987839341163635,-0.702121913433075,0.5742358565330505,0.41977187991142273,-0.7017835378646851,0.586353600025177,0.4210137724876404,-0.7017046213150024,0.5048450231552124,0.4243986904621124,-0.7030900716781616,0.4873184561729431,0.4288668632507324,-0.7023547887802124,0.47066837549209595,0.4331637918949127,-0.7024346590042114,0.606009840965271,0.45140233635902405,-0.41399627923965454,0.4535326063632965,0.46568596363067627,-0.4033743739128113,0.5676916837692261,0.55190509557724,-0.639053225517273,0.5023180246353149,0.557247519493103,-0.6355121731758118,0.7733501195907593,0.8269388675689697,-0.24456994235515594,0.3108808100223541,0.8243529200553894,-0.3424651324748993,0.8729643821716309,1.231076955795288,-0.23099584877490997,0.19200466573238373,1.2122576236724854,-0.28390151262283325,0.8626367449760437,1.5749553442001343,-0.4797821640968323,0.21177217364311218,1.5590983629226685,-0.5749914646148682,0.8945766687393188,1.6814478635787964,-0.5796009302139282,0.18155831098556519,1.6686214208602905,-0.6731137037277222,0.8379802703857422,1.6859179735183716,-0.6285627484321594,0.23583540320396423,1.6761654615402222,-0.7491358518600464,0.8157575726509094,1.644711971282959,-0.5199450850486755,0.2564953863620758,1.6324964761734009,-0.6211411356925964,0.6715520620346069,1.5918132066726685,-0.030233412981033325,0.379946231842041,1.5893619060516357,0.03537488728761673,0.6378642916679382,2.215707302093506,0.029026368632912636,0.37448447942733765,2.214539051055908,0.08226388692855835,0.6306204199790955,2.7766129970550537,0.6533881425857544,0.37535184621810913,2.7645366191864014,0.5167937874794006,0.6329801678657532,2.870413064956665,0.6870121955871582,0.371911883354187,2.858079433441162,0.5453460812568665,0.5957626104354858,2.9465019702911377,0.1880810409784317,0.4119788110256195,2.9296507835388184,-0.015148542821407318,0.4318399861443788,0
2026-09-24T12:30:05.460150,S013,S013_A5_Y_20260924_1229,elevated_20,A5,young,class_0,0.5343009233474731,0.48602432012557983,-0.7472778558731079,0.5575773119926453,0.42130517959594727,-0.7027259469032288,0.5742287039756775,0.42100536823272705,-0.7023937106132507,0.5863519906997681,0.4220697581768036,-0.7023181319236755,0.5048940777778625,0.42570096254348755,-0.7033430337905884,0.4873906970024109,0.429840624332428,-0.7026008367538452,0.47075310349464417,0.43391841650009155,-0.702694296836853,0.6060515642166138,0.45199236273765564,-0.4165400564670563,0.45353370904922485,0.4664413034915924,-0.40335512161254883,0.567779541015625,0.5531640648841858,-0.6393359303474426,0.5026231408119202,0.5586527585983276,-0.6353272199630737,0.7738524675369263,0.8269392251968384,-0.24501104652881622,0.3109905421733856,0.8242753744125366,-0.34254616498947144,0.8729622960090637,1.2326997518539429,-0.2333509624004364,0.19203081727027893,1.217356562614441,-0.2847868502140045,0.8614516258239746,1.5791150331497192,-0.48017826676368713,0.21034887433052063,1.5679305791854858,-0.5780915021896362,0.893153190612793,1.6874539852142334,-0.5799030065536499,0.1787412315607071,1.6783298254013062,-0.6777521967887878,0.8356102108955383,1.6931688785552979,-0.6284514665603638,0.2339184731245041,1.6869652271270752,-0.7533533573150635,0.8137142062187195,1.6510206460952759,-0.5202082395553589,0.25540876388549805,1.6430877447128296,-0.6242573261260986,0.6719762086868286,1.5918115377426147,-0.03029780089855194,0.3801676630973816,1.5892547369003296,0.035463664680719376,0.6378219127655029,2.21579909324646,0.02819468453526497,0.3727070689201355,2.2143914699554443,0.08051163703203201,0.6304110288619995,2.7766337394714355,0.6454962491989136,0.37457260489463806,2.76381516456604,0.5056151151657104,0.6330024003982544,2.8705217838287354,0.6779359579086304,0.37138593196868896,2.85699462890625,0.5329705476760864,0.5941917300224304,2.946556568145752,0.17510415613651276,0.41203030943870544,2.929657220840454,-0.030194971710443497,0.43166356144052137,0
2026-09-24T12:30:05.567339,S013,S013_A5_Y_20260924_1229,elevated_20,A5,young,class_0,0.5346508026123047,0.48995161056518555,-0.747053861618042,0.5575999617576599,0.42462125420570374,-0.7028946876525879,0.5742086172103882,0.42383819818496704,-0.70256108045578,0.58628910779953,0.42437881231307983,-0.7024883031845093,0.5051958560943604,0.429849237203598,-0.7039045095443726,0.4876890182495117,0.43341246247291565,-0.7031453847885132,0.4710772633552551,0.4369419813156128,-0.7032202482223511,0.6057614088058472,0.4536234438419342,-0.41640704870224,0.45360320806503296,0.4690881073474884,-0.4046509861946106,0.5680171847343445,0.5552100539207458,-0.6391127109527588,0.5033382773399353,0.5607938766479492,-0.6351152658462524,0.7727779150009155,0.826403796672821,-0.24631647765636444,0.3112795054912567,0.8242440819740295,-0.34142160415649414,0.8724406957626343,1.226840615272522,-0.23878875374794006,0.19232523441314697,1.2166725397109985,-0.28450629115104675,0.8628970384597778,1.5757440328598022,-0.4868188500404358,0.21046912670135498,1.5663468837738037,-0.5740945339202881,0.8964239358901978,1.6822803020477295,-0.5881859064102173,0.17876580357551575,1.6749769449234009,-0.672981858253479,0.8410897254943848,1.6891134977340698,-0.6356624364852905,0.23382346332073212,1.6832340955734253,-0.7510598301887512,0.8174735307693481,1.648585557937622,-0.526636004447937,0.25538569688796997,1.6403672695159912,-0.6213926076889038,0.6719933152198792,1.5917037725448608,-0.0329684242606163,0.3809327781200409,1.589469075202942,0.03809751942753792,0.6382644176483154,2.214855432510376,0.03614973649382591,0.37635698914527893,2.214357852935791,0.09298582375049591,0.6320421695709229,2.773646354675293,0.6581137776374817,0.3807740807533264,2.7631990909576416,0.5302035808563232,0.6349902153015137,2.8663687705993652,0.6918734312057495,0.37820056080818176,2.8560118675231934,0.5598937273025513,0.5962063074111938,2.9428112506866455,0.19617272913455963,0.41618019342422485,2.9282281398773193,0.0046733468770980835,0.43238312734986334,0
2026-09-24T12:30:05.682189,S013,S013_A5_Y_20260924_1229,elevated_20,A5,young,class_0,0.5347475409507751,0.49254152178764343,-0.7410658001899719,0.5576072335243225,0.4271087348461151,-0.6977085471153259,0.5741838216781616,0.4261637032032013,-0.6973897814750671,0.5862487554550171,0.42646822333335876,-0.6973473429679871,0.5053328275680542,0.43247318267822266,-0.6988869309425354,0.4877922534942627,0.43559011816978455,-0.6980968117713928,0.47118711471557617,0.4386936128139496,-0.6981706023216248,0.6055380702018738,0.4554521143436432,-0.41090264916419983,0.4536043107509613,0.4703064560890198,-0.3994036912918091,0.5681630373001099,0.5571946501731873,-0.6319869160652161,0.5036479234695435,0.5622888803482056,-0.6281425356864929,0.7718287110328674,0.8268775343894958,-0.2438020259141922,0.31098392605781555,0.8245885372161865,-0.3355817198753357,0.871396541595459,1.226377010345459,-0.2377302199602127,0.19327321648597717,1.2171508073806763,-0.2693413496017456,0.8629859685897827,1.5750954151153564,-0.4861127734184265,0.21036553382873535,1.5662868022918701,-0.5464522242546082,0.8965460062026978,1.681787371635437,-0.5874512791633606,0.17812614142894745,1.6745131015777588,-0.644220232963562,0.8412237167358398,1.6888630390167236,-0.6354447603225708,0.23249733448028564,1.6831718683242798,-0.7216947078704834,0.8175983428955078,1.6481825113296509,-0.5259875059127808,0.25428342819213867,1.6402705907821655,-0.593737006187439,0.6719499826431274,1.5940104722976685,-0.03495711088180542,0.3809465765953064,1.5917861461639404,0.0401526615023613,0.6383179426193237,2.215728998184204,0.036084964871406555,0.3763578534126282,2.2150778770446777,0.09675408899784088,0.6320894956588745,2.7736427783966064,0.6577565670013428,0.3807772696018219,2.7631611824035645,0.5309368371963501,0.6350466012954712,2.866380214691162,0.691644012928009,0.378202348947525,2.8560070991516113,0.5602664351463318,0.5964542031288147,2.942641496658325,0.19832196831703186,0.4162505567073822,2.9281294345855713,0.010359997861087322,0.4326660970554547,0
2026-09-24T12:30:05.795944,S013,S013_A5_Y_20260924_1229,elevated_20,A5,young,class_0,0.5349210500717163,0.493184894323349,-0.7399115562438965,0.5576106309890747,0.42795220017433167,-0.6965996026992798,0.5741686224937439,0.4268262982368469,-0.6963006258010864,0.5862447619438171,0.42700475454330444,-0.6962655782699585,0.5053432583808899,0.43338409066200256,-0.6979659795761108,0.48780307173728943,0.43641725182533264,-0.6971784830093384,0.47119808197021484,0.4394717514514923,-0.6972684860229492,0.6055300235748291,0.4556960463523865,-0.41047534346580505,0.4535723626613617,0.4708643853664398,-0.3990182876586914,0.5686774849891663,0.5580136179924011,-0.6311326622962952,0.5041671991348267,0.5628201365470886,-0.6273283362388611,0.771843671798706,0.8267844319343567,-0.23984818160533905,0.31108638644218445,0.824834942817688,-0.3360338509082794,0.8701068758964539,1.2263550758361816,-0.23340943455696106,0.2007155865430832,1.2240338325500488,-0.27249783277511597,0.8621317744255066,1.5736454725265503,-0.48287445306777954,0.21254904568195343,1.5675952434539795,-0.5651558637619019,0.8956502079963684,1.6807194948196411,-0.5828800201416016,0.17908844351768494,1.6756184101104736,-0.6687330007553101,0.840456485748291,1.6878896951675415,-0.631737232208252,0.23318202793598175,1.6838297843933105,-0.7451279163360596,0.8170404434204102,1.6468329429626465,-0.523367166519165,0.2555252015590668,1.64066481590271,-0.6125210523605347,0.6740640997886658,1.5926493406295776,-0.03460836410522461,0.38207948207855225,1.5909000635147095,0.039823196828365326,0.6418412327766418,2.2143442630767822,0.03496287390589714,0.37823110818862915,2.214122772216797,0.09543421119451523,0.6395343542098999,2.7727584838867188,0.6513000130653381,0.3857440948486328,2.761133909225464,0.5194786787033081,0.6430746912956238,2.8661751747131348,0.6839718222618103,0.3836773931980133,2.8539063930511475,0.5470465421676636,0.6058593392372131,2.9413907527923584,0.18664361536502838,0.4252116084098816,2.927337169647217,-0.00722570950165391,0.43233989418973634,0
2026-09-24T12:30:05.911618,S013,S013_A5_Y_20260924_1229,elevated_20,A5,young,class_0,0.5355413556098938,0.49489402770996094,-0.7542580366134644,0.5577850937843323,0.42950931191444397,-0.7096335291862488,0.574183464050293,0.42836296558380127,-0.7093872427940369,0.5862429738044739,0.4284435212612152,-0.7094367146492004,0.5059589743614197,0.4348755180835724,-0.7136554718017578,0.4883732795715332,0.43770402669906616,-0.7128750681877136,0.4718152582645416,0.4405266344547272,-0.7129617929458618,0.6053730845451355,0.4567064046859741,-0.41063135862350464,0.45361337065696716,0.47145745158195496,-0.40586552023887634,0.5689947009086609,0.5590517520904541,-0.6382433176040649,0.5046819448471069,0.5637010335922241,-0.6373584270477295,0.7705944180488586,0.8255103230476379,-0.23875382542610168,0.31105712056159973,0.824445366859436,-0.3363063633441925,0.8699064254760742,1.2202805280685425,-0.2333742380142212,0.20099787414073944,1.2226741313934326,-0.28125637769699097,0.8636841773986816,1.5688645839691162,-0.5032473802566528,0.21257741749286652,1.5614994764328003,-0.6051945686340332,0.8978827595710754,1.6772403717041016,-0.6085147261619568,0.17910054326057434,1.6685607433319092,-0.7131889462471008,0.8433423042297363,1.684313416481018,-0.6600086688995361,0.23296192288398743,1.6760669946670532,-0.7952585220336914,0.8198174238204956,1.6429797410964966,-0.5450021028518677,0.25522133708000183,1.6333470344543457,-0.6549440026283264,0.6738306283950806,1.592282772064209,-0.03645063936710358,0.3820682168006897,1.5907578468322754,0.04158085212111473,0.6418459415435791,2.2135777473449707,0.04088330268859863,0.37812235951423645,2.213874101638794,0.110663041472435,0.6393342018127441,2.771425485610962,0.672888994216919,0.38557666540145874,2.7608625888824463,0.5591095089912415,0.6426496505737305,2.8647642135620117,0.7076048851013184,0.38351529836654663,2.853530168533325,0.5897084474563599,0.6059306263923645,2.9397590160369873,0.2065333127975464,0.42508143186569214,2.926999092102051,0.025351068004965782,0.4331253971250025,0
2026-09-24T12:30:06.019378,S013,S013_A5_Y_20260924_1229,elevated_20,A5,young,class_0,0.5355618596076965,0.49733075499534607,-0.7538836002349854,0.557789146900177,0.4312489926815033,-0.7091443538665771,0.5741363763809204,0.4301005005836487,-0.708891749382019,0.5861960649490356,0.43008124828338623,-0.7089259624481201,0.5059705376625061,0.43686264753341675,-0.7131938934326172,0.48839497566223145,0.4394296705722809,-0.7124188542366028,0.47184377908706665,0.4420137107372284,-0.7125067710876465,0.6052802801132202,0.4582099914550781,-0.4106230139732361,0.45362815260887146,0.47267940640449524,-0.40751203894615173,0.569027304649353,0.5609484314918518,-0.6386063098907471,0.504715621471405,0.5653068423271179,-0.638020396232605,0.7707319259643555,0.8255543112754822,-0.23758570849895477,0.3110794126987457,0.8246089220046997,-0.34348878264427185,0.8715833425521851,1.220421552658081,-0.23448562622070312,0.20089633762836456,1.2237498760223389,-0.295066773891449,0.8724796175956726,1.5690405368804932,-0.5063510537147522,0.2124248445034027,1.5656590461730957,-0.610344648361206,0.9090560078620911,1.6774940490722656,-0.6095046997070312,0.17869116365909576,1.6730973720550537,-0.7156902551651001,0.8540195226669312,1.6849299669265747,-0.6606012582778931,0.23273709416389465,1.6816864013671875,-0.7950347661972046,0.8296791911125183,1.6437790393829346,-0.5480818152427673,0.2551289200782776,1.6389156579971313,-0.6586131453514099,0.6751127243041992,1.5922659635543823,-0.036419469863176346,0.3827721178531647,1.5909794569015503,0.04154570400714874,0.6442739367485046,2.2139925956726074,0.03484097868204117,0.37953799962997437,2.214951992034912,0.1015051007270813,0.6416406631469727,2.772744655609131,0.6499557495117188,0.38631710410118103,2.762413740158081,0.5262051224708557,0.6449637413024902,2.8664090633392334,0.6821784973144531,0.38419538736343384,2.8549370765686035,0.5537987351417542,0.6083477735519409,2.94145131111145,0.18203747272491455,0.4261912405490875,2.9293205738067627,-0.008139384910464287,0.4336986441638518,0
2026-09-24T12:30:06.166738,S013,S013_A5_Y_20260924_1229,elevated_20,A5,young,class_0,0.5355914831161499,0.4979390799999237,-0.7487753033638,0.5577936172485352,0.43162232637405396,-0.705065906047821,0.5741337537765503,0.43045347929000854,-0.704802393913269,0.5862351655960083,0.43039873242378235,-0.7048446536064148,0.5059818625450134,0.43699324131011963,-0.7081420421600342,0.48840564489364624,0.4395146667957306,-0.7073952555656433,0.47185444831848145,0.4420730471611023,-0.7075353860855103,0.6054595708847046,0.4582434594631195,-0.41061773896217346,0.45364242792129517,0.47267526388168335,-0.40652599930763245,0.5690451860427856,0.5616654753684998,-0.6361967325210571,0.504736065864563,0.5656483769416809,-0.6346827745437622,0.771395742893219,0.8256528377532959,-0.2372506558895111,0.3111029267311096,0.8250076770782471,-0.3440689742565155,0.8713645935058594,1.2258336544036865,-0.23259659111499786,0.20254802703857422,1.2291604280471802,-0.29467448592185974,0.8644898533821106,1.5730663537979126,-0.49890294671058655,0.21524278819561005,1.568172812461853,-0.6048746705055237,0.8975669741630554,1.6830828189849854,-0.6009520888328552,0.182271346449852,1.676086664199829,-0.7122005820274353,0.8400729894638062,1.689373254776001,-0.6532257795333862,0.23588630557060242,1.683846354484558,-0.7896177768707275,0.8179025650024414,1.6468960046768188,-0.54079669713974,0.2581845223903656,1.640591025352478,-0.6521663665771484,0.676470935344696,1.5925672054290771,-0.03224189952015877,0.38413381576538086,1.5915521383285522,0.037474073469638824,0.6457521319389343,2.2141103744506836,0.033628009259700775,0.38002923130989075,2.214942693710327,0.07098206132650375,0.6439135670661926,2.773327112197876,0.6257424354553223,0.3872038722038269,2.762408494949341,0.4603559076786041,0.6477090120315552,2.867656946182251,0.6558946371078491,0.3850695788860321,2.8550055027008057,0.48359569907188416,0.6094251871109009,2.9426045417785645,0.15809771418571472,0.42807427048683167,2.929859161376953,-0.07067334651947021,0.4328638856091705,0
2026-09-24T12:30:06.282351,S013,S013_A5_Y_20260924_1229,elevated_20,A5,young,class_0,0.5356835126876831,0.5019026398658752,-0.748538076877594,0.5578530430793762,0.4338580369949341,-0.7048152685165405,0.5741358995437622,0.43268918991088867,-0.7045508027076721,0.5862457156181335,0.43236058950424194,-0.7045876383781433,0.5061218738555908,0.4391213357448578,-0.7080829739570618,0.4885925352573395,0.4411795735359192,-0.7073504328727722,0.4720631241798401,0.443349152803421,-0.7074973583221436,0.605455756187439,0.4592014253139496,-0.41064339876174927,0.4538193345069885,0.4735752046108246,-0.4101450443267822,0.5691445469856262,0.5648689270019531,-0.6361340880393982,0.5049213171005249,0.5684882998466492,-0.6347938776016235,0.7723038196563721,0.8265697360038757,-0.23687517642974854,0.31107190251350403,0.8256908655166626,-0.3469838500022888,0.867463231086731,1.231795072555542,-0.22854502499103546,0.2024727612733841,1.2304437160491943,-0.2951837182044983,0.856992244720459,1.5816090106964111,-0.48545193672180176,0.21354475617408752,1.5731837749481201,-0.6024948954582214,0.887518584728241,1.6926335096359253,-0.5838915705680847,0.18006406724452972,1.6820577383041382,-0.7054222822189331,0.8319131135940552,1.6983726024627686,-0.6373134255409241,0.23356953263282776,1.689868450164795,-0.7816961407661438,0.8106582760810852,1.6552311182022095,-0.5270206928253174,0.25647833943367004,1.646156907081604,-0.6484658718109131,0.6767253279685974,1.5934078693389893,-0.030515354126691818,0.38471606373786926,1.5935347080230713,0.03559006378054619,0.6457417011260986,2.214141845703125,0.0326443687081337,0.37982356548309326,2.2149317264556885,0.06365616619586945,0.6438018679618835,2.773480176925659,0.6196538805961609,0.3872116804122925,2.7621233463287354,0.46140068769454956,0.6474476456642151,2.8677337169647217,0.6503636240959167,0.3851388096809387,2.8545825481414795,0.4866257607936859,0.6093595623970032,2.9435811042785645,0.1591375321149826,0.42830657958984375,2.9295475482940674,-0.06448753923177719,0.43260170962023015,0
2026-09-24T12:30:06.397002,S013,S013_A5_Y_20260924_1229,elevated_20,A5,young,class_0,0.5364323854446411,0.5025250911712646,-0.7415207624435425,0.5586265921592712,0.43432027101516724,-0.6988329887390137,0.5745837688446045,0.4330841898918152,-0.6984952688217163,0.5865521430969238,0.4327109158039093,-0.6984963417053223,0.506881058216095,0.43979522585868835,-0.7032473683357239,0.4892076551914215,0.4418453872203827,-0.7024996876716614,0.472714900970459,0.44392359256744385,-0.7026031613349915,0.6054908037185669,0.4592849910259247,-0.406299352645874,0.453972190618515,0.47396862506866455,-0.4097646176815033,0.5697006583213806,0.56524258852005,-0.6290913820266724,0.5053794980049133,0.5691215991973877,-0.6295030117034912,0.7722173929214478,0.8273558020591736,-0.23527956008911133,0.3108409345149994,0.82570481300354,-0.34324923157691956,0.8641057014465332,1.2318999767303467,-0.21798725426197052,0.20249085128307343,1.2275010347366333,-0.2730066478252411,0.8564052581787109,1.5815486907958984,-0.4630777835845947,0.2140723168849945,1.5679347515106201,-0.5478658676147461,0.8879019618034363,1.6924735307693481,-0.5595301389694214,0.18071678280830383,1.675726056098938,-0.6438502073287964,0.8324570655822754,1.6982883214950562,-0.611596405506134,0.23366621136665344,1.6823534965515137,-0.723305344581604,0.810907244682312,1.6551151275634766,-0.5037554502487183,0.2565609812736511,1.6392251253128052,-0.5949913263320923,0.6763452291488647,1.5953140258789062,-0.03056790493428707,0.3843221068382263,1.5944406986236572,0.03564179688692093,0.6437076926231384,2.214409828186035,0.03703133016824722,0.3778684735298157,2.214890956878662,0.06476648151874542,0.6383814811706543,2.7733116149902344,0.6336128115653992,0.3820411264896393,2.761592388153076,0.4705120623111725,0.6412817239761353,2.8672289848327637,0.666256844997406,0.3796859085559845,2.853976011276245,0.4971033036708832,0.6041310429573059,2.943192720413208,0.18520471453666687,0.41977959871292114,2.928276300430298,-0.043444015085697174,0.4333764061617661,0
2026-09-24T12:30:06.503808,S013,S013_A5_Y_20260924_1229,elevated_20,A5,young,class_0,0.5366342663764954,0.5025009512901306,-0.7388998866081238,0.5588403940200806,0.4343116879463196,-0.6958598494529724,0.5747841596603394,0.43307697772979736,-0.6955149173736572,0.5867753028869629,0.4327056109905243,-0.6954860687255859,0.5069003105163574,0.4397831857204437,-0.6990729570388794,0.48921698331832886,0.4418492317199707,-0.69832843542099,0.47272729873657227,0.4439449608325958,-0.6984450817108154,0.605885922908783,0.45925581455230713,-0.40638288855552673,0.45402413606643677,0.47397005558013916,-0.40717315673828125,0.5697420835494995,0.565260648727417,-0.628679096698761,0.505560576915741,0.5692642331123352,-0.628095269203186,0.7724618315696716,0.8278537392616272,-0.23514096438884735,0.3112911283969879,0.8255383372306824,-0.34406358003616333,0.8642576336860657,1.23603093624115,-0.21214763820171356,0.20374536514282227,1.2318090200424194,-0.2734318673610687,0.8549022674560547,1.5831433534622192,-0.45083028078079224,0.21405193209648132,1.5755436420440674,-0.551983654499054,0.8859052658081055,1.6934939622879028,-0.5482260584831238,0.18040958046913147,1.6853188276290894,-0.6497992277145386,0.8293464779853821,1.6987146139144897,-0.6004787683486938,0.23345506191253662,1.6918680667877197,-0.7289882302284241,0.8077560663223267,1.6556390523910522,-0.4921184480190277,0.2565460503101349,1.6473658084869385,-0.5995079278945923,0.6763477325439453,1.5950113534927368,-0.028702208772301674,0.3841407597064972,1.594128131866455,0.03396248072385788,0.6432057619094849,2.2144172191619873,0.036871813237667084,0.37720921635627747,2.214517116546631,0.06392153352499008,0.6375206708908081,2.773322343826294,0.6341750621795654,0.38104790449142456,2.760956287384033,0.47239217162132263,0.640489399433136,2.8672640323638916,0.6668169498443604,0.37848541140556335,2.853533983230591,0.4987808167934418,0.6026436686515808,2.943211555480957,0.18355950713157654,0.41926735639572144,2.927910804748535,-0.0507609024643898,0.4329008234339626,0
2026-09-24T12:30:06.611502,S013,S013_A5_Y_20260924_1229,elevated_20,A5,young,class_0,0.5369135737419128,0.5032886862754822,-0.7512938380241394,0.5590583086013794,0.4350844919681549,-0.7078593373298645,0.5749086141586304,0.43398454785346985,-0.7074803709983826,0.5868962407112122,0.4336962401866913,-0.7073782086372375,0.5071197748184204,0.4403233528137207,-0.7103909850120544,0.48941150307655334,0.4422934353351593,-0.7096365094184875,0.4729512333869934,0.4443015456199646,-0.7096796631813049,0.605941116809845,0.46043622493743896,-0.4176569879055023,0.45420041680336,0.47467413544654846,-0.41368889808654785,0.5699616074562073,0.5659849643707275,-0.6411809325218201,0.505686342716217,0.5702210068702698,-0.6390420198440552,0.7725663781166077,0.8298641443252563,-0.2481115311384201,0.3106721043586731,0.8267143964767456,-0.3473815321922302,0.8662506341934204,1.2367851734161377,-0.2258935272693634,0.20114460587501526,1.2316704988479614,-0.2739179730415344,0.8593816757202148,1.5856719017028809,-0.46445679664611816,0.2137487828731537,1.5784268379211426,-0.5547211766242981,0.8925337791442871,1.694191575050354,-0.5666019320487976,0.18010210990905762,1.687656283378601,-0.653346598148346,0.8364711999893188,1.6997640132904053,-0.612212598323822,0.23337535560131073,1.6950023174285889,-0.732012927532196,0.813271701335907,1.6579995155334473,-0.5037404298782349,0.25650960206985474,1.651254415512085,-0.6018648743629456,0.6764006018638611,1.5968663692474365,-0.03293682634830475,0.3841319680213928,1.5965558290481567,0.03818036615848541,0.6431996822357178,2.2176575660705566,0.05066031217575073,0.3773990869522095,2.219029188156128,0.11889797449111938,0.6374524235725403,2.775502920150757,0.7146180272102356,0.38140320777893066,2.766021966934204,0.6030786633491516,0.6404208540916443,2.8689074516296387,0.7540918588638306,0.3788835406303406,2.8592100143432617,0.6388964056968689,0.6026333570480347,2.9455764293670654,0.26530545949935913,0.41933774948120117,2.931715488433838,0.08215685933828354,0.433991023945282,0
2026-09-24T12:30:06.721315,S013,S013_A5_Y_20260924_1229,elevated_20,A5,young,class_0,0.5370365977287292,0.5034963488578796,-0.7425047159194946,0.5591983199119568,0.4351388216018677,-0.6979033946990967,0.5750353336334229,0.4340146481990814,-0.6975277662277222,0.5870002508163452,0.43371352553367615,-0.6974431276321411,0.5071881413459778,0.44037362933158875,-0.7015454173088074,0.4895070493221283,0.4423443675041199,-0.7007962465286255,0.47307029366493225,0.44434764981269836,-0.700869083404541,0.6061334609985352,0.4604368209838867,-0.40617766976356506,0.45430707931518555,0.47468432784080505,-0.407571017742157,0.5700294971466064,0.5664480328559875,-0.6319879293441772,0.5058335661888123,0.5707471966743469,-0.6315733194351196,0.7731033563613892,0.8301677703857422,-0.2360014170408249,0.31067314743995667,0.8266963362693787,-0.34560197591781616,0.8660216331481934,1.2376309633255005,-0.21589067578315735,0.2013397216796875,1.231589674949646,-0.274416446685791,0.859173595905304,1.5862810611724854,-0.45506104826927185,0.21384242177009583,1.5781986713409424,-0.5566689372062683,0.8922371864318848,1.6951415538787842,-0.5526346564292908,0.18020792305469513,1.6874510049819946,-0.6555558443069458,0.8360983729362488,1.7004802227020264,-0.6040485501289368,0.23369601368904114,1.6948375701904297,-0.7341074347496033,0.8131005167961121,1.658728003501892,-0.4958263039588928,0.2568201422691345,1.651076078414917,-0.6038240194320679,0.6764212250709534,1.5972301959991455,-0.030048295855522156,0.38414329290390015,1.5969103574752808,0.03533947840332985,0.6432641744613647,2.2182915210723877,0.046415336430072784,0.3773912787437439,2.2189881801605225,0.07170408219099045,0.6376456022262573,2.77719783782959,0.6536521315574646,0.381439745426178,2.765925407409668,0.4721573293209076,0.6406235098838806,2.8708646297454834,0.6850062012672424,0.37895452976226807,2.859079122543335,0.49626579880714417,0.6027525067329407,2.9475908279418945,0.19322112202644348,0.4195737838745117,2.93204927444458,-0.05782780051231384,0.43376235008851394,0
2026-09-24T12:30:06.833934,S013,S013_A5_Y_20260924_1229,elevated_20,A5,young,class_0,0.5370775461196899,0.5041453242301941,-0.7506530284881592,0.5592547655105591,0.4358540177345276,-0.7068378925323486,0.5750702619552612,0.43482688069343567,-0.7064653635025024,0.587055504322052,0.4345519244670868,-0.7063676714897156,0.5072250366210938,0.44094064831733704,-0.7094913721084595,0.4895516037940979,0.4428728222846985,-0.7087150812149048,0.47311726212501526,0.44486239552497864,-0.708743691444397,0.6061823964118958,0.4612833559513092,-0.41417771577835083,0.45437535643577576,0.47529128193855286,-0.4100283682346344,0.5701496601104736,0.5672685503959656,-0.6394435167312622,0.505912184715271,0.5714205503463745,-0.6372497081756592,0.7731125354766846,0.8302180767059326,-0.2494877278804779,0.3101298213005066,0.8275904059410095,-0.3462076485157013,0.8670510053634644,1.2379839420318604,-0.24269573390483856,0.20129677653312683,1.232185959815979,-0.27590981125831604,0.8591903448104858,1.5890381336212158,-0.4992505609989166,0.21430495381355286,1.5820553302764893,-0.5618335008621216,0.8922594785690308,1.697755217552185,-0.6076796650886536,0.18066099286079407,1.6910250186920166,-0.6615399122238159,0.8361290097236633,1.7028290033340454,-0.65052330493927,0.2341463267803192,1.6987254619598389,-0.7455300092697144,0.8131253123283386,1.661546230316162,-0.5377451181411743,0.2573283314704895,1.6553436517715454,-0.6114693880081177,0.6765441298484802,1.5983110666275024,-0.03546857461333275,0.38419264554977417,1.5985506772994995,0.04074883088469505,0.6432870030403137,2.2211477756500244,0.06044705584645271,0.3779105842113495,2.224104166030884,0.13419625163078308,0.6373934745788574,2.779989004135132,0.7299060821533203,0.3817663788795471,2.773480176925659,0.6199377775192261,0.640435516834259,2.8735203742980957,0.7692761421203613,0.379360169172287,2.8673837184906006,0.6558008790016174,0.6022019982337952,2.951127767562866,0.2744779586791992,0.41956719756126404,2.9405908584594727,0.09450244903564453,0.43461574009814175,0
2026-09-24T12:30:06.974155,S013,S013_A5_Y_20260924_1229,elevated_20,A5,young,class_0,0.5373170971870422,0.5047147274017334,-0.7492749094963074,0.5593823194503784,0.4362390339374542,-0.7039760947227478,0.5751641988754272,0.4351731240749359,-0.7036278247833252,0.5871568918228149,0.4348306953907013,-0.7035459280014038,0.5073210597038269,0.441373735666275,-0.7083476781845093,0.48965519666671753,0.44328388571739197,-0.7075647711753845,0.47322145104408264,0.44524461030960083,-0.707588255405426,0.6062558889389038,0.4614802598953247,-0.4057665467262268,0.45442062616348267,0.47580212354660034,-0.4097750186920166,0.5703034400939941,0.5680510401725769,-0.6368421912193298,0.5063555836677551,0.5724329352378845,-0.636613130569458,0.773113489151001,0.8302147388458252,-0.2408405989408493,0.3101009428501129,0.828166127204895,-0.3463548719882965,0.8670679330825806,1.2367044687271118,-0.24154770374298096,0.20151162147521973,1.2322388887405396,-0.28198951482772827,0.8607033491134644,1.5867937803268433,-0.4975737929344177,0.21429474651813507,1.5827280282974243,-0.5758559107780457,0.8940200805664062,1.6954559087753296,-0.6032038927078247,0.18060800433158875,1.6920700073242188,-0.6764891743659973,0.8385442495346069,1.7006956338882446,-0.6496915817260742,0.23409196734428406,1.7003321647644043,-0.7580042481422424,0.8155006170272827,1.659644365310669,-0.5373470187187195,0.25728240609169006,1.656570315361023,-0.624294638633728,0.6770862340927124,1.5978361368179321,-0.035430628806352615,0.3851872384548187,1.5985398292541504,0.04071890562772751,0.644659161567688,2.22061824798584,0.03951676934957504,0.3804171085357666,2.2239558696746826,0.10836084932088852,0.6396895051002502,2.7799665927886963,0.6602942943572998,0.3846834897994995,2.7731175422668457,0.5327821373939514,0.6427125334739685,2.8735015392303467,0.6930755376815796,0.3820982575416565,2.867011308670044,0.5600423216819763,0.6064952611923218,2.9510676860809326,0.1962423026561737,0.42322254180908203,2.9402716159820557,-0.003933976870030165,0.4348565625923584,0
2026-09-24T12:30:07.203251,S013,S013_A5_Y_20260924_1229,elevated_20,A5,young,class_0,0.5373426675796509,0.5047187209129333,-0.7613319754600525,0.5593776702880859,0.4362398386001587,-0.7154631614685059,0.5751326084136963,0.43516823649406433,-0.7151440382003784,0.5871105194091797,0.43481743335723877,-0.7150589823722839,0.5073388814926147,0.4413873851299286,-0.7208419442176819,0.4896738529205322,0.44331324100494385,-0.720062792301178,0.47324123978614807,0.4452805817127228,-0.720112681388855,0.6060117483139038,0.4614650011062622,-0.41221293807029724,0.45443135499954224,0.4758259057998657,-0.41927751898765564,0.5703218579292297,0.568093478679657,-0.6464653611183167,0.5064865946769714,0.5725144147872925,-0.6473549008369446,0.7731199264526367,0.8301937580108643,-0.2427850067615509,0.30912336707115173,0.8295356631278992,-0.35637807846069336,0.8670074343681335,1.2366509437561035,-0.2456887662410736,0.20139069855213165,1.234420657157898,-0.3021611273288727,0.8611286282539368,1.5868643522262573,-0.5253630876541138,0.2143474519252777,1.5864070653915405,-0.6091563701629639,0.8947370648384094,1.6954923868179321,-0.6337644457817078,0.18071326613426208,1.6961404085159302,-0.7136694192886353,0.8398568034172058,1.7009259462356567,-0.6817833781242371,0.23421835899353027,1.704282283782959,-0.7935528755187988,0.8165898323059082,1.6598790884017944,-0.5666021704673767,0.2573886513710022,1.660306453704834,-0.6571515202522278,0.6782348155975342,1.5986902713775635,-0.036034803837537766,0.38552945852279663,1.6003090143203735,0.04129344969987869,0.6463230848312378,2.221621513366699,0.04932757839560509,0.3813081681728363,2.2264645099639893,0.12005196511745453,0.6415058374404907,2.780613422393799,0.7068592309951782,0.38638991117477417,2.7747089862823486,0.5846393704414368,0.6444687843322754,2.8741023540496826,0.7443410158157349,0.3839487135410309,2.868100166320801,0.6177191138267517,0.6093708276748657,2.952169179916382,0.24636881053447723,0.42539817094802856,2.942927360534668,0.0527067668735981,0.4354728750066084,0
2026-09-24T12:30:07.363848,S013,S013_A5_Y_20260924_1229,elevated_20,A5,young,class_0,0.5376901030540466,0.5045105814933777,-0.7792876958847046,0.5595719218254089,0.4359174072742462,-0.7320915460586548,0.5752652883529663,0.43480104207992554,-0.7318230271339417,0.5871745944023132,0.43446072936058044,-0.7317622900009155,0.507412314414978,0.4411833882331848,-0.7367435693740845,0.48971492052078247,0.4432064890861511,-0.7359728813171387,0.4732760787010193,0.44522812962532043,-0.7360847592353821,0.6060205698013306,0.46113812923431396,-0.42295175790786743,0.4544641971588135,0.47550418972969055,-0.42669877409935,0.5703601837158203,0.5680372714996338,-0.6623827815055847,0.5067881345748901,0.5725203156471252,-0.6624339818954468,0.7735320329666138,0.8303669095039368,-0.25343501567840576,0.3088037371635437,0.8303143382072449,-0.3658927083015442,0.8668755292892456,1.2395297288894653,-0.27283090353012085,0.20056667923927307,1.2352064847946167,-0.32828107476234436,0.8611288070678711,1.59214448928833,-0.5773419141769409,0.21319922804832458,1.587803602218628,-0.6456152200698853,0.8946901559829712,1.7031521797180176,-0.6885560750961304,0.17981384694576263,1.6983038187026978,-0.7536219358444214,0.8397250175476074,1.7099274396896362,-0.7377181053161621,0.23350927233695984,1.7077645063400269,-0.8322440385818481,0.8165730237960815,1.6670353412628174,-0.6196445226669312,0.2562229037284851,1.6634271144866943,-0.6936162710189819,0.6783732771873474,1.6007415056228638,-0.037450674921274185,0.3856793940067291,1.6022003889083862,0.04268921911716461,0.6464184522628784,2.224486827850342,0.050455331802368164,0.38127022981643677,2.230431079864502,0.12410634756088257,0.6416046619415283,2.7838025093078613,0.711165189743042,0.386446475982666,2.7795286178588867,0.5911685824394226,0.6447715759277344,2.877540111541748,0.7487500905990601,0.3840230107307434,2.8731110095977783,0.6239420175552368,0.6092013120651245,2.9571471214294434,0.24480040371418,0.4253874719142914,2.9491937160491943,0.054095931351184845,0.43534068132500825,0
2026-09-24T12:30:07.475169,S013,S013_A5_Y_20260924_1229,elevated_20,A5,young,class_0,0.5377060770988464,0.5025328993797302,-0.7685713768005371,0.5596826076507568,0.43468502163887024,-0.7220176458358765,0.5753751993179321,0.4337495267391205,-0.7217748165130615,0.5872601270675659,0.43369343876838684,-0.7217779159545898,0.5074306726455688,0.43940654397010803,-0.7247737646102905,0.48972588777542114,0.4417753219604492,-0.7240862846374512,0.47324609756469727,0.4440799057483673,-0.7242568731307983,0.6061379313468933,0.4605213403701782,-0.4203815460205078,0.4544379711151123,0.47398072481155396,-0.4184102416038513,0.5701327323913574,0.566814124584198,-0.6551518440246582,0.5063472390174866,0.571376383304596,-0.6534759998321533,0.7734922766685486,0.8298620581626892,-0.24843445420265198,0.30891329050064087,0.8284981846809387,-0.36064305901527405,0.8681195974349976,1.2394165992736816,-0.25985994935035706,0.19681230187416077,1.2336112260818481,-0.3258877694606781,0.8611377477645874,1.5910629034042358,-0.5360808372497559,0.211266428232193,1.582891821861267,-0.6364901661872864,0.8945342302322388,1.7025662660598755,-0.6399484276771545,0.1785992830991745,1.692901849746704,-0.7422330379486084,0.8383529782295227,1.7095551490783691,-0.6920686960220337,0.2330501526594162,1.7032601833343506,-0.8268073201179504,0.8160045742988586,1.666025161743164,-0.5781075954437256,0.25526878237724304,1.6590545177459717,-0.6866017580032349,0.6783713102340698,1.5990909337997437,-0.03523511067032814,0.38609999418258667,1.6002343893051147,0.040476758033037186,0.6464402675628662,2.223984956741333,0.03865045681595802,0.3811393678188324,2.2292516231536865,0.09115029871463776,0.6419067978858948,2.783936023712158,0.6508843898773193,0.3867049515247345,2.7793259620666504,0.5016937255859375,0.6451435685157776,2.878129482269287,0.6832249164581299,0.384276419878006,2.8727529048919678,0.5270841121673584,0.6091761589050293,2.9570207595825195,0.18220442533493042,0.4268103241920471,2.9488160610198975,-0.03642098605632782,0.4344571506981014,0
2026-09-24T12:30:07.578023,S013,S013_A5_Y_20260924_1229,elevated_20,A5,young,class_0,0.5383386611938477,0.502372682094574,-0.7670182585716248,0.5602369904518127,0.43451178073883057,-0.7207629680633545,0.5757125020027161,0.4335971772670746,-0.7205041646957397,0.5874749422073364,0.4335799813270569,-0.7204903364181519,0.5077918767929077,0.4392932653427124,-0.7238456010818481,0.4899872839450836,0.4417198896408081,-0.7231423258781433,0.47351568937301636,0.44406116008758545,-0.7232922315597534,0.6062105894088745,0.46046850085258484,-0.42026787996292114,0.4544937014579773,0.4739300310611725,-0.4199565351009369,0.5702880620956421,0.5667782425880432,-0.6538789868354797,0.506778359413147,0.5713687539100647,-0.6525916457176208,0.7735894918441772,0.8297291994094849,-0.24810989201068878,0.30830276012420654,0.8286083340644836,-0.36145561933517456,0.8673636317253113,1.2395113706588745,-0.25663018226623535,0.19692552089691162,1.2332919836044312,-0.3225293457508087,0.8611253499984741,1.5909125804901123,-0.5419009327888489,0.21320608258247375,1.5810596942901611,-0.6317332983016968,0.8945428729057312,1.701924204826355,-0.650740921497345,0.1813507080078125,1.6910052299499512,-0.73723304271698,0.8385140299797058,1.7086257934570312,-0.7029998898506165,0.23536677658557892,1.700276494026184,-0.8183932304382324,0.8160549998283386,1.6651424169540405,-0.5848230123519897,0.2572234570980072,1.655846357345581,-0.6805974841117859,0.678384006023407,1.5986835956573486,-0.03499694913625717,0.3860950171947479,1.599873661994934,0.04025847092270851,0.6464437246322632,2.2229514122009277,0.03868730738759041,0.3812805116176605,2.2289087772369385,0.09132631123065948,0.6419770121574402,2.782771110534668,0.6609640121459961,0.3867034614086151,2.7786104679107666,0.5124313831329346,0.6451628804206848,2.877124071121216,0.6950665712356567,0.3842448592185974,2.8719303607940674,0.539530336856842,0.6096938848495483,2.955260992050171,0.19515469670295715,0.4267987608909607,2.947934865951538,-0.02833710052073002,0.43481681235743963,0
2026-09-24T12:30:07.696124,S013,S013_A5_Y_20260924_1229,elevated_20,A5,young,class_0,0.5383297204971313,0.5011746287345886,-0.7583553791046143,0.5602010488510132,0.43348610401153564,-0.7121108174324036,0.575684130191803,0.43248891830444336,-0.7118211984634399,0.5874273180961609,0.43249770998954773,-0.7117945551872253,0.5077744722366333,0.4384513795375824,-0.7152552008628845,0.4899497628211975,0.4411555826663971,-0.7145296335220337,0.47344669699668884,0.44371140003204346,-0.7146691083908081,0.6059979200363159,0.4596525728702545,-0.41823610663414,0.45443233847618103,0.47365036606788635,-0.41785454750061035,0.5701991319656372,0.5662731528282166,-0.6482839584350586,0.5068088173866272,0.5709561705589294,-0.6471844911575317,0.7734637260437012,0.8296955823898315,-0.24568212032318115,0.30830392241477966,0.828594982624054,-0.3613686263561249,0.8661465644836426,1.24075186252594,-0.25090113282203674,0.19991467893123627,1.2344859838485718,-0.32019269466400146,0.8608144521713257,1.5915273427963257,-0.5376194715499878,0.2149379998445511,1.5811800956726074,-0.6285788416862488,0.8945487141609192,1.702427625656128,-0.6477513909339905,0.1821506917476654,1.691121220588684,-0.7344073057174683,0.8382654190063477,1.709750771522522,-0.7002200484275818,0.2363000363111496,1.7007852792739868,-0.8146957159042358,0.8155615925788879,1.6659690141677856,-0.5828927755355835,0.25848692655563354,1.6561095714569092,-0.6774879097938538,0.6784018874168396,1.5984501838684082,-0.031667500734329224,0.38602715730667114,1.599567174911499,0.03712979704141617,0.6464112997055054,2.2227389812469482,0.038557615131139755,0.38118472695350647,2.2284939289093018,0.08299101889133453,0.6419712901115417,2.7825162410736084,0.6599453091621399,0.3859426975250244,2.7776944637298584,0.5038830041885376,0.6451560258865356,2.8770992755889893,0.6938179731369019,0.38306954503059387,2.8715755939483643,0.5305197834968567,0.6096765995025635,2.954267978668213,0.19593390822410583,0.42657962441444397,2.946812629699707,-0.03096352145075798,0.4343158720660292,0
2026-09-24T12:30:07.814962,S013,S013_A5_Y_20260924_1229,elevated_20,A5,young,class_0,0.5381747484207153,0.5014002323150635,-0.7462999224662781,0.5598719120025635,0.4337334930896759,-0.7008042931556702,0.5753637552261353,0.4326665699481964,-0.7005201578140259,0.5871342420578003,0.43258896470069885,-0.7005342245101929,0.5077252984046936,0.4387298822402954,-0.7052506804466248,0.4899365305900574,0.4413515031337738,-0.7045544385910034,0.47344279289245605,0.443846195936203,-0.7046800851821899,0.6057092547416687,0.45964515209198,-0.4072509706020355,0.4544411301612854,0.473661333322525,-0.4114440381526947,0.5701000094413757,0.5663555860519409,-0.6354140639305115,0.5068346261978149,0.5710964798927307,-0.6358901262283325,0.7734675407409668,0.8287302255630493,-0.2235521525144577,0.3093222379684448,0.8280884027481079,-0.36052295565605164,0.8665246963500977,1.234743595123291,-0.21391677856445312,0.20172162353992462,1.231744647026062,-0.31928274035453796,0.8632929921150208,1.5849852561950684,-0.47979307174682617,0.21489834785461426,1.5770320892333984,-0.6275008916854858,0.897661030292511,1.6966891288757324,-0.5766681432723999,0.18145374953746796,1.6869056224822998,-0.7321749925613403,0.8415419459342957,1.7053724527359009,-0.6337889432907104,0.23575332760810852,1.6988556385040283,-0.8107333183288574,0.8187959790229797,1.66131591796875,-0.5237062573432922,0.2580675184726715,1.6538983583450317,-0.6753147840499878,0.6785788536071777,1.5977085828781128,-0.028797393664717674,0.3867003321647644,1.599178433418274,0.034145843237638474,0.6464648246765137,2.2210400104522705,0.036130160093307495,0.3813873827457428,2.2264010906219482,0.07369416207075119,0.6422405242919922,2.781463146209717,0.6377984285354614,0.3859604597091675,2.7749927043914795,0.476624071598053,0.6452649831771851,2.876650810241699,0.6695665121078491,0.38305041193962097,2.8689377307891846,0.5011976361274719,0.6113846898078918,2.95139741897583,0.17894670367240906,0.42757242918014526,2.9430949687957764,-0.055229030549526215,0.43427230831343877,0
2026-09-24T12:30:07.946634,S013,S013_A5_Y_20260924_1229,elevated_20,A5,young,class_0,0.5379622578620911,0.5014220476150513,-0.7402545809745789,0.5596452951431274,0.4337303936481476,-0.694685697555542,0.5751883387565613,0.4326578378677368,-0.6943796873092651,0.5869992971420288,0.4325708746910095,-0.6943801045417786,0.5076578259468079,0.43872275948524475,-0.6993188261985779,0.48990005254745483,0.44134169816970825,-0.6986209154129028,0.4734111726284027,0.44383808970451355,-0.6987424492835999,0.6056485176086426,0.45951130986213684,-0.4021123945713043,0.45444193482398987,0.4735838770866394,-0.40764981508255005,0.5699461698532104,0.5663616061210632,-0.6294467449188232,0.50685054063797,0.571130096912384,-0.6303987503051758,0.7734262943267822,0.828674852848053,-0.21535196900367737,0.3094351887702942,0.8274794220924377,-0.3604195713996887,0.8660426139831543,1.2349358797073364,-0.2085663080215454,0.20230679214000702,1.2312053442001343,-0.31960779428482056,0.8632633090019226,1.5851300954818726,-0.4822334349155426,0.21489913761615753,1.576202630996704,-0.634795069694519,0.8977001905441284,1.6969597339630127,-0.5810877680778503,0.18118399381637573,1.6861857175827026,-0.7433053255081177,0.8414970636367798,1.705670952796936,-0.6374896764755249,0.23573994636535645,1.6986515522003174,-0.8182026147842407,0.8187099695205688,1.6615437269210815,-0.5261911749839783,0.2580808997154236,1.6536006927490234,-0.6817708015441895,0.6786285042762756,1.5975741147994995,-0.02412215620279312,0.38672247529029846,1.5987303256988525,0.02957671321928501,0.6463939547538757,2.221012830734253,0.036836814135313034,0.3812524676322937,2.2256369590759277,0.0624479241669178,0.6423840522766113,2.781463384628296,0.6394433379173279,0.3857897222042084,2.77397084236145,0.4601370692253113,0.6453813314437866,2.877080202102661,0.6712867021560669,0.3827829957008362,2.8678627014160156,0.48360657691955566,0.6116539239883423,2.951075792312622,0.1792953461408615,0.4277305603027344,2.9425899982452393,-0.07386182248592377,0.43407454361720904,0
2026-09-24T12:30:08.069704,S013,S013_A5_Y_20260924_1229,elevated_20,A5,young,class_0,0.537869930267334,0.5018441677093506,-0.7401331067085266,0.5596269369125366,0.4341141879558563,-0.6939717531204224,0.5751689076423645,0.43308353424072266,-0.6936579346656799,0.5869725942611694,0.43301472067832947,-0.6936491131782532,0.5076495409011841,0.4389955401420593,-0.6993683576583862,0.48989152908325195,0.4415507912635803,-0.6986629962921143,0.4733961522579193,0.44400036334991455,-0.6987832188606262,0.6056469082832336,0.4599064886569977,-0.3943139910697937,0.4544478952884674,0.4736444354057312,-0.4065261483192444,0.5699042081832886,0.5666776895523071,-0.627535343170166,0.5068579912185669,0.5713852643966675,-0.629712700843811,0.7734166383743286,0.8286541700363159,-0.20643797516822815,0.30803531408309937,0.8281148076057434,-0.36093655228614807,0.8616129159927368,1.2361377477645874,-0.1994801014661789,0.20253491401672363,1.2311863899230957,-0.3282264471054077,0.8608600497245789,1.5867210626602173,-0.48339104652404785,0.21489393711090088,1.5762401819229126,-0.6533148288726807,0.8950719833374023,1.6987732648849487,-0.5827264785766602,0.18099159002304077,1.686299204826355,-0.7627554535865784,0.8404140472412109,1.706726312637329,-0.6393240690231323,0.23558378219604492,1.6986944675445557,-0.8358249664306641,0.8175660967826843,1.6628825664520264,-0.527419924736023,0.2580339014530182,1.653686285018921,-0.6990889310836792,0.6785479784011841,1.5981419086456299,-0.02421155385673046,0.3863222897052765,1.5992788076400757,0.029642444103956223,0.6460613012313843,2.2211644649505615,0.036833588033914566,0.3806993067264557,2.2256600856781006,0.0636063739657402,0.6416552066802979,2.7814459800720215,0.6499052047729492,0.3850899040699005,2.7738561630249023,0.4742494523525238,0.6441304683685303,2.8770365715026855,0.6837727427482605,0.3820522725582123,2.867236852645874,0.5007073283195496,0.6116363406181335,2.9509971141815186,0.19197659194469452,0.4270608425140381,2.942330837249756,-0.06287986785173416,0.4352378068739461,0
2026-09-24T12:30:08.197418,S013,S013_A5_Y_20260924_1229,elevated_20,A5,young,class_0,0.5373820066452026,0.5019473433494568,-0.7336003184318542,0.5593513250350952,0.43416109681129456,-0.6878798007965088,0.5749669075012207,0.43313390016555786,-0.6875395774841309,0.5868020057678223,0.43306323885917664,-0.6875178813934326,0.5072953104972839,0.4390334486961365,-0.693074107170105,0.48951220512390137,0.44157907366752625,-0.6923520565032959,0.4729841649532318,0.4440274238586426,-0.6924586296081543,0.6056099534034729,0.45993679761886597,-0.39082998037338257,0.4543454647064209,0.4736441969871521,-0.4004460871219635,0.5696231722831726,0.5667404532432556,-0.621385931968689,0.5066539645195007,0.5714790225028992,-0.62306147813797,0.7733243107795715,0.8286376595497131,-0.20312049984931946,0.30783969163894653,0.828113853931427,-0.35941070318222046,0.8614412546157837,1.2362656593322754,-0.18997915089130402,0.2024175226688385,1.2301088571548462,-0.3246694505214691,0.8607404828071594,1.586790680885315,-0.4626590311527252,0.2145015001296997,1.57585608959198,-0.6410518884658813,0.894985020160675,1.6987584829330444,-0.5594400763511658,0.18008221685886383,1.6859259605407715,-0.7482715249061584,0.8403447270393372,1.7067666053771973,-0.6177005171775818,0.23499998450279236,1.698675513267517,-0.8183245658874512,0.8175233602523804,1.6629358530044556,-0.5070375204086304,0.2575051188468933,1.653643250465393,-0.6856147050857544,0.678133487701416,1.5982564687728882,-0.023770932108163834,0.3860090374946594,1.5993539094924927,0.02921656332910061,0.6454749703407288,2.221163749694824,0.032973140478134155,0.3804469406604767,2.2255747318267822,0.06171495467424393,0.641560435295105,2.7815322875976562,0.6417787671089172,0.38499730825424194,2.7737512588500977,0.47018441557884216,0.6439177989959717,2.877336263656616,0.6748780012130737,0.38195058703422546,2.8671159744262695,0.49565666913986206,0.6118420362472534,2.9509775638580322,0.18328538537025452,0.42707282304763794,2.9422719478607178,-0.06493693590164185,0.43505878683519467,0
2026-09-24T12:30:08.322102,S013,S013_A5_Y_20260924_1229,elevated_20,A5,young,class_0,0.5370346307754517,0.5020913481712341,-0.7341595888137817,0.5589930415153503,0.4342922270298004,-0.6883057355880737,0.5746611952781677,0.43323326110839844,-0.6879569888114929,0.5865904092788696,0.4331269860267639,-0.6879165172576904,0.5070464611053467,0.4393036663532257,-0.6931586265563965,0.48928213119506836,0.44181251525878906,-0.6924618482589722,0.4727814793586731,0.4442777633666992,-0.6925853490829468,0.6055155992507935,0.4599223732948303,-0.39149945974349976,0.4543120861053467,0.4738084077835083,-0.40170446038246155,0.5695010423660278,0.566743791103363,-0.622018575668335,0.5066616535186768,0.5715337991714478,-0.6234649419784546,0.7731586694717407,0.8254054188728333,-0.2049793004989624,0.30859512090682983,0.8269665837287903,-0.3595140278339386,0.8613437414169312,1.2283689975738525,-0.1939988136291504,0.20244057476520538,1.229312777519226,-0.32545894384384155,0.8607150912284851,1.5749026536941528,-0.46716374158859253,0.21497268974781036,1.5695807933807373,-0.6387304663658142,0.8949102163314819,1.6857672929763794,-0.565439760684967,0.1808391809463501,1.677042841911316,-0.7455577254295349,0.8403226137161255,1.6947686672210693,-0.6225582361221313,0.23574939370155334,1.6893706321716309,-0.8165766000747681,0.8175069689750671,1.6512545347213745,-0.5111231207847595,0.25800904631614685,1.645086646080017,-0.6834714412689209,0.6781115531921387,1.5918631553649902,-0.02313886024057865,0.38671988248825073,1.5936744213104248,0.028462907299399376,0.6455365419387817,2.2129127979278564,0.03226163238286972,0.3808613419532776,2.216524362564087,0.0569460503757,0.641996443271637,2.7753732204437256,0.6259281635284424,0.386130690574646,2.7648916244506836,0.45140424370765686,0.6443447470664978,2.871814250946045,0.6571926474571228,0.38305050134658813,2.857541084289551,0.4749075770378113,0.612713098526001,2.9428884983062744,0.16687574982643127,0.42880979180336,2.9331369400024414,-0.08239854127168655,0.4343986820250517,0
2026-09-24T12:30:08.443639,S013,S013_A5_Y_20260924_1229,elevated_20,A5,young,class_0,0.5359044075012207,0.5021061301231384,-0.7345306873321533,0.5581037402153015,0.43437206745147705,-0.6888409852981567,0.5740007162094116,0.43330129981040955,-0.6884959936141968,0.5861654281616211,0.43317052721977234,-0.6884562969207764,0.5061516761779785,0.439480721950531,-0.693722665309906,0.4885347783565521,0.4419616460800171,-0.6930235028266907,0.47214365005493164,0.44445228576660156,-0.6931460499763489,0.6053520441055298,0.4599294066429138,-0.39437276124954224,0.4542425274848938,0.4739032983779907,-0.4017941951751709,0.5691983103752136,0.5667251348495483,-0.6224969625473022,0.5064371228218079,0.5715354681015015,-0.6237834692001343,0.7731555700302124,0.8239547610282898,-0.20606903731822968,0.3090537190437317,0.8267476558685303,-0.3580133318901062,0.8614253997802734,1.227440357208252,-0.19615896046161652,0.2023286074399948,1.229231357574463,-0.3168465495109558,0.8604968786239624,1.5737345218658447,-0.4681169092655182,0.21586647629737854,1.5685993432998657,-0.6137489080429077,0.8945358991622925,1.6837767362594604,-0.5662932395935059,0.18286381661891937,1.6759432554244995,-0.7165849208831787,0.8398324251174927,1.6927450895309448,-0.6222811937332153,0.23739412426948547,1.6869664192199707,-0.786638617515564,0.8171175122261047,1.6494662761688232,-0.51165771484375,0.25932180881500244,1.6428344249725342,-0.65728360414505,0.6780247688293457,1.5898525714874268,-0.022820593789219856,0.38672763109207153,1.5920522212982178,0.028132114559412003,0.6455032825469971,2.2101528644561768,0.027860084548592567,0.38077813386917114,2.2126989364624023,0.04975109547376633,0.6421217322349548,2.77221941947937,0.6107664704322815,0.3862020671367645,2.7599036693573,0.43900927901268005,0.644568145275116,2.868450880050659,0.6410727500915527,0.3830947279930115,2.8522746562957764,0.46223220229148865,0.6127235889434814,2.939789056777954,0.149730384349823,0.42921972274780273,2.927929162979126,-0.09468697011470795,0.43362934807716114,0
2026-09-24T12:30:08.567046,S013,S013_A5_Y_20260924_1229,elevated_20,A5,young,class_0,0.5352128744125366,0.5021780729293823,-0.7347587943077087,0.5575850009918213,0.43442466855049133,-0.689127504825592,0.5736173987388611,0.43338102102279663,-0.6887948513031006,0.5858433246612549,0.4332704246044159,-0.6887593269348145,0.5054744482040405,0.43954429030418396,-0.6940423250198364,0.48797351121902466,0.4420190751552582,-0.6933484077453613,0.47158366441726685,0.4445357918739319,-0.6934759616851807,0.6051068305969238,0.46013352274894714,-0.39457017183303833,0.45416203141212463,0.4741326868534088,-0.40193432569503784,0.5689326524734497,0.5667924284934998,-0.6226540803909302,0.5061813592910767,0.5716665983200073,-0.6240222454071045,0.7731397747993469,0.8239596486091614,-0.20719334483146667,0.3085920214653015,0.82740318775177,-0.35795915126800537,0.8616105914115906,1.2276064157485962,-0.19988839328289032,0.2024039924144745,1.2295194864273071,-0.3162945806980133,0.860611081123352,1.5740549564361572,-0.4744950234889984,0.21640868484973907,1.5690637826919556,-0.6138867735862732,0.8949587941169739,1.6839317083358765,-0.5748897790908813,0.18313008546829224,1.6762840747833252,-0.7174260020256042,0.8399044871330261,1.6930543184280396,-0.6296191215515137,0.23775914311408997,1.6872981786727905,-0.7881108522415161,0.8171323537826538,1.6499865055084229,-0.517880380153656,0.25984349846839905,1.6432338953018188,-0.6576845645904541,0.6780565977096558,1.59029221534729,-0.023236051201820374,0.38669925928115845,1.592501163482666,0.028595641255378723,0.6458021998405457,2.211087465286255,0.02806132473051548,0.3811221122741699,2.213963747024536,0.05421891808509827,0.6431203484535217,2.7725863456726074,0.6239598989486694,0.38681191205978394,2.7606663703918457,0.45976758003234863,0.6456729769706726,2.8687849044799805,0.6560871005058289,0.3837609887123108,2.8529839515686035,0.48508644104003906,0.6140366196632385,2.9398303031921387,0.16178765892982483,0.42968669533729553,2.9285573959350586,-0.07387153804302216,0.43398148355449984,0
2026-09-24T12:30:08.698663,S013,S013_A5_Y_20260924_1229,elevated_20,A5,young,class_0,0.534923255443573,0.502182126045227,-0.7350261211395264,0.5571918487548828,0.4344279170036316,-0.6892836689949036,0.5733019113540649,0.4333745539188385,-0.6889581084251404,0.5856168866157532,0.433244526386261,-0.6889396905899048,0.5051138997077942,0.43956437706947327,-0.6943982839584351,0.48758453130722046,0.4420473873615265,-0.693700909614563,0.4712243974208832,0.44459670782089233,-0.6938262581825256,0.6049832105636597,0.4599856436252594,-0.39271166920661926,0.4540533125400543,0.47417008876800537,-0.4022120535373688,0.5687648057937622,0.5667411684989929,-0.6226004958152771,0.5061417818069458,0.5716773867607117,-0.6242760419845581,0.772937536239624,0.8233007192611694,-0.20330874621868134,0.30882176756858826,0.8273832201957703,-0.3591811954975128,0.8623615503311157,1.225979208946228,-0.1905616968870163,0.20275279879570007,1.2295804023742676,-0.3220624327659607,0.8630872964859009,1.573462963104248,-0.46163883805274963,0.21658077836036682,1.5690518617630005,-0.6248049139976501,0.8971917033195496,1.683798909187317,-0.5576054453849792,0.1832752525806427,1.6763514280319214,-0.7303361296653748,0.842180609703064,1.6929858922958374,-0.6168155670166016,0.23798100650310516,1.6874463558197021,-0.8006051778793335,0.8196606636047363,1.6499457359313965,-0.5058801174163818,0.2600233256816864,1.6433615684509277,-0.6682869791984558,0.6783456206321716,1.5903233289718628,-0.021568696945905685,0.38781896233558655,1.5925472974777222,0.026786258444190025,0.6470142006874084,2.2110092639923096,0.028222020715475082,0.38244229555130005,2.2139511108398438,0.04996700584888458,0.6456858515739441,2.7726852893829346,0.6225109696388245,0.3891763389110565,2.760688066482544,0.4446949064731598,0.6481154561042786,2.8688554763793945,0.6541081666946411,0.38619309663772583,2.852984666824341,0.46812668442726135,0.618253231048584,2.939924478530884,0.1627139151096344,0.4329111576080322,2.928602695465088,-0.08821576088666916,0.4334982204679749,0
2026-09-24T12:30:08.919074,S013,S013_A5_Y_20260924_1229,elevated_20,A5,young,class_0,0.5343714952468872,0.5021010637283325,-0.7355003356933594,0.5567876100540161,0.4343903660774231,-0.6900439858436584,0.5729925036430359,0.43335309624671936,-0.6897019147872925,0.5853697061538696,0.43323788046836853,-0.6896605491638184,0.5047827959060669,0.43952152132987976,-0.6946256160736084,0.4873458445072174,0.44202756881713867,-0.6939164400100708,0.47105082869529724,0.4445915222167969,-0.6940401792526245,0.6048791408538818,0.46005305647850037,-0.3951708674430847,0.4540473520755768,0.474176824092865,-0.4023068845272064,0.5685411095619202,0.566679835319519,-0.6235777139663696,0.5059590339660645,0.5715815424919128,-0.6244499087333679,0.7727065086364746,0.8242228627204895,-0.20821401476860046,0.3072674870491028,0.8285645246505737,-0.3591361939907074,0.8609131574630737,1.2300997972488403,-0.19664880633354187,0.20271873474121094,1.2312617301940918,-0.3212325870990753,0.8605677485466003,1.5770633220672607,-0.47883981466293335,0.21646709740161896,1.5727890729904175,-0.6255110502243042,0.8950444459915161,1.686822533607483,-0.5805431604385376,0.1828746497631073,1.68120276927948,-0.7317101359367371,0.840049147605896,1.6954911947250366,-0.6365803480148315,0.23757275938987732,1.6916358470916748,-0.8046558499336243,0.8171183466911316,1.652590036392212,-0.5228540301322937,0.25983741879463196,1.6472892761230469,-0.6702109575271606,0.6772552728652954,1.593393325805664,-0.023066027089953423,0.38496747612953186,1.594179630279541,0.02838348224759102,0.6444602012634277,2.21415114402771,0.030486714094877243,0.37906578183174133,2.2167563438415527,0.0714053064584732,0.64185631275177,2.7741880416870117,0.6614202260971069,0.3837420344352722,2.7624871730804443,0.5130335092544556,0.6439670920372009,2.8702392578125,0.6972309350967407,0.38061952590942383,2.8547956943511963,0.5424368381500244,0.6142069101333618,2.9413578510284424,0.20324914157390594,0.4258185923099518,2.930542230606079,-0.020071711391210556,0.43416938218285506,0
2026-09-24T12:30:09.048887,S013,S013_A5_Y_20260924_1229,elevated_20,A5,young,class_0,0.5342735052108765,0.5020940899848938,-0.7344006299972534,0.5566882491111755,0.43435269594192505,-0.6895918846130371,0.5729092955589294,0.4333016276359558,-0.6892335414886475,0.5852712988853455,0.43318304419517517,-0.6891800165176392,0.5047728419303894,0.4394565522670746,-0.6932106614112854,0.48735037446022034,0.4419640302658081,-0.6924898028373718,0.47107353806495667,0.4445127844810486,-0.6925951838493347,0.6048302054405212,0.4599919021129608,-0.396310031414032,0.4541218876838684,0.4740177392959595,-0.40008220076560974,0.5684810876846313,0.5665772557258606,-0.6235877275466919,0.5059298872947693,0.5714676380157471,-0.6233457922935486,0.7730658650398254,0.8250325322151184,-0.2122153490781784,0.3073456883430481,0.8285313248634338,-0.35787731409072876,0.860948920249939,1.2364009618759155,-0.19748958945274353,0.20262344181537628,1.2307976484298706,-0.307788223028183,0.8600002527236938,1.582129716873169,-0.4743492603302002,0.216472789645195,1.5736385583877563,-0.6007181406021118,0.8947714567184448,1.6908080577850342,-0.5754185318946838,0.1828320324420929,1.6827070713043213,-0.7014224529266357,0.8390054702758789,1.6990896463394165,-0.6300954818725586,0.23757047951221466,1.6942857503890991,-0.7774270176887512,0.8160285949707031,1.6560415029525757,-0.5176634192466736,0.2598592936992645,1.6495715379714966,-0.6471982598304749,0.6770514249801636,1.5943865776062012,-0.023250309750437737,0.38439324498176575,1.5943793058395386,0.028627172112464905,0.6432510614395142,2.2163267135620117,0.030436541885137558,0.3781152367591858,2.2179176807403564,0.07446914166212082,0.6389357447624207,2.77612042427063,0.6627558469772339,0.38014090061187744,2.764775276184082,0.5132881999015808,0.6409025192260742,2.8721837997436523,0.6986898183822632,0.3765273094177246,2.857903003692627,0.5420748591423035,0.6097859740257263,2.9434590339660645,0.20770761370658875,0.42078152298927307,2.93245530128479,-0.018332451581954956,0.43400352186719804,0
2026-09-24T12:30:09.167584,S013,S013_A5_Y_20260924_1229,elevated_20,A5,young,class_0,0.5345367789268494,0.5016143918037415,-0.749890923500061,0.5567528605461121,0.43402084708213806,-0.701906144618988,0.5729557275772095,0.43292683362960815,-0.7016304731369019,0.5852874517440796,0.4328073263168335,-0.7015771269798279,0.5048689246177673,0.43907925486564636,-0.7066696286201477,0.4874514639377594,0.4416930377483368,-0.7059921026229858,0.471170037984848,0.4443308711051941,-0.7061668634414673,0.6048280596733093,0.45948317646980286,-0.4019957184791565,0.4541214108467102,0.47392603754997253,-0.40742024779319763,0.5685648918151855,0.5662412047386169,-0.6369069814682007,0.5060995817184448,0.5710970163345337,-0.6377221345901489,0.773372232913971,0.8261939883232117,-0.21649792790412903,0.3073655962944031,0.8290049433708191,-0.3725154995918274,0.8631188273429871,1.240042805671692,-0.21313460171222687,0.20701737701892853,1.2387549877166748,-0.337626188993454,0.8600999116897583,1.5922855138778687,-0.5122872591018677,0.21793103218078613,1.5852751731872559,-0.6685583591461182,0.8947542309761047,1.7075685262680054,-0.6149221658706665,0.1835348904132843,1.6972652673721313,-0.7800576686859131,0.8383413553237915,1.7172363996505737,-0.668801486492157,0.2385389804840088,1.7122513055801392,-0.8588520288467407,0.8156865835189819,1.6707874536514282,-0.5553050637245178,0.26100829243659973,1.6656066179275513,-0.7170650959014893,0.6786620616912842,1.596686840057373,-0.02363233081996441,0.38498231768608093,1.5960686206817627,0.02902297116816044,0.644763171672821,2.2201130390167236,0.03348089009523392,0.37816131114959717,2.221982717514038,0.08520378172397614,0.6400071978569031,2.780919075012207,0.6772815585136414,0.38046568632125854,2.7690789699554443,0.5308555960655212,0.6421893239021301,2.878512144088745,0.7137020826339722,0.3770253360271454,2.8627843856811523,0.560010552406311,0.6101943850517273,2.949237585067749,0.21726258099079132,0.42216092348098755,2.9396135807037354,-0.0023939760867506266,0.43384694740022195,0
2026-09-24T12:30:09.291441,S013,S013_A5_Y_20260924_1229,elevated_20,A5,young,class_0,0.5345647931098938,0.5013124346733093,-0.7448673248291016,0.5567615032196045,0.4337386190891266,-0.6977604031562805,0.5729645490646362,0.4326035678386688,-0.6974682807922363,0.5852881669998169,0.4324881434440613,-0.6974149942398071,0.5048937797546387,0.43876132369041443,-0.7024229168891907,0.4874850809574127,0.44142434000968933,-0.7017604112625122,0.4712188243865967,0.44409316778182983,-0.7019319534301758,0.6048204898834229,0.45907509326934814,-0.4015582203865051,0.4541345238685608,0.4735894799232483,-0.40663081407546997,0.5685698986053467,0.5659230351448059,-0.6336907148361206,0.506126880645752,0.5707406997680664,-0.6343669295310974,0.7734008431434631,0.8262189626693726,-0.21662218868732452,0.3073837161064148,0.8291395306587219,-0.3719116747379303,0.8628742098808289,1.2400500774383545,-0.21139919757843018,0.20709720253944397,1.2385458946228027,-0.33531638979911804,0.8585230112075806,1.5921565294265747,-0.5055110454559326,0.218307226896286,1.5849753618240356,-0.6598184108734131,0.893048107624054,1.707184076309204,-0.6085113286972046,0.18368422985076904,1.6967742443084717,-0.7694745659828186,0.8359830975532532,1.7168511152267456,-0.6629611253738403,0.2388879805803299,1.7113990783691406,-0.8469098806381226,0.8133910298347473,1.6706697940826416,-0.5487035512924194,0.2614656090736389,1.6649502515792847,-0.7075382471084595,0.6789689660072327,1.5966938734054565,-0.023374922573566437,0.38499295711517334,1.5960904359817505,0.028790894895792007,0.644949197769165,2.220108985900879,0.035051893442869186,0.3782111406326294,2.2219550609588623,0.08441159129142761,0.6402298212051392,2.7808773517608643,0.6772071123123169,0.38054269552230835,2.7689359188079834,0.5248284339904785,0.6423770189285278,2.8784894943237305,0.7132834196090698,0.3771459460258484,2.862715721130371,0.5533252954483032,0.6106284260749817,2.9491050243377686,0.22014279663562775,0.4222636818885803,2.939377784729004,-0.007485721260309219,0.4334986315961942,0
2026-09-24T12:30:09.416026,S013,S013_A5_Y_20260924_1229,elevated_20,A5,young,class_0,0.5346294045448303,0.5012688040733337,-0.7442944645881653,0.5567547082901001,0.4335884749889374,-0.6974538564682007,0.5729538202285767,0.4324401915073395,-0.6971732378005981,0.5852810740470886,0.43232160806655884,-0.6971375942230225,0.5048981308937073,0.4386201500892639,-0.7020729780197144,0.4874936044216156,0.4413420855998993,-0.7014147639274597,0.4712236821651459,0.4440503418445587,-0.7015902400016785,0.6048174500465393,0.45889127254486084,-0.40156620740890503,0.4541247487068176,0.4735783338546753,-0.4066099226474762,0.5685802698135376,0.5658988356590271,-0.633132815361023,0.5061638951301575,0.5707415342330933,-0.6338582038879395,0.7733919620513916,0.8256906270980835,-0.21822376549243927,0.30834561586380005,0.828351616859436,-0.36643633246421814,0.8639990091323853,1.237446904182434,-0.21386544406414032,0.2054882049560547,1.2383486032485962,-0.32682621479034424,0.8585243225097656,1.5869312286376953,-0.5007354617118835,0.2168075293302536,1.5848140716552734,-0.6308533549308777,0.8927871584892273,1.7006744146347046,-0.6026433706283569,0.18267539143562317,1.696398377418518,-0.7375831007957458,0.8353058695793152,1.709373116493225,-0.6579771041870117,0.23786696791648865,1.7107853889465332,-0.8119874000549316,0.8131523132324219,1.664130449295044,-0.5437198877334595,0.2603585124015808,1.6644588708877563,-0.6769304871559143,0.6792981028556824,1.5935629606246948,-0.023050203919410706,0.3875090181827545,1.5949026346206665,0.02843276783823967,0.6488510370254517,2.2175374031066895,0.023298274725675583,0.3824310600757599,2.219728946685791,0.05562727898359299,0.6490523219108582,2.780552864074707,0.6039009094238281,0.39232128858566284,2.768555164337158,0.43196114897727966,0.6524654030799866,2.8780243396759033,0.6334654092788696,0.38980633020401,2.8623929023742676,0.4533069133758545,0.6179736852645874,2.949061870574951,0.1374795287847519,0.4366193413734436,2.938843250274658,-0.10265214741230011,0.43260300381805816,0
2026-09-24T12:30:09.529679,S013,S013_A5_Y_20260924_1229,elevated_20,A5,young,class_0,0.534816563129425,0.501267671585083,-0.7474104762077332,0.5567904710769653,0.43358203768730164,-0.7010117173194885,0.5729785561561584,0.4324342608451843,-0.7007312774658203,0.5852806568145752,0.43231499195098877,-0.7006921172142029,0.5049542188644409,0.43858277797698975,-0.7045651078224182,0.48755893111228943,0.4412924647331238,-0.7039036750793457,0.47127780318260193,0.44398343563079834,-0.7040640115737915,0.6048086285591125,0.4588577449321747,-0.4079034924507141,0.45412200689315796,0.47339731454849243,-0.40762224793434143,0.5686042308807373,0.5659048557281494,-0.6372190713882446,0.506191074848175,0.5707399845123291,-0.6363993287086487,0.7732899188995361,0.8259146809577942,-0.23098893463611603,0.308589369058609,0.8283203840255737,-0.3660532832145691,0.8634681701660156,1.2394940853118896,-0.23295080661773682,0.20688903331756592,1.2400376796722412,-0.3254642188549042,0.856908917427063,1.587949275970459,-0.513238787651062,0.21768315136432648,1.5846304893493652,-0.6301010847091675,0.8908376693725586,1.7011468410491943,-0.6181405186653137,0.18332841992378235,1.6959986686706543,-0.7370549440383911,0.8323151469230652,1.7099074125289917,-0.671789824962616,0.23825082182884216,1.7103058099746704,-0.8118823766708374,0.8104766607284546,1.664652705192566,-0.5561230778694153,0.2608228921890259,1.664212703704834,-0.676813006401062,0.6792890429496765,1.592271327972412,-0.023365715518593788,0.3877071738243103,1.5929582118988037,0.028754472732543945,0.6481443643569946,2.2166481018066406,0.023913249373435974,0.382119357585907,2.218430519104004,0.05685846135020256,0.646142840385437,2.780055046081543,0.6126199960708618,0.38981083035469055,2.7680368423461914,0.4347632825374603,0.6496192216873169,2.877537250518799,0.6433518528938293,0.3872137665748596,2.862067461013794,0.4571940004825592,0.6121917366981506,2.9486145973205566,0.14896847307682037,0.43175840377807617,2.938114643096924,-0.0968303307890892,0.43202343572132423,0
2026-09-24T12:30:09.650976,S013,S013_A5_Y_20260924_1229,elevated_20,A5,young,class_0,0.5358765125274658,0.5009378790855408,-0.7489787936210632,0.5573378801345825,0.433264821767807,-0.7026246786117554,0.5732650756835938,0.4321194291114807,-0.7023500204086304,0.585401177406311,0.43205058574676514,-0.7023202180862427,0.505635142326355,0.43841615319252014,-0.7063909769058228,0.4880353510379791,0.4412287175655365,-0.7057322263717651,0.47167283296585083,0.44396671652793884,-0.7058966159820557,0.6048024296760559,0.4587082266807556,-0.4080302119255066,0.45414620637893677,0.473425030708313,-0.4081154465675354,0.5689767599105835,0.5656431317329407,-0.6378623247146606,0.5065528154373169,0.570696234703064,-0.6372421383857727,0.7732962965965271,0.8261205554008484,-0.23012633621692657,0.30890458822250366,0.828271746635437,-0.36602845788002014,0.861066997051239,1.2394707202911377,-0.2313590794801712,0.2091522514820099,1.2399269342422485,-0.34297144412994385,0.8547022938728333,1.587887167930603,-0.5140240788459778,0.21773919463157654,1.5831851959228516,-0.6918908953666687,0.887801468372345,1.7010449171066284,-0.6168388724327087,0.1831505298614502,1.6938896179199219,-0.8059824109077454,0.8305846452713013,1.709783911705017,-0.6717027425765991,0.23802022635936737,1.70792818069458,-0.8795525431632996,0.8089629411697388,1.6645808219909668,-0.5573708415031433,0.2607618570327759,1.6619154214859009,-0.7388478517532349,0.6791630983352661,1.592254877090454,-0.02324337512254715,0.38745996356010437,1.5928614139556885,0.028607413172721863,0.6481097340583801,2.215733051300049,0.02791125699877739,0.38205060362815857,2.2175164222717285,0.05721694231033325,0.6460927724838257,2.777977228164673,0.6218193769454956,0.3896515667438507,2.7650692462921143,0.4409467279911041,0.6495378613471985,2.875678300857544,0.652830958366394,0.38705751299858093,2.8588662147521973,0.46353811025619507,0.6122254729270935,2.9464609622955322,0.15708068013191223,0.431724488735199,2.935199022293091,-0.09249459952116013,0.43196141319891246,0
2026-09-24T12:30:09.777522,S013,S013_A5_Y_20260924_1229,elevated_20,A5,young,class_0,0.5358487367630005,0.4992331564426422,-0.7551509141921997,0.5573550462722778,0.4324648082256317,-0.7081702351570129,0.5733181834220886,0.4314669966697693,-0.7079148888587952,0.5854617357254028,0.4315868318080902,-0.7079146504402161,0.5056627988815308,0.43701088428497314,-0.7118037343025208,0.48808717727661133,0.4398585259914398,-0.7111798524856567,0.47172579169273376,0.44274142384529114,-0.7113787531852722,0.6051501631736755,0.4584936201572418,-0.4113919138908386,0.4541719853878021,0.4717762768268585,-0.4106021523475647,0.5687512755393982,0.5640696883201599,-0.6433095335960388,0.5062588453292847,0.5689032673835754,-0.6424696445465088,0.773425817489624,0.8276299834251404,-0.22990083694458008,0.3093678057193756,0.8280418515205383,-0.37134498357772827,0.863217830657959,1.2394909858703613,-0.23016905784606934,0.21162506937980652,1.239822268486023,-0.34329473972320557,0.8557804822921753,1.5878974199295044,-0.5132368206977844,0.2190057337284088,1.5817322731018066,-0.6820330023765564,0.8880635499954224,1.7015093564987183,-0.6139740347862244,0.18421293795108795,1.6921422481536865,-0.7947744131088257,0.8306296467781067,1.71038818359375,-0.671032190322876,0.23918858170509338,1.706959843635559,-0.8689664602279663,0.8093222379684448,1.664687991142273,-0.5564624667167664,0.2617036700248718,1.6607838869094849,-0.7286105751991272,0.678584635257721,1.5928053855895996,-0.022962622344493866,0.3874223828315735,1.592874526977539,0.028271228075027466,0.6467115879058838,2.2158713340759277,0.02824149653315544,0.38071733713150024,2.2174267768859863,0.057138483971357346,0.6434981226921082,2.7784008979797363,0.625829815864563,0.386030375957489,2.765073299407959,0.45139726996421814,0.6466678380966187,2.8763742446899414,0.6574937105178833,0.38330161571502686,2.8588995933532715,0.4751366972923279,0.6092078685760498,2.9468657970428467,0.1622854769229889,0.42790287733078003,2.935196876525879,-0.08235566318035126,0.43160233781543067,0
2026-09-24T12:30:09.885549,S013,S013_A5_Y_20260924_1229,elevated_20,A5,young,class_0,0.5358601808547974,0.4988436698913574,-0.7546831965446472,0.5575241446495056,0.4321204125881195,-0.7078165411949158,0.5735596418380737,0.43121522665023804,-0.7075582146644592,0.5857552289962769,0.4314640760421753,-0.7075583934783936,0.5056696534156799,0.43633219599723816,-0.711521327495575,0.4880910813808441,0.4392758905887604,-0.710894763469696,0.4717221260070801,0.44222718477249146,-0.7110904455184937,0.6057592630386353,0.458482950925827,-0.41117221117019653,0.45414385199546814,0.47145622968673706,-0.41072362661361694,0.5687574148178101,0.5640431642532349,-0.6428915858268738,0.5060378313064575,0.5687663555145264,-0.642105221748352,0.7733747959136963,0.8276492357254028,-0.22931531071662903,0.3092796802520752,0.8275579810142517,-0.36970341205596924,0.8633435964584351,1.2392436265945435,-0.2295973300933838,0.20384633541107178,1.2389262914657593,-0.3418894410133362,0.8553794622421265,1.5850545167922974,-0.5121973156929016,0.21723532676696777,1.5798486471176147,-0.6777185797691345,0.8865890502929688,1.698058843612671,-0.6130549907684326,0.18398866057395935,1.689972996711731,-0.7916517853736877,0.8291590809822083,1.705795168876648,-0.6690199375152588,0.2390766441822052,1.7038025856018066,-0.8556168675422668,0.8086694478988647,1.660046100616455,-0.5552377700805664,0.26101112365722656,1.6579049825668335,-0.7195168733596802,0.6779016256332397,1.592322826385498,-0.022382061928510666,0.38742783665657043,1.5926592350006104,0.027643775567412376,0.6467142105102539,2.215074062347412,0.024110522121191025,0.3808341920375824,2.216660261154175,0.047292500734329224,0.6440595984458923,2.7781295776367188,0.5994471907615662,0.38731688261032104,2.765084743499756,0.42350950837135315,0.6473656296730042,2.8758533000946045,0.6294533610343933,0.3844272494316101,2.8590612411499023,0.4446771740913391,0.609492301940918,2.9469447135925293,0.13632254302501678,0.4297412931919098,2.935136318206787,-0.10913147032260895,0.43073181304320124,0
2026-09-24T12:30:10.000316,S013,S013_A5_Y_20260924_1229,elevated_20,A5,young,class_0,0.5363820791244507,0.4988638162612915,-0.7543402910232544,0.5578511953353882,0.43211135268211365,-0.7079448699951172,0.5737350583076477,0.43120241165161133,-0.7076704502105713,0.585830569267273,0.43144986033439636,-0.7076709270477295,0.5060223340988159,0.43637993931770325,-0.7114512920379639,0.4883481562137604,0.43933793902397156,-0.7108102440834045,0.47192516922950745,0.4422948956489563,-0.7109940052032471,0.605757474899292,0.4584474265575409,-0.4125053882598877,0.45417046546936035,0.4716070294380188,-0.4108150899410248,0.5690017938613892,0.56402188539505,-0.6425632238388062,0.5063375234603882,0.5688219666481018,-0.6418423652648926,0.77338045835495,0.8275075554847717,-0.23154418170452118,0.3092862367630005,0.827269971370697,-0.367632657289505,0.8621019124984741,1.2393982410430908,-0.23246648907661438,0.2018713653087616,1.2383416891098022,-0.3384454548358917,0.8555148243904114,1.5850926637649536,-0.516973614692688,0.2163834124803543,1.5798180103302002,-0.6667405366897583,0.8877094388008118,1.6979526281356812,-0.6207574605941772,0.18322168290615082,1.6899185180664062,-0.778913676738739,0.8306704759597778,1.7057538032531738,-0.6767949461936951,0.2384635955095291,1.703439712524414,-0.8481255769729614,0.8094804883003235,1.6600629091262817,-0.5607820749282837,0.2604391872882843,1.6577677726745605,-0.7108167409896851,0.6778525114059448,1.5924419164657593,-0.022460149601101875,0.3873756527900696,1.5927159786224365,0.02773391269147396,0.646752655506134,2.215531826019287,0.027026956900954247,0.38093143701553345,2.2176051139831543,0.04948456212878227,0.6441095471382141,2.7787601947784424,0.6113898754119873,0.3872906565666199,2.766761064529419,0.4289851784706116,0.6474405527114868,2.8763821125030518,0.6417868733406067,0.38439494371414185,2.8606436252593994,0.45021334290504456,0.6095320582389832,2.947739362716675,0.14448606967926025,0.42957788705825806,2.9372992515563965,-0.10678572952747345,0.43081615780556604,0
2026-09-24T12:30:10.111963,S013,S013_A5_Y_20260924_1229,elevated_20,A5,young,class_0,0.5365725755691528,0.4988649785518646,-0.7541601061820984,0.557925283908844,0.4321022629737854,-0.7080556154251099,0.5737848281860352,0.43118011951446533,-0.7077826261520386,0.5858559012413025,0.4314021170139313,-0.7077933549880981,0.5061790347099304,0.43638548254966736,-0.7115741968154907,0.4885317385196686,0.43933922052383423,-0.7109248638153076,0.4721299707889557,0.4422929584980011,-0.7111017107963562,0.6056873798370361,0.45823007822036743,-0.41323477029800415,0.45418182015419006,0.47158434987068176,-0.4117817282676697,0.5690186619758606,0.5639889240264893,-0.6424221992492676,0.5064427256584167,0.5688287019729614,-0.641736626625061,0.7733153104782104,0.827427089214325,-0.2330300360918045,0.3092922270298004,0.8264065384864807,-0.3674229383468628,0.8621079325675964,1.2391180992126465,-0.23370227217674255,0.20231425762176514,1.238917589187622,-0.33708757162094116,0.8560968637466431,1.584476351737976,-0.515274167060852,0.21615485846996307,1.581025242805481,-0.6555243730545044,0.8885790109634399,1.69721257686615,-0.6186429262161255,0.18270531296730042,1.690792441368103,-0.765265941619873,0.831222414970398,1.7054486274719238,-0.6748941540718079,0.23765650391578674,1.7045645713806152,-0.8397954702377319,0.8100703358650208,1.659717082977295,-0.5590888261795044,0.25977903604507446,1.6589164733886719,-0.701537013053894,0.6769173741340637,1.5923641920089722,-0.022294700145721436,0.3873458802700043,1.5927181243896484,0.027565931901335716,0.6462212800979614,2.215245008468628,0.0219946950674057,0.3808671236038208,2.2174832820892334,0.04495466873049736,0.6436426639556885,2.7788519859313965,0.5905169248580933,0.3869989514350891,2.7668874263763428,0.4167622923851013,0.6469955444335938,2.876572370529175,0.6192623376846313,0.3839479088783264,2.8609747886657715,0.43721264600753784,0.6090083122253418,2.94791579246521,0.12426290661096573,0.4294038414955139,2.9372987747192383,-0.11958435922861099,0.43017816381059976,0
2026-09-24T12:30:10.216682,S013,S013_A5_Y_20260924_1229,elevated_20,A5,young,class_0,0.5357936024665833,0.4988820254802704,-0.7523922920227051,0.5576738119125366,0.4321017265319824,-0.7077450156211853,0.5736061334609985,0.43116793036460876,-0.7074591517448425,0.5857664942741394,0.4313894808292389,-0.7074617147445679,0.506015419960022,0.43646061420440674,-0.7104347944259644,0.4884500503540039,0.4393804669380188,-0.709776759147644,0.4721043109893799,0.44230130314826965,-0.7099370360374451,0.6056151986122131,0.45816558599472046,-0.41449418663978577,0.4543219208717346,0.4714398980140686,-0.4107967019081116,0.5687538385391235,0.5636624097824097,-0.6418329477310181,0.5062123537063599,0.5686042308807373,-0.639635443687439,0.77259761095047,0.8274251818656921,-0.23438508808612823,0.3092895448207855,0.826256513595581,-0.3623273968696594,0.8591185808181763,1.2393577098846436,-0.23182718455791473,0.19984570145606995,1.2366498708724976,-0.3243027329444885,0.8545694351196289,1.583553433418274,-0.502895712852478,0.21607370674610138,1.580486536026001,-0.6315842866897583,0.8877251744270325,1.693664789199829,-0.6060492992401123,0.18271496891975403,1.6903713941574097,-0.733629047870636,0.8310959935188293,1.7011891603469849,-0.6591785550117493,0.23768921196460724,1.7027665376663208,-0.8107904195785522,0.8096157312393188,1.6569080352783203,-0.5455784797668457,0.25978538393974304,1.6574246883392334,-0.6779225468635559,0.6753059029579163,1.592369556427002,-0.02342025563120842,0.3851543068885803,1.5925266742706299,0.028665941208600998,0.6434003114700317,2.2152299880981445,0.022268956527113914,0.37944871187210083,2.2173805236816406,0.0621531680226326,0.6394725441932678,2.7786784172058105,0.6177970170974731,0.38266658782958984,2.766777515411377,0.4803468585014343,0.6421991586685181,2.876150369644165,0.6509386301040649,0.3787897229194641,2.8607265949249268,0.5076983571052551,0.6062980890274048,2.9476232528686523,0.16063977777957916,0.4229193329811096,2.9368896484375,-0.05381928011775017,0.43022311944715014,0
2026-09-24T12:30:10.324386,S013,S013_A5_Y_20260924_1229,elevated_20,A5,young,class_0,0.5357610583305359,0.4993174970149994,-0.7536901235580444,0.5576620101928711,0.43229812383651733,-0.7091556787490845,0.5736063718795776,0.43132832646369934,-0.7088512182235718,0.5857678055763245,0.43149667978286743,-0.7088392972946167,0.5059634447097778,0.4366808533668518,-0.7122046947479248,0.48842281103134155,0.43951553106307983,-0.7115334868431091,0.47205767035484314,0.4423747658729553,-0.7116766571998596,0.6056482195854187,0.4582054018974304,-0.41531801223754883,0.45431652665138245,0.4714704155921936,-0.41293853521347046,0.5687719583511353,0.563904881477356,-0.6426072716712952,0.5061876177787781,0.568865954875946,-0.6408412456512451,0.7726836800575256,0.8274211883544922,-0.23445895314216614,0.3091896176338196,0.8259653449058533,-0.36317867040634155,0.860313892364502,1.2397319078445435,-0.23147280514240265,0.19964919984340668,1.236620545387268,-0.3243309259414673,0.8558961153030396,1.58543062210083,-0.5059010982513428,0.21588781476020813,1.5819106101989746,-0.6318631768226624,0.8893616795539856,1.6957106590270996,-0.6097933650016785,0.18252316117286682,1.6923061609268188,-0.7340109944343567,0.8324649930000305,1.7033724784851074,-0.6634913682937622,0.2376203089952469,1.704298496246338,-0.8111879229545593,0.8106973767280579,1.6592873334884644,-0.5488206148147583,0.25976139307022095,1.658953309059143,-0.67827308177948,0.6753469109535217,1.5925993919372559,-0.023545214906334877,0.38511207699775696,1.5927976369857788,0.028797511011362076,0.6433857083320618,2.2158281803131104,0.022552605718374252,0.3790738880634308,2.218196392059326,0.062165308743715286,0.6393753886222839,2.7794504165649414,0.6204469203948975,0.38204532861709595,2.767834424972534,0.47930940985679626,0.642081081867218,2.876711130142212,0.6538214683532715,0.37830251455307007,2.861680746078491,0.5061597228050232,0.6061829924583435,2.949280261993408,0.16280792653560638,0.42244037985801697,2.938422441482544,-0.054922204464673996,0.430499647634144,0
2026-09-24T12:30:10.434969,S013,S013_A5_Y_20260924_1229,elevated_20,A5,young,class_0,0.5359076261520386,0.5005978941917419,-0.7562366724014282,0.5576983094215393,0.43322309851646423,-0.7114239931106567,0.573623538017273,0.43211594223976135,-0.7111240029335022,0.5857876539230347,0.43208274245262146,-0.7111392617225647,0.5060262084007263,0.43786999583244324,-0.7170315980911255,0.48849496245384216,0.44042572379112244,-0.7163887619972229,0.4721277356147766,0.4430293142795563,-0.7165217995643616,0.6056510806083679,0.45840635895729065,-0.4154140055179596,0.45431867241859436,0.471783846616745,-0.4259367883205414,0.5690100789070129,0.5646066665649414,-0.6436256170272827,0.5065064430236816,0.5694696307182312,-0.6451090574264526,0.77265465259552,0.8265054821968079,-0.2316628396511078,0.30920928716659546,0.8257097005844116,-0.3718924820423126,0.8628400564193726,1.2368422746658325,-0.21927401423454285,0.19859708845615387,1.2367314100265503,-0.3322911858558655,0.8668512105941772,1.5844823122024536,-0.4937461018562317,0.21461932361125946,1.5821057558059692,-0.6319814920425415,0.9018963575363159,1.6936618089675903,-0.5942545533180237,0.1816263347864151,1.6922353506088257,-0.7348790168762207,0.8470584750175476,1.7020666599273682,-0.6546950936317444,0.236497163772583,1.7041664123535156,-0.8119231462478638,0.8240202069282532,1.658800482749939,-0.5389729142189026,0.2587328851222992,1.6588845252990723,-0.6785842180252075,0.6753545999526978,1.5917582511901855,-0.020214229822158813,0.3859784007072449,1.592832088470459,0.025284256786108017,0.6439782977104187,2.2144935131073,0.02171160653233528,0.3803956210613251,2.2177908420562744,0.030595239251852036,0.641441285610199,2.7792811393737793,0.5968239307403564,0.38513389229774475,2.7678420543670654,0.4091011583805084,0.6438795328140259,2.876218557357788,0.6268278360366821,0.3816292881965637,2.86167573928833,0.43067342042922974,0.6104694604873657,2.9492263793945312,0.14113199710845947,0.42631345987319946,2.9382262229919434,-0.1258670687675476,0.43044783588847524,0
2026-09-24T12:30:10.565899,S013,S013_A5_Y_20260924_1229,elevated_20,A5,young,class_0,0.5359089374542236,0.5022625923156738,-0.7561036348342896,0.5577007532119751,0.4344639182090759,-0.7112774848937988,0.573623776435852,0.4332781732082367,-0.7109774947166443,0.5857908129692078,0.43303927779197693,-0.7109924554824829,0.5060268640518188,0.43928447365760803,-0.7169186472892761,0.4884893000125885,0.44146329164505005,-0.7162787914276123,0.4720955789089203,0.44377627968788147,-0.7164130210876465,0.6056504249572754,0.4587002694606781,-0.4151155948638916,0.454251229763031,0.4719945788383484,-0.42664995789527893,0.5690426230430603,0.5657275915145874,-0.6432676911354065,0.5065276026725769,0.5704110860824585,-0.6449083685874939,0.7721308469772339,0.8251020312309265,-0.2269631177186966,0.3092058300971985,0.8241608738899231,-0.37169349193573,0.8632936477661133,1.234266996383667,-0.2083701342344284,0.19740501046180725,1.2357853651046753,-0.33240509033203125,0.8664986491203308,1.5805684328079224,-0.4786800444126129,0.2146185338497162,1.578997254371643,-0.6315162181854248,0.9016786813735962,1.6902403831481934,-0.5766800045967102,0.18205204606056213,1.6885026693344116,-0.7348676919937134,0.8468142747879028,1.6984219551086426,-0.6381283402442932,0.2369184046983719,1.6994651556015015,-0.8095530271530151,0.8235725164413452,1.6548583507537842,-0.523733377456665,0.25881731510162354,1.6544036865234375,-0.6768642663955688,0.6746019124984741,1.5906627178192139,-0.01782623492181301,0.3859623074531555,1.5921895503997803,0.022865507751703262,0.6432251334190369,2.2123777866363525,0.020861797034740448,0.38016247749328613,2.21540904045105,0.020385373383760452,0.639985203742981,2.778301239013672,0.577871561050415,0.383889377117157,2.7669222354888916,0.38136622309684753,0.6422246694564819,2.875262498855591,0.6060448884963989,0.3798410892486572,2.861065149307251,0.40051135420799255,0.6086263656616211,2.9486072063446045,0.12074156850576401,0.4252952039241791,2.936739206314087,-0.15507860481739044,0.4299987368823774,0
2026-09-24T12:30:10.774582,S013,S013_A5_Y_20260924_1229,elevated_20,A5,young,class_0,0.5354936122894287,0.5022603273391724,-0.7577370405197144,0.557388186454773,0.43446019291877747,-0.7125002145767212,0.5734006762504578,0.43327465653419495,-0.7122098207473755,0.5855922102928162,0.43303635716438293,-0.7122427225112915,0.5052958130836487,0.43928325176239014,-0.7181522846221924,0.4875955581665039,0.4414655268192291,-0.7175158262252808,0.4710747301578522,0.44378557801246643,-0.717652440071106,0.6054554581642151,0.45871272683143616,-0.4150764048099518,0.453845351934433,0.47203347086906433,-0.4261515140533447,0.5689300298690796,0.5658196806907654,-0.6438388228416443,0.5062457323074341,0.5705934762954712,-0.6454964280128479,0.7726696729660034,0.8260756134986877,-0.22682324051856995,0.3091701567173004,0.8246265649795532,-0.37161901593208313,0.8644383549690247,1.2361806631088257,-0.20881974697113037,0.19744257628917694,1.2362169027328491,-0.33219999074935913,0.8662675023078918,1.5861152410507202,-0.4789450764656067,0.212467223405838,1.5804781913757324,-0.6348989605903625,0.9009445309638977,1.697788953781128,-0.5776842832565308,0.1793196201324463,1.6900029182434082,-0.7406920194625854,0.8451921343803406,1.7060770988464355,-0.6391793489456177,0.2342562973499298,1.7016066312789917,-0.8156489133834839,0.8229364156723022,1.6614835262298584,-0.5242949724197388,0.25637954473495483,1.6564596891403198,-0.6804825067520142,0.6740824580192566,1.5932576656341553,-0.018260935321450233,0.38583970069885254,1.5949097871780396,0.023279061540961266,0.6428793668746948,2.214986562728882,0.02076323702931404,0.3795768916606903,2.217571496963501,0.024313993752002716,0.6395116448402405,2.781656503677368,0.5858169794082642,0.3835506737232208,2.770155191421509,0.39856773614883423,0.64183509349823,2.878174304962158,0.6150699257850647,0.37976810336112976,2.8646414279937744,0.41971269249916077,0.607298731803894,2.9538016319274902,0.12765362858772278,0.42414745688438416,2.939870595932007,-0.13744166493415833,0.4298196497236059,0
2026-09-24T12:30:10.962146,S013,S013_A5_Y_20260924_1229,elevated_20,A5,young,class_0,0.5339750051498413,0.5021924376487732,-0.7558040022850037,0.5565861463546753,0.4343557357788086,-0.7114366292953491,0.5728009939193726,0.43318384885787964,-0.7111459970474243,0.5851448178291321,0.43295586109161377,-0.7111760377883911,0.5040719509124756,0.4392385482788086,-0.7163781523704529,0.48647961020469666,0.4414421021938324,-0.715728223323822,0.47003182768821716,0.4437762200832367,-0.7158759832382202,0.6049746870994568,0.45867639780044556,-0.41475263237953186,0.453643262386322,0.47203636169433594,-0.4212069511413574,0.5682830810546875,0.5658162236213684,-0.6420836448669434,0.5048800110816956,0.5705990195274353,-0.6425467729568481,0.7726205587387085,0.8264834880828857,-0.22682197391986847,0.30774304270744324,0.8251972198486328,-0.36706918478012085,0.8622320294380188,1.2388054132461548,-0.2091018408536911,0.19724872708320618,1.2366271018981934,-0.3237094283103943,0.8501808047294617,1.59153413772583,-0.4747912287712097,0.21234016120433807,1.58051598072052,-0.6312416791915894,0.8789453506469727,1.7063376903533936,-0.5733543634414673,0.17932060360908508,1.6903358697891235,-0.7369703054428101,0.8217723965644836,1.7127591371536255,-0.630182147026062,0.23418362438678741,1.7015515565872192,-0.8124354481697083,0.8021090626716614,1.6669161319732666,-0.5179067850112915,0.25629112124443054,1.6563704013824463,-0.6769939661026001,0.6733055114746094,1.5972487926483154,-0.01938718743622303,0.3831422030925751,1.5975111722946167,0.02441091276705265,0.6402220129966736,2.218339443206787,0.024524156004190445,0.37365302443504333,2.219937801361084,0.049765925854444504,0.6324177980422974,2.7835428714752197,0.6232281923294067,0.3736693263053894,2.771224021911621,0.4638499617576599,0.6341222524642944,2.879915952682495,0.6562830209732056,0.37027889490127563,2.8655552864074707,0.4903244376182556,0.5989596247673035,2.956777334213257,0.1652214527130127,0.4123084545135498,2.9418981075286865,-0.06960086524486542,0.4295104394286957,0
2026-09-24T12:30:11.198619,S013,S013_A5_Y_20260924_1229,elevated_20,A5,young,class_0,0.5324534177780151,0.5021429657936096,-0.749771773815155,0.5554854869842529,0.434370219707489,-0.7075246572494507,0.5718735456466675,0.4332056939601898,-0.7071986198425293,0.5844850540161133,0.4329772889614105,-0.7072051763534546,0.5031474828720093,0.43926942348480225,-0.7099514603614807,0.485740602016449,0.44146740436553955,-0.7092393040657043,0.469472736120224,0.4438055753707886,-0.7093651294708252,0.6043157577514648,0.45871371030807495,-0.41470280289649963,0.453627347946167,0.47206947207450867,-0.41171473264694214,0.5676349401473999,0.5657897591590881,-0.6384140253067017,0.5041743516921997,0.5705086588859558,-0.6355644464492798,0.7725289463996887,0.827008843421936,-0.22833487391471863,0.30771374702453613,0.8251914978027344,-0.35858944058418274,0.8605504035949707,1.2391890287399292,-0.21244604885578156,0.197233647108078,1.2347332239151,-0.3150802254676819,0.848293125629425,1.5915337800979614,-0.475006103515625,0.21247167885303497,1.5791531801223755,-0.6268507242202759,0.8784233927726746,1.706008791923523,-0.57524573802948,0.17941369116306305,1.6895593404769897,-0.7330256700515747,0.8210369348526001,1.7125263214111328,-0.6313155293464661,0.2344474047422409,1.7001382112503052,-0.8094012141227722,0.8005520105361938,1.6668189764022827,-0.5188747644424438,0.25658875703811646,1.655038833618164,-0.6733953356742859,0.6724871397018433,1.5980573892593384,-0.021382153034210205,0.38094332814216614,1.5974996089935303,0.02653959020972252,0.6378567218780518,2.2192413806915283,0.030680647119879723,0.37092167139053345,2.2199673652648926,0.07327500730752945,0.6293932199478149,2.7835209369659424,0.655612587928772,0.3697870969772339,2.77034854888916,0.5095237493515015,0.6310983300209045,2.8798913955688477,0.6907084584236145,0.3663347065448761,2.8640990257263184,0.5384086966514587,0.5961436033248901,2.9561450481414795,0.19623731076717377,0.4080209732055664,2.941281318664551,-0.023062942549586296,0.42996737476792213,0
2026-09-24T12:30:11.397806,S013,S013_A5_Y_20260924_1229,elevated_20,A5,young,class_0,0.5314865708351135,0.5021085739135742,-0.7480054497718811,0.5547125935554504,0.43434226512908936,-0.705702543258667,0.5712310671806335,0.4331895411014557,-0.7053699493408203,0.5840023756027222,0.4329654276371002,-0.7053642868995667,0.502454936504364,0.4392431378364563,-0.7078262567520142,0.48516520857810974,0.4414491057395935,-0.7071062326431274,0.4690069258213043,0.44379621744155884,-0.7072335481643677,0.6038742661476135,0.45871874690055847,-0.4140855371952057,0.4536064565181732,0.4720706641674042,-0.40811920166015625,0.5671426057815552,0.5657964944839478,-0.6370372176170349,0.5036776065826416,0.5704925656318665,-0.6337092518806458,0.7726507782936096,0.8271573185920715,-0.22888663411140442,0.3076847195625305,0.8256081938743591,-0.35806357860565186,0.8607082366943359,1.239461898803711,-0.21660561859607697,0.20223072171211243,1.2363975048065186,-0.3132448196411133,0.8484529256820679,1.5922518968582153,-0.4775964617729187,0.213865727186203,1.580680012702942,-0.626947820186615,0.8789593577384949,1.7067451477050781,-0.5784158110618591,0.1797252744436264,1.690946340560913,-0.7333356738090515,0.8212465047836304,1.7136257886886597,-0.6318823099136353,0.2346244752407074,1.7020633220672607,-0.809616208076477,0.8005427122116089,1.668033242225647,-0.5204315185546875,0.25715702772140503,1.6569691896438599,-0.6736849546432495,0.6725568175315857,1.598294734954834,-0.022997485473752022,0.380877822637558,1.5974992513656616,0.028286317363381386,0.6380246877670288,2.220101833343506,0.03130527585744858,0.37104326486587524,2.220311403274536,0.077611543238163,0.6295991539955139,2.7837061882019043,0.6582680344581604,0.3701382279396057,2.77042293548584,0.5086617469787598,0.6312994956970215,2.8800225257873535,0.6932217478752136,0.36658889055252075,2.864164113998413,0.5366722345352173,0.5964789390563965,2.9560980796813965,0.19916751980781555,0.4086393713951111,2.941462516784668,-0.022960243746638298,0.4300653539121688,0
2026-09-24T12:30:11.521880,S013,S013_A5_Y_20260924_1229,elevated_20,A5,young,class_0,0.5310565829277039,0.5020616054534912,-0.7858959436416626,0.5541960597038269,0.4343235194683075,-0.7419615983963013,0.5707337856292725,0.4331757724285126,-0.7416529059410095,0.5836213827133179,0.4329519271850586,-0.7416177988052368,0.5021449327468872,0.4392407536506653,-0.7447946667671204,0.48493853211402893,0.4414513409137726,-0.7440805435180664,0.4688507616519928,0.4438037574291229,-0.7442299723625183,0.6033653020858765,0.45872557163238525,-0.4374995231628418,0.4536026418209076,0.4720974266529083,-0.43181657791137695,0.5668717622756958,0.5657954812049866,-0.6693945527076721,0.5035644769668579,0.570479154586792,-0.6666528582572937,0.7726506590843201,0.827167809009552,-0.2404099702835083,0.30768248438835144,0.8259210586547852,-0.38079339265823364,0.8605416417121887,1.2394663095474243,-0.23750655353069305,0.2025941163301468,1.2363972663879395,-0.3471178412437439,0.848662257194519,1.5924049615859985,-0.5322278141975403,0.2143564522266388,1.5812259912490845,-0.6810849905014038,0.8791820406913757,1.706761121749878,-0.6386488080024719,0.17996446788311005,1.6917771100997925,-0.7957330942153931,0.8219205141067505,1.7138243913650513,-0.693528950214386,0.23508107662200928,1.7028239965438843,-0.8708906173706055,0.8009471893310547,1.668418049812317,-0.5765089988708496,0.2577882409095764,1.6578532457351685,-0.7277286052703857,0.6742726564407349,1.5988601446151733,-0.024387899786233902,0.381447970867157,1.598366141319275,0.029631489887833595,0.6408729553222656,2.220836877822876,0.05895623564720154,0.3722427487373352,2.222130060195923,0.10652909427881241,0.6357544660568237,2.7836861610412598,0.726929783821106,0.37504035234451294,2.7705795764923096,0.5831608176231384,0.6381169557571411,2.879930019378662,0.7657875418663025,0.3726575970649719,2.864168405532837,0.6166929602622986,0.6034256815910339,2.9560422897338867,0.26214882731437683,0.4150116443634033,2.941664695739746,0.04573318734765053,0.4310678693479021,0
2026-09-24T12:30:11.672406,S013,S013_A5_Y_20260924_1229,elevated_20,A5,young,class_0,0.5308374166488647,0.5019344091415405,-0.7635200619697571,0.5539422631263733,0.43431851267814636,-0.7219744920730591,0.5704854726791382,0.43317118287086487,-0.7217103242874146,0.5834856629371643,0.4329446852207184,-0.7217580080032349,0.5019269585609436,0.43924805521965027,-0.7235786318778992,0.48472827672958374,0.4414706826210022,-0.7229205369949341,0.46871620416641235,0.44385287165641785,-0.723099410533905,0.6033079624176025,0.4586486220359802,-0.4315241873264313,0.45358991622924805,0.47210249304771423,-0.42140787839889526,0.5667880177497864,0.5657127499580383,-0.6524068117141724,0.5035377144813538,0.5703991055488586,-0.6486648321151733,0.7727271318435669,0.8256043791770935,-0.2369224578142166,0.3097541928291321,0.8242388367652893,-0.36976441740989685,0.86395263671875,1.2345848083496094,-0.22657246887683868,0.20307914912700653,1.23549222946167,-0.32201218605041504,0.8517459034919739,1.5850087404251099,-0.4830033779144287,0.2142738401889801,1.5776315927505493,-0.6268098950386047,0.8823947906494141,1.697916865348816,-0.5798627734184265,0.1796567142009735,1.6861122846603394,-0.7343292832374573,0.8240067362785339,1.7052761316299438,-0.6364957094192505,0.2347971498966217,1.6974893808364868,-0.8085443377494812,0.8031978607177734,1.6606013774871826,-0.5260409712791443,0.2576490044593811,1.653281569480896,-0.6729148626327515,0.6749610900878906,1.5931174755096436,-0.02300097420811653,0.38356807827949524,1.5940078496932983,0.028221482411026955,0.6434805393218994,2.216071367263794,0.04885412007570267,0.37670397758483887,2.2161507606506348,0.0664178654551506,0.6407213807106018,2.780290365219116,0.6391299366950989,0.3820566236972809,2.7658586502075195,0.4593256413936615,0.6435741186141968,2.8769094944000244,0.6695533990859985,0.3795488178730011,2.8596043586730957,0.4825302064418793,0.6081407070159912,2.9509549140930176,0.1777309775352478,0.42379412055015564,2.9357430934906006,-0.0714658722281456,0.4304103677026791,0
2026-09-24T12:30:11.797338,S013,S013_A5_Y_20260924_1229,elevated_20,A5,young,class_0,0.5302276611328125,0.501650333404541,-0.7630556225776672,0.5535547733306885,0.43428757786750793,-0.721255898475647,0.5701519250869751,0.4331510663032532,-0.720985472202301,0.5832765698432922,0.43292078375816345,-0.7210272550582886,0.501564621925354,0.4391980469226837,-0.7230510711669922,0.48440831899642944,0.4414207339286804,-0.7223917841911316,0.4684811532497406,0.44381076097488403,-0.7225688695907593,0.6031843423843384,0.4586440622806549,-0.43009471893310547,0.4535619616508484,0.4720057249069214,-0.4211094379425049,0.5663954615592957,0.565420389175415,-0.6516636610031128,0.50316321849823,0.5700464844703674,-0.6482070684432983,0.7727317810058594,0.8256037831306458,-0.23666083812713623,0.30998319387435913,0.8236952424049377,-0.36952418088912964,0.863939106464386,1.234411597251892,-0.22643598914146423,0.2030472755432129,1.2337734699249268,-0.3245479166507721,0.8518935441970825,1.5845030546188354,-0.4837932586669922,0.21427591145038605,1.576680064201355,-0.6349882483482361,0.8825152516365051,1.6974469423294067,-0.5815582871437073,0.17966888844966888,1.6855758428573608,-0.7438501119613647,0.8243273496627808,1.7049986124038696,-0.6379939317703247,0.2349122017621994,1.6971192359924316,-0.817072868347168,0.8036030530929565,1.660257339477539,-0.5268458724021912,0.2577168047428131,1.6528321504592896,-0.6805416345596313,0.6749114990234375,1.5931137800216675,-0.02300146594643593,0.38357314467430115,1.593656301498413,0.02821691893041134,0.6434727311134338,2.215893030166626,0.0486358106136322,0.3767050802707672,2.2157816886901855,0.0645013302564621,0.6405326128005981,2.7799763679504395,0.6382520198822021,0.38197842240333557,2.7652604579925537,0.4617483615875244,0.6433347463607788,2.876628875732422,0.6691521406173706,0.3795165717601776,2.8589603900909424,0.4857572019100189,0.607669472694397,2.950658082962036,0.1766219139099121,0.42323628067970276,2.9350569248199463,-0.07006967812776566,0.43053355821305583,0
2026-09-24T12:30:11.906182,S013,S013_A5_Y_20260924_1229,elevated_20,A5,young,class_0,0.5301356911659241,0.5015830397605896,-0.7745774984359741,0.5534526109695435,0.43426379561424255,-0.7309123277664185,0.570039689540863,0.43314552307128906,-0.7306455373764038,0.5831559300422668,0.43291789293289185,-0.7306679487228394,0.501528263092041,0.43913549184799194,-0.7336387038230896,0.48438844084739685,0.44138315320014954,-0.732965350151062,0.46846523880958557,0.4437928795814514,-0.7331353425979614,0.6028913259506226,0.458680659532547,-0.4331050515174866,0.4535570740699768,0.4720185399055481,-0.426779180765152,0.5661848187446594,0.565315842628479,-0.6604833602905273,0.5030271410942078,0.5699007511138916,-0.6579548120498657,0.771884560585022,0.8255673050880432,-0.24194550514221191,0.30903109908103943,0.8252361416816711,-0.37367233633995056,0.8627830743789673,1.233730435371399,-0.24435949325561523,0.20297694206237793,1.2346019744873047,-0.3364766538143158,0.8519185185432434,1.5815013647079468,-0.5434636473655701,0.21423737704753876,1.577189564704895,-0.6604699492454529,0.8827165365219116,1.6931655406951904,-0.6509522199630737,0.17963682115077972,1.6860097646713257,-0.7732110619544983,0.8245958089828491,1.7008605003356934,-0.7053297758102417,0.23473116755485535,1.6974499225616455,-0.8497089147567749,0.8036847114562988,1.6566215753555298,-0.5874850749969482,0.2575016915798187,1.6531319618225098,-0.7075843811035156,0.6760775446891785,1.5933736562728882,-0.025587493553757668,0.3842880129814148,1.5944273471832275,0.030731504783034325,0.6454306840896606,2.215963125228882,0.0625445693731308,0.3783477246761322,2.2172865867614746,0.10544733703136444,0.6439064741134644,2.7796664237976074,0.7127934694290161,0.38534218072891235,2.7659192085266113,0.569675087928772,0.6469900608062744,2.876160144805908,0.7508548498153687,0.38314884901046753,2.8594274520874023,0.6018306016921997,0.6120621562004089,2.9503183364868164,0.2517865300178528,0.42691856622695923,2.935603380203247,0.03649737313389778,0.430968152573693,0
2026-09-24T12:30:12.014025,S013,S013_A5_Y_20260924_1229,elevated_20,A5,young,class_0,0.5298883318901062,0.5015860795974731,-0.7756227850914001,0.553220808506012,0.43426933884620667,-0.7319501042366028,0.5697890520095825,0.4331568479537964,-0.7316792607307434,0.5829480290412903,0.43292543292045593,-0.7316738963127136,0.5012868046760559,0.4391527771949768,-0.7345030903816223,0.48416727781295776,0.44140055775642395,-0.7338563799858093,0.46825361251831055,0.44381874799728394,-0.7340326905250549,0.602631151676178,0.45868924260139465,-0.4345310628414154,0.45349329710006714,0.47205808758735657,-0.42735713720321655,0.5659337639808655,0.5653323531150818,-0.6619698405265808,0.5027821063995361,0.5699185132980347,-0.6591171026229858,0.771935224533081,0.8258584141731262,-0.24305307865142822,0.30902808904647827,0.8258708715438843,-0.37528061866760254,0.8627781867980957,1.2348586320877075,-0.24325773119926453,0.20304496586322784,1.2351038455963135,-0.34165123105049133,0.8518049120903015,1.5850296020507812,-0.5371182560920715,0.21415889263153076,1.5798346996307373,-0.6704601049423218,0.8826287984848022,1.697661280632019,-0.6427170038223267,0.17940554022789001,1.690122365951538,-0.7814940214157104,0.8247531652450562,1.705806016921997,-0.6976094245910645,0.23457622528076172,1.7015386819839478,-0.8597524762153625,0.8037617802619934,1.6612085103988647,-0.5808731317520142,0.25744864344596863,1.6567130088806152,-0.7180243134498596,0.6775575876235962,1.5942115783691406,-0.02612784504890442,0.3852998614311218,1.5957410335540771,0.031246032565832138,0.6462622880935669,2.2171030044555664,0.0611175000667572,0.3788757622241974,2.219529867172241,0.1013505682349205,0.6441575288772583,2.780487060546875,0.6984673738479614,0.38551563024520874,2.768477439880371,0.5537717342376709,0.6472159624099731,2.876782178878784,0.7351676225662231,0.3832778334617615,2.862143039703369,0.5843000411987305,0.6122296452522278,2.9516727924346924,0.23816315829753876,0.42689719796180725,2.9381773471832275,0.019337568432092667,0.43164042128591285,0
2026-09-24T12:30:12.128605,S013,S013_A5_Y_20260924_1229,elevated_20,A5,young,class_0,0.529895007610321,0.5011968612670898,-0.7607353925704956,0.5532017946243286,0.434122771024704,-0.717256486415863,0.569770336151123,0.43302759528160095,-0.7169846296310425,0.582912027835846,0.43282464146614075,-0.7170067429542542,0.5012724995613098,0.43900376558303833,-0.7197421789169312,0.48415303230285645,0.44130411744117737,-0.7191187143325806,0.468242883682251,0.4437399208545685,-0.7192865014076233,0.60252445936203,0.45865610241889954,-0.42663511633872986,0.45348602533340454,0.4719378352165222,-0.41973382234573364,0.5659281015396118,0.5651148557662964,-0.650155246257782,0.5027852654457092,0.5696793794631958,-0.6474817991256714,0.7717388272285461,0.8257206678390503,-0.23912036418914795,0.3090071678161621,0.8251916766166687,-0.37178975343704224,0.8625497817993164,1.2348870038986206,-0.23583078384399414,0.2034224569797516,1.2340439558029175,-0.3387039005756378,0.851845920085907,1.5840873718261719,-0.5268205404281616,0.21573951840400696,1.5787816047668457,-0.6668018102645874,0.8827370405197144,1.696631908416748,-0.6322353482246399,0.18119366466999054,1.689470648765564,-0.7775435447692871,0.8248077630996704,1.7046314477920532,-0.6907892227172852,0.23675528168678284,1.7011325359344482,-0.8565777540206909,0.8038431406021118,1.6598025560379028,-0.5713680982589722,0.25935447216033936,1.6559714078903198,-0.7146349549293518,0.6774632930755615,1.5925350189208984,-0.024637850001454353,0.38529229164123535,1.5932976007461548,0.02975125052034855,0.6459991931915283,2.2149434089660645,0.05885523557662964,0.37890297174453735,2.21694016456604,0.0960666835308075,0.6429495215415955,2.7783989906311035,0.6913010478019714,0.38444337248802185,2.766249895095825,0.5307707786560059,0.6456891894340515,2.8752939701080322,0.7269672751426697,0.3817170560359955,2.860290288925171,0.5579482316970825,0.6111980080604553,2.9486727714538574,0.23631055653095245,0.42552828788757324,2.935879707336426,0.00158743339125067,0.4315455021861095,0
2026-09-24T12:30:12.238467,S013,S013_A5_Y_20260924_1229,elevated_20,A5,young,class_0,0.5296395421028137,0.5010595321655273,-0.7509351372718811,0.5529245138168335,0.4340882897377014,-0.7081709504127502,0.569521427154541,0.43300560116767883,-0.7078593969345093,0.5827221870422363,0.43281328678131104,-0.7078965902328491,0.5010379552841187,0.4389955699443817,-0.7102487683296204,0.4839267134666443,0.4413027763366699,-0.7095890641212463,0.46806859970092773,0.44374755024909973,-0.7097113728523254,0.6023746132850647,0.45867571234703064,-0.42028823494911194,0.4534286558628082,0.4719417691230774,-0.4112277030944824,0.565625786781311,0.5650547742843628,-0.6412845253944397,0.5025540590286255,0.5696219801902771,-0.6378791332244873,0.7716023325920105,0.8252912759780884,-0.23776540160179138,0.3092257082462311,0.8252041339874268,-0.3634946942329407,0.8634613156318665,1.233964204788208,-0.23548269271850586,0.20320245623588562,1.2330859899520874,-0.32414665818214417,0.8576850891113281,1.5821291208267212,-0.523895263671875,0.21595898270606995,1.577417254447937,-0.6381186842918396,0.8916518092155457,1.6934969425201416,-0.6287156343460083,0.18158403038978577,1.6873606443405151,-0.7437025308609009,0.8334595561027527,1.7021135091781616,-0.6857412457466125,0.2372061312198639,1.6995456218719482,-0.8223400115966797,0.8113974332809448,1.657863974571228,-0.5678197741508484,0.2596495747566223,1.654610514640808,-0.6857105493545532,0.6774944067001343,1.5924887657165527,-0.025281518697738647,0.3857702314853668,1.5932193994522095,0.03040713630616665,0.6464434862136841,2.2149739265441895,0.055793456733226776,0.3803432285785675,2.2170441150665283,0.0935838595032692,0.6437302231788635,2.778477191925049,0.6856441497802734,0.38621291518211365,2.7669665813446045,0.5286263227462769,0.6467370390892029,2.875338077545166,0.7212186455726624,0.38361215591430664,2.8608853816986084,0.5562385320663452,0.6117901802062988,2.948679208755493,0.233631893992424,0.42701029777526855,2.9368104934692383,-0.0030766392592340708,0.4313942059744325,0
2026-09-24T12:30:12.368189,S013,S013_A5_Y_20260924_1229,elevated_20,A5,young,class_0,0.5296825170516968,0.5007203817367554,-0.7509148120880127,0.5529134273529053,0.43388137221336365,-0.7076948881149292,0.5695082545280457,0.43274861574172974,-0.7073966264724731,0.5827031135559082,0.4325433373451233,-0.7074427008628845,0.5010578632354736,0.4389246702194214,-0.710303783416748,0.4839276373386383,0.44127148389816284,-0.7096502184867859,0.46807289123535156,0.4437338411808014,-0.7097768783569336,0.6022546887397766,0.4583386778831482,-0.41838446259498596,0.45338010787963867,0.4719081521034241,-0.41127005219459534,0.5656145811080933,0.564789891242981,-0.6408323645591736,0.5025865435600281,0.5694525837898254,-0.638041615486145,0.7708197832107544,0.8237228989601135,-0.2358265370130539,0.3092837333679199,0.8248371481895447,-0.363416850566864,0.8659605979919434,1.2269375324249268,-0.23520402610301971,0.2038663625717163,1.233167290687561,-0.32379037141799927,0.8638777732849121,1.57223379611969,-0.5217960476875305,0.21604999899864197,1.576013445854187,-0.6383336186408997,0.899101734161377,1.6827934980392456,-0.6260408759117126,0.18159237504005432,1.6845585107803345,-0.744403064250946,0.8402870893478394,1.69219172000885,-0.6828218102455139,0.23720404505729675,1.6968895196914673,-0.8227989077568054,0.8177908658981323,1.648572325706482,-0.5656421184539795,0.25965315103530884,1.652243733406067,-0.6858620047569275,0.6776796579360962,1.5897926092147827,-0.024623233824968338,0.3867485523223877,1.591749668121338,0.029738198965787888,0.6481111645698547,2.21217679977417,0.05494014546275139,0.38325729966163635,2.214873790740967,0.07847113907337189,0.6466246843338013,2.7762465476989746,0.6550258994102478,0.38881367444992065,2.7652716636657715,0.4811321794986725,0.6498810648918152,2.8734700679779053,0.6871727108955383,0.38592463731765747,2.85951566696167,0.5047479867935181,0.614467978477478,2.9455161094665527,0.2013203650712967,0.4303765296936035,2.93414044380188,-0.04735840857028961,0.4311937087094465,0
2026-09-24T12:30:12.507032,S013,S013_A5_Y_20260924_1229,elevated_20,A5,young,class_0,0.5296592712402344,0.5006923079490662,-0.7782583236694336,0.5528304576873779,0.4338392913341522,-0.7329035997390747,0.5694224238395691,0.4327069818973541,-0.7326454520225525,0.5826324224472046,0.4324973523616791,-0.7326514720916748,0.5010210275650024,0.43891143798828125,-0.7363877296447754,0.4838959574699402,0.44126594066619873,-0.7357156872749329,0.46805158257484436,0.4437340795993805,-0.7358853220939636,0.6022385358810425,0.45832979679107666,-0.43465596437454224,0.4533638060092926,0.47191980481147766,-0.4304526746273041,0.5656006336212158,0.5647850632667542,-0.6647337079048157,0.5026088356971741,0.5694553852081299,-0.6629774570465088,0.7708927989006042,0.8237193822860718,-0.2401527464389801,0.3092855215072632,0.8248368501663208,-0.3823188841342926,0.867486298084259,1.2267301082611084,-0.2388724833726883,0.20546121895313263,1.235111951828003,-0.3477773666381836,0.8683093786239624,1.5725597143173218,-0.5353697538375854,0.21650859713554382,1.5761679410934448,-0.6831141114234924,0.9046632051467896,1.683242917060852,-0.6389386653900146,0.1818925142288208,1.6846802234649658,-0.7978097200393677,0.8462244272232056,1.6922667026519775,-0.6962636709213257,0.23741431534290314,1.6970622539520264,-0.8762335777282715,0.8228772282600403,1.6487420797348022,-0.5803562998771667,0.2598921060562134,1.6523473262786865,-0.7316359281539917,0.6778544187545776,1.5897599458694458,-0.024740180000662804,0.38674813508987427,1.5914279222488403,0.029886389151215553,0.648206353187561,2.2121286392211914,0.054682254791259766,0.3831881284713745,2.2148590087890625,0.08475188165903091,0.6465939283370972,2.775806188583374,0.6753354668617249,0.388771653175354,2.764883279800415,0.515335202217102,0.6498953104019165,2.8732569217681885,0.7098130583763123,0.3858407139778137,2.859267473220825,0.5423867106437683,0.6144201755523682,2.9449243545532227,0.21205897629261017,0.4302915632724762,2.9339029788970947,-0.021364087238907814,0.4312409302119704,0
2026-09-24T12:30:12.635034,S013,S013_A5_Y_20260924_1229,elevated_20,A5,young,class_0,0.5295997858047485,0.5007720589637756,-0.7786999344825745,0.5528168082237244,0.43383604288101196,-0.7339142560958862,0.5694090723991394,0.43269985914230347,-0.7336329221725464,0.5826193690299988,0.43248826265335083,-0.7336081266403198,0.5009154677391052,0.43894222378730774,-0.7367531657218933,0.48376673460006714,0.44128847122192383,-0.7360875010490417,0.4679187834262848,0.44375893473625183,-0.7362545728683472,0.6022169589996338,0.45832815766334534,-0.43660950660705566,0.4533262848854065,0.4719811677932739,-0.43029293417930603,0.56556236743927,0.5648830533027649,-0.6656187176704407,0.5025902986526489,0.5695589780807495,-0.6631256341934204,0.7717124223709106,0.8257231116294861,-0.241253063082695,0.30927813053131104,0.8260481357574463,-0.38231778144836426,0.8660791516304016,1.2338436841964722,-0.23848721385002136,0.2056950330734253,1.236691951751709,-0.34719154238700867,0.8646834492683411,1.5819653272628784,-0.5323066711425781,0.2165503203868866,1.579581618309021,-0.6809624433517456,0.8993180394172668,1.6939122676849365,-0.6355773210525513,0.18189944326877594,1.689784288406372,-0.7938140630722046,0.8423887491226196,1.7031712532043457,-0.6926965117454529,0.23741284012794495,1.7014122009277344,-0.8721000552177429,0.8195133209228516,1.6581988334655762,-0.5769947171211243,0.25992172956466675,1.6559358835220337,-0.7291371822357178,0.6779550313949585,1.5937541723251343,-0.024784306064248085,0.38665783405303955,1.5942132472991943,0.02993408404290676,0.6480380892753601,2.2157771587371826,0.05374651029706001,0.3824385702610016,2.2189829349517822,0.08708937466144562,0.6455925703048706,2.779006004333496,0.6817790269851685,0.38674384355545044,2.7688024044036865,0.5270770192146301,0.6486858129501343,2.876675605773926,0.7173010110855103,0.3839263319969177,2.8635411262512207,0.5552428960800171,0.613299548625946,2.94914174079895,0.21858589351177216,0.4272269606590271,2.9388296604156494,-0.011467964388430119,0.43158465193643236,0
2026-09-24T12:30:12.815153,S013,S013_A5_Y_20260924_1229,elevated_20,A5,young,class_0,0.529990017414093,0.5007862448692322,-0.8042813539505005,0.5529869198799133,0.4338532090187073,-0.7584128379821777,0.5694955587387085,0.4327021837234497,-0.7582374811172485,0.5826245546340942,0.43248453736305237,-0.7583689093589783,0.5011700391769409,0.4389890432357788,-0.7642064690589905,0.4840119779109955,0.4413294196128845,-0.7636186480522156,0.46810001134872437,0.44377651810646057,-0.7638517618179321,0.6021989583969116,0.45824187994003296,-0.44458693265914917,0.4533315598964691,0.4718659520149231,-0.4504968225955963,0.5657321214675903,0.5649005770683289,-0.683088481426239,0.5030210018157959,0.56956547498703,-0.6845619678497314,0.7714131474494934,0.8237380981445312,-0.24120807647705078,0.3092104494571686,0.8244743347167969,-0.38551008701324463,0.8662620782852173,1.2269046306610107,-0.23769012093544006,0.20416636765003204,1.2360562086105347,-0.35156506299972534,0.8658825755119324,1.5724257230758667,-0.5316845178604126,0.21638813614845276,1.5750069618225098,-0.6902661323547363,0.8999381065368652,1.685035228729248,-0.6343184113502502,0.18208016455173492,1.6835589408874512,-0.8053213357925415,0.8432532548904419,1.6949793100357056,-0.6943007707595825,0.23752892017364502,1.6951929330825806,-0.8823628425598145,0.8211370706558228,1.649593472480774,-0.5770854353904724,0.2598857879638672,1.650201439857483,-0.7370976209640503,0.6773646473884583,1.5902334451675415,-0.024509277194738388,0.3869034945964813,1.5918596982955933,0.02959774062037468,0.6485878825187683,2.2110228538513184,0.042328380048274994,0.38292360305786133,2.214224100112915,0.05765584856271744,0.6465197801589966,2.7755355834960938,0.6239251494407654,0.3882683515548706,2.766177177429199,0.4486730992794037,0.6500140428543091,2.8726768493652344,0.6542407274246216,0.3855810761451721,2.8613500595092773,0.47050970792770386,0.6132180690765381,2.94722056388855,0.1520417183637619,0.4287657141685486,2.9352033138275146,-0.09257281571626663,0.43090162044120117,0
2026-09-24T12:30:12.961749,S013,S013_A5_Y_20260924_1229,elevated_20,A5,young,class_0,0.5299383997917175,0.5004429221153259,-0.7916116714477539,0.5528935194015503,0.4335501492023468,-0.7478097677230835,0.5694190263748169,0.4324302077293396,-0.7476510405540466,0.5825594663619995,0.4322303533554077,-0.7478540539741516,0.5010923743247986,0.43865129351615906,-0.7529011964797974,0.4839176535606384,0.44108566641807556,-0.752361536026001,0.4680056571960449,0.443595826625824,-0.7526082396507263,0.6021627187728882,0.4580775797367096,-0.4423621594905853,0.4532138407230377,0.4716280698776245,-0.4467436671257019,0.565660834312439,0.5646727085113525,-0.6742995977401733,0.5029788613319397,0.5694382786750793,-0.6749402284622192,0.7708593606948853,0.8231700658798218,-0.24086758494377136,0.30926644802093506,0.8235278725624084,-0.3843963146209717,0.8664779663085938,1.2263569831848145,-0.23723912239074707,0.20417726039886475,1.2357925176620483,-0.35126417875289917,0.8669626116752625,1.571075677871704,-0.5271319150924683,0.21653082966804504,1.5723536014556885,-0.6863595247268677,0.9010443687438965,1.683404803276062,-0.6276554465293884,0.18241354823112488,1.6799066066741943,-0.7999982237815857,0.8441282510757446,1.6935940980911255,-0.6882471442222595,0.23783984780311584,1.6915074586868286,-0.8754183053970337,0.8221823573112488,1.6482511758804321,-0.5722399950027466,0.2600356936454773,1.646798849105835,-0.7321145534515381,0.6765204668045044,1.5889118909835815,-0.02416357770562172,0.3868332505226135,1.5898469686508179,0.029190238565206528,0.6472977995872498,2.209324598312378,0.04264524579048157,0.3824372887611389,2.2120559215545654,0.059749044477939606,0.643717348575592,2.7743191719055176,0.629828929901123,0.3859662413597107,2.7647013664245605,0.4593033790588379,0.6470420956611633,2.8715429306030273,0.6613419651985168,0.3831447660923004,2.8600058555603027,0.48282942175865173,0.6085697412490845,2.9461324214935303,0.1599157154560089,0.4252030849456787,2.933773994445801,-0.0786510556936264,0.43022100057971163,0
2026-09-24T12:30:13.099542,S013,S013_A5_Y_20260924_1229,elevated_20,A5,young,class_0,0.5298413634300232,0.5004571676254272,-0.7920714020729065,0.5528749823570251,0.43354496359825134,-0.7500006556510925,0.5693946480751038,0.4324236214160919,-0.7497817277908325,0.5825265645980835,0.43222272396087646,-0.749901533126831,0.5010844469070435,0.43864724040031433,-0.752652645111084,0.4839102327823639,0.4410742521286011,-0.7520027756690979,0.46799811720848083,0.44356825947761536,-0.7522042989730835,0.6021338105201721,0.4580710530281067,-0.4489528238773346,0.45320969820022583,0.47154518961906433,-0.4442702829837799,0.5654715299606323,0.5646688342094421,-0.6757155656814575,0.502855122089386,0.5694199204444885,-0.6738049387931824,0.7706767320632935,0.8232457637786865,-0.26240792870521545,0.3083919584751129,0.8234908580780029,-0.3762795031070709,0.8654109835624695,1.2268474102020264,-0.26020321249961853,0.20281806588172913,1.232839584350586,-0.32704368233680725,0.8607072830200195,1.5736461877822876,-0.5450019836425781,0.2164105921983719,1.5721124410629272,-0.6433969736099243,0.893267035484314,1.6861999034881592,-0.6541954278945923,0.18248096108436584,1.6800047159194946,-0.7534016966819763,0.8361560106277466,1.6952468156814575,-0.7087382674217224,0.23783382773399353,1.6913799047470093,-0.835678219795227,0.8145879507064819,1.6499513387680054,-0.5882152318954468,0.25997352600097656,1.6466896533966064,-0.6924836039543152,0.6755416393280029,1.589957594871521,-0.030924389138817787,0.38547810912132263,1.590160608291626,0.0360272154211998,0.6458245515823364,2.2096731662750244,0.05060213804244995,0.3798940181732178,2.2122104167938232,0.10376576334238052,0.6411923170089722,2.7738776206970215,0.6934340000152588,0.3832162320613861,2.7646098136901855,0.568923830986023,0.6444302201271057,2.8701589107513428,0.7313288450241089,0.3807584047317505,2.8597609996795654,0.6015993356704712,0.6053672432899475,2.946092367172241,0.22753474116325378,0.42005935311317444,2.9335272312164307,0.03458702564239502,0.4304521099110747,0
2026-09-24T12:30:13.226294,S013,S013_A5_Y_20260924_1229,elevated_20,A5,young,class_0,0.5296413898468018,0.500449538230896,-0.7941070199012756,0.5527758002281189,0.4335465431213379,-0.7531653642654419,0.5692996978759766,0.43242722749710083,-0.7529288530349731,0.582464873790741,0.43222302198410034,-0.7529932260513306,0.5010522603988647,0.43864184617996216,-0.7547745108604431,0.48389187455177307,0.4410480856895447,-0.7540456056594849,0.46799135208129883,0.4435199499130249,-0.7542389631271362,0.6021171808242798,0.4580628275871277,-0.45043158531188965,0.4532191753387451,0.47147464752197266,-0.44279828667640686,0.5652540326118469,0.5646498799324036,-0.6766173839569092,0.5027579069137573,0.5693644881248474,-0.6736970543861389,0.7703051567077637,0.8231227397918701,-0.2609121799468994,0.3086481988430023,0.8222100734710693,-0.3655255138874054,0.8572291135787964,1.2261180877685547,-0.25754648447036743,0.20165172219276428,1.2163870334625244,-0.30474942922592163,0.8472963571548462,1.5707463026046753,-0.537005603313446,0.2162846326828003,1.558894395828247,-0.6180688142776489,0.8777137994766235,1.6825237274169922,-0.647281289100647,0.1825263798236847,1.6696287393569946,-0.7290903329849243,0.8236915469169617,1.6888706684112549,-0.7010518312454224,0.2378557175397873,1.6775670051574707,-0.8077099919319153,0.8029352426528931,1.6444233655929565,-0.5799754858016968,0.2599699795246124,1.6333987712860107,-0.6659660339355469,0.6735394597053528,1.5885441303253174,-0.03216403350234032,0.3830762803554535,1.5864940881729126,0.037281811237335205,0.642524003982544,2.2072176933288574,0.05244879052042961,0.37460726499557495,2.206322193145752,0.10191615670919418,0.6363121867179871,2.7679028511047363,0.6914352178573608,0.3782016634941101,2.754450559616089,0.558363676071167,0.6392019987106323,2.8622617721557617,0.7278634905815125,0.3764677345752716,2.847482442855835,0.5895390510559082,0.5989735126495361,2.9404520988464355,0.2229996919631958,0.41384974122047424,2.921802282333374,0.019386978819966316,0.4310289195763372,0
2026-09-24T12:30:13.352853,S013,S013_A5_Y_20260924_1229,elevated_20,A5,young,class_0,0.5295273065567017,0.5004240274429321,-0.7667778730392456,0.5526962876319885,0.43351805210113525,-0.7246537208557129,0.5692545175552368,0.43241778016090393,-0.724386990070343,0.5824447274208069,0.4322167634963989,-0.7244542837142944,0.5009092092514038,0.4385565519332886,-0.7260991334915161,0.4837544858455658,0.4409625828266144,-0.7254297137260437,0.46785491704940796,0.4434490203857422,-0.7256003022193909,0.6021060943603516,0.4580736756324768,-0.4352567791938782,0.4531427323818207,0.4714369475841522,-0.42507725954055786,0.565184473991394,0.564643144607544,-0.6559461951255798,0.502634584903717,0.5693572163581848,-0.6523061990737915,0.7702730298042297,0.8228471875190735,-0.2526707947254181,0.30864185094833374,0.8223971724510193,-0.363727867603302,0.8582481145858765,1.226258635520935,-0.2553630769252777,0.20272991061210632,1.219722867012024,-0.30733779072761536,0.8494895100593567,1.5708345174789429,-0.53607577085495,0.21574655175209045,1.559857726097107,-0.6204138994216919,0.8811419606208801,1.682450532913208,-0.6460702419281006,0.18079248070716858,1.6697229146957397,-0.7319818139076233,0.8258048892021179,1.68913996219635,-0.6995450258255005,0.23590417206287384,1.6786189079284668,-0.8093023300170898,0.8047410249710083,1.6446864604949951,-0.5790665149688721,0.2586298882961273,1.6344794034957886,-0.6670339703559875,0.6740368008613586,1.5882049798965454,-0.031160246580839157,0.3838028311729431,1.586503505706787,0.03631287068128586,0.6434114575386047,2.207289934158325,0.04879861697554588,0.37649834156036377,2.2067463397979736,0.09549392759799957,0.639119565486908,2.7684130668640137,0.6748397946357727,0.3817966878414154,2.75618314743042,0.5254161953926086,0.6423389315605164,2.8634297847747803,0.7099236249923706,0.3797692656517029,2.849642038345337,0.5526338219642639,0.6039238572120667,2.940511465072632,0.21533146500587463,0.42086610198020935,2.9242217540740967,-0.007000358309596777,0.4306308945429147,0
2026-09-24T12:30:13.471735,S013,S013_A5_Y_20260924_1229,elevated_20,A5,young,class_0,0.5295835733413696,0.5007887482643127,-0.7837045192718506,0.5527247190475464,0.43391314148902893,-0.743385910987854,0.5692456364631653,0.4328574240207672,-0.7430930137634277,0.5824276208877563,0.43265029788017273,-0.7431480288505554,0.5010236501693726,0.4388118386268616,-0.7443422079086304,0.48384785652160645,0.4410896897315979,-0.7435501217842102,0.4679053723812103,0.4435117542743683,-0.7436519861221313,0.6020482182502747,0.4583083987236023,-0.443227618932724,0.45314788818359375,0.47146835923194885,-0.4301206171512604,0.5651741623878479,0.5648147463798523,-0.6674206256866455,0.5026457905769348,0.5695205926895142,-0.662648618221283,0.7693175673484802,0.821526825428009,-0.26024752855300903,0.3087238669395447,0.8214406371116638,-0.3616237938404083,0.8583434224128723,1.2178118228912354,-0.26543018221855164,0.20227475464344025,1.2154632806777954,-0.30871039628982544,0.8509236574172974,1.5631523132324219,-0.5493191480636597,0.2157316952943802,1.5569000244140625,-0.6499699354171753,0.8840706944465637,1.6726315021514893,-0.6617233753204346,0.1808091253042221,1.6664854288101196,-0.7654429078102112,0.8295960426330566,1.679021954536438,-0.7142844200134277,0.2359144389629364,1.6734507083892822,-0.84502774477005,0.8074156045913696,1.6372816562652588,-0.592369019985199,0.2586444020271301,1.6304728984832764,-0.6990289092063904,0.6740149259567261,1.5879210233688354,-0.0376482829451561,0.3838067054748535,1.5862430334091187,0.042829178273677826,0.6434295177459717,2.207353353500366,0.05974733829498291,0.3765406608581543,2.206913471221924,0.13435456156730652,0.6391474604606628,2.767571449279785,0.7225777506828308,0.3820045590400696,2.7562685012817383,0.6151908040046692,0.642356276512146,2.8614015579223633,0.7610114812850952,0.38014739751815796,2.849393129348755,0.6499496102333069,0.6039676666259766,2.939180612564087,0.2530513405799866,0.4207710325717926,2.924182415008545,0.07507729530334473,0.43192915877140575,0
2026-09-24T12:30:13.581008,S013,S013_A5_Y_20260924_1229,elevated_20,A5,young,class_0,0.5296431183815002,0.5007434487342834,-0.7816087603569031,0.5528447031974792,0.4338759183883667,-0.7393361926078796,0.5693655014038086,0.4328324496746063,-0.7390223145484924,0.5824886560440063,0.4326314926147461,-0.7390254735946655,0.5010555982589722,0.4386841356754303,-0.7411237955093384,0.4838600158691406,0.4409397542476654,-0.7403544187545776,0.46790727972984314,0.44332799315452576,-0.7404474020004272,0.6021047830581665,0.4582839608192444,-0.4405413568019867,0.45314306020736694,0.47130441665649414,-0.42942872643470764,0.5651974081993103,0.5647193789482117,-0.6666855216026306,0.5026437044143677,0.5694266557693481,-0.6622434854507446,0.7698501944541931,0.8220105767250061,-0.25944265723228455,0.3086957633495331,0.8237673044204712,-0.36641591787338257,0.860842227935791,1.2202820777893066,-0.2646772265434265,0.2024202048778534,1.2235971689224243,-0.32232341170310974,0.8563777804374695,1.5671736001968384,-0.5461775064468384,0.21596655249595642,1.5711734294891357,-0.6581029295921326,0.8912795782089233,1.6766777038574219,-0.6565607786178589,0.18088901042938232,1.6822593212127686,-0.7703428268432617,0.8358203768730164,1.684378743171692,-0.7104901075363159,0.23613908886909485,1.691513180732727,-0.8505213856697083,0.8127602338790894,1.6425398588180542,-0.5894489884376526,0.2590480148792267,1.6469701528549194,-0.707109808921814,0.6781378984451294,1.5895315408706665,-0.03725731372833252,0.3858494162559509,1.5899792909622192,0.04242580011487007,0.6484217047691345,2.2115426063537598,0.05439835786819458,0.38168177008628845,2.2159368991851807,0.12495525926351547,0.6459793448448181,2.773499011993408,0.7112085223197937,0.38835495710372925,2.7659199237823486,0.5875500440597534,0.6492481827735901,2.868601083755493,0.7483690977096558,0.38617390394210815,2.859539747238159,0.6193563342094421,0.6141648888587952,2.944012403488159,0.2439049929380417,0.42906656861305237,2.934302568435669,0.048955582082271576,0.4324673203398726,0
2026-09-24T12:30:13.695916,S013,S013_A5_Y_20260924_1229,elevated_20,A5,young,class_0,0.5296589136123657,0.5008784532546997,-0.771198034286499,0.5528489351272583,0.4339157044887543,-0.7302395105361938,0.5693591237068176,0.4328886866569519,-0.7298873066902161,0.5824769735336304,0.432689368724823,-0.7298316359519958,0.5011833906173706,0.4386962950229645,-0.7300641536712646,0.4840258061885834,0.44093939661979675,-0.7292985916137695,0.46808862686157227,0.4433232247829437,-0.7293944358825684,0.6020732522010803,0.45831599831581116,-0.4403994083404541,0.45322781801223755,0.4712974727153778,-0.42347294092178345,0.565146803855896,0.5648099780082703,-0.6610950231552124,0.5026603937149048,0.5695318579673767,-0.6544434428215027,0.7699864506721497,0.8225559592247009,-0.25972074270248413,0.30869656801223755,0.8241556286811829,-0.3635505437850952,0.860903263092041,1.2240537405014038,-0.2641212046146393,0.20259585976600647,1.2277722358703613,-0.315630704164505,0.8536102175712585,1.5684212446212769,-0.546017050743103,0.21621160209178925,1.5742156505584717,-0.6382256746292114,0.8880693316459656,1.6774752140045166,-0.6559634208679199,0.1809518039226532,1.6846719980239868,-0.7464990615844727,0.8308932185173035,1.6848753690719604,-0.7083601951599121,0.23623506724834442,1.694140076637268,-0.828446090221405,0.8080427050590515,1.6429129838943481,-0.5888350009918213,0.25932008028030396,1.6493351459503174,-0.6881171464920044,0.6781358122825623,1.5896245241165161,-0.03695133328437805,0.3857748210430145,1.5899852514266968,0.042150381952524185,0.6482283473014832,2.2120282649993896,0.04789787158370018,0.3816210925579071,2.2161436080932617,0.12072210013866425,0.6458936333656311,2.773730516433716,0.7025607824325562,0.3881895840167999,2.7660300731658936,0.5772572755813599,0.6491923332214355,2.8690762519836426,0.7399877309799194,0.38585177063941956,2.8597426414489746,0.6080456972122192,0.6138961315155029,2.9440295696258545,0.23870651423931122,0.42900753021240234,2.934565305709839,0.03770235553383827,0.4325936056219151,0
2026-09-24T12:30:13.814711,S013,S013_A5_Y_20260924_1229,elevated_20,A5,young,class_0,0.5318515300750732,0.500469446182251,-0.7766214609146118,0.5538679361343384,0.4333975613117218,-0.7343916893005371,0.5701470971107483,0.4324004054069519,-0.7340576648712158,0.582851767539978,0.43228915333747864,-0.7340084314346313,0.5023880004882812,0.4381657838821411,-0.7350488305091858,0.4851049482822418,0.4406037926673889,-0.7343153357505798,0.46905452013015747,0.4431076645851135,-0.7344281673431396,0.6023929715156555,0.45811453461647034,-0.4422200322151184,0.4533544182777405,0.4712601900100708,-0.4277430474758148,0.5660483241081238,0.5645367503166199,-0.665749728679657,0.5040589570999146,0.5693677663803101,-0.6602030396461487,0.7699787020683289,0.8226385116577148,-0.2612116038799286,0.30831050872802734,0.8242455124855042,-0.3694106936454773,0.8584863543510437,1.2272592782974243,-0.26335394382476807,0.20214073359966278,1.2324938774108887,-0.32847291231155396,0.8506956100463867,1.5691545009613037,-0.5487427115440369,0.21693241596221924,1.575940489768982,-0.6519573330879211,0.8846343755722046,1.6781632900238037,-0.6581820845603943,0.18258287012577057,1.6858991384506226,-0.7601442933082581,0.8278584480285645,1.6858214139938354,-0.7095780968666077,0.23789247870445251,1.6951898336410522,-0.8401216268539429,0.8055540919303894,1.6434201002120972,-0.5913680791854858,0.2604144513607025,1.6502690315246582,-0.7002861499786377,0.6776710152626038,1.5899174213409424,-0.036703672260046005,0.38524216413497925,1.5900499820709229,0.041904889047145844,0.6466736793518066,2.212599039077759,0.05065932869911194,0.3797755837440491,2.2172372341156006,0.12416501343250275,0.643255352973938,2.774700164794922,0.7111647129058838,0.38478797674179077,2.7676079273223877,0.5879405736923218,0.6464623212814331,2.870521306991577,0.7493016123771667,0.38210442662239075,2.8615450859069824,0.61965012550354,0.6106942892074585,2.945038318634033,0.2484242022037506,0.42462071776390076,2.936720371246338,0.04891455918550491,0.4323920766249337,0
2026-09-24T12:30:13.927470,S013,S013_A5_Y_20260924_1229,elevated_20,A5,young,class_0,0.5324705839157104,0.5005719065666199,-0.78398597240448,0.5543329119682312,0.43339818716049194,-0.7413004636764526,0.5705445408821106,0.4324016273021698,-0.740998387336731,0.583079993724823,0.4322892725467682,-0.7409486770629883,0.5028911828994751,0.43817615509033203,-0.7430805563926697,0.48562780022621155,0.4406108856201172,-0.742353081703186,0.46957191824913025,0.4431063234806061,-0.7425037622451782,0.6026692390441895,0.4581092298030853,-0.4429793357849121,0.45356303453445435,0.47127944231033325,-0.43163222074508667,0.5662814378738403,0.5645838975906372,-0.6695402264595032,0.5044946670532227,0.569420576095581,-0.6654577851295471,0.7699974775314331,0.8243133425712585,-0.260884553194046,0.3083131015300751,0.8242102861404419,-0.37055718898773193,0.8465851545333862,1.2345749139785767,-0.2590354084968567,0.20222556591033936,1.232278823852539,-0.33023935556411743,0.8294261693954468,1.577329397201538,-0.5393519401550293,0.216923788189888,1.5759310722351074,-0.6576909422874451,0.8574420809745789,1.689764142036438,-0.6447848081588745,0.1825295090675354,1.6861670017242432,-0.7689557671546936,0.8034658432006836,1.6962538957595825,-0.6982432007789612,0.23789790272712708,1.695570707321167,-0.8446424603462219,0.7839680910110474,1.6514419317245483,-0.5822197794914246,0.2604216933250427,1.6504707336425781,-0.7043057084083557,0.676156759262085,1.5921356678009033,-0.03603745251893997,0.38381221890449524,1.590730905532837,0.04119052365422249,0.6432043313980103,2.213230848312378,0.052651893347501755,0.3754061162471771,2.2172324657440186,0.12138351052999496,0.6380114555358887,2.7747294902801514,0.7067781090736389,0.3797268271446228,2.766494035720825,0.5865451097488403,0.641109049320221,2.870528221130371,0.7443066835403442,0.37741541862487793,2.8599355220794678,0.6174716949462891,0.6031228303909302,2.9453580379486084,0.24439625442028046,0.4182904362678528,2.936124324798584,0.044821158051490784,0.4326430135544907,0
2026-09-24T12:30:14.047316,S013,S013_A5_Y_20260924_1229,elevated_20,A5,young,class_0,0.5364671945571899,0.5005725622177124,-0.7838820219039917,0.5571293234825134,0.4334118962287903,-0.7411843538284302,0.5725598335266113,0.4324381649494171,-0.7408676147460938,0.5847598910331726,0.4323595464229584,-0.7408080101013184,0.5056301355361938,0.43816572427749634,-0.7429061532020569,0.4877983033657074,0.44059932231903076,-0.7421874403953552,0.4715766906738281,0.4430779218673706,-0.7423421144485474,0.6039146184921265,0.458243191242218,-0.44239187240600586,0.45365041494369507,0.4712466299533844,-0.43398547172546387,0.5680088400840759,0.5648096203804016,-0.6695173978805542,0.5062925219535828,0.5694848895072937,-0.6664175987243652,0.770095944404602,0.8243526816368103,-0.2604433596134186,0.3083193898200989,0.8251140713691711,-0.37451255321502686,0.8544049263000488,1.234520673751831,-0.2728967070579529,0.2018703669309616,1.2422438859939575,-0.3463704288005829,0.8475443124771118,1.5774798393249512,-0.5893991589546204,0.2169117033481598,1.5834877490997314,-0.6809303164482117,0.8802227973937988,1.6899895668029785,-0.7023765444755554,0.18273523449897766,1.6923080682754517,-0.7927294969558716,0.8224544525146484,1.6973426342010498,-0.7558308839797974,0.2380918711423874,1.7026365995407104,-0.8702561259269714,0.801613986492157,1.6524550914764404,-0.6331826448440552,0.2604563534259796,1.657772421836853,-0.7279788851737976,0.6786852478981018,1.5925501585006714,-0.035994965583086014,0.3884078860282898,1.5931251049041748,0.04112006723880768,0.6492093801498413,2.2149312496185303,0.04907366633415222,0.3809766471385956,2.22096848487854,0.11618968099355698,0.6482518911361694,2.778003454208374,0.6855179667472839,0.3914797008037567,2.7709498405456543,0.5579761266708374,0.6523571610450745,2.8745434284210205,0.7213095426559448,0.3894940912723541,2.8648927211761475,0.5866177082061768,0.6132228970527649,2.9491348266601562,0.22849979996681213,0.4336809515953064,2.9407527446746826,0.03061763010919094,0.4320721908527089,0
2026-09-24T12:30:14.153828,S013,S013_A5_Y_20260924_1229,elevated_20,A5,young,class_0,0.5403952598571777,0.5008982419967651,-0.7865462303161621,0.5600811243057251,0.43358471989631653,-0.7437855005264282,0.5747255682945251,0.43265897035598755,-0.743456244468689,0.5868286490440369,0.4326406419277191,-0.7433929443359375,0.5092284083366394,0.43841153383255005,-0.7461902499198914,0.4909988045692444,0.4409645199775696,-0.7454285621643066,0.47459545731544495,0.4434145390987396,-0.7455372214317322,0.6056462526321411,0.4590306878089905,-0.443195641040802,0.4540315270423889,0.47183749079704285,-0.4371548593044281,0.5702687501907349,0.5660486221313477,-0.6713869571685791,0.5090030431747437,0.5698734521865845,-0.6689363121986389,0.769931435585022,0.8247725963592529,-0.2654714584350586,0.3083355128765106,0.8251783847808838,-0.3736787438392639,0.8538962602615356,1.2351442575454712,-0.27057942748069763,0.19692102074623108,1.2299609184265137,-0.34299829602241516,0.847747802734375,1.581959843635559,-0.5750114917755127,0.21445560455322266,1.5772327184677124,-0.6701873540878296,0.8804398775100708,1.6932214498519897,-0.6934913396835327,0.1805213987827301,1.6870793104171753,-0.7783449292182922,0.822889506816864,1.69987952709198,-0.740290105342865,0.2363361418247223,1.694826364517212,-0.8590227365493774,0.8018313646316528,1.6563435792922974,-0.6166964769363403,0.25872617959976196,1.651242971420288,-0.7187508344650269,0.6785454750061035,1.5936243534088135,-0.03854719549417496,0.38740599155426025,1.593513011932373,0.04364108294248581,0.6475792527198792,2.2170605659484863,0.06959013640880585,0.37946566939353943,2.222015380859375,0.15471556782722473,0.6433463096618652,2.77816104888916,0.7665452361106873,0.38689425587654114,2.771068811416626,0.670287013053894,0.6462879776954651,2.8744633197784424,0.8080785870552063,0.3846307098865509,2.8648500442504883,0.7093102335929871,0.6093440055847168,2.9491803646087646,0.3038610517978668,0.42404571175575256,2.9406790733337402,0.13440336287021637,0.4337422303720938,0
2026-09-24T12:30:14.256761,S013,S013_A5_Y_20260924_1229,elevated_20,A5,young,class_0,0.5421019196510315,0.5002410411834717,-0.7550780177116394,0.5614496469497681,0.43318861722946167,-0.709978461265564,0.5758253335952759,0.43232500553131104,-0.7096120715141296,0.5878301858901978,0.4324468970298767,-0.7094923257827759,0.5104071497917175,0.4379616379737854,-0.711417555809021,0.4919619560241699,0.44064807891845703,-0.7107150554656982,0.47545069456100464,0.44324058294296265,-0.7108124494552612,0.6069422960281372,0.459047794342041,-0.4220171868801117,0.45416489243507385,0.47180822491645813,-0.4122592806816101,0.5714096426963806,0.5658837556838989,-0.6469200253486633,0.5100289583206177,0.5696962475776672,-0.6433312892913818,0.7704523801803589,0.8254177570343018,-0.250673770904541,0.3089332580566406,0.8251588940620422,-0.35841861367225647,0.8549880981445312,1.2365195751190186,-0.24731695652008057,0.1973496973514557,1.2282764911651611,-0.31555378437042236,0.848075270652771,1.5819131135940552,-0.5280038714408875,0.21485021710395813,1.5715419054031372,-0.632101833820343,0.8810198903083801,1.6928927898406982,-0.6373465657234192,0.1808500587940216,1.680991768836975,-0.7381157279014587,0.8232825994491577,1.6993237733840942,-0.6885356307029724,0.23673789203166962,1.6889684200286865,-0.8158472776412964,0.8020683526992798,1.6559605598449707,-0.5704988837242126,0.2590556740760803,1.6450133323669434,-0.6803379058837891,0.6786445379257202,1.5933817625045776,-0.03681901842355728,0.38737860321998596,1.5924004316329956,0.04208091273903847,0.6463385820388794,2.217048168182373,0.05892478674650192,0.37832871079444885,2.2210586071014404,0.1310177743434906,0.641079306602478,2.7781596183776855,0.7245738506317139,0.38412198424339294,2.7704312801361084,0.5939654111862183,0.6436783075332642,2.8744895458221436,0.7621474862098694,0.381377249956131,2.8644344806671143,0.6244022250175476,0.6077760457992554,2.9485082626342773,0.2669527232646942,0.422138512134552,2.939281702041626,0.06048962473869324,0.43426098698686283,0
2026-09-24T12:30:14.380146,S013,S013_A5_Y_20260924_1229,elevated_20,A5,young,class_0,0.5435682535171509,0.5006977319717407,-0.7709029912948608,0.5625950694084167,0.43364307284355164,-0.7253088355064392,0.5766814947128296,0.43285447359085083,-0.724941074848175,0.5885721445083618,0.43300721049308777,-0.724839985370636,0.5118559002876282,0.43834370374679565,-0.7283170223236084,0.49351629614830017,0.4409967362880707,-0.7275349497795105,0.4771753251552582,0.44343942403793335,-0.7276129126548767,0.6075429916381836,0.45979925990104675,-0.4259423315525055,0.4547363221645355,0.472007691860199,-0.42227500677108765,0.5723854899406433,0.5662737488746643,-0.6573625206947327,0.5116447806358337,0.5698624849319458,-0.6556052565574646,0.7698744535446167,0.825920045375824,-0.2514929473400116,0.3089224696159363,0.8252556324005127,-0.3590508699417114,0.8512582778930664,1.2363790273666382,-0.2466045320034027,0.19555172324180603,1.22372305393219,-0.31701022386550903,0.8462883234024048,1.5806567668914795,-0.5287097096443176,0.2136920988559723,1.5667017698287964,-0.6328133344650269,0.8798326253890991,1.690447211265564,-0.6378512382507324,0.17999091744422913,1.6765285730361938,-0.7396552562713623,0.8235184550285339,1.6965876817703247,-0.6894188523292542,0.23563668131828308,1.6838101148605347,-0.8179743885993958,0.8019918203353882,1.6537721157073975,-0.5713922381401062,0.25764384865760803,1.6400500535964966,-0.6812008619308472,0.6778823733329773,1.5934807062149048,-0.036914385855197906,0.3856079876422882,1.5923043489456177,0.042157795280218124,0.6432760953903198,2.2170326709747314,0.0740392729640007,0.3759857714176178,2.220719337463379,0.14634427428245544,0.6352981328964233,2.7770512104034424,0.7659748792648315,0.37780049443244934,2.76931095123291,0.6508216857910156,0.6369591951370239,2.8727176189422607,0.8068108558654785,0.37432271242141724,2.86309552192688,0.6872924566268921,0.6032359004020691,2.946438789367676,0.30201882123947144,0.413798987865448,2.936527729034424,0.10896340757608414,0.4352650388258636,0
2026-09-24T12:30:14.568875,S013,S013_A5_Y_20260924_1229,elevated_20,A5,young,class_0,0.545478105545044,0.5007202625274658,-0.746243953704834,0.5638706088066101,0.4335915148258209,-0.7005364894866943,0.5776643753051758,0.432744562625885,-0.7002238035202026,0.5894685983657837,0.43284672498703003,-0.7002068161964417,0.5129213333129883,0.43834415078163147,-0.7053183317184448,0.4944620728492737,0.440999835729599,-0.7046326994895935,0.47809165716171265,0.4434385895729065,-0.7047358751296997,0.6079989671707153,0.4594552218914032,-0.40737786889076233,0.45495516061782837,0.4719705581665039,-0.4116891026496887,0.5735231041908264,0.566297709941864,-0.6352179646492004,0.5133906602859497,0.5699413418769836,-0.6358773708343506,0.769935667514801,0.8248940110206604,-0.2311510592699051,0.30995142459869385,0.8248867392539978,-0.3551334738731384,0.8545191884040833,1.2309867143630981,-0.23001141846179962,0.197153702378273,1.2238438129425049,-0.3163902461528778,0.8500469923019409,1.5734822750091553,-0.5120180249214172,0.21379855275154114,1.5645314455032349,-0.6326633095741272,0.8839244842529297,1.6828097105026245,-0.6167527437210083,0.18000857532024384,1.6727910041809082,-0.739426851272583,0.8273873329162598,1.6893103122711182,-0.6714985370635986,0.2356402426958084,1.6808925867080688,-0.8163086771965027,0.8055608868598938,1.6468068361282349,-0.5553421378135681,0.25766152143478394,1.6372203826904297,-0.6802711486816406,0.6779801845550537,1.590162754058838,-0.03132762387394905,0.38605257868766785,1.5900248289108276,0.03654411807656288,0.6435710787773132,2.21364426612854,0.0617857351899147,0.37723761796951294,2.2162866592407227,0.09834761917591095,0.6368535757064819,2.7748231887817383,0.6819168329238892,0.38026463985443115,2.7649271488189697,0.5197912454605103,0.63849937915802,2.8709616661071777,0.7155038714408875,0.376526415348053,2.858476400375366,0.5461994409561157,0.6065265536308289,2.9427387714385986,0.22739246487617493,0.41974902153015137,2.9321093559265137,-0.010934417136013508,0.4349292177246849,0
2026-09-24T12:30:14.748541,S013,S013_A5_Y_20260924_1229,elevated_20,A5,young,class_0,0.5460999011993408,0.5012419819831848,-0.7345806956291199,0.5641295313835144,0.43422380089759827,-0.6872982978820801,0.5778961777687073,0.43343400955200195,-0.687032163143158,0.5896545648574829,0.4334469437599182,-0.6870712041854858,0.5133093595504761,0.4387952983379364,-0.6947892904281616,0.4948185980319977,0.44135215878486633,-0.6941262483596802,0.47842416167259216,0.44361716508865356,-0.6942592859268188,0.6080352067947388,0.4597984254360199,-0.39060336351394653,0.45496439933776855,0.4721840023994446,-0.40842777490615845,0.5738348960876465,0.5667871236801147,-0.6224451661109924,0.5138660669326782,0.5704983472824097,-0.627114474773407,0.7696189880371094,0.8220323324203491,-0.20756888389587402,0.31005340814590454,0.8247165679931641,-0.3554050326347351,0.8546152114868164,1.2243553400039673,-0.2006971836090088,0.1987278163433075,1.223944902420044,-0.31776413321495056,0.8569218516349792,1.5645431280136108,-0.47862952947616577,0.2149392068386078,1.5607495307922363,-0.6344260573387146,0.892619252204895,1.6727265119552612,-0.5760483741760254,0.1814228892326355,1.6669381856918335,-0.7416282892227173,0.8385586738586426,1.6815613508224487,-0.6368313431739807,0.2368132621049881,1.6764640808105469,-0.8159874081611633,0.8157532811164856,1.6396236419677734,-0.5239298343658447,0.2585034668445587,1.6329115629196167,-0.6810290813446045,0.678268551826477,1.5836859941482544,-0.024356357753276825,0.3878464996814728,1.5855382680892944,0.029464375227689743,0.6449551582336426,2.20534610748291,0.047366391867399216,0.38023775815963745,2.208421230316162,0.05575377494096756,0.6415843367576599,2.769706964492798,0.6227858066558838,0.38573989272117615,2.757385492324829,0.43394923210144043,0.6430829763412476,2.8669626712799072,0.6521601676940918,0.38185858726501465,2.8502113819122314,0.45514851808547974,0.6153091192245483,2.935023069381714,0.16487029194831848,0.4296664297580719,2.924311637878418,-0.09966665506362915,0.4341537265231981,0
2026-09-24T12:30:14.869033,S013,S013_A5_Y_20260924_1229,elevated_20,A5,young,class_0,0.545974612236023,0.5023976564407349,-0.7706794142723083,0.5640980005264282,0.4352375864982605,-0.7267752885818481,0.5778919458389282,0.43461066484451294,-0.7265244722366333,0.5896486043930054,0.43454113602638245,-0.7265454530715942,0.5133479237556458,0.43939411640167236,-0.7320730090141296,0.4949195384979248,0.44175228476524353,-0.7312796711921692,0.4785926342010498,0.4438174366950989,-0.7313889265060425,0.6080339550971985,0.4605644941329956,-0.420036643743515,0.4550963342189789,0.4722873270511627,-0.42841798067092896,0.5738190412521362,0.5679500102996826,-0.6528568267822266,0.5138291120529175,0.5708983540534973,-0.6545909643173218,0.7689081430435181,0.8219951391220093,-0.2374996691942215,0.31015175580978394,0.8246489763259888,-0.35592973232269287,0.8546212315559387,1.224066138267517,-0.22724337875843048,0.19829830527305603,1.2226142883300781,-0.31833869218826294,0.8562828302383423,1.564926028251648,-0.5015387535095215,0.21460530161857605,1.5608619451522827,-0.6348483562469482,0.8915940523147583,1.6732338666915894,-0.6089275479316711,0.18133147060871124,1.6681157350540161,-0.7423925399780273,0.838343620300293,1.681933879852295,-0.6651871204376221,0.2365523874759674,1.6766401529312134,-0.817966103553772,0.8154069781303406,1.6399362087249756,-0.5457073450088501,0.2582799196243286,1.6331833600997925,-0.6820639371871948,0.6790100336074829,1.5845715999603271,-0.02940448746085167,0.3884454667568207,1.5870486497879028,0.03443395718932152,0.6474841833114624,2.2057690620422363,0.051007431000471115,0.3817770779132843,2.21018385887146,0.09705166518688202,0.6445658206939697,2.7697346210479736,0.6821783781051636,0.3880705237388611,2.7582080364227295,0.5599092245101929,0.64645916223526,2.8663980960845947,0.7180750370025635,0.38497430086135864,2.850679874420166,0.593052089214325,0.6168433427810669,2.9353957176208496,0.2119446098804474,0.4301472306251526,2.924928903579712,0.017323549836874008,0.4350229981084657,0
2026-09-24T12:30:15.000254,S013,S013_A5_Y_20260924_1229,elevated_20,A5,young,class_0,0.5458723306655884,0.5029352903366089,-0.7776565551757812,0.5640678405761719,0.4355282187461853,-0.7366276979446411,0.5778849124908447,0.4349108636379242,-0.7363473176956177,0.589642345905304,0.43479159474372864,-0.7363148927688599,0.5133320689201355,0.4395744204521179,-0.740852415561676,0.49494943022727966,0.44185870885849,-0.7400509119033813,0.4786730706691742,0.44385597109794617,-0.7401607036590576,0.6080306768417358,0.46061092615127563,-0.4368870258331299,0.4552890658378601,0.472293496131897,-0.4383355677127838,0.5738197565078735,0.5682336091995239,-0.6610985994338989,0.5138646364212036,0.5711345076560974,-0.6611531376838684,0.7688771486282349,0.8220102787017822,-0.25489336252212524,0.3099370300769806,0.824553370475769,-0.3618524670600891,0.85468989610672,1.2240955829620361,-0.244943305850029,0.19836236536502838,1.2224628925323486,-0.3188096880912781,0.8559360504150391,1.5660539865493774,-0.5164994597434998,0.21621036529541016,1.5619269609451294,-0.6292823553085327,0.8911635279655457,1.6744964122772217,-0.6258944272994995,0.18342635035514832,1.6702492237091064,-0.7355830669403076,0.8381730914115906,1.6827223300933838,-0.6782382726669312,0.23862314224243164,1.6771414279937744,-0.8132176399230957,0.8149696588516235,1.6410123109817505,-0.5593421459197998,0.26078134775161743,1.6337534189224243,-0.6766841411590576,0.6789472103118896,1.5853554010391235,-0.03079397976398468,0.3879602551460266,1.5876818895339966,0.03579525649547577,0.6472853422164917,2.206059694290161,0.06151648238301277,0.38118892908096313,2.2105681896209717,0.11288751661777496,0.64421147108078,2.7696893215179443,0.7104708552360535,0.38750070333480835,2.7583324909210205,0.5930746793746948,0.646232008934021,2.865767002105713,0.7480753660202026,0.38474589586257935,2.8508505821228027,0.6282264590263367,0.6145046949386597,2.9358479976654053,0.24567842483520508,0.42784562706947327,2.925098419189453,0.05943956971168518,0.43587098509341915,0
2026-09-24T12:30:15.123811,S013,S013_A5_Y_20260924_1229,elevated_20,A5,young,class_0,0.5458894968032837,0.5028942823410034,-0.7774031162261963,0.5641045570373535,0.4353417456150055,-0.7361943125724792,0.5779330134391785,0.43468597531318665,-0.7359083890914917,0.5896487236022949,0.43455350399017334,-0.7358853220939636,0.5133376717567444,0.43938249349594116,-0.7402458786964417,0.4949573576450348,0.44168493151664734,-0.7394396662712097,0.47867903113365173,0.44372788071632385,-0.7395448684692383,0.6079144477844238,0.460222452878952,-0.43667474389076233,0.45530200004577637,0.4722231328487396,-0.43838682770729065,0.5738518238067627,0.5682374238967896,-0.6622015833854675,0.5139033794403076,0.5711637735366821,-0.6623406410217285,0.7691330909729004,0.8233270645141602,-0.2544346749782562,0.30987465381622314,0.8263273239135742,-0.37356534600257874,0.8592612147331238,1.2243272066116333,-0.25138071179389954,0.2007751762866974,1.236836552619934,-0.3366397023200989,0.860678493976593,1.5674195289611816,-0.5545459985733032,0.21796603500843048,1.5749849081039429,-0.6628459095954895,0.8974189758300781,1.676683783531189,-0.6655809879302979,0.18458764255046844,1.6838899850845337,-0.7738457918167114,0.8418591618537903,1.6869784593582153,-0.717138409614563,0.23993191123008728,1.6928725242614746,-0.8533527255058289,0.8181101679801941,1.6442071199417114,-0.5983167886734009,0.26227134466171265,1.6477506160736084,-0.7114013433456421,0.6820410490036011,1.5875911712646484,-0.030493488535284996,0.3890244960784912,1.5908032655715942,0.03554818779230118,0.651383638381958,2.2093610763549805,0.06313391029834747,0.3841237723827362,2.2159743309020996,0.1148596853017807,0.6500850319862366,2.772465944290161,0.7221863865852356,0.39160606265068054,2.7626829147338867,0.591506838798523,0.6526659727096558,2.870331048965454,0.7602984309196472,0.3888523578643799,2.856564998626709,0.6248244047164917,0.6204689145088196,2.9385857582092285,0.2613062560558319,0.4346010088920593,2.930690288543701,0.059755176305770874,0.4355002125752793,0
2026-09-24T12:30:15.231552,S013,S013_A5_Y_20260924_1229,elevated_20,A5,young,class_0,0.5460721850395203,0.5052247047424316,-0.7721324563026428,0.5643278956413269,0.4369393587112427,-0.7303061485290527,0.5781188011169434,0.4363623261451721,-0.7300373911857605,0.5898217558860779,0.4360274076461792,-0.730005145072937,0.5136306881904602,0.44093766808509827,-0.7370039224624634,0.4952975809574127,0.44307518005371094,-0.7362003922462463,0.479087769985199,0.44476306438446045,-0.7363138198852539,0.6081028580665588,0.4614633619785309,-0.4261135160923004,0.45548877120018005,0.47322866320610046,-0.43803077936172485,0.5741442441940308,0.5705592632293701,-0.6548096537590027,0.5140653848648071,0.5727904438972473,-0.6583906412124634,0.7690868973731995,0.8234557509422302,-0.24634316563606262,0.30988502502441406,0.8262132406234741,-0.3708140254020691,0.8516284823417664,1.2263833284378052,-0.23274290561676025,0.1993611752986908,1.2336002588272095,-0.3256118893623352,0.8486495018005371,1.573163390159607,-0.4993046820163727,0.2170395404100418,1.573943853378296,-0.623322069644928,0.8816218376159668,1.684140920639038,-0.5994282364845276,0.18418604135513306,1.6833349466323853,-0.7244442701339722,0.828962504863739,1.6921314001083374,-0.6512421369552612,0.23919939994812012,1.6913248300552368,-0.7997915744781494,0.806492030620575,1.6491246223449707,-0.5410186052322388,0.261440634727478,1.6464608907699585,-0.6682763695716858,0.6803208589553833,1.5883203744888306,-0.03050011396408081,0.38792869448661804,1.5912950038909912,0.0355515256524086,0.6480308771133423,2.209566354751587,0.047269560396671295,0.3801594376564026,2.2159903049468994,0.09485933929681778,0.6426249146461487,2.772721290588379,0.6635351777076721,0.38486650586128235,2.762706756591797,0.5273149609565735,0.6447507739067078,2.8702592849731445,0.6969681978225708,0.38219553232192993,2.856499433517456,0.5565507411956787,0.6101454496383667,2.9408929347991943,0.20239916443824768,0.42418545484542847,2.930678367614746,-0.005533406976610422,0.43604439415393054,0
2026-09-24T12:30:15.355403,S013,S013_A5_Y_20260924_1229,elevated_20,A5,young,class_0,0.546029269695282,0.5046501159667969,-0.7701918482780457,0.564325749874115,0.4364670515060425,-0.7255383729934692,0.578149139881134,0.435855507850647,-0.7253105044364929,0.5898569226264954,0.43561872839927673,-0.7253403663635254,0.513562798500061,0.4403242766857147,-0.7330434322357178,0.4951420724391937,0.44250112771987915,-0.7323389649391174,0.4788301885128021,0.44429200887680054,-0.7324839234352112,0.6081739068031311,0.46104711294174194,-0.42025214433670044,0.455374151468277,0.4729643166065216,-0.4365178048610687,0.5741567015647888,0.5702276229858398,-0.6533990502357483,0.5139979124069214,0.5726727247238159,-0.6576606631278992,0.7693672776222229,0.8233099579811096,-0.23979321122169495,0.3103436827659607,0.8261804580688477,-0.37116801738739014,0.8545284271240234,1.226436734199524,-0.23297718167304993,0.20042042434215546,1.2350592613220215,-0.3321624994277954,0.8528944849967957,1.5731862783432007,-0.5034340023994446,0.21749861538410187,1.573161244392395,-0.6360203623771667,0.8856403231620789,1.6845934391021729,-0.605401337146759,0.18498238921165466,1.680815577507019,-0.742355227470398,0.8306002616882324,1.6930731534957886,-0.6573021411895752,0.23990166187286377,1.6898218393325806,-0.8122690916061401,0.808998703956604,1.649558186531067,-0.5453089475631714,0.2618265748023987,1.6453230381011963,-0.6792259216308594,0.6805593371391296,1.5872764587402344,-0.025574898347258568,0.3909800946712494,1.5907665491104126,0.03053073026239872,0.6509196758270264,2.209300994873047,0.03780614584684372,0.38541358709335327,2.2153480052948,0.04950808733701706,0.6482980847358704,2.7737245559692383,0.607256293296814,0.39301952719688416,2.7632133960723877,0.41820305585861206,0.6513726115226746,2.871673583984375,0.6357321739196777,0.39028608798980713,2.857344627380371,0.43825215101242065,0.6145699620246887,2.942232847213745,0.14316889643669128,0.4347238540649414,2.931380033493042,-0.11661732196807861,0.4348266005325844,0
2026-09-24T12:30:15.471673,S013,S013_A5_Y_20260924_1229,elevated_20,A5,young,class_0,0.5460005402565002,0.5054594278335571,-0.7664309144020081,0.5643184185028076,0.4373438060283661,-0.7236897945404053,0.5781466960906982,0.43688705563545227,-0.7234262228012085,0.5898539423942566,0.4366339147090912,-0.7234212160110474,0.5135655403137207,0.440957248210907,-0.7294692993164062,0.4951814115047455,0.44299572706222534,-0.7287197709083557,0.47891169786453247,0.44458919763565063,-0.7288356423377991,0.6081701517105103,0.46203988790512085,-0.42123475670814514,0.4554820954799652,0.47319790720939636,-0.43394842743873596,0.5741553902626038,0.5708004236221313,-0.6517910957336426,0.5139976739883423,0.5730088949203491,-0.6537487506866455,0.7687548398971558,0.8239760994911194,-0.2416200339794159,0.3100047707557678,0.8260374069213867,-0.3659355044364929,0.8491877317428589,1.2275863885879517,-0.23329758644104004,0.19939672946929932,1.2289729118347168,-0.3216671347618103,0.8470624685287476,1.5725820064544678,-0.5011777281761169,0.21740207076072693,1.5710786581039429,-0.61664879322052,0.8798912167549133,1.6818488836288452,-0.6046392321586609,0.18491318821907043,1.6795750856399536,-0.7197727560997009,0.82769376039505,1.6887577772140503,-0.6569746732711792,0.23982802033424377,1.6876907348632812,-0.7933282852172852,0.8055648803710938,1.6463487148284912,-0.5436090230941772,0.2617762088775635,1.6432232856750488,-0.6615815162658691,0.6790011525154114,1.5875650644302368,-0.02614426240324974,0.3888629078865051,1.590775728225708,0.03111230954527855,0.6483291983604431,2.2091832160949707,0.03793858736753464,0.384123831987381,2.214900016784668,0.06667973101139069,0.6453067064285278,2.7718896865844727,0.6342160105705261,0.3895847797393799,2.761845350265503,0.49544137716293335,0.647790253162384,2.8685479164123535,0.6676282286643982,0.3865014910697937,2.8557236194610596,0.5250850915908813,0.6129711866378784,2.9404733180999756,0.1791307032108307,0.42858609557151794,2.9278533458709717,-0.03486351668834686,0.43522090652754053,0
2026-09-24T12:30:15.578360,S013,S013_A5_Y_20260924_1229,elevated_20,A5,young,class_0,0.546012282371521,0.5056949257850647,-0.7562287449836731,0.5644184947013855,0.4375026524066925,-0.7149814963340759,0.5782303810119629,0.4370574951171875,-0.7146862149238586,0.5899264216423035,0.4368003010749817,-0.7146636843681335,0.5137076377868652,0.4410359561443329,-0.7200868725776672,0.4953419268131256,0.44303661584854126,-0.7193413972854614,0.4790876507759094,0.444598525762558,-0.7194560170173645,0.6081919074058533,0.46208614110946655,-0.4200774133205414,0.4555797576904297,0.47317931056022644,-0.42989984154701233,0.5741550326347351,0.5708816051483154,-0.644313633441925,0.5140361189842224,0.5731092691421509,-0.6453810930252075,0.7683643102645874,0.8240211009979248,-0.24126382172107697,0.3093799948692322,0.8258112072944641,-0.36078473925590515,0.8475861549377441,1.2276240587234497,-0.2264365702867508,0.19920982420444489,1.2281769514083862,-0.31108999252319336,0.8438190221786499,1.5706751346588135,-0.49263864755630493,0.2178332358598709,1.5673397779464722,-0.6053099632263184,0.8763834238052368,1.6790744066238403,-0.5966476202011108,0.18589773774147034,1.6761772632598877,-0.7073870301246643,0.824748694896698,1.6846749782562256,-0.6494841575622559,0.2403687983751297,1.6814168691635132,-0.7836800813674927,0.8024522662162781,1.6425013542175293,-0.5351489782333374,0.26220613718032837,1.6369234323501587,-0.651125431060791,0.6782078742980957,1.587742567062378,-0.026224520057439804,0.38722604513168335,1.5908294916152954,0.031196346506476402,0.6467854976654053,2.2089014053344727,0.03986995294690132,0.3827514052391052,2.214508533477783,0.0722038596868515,0.6426733732223511,2.7708654403686523,0.6483136415481567,0.38591480255126953,2.7609896659851074,0.5157046914100647,0.6446123719215393,2.8671844005584717,0.6835503578186035,0.3825312554836273,2.854846954345703,0.5469657182693481,0.6113899350166321,2.9396462440490723,0.20125742256641388,0.42390379309654236,2.9263675212860107,-0.01028325967490673,0.43525517491232013,0
2026-09-24T12:30:15.696792,S013,S013_A5_Y_20260924_1229,elevated_20,A5,young,class_0,0.5462249517440796,0.505900502204895,-0.7563912272453308,0.5645319223403931,0.43759214878082275,-0.7150560021400452,0.5783156156539917,0.4371285140514374,-0.7147699594497681,0.5899931192398071,0.4368540048599243,-0.7147519588470459,0.5138759613037109,0.4411812424659729,-0.7202237844467163,0.4955238401889801,0.4432239532470703,-0.7194857001304626,0.47927016019821167,0.4447798430919647,-0.7196043729782104,0.6082049608230591,0.46212202310562134,-0.4202133119106293,0.45562028884887695,0.47340112924575806,-0.4298918843269348,0.5744199156761169,0.5711944699287415,-0.6441649198532104,0.5143178701400757,0.5732504725456238,-0.64536052942276,0.7675304412841797,0.8224568963050842,-0.24293486773967743,0.3095119595527649,0.8258046507835388,-0.36007216572761536,0.8471201658248901,1.224840760231018,-0.2327433079481125,0.198077991604805,1.2261106967926025,-0.31366923451423645,0.8423429727554321,1.5689010620117188,-0.4965420663356781,0.21784961223602295,1.5665690898895264,-0.6086434125900269,0.8747305870056152,1.6775143146514893,-0.6015752553939819,0.18623808026313782,1.6757770776748657,-0.7127822637557983,0.8233984112739563,1.6835577487945557,-0.6527310609817505,0.24065324664115906,1.6808894872665405,-0.7891510725021362,0.801135241985321,1.641555666923523,-0.5380343198776245,0.26230329275131226,1.636452078819275,-0.6550368666648865,0.6784179210662842,1.586566686630249,-0.02784229815006256,0.3883247673511505,1.5902847051620483,0.03268646448850632,0.6468685269355774,2.206575870513916,0.03833149001002312,0.3827713131904602,2.2130701541900635,0.07412998378276825,0.6425970792770386,2.768292188644409,0.6511886119842529,0.38598281145095825,2.759545087814331,0.5186684727668762,0.6445251703262329,2.8632028102874756,0.6860047578811646,0.38262468576431274,2.8528780937194824,0.5495235919952393,0.6112920045852661,2.938080310821533,0.1996978223323822,0.42391538619995117,2.9246633052825928,-0.00958075001835823,0.43547649914463554,0
2026-09-24T12:30:15.814733,S013,S013_A5_Y_20260924_1229,elevated_20,A5,young,class_0,0.5462120175361633,0.5046730637550354,-0.7563415765762329,0.5645530819892883,0.4363904893398285,-0.7141132354736328,0.5783603191375732,0.43572860956192017,-0.7138588428497314,0.5900431275367737,0.43555259704589844,-0.713882565498352,0.5138211846351624,0.4403376877307892,-0.7192347645759583,0.495431125164032,0.4425414204597473,-0.7185404896736145,0.47913113236427307,0.44433319568634033,-0.7186863422393799,0.608231782913208,0.4608118236064911,-0.42002806067466736,0.45555418729782104,0.47279176115989685,-0.42916321754455566,0.574436366558075,0.5702272653579712,-0.6442729234695435,0.5143153667449951,0.5727257132530212,-0.6454650163650513,0.7677689790725708,0.8218856453895569,-0.2429335117340088,0.309795081615448,0.8252505660057068,-0.3608461320400238,0.856316089630127,1.2235682010650635,-0.23409660160541534,0.19909310340881348,1.2271950244903564,-0.3185462951660156,0.850457489490509,1.5674384832382202,-0.49823102355003357,0.21847128868103027,1.5663073062896729,-0.6164170503616333,0.882749080657959,1.6771148443222046,-0.601901650428772,0.1872802972793579,1.675147294998169,-0.7218104600906372,0.8274796605110168,1.6835753917694092,-0.6543681025505066,0.2414453774690628,1.6808750629425049,-0.7984557747840881,0.8060277700424194,1.6410143375396729,-0.539535641670227,0.2627164125442505,1.636412501335144,-0.6625607013702393,0.6784976720809937,1.5855258703231812,-0.02600892446935177,0.38959822058677673,1.5893648862838745,0.030846521258354187,0.6487849950790405,2.205094814300537,0.03704949468374252,0.3853861689567566,2.21113920211792,0.0619533434510231,0.6449154019355774,2.768047571182251,0.6218607425689697,0.38925355672836304,2.7591614723205566,0.4582952857017517,0.6472857594490051,2.863222599029541,0.6526838541030884,0.38561946153640747,2.8528220653533936,0.4817229211330414,0.6127752661705017,2.937943935394287,0.16698336601257324,0.4294053018093109,2.924556255340576,-0.06712279468774796,0.4343723002118416,0
2026-09-24T12:30:15.916485,S013,S013_A5_Y_20260924_1229,elevated_20,A5,young,class_0,0.5442265272140503,0.5033887028694153,-0.7567101716995239,0.563707709312439,0.43524864315986633,-0.7147548198699951,0.5779941082000732,0.4345201849937439,-0.7144825458526611,0.589647114276886,0.4345036745071411,-0.7144711017608643,0.512418270111084,0.4394712448120117,-0.7193082571029663,0.4941543936729431,0.44193369150161743,-0.7186003923416138,0.4777761995792389,0.44397303462028503,-0.7187457084655762,0.6080732941627502,0.46036991477012634,-0.42090773582458496,0.45549631118774414,0.47261321544647217,-0.42784276604652405,0.5738803148269653,0.569126546382904,-0.6446065306663513,0.5131422281265259,0.572020947933197,-0.6456066370010376,0.7678670287132263,0.8226408362388611,-0.24594417214393616,0.3097885847091675,0.8252366781234741,-0.3571975827217102,0.8553363680839539,1.2301640510559082,-0.23565180599689484,0.19769175350666046,1.2252357006072998,-0.30515792965888977,0.8478957414627075,1.575713038444519,-0.4993060529232025,0.2183883935213089,1.5665075778961182,-0.5983434915542603,0.8792435526847839,1.6848728656768799,-0.6027971506118774,0.1873055100440979,1.676119089126587,-0.7004138231277466,0.8254159092903137,1.6891064643859863,-0.6545213460922241,0.2414940893650055,1.6812273263931274,-0.7751447558403015,0.8039904832839966,1.6466301679611206,-0.5406250953674316,0.26276761293411255,1.6368153095245361,-0.643853485584259,0.6781412959098816,1.5871988534927368,-0.0279645174741745,0.3878697454929352,1.589666724205017,0.032880522310733795,0.6472415924072266,2.208062171936035,0.03391190618276596,0.3816440999507904,2.212207555770874,0.06677129119634628,0.6422964334487915,2.77016019821167,0.6321234107017517,0.38510629534721375,2.7603678703308105,0.4734039306640625,0.6447073817253113,2.8644416332244873,0.6642650365829468,0.38227295875549316,2.8535284996032715,0.49775639176368713,0.6086511611938477,2.941955804824829,0.17326824367046356,0.42289823293685913,2.9264917373657227,-0.05173904448747635,0.4349745883708954,0
2026-09-24T12:30:16.030064,S013,S013_A5_Y_20260924_1229,elevated_20,A5,young,class_0,0.541580080986023,0.501849889755249,-0.8141108751296997,0.563169538974762,0.43457040190696716,-0.7689089775085449,0.5777549147605896,0.43401196599006653,-0.7687050104141235,0.5894656777381897,0.43425697088241577,-0.768686830997467,0.5117224454879761,0.438418447971344,-0.7697927355766296,0.4937055706977844,0.4408949017524719,-0.7690392732620239,0.4773882031440735,0.44302335381507874,-0.7692320346832275,0.6081802248954773,0.4603642523288727,-0.4450504183769226,0.455620676279068,0.4711065888404846,-0.4376591145992279,0.572193443775177,0.5663036704063416,-0.6894403100013733,0.510388970375061,0.5694651007652283,-0.6861878633499146,0.7677813172340393,0.8222101330757141,-0.2501106858253479,0.31193044781684875,0.820708692073822,-0.34977060556411743,0.850573718547821,1.2265626192092896,-0.24615328013896942,0.20163218677043915,1.2061588764190674,-0.31629568338394165,0.8393826484680176,1.565088152885437,-0.5473974943161011,0.2165081948041916,1.5346674919128418,-0.7460229992866516,0.8690211176872253,1.6776968240737915,-0.6570706963539124,0.18232840299606323,1.6440613269805908,-0.8768829107284546,0.8142094612121582,1.6812825202941895,-0.7183719873428345,0.2377496063709259,1.651493787765503,-0.9543811678886414,0.7942342162132263,1.6364936828613281,-0.5929058194160461,0.25975000858306885,1.6076968908309937,-0.7967087626457214,0.6757477521896362,1.584932565689087,-0.030245568603277206,0.38670992851257324,1.581624150276184,0.03535103797912598,0.6455495953559875,2.2040889263153076,0.037320252507925034,0.3784622550010681,2.2007155418395996,0.06932418048381805,0.6398144960403442,2.760977029800415,0.6351551413536072,0.3824712634086609,2.7446985244750977,0.47612181305885315,0.6430475115776062,2.855565309524536,0.6651089787483215,0.38000136613845825,2.8376502990722656,0.5001786947250366,0.5996659398078918,2.9316704273223877,0.17132186889648438,0.4196407198905945,2.911067485809326,-0.04443065822124481,0.43594165725962875,0
2026-09-24T12:30:16.146700,S013,S013_A5_Y_20260924_1229,elevated_20,A5,young,class_0,0.5377824902534485,0.5018539428710938,-0.8074625730514526,0.561625063419342,0.4345484673976898,-0.7617236971855164,0.5769341588020325,0.43399280309677124,-0.7615203857421875,0.58888840675354,0.4342459440231323,-0.7614946961402893,0.5095372796058655,0.4383818507194519,-0.7664359211921692,0.4919833242893219,0.4407966434955597,-0.7657365798950195,0.47565382719039917,0.4429119825363159,-0.7659225463867188,0.608256995677948,0.4603789150714874,-0.4437862038612366,0.4556329846382141,0.4709971249103546,-0.4266676902770996,0.5706607103347778,0.5663011074066162,-0.6859718561172485,0.5079807639122009,0.569474995136261,-0.6832080483436584,0.7690354585647583,0.8266124129295349,-0.2501520812511444,0.3146582245826721,0.8202233910560608,-0.3385121524333954,0.8519408106803894,1.230354905128479,-0.24530069530010223,0.20069196820259094,1.2025738954544067,-0.2836729884147644,0.8398871421813965,1.571982502937317,-0.5159404277801514,0.20864322781562805,1.5346721410751343,-0.6389368176460266,0.8692499399185181,1.6855412721633911,-0.6141301393508911,0.1736503392457962,1.6440962553024292,-0.7517480254173279,0.8149204254150391,1.6890418529510498,-0.670739471912384,0.22840134799480438,1.6523844003677368,-0.830643355846405,0.7945610284805298,1.643450140953064,-0.5584856271743774,0.25036606192588806,1.6089402437210083,-0.6887725591659546,0.6744095087051392,1.5890380144119263,-0.0347142294049263,0.3854224383831024,1.582415223121643,0.03986136615276337,0.6416844725608826,2.2101523876190186,0.0328841470181942,0.3726031184196472,2.2027957439422607,0.071590855717659,0.6318179368972778,2.7678871154785156,0.6381945610046387,0.37361085414886475,2.7497122287750244,0.48376426100730896,0.6352900266647339,2.861816644668579,0.6696126461029053,0.3717367947101593,2.842993974685669,0.5094878077507019,0.588475227355957,2.940037965774536,0.16728119552135468,0.4067932665348053,2.91685152053833,-0.04005330428481102,0.4360476893432337,0
2026-09-24T12:30:16.272361,S013,S013_A5_Y_20260924_1229,elevated_20,A5,young,class_0,0.5356716513633728,0.499569833278656,-0.7571538686752319,0.56001877784729,0.4330434501171112,-0.715354323387146,0.5761405825614929,0.4324614107608795,-0.7150666117668152,0.5884301066398621,0.4328458607196808,-0.7149365544319153,0.5070903301239014,0.4370560050010681,-0.712178647518158,0.48964589834213257,0.4398421049118042,-0.7113399505615234,0.4733983874320984,0.4423012137413025,-0.7115580439567566,0.6083974838256836,0.4600730240345001,-0.4307895302772522,0.45544710755348206,0.4709239900112152,-0.39560672640800476,0.5700182318687439,0.5641331076622009,-0.6503952145576477,0.5062397718429565,0.568523645401001,-0.6399502158164978,0.7697170972824097,0.8272117376327515,-0.2495870590209961,0.3146379590034485,0.8200103044509888,-0.3300231099128723,0.8538864850997925,1.236591100692749,-0.23663082718849182,0.19570140540599823,1.2034337520599365,-0.2631276845932007,0.8419278860092163,1.5797514915466309,-0.4686710238456726,0.20106947422027588,1.5482869148254395,-0.553902804851532,0.8726801872253418,1.6905748844146729,-0.5591038465499878,0.16575127840042114,1.6618865728378296,-0.6494268178939819,0.8185443878173828,1.6941262483596802,-0.6033146977424622,0.22036094963550568,1.6711491346359253,-0.7250861525535583,0.7972184419631958,1.6499119997024536,-0.5066694021224976,0.2433534562587738,1.6276075839996338,-0.6016360521316528,0.6731384992599487,1.5897767543792725,-0.03688564524054527,0.37864765524864197,1.5825438499450684,0.04222503677010536,0.6373167037963867,2.213123321533203,0.02540285512804985,0.3634437620639801,2.2039635181427,0.08560812473297119,0.6268685460090637,2.7710421085357666,0.6513285636901855,0.36535876989364624,2.7507858276367188,0.5385976433753967,0.6292807459831238,2.865194797515869,0.6857501268386841,0.36310452222824097,2.843604326248169,0.5702845454216003,0.587844967842102,2.941946268081665,0.17603521049022675,0.40145164728164673,2.9185638427734375,0.0029399562627077103,0.4358991799857642,0
2026-09-24T12:30:16.382196,S013,S013_A5_Y_20260924_1229,elevated_20,A5,young,class_0,0.5284730792045593,0.4961793124675751,-0.7490872144699097,0.55506432056427,0.4316929280757904,-0.7081668972969055,0.5725832581520081,0.4314567446708679,-0.7078302502632141,0.586419939994812,0.43194258213043213,-0.7076903581619263,0.5015327334403992,0.43538743257522583,-0.7039344310760498,0.48466697335243225,0.4382467269897461,-0.7031672596931458,0.46941694617271423,0.4407554566860199,-0.7033477425575256,0.6074313521385193,0.4594728648662567,-0.42932480573654175,0.45469990372657776,0.4695996046066284,-0.391804039478302,0.565303385257721,0.5611011981964111,-0.6440322995185852,0.4983104169368744,0.5644664764404297,-0.632412314414978,0.7697322964668274,0.8281118273735046,-0.2496260106563568,0.3131929039955139,0.8209810853004456,-0.3285958170890808,0.854547381401062,1.2398051023483276,-0.237265944480896,0.1940394937992096,1.204126238822937,-0.2618929445743561,0.8419457674026489,1.5825096368789673,-0.47256365418434143,0.1959855705499649,1.5485782623291016,-0.5646894574165344,0.8726713061332703,1.6928521394729614,-0.5670714378356934,0.15948721766471863,1.6620757579803467,-0.6655746102333069,0.8174978494644165,1.6962494850158691,-0.6143110990524292,0.21391279995441437,1.6711901426315308,-0.7423980236053467,0.7963008880615234,1.6520167589187622,-0.5122956037521362,0.23739223182201385,1.627719521522522,-0.6125583648681641,0.670815110206604,1.5956681966781616,-0.03714989870786667,0.3770708739757538,1.5865715742111206,0.04250665381550789,0.6326464414596558,2.2186806201934814,0.026407640427350998,0.3620595335960388,2.208289861679077,0.08610448986291885,0.6213806867599487,2.7752907276153564,0.653759241104126,0.3613341748714447,2.7545924186706543,0.5372777581214905,0.623925507068634,2.8694233894348145,0.6888035535812378,0.3582969903945923,2.847426176071167,0.5682806372642517,0.5817636251449585,2.9455559253692627,0.18508876860141754,0.39715132117271423,2.9231600761413574,0.003426396520808339,0.43645898412945494,0
2026-09-24T12:30:16.623465,S013,S013_A5_Y_20260924_1229,elevated_20,A5,young,class_0,0.5252218246459961,0.4983280301094055,-0.7451258897781372,0.5517935156822205,0.4335150420665741,-0.7054668664932251,0.5696547031402588,0.4329034686088562,-0.7051399946212769,0.5843281149864197,0.4331780970096588,-0.7050171494483948,0.49849098920822144,0.4374617040157318,-0.7009226083755493,0.4818647801876068,0.43956074118614197,-0.7001684904098511,0.46694278717041016,0.4420279860496521,-0.7003329992294312,0.6050744652748108,0.4598367512226105,-0.427699476480484,0.4532053470611572,0.4704901874065399,-0.38825806975364685,0.5624324083328247,0.5620075464248657,-0.6389643549919128,0.49507850408554077,0.5655556917190552,-0.6270045042037964,0.7693268656730652,0.8297621607780457,-0.2502918839454651,0.3120618462562561,0.8213801980018616,-0.3206841051578522,0.8544050455093384,1.2412844896316528,-0.2505601644515991,0.19030001759529114,1.2045069932937622,-0.26874488592147827,0.8392626643180847,1.584032416343689,-0.49096813797950745,0.19073984026908875,1.5489630699157715,-0.6009579300880432,0.8695727586746216,1.6946054697036743,-0.5872618556022644,0.1538946032524109,1.6622132062911987,-0.7099470496177673,0.8131116032600403,1.6975078582763672,-0.6323635578155518,0.20896196365356445,1.6711078882217407,-0.7838495969772339,0.792136549949646,1.653393030166626,-0.5292693972587585,0.23269307613372803,1.627733826637268,-0.6496754884719849,0.6695722341537476,1.5992554426193237,-0.038091182708740234,0.3763032555580139,1.589915156364441,0.04347638040781021,0.6314407587051392,2.222031831741333,0.026757514104247093,0.36142152547836304,2.2108819484710693,0.08627567440271378,0.6199684739112854,2.778160572052002,0.6499553918838501,0.3605600595474243,2.7562544345855713,0.5242474675178528,0.6228600144386292,2.8723275661468506,0.6835715770721436,0.3577382564544678,2.8488047122955322,0.5528472065925598,0.5785889625549316,2.9485626220703125,0.17984865605831146,0.39607784152030945,2.9260408878326416,-0.006106729619204998,0.4367930638469936,0
2026-09-24T12:30:16.756090,S013,S013_A5_Y_20260924_1229,elevated_20,A5,young,class_0,0.523452877998352,0.49886178970336914,-0.7666757702827454,0.5501072406768799,0.43366381525993347,-0.726077139377594,0.5679720640182495,0.4330337643623352,-0.7258155345916748,0.5829907655715942,0.4332810640335083,-0.7257462739944458,0.4968934655189514,0.4378119111061096,-0.723426878452301,0.48026537895202637,0.43981489539146423,-0.7226720452308655,0.4653876721858978,0.44228363037109375,-0.722811758518219,0.6033282279968262,0.4598407745361328,-0.4326375126838684,0.451968252658844,0.47057098150253296,-0.3978487551212311,0.5608010292053223,0.5622243881225586,-0.6521211862564087,0.493389755487442,0.5658075213432312,-0.6423477530479431,0.7681816816329956,0.829550564289093,-0.2526337206363678,0.31013041734695435,0.8221044540405273,-0.32303184270858765,0.8544613122940063,1.239877700805664,-0.2600323557853699,0.19110073149204254,1.2056372165679932,-0.2798756957054138,0.8371381759643555,1.5839335918426514,-0.5353785753250122,0.1909508854150772,1.5506668090820312,-0.6631845235824585,0.8660975694656372,1.6947904825210571,-0.6408690214157104,0.15479835867881775,1.6640186309814453,-0.7813200950622559,0.8085598945617676,1.69775390625,-0.6886892318725586,0.2093881368637085,1.6734797954559326,-0.856314480304718,0.7885941863059998,1.6533759832382202,-0.5746364593505859,0.23300869762897491,1.6294223070144653,-0.7120741605758667,0.6695965528488159,1.600424885749817,-0.040215395390987396,0.3763987720012665,1.591939091682434,0.04551423713564873,0.6317078471183777,2.2222087383270264,0.0756739154458046,0.3622063398361206,2.2121694087982178,0.13798370957374573,0.6202943325042725,2.777651309967041,0.7448152303695679,0.36284753680229187,2.756359338760376,0.6242924928665161,0.6230359077453613,2.871638536453247,0.7841591835021973,0.3609387278556824,2.848944664001465,0.658848762512207,0.5799300670623779,2.9484899044036865,0.2772783935070038,0.3974938988685608,2.926415205001831,0.09634131193161011,0.4370563677337307,0
2026-09-24T12:30:16.888292,S013,S013_A5_Y_20260924_1229,elevated_20,A5,young,class_0,0.5234576463699341,0.49888476729393005,-0.7671677470207214,0.5499520897865295,0.43368080258369446,-0.7259308695793152,0.5676473379135132,0.43305203318595886,-0.7256697416305542,0.5826190710067749,0.4333041310310364,-0.7256051898002625,0.49681025743484497,0.4379250407218933,-0.7235571146011353,0.4800806939601898,0.4399312734603882,-0.7228037118911743,0.465014785528183,0.4424273371696472,-0.7229423522949219,0.6030389070510864,0.4598959982395172,-0.4322039484977722,0.45135068893432617,0.4707304537296295,-0.39910513162612915,0.5607331991195679,0.5622414946556091,-0.6525396704673767,0.49320149421691895,0.5658240914344788,-0.6433041095733643,0.7679325342178345,0.8292999267578125,-0.25258877873420715,0.30906838178634644,0.8226072192192078,-0.323830783367157,0.8549789190292358,1.239749550819397,-0.26104703545570374,0.189730703830719,1.206811785697937,-0.29849711060523987,0.8372186422348022,1.5860505104064941,-0.5409125089645386,0.1901715248823166,1.551903486251831,-0.6839658617973328,0.8662067651748657,1.6984901428222656,-0.6466072797775269,0.1539091020822525,1.664860486984253,-0.8012621998786926,0.8091455698013306,1.7033154964447021,-0.6946552395820618,0.20889803767204285,1.6751906871795654,-0.876578688621521,0.7890397906303406,1.657939076423645,-0.5807552933692932,0.23204270005226135,1.6310638189315796,-0.7330464124679565,0.66869056224823,1.6004012823104858,-0.04126777499914169,0.37583157420158386,1.5920836925506592,0.04660351201891899,0.6315787434577942,2.2223596572875977,0.07148155570030212,0.3626239001750946,2.2141404151916504,0.1403380185365677,0.6193927526473999,2.77790904045105,0.7407737374305725,0.3631633222103119,2.7596428394317627,0.6222804188728333,0.6220458745956421,2.872316837310791,0.7795752286911011,0.3609869182109833,2.8534364700317383,0.6558656096458435,0.5789719223976135,2.949087619781494,0.27101626992225647,0.39791393280029297,2.9311137199401855,0.0874669998884201,0.4369958835210665,0
2026-09-24T12:30:17.000101,S013,S013_A5_Y_20260924_1229,elevated_20,A5,young,class_0,0.5232794284820557,0.4994319677352905,-0.7937268018722534,0.549453854560852,0.4340237081050873,-0.7486292719841003,0.5670033693313599,0.43331995606422424,-0.7484363913536072,0.581992506980896,0.43351951241493225,-0.7484188079833984,0.4965555667877197,0.4386940598487854,-0.7501009106636047,0.479792982339859,0.4405984580516815,-0.7493255734443665,0.46464380621910095,0.4431518018245697,-0.7495045065879822,0.6020678281784058,0.4600388705730438,-0.43505483865737915,0.4507824778556824,0.4714771807193756,-0.4183821678161621,0.560328483581543,0.5623934864997864,-0.6704866290092468,0.4931914210319519,0.566224217414856,-0.6669839024543762,0.7672958374023438,0.8292438983917236,-0.24714049696922302,0.30757781863212585,0.8235166668891907,-0.32551851868629456,0.8528503179550171,1.238418698310852,-0.24640238285064697,0.1898268610239029,1.207274317741394,-0.29848721623420715,0.8364695310592651,1.5840208530426025,-0.539387583732605,0.19107070565223694,1.55010187625885,-0.6782740354537964,0.8653100728988647,1.6974533796310425,-0.6446638703346252,0.15477898716926575,1.662294626235962,-0.7964397668838501,0.8088647127151489,1.7022722959518433,-0.6990481019020081,0.2099955976009369,1.6726149320602417,-0.8719785809516907,0.7888891696929932,1.6561869382858276,-0.5814525485038757,0.2331162393093109,1.6280518770217896,-0.7268442511558533,0.6684222221374512,1.6003729104995728,-0.0412399061024189,0.375899076461792,1.5923439264297485,0.04656613990664482,0.6317198276519775,2.2214515209198,0.038546107709407806,0.3629280924797058,2.2137980461120605,0.10696417093276978,0.6200538873672485,2.776379346847534,0.6565659046173096,0.36328595876693726,2.7587850093841553,0.5313683748245239,0.6229251623153687,2.8709990978240967,0.6889435648918152,0.3611912429332733,2.852515459060669,0.5566685199737549,0.5791216492652893,2.9474291801452637,0.16309867799282074,0.3988398611545563,2.929274320602417,-0.020383117720484734,0.4369824027974532,0
2026-09-24T12:30:17.117232,S013,S013_A5_Y_20260924_1229,elevated_20,A5,young,class_0,0.5229196548461914,0.5001071095466614,-0.7843574285507202,0.5488535165786743,0.43448251485824585,-0.7403661012649536,0.566360592842102,0.4336317181587219,-0.7401305437088013,0.5814293622970581,0.43374234437942505,-0.7400757670402527,0.4959258437156677,0.43961623311042786,-0.7423943877220154,0.4791278839111328,0.44143757224082947,-0.7416266798973083,0.46398502588272095,0.44416555762290955,-0.7417824268341064,0.6014711260795593,0.46016407012939453,-0.4337592124938965,0.4496956467628479,0.4726080298423767,-0.41827917098999023,0.5600181818008423,0.5628886818885803,-0.6646655797958374,0.4930146336555481,0.5669117569923401,-0.6620388031005859,0.7670743465423584,0.8292686343193054,-0.2458260953426361,0.30672672390937805,0.8247314095497131,-0.3279663622379303,0.8527653813362122,1.238790512084961,-0.23608124256134033,0.1898745596408844,1.2095894813537598,-0.29501718282699585,0.8363040685653687,1.5842036008834839,-0.5095484256744385,0.1916804313659668,1.5515239238739014,-0.6465486884117126,0.8653295636177063,1.6974437236785889,-0.6089527010917664,0.15560007095336914,1.6634056568145752,-0.7586404085159302,0.808907151222229,1.702505350112915,-0.663472592830658,0.21086612343788147,1.6742862462997437,-0.8337188959121704,0.7888309359550476,1.6563096046447754,-0.5513938665390015,0.23387494683265686,1.629228949546814,-0.6942765116691589,0.6683833599090576,1.6007003784179688,-0.04063819721341133,0.3758973181247711,1.5932177305221558,0.046003878116607666,0.6318788528442383,2.221365213394165,0.033502232283353806,0.3630673885345459,2.2144217491149902,0.09494148939847946,0.620186448097229,2.776355743408203,0.6473298072814941,0.36337822675704956,2.7594807147979736,0.5114806890487671,0.6230430603027344,2.8710410594940186,0.6801342964172363,0.36131444573402405,2.853454351425171,0.5365997552871704,0.5793903470039368,2.9474105834960938,0.1675385683774948,0.3993181884288788,2.929929494857788,-0.02876957133412361,0.43674753915520753,0
2026-09-24T12:30:17.232940,S013,S013_A5_Y_20260924_1229,elevated_20,A5,young,class_0,0.5226318836212158,0.5000759959220886,-0.7445005178451538,0.548570990562439,0.43438392877578735,-0.7045410871505737,0.5660606026649475,0.43353405594825745,-0.7042852640151978,0.5811318159103394,0.4336391091346741,-0.7042400240898132,0.4956647753715515,0.4396131932735443,-0.7013114094734192,0.4788861870765686,0.44144314527511597,-0.7005512118339539,0.46374329924583435,0.4441662132740021,-0.700739860534668,0.6012353301048279,0.46016448736190796,-0.42499685287475586,0.4496179223060608,0.4726109504699707,-0.39351606369018555,0.5595566034317017,0.5628743767738342,-0.6370624899864197,0.49253740906715393,0.5669450759887695,-0.6281420588493347,0.7671307325363159,0.829514741897583,-0.247193843126297,0.30676326155662537,0.8247413039207458,-0.3197776675224304,0.854147732257843,1.2409183979034424,-0.24169985949993134,0.18829476833343506,1.2098560333251953,-0.25527483224868774,0.8376507759094238,1.587944746017456,-0.5051528811454773,0.191631481051445,1.5532338619232178,-0.5332202315330505,0.8673142194747925,1.6997591257095337,-0.60160231590271,0.15625791251659393,1.6648017168045044,-0.6285067200660706,0.8107055425643921,1.705080509185791,-0.6495766639709473,0.21090221405029297,1.6760554313659668,-0.7031873464584351,0.7903534770011902,1.6592679023742676,-0.5446499586105347,0.23347432911396027,1.6314283609390259,-0.5797756910324097,0.6675049662590027,1.6005535125732422,-0.041144516319036484,0.3751903176307678,1.5928215980529785,0.046507515013217926,0.6309420466423035,2.221142053604126,0.027088288217782974,0.36275237798690796,2.213979482650757,0.09505455195903778,0.6181768178939819,2.7763357162475586,0.6466848254203796,0.3622298836708069,2.759521722793579,0.5156794190406799,0.6207941770553589,2.871037483215332,0.6806246042251587,0.3596803545951843,2.853532314300537,0.5413187742233276,0.5778936743736267,2.947427272796631,0.17361575365066528,0.39777740836143494,2.929938554763794,-0.02111581712961197,0.4356832685569206,0
2026-09-24T12:30:17.533204,S013,S013_A5_Y_20260924_1229,elevated_20,A5,young,class_0,0.5220301747322083,0.5000905990600586,-0.7346515655517578,0.5480487942695618,0.43439534306526184,-0.6972067356109619,0.5655775666236877,0.4335397481918335,-0.6969143748283386,0.5807121992111206,0.4336419999599457,-0.696874737739563,0.4951251149177551,0.4397223889827728,-0.6918618679046631,0.4784145951271057,0.44154930114746094,-0.6910810470581055,0.46335911750793457,0.44425031542778015,-0.6912652850151062,0.6009369492530823,0.4601806402206421,-0.42501384019851685,0.44951027631759644,0.4726361036300659,-0.38819560408592224,0.558997631072998,0.5629006624221802,-0.6313095092773438,0.4917798638343811,0.5669810175895691,-0.6195331811904907,0.7671504616737366,0.8295334577560425,-0.2541012465953827,0.30677399039268494,0.8241361975669861,-0.3163694143295288,0.8547873497009277,1.241514801979065,-0.24437841773033142,0.18651343882083893,1.2096658945083618,-0.24176113307476044,0.8408686518669128,1.5879552364349365,-0.48865270614624023,0.19068530201911926,1.5533392429351807,-0.5086871385574341,0.8732352256774902,1.6993701457977295,-0.5824134945869446,0.15582503378391266,1.6646144390106201,-0.602116048336029,0.8165162801742554,1.70486319065094,-0.6280403137207031,0.20968084037303925,1.6756341457366943,-0.6777136325836182,0.79474937915802,1.6591845750808716,-0.5269008874893188,0.2322997748851776,1.631319522857666,-0.5555917024612427,0.6665098667144775,1.5988718271255493,-0.04133491963148117,0.37417706847190857,1.5903092622756958,0.04669728875160217,0.6298728585243225,2.219309091567993,0.015032187104225159,0.36187079548835754,2.211623430252075,0.08989901840686798,0.6178721189498901,2.77559757232666,0.6237303018569946,0.36127907037734985,2.758448600769043,0.505221426486969,0.6206137537956238,2.870236396789551,0.6563670635223389,0.3585743308067322,2.852196216583252,0.5313693284988403,0.5777363777160645,2.9463930130004883,0.15201057493686676,0.39691001176834106,2.928483486175537,-0.027923520654439926,0.4346919137035732,0
2026-09-24T12:30:17.658174,S013,S013_A5_Y_20260924_1229,elevated_20,A5,young,class_0,0.5215059518814087,0.500104546546936,-0.743924617767334,0.5473233461380005,0.4343728721141815,-0.7061179876327515,0.5647922158241272,0.433517187833786,-0.7058819532394409,0.580019474029541,0.43360045552253723,-0.7059108018875122,0.49486932158470154,0.43972381949424744,-0.7009438276290894,0.4782281517982483,0.44155290722846985,-0.7001814842224121,0.4632066786289215,0.444244384765625,-0.7004250884056091,0.600077748298645,0.45994287729263306,-0.4255691468715668,0.4494524896144867,0.47253209352493286,-0.3890162408351898,0.5585506558418274,0.5626825094223022,-0.6353087425231934,0.4915851950645447,0.566953718662262,-0.6234132647514343,0.7659646272659302,0.8280515670776367,-0.2536965012550354,0.30654752254486084,0.8234884738922119,-0.313681036233902,0.8508992195129395,1.2358684539794922,-0.24687734246253967,0.18658976256847382,1.209850549697876,-0.24925899505615234,0.8393701314926147,1.5814528465270996,-0.5164020657539368,0.19099947810173035,1.5502861738204956,-0.5385872721672058,0.8718673586845398,1.6929007768630981,-0.6132486462593079,0.1560463011264801,1.659758448600769,-0.6376388669013977,0.8158947825431824,1.6997419595718384,-0.6662818193435669,0.21007247269153595,1.6701080799102783,-0.713893473148346,0.7942301034927368,1.6543277502059937,-0.5575823187828064,0.23253414034843445,1.6266365051269531,-0.5863039493560791,0.6655596494674683,1.5963451862335205,-0.04140330106019974,0.3741651475429535,1.5883110761642456,0.04674587398767471,0.6287509202957153,2.2141194343566895,0.004970822017639875,0.36067479848861694,2.205867052078247,0.07873495668172836,0.6164301633834839,2.768367052078247,0.5893971920013428,0.3595382273197174,2.7512471675872803,0.4713099002838135,0.6194744110107422,2.8622348308563232,0.6197887659072876,0.3565382659435272,2.8438875675201416,0.49470940232276917,0.5748034715652466,2.9383833408355713,0.10958787053823471,0.3955012559890747,2.9203529357910156,-0.06697908043861389,0.43423120284595634,0
2026-09-24T12:30:17.754049,S013,S013_A5_Y_20260924_1229,elevated_20,A5,young,class_0,0.5200628638267517,0.4994741976261139,-0.7487578392028809,0.5456752181053162,0.43411198258399963,-0.7112075686454773,0.5633374452590942,0.4333745837211609,-0.7109891176223755,0.578910231590271,0.4334723651409149,-0.7110689878463745,0.49342745542526245,0.439050555229187,-0.7052310705184937,0.4769362509250641,0.4408210217952728,-0.7044901251792908,0.4623071253299713,0.4433680474758148,-0.7047444581985474,0.5991833806037903,0.4597465693950653,-0.42746227979660034,0.4489666819572449,0.47128790616989136,-0.3905954957008362,0.5572584271430969,0.5621764063835144,-0.6384710073471069,0.4900750517845154,0.5662698149681091,-0.6250425577163696,0.7656745314598083,0.8268691301345825,-0.25364014506340027,0.30599159002304077,0.8224069476127625,-0.3149910271167755,0.8512606620788574,1.2322391271591187,-0.24977286159992218,0.1870587170124054,1.2099597454071045,-0.2537536919116974,0.8440192341804504,1.578957438468933,-0.536180317401886,0.19123758375644684,1.5500887632369995,-0.5513438582420349,0.8782423734664917,1.6903351545333862,-0.6367413401603699,0.15636703372001648,1.658839464187622,-0.652216911315918,0.8220945596694946,1.6980254650115967,-0.6914469599723816,0.2100628912448883,1.6697018146514893,-0.7246257662773132,0.7998925447463989,1.652741551399231,-0.5784782767295837,0.2324395626783371,1.6264578104019165,-0.5979276299476624,0.6653977632522583,1.5963183641433716,-0.0420687273144722,0.3741818070411682,1.5883604288101196,0.04737325757741928,0.6290637850761414,2.21409273147583,0.0219389908015728,0.36183756589889526,2.2059922218322754,0.0930313989520073,0.6175137758255005,2.767944574356079,0.6511546969413757,0.36044058203697205,2.7514801025390625,0.5316128134727478,0.6205647587776184,2.861919403076172,0.6873587965965271,0.3573237657546997,2.844170331954956,0.5614162683486938,0.5769161581993103,2.9379169940948486,0.18651899695396423,0.3966841995716095,2.9205663204193115,0.002821854082867503,0.43399226239037514,0
2026-09-24T12:30:17.817549,S013,S013_A5_Y_20260924_1229,elevated_20,A5,young,class_0,0.5189760327339172,0.4993198812007904,-0.733404815196991,0.5443829298019409,0.4339298605918884,-0.6968165636062622,0.5619936585426331,0.4332369267940521,-0.6965388059616089,0.5777075886726379,0.4333116114139557,-0.6965717077255249,0.492198646068573,0.4388015866279602,-0.6929554343223572,0.47574323415756226,0.4405909776687622,-0.6922416090965271,0.46150732040405273,0.44314903020858765,-0.6924309134483337,0.5974864363670349,0.4591880738735199,-0.4229818880558014,0.4482731819152832,0.4706512987613678,-0.38938337564468384,0.5563104748725891,0.5621674656867981,-0.6272076368331909,0.4893174171447754,0.5662179589271545,-0.6165239810943604,0.7622504830360413,0.8261786103248596,-0.2535778880119324,0.304997980594635,0.8219606280326843,-0.3159363865852356,0.8569148182868958,1.2214453220367432,-0.2506597638130188,0.187276691198349,1.2073761224746704,-0.25966277718544006,0.8468080759048462,1.5649607181549072,-0.5294274687767029,0.194718599319458,1.5430940389633179,-0.5641220808029175,0.8809871673583984,1.6752954721450806,-0.6293355822563171,0.16094234585762024,1.651305913925171,-0.6619638800621033,0.8232938051223755,1.681389331817627,-0.6803172826766968,0.21415238082408905,1.6607407331466675,-0.7382861375808716,0.8009568452835083,1.6376780271530151,-0.5694290399551392,0.2361201047897339,1.6174168586730957,-0.6119924187660217,0.6654034852981567,1.5948363542556763,-0.04110659286379814,0.3743181824684143,1.588191270828247,0.046389177441596985,0.6291369199752808,2.2121834754943848,0.027618885040283203,0.36242741346359253,2.2055184841156006,0.08981174230575562,0.6178630590438843,2.766915798187256,0.647302508354187,0.36120447516441345,2.751063585281372,0.5124706625938416,0.6210070252418518,2.861226797103882,0.681800365447998,0.35806918144226074,2.8436787128448486,0.5396877527236938,0.5781490206718445,2.9358956813812256,0.18644198775291443,0.3980257213115692,2.9199209213256836,-0.00944276712834835,0.43358805278605606,0
2026-09-24T12:30:17.863900,S013,S013_A5_Y_20260924_1229,elevated_20,A5,young,class_0,0.5182861685752869,0.49765852093696594,-0.7211783528327942,0.54332035779953,0.43243706226348877,-0.6827337145805359,0.5608731508255005,0.431885302066803,-0.6824242472648621,0.5767898559570312,0.43194910883903503,-0.6824525594711304,0.49120575189590454,0.4376164972782135,-0.6801885962486267,0.4747838079929352,0.4396316409111023,-0.6795042753219604,0.460803747177124,0.44227612018585205,-0.6796921491622925,0.5961151719093323,0.4578903019428253,-0.4109102189540863,0.44747018814086914,0.46995437145233154,-0.3828046917915344,0.5556107759475708,0.5608870983123779,-0.615601658821106,0.4886598587036133,0.5653420686721802,-0.6071775555610657,0.7623155117034912,0.8267671465873718,-0.24612903594970703,0.3034015893936157,0.8220940828323364,-0.3161159157752991,0.857785701751709,1.2225369215011597,-0.24949228763580322,0.18822374939918518,1.2074344158172607,-0.28277093172073364,0.8461149334907532,1.5693016052246094,-0.5271062850952148,0.19560106098651886,1.5424835681915283,-0.6215032935142517,0.8792859315872192,1.6823917627334595,-0.6266488432884216,0.16148000955581665,1.6504802703857422,-0.7295244336128235,0.8197014927864075,1.6878796815872192,-0.6789407730102539,0.21456465125083923,1.6606919765472412,-0.8017760515213013,0.7983055710792542,1.6423237323760986,-0.5670587420463562,0.2365829199552536,1.6171594858169556,-0.6692668199539185,0.6654079556465149,1.5966910123825073,-0.03687448054552078,0.37430691719055176,1.5909513235092163,0.04226767271757126,0.6291984915733337,2.2139761447906494,0.03229830414056778,0.36252567172050476,2.2083001136779785,0.07645914703607559,0.6185395121574402,2.769352674484253,0.6472878456115723,0.3613930344581604,2.754063129425049,0.48914164304733276,0.6213685274124146,2.8652124404907227,0.6816499829292297,0.35826051235198975,2.8475828170776367,0.514502227306366,0.5811927318572998,2.938155174255371,0.18833965063095093,0.3981230854988098,2.9239180088043213,-0.02781662344932556,0.4331492005645955,0
2026-09-24T12:30:17.925454,S013,S013_A5_Y_20260924_1229,elevated_20,A5,young,class_0,0.5181849002838135,0.4963754415512085,-0.7164097428321838,0.5428548455238342,0.43122541904449463,-0.6770911812782288,0.5603148341178894,0.4306367039680481,-0.6767787337303162,0.5763000249862671,0.4305882751941681,-0.6768370270729065,0.4908570647239685,0.43694639205932617,-0.6751585602760315,0.47449588775634766,0.43919268250465393,-0.6744667887687683,0.46058154106140137,0.44197043776512146,-0.6746468544006348,0.595014214515686,0.456560879945755,-0.40402406454086304,0.44709300994873047,0.4698661267757416,-0.3788800835609436,0.5555291175842285,0.5595846772193909,-0.61041659116745,0.48859110474586487,0.5647281408309937,-0.6028584241867065,0.7627496719360352,0.8268068432807922,-0.2367672622203827,0.3026438355445862,0.8224060535430908,-0.31674855947494507,0.858753502368927,1.222963571548462,-0.23868195712566376,0.1883116364479065,1.2075965404510498,-0.2828769385814667,0.8505780100822449,1.5695514678955078,-0.5046979188919067,0.19564363360404968,1.542703628540039,-0.6067386865615845,0.8848786354064941,1.6826415061950684,-0.5996533632278442,0.16150906682014465,1.6506168842315674,-0.711277186870575,0.8267647624015808,1.6881682872772217,-0.6543850898742676,0.21460500359535217,1.6610043048858643,-0.7817338705062866,0.8047450184822083,1.642580270767212,-0.5457583665847778,0.23661255836486816,1.6174426078796387,-0.6532481908798218,0.665970504283905,1.597593069076538,-0.035921260714530945,0.374688982963562,1.5928400754928589,0.04130721092224121,0.6319919228553772,2.2149910926818848,0.03294137492775917,0.36531275510787964,2.2102267742156982,0.07564862072467804,0.6248548626899719,2.7705461978912354,0.6503080725669861,0.3645656704902649,2.7555458545684814,0.49314767122268677,0.6270676851272583,2.866868257522583,0.6850691437721252,0.3612704277038574,2.849114179611206,0.5192583799362183,0.5927749872207642,2.939143657684326,0.19602146744728088,0.4035494923591614,2.925610065460205,-0.02687152661383152,0.43254634084980187,0
2026-09-24T12:30:17.971728,S013,S013_A5_Y_20260924_1229,elevated_20,A5,young,class_0,0.518059253692627,0.4967365562915802,-0.7714372873306274,0.5423718690872192,0.43135565519332886,-0.7269278168678284,0.5596674680709839,0.43070080876350403,-0.7266975045204163,0.5755771398544312,0.43061861395835876,-0.7268021702766418,0.4905659258365631,0.43723905086517334,-0.7327936887741089,0.47417783737182617,0.4394702613353729,-0.73210608959198,0.4602982997894287,0.44229304790496826,-0.7322895526885986,0.5936374664306641,0.4564986824989319,-0.4133400022983551,0.4463315010070801,0.4701000154018402,-0.41877108812332153,0.5554252862930298,0.5599411725997925,-0.6482552289962769,0.48858365416526794,0.5651395916938782,-0.6500312089920044,0.762298047542572,0.8245713710784912,-0.22726471722126007,0.3006703555583954,0.8233474493026733,-0.3462245464324951,0.8488293886184692,1.2199771404266357,-0.2161693125963211,0.19040779769420624,1.2112563848495483,-0.2942407429218292,0.8392083048820496,1.5620288848876953,-0.5077750086784363,0.19737853109836578,1.546598196029663,-0.6224002242088318,0.869965672492981,1.675341248512268,-0.6067558526992798,0.16291774809360504,1.654788613319397,-0.7345147132873535,0.8155481219291687,1.6811273097991943,-0.6696917414665222,0.21579015254974365,1.6664825677871704,-0.80995112657547,0.7953333258628845,1.6351802349090576,-0.552274227142334,0.2377101182937622,1.6216834783554077,-0.6687130928039551,0.6654025316238403,1.596503734588623,-0.03317132219672203,0.37463027238845825,1.5927023887634277,0.038388773798942566,0.6318930387496948,2.2125189304351807,0.037091366946697235,0.365334689617157,2.209507465362549,0.07006248086690903,0.6248558163642883,2.768641233444214,0.6503629088401794,0.36460697650909424,2.7548091411590576,0.48592931032180786,0.6270434260368347,2.8650286197662354,0.6850632429122925,0.36132097244262695,2.848037004470825,0.5112782120704651,0.5927603840827942,2.9374892711639404,0.19392907619476318,0.40381374955177307,2.924701690673828,-0.049189019948244095,0.4328473626292042,0
2026-09-24T12:30:18.015448,S013,S013_A5_Y_20260924_1229,elevated_20,A5,young,class_0,0.5179768800735474,0.49753957986831665,-0.7717528939247131,0.5418413281440735,0.4319581389427185,-0.7270432114601135,0.5587999820709229,0.4312123954296112,-0.7268199920654297,0.5744668245315552,0.4310753643512726,-0.7269306182861328,0.4905172288417816,0.43788379430770874,-0.7336088418960571,0.47412291169166565,0.4400310814380646,-0.7329177856445312,0.46019497513771057,0.4429469406604767,-0.7330965995788574,0.5914446115493774,0.45654296875,-0.41100794076919556,0.44556766748428345,0.4708251655101776,-0.41962599754333496,0.5552076101303101,0.5609028935432434,-0.64810711145401,0.4886024594306946,0.565743088722229,-0.65052330493927,0.757923424243927,0.8219534158706665,-0.2140708863735199,0.29900413751602173,0.8236836791038513,-0.34871116280555725,0.8490986824035645,1.2099930047988892,-0.20200999081134796,0.19236408174037933,1.2131832838058472,-0.30043497681617737,0.8401719331741333,1.5515722036361694,-0.5043677687644958,0.19982150197029114,1.5481945276260376,-0.6352569460868835,0.8708993196487427,1.6651960611343384,-0.6037136316299438,0.1652105748653412,1.656287670135498,-0.7486355900764465,0.817487359046936,1.6705690622329712,-0.6673292517662048,0.21795329451560974,1.6676745414733887,-0.826068103313446,0.7972275018692017,1.6263865232467651,-0.5492108464241028,0.23995427787303925,1.6230238676071167,-0.6817823052406311,0.6660261154174805,1.595547080039978,-0.03270430117845535,0.3757937550544739,1.5929032564163208,0.03780515119433403,0.6368468999862671,2.211827278137207,0.04790174961090088,0.37118250131607056,2.2097694873809814,0.07255972176790237,0.6331629753112793,2.768589735031128,0.6624370217323303,0.37492135167121887,2.7553062438964844,0.4914589822292328,0.6351044178009033,2.8647961616516113,0.6966144442558289,0.37246057391166687,2.8481016159057617,0.5175900459289551,0.6046706438064575,2.9374608993530273,0.20114056766033173,0.4168037474155426,2.9251277446746826,-0.048369452357292175,0.4337537069083847,0
2026-09-24T12:30:18.082491,S013,S013_A5_Y_20260924_1229,elevated_20,A5,young,class_0,0.5169962048530579,0.49817293882369995,-0.7829722166061401,0.5399234294891357,0.4325573146343231,-0.7383453845977783,0.5567261576652527,0.43166762590408325,-0.7381228804588318,0.5724174976348877,0.4314972162246704,-0.738219141960144,0.48933711647987366,0.43866628408432007,-0.7443014979362488,0.4731687009334564,0.4408298134803772,-0.7435675859451294,0.45935678482055664,0.4440586268901825,-0.7437056303024292,0.589507520198822,0.4567733705043793,-0.4122476577758789,0.4444192349910736,0.4720359742641449,-0.4225783348083496,0.5541002154350281,0.5614994764328003,-0.6561400890350342,0.4882652163505554,0.5664128661155701,-0.6583912372589111,0.7544476389884949,0.8201280832290649,-0.21209797263145447,0.2989840805530548,0.8236807584762573,-0.34821781516075134,0.8384912610054016,1.2027662992477417,-0.19916021823883057,0.1928059160709381,1.2053717374801636,-0.29964277148246765,0.8344882130622864,1.5368050336837769,-0.5044586658477783,0.19999662041664124,1.534698247909546,-0.6376049518585205,0.8647270202636719,1.6468900442123413,-0.6052383184432983,0.16527059674263,1.6403666734695435,-0.752646803855896,0.8147048950195312,1.6514065265655518,-0.6721598505973816,0.2179635763168335,1.6509658098220825,-0.8297998309135437,0.7946032285690308,1.6089305877685547,-0.5506214499473572,0.2399647980928421,1.6077336072921753,-0.6845393180847168,0.6648262739181519,1.5862993001937866,-0.031656838953495026,0.37578800320625305,1.5863838195800781,0.0366414450109005,0.6368128061294556,2.199876308441162,0.04938601702451706,0.3730691373348236,2.2007358074188232,0.07177086919546127,0.633811891078949,2.756243944168091,0.6618062257766724,0.3774254620075226,2.7460923194885254,0.4897592067718506,0.6356550455093384,2.8509819507598877,0.6952081918716431,0.37515413761138916,2.8365070819854736,0.5155837535858154,0.6063818335533142,2.9219555854797363,0.1946100890636444,0.41940993070602417,2.912797689437866,-0.055652689188718796,0.434987766798396,0
2026-09-24T12:30:18.156232,S013,S013_A5_Y_20260924_1229,elevated_20,A5,young,class_0,0.5158869624137878,0.4983038604259491,-0.8890582919120789,0.5380269289016724,0.43272534012794495,-0.8371185064315796,0.5547498464584351,0.4318261444568634,-0.8370251655578613,0.5704656839370728,0.43167752027511597,-0.8372097015380859,0.48774242401123047,0.4388967752456665,-0.8447920680046082,0.4717749059200287,0.441110223531723,-0.8441095352172852,0.4582175314426422,0.4445127546787262,-0.8443076014518738,0.5875552892684937,0.45686429738998413,-0.4679819941520691,0.44282644987106323,0.47263893485069275,-0.4860520362854004,0.5527544021606445,0.561630368232727,-0.7477024793624878,0.4875149726867676,0.5665156841278076,-0.7517999410629272,0.7524758577346802,0.8201494812965393,-0.2220771312713623,0.2989146411418915,0.824298083782196,-0.37739720940589905,0.8372510075569153,1.2034157514572144,-0.20349355041980743,0.19279712438583374,1.2071747779846191,-0.3194130063056946,0.8348588943481445,1.5368884801864624,-0.5899258852005005,0.1988956183195114,1.5393681526184082,-0.70209801197052,0.865146279335022,1.6483442783355713,-0.7058703899383545,0.16401433944702148,1.646261215209961,-0.8307948112487793,0.8148024678230286,1.6536930799484253,-0.7805521488189697,0.2172631025314331,1.659635066986084,-0.9180374145507812,0.7946580052375793,1.6102796792984009,-0.6420146226882935,0.23897536098957062,1.615329623222351,-0.7528262138366699,0.6648226976394653,1.5863217115402222,-0.031556181609630585,0.3768421411514282,1.5864275693893433,0.03649198263883591,0.6386343240737915,2.2001736164093018,0.0680008977651596,0.37567010521888733,2.20100998878479,0.08651047945022583,0.6388229727745056,2.756687879562378,0.7068430185317993,0.38371458649635315,2.746483564376831,0.5399513840675354,0.641655683517456,2.8515899181365967,0.7415996789932251,0.38229066133499146,2.8370301723480225,0.567986011505127,0.6095826625823975,2.922614812850952,0.21318897604942322,0.4264163374900818,2.9133803844451904,-0.03246494010090828,0.4358966254592429,0
2026-09-24T12:30:18.224995,S013,S013_A5_Y_20260924_1229,elevated_20,A5,young,class_0,0.5140362977981567,0.4946930706501007,-0.8917860984802246,0.5346471071243286,0.4307393431663513,-0.8399285078048706,0.551069438457489,0.43029797077178955,-0.8398957252502441,0.5668020844459534,0.43049904704093933,-0.8401197195053101,0.48559117317199707,0.4367729127407074,-0.845634937286377,0.4699881970882416,0.4392705261707306,-0.8450905084609985,0.45675164461135864,0.4428148865699768,-0.8454052805900574,0.5848250985145569,0.4557667374610901,-0.4807852804660797,0.44120416045188904,0.4719761908054352,-0.4903563857078552,0.5502511262893677,0.5588809251785278,-0.7556732892990112,0.4860990643501282,0.5634214282035828,-0.7573350071907043,0.7489471435546875,0.8162771463394165,-0.23676994442939758,0.2987235486507416,0.8227163553237915,-0.3861873745918274,0.8380831480026245,1.2001090049743652,-0.22344890236854553,0.19436495006084442,1.2069435119628906,-0.3500301241874695,0.8385812044143677,1.5346823930740356,-0.6075549721717834,0.19914095103740692,1.5369315147399902,-0.7637386918067932,0.86906498670578,1.6478559970855713,-0.7188841104507446,0.1643039733171463,1.643730878829956,-0.8959329724311829,0.8184933662414551,1.6537929773330688,-0.7960501909255981,0.21788620948791504,1.6575515270233154,-0.980035126209259,0.79862380027771,1.6097664833068848,-0.659275472164154,0.2393943965435028,1.6134865283966064,-0.8142372369766235,0.665596067905426,1.5797888040542603,-0.0313292033970356,0.3803597390651703,1.5825450420379639,0.03614883869886398,0.6424164175987244,2.1945738792419434,0.06777472794055939,0.37788134813308716,2.1947505474090576,0.08233920484781265,0.6455112099647522,2.752516746520996,0.6975376009941101,0.39123672246932983,2.738375663757324,0.5376230478286743,0.6494593620300293,2.8479156494140625,0.7317310571670532,0.3911692202091217,2.827489137649536,0.564763605594635,0.6140850782394409,2.9172873497009277,0.20846979320049286,0.4349917769432068,2.905320644378662,-0.03863228112459183,0.43631322658970795,0
2026-09-24T12:30:18.300615,S013,S013_A5_Y_20260924_1229,elevated_20,A5,young,class_0,0.5134595036506653,0.4868950843811035,-0.8654549717903137,0.5336066484451294,0.42587149143218994,-0.8204962611198425,0.550083577632904,0.4260161221027374,-0.8203250169754028,0.5659117698669434,0.4265284836292267,-0.8203877210617065,0.48480725288391113,0.4316117465496063,-0.8232556581497192,0.4690497815608978,0.4348583519458771,-0.8225141763687134,0.4557260572910309,0.43867042660713196,-0.8227084875106812,0.5839831829071045,0.4536411166191101,-0.47367578744888306,0.43935808539390564,0.46955153346061707,-0.4753400683403015,0.549444317817688,0.553044855594635,-0.7330792546272278,0.4851903021335602,0.5570880174636841,-0.7322663068771362,0.747281014919281,0.8140410780906677,-0.24203796684741974,0.2984171509742737,0.8219490647315979,-0.3829984664916992,0.8432701230049133,1.1993685960769653,-0.2447887659072876,0.19279538094997406,1.2063707113265991,-0.34746143221855164,0.8495597839355469,1.5343952178955078,-0.6087618470191956,0.19843021035194397,1.5342705249786377,-0.7238284945487976,0.8818214535713196,1.6474189758300781,-0.7183478474617004,0.1641814410686493,1.6406707763671875,-0.8462425470352173,0.8281564712524414,1.653511881828308,-0.7901970148086548,0.2177484929561615,1.654533863067627,-0.9277327656745911,0.807885468006134,1.6093703508377075,-0.6579331159591675,0.2388618290424347,1.6105953454971313,-0.7731730341911316,0.6657274961471558,1.5793393850326538,-0.030461296439170837,0.3812667727470398,1.5824185609817505,0.035170234739780426,0.6422926783561707,2.194352626800537,0.06366806477308273,0.37775468826293945,2.194920539855957,0.07199035584926605,0.6447435617446899,2.752997875213623,0.6709192991256714,0.39027759432792664,2.7388901710510254,0.5005589723587036,0.6485576033592224,2.848205327987671,0.7032677531242371,0.38978761434555054,2.828273296356201,0.525111734867096,0.6131558418273926,2.9179277420043945,0.19249454140663147,0.43371111154556274,2.9058244228363037,-0.05159219354391098,0.4364242629752412,0
2026-09-24T12:30:18.371632,S013,S013_A5_Y_20260924_1229,elevated_20,A5,young,class_0,0.5135450959205627,0.4805024266242981,-0.9451700448989868,0.5336759686470032,0.42226874828338623,-0.8854125738143921,0.5501588582992554,0.4226638674736023,-0.8855036497116089,0.565922737121582,0.4232315719127655,-0.8856940269470215,0.48483219742774963,0.4274751543998718,-0.8952208757400513,0.4690627455711365,0.4312300980091095,-0.8947277069091797,0.45564866065979004,0.43506088852882385,-0.8951363563537598,0.5837199687957764,0.4515944719314575,-0.5062590837478638,0.43914514780044556,0.46682173013687134,-0.5329793691635132,0.5494672060012817,0.5481950640678406,-0.8022531270980835,0.4852049946784973,0.5520608425140381,-0.8096364736557007,0.7464577555656433,0.8124999403953552,-0.24916031956672668,0.29807713627815247,0.822484016418457,-0.43070903420448303,0.8443503379821777,1.1952087879180908,-0.25606977939605713,0.19280864298343658,1.2086600065231323,-0.40008193254470825,0.8546344637870789,1.524514079093933,-0.7068982720375061,0.20074328780174255,1.5358407497406006,-0.8202152252197266,0.8866683840751648,1.6406461000442505,-0.831811785697937,0.16910043358802795,1.644882321357727,-0.9601622819900513,0.8331882357597351,1.64810311794281,-0.9140480756759644,0.22407177090644836,1.661388635635376,-1.044206976890564,0.81365567445755,1.6013500690460205,-0.7630355358123779,0.24271535873413086,1.6145069599151611,-0.8701431155204773,0.6675829887390137,1.5772501230239868,-0.027367031201720238,0.38428744673728943,1.5813343524932861,0.03201863914728165,0.646824836730957,2.1920125484466553,0.06271511316299438,0.38132429122924805,2.194291353225708,0.07243989408016205,0.6520788073539734,2.750480890274048,0.6818076372146606,0.3961823582649231,2.73833966255188,0.5128130912780762,0.6573516130447388,2.847275733947754,0.7141146659851074,0.3951560854911804,2.8287081718444824,0.53687584400177,0.6169210076332092,2.915414333343506,0.18662090599536896,0.4413904547691345,2.90456223487854,-0.04944707825779915,0.43633763043321366,0
2026-09-24T12:30:18.448223,S013,S013_A5_Y_20260924_1229,elevated_20,A5,young,class_0,0.5135660767555237,0.469515860080719,-0.9036275744438171,0.5337231159210205,0.4145212471485138,-0.8553798794746399,0.5502133965492249,0.41472309827804565,-0.8553434610366821,0.5658992528915405,0.4152967035770416,-0.8554986119270325,0.48486489057540894,0.41880002617836,-0.8587902188301086,0.4690473675727844,0.42237359285354614,-0.858134388923645,0.4554250240325928,0.4264048635959625,-0.8584122657775879,0.5828744173049927,0.4450424611568451,-0.4927450120449066,0.4380902349948883,0.4603128135204315,-0.5075419545173645,0.549225389957428,0.5368693470954895,-0.7665629982948303,0.48504480719566345,0.5393085479736328,-0.7695537805557251,0.7457135915756226,0.813508927822113,-0.25941580533981323,0.29575371742248535,0.8225222826004028,-0.42914921045303345,0.8449317216873169,1.19608736038208,-0.26266664266586304,0.20420709252357483,1.226484775543213,-0.4049147665500641,0.850602924823761,1.5253291130065918,-0.6557044386863708,0.2131093442440033,1.5406734943389893,-0.8206639289855957,0.8808309435844421,1.645007848739624,-0.7727800607681274,0.17944391071796417,1.6493271589279175,-0.9486392140388489,0.820532500743866,1.6533381938934326,-0.8527405858039856,0.23402073979377747,1.6649463176727295,-1.0321811437606812,0.8025878667831421,1.6022059917449951,-0.709227442741394,0.25364023447036743,1.6164908409118652,-0.8702958226203918,0.6675257086753845,1.5799487829208374,-0.025657624006271362,0.3833959102630615,1.5826231241226196,0.030284088104963303,0.6456320881843567,2.1939499378204346,0.06209836155176163,0.37883856892585754,2.196227550506592,0.07481071352958679,0.647199273109436,2.7527780532836914,0.6807684898376465,0.38621070981025696,2.7390151023864746,0.5147923231124878,0.6527965664863586,2.8525784015655518,0.7133241295814514,0.38393646478652954,2.8310799598693848,0.5387836694717407,0.6090395450592041,2.9166457653045654,0.19083116948604584,0.4303032457828522,2.905540704727173,-0.031012598425149918,0.43594905103200843,0
2026-09-24T12:30:18.525869,S013,S013_A5_Y_20260924_1229,elevated_20,A5,young,class_0,0.5136086344718933,0.464722216129303,-0.8879798054695129,0.533766508102417,0.4104940593242645,-0.83539217710495,0.5502546429634094,0.41057223081588745,-0.8353382349014282,0.5658562779426575,0.41112518310546875,-0.8354974985122681,0.4849533140659332,0.4145292341709137,-0.8420766592025757,0.46905726194381714,0.4180622100830078,-0.8415119051933289,0.45531004667282104,0.42224499583244324,-0.8418318033218384,0.5821624994277954,0.4415512979030609,-0.48602309823036194,0.4374537467956543,0.45732247829437256,-0.5061901807785034,0.5491199493408203,0.5320263504981995,-0.7575351595878601,0.4850453734397888,0.5340297818183899,-0.7629414796829224,0.7445783615112305,0.8136309385299683,-0.2622930407524109,0.2944553792476654,0.8228397369384766,-0.4352346360683441,0.8453031778335571,1.1967946290969849,-0.2614380717277527,0.2086189091205597,1.2338035106658936,-0.4053359031677246,0.8477948904037476,1.5270277261734009,-0.6373404860496521,0.21782290935516357,1.5421243906021118,-0.8185132741928101,0.8766764402389526,1.6456646919250488,-0.7499189376831055,0.1839451938867569,1.6508461236953735,-0.9468746185302734,0.8139621019363403,1.6534861326217651,-0.8212728500366211,0.23819813132286072,1.6662441492080688,-1.0319538116455078,0.7968069314956665,1.6037431955337524,-0.6868202090263367,0.2577194571495056,1.616916537284851,-0.8683463335037231,0.6675212383270264,1.5805907249450684,-0.023752285167574883,0.3832130432128906,1.5827826261520386,0.02835720404982567,0.6455400586128235,2.1941170692443848,0.059769101440906525,0.3778637647628784,2.196357488632202,0.07547856867313385,0.6461292505264282,2.7528975009918213,0.6735979318618774,0.3827793002128601,2.739330291748047,0.5147405862808228,0.652216911315918,2.853956699371338,0.705211341381073,0.3799836039543152,2.8316683769226074,0.5387353897094727,0.6062751412391663,2.917114734649658,0.1836373507976532,0.4268389642238617,2.905975341796875,-0.030437150970101357,0.4356696796903359,0
2026-09-24T12:30:18.597724,S013,S013_A5_Y_20260924_1229,elevated_20,A5,young,class_0,0.5131725072860718,0.4602365791797638,-0.8692607879638672,0.5322989225387573,0.4081856310367584,-0.8118259310722351,0.5486868619918823,0.4082922041416168,-0.8117903470993042,0.5643436908721924,0.4086919128894806,-0.8118651509284973,0.4841751456260681,0.4121779203414917,-0.8209942579269409,0.46798840165138245,0.41577428579330444,-0.8204309344291687,0.45432248711586,0.4200513958930969,-0.8207700848579407,0.5798169374465942,0.43910735845565796,-0.4763913154602051,0.4354483485221863,0.4566226303577423,-0.5041651725769043,0.5480754375457764,0.5270029902458191,-0.7474377155303955,0.48425325751304626,0.5297448635101318,-0.7561196088790894,0.7445663213729858,0.8137449026107788,-0.2558882236480713,0.29374203085899353,0.8232444524765015,-0.42796245217323303,0.8453148603439331,1.1973146200180054,-0.253412127494812,0.21769864857196808,1.2365096807479858,-0.4070906639099121,0.8466232419013977,1.5262014865875244,-0.6311673521995544,0.22638222575187683,1.5433651208877563,-0.8288307189941406,0.8754438161849976,1.644203543663025,-0.7446833848953247,0.1910780519247055,1.6519891023635864,-0.9599127769470215,0.8136146664619446,1.6527819633483887,-0.814821720123291,0.24481263756752014,1.6677589416503906,-1.042834758758545,0.7960866689682007,1.6022734642028809,-0.6808125376701355,0.26512259244918823,1.6175346374511719,-0.8793762922286987,0.6666507720947266,1.577604055404663,-0.019477296620607376,0.38197988271713257,1.5788143873214722,0.02429026924073696,0.6454156637191772,2.1902315616607666,0.030263464897871017,0.37872862815856934,2.1944563388824463,0.059246547520160675,0.6456942558288574,2.7493066787719727,0.6209992170333862,0.38332250714302063,2.7384402751922607,0.47341188788414,0.6515053510665894,2.8512775897979736,0.6498336791992188,0.38016778230667114,2.83187198638916,0.4936541020870209,0.606521487236023,2.9123239517211914,0.13175614178180695,0.4273906350135803,2.9041380882263184,-0.07118610292673111,0.4351195754428993,0
2026-09-24T12:30:18.640260,S013,S013_A5_Y_20260924_1229,elevated_20,A5,young,class_0,0.5127409100532532,0.4576512575149536,-0.8715670704841614,0.5313732624053955,0.4060596525669098,-0.8132039308547974,0.547823429107666,0.4061209261417389,-0.8131729960441589,0.5635069012641907,0.4064246118068695,-0.8132725954055786,0.4833694100379944,0.4098818004131317,-0.8229712247848511,0.46682029962539673,0.4134184718132019,-0.8224285840988159,0.45320969820022583,0.41769248247146606,-0.8227552175521851,0.5784624814987183,0.43652406334877014,-0.4738806188106537,0.43367308378219604,0.4553569555282593,-0.49815234541893005,0.5470837950706482,0.5243803262710571,-0.7457427382469177,0.48331156373023987,0.5274959206581116,-0.7534103393554688,0.7445682287216187,0.8141304850578308,-0.25533953309059143,0.2927621006965637,0.8237790465354919,-0.42929333448410034,0.846310019493103,1.197394847869873,-0.25578078627586365,0.2192588597536087,1.2382550239562988,-0.4019356667995453,0.8455047607421875,1.5270593166351318,-0.6381000280380249,0.2256172150373459,1.5481058359146118,-0.8273126482963562,0.8727285265922546,1.6450793743133545,-0.7532028555870056,0.19020617008209229,1.6577246189117432,-0.9614631533622742,0.8104604482650757,1.653414249420166,-0.8223044276237488,0.24386294186115265,1.6748234033584595,-1.047777771949768,0.7937363982200623,1.6030330657958984,-0.6868623495101929,0.2642458379268646,1.623349666595459,-0.8791177868843079,0.6664303541183472,1.5777872800827026,-0.019241664558649063,0.3815847933292389,1.5790824890136719,0.02405695803463459,0.6452568769454956,2.1904077529907227,0.036131612956523895,0.3786521553993225,2.1951897144317627,0.062238823622465134,0.6453547477722168,2.7494332790374756,0.6423730254173279,0.3832647204399109,2.7395033836364746,0.48950690031051636,0.6509415507316589,2.8516733646392822,0.6729475259780884,0.3801612854003906,2.83396315574646,0.5103166699409485,0.6062244176864624,2.9129385948181152,0.14904320240020752,0.427202045917511,2.905172824859619,-0.057021480053663254,0.4347719148610133,0
2026-09-24T12:30:18.706824,S013,S013_A5_Y_20260924_1229,elevated_20,A5,young,class_0,0.5125420689582825,0.4571160078048706,-0.913946807384491,0.5307402610778809,0.4053359627723694,-0.8497031331062317,0.5472480654716492,0.40531066060066223,-0.8497509956359863,0.5629476308822632,0.4054907560348511,-0.8498675227165222,0.4827817380428314,0.40940675139427185,-0.8641985058784485,0.4659690856933594,0.4130472242832184,-0.8637609481811523,0.452352911233902,0.4174063801765442,-0.8641682863235474,0.5775548219680786,0.43540525436401367,-0.47816839814186096,0.4325706958770752,0.4552665650844574,-0.5196160674095154,0.546661913394928,0.5239431858062744,-0.7744224071502686,0.4829872250556946,0.5273629426956177,-0.7873566746711731,0.7447147965431213,0.8154327869415283,-0.23980765044689178,0.2926636338233948,0.8250764608383179,-0.4430043697357178,0.8465816378593445,1.197575330734253,-0.23465362191200256,0.21811218559741974,1.2379839420318604,-0.4056268334388733,0.8454761505126953,1.5276697874069214,-0.642876923084259,0.22466281056404114,1.5482484102249146,-0.8436315655708313,0.87217777967453,1.646662950515747,-0.7596638798713684,0.18970012664794922,1.6582016944885254,-0.9839247465133667,0.8103989362716675,1.6550559997558594,-0.8359797596931458,0.2437000721693039,1.6755627393722534,-1.070709466934204,0.7937226891517639,1.6033549308776855,-0.6950234770774841,0.2637074291706085,1.623715877532959,-0.8950406908988953,0.6665178537368774,1.5793720483779907,-0.012245209887623787,0.38160020112991333,1.5804250240325928,0.017091864719986916,0.6465059518814087,2.1922647953033447,0.019197599962353706,0.37905508279800415,2.1968562602996826,0.041464854031801224,0.6484970450401306,2.7515504360198975,0.6026116609573364,0.386356383562088,2.7426466941833496,0.43830132484436035,0.6553322076797485,2.8542819023132324,0.6297466158866882,0.38379237055778503,2.838925361633301,0.45405611395835876,0.606995701789856,2.9154374599456787,0.08426164090633392,0.429873526096344,2.9076335430145264,-0.12770888209342957,0.43447708459698886,0
2026-09-24T12:30:18.766835,S013,S013_A5_Y_20260924_1229,elevated_20,A5,young,class_0,0.5128028392791748,0.45740196108818054,-0.9520946741104126,0.530765175819397,0.4054718613624573,-0.886742115020752,0.5472403168678284,0.40542951226234436,-0.886859118938446,0.5628112554550171,0.40561431646347046,-0.8870402574539185,0.4829397201538086,0.4096570312976837,-0.9046691656112671,0.4661041796207428,0.413329154253006,-0.9042980074882507,0.4523560404777527,0.4176837205886841,-0.9047452807426453,0.5769809484481812,0.4355153441429138,-0.4953828454017639,0.4325994849205017,0.45534422993659973,-0.5568822622299194,0.5467021465301514,0.523942232131958,-0.8051190376281738,0.48307186365127563,0.5276983380317688,-0.8227421045303345,0.7443719506263733,0.8142673373222351,-0.2350364476442337,0.2926892042160034,0.8266614079475403,-0.4592912197113037,0.8461998701095581,1.1946731805801392,-0.212442547082901,0.22002013027668,1.2401703596115112,-0.40952572226524353,0.8454381227493286,1.5216600894927979,-0.6524822115898132,0.22744838893413544,1.5485950708389282,-0.8482784032821655,0.8721007108688354,1.6422207355499268,-0.7739728093147278,0.19431205093860626,1.6584677696228027,-0.9919251203536987,0.8107112050056458,1.6510980129241943,-0.8604310154914856,0.24728181958198547,1.676071047782898,-1.079932451248169,0.7942726612091064,1.5982537269592285,-0.7090537548065186,0.2663436830043793,1.6239176988601685,-0.899387001991272,0.6680055260658264,1.5769177675247192,-0.005520774982869625,0.3854290843009949,1.5800656080245972,0.010210170410573483,0.6520675420761108,2.1869864463806152,0.0218789204955101,0.38764286041259766,2.1931769847869873,0.0390995554625988,0.6601575016975403,2.7450292110443115,0.6062219738960266,0.40306100249290466,2.7368507385253906,0.4507802128791809,0.6666866540908813,2.8478171825408936,0.632544994354248,0.40078479051589966,2.8332817554473877,0.46919363737106323,0.6241292357444763,2.906996250152588,0.10738839954137802,0.450723797082901,2.8986458778381348,-0.11211879551410675,0.4343007318334871,0
2026-09-24T12:30:18.813556,S013,S013_A5_Y_20260924_1229,elevated_20,A5,young,class_0,0.512773334980011,0.45772838592529297,-0.9968797564506531,0.5307149291038513,0.4050675332546234,-0.9298976063728333,0.5472283959388733,0.4048517942428589,-0.9300998449325562,0.5627439618110657,0.4049176275730133,-0.9302666783332825,0.4828404486179352,0.4095836281776428,-0.9460400342941284,0.4659058451652527,0.41334268450737,-0.9456709623336792,0.4519885182380676,0.41776278614997864,-0.9461835622787476,0.5768740773200989,0.43484750390052795,-0.521135687828064,0.43250370025634766,0.4554123878479004,-0.5761462450027466,0.5466355681419373,0.5242986083030701,-0.8434107899665833,0.48306530714035034,0.5281845331192017,-0.8586198687553406,0.7444235682487488,0.8150626420974731,-0.23892459273338318,0.29262104630470276,0.8271535038948059,-0.4647587239742279,0.8468649983406067,1.1952481269836426,-0.2332455813884735,0.21975910663604736,1.2431975603103638,-0.4196222424507141,0.8454224467277527,1.5241764783859253,-0.7295577526092529,0.22733941674232483,1.553817868232727,-0.8933442831039429,0.8716930150985718,1.6478005647659302,-0.860667884349823,0.1936965435743332,1.6651110649108887,-1.0473366975784302,0.8108870387077332,1.6557669639587402,-0.9487576484680176,0.2471742182970047,1.6814138889312744,-1.1394537687301636,0.7943337559700012,1.6016334295272827,-0.7882300615310669,0.26599425077438354,1.6289910078048706,-0.9475555419921875,0.6679321527481079,1.5813785791397095,-0.006282565649598837,0.3852488398551941,1.5830971002578735,0.010985351167619228,0.6519076824188232,2.1935319900512695,0.023759447038173676,0.38519006967544556,2.196596384048462,0.04221591725945473,0.6588057279586792,2.7494988441467285,0.6081598997116089,0.4015139639377594,2.741387128829956,0.45763078331947327,0.6649905443191528,2.8512420654296875,0.6341561079025269,0.3990795910358429,2.8384604454040527,0.47793063521385193,0.6227093935012817,2.9152681827545166,0.11220689862966537,0.4492438733577728,2.9040191173553467,-0.10586847364902496,0.4338633703975409,0
2026-09-24T12:30:18.876720,S013,S013_A5_Y_20260924_1229,elevated_20,A5,young,class_0,0.5131222605705261,0.4581393897533417,-1.0134011507034302,0.5307202935218811,0.4051891267299652,-0.9467098116874695,0.5471979975700378,0.40495577454566956,-0.9469998478889465,0.5626047849655151,0.4050188958644867,-0.9471928477287292,0.48295456171035767,0.4097798764705658,-0.963122546672821,0.4660216271877289,0.41352447867393494,-0.9628549814224243,0.45199427008628845,0.41787707805633545,-0.9634431600570679,0.5764216184616089,0.4348892569541931,-0.5361292958259583,0.4325191378593445,0.4558468461036682,-0.592188835144043,0.5467943549156189,0.5247054100036621,-0.8588503003120422,0.48380857706069946,0.5286023020744324,-0.8745713233947754,0.7444368004798889,0.8150912523269653,-0.2426174134016037,0.2926378846168518,0.8274181485176086,-0.46762651205062866,0.8444502949714661,1.1944657564163208,-0.2378602921962738,0.21927770972251892,1.242726445198059,-0.4233245849609375,0.8421944379806519,1.5239081382751465,-0.7347365617752075,0.2267470806837082,1.5538145303726196,-0.8891063928604126,0.8673667907714844,1.6472604274749756,-0.8656477928161621,0.19315628707408905,1.6651475429534912,-1.042325496673584,0.8096987009048462,1.6553879976272583,-0.956680417060852,0.24645474553108215,1.6812732219696045,-1.131970763206482,0.7929871082305908,1.6014057397842407,-0.7945513129234314,0.2654561400413513,1.6289688348770142,-0.9418689608573914,0.667681097984314,1.580255150794983,-0.006367965135723352,0.3851732611656189,1.5822936296463013,0.011004691943526268,0.6515852808952332,2.190448522567749,0.025644928216934204,0.38503482937812805,2.1922149658203125,0.0407700352370739,0.6581324338912964,2.7445197105407715,0.6175403594970703,0.40236449241638184,2.735621213912964,0.4616769850254059,0.6642799377441406,2.8449532985687256,0.6454135179519653,0.401081383228302,2.8324928283691406,0.4818883538246155,0.6215667724609375,2.9111275672912598,0.10448046028614044,0.44884833693504333,2.897331476211548,-0.10663887113332748,0.4332003593783266,0
2026-09-24T12:30:18.943297,S013,S013_A5_Y_20260924_1229,elevated_20,A5,young,class_0,0.5134443640708923,0.4584730565547943,-0.9930382966995239,0.5307432413101196,0.4053129553794861,-0.9280400276184082,0.5472081899642944,0.4050707221031189,-0.9282288551330566,0.5625568628311157,0.40513506531715393,-0.9284180402755737,0.483208030462265,0.40992939472198486,-0.9434523582458496,0.46629244089126587,0.4135984480381012,-0.9430656433105469,0.4520498812198639,0.4180399179458618,-0.9435461163520813,0.5761157274246216,0.43495091795921326,-0.5281820893287659,0.4326501488685608,0.45640718936920166,-0.5796464681625366,0.5469128489494324,0.5250166058540344,-0.8433336019515991,0.48448920249938965,0.5289298892021179,-0.8575997352600098,0.7438985705375671,0.814947247505188,-0.2458033561706543,0.29285570979118347,0.8275571465492249,-0.46535077691078186,0.840149998664856,1.1932384967803955,-0.24739086627960205,0.21915388107299805,1.2401636838912964,-0.4263896942138672,0.8421913385391235,1.5232526063919067,-0.734468400478363,0.22652892768383026,1.5530428886413574,-0.8875622749328613,0.8676666021347046,1.6448370218276978,-0.8650469779968262,0.19307541847229004,1.6641343832015991,-1.039707899093628,0.812838077545166,1.6535722017288208,-0.9543009996414185,0.24635808169841766,1.6797826290130615,-1.1270151138305664,0.7951856851577759,1.6010689735412598,-0.794472336769104,0.2652599513530731,1.6281206607818604,-0.9398261904716492,0.6676903367042542,1.5776463747024536,-0.007541916333138943,0.3852234184741974,1.5814831256866455,0.012101312167942524,0.6513655185699463,2.1879758834838867,0.07125148177146912,0.38474535942077637,2.190333604812622,0.05979828163981438,0.6576240062713623,2.7409579753875732,0.7228983640670776,0.40267878770828247,2.7301857471466064,0.5402947664260864,0.6635898351669312,2.8401801586151123,0.7566527128219604,0.4019413888454437,2.8238799571990967,0.5675365328788757,0.6221329569816589,2.905956745147705,0.20435592532157898,0.4496322572231293,2.8927054405212402,-0.03747665882110596,0.43323638997367886,0
2026-09-24T12:30:19.023466,S013,S013_A5_Y_20260924_1229,elevated_20,A5,young,class_0,0.5122178792953491,0.4585666358470917,-1.0042744874954224,0.5297814011573792,0.4053972363471985,-0.9405947923660278,0.5461946129798889,0.40514928102493286,-0.9407513737678528,0.5616158843040466,0.4052026569843292,-0.9408995509147644,0.48287755250930786,0.41016384959220886,-0.9551868438720703,0.46609264612197876,0.4141223132610321,-0.9548161625862122,0.45186686515808105,0.4187208116054535,-0.9553214311599731,0.5758863687515259,0.43539249897003174,-0.5375522375106812,0.4326651990413666,0.4577840268611908,-0.586359977722168,0.5458199977874756,0.5252252817153931,-0.8529011607170105,0.48403874039649963,0.529508113861084,-0.8660887479782104,0.7437714338302612,0.8149568438529968,-0.24673569202423096,0.29404422640800476,0.8274233937263489,-0.4663087725639343,0.8271259069442749,1.1933701038360596,-0.2444840967655182,0.2183976173400879,1.2356841564178467,-0.42434653639793396,0.8367545008659363,1.5224584341049194,-0.7191885709762573,0.22599530220031738,1.5492292642593384,-0.879970908164978,0.8637005090713501,1.64119291305542,-0.8462715148925781,0.19348591566085815,1.6594107151031494,-1.030395746231079,0.812686562538147,1.6492747068405151,-0.9365334510803223,0.24640913307666779,1.671759843826294,-1.1155364513397217,0.7947560548782349,1.5988701581954956,-0.7792685031890869,0.26521188020706177,1.621930718421936,-0.9309853315353394,0.6676839590072632,1.5703107118606567,-0.007223912980407476,0.3853685259819031,1.5759544372558594,0.011703850701451302,0.6509336233139038,2.1793813705444336,0.08563735336065292,0.3844473659992218,2.1793735027313232,0.05670899897813797,0.6575438976287842,2.7302958965301514,0.7298746705055237,0.40199047327041626,2.7160627841949463,0.5304622054100037,0.6632920503616333,2.8273749351501465,0.762248694896698,0.40125980973243713,2.8068017959594727,0.5562246441841125,0.6215177774429321,2.8934438228607178,0.20509538054466248,0.44872283935546875,2.8780975341796875,-0.04182653874158859,0.43344121296699584,0
2026-09-24T12:30:19.066461,S013,S013_A5_Y_20260924_1229,elevated_20,A5,young,class_0,0.5120891332626343,0.4588031470775604,-0.9976460337638855,0.5297146439552307,0.4054604172706604,-0.9335924983024597,0.5461024045944214,0.4051852226257324,-0.933700442314148,0.5614855289459229,0.40528813004493713,-0.9338544607162476,0.4828849732875824,0.41025635600090027,-0.9483658671379089,0.46610039472579956,0.41416603326797485,-0.9479666948318481,0.45185384154319763,0.4188084006309509,-0.9484120607376099,0.5758790373802185,0.43609005212783813,-0.5337034463882446,0.43277543783187866,0.45851895213127136,-0.58307945728302,0.5457150936126709,0.5253045558929443,-0.8478817939758301,0.48397594690322876,0.529608428478241,-0.861367404460907,0.7433834671974182,0.8150975704193115,-0.2472570836544037,0.2943280339241028,0.827813446521759,-0.4676235616207123,0.827750027179718,1.1933848857879639,-0.2424497902393341,0.21680741012096405,1.2339801788330078,-0.4231201112270355,0.84173184633255,1.522352933883667,-0.7125751972198486,0.22558867931365967,1.548870325088501,-0.8715903162956238,0.8724367022514343,1.6391853094100952,-0.839470386505127,0.19332966208457947,1.6587448120117188,-1.0189281702041626,0.8257622718811035,1.6484019756317139,-0.9293972849845886,0.24626067280769348,1.6711524724960327,-1.1044471263885498,0.8058363795280457,1.5989145040512085,-0.7727271318435669,0.26493847370147705,1.6216988563537598,-0.922624409198761,0.6679838299751282,1.5705913305282593,-0.007438246160745621,0.38598471879959106,1.5764333009719849,0.01194299478083849,0.6507058143615723,2.179952383041382,0.10164904594421387,0.3842514455318451,2.179809093475342,0.06936582177877426,0.6571382284164429,2.7313928604125977,0.7695466876029968,0.40181154012680054,2.7176742553710938,0.5688729882240295,0.6627742648124695,2.8287599086761475,0.805377185344696,0.4010174870491028,2.8090264797210693,0.5981951951980591,0.6234159469604492,2.894284248352051,0.25774675607681274,0.4501609206199646,2.8801558017730713,-0.007856822572648525,0.43371401825595857,0
2026-09-24T12:30:19.106214,S013,S013_A5_Y_20260924_1229,elevated_20,A5,young,class_0,0.5119174718856812,0.458785742521286,-1.0376442670822144,0.5295441150665283,0.40547358989715576,-0.971571147441864,0.5458613038063049,0.40521103143692017,-0.9718059301376343,0.5611612796783447,0.4053393602371216,-0.9719233512878418,0.4828682839870453,0.4102998673915863,-0.9845465421676636,0.4660956859588623,0.41425520181655884,-0.9842326045036316,0.4518047869205475,0.41892486810684204,-0.9847898483276367,0.5755808353424072,0.4361395537853241,-0.5626822113990784,0.43279901146888733,0.45855939388275146,-0.6065784096717834,0.5454527139663696,0.5254129767417908,-0.8853765726089478,0.48384562134742737,0.5297203660011292,-0.8973512649536133,0.7422828078269958,0.8149331212043762,-0.27450278401374817,0.2943049669265747,0.8264305591583252,-0.46609100699424744,0.828488826751709,1.192533254623413,-0.2692186236381531,0.21660840511322021,1.2343701124191284,-0.4216949939727783,0.8452542424201965,1.522487759590149,-0.7675560712814331,0.2252211570739746,1.549629807472229,-0.8736543655395508,0.8771393895149231,1.639263391494751,-0.9005977511405945,0.1930849850177765,1.6593438386917114,-1.023805856704712,0.831011950969696,1.6484639644622803,-0.9974874258041382,0.24574384093284607,1.6711726188659668,-1.1143608093261719,0.8103587031364441,1.5991047620773315,-0.8307406306266785,0.2643972337245941,1.6218466758728027,-0.9267386198043823,0.6673290729522705,1.5686360597610474,-0.00791209377348423,0.38587749004364014,1.5757339000701904,0.01233990304172039,0.6504430770874023,2.1778383255004883,0.061672259122133255,0.383206307888031,2.178759813308716,0.03756716847419739,0.6569467782974243,2.730271577835083,0.6690340042114258,0.40199798345565796,2.7176692485809326,0.4772473871707916,0.6625927686691284,2.8275771141052246,0.696151614189148,0.40191134810447693,2.8093514442443848,0.4971276819705963,0.6229436993598938,2.8933019638061523,0.1226203665137291,0.4498385488986969,2.878812074661255,-0.11283989995718002,0.4338699369324207,0
2026-09-24T12:30:19.175327,S013,S013_A5_Y_20260924_1229,elevated_20,A5,young,class_0,0.5112673044204712,0.4582962393760681,-1.0032541751861572,0.5287907123565674,0.4054637849330902,-0.9402545094490051,0.5450453758239746,0.40522608160972595,-0.9403091669082642,0.5603491067886353,0.40538302063941956,-0.9404616355895996,0.48267531394958496,0.4102666974067688,-0.9463569521903992,0.46601366996765137,0.4142249524593353,-0.9458786249160767,0.4517226815223694,0.41888779401779175,-0.9463238716125488,0.5752609968185425,0.43618109822273254,-0.5569911599159241,0.43290138244628906,0.4585839807987213,-0.5737665891647339,0.5446333885192871,0.525058388710022,-0.8638332486152649,0.4835239052772522,0.5292975306510925,-0.8664909601211548,0.7418556809425354,0.8142596483230591,-0.2756767272949219,0.2945388853549957,0.8252191543579102,-0.4521290361881256,0.8289898633956909,1.1924771070480347,-0.27643147110939026,0.21520933508872986,1.2328861951828003,-0.3865445852279663,0.8467056155204773,1.5216407775878906,-0.7459364533424377,0.2210274636745453,1.547544240951538,-0.8000580668449402,0.8802375793457031,1.637427806854248,-0.8754532933235168,0.18777696788311005,1.6552261114120483,-0.9400508999824524,0.8310098648071289,1.6479384899139404,-0.9682925939559937,0.24031813442707062,1.669468641281128,-1.031254768371582,0.8104621171951294,1.598752737045288,-0.8065897226333618,0.2589753270149231,1.6208792924880981,-0.8539260029792786,0.6651530861854553,1.5667214393615723,-0.012642942368984222,0.3844735622406006,1.57155179977417,0.017305638641119003,0.6465739607810974,2.177658796310425,0.04589655250310898,0.3791825771331787,2.1778085231781006,0.039197780191898346,0.6522762775421143,2.730888843536377,0.6392098665237427,0.39593708515167236,2.718280553817749,0.46218761801719666,0.6586859226226807,2.828378438949585,0.6673984527587891,0.395621657371521,2.8102402687072754,0.48155444860458374,0.613303005695343,2.8937947750091553,0.11154421418905258,0.44133418798446655,2.879807949066162,-0.11658259481191635,0.43386421361774963,0
2026-09-24T12:30:19.247904,S013,S013_A5_Y_20260924_1229,elevated_20,A5,young,class_0,0.5099421739578247,0.4583137333393097,-0.9696861505508423,0.5275642275810242,0.40549910068511963,-0.9099446535110474,0.5438075661659241,0.4052700400352478,-0.9098491668701172,0.5592566728591919,0.4054315686225891,-0.9099912643432617,0.4820118546485901,0.41031932830810547,-0.9116122126579285,0.46559613943099976,0.4142858386039734,-0.9110174179077148,0.4514464735984802,0.4189322590827942,-0.9113380312919617,0.5748065114021301,0.4362584948539734,-0.5515711903572083,0.4329978823661804,0.45860835909843445,-0.542487382888794,0.5431692004203796,0.5250793099403381,-0.8399438858032227,0.4826008379459381,0.5293046832084656,-0.8354735374450684,0.7418044805526733,0.8140947818756104,-0.2780784070491791,0.29518571496009827,0.8243953585624695,-0.43951767683029175,0.8294740915298462,1.1923836469650269,-0.2792200446128845,0.2149289846420288,1.2295993566513062,-0.38830339908599854,0.8483474850654602,1.5197796821594238,-0.743807852268219,0.219719797372818,1.5455631017684937,-0.8121223449707031,0.8838279843330383,1.6349588632583618,-0.8606879115104675,0.18455669283866882,1.6533454656600952,-0.950223445892334,0.832316517829895,1.6467454433441162,-0.9457377195358276,0.23869284987449646,1.6688101291656494,-1.036475658416748,0.8114804029464722,1.5975180864334106,-0.8011091351509094,0.25772154331207275,1.620297908782959,-0.8655115962028503,0.6646732091903687,1.5664715766906738,-0.019285233691334724,0.3838236927986145,1.5690594911575317,0.024192554876208305,0.6452663540840149,2.1778905391693115,0.034809742122888565,0.37861478328704834,2.1781005859375,0.051183342933654785,0.6495965123176575,2.7311296463012695,0.6296051740646362,0.38969844579696655,2.7184865474700928,0.46833983063697815,0.6564869284629822,2.8291032314300537,0.6582844257354736,0.3880007863044739,2.8109006881713867,0.4883534014225006,0.608247697353363,2.8943142890930176,0.10637404769659042,0.4332312047481537,2.8817780017852783,-0.10865809768438339,0.43455035190224106,0
2026-09-24T12:30:19.321737,S013,S013_A5_Y_20260924_1229,elevated_20,A5,young,class_0,0.5092573165893555,0.45769640803337097,-0.9889439344406128,0.527030885219574,0.40531888604164124,-0.9264827966690063,0.5433031320571899,0.4051043391227722,-0.92652428150177,0.5588065385818481,0.4052988886833191,-0.926700234413147,0.4817817211151123,0.41011127829551697,-0.9339286088943481,0.465468168258667,0.41401803493499756,-0.9335166215896606,0.4513205587863922,0.4186049997806549,-0.9339445233345032,0.574644923210144,0.4362069070339203,-0.5462781190872192,0.4331788122653961,0.45855075120925903,-0.5573278665542603,0.5423187613487244,0.5245898365974426,-0.8468306660652161,0.4822536110877991,0.5287541747093201,-0.8501817584037781,0.7420631647109985,0.8141438364982605,-0.2775135636329651,0.2954960763454437,0.8242822289466858,-0.44402265548706055,0.8314196467399597,1.1922873258590698,-0.2747994065284729,0.21482005715370178,1.228566288948059,-0.38874486088752747,0.8495251536369324,1.5198653936386108,-0.7415862679481506,0.21965093910694122,1.5437289476394653,-0.8263040781021118,0.8839559555053711,1.63544499874115,-0.8667483329772949,0.18479493260383606,1.6517798900604248,-0.9724818468093872,0.831935703754425,1.6477446556091309,-0.9578022956848145,0.2386995255947113,1.6683799028396606,-1.0679917335510254,0.8113566637039185,1.5977314710617065,-0.8009046316146851,0.2576906681060791,1.6195054054260254,-0.882170557975769,0.6642900109291077,1.56734037399292,-0.0186085756868124,0.38398823142051697,1.5691561698913574,0.023457497358322144,0.6433172225952148,2.178006410598755,0.03649428114295006,0.37748706340789795,2.1783909797668457,0.047224510461091995,0.6468084454536438,2.7312684059143066,0.6365457773208618,0.38931742310523987,2.7198221683502197,0.46668869256973267,0.6535226106643677,2.82938814163208,0.6659255623817444,0.3878592848777771,2.813328981399536,0.48589205741882324,0.6054893732070923,2.8944718837738037,0.11399074643850327,0.4325329661369324,2.88224720954895,-0.1121780052781105,0.43494527569441055,0
2026-09-24T12:30:19.378745,S013,S013_A5_Y_20260924_1229,elevated_20,A5,young,class_0,0.5084291696548462,0.45755985379219055,-1.005460262298584,0.5263193845748901,0.40533292293548584,-0.9412875175476074,0.5425156354904175,0.4051274061203003,-0.9413833618164062,0.5580608248710632,0.4053267538547516,-0.9415995478630066,0.4815348982810974,0.4100964665412903,-0.949999213218689,0.4653511643409729,0.41396158933639526,-0.9495948553085327,0.4512247145175934,0.418474018573761,-0.9500185251235962,0.574188768863678,0.4362344741821289,-0.5448914766311646,0.43334969878196716,0.4584066569805145,-0.5627006888389587,0.5411145687103271,0.524191677570343,-0.8565672636032104,0.4817172884941101,0.5280328989028931,-0.8622480630874634,0.7418521642684937,0.8129884004592896,-0.27621689438819885,0.2956116795539856,0.8228873014450073,-0.4429524540901184,0.8317228555679321,1.187353491783142,-0.2732110321521759,0.21707753837108612,1.2198446989059448,-0.39932191371917725,0.8503649830818176,1.5132614374160767,-0.7548996210098267,0.21959996223449707,1.5330736637115479,-0.9061373472213745,0.8847297430038452,1.6298420429229736,-0.8873187303543091,0.1847895085811615,1.6420708894729614,-1.0635430812835693,0.8325201869010925,1.6424318552017212,-0.9840394854545593,0.23843666911125183,1.6609442234039307,-1.1640372276306152,0.8119684457778931,1.5919870138168335,-0.8166033029556274,0.257367879152298,1.6116856336593628,-0.965640664100647,0.6633719205856323,1.565834641456604,-0.020251614972949028,0.3839865028858185,1.5670812129974365,0.02506355382502079,0.6418718695640564,2.1747450828552246,0.05292188376188278,0.3770717978477478,2.1743688583374023,0.062177062034606934,0.643426775932312,2.7272908687591553,0.6865419149398804,0.38799306750297546,2.717853546142578,0.5175713896751404,0.6491408944129944,2.825428009033203,0.7193719148635864,0.38657107949256897,2.811934232711792,0.5401069521903992,0.603796124458313,2.8892340660095215,0.16017325222492218,0.43061357736587524,2.8789477348327637,-0.07211839407682419,0.43582394923016016,0
2026-09-24T12:30:19.441394,S013,S013_A5_Y_20260924_1229,elevated_20,A5,young,class_0,0.5084217190742493,0.456134170293808,-1.0017290115356445,0.5262531638145447,0.40490275621414185,-0.9359855651855469,0.5424235463142395,0.4047183394432068,-0.9360504150390625,0.5579095482826233,0.4049859046936035,-0.9363455772399902,0.481546014547348,0.40953925251960754,-0.9453417658805847,0.4654185175895691,0.41329848766326904,-0.9449570775032043,0.45124536752700806,0.4177899956703186,-0.9453789591789246,0.5739142894744873,0.4359929859638214,-0.5345076322555542,0.4337381422519684,0.4580656886100769,-0.5580037832260132,0.5411158204078674,0.5228857398033142,-0.8509941101074219,0.4817238748073578,0.5265309810638428,-0.8575118184089661,0.7417016625404358,0.8120411038398743,-0.26375633478164673,0.2958231270313263,0.8219692707061768,-0.44191551208496094,0.8319628834724426,1.184345006942749,-0.2546892464160919,0.22018511593341827,1.2167993783950806,-0.39915189146995544,0.8508429527282715,1.5088824033737183,-0.7401692271232605,0.22239522635936737,1.5279055833816528,-0.8991616368293762,0.8853951692581177,1.6261080503463745,-0.8708435893058777,0.18747180700302124,1.6369233131408691,-1.0508391857147217,0.8329946398735046,1.639896273612976,-0.9762889742851257,0.24049849808216095,1.657804012298584,-1.1454142332077026,0.8125993013381958,1.5889132022857666,-0.8041219711303711,0.25894594192504883,1.608149766921997,-0.9560633897781372,0.6634919047355652,1.563886284828186,-0.020108958706259727,0.3848494589328766,1.5647014379501343,0.024912679567933083,0.6421986818313599,2.1725497245788574,0.060926150530576706,0.3783433139324188,2.172447443008423,0.06211692839860916,0.6435213088989258,2.7252957820892334,0.697475254535675,0.38814476132392883,2.7174644470214844,0.5166615843772888,0.6491649746894836,2.823969841003418,0.7305619120597839,0.3866221308708191,2.8119122982025146,0.5389560461044312,0.6046844720840454,2.8861186504364014,0.17651313543319702,0.43068379163742065,2.8782663345336914,-0.07089211791753769,0.4364721409024655,0
2026-09-24T12:30:19.506047,S013,S013_A5_Y_20260924_1229,elevated_20,A5,young,class_0,0.5088073015213013,0.45550450682640076,-1.0184978246688843,0.526523232460022,0.40472283959388733,-0.9528887867927551,0.5426163077354431,0.404556542634964,-0.9530722498893738,0.557966411113739,0.404872328042984,-0.9532906413078308,0.48202013969421387,0.4093271791934967,-0.9635327458381653,0.4661044478416443,0.41310781240463257,-0.9631867408752441,0.4516769051551819,0.41763049364089966,-0.9637024998664856,0.5738958120346069,0.4359147846698761,-0.5459864735603333,0.434440940618515,0.4579100012779236,-0.577687680721283,0.5413619875907898,0.5223872065544128,-0.8661216497421265,0.48217377066612244,0.5259994268417358,-0.8750022053718567,0.7416582703590393,0.8118162155151367,-0.27096813917160034,0.2958340644836426,0.8212674260139465,-0.44098424911499023,0.8317157030105591,1.1844266653060913,-0.2666718065738678,0.22040855884552002,1.2170138359069824,-0.3864678144454956,0.8455411791801453,1.5092722177505493,-0.7704290151596069,0.22322317957878113,1.5260149240493774,-0.876683235168457,0.8756774067878723,1.6265428066253662,-0.9093471765518188,0.1912752091884613,1.633989691734314,-1.0371404886245728,0.8238933682441711,1.6391457319259644,-1.0083744525909424,0.24178418517112732,1.6498236656188965,-1.1438286304473877,0.8049544095993042,1.5881816148757935,-0.8333303332328796,0.25988516211509705,1.6010175943374634,-0.9360235929489136,0.6612812876701355,1.561924695968628,-0.020082678645849228,0.3844570517539978,1.5622159242630005,0.024869488552212715,0.6362152099609375,2.168015718460083,0.02927202358841896,0.3710405230522156,2.1658947467803955,0.02964443527162075,0.6341317892074585,2.719961643218994,0.6111284494400024,0.3815576434135437,2.7118046283721924,0.4324823319911957,0.6389710903167725,2.817199230194092,0.6377280950546265,0.381168007850647,2.8061959743499756,0.4480583667755127,0.5931726694107056,2.882307291030884,0.07670576125383377,0.42164167761802673,2.8709590435028076,-0.1521112024784088,0.43668673090966575,0
2026-09-24T12:30:19.586573,S013,S013_A5_Y_20260924_1229,elevated_20,A5,young,class_0,0.5089467763900757,0.45552149415016174,-1.0608679056167603,0.5269502401351929,0.4047035872936249,-0.9949904680252075,0.5431119203567505,0.404553085565567,-0.9952972531318665,0.5582637190818787,0.40488162636756897,-0.9954243898391724,0.48219141364097595,0.409286230802536,-1.004030704498291,0.4663211703300476,0.41308218240737915,-1.0036671161651611,0.45178788900375366,0.4176064431667328,-1.004219889640808,0.5740761160850525,0.43592873215675354,-0.5784793496131897,0.43511924147605896,0.4578803479671478,-0.606539249420166,0.5415574312210083,0.5224189758300781,-0.9050302505493164,0.48232555389404297,0.5260230898857117,-0.9128280878067017,0.7418103218078613,0.8118357062339783,-0.3061593770980835,0.2960699498653412,0.8212850689888,-0.43963974714279175,0.8298365473747253,1.1859863996505737,-0.31432589888572693,0.22041375935077667,1.215375304222107,-0.3819425702095032,0.8368147015571594,1.5117043256759644,-0.8371381759643555,0.2233974188566208,1.5249590873718262,-0.8773932456970215,0.8626725077629089,1.6285218000411987,-0.986536979675293,0.19385337829589844,1.6332792043685913,-1.0388593673706055,0.8132837414741516,1.639263391494751,-1.0854077339172363,0.24245305359363556,1.644757628440857,-1.1422011852264404,0.7947527170181274,1.5883947610855103,-0.900417149066925,0.2604772746562958,1.5968502759933472,-0.9369508624076843,0.6609307527542114,1.5613764524459839,-0.023602375760674477,0.384452760219574,1.5624161958694458,0.028207486495375633,0.6360611319541931,2.1643056869506836,0.040003739297389984,0.37080204486846924,2.162543773651123,0.03526458889245987,0.6346127390861511,2.712745428085327,0.6586433053016663,0.3816184401512146,2.7022955417633057,0.4900694489479065,0.6394195556640625,2.807288646697998,0.6882715821266174,0.3822811543941498,2.7943272590637207,0.5130684971809387,0.5940882563591003,2.87751841545105,0.11100540310144424,0.42231565713882446,2.8591010570526123,-0.0939219743013382,0.4366467337065181,0
2026-09-24T12:30:19.645626,S013,S013_A5_Y_20260924_1229,elevated_20,A5,young,class_0,0.5090162754058838,0.4555385708808899,-1.089216709136963,0.5272841453552246,0.40463322401046753,-1.022530436515808,0.5435086488723755,0.4045030176639557,-1.022879719734192,0.5585058927536011,0.4048721194267273,-1.0229843854904175,0.4823327660560608,0.40916791558265686,-1.0308263301849365,0.4665438234806061,0.41294920444488525,-1.0304826498031616,0.4519203305244446,0.41744497418403625,-1.031036376953125,0.5742701292037964,0.4358813464641571,-0.597873330116272,0.4358106553554535,0.4576508104801178,-0.6235717535018921,0.5416315197944641,0.5224024057388306,-0.9304094314575195,0.4823554456233978,0.5259445905685425,-0.9375249147415161,0.7421442866325378,0.8119927048683167,-0.3251347243785858,0.2962886691093445,0.8213325142860413,-0.4395124018192291,0.8286954760551453,1.186368465423584,-0.35212352871894836,0.22042259573936462,1.2109535932540894,-0.3822984993457794,0.8347347974777222,1.5138102769851685,-0.9066908955574036,0.22281810641288757,1.5245341062545776,-0.9175019264221191,0.8606013059616089,1.6313214302062988,-1.064159631729126,0.19375476241111755,1.6336157321929932,-1.0868890285491943,0.8113909959793091,1.6395727396011353,-1.1665605306625366,0.24175576865673065,1.6446917057037354,-1.1926782131195068,0.792384684085846,1.5888508558273315,-0.9718385934829712,0.25995996594429016,1.5966014862060547,-0.9797627329826355,0.6606417894363403,1.5618475675582886,-0.026743635535240173,0.384451687335968,1.5632902383804321,0.031211305409669876,0.6354870796203613,2.1645054817199707,0.0606684610247612,0.37039870023727417,2.162902593612671,0.05214322358369827,0.6348807215690613,2.712089776992798,0.7010269165039062,0.3818254768848419,2.70210599899292,0.5354955196380615,0.6396121978759766,2.8065102100372314,0.7319809198379517,0.3828708231449127,2.7940361499786377,0.5599176287651062,0.5946975350379944,2.8773117065429688,0.14808335900306702,0.422789990901947,2.85894513130188,-0.05358058214187622,0.43735178349589027,0
2026-09-24T12:30:19.728528,S013,S013_A5_Y_20260924_1229,elevated_20,A5,young,class_0,0.5093059539794922,0.45535773038864136,-1.0654737949371338,0.5277434587478638,0.4043966829776764,-1.0000016689300537,0.543928861618042,0.4043205976486206,-1.0002678632736206,0.5587111711502075,0.4047784209251404,-1.0003992319107056,0.48277777433395386,0.40870410203933716,-1.0094339847564697,0.46716538071632385,0.4123401343822479,-1.0090614557266235,0.45239025354385376,0.4166683554649353,-1.0095757246017456,0.5743452906608582,0.4358609914779663,-0.5862622857093811,0.43652814626693726,0.45710334181785583,-0.6158323287963867,0.5416819453239441,0.5222532749176025,-0.9110463857650757,0.4824793338775635,0.5255386233329773,-0.9187865257263184,0.7421605587005615,0.8123782873153687,-0.31993797421455383,0.29673248529434204,0.821318507194519,-0.429837703704834,0.8274599313735962,1.1872754096984863,-0.3391455113887787,0.2203943282365799,1.2102690935134888,-0.3700879216194153,0.8308472633361816,1.5144908428192139,-0.8547123670578003,0.2232075184583664,1.5241844654083252,-0.8704900741577148,0.8560736775398254,1.6320698261260986,-1.000610589981079,0.19476409256458282,1.6331461668014526,-1.0350607633590698,0.8057336807250977,1.6398340463638306,-1.0983071327209473,0.24285829067230225,1.644753098487854,-1.1388304233551025,0.787687361240387,1.5890040397644043,-0.9173038601875305,0.2607943117618561,1.5966376066207886,-0.9309467077255249,0.6603361368179321,1.5614752769470215,-0.027653804048895836,0.3848446011543274,1.5628392696380615,0.03206922486424446,0.6351808309555054,2.1634583473205566,0.04416646808385849,0.3704198896884918,2.1612648963928223,0.048623133450746536,0.6351434588432312,2.711621046066284,0.645522952079773,0.3826383948326111,2.7014877796173096,0.4876164495944977,0.6398941278457642,2.8064544200897217,0.6737164258956909,0.3842487037181854,2.793729066848755,0.5066565275192261,0.5951606035232544,2.876424551010132,0.10450347512960434,0.4228874146938324,2.858375072479248,-0.09291824698448181,0.4371720536025047,0
2026-09-24T12:30:19.798855,S013,S013_A5_Y_20260924_1229,elevated_20,A5,young,class_0,0.5098268389701843,0.4553762376308441,-1.054608941078186,0.5285570025444031,0.4043828845024109,-0.9895834922790527,0.5447145700454712,0.40431973338127136,-0.9898212552070618,0.5591415166854858,0.40480250120162964,-0.9899690747261047,0.4834330976009369,0.4086143672466278,-0.9989632368087769,0.4679417610168457,0.4122294783592224,-0.9985882043838501,0.4529488980770111,0.41651487350463867,-0.9990904927253723,0.5745988488197327,0.43595805764198303,-0.5802467465400696,0.4371488690376282,0.45698902010917664,-0.6091746091842651,0.5419625043869019,0.522285521030426,-0.9019888639450073,0.4826839566230774,0.5255444645881653,-0.9095931053161621,0.742162823677063,0.8131851553916931,-0.3170759379863739,0.2969910502433777,0.8215191960334778,-0.43028005957603455,0.8275152444839478,1.1879653930664062,-0.331731379032135,0.22110405564308167,1.2105602025985718,-0.37106853723526,0.8299943208694458,1.5146962404251099,-0.8357041478157043,0.22396500408649445,1.5243934392929077,-0.8678407669067383,0.8548262715339661,1.6325013637542725,-0.9793663024902344,0.19542258977890015,1.6332088708877563,-1.032260775566101,0.8031481504440308,1.6399508714675903,-1.0740817785263062,0.24366381764411926,1.6448674201965332,-1.13838529586792,0.7856489419937134,1.5891718864440918,-0.8970258831977844,0.2617841362953186,1.5968331098556519,-0.9283927083015442,0.6602505445480347,1.5615293979644775,-0.027962539345026016,0.3849327564239502,1.5629421472549438,0.03235294297337532,0.6350832581520081,2.1636834144592285,0.05901389569044113,0.370452344417572,2.1615610122680664,0.059438981115818024,0.6350440382957458,2.7121434211730957,0.6795591115951538,0.38275593519210815,2.701842784881592,0.5142906904220581,0.6397340893745422,2.8072099685668945,0.7107246518135071,0.38450920581817627,2.7941174507141113,0.5369179248809814,0.5949305295944214,2.876835346221924,0.15185345709323883,0.4232119023799896,2.8592185974121094,-0.06066541001200676,0.437220776812341,0
2026-09-24T12:30:19.861208,S013,S013_A5_Y_20260924_1229,elevated_20,A5,young,class_0,0.5098786354064941,0.45538565516471863,-1.049929141998291,0.5288154482841492,0.40435630083084106,-0.9852840304374695,0.5449956655502319,0.40429264307022095,-0.9855074882507324,0.5593228340148926,0.40478944778442383,-0.9856470823287964,0.4836166799068451,0.40860119462013245,-0.9940104484558105,0.4681742191314697,0.41221949458122253,-0.9936202168464661,0.4531530439853668,0.416498601436615,-0.9941092729568481,0.5747944116592407,0.43577951192855835,-0.5806140899658203,0.437683641910553,0.4568555951118469,-0.6055279970169067,0.5420506000518799,0.5222572684288025,-0.899170994758606,0.4828733801841736,0.5254421234130859,-0.9056998491287231,0.742778480052948,0.8132046461105347,-0.3286001682281494,0.2981148660182953,0.8215839862823486,-0.430786669254303,0.8291956186294556,1.1890944242477417,-0.3486993610858917,0.22121086716651917,1.2126938104629517,-0.3721713721752167,0.8304303288459778,1.5192782878875732,-0.8457249402999878,0.2240155190229416,1.5265005826950073,-0.8573483228683472,0.8557026982307434,1.6378532648086548,-0.9920487403869629,0.19555439054965973,1.6346710920333862,-1.015633463859558,0.8035319447517395,1.6435774564743042,-1.0799940824508667,0.24371269345283508,1.6452841758728027,-1.1234406232833862,0.7858597040176392,1.5929696559906006,-0.9045541882514954,0.2619360387325287,1.5977357625961304,-0.9183348417282104,0.6609182953834534,1.5617903470993042,-0.03075246512889862,0.3858322501182556,1.5640267133712769,0.03515811264514923,0.6357977390289307,2.164677619934082,0.053876519203186035,0.37125879526138306,2.16390323638916,0.0698176771402359,0.6352675557136536,2.7135138511657715,0.6791210174560547,0.3837675452232361,2.7034871578216553,0.5272750854492188,0.6401024460792542,2.8080732822418213,0.710375189781189,0.3858659267425537,2.7952494621276855,0.5513553023338318,0.5951804518699646,2.878617763519287,0.15146057307720184,0.4233883023262024,2.860975742340088,-0.04589702934026718,0.43744452530981187,0
2026-09-24T12:30:19.907687,S013,S013_A5_Y_20260924_1229,elevated_20,A5,young,class_0,0.5097644329071045,0.45542699098587036,-1.0577001571655273,0.528823971748352,0.40434321761131287,-0.994026780128479,0.545009970664978,0.40428292751312256,-0.9942951202392578,0.5593417882919312,0.404789537191391,-0.9944089651107788,0.4836176335811615,0.4085712134838104,-1.0000245571136475,0.46817708015441895,0.4121677577495575,-0.9996527433395386,0.4531554579734802,0.4164024591445923,-1.0001581907272339,0.5748504996299744,0.4356127977371216,-0.591344952583313,0.4378330111503601,0.45664557814598083,-0.6058628559112549,0.542011559009552,0.5222653150558472,-0.9075874090194702,0.48284482955932617,0.5254281759262085,-0.9110103845596313,0.7433793544769287,0.8137674927711487,-0.3382814824581146,0.2986975312232971,0.8216226696968079,-0.43029943108558655,0.8309119939804077,1.1920708417892456,-0.3584532141685486,0.22150346636772156,1.2128193378448486,-0.3656482994556427,0.8307241201400757,1.5267292261123657,-0.8581737279891968,0.22301991283893585,1.5297499895095825,-0.849128246307373,0.8562995195388794,1.6467467546463013,-1.0068585872650146,0.1945652812719345,1.6399312019348145,-1.0067403316497803,0.8039606809616089,1.650601863861084,-1.0979583263397217,0.24220426380634308,1.6500344276428223,-1.1164624691009521,0.7861536145210266,1.599703311920166,-0.9177299737930298,0.2609255313873291,1.6022188663482666,-0.9111798405647278,0.6609729528427124,1.5632987022399902,-0.03266393020749092,0.38594675064086914,1.5651646852493286,0.037025220692157745,0.6357313394546509,2.165773868560791,0.052495259791612625,0.37096911668777466,2.1643948554992676,0.0714995414018631,0.6352896094322205,2.7144880294799805,0.6797401905059814,0.3839210271835327,2.7036824226379395,0.5339881181716919,0.6401205062866211,2.8088228702545166,0.7111386060714722,0.3860614597797394,2.79563570022583,0.558341383934021,0.5951840877532959,2.87998366355896,0.15108369290828705,0.42361873388290405,2.8612892627716064,-0.042316749691963196,0.4377606033217903,0
2026-09-24T12:30:19.967675,S013,S013_A5_Y_20260924_1229,elevated_20,A5,young,class_0,0.5095510482788086,0.4554370045661926,-1.06436288356781,0.5288068056106567,0.40426841378211975,-1.000493049621582,0.5450154542922974,0.40422770380973816,-1.0007660388946533,0.5593496561050415,0.4047625660896301,-1.0008461475372314,0.4835495054721832,0.4084596633911133,-1.0058574676513672,0.46812087297439575,0.41200944781303406,-1.0054876804351807,0.45311659574508667,0.4161887466907501,-1.0060174465179443,0.5749029517173767,0.4355791211128235,-0.5970628261566162,0.437879741191864,0.45654550194740295,-0.6087314486503601,0.5419409871101379,0.5222945809364319,-0.9141814112663269,0.4827587604522705,0.5254306197166443,-0.9168909192085266,0.7437629103660583,0.8151964545249939,-0.34100013971328735,0.2989872395992279,0.8220500946044922,-0.4321882128715515,0.8309487104415894,1.1956652402877808,-0.3667808473110199,0.2217119187116623,1.2131156921386719,-0.36673682928085327,0.8309648633003235,1.5332834720611572,-0.8814827799797058,0.22253772616386414,1.5336557626724243,-0.8514145016670227,0.8566853404045105,1.6536386013031006,-1.0315954685211182,0.1939869225025177,1.6454792022705078,-1.0106542110443115,0.8043370246887207,1.6572829484939575,-1.1255542039871216,0.24132156372070312,1.6551870107650757,-1.1188360452651978,0.7863625288009644,1.6062655448913574,-0.9427937269210815,0.2603740096092224,1.6069852113723755,-0.9136942625045776,0.6609979867935181,1.5652039051055908,-0.03274664655327797,0.38587385416030884,1.566744327545166,0.03711145371198654,0.6353967785835266,2.167403221130371,0.05419354885816574,0.3700064420700073,2.165332078933716,0.07077989727258682,0.6353327035903931,2.7155096530914307,0.686538815498352,0.38403910398483276,2.7039878368377686,0.5340741276741028,0.6401690244674683,2.8098268508911133,0.7178552150726318,0.38617026805877686,2.7957444190979004,0.5581569671630859,0.5952882766723633,2.881549835205078,0.15220031142234802,0.42369431257247925,2.861840009689331,-0.045234717428684235,0.4378890622441152,0
2026-09-24T12:30:20.033460,S013,S013_A5_Y_20260924_1229,elevated_20,A5,young,class_0,0.509273886680603,0.45546063780784607,-1.063814401626587,0.5288022756576538,0.404264360666275,-1.0001006126403809,0.545021653175354,0.40422990918159485,-1.0003910064697266,0.559362530708313,0.404781311750412,-1.0004360675811768,0.4834722578525543,0.4084521532058716,-1.0055731534957886,0.46804365515708923,0.4119872450828552,-1.0052576065063477,0.4530632495880127,0.41613051295280457,-1.005835771560669,0.5749474167823792,0.43555310368537903,-0.6007288694381714,0.43795305490493774,0.4563763737678528,-0.6124385595321655,0.5418252944946289,0.5223023891448975,-0.9149182438850403,0.4825708270072937,0.5254104733467102,-0.9180335998535156,0.7438686490058899,0.8158792853355408,-0.3399096429347992,0.2994104325771332,0.8220517039299011,-0.43255415558815,0.8309815526008606,1.1966065168380737,-0.358155220746994,0.22159013152122498,1.2132155895233154,-0.3676465153694153,0.8300929069519043,1.53303861618042,-0.8665801882743835,0.22253744304180145,1.5335731506347656,-0.8518328666687012,0.854659378528595,1.6534661054611206,-1.0172561407089233,0.19480876624584198,1.6454564332962036,-1.0107028484344482,0.8035786747932434,1.6554334163665771,-1.1101576089859009,0.2415556162595749,1.6536544561386108,-1.1176843643188477,0.7854567766189575,1.604805588722229,-0.9279556274414062,0.2604956030845642,1.605505108833313,-0.9137266278266907,0.6607800722122192,1.565250039100647,-0.030641043558716774,0.3856186866760254,1.5666860342025757,0.03493780642747879,0.634187638759613,2.1666154861450195,0.012406176887452602,0.3687436282634735,2.162118673324585,0.008666112087666988,0.6344149708747864,2.715296983718872,0.5742558240890503,0.3830275535583496,2.7012434005737305,0.3982834815979004,0.63932865858078,2.809859275817871,0.5982367992401123,0.3851277232170105,2.7930171489715576,0.4132935106754303,0.5934373736381531,2.8809704780578613,0.03255506232380867,0.4223860204219818,2.858687400817871,-0.17724177241325378,0.4379992023029693,0
2026-09-24T12:30:20.123365,S013,S013_A5_Y_20260924_1229,elevated_20,A5,young,class_0,0.509259819984436,0.45544740557670593,-0.9821990728378296,0.5288981199264526,0.40425071120262146,-0.9203454256057739,0.5451180934906006,0.40422794222831726,-0.9204574823379517,0.5594173669815063,0.404797226190567,-0.9205694198608398,0.4835182726383209,0.4082937240600586,-0.9302919507026672,0.46809321641921997,0.4116800129413605,-0.9298882484436035,0.4530876576900482,0.4156479835510254,-0.9303810000419617,0.5749828219413757,0.43561333417892456,-0.531261682510376,0.4379749894142151,0.45578616857528687,-0.5612070560455322,0.5418217182159424,0.5222889184951782,-0.8362146615982056,0.4825356602668762,0.525206446647644,-0.844467282295227,0.7430687546730042,0.8149567246437073,-0.26240861415863037,0.299696147441864,0.8198038935661316,-0.43019166588783264,0.8281952738761902,1.1959542036056519,-0.25548386573791504,0.22162024676799774,1.2075635194778442,-0.36858612298965454,0.8300489187240601,1.5310206413269043,-0.7054513692855835,0.22270521521568298,1.5248817205429077,-0.8329356908798218,0.8549641370773315,1.65166437625885,-0.8276054263114929,0.1946304738521576,1.6350430250167847,-0.9828231930732727,0.8038099408149719,1.6553765535354614,-0.9190370440483093,0.24207930266857147,1.64870285987854,-1.0748966932296753,0.7856369018554688,1.6046459674835205,-0.7643121480941772,0.260937362909317,1.60068678855896,-0.8874834775924683,0.6604335308074951,1.5635948181152344,-0.023371709510684013,0.38558197021484375,1.5628430843353271,0.027757328003644943,0.633152961730957,2.1661393642425537,0.016101621091365814,0.36840885877609253,2.1606295108795166,0.018039099872112274,0.6317469477653503,2.715141773223877,0.6028691530227661,0.38114577531814575,2.7005631923675537,0.4237317144870758,0.636631965637207,2.809997081756592,0.6298438906669617,0.38237205147743225,2.7924578189849854,0.44139695167541504,0.5895007252693176,2.8803329467773438,0.0582934245467186,0.42040830850601196,2.858813762664795,-0.14961382746696472,0.4382408361993977,0
2026-09-24T12:30:20.176430,S013,S013_A5_Y_20260924_1229,elevated_20,A5,young,class_0,0.5092965364456177,0.45582857728004456,-0.9844068288803101,0.5291911363601685,0.40447282791137695,-0.9226809740066528,0.5454151630401611,0.4045574963092804,-0.922814667224884,0.559611439704895,0.4052896201610565,-0.9229122996330261,0.48365336656570435,0.4083685874938965,-0.9311116337776184,0.4682213366031647,0.41174250841140747,-0.9306877255439758,0.45315688848495483,0.4156917333602905,-0.9311715364456177,0.5752323865890503,0.4363803565502167,-0.5338576436042786,0.438002347946167,0.4557726979255676,-0.5587202906608582,0.5418758988380432,0.5226913094520569,-0.8387702107429504,0.48253703117370605,0.5253187417984009,-0.8454434275627136,0.7426511645317078,0.8149460554122925,-0.27079376578330994,0.29986584186553955,0.8184088468551636,-0.4255440831184387,0.8282626271247864,1.1948044300079346,-0.2722068130970001,0.22030015289783478,1.2033569812774658,-0.3692616820335388,0.830246090888977,1.530203938484192,-0.7324630618095398,0.2225681096315384,1.523667573928833,-0.8281152844429016,0.8556221723556519,1.6506726741790771,-0.8599184155464172,0.19418305158615112,1.63364577293396,-0.9778796434402466,0.8041311502456665,1.6551101207733154,-0.9510794878005981,0.24231365323066711,1.6479674577713013,-1.067326307296753,0.7859043478965759,1.6045565605163574,-0.7913442254066467,0.26119664311408997,1.6002312898635864,-0.8814884424209595,0.6604328155517578,1.5628225803375244,-0.02336856909096241,0.38581281900405884,1.5623080730438232,0.02776779606938362,0.6336828470230103,2.165691375732422,0.007157708052545786,0.3696903884410858,2.16025972366333,0.010392761789262295,0.6324573159217834,2.7150306701660156,0.5588783025741577,0.38205286860466003,2.7003815174102783,0.38032326102256775,0.637710690498352,2.809993267059326,0.5828922986984253,0.3831755518913269,2.7923879623413086,0.39461565017700195,0.5896528959274292,2.8802921772003174,0.026600351557135582,0.42071837186813354,2.8588814735412598,-0.1888628453016281,0.4384782758718233,0
2026-09-24T12:30:20.254995,S013,S013_A5_Y_20260924_1229,elevated_20,A5,young,class_0,0.50928795337677,0.4564351737499237,-0.9261916875839233,0.52923583984375,0.4045659303665161,-0.866121768951416,0.5454539060592651,0.4046955406665802,-0.8661586046218872,0.5596321225166321,0.40549638867378235,-0.8663036227226257,0.4836677014827728,0.40842103958129883,-0.8764737844467163,0.46823540329933167,0.4118035137653351,-0.8760485649108887,0.4531591832637787,0.4157558083534241,-0.8764735460281372,0.5752431154251099,0.4367360770702362,-0.4902683198451996,0.43800288438796997,0.4557587504386902,-0.523079514503479,0.5418536067008972,0.5232667326927185,-0.7848586440086365,0.48241615295410156,0.5257390737533569,-0.793872058391571,0.7417750358581543,0.8150939345359802,-0.23573394119739532,0.299780935049057,0.8182139992713928,-0.4168431758880615,0.8281621932983398,1.1947858333587646,-0.23134569823741913,0.2168327271938324,1.2024956941604614,-0.3633044362068176,0.8303061723709106,1.5300230979919434,-0.6541903614997864,0.2167542278766632,1.5230203866958618,-0.7760227918624878,0.8558391332626343,1.6504576206207275,-0.7698146104812622,0.18459506332874298,1.6324083805084229,-0.9140127301216125,0.8039762377738953,1.655245304107666,-0.8574129939079285,0.23653832077980042,1.647998332977295,-1.0004349946975708,0.7859642505645752,1.6045268774032593,-0.7106232643127441,0.25573939085006714,1.6002544164657593,-0.8268793821334839,0.6602811813354492,1.5635148286819458,-0.014837974682450294,0.3858288824558258,1.562541127204895,0.019390802830457687,0.6336923837661743,2.1677160263061523,-0.0010885420488193631,0.3698400855064392,2.1620936393737793,-0.005987589247524738,0.6327544450759888,2.719545602798462,0.5268079042434692,0.3821010887622833,2.7041738033294678,0.32961025834083557,0.638244092464447,2.816211462020874,0.5501464605331421,0.3832622170448303,2.796590566635132,0.340165913105011,0.5900946855545044,2.883155584335327,0.013381694443523884,0.42104968428611755,2.8644254207611084,-0.23173227906227112,0.4384780457947989,0
2026-09-24T12:30:20.343622,S013,S013_A5_Y_20260924_1229,elevated_20,A5,young,class_0,0.5094032287597656,0.4582904875278473,-0.9113292694091797,0.5294739007949829,0.40550675988197327,-0.8514822721481323,0.5456628799438477,0.4057933986186981,-0.8514983057975769,0.5597495436668396,0.4067445993423462,-0.8516537547111511,0.48380643129348755,0.4092268943786621,-0.8618950843811035,0.46839243173599243,0.412768691778183,-0.8614432215690613,0.4532511234283447,0.41676223278045654,-0.8618303537368774,0.5752747654914856,0.4382842481136322,-0.47917526960372925,0.43801990151405334,0.456447958946228,-0.512172281742096,0.5419241189956665,0.5249120593070984,-0.7716541886329651,0.4824293553829193,0.5271958708763123,-0.7806941270828247,0.7413177490234375,0.8151945471763611,-0.23344233632087708,0.2992697060108185,0.818623960018158,-0.4087204039096832,0.8245540857315063,1.195096731185913,-0.22489146888256073,0.21499089896678925,1.2026188373565674,-0.34920811653137207,0.826898455619812,1.529404878616333,-0.6376609802246094,0.21740226447582245,1.5230718851089478,-0.7457880973815918,0.8532792925834656,1.6492615938186646,-0.7522809505462646,0.1853809356689453,1.6325312852859497,-0.8810750842094421,0.8007952570915222,1.65513277053833,-0.8381161689758301,0.2386350929737091,1.6488021612167358,-0.9648833274841309,0.7834786772727966,1.6043468713760376,-0.6933415532112122,0.2571563124656677,1.6008505821228027,-0.794992983341217,0.6585457921028137,1.5635342597961426,-0.014899739995598793,0.38461974263191223,1.5626013278961182,0.01945086196064949,0.6321269273757935,2.167725086212158,0.003395081963390112,0.3693992793560028,2.1621313095092773,0.0009214369347319007,0.6298845410346985,2.719855785369873,0.5569809675216675,0.3785729706287384,2.7046844959259033,0.3641846179962158,0.6347724795341492,2.816800832748413,0.5826888680458069,0.37877508997917175,2.7974648475646973,0.3785792887210846,0.5875607132911682,2.8834173679351807,0.03125351294875145,0.4168681204319,2.8647706508636475,-0.19863584637641907,0.4382555030004534,0
