timestamp,subject_id,session_id,camera_angle,angle_code,age_bracket,posture_class,x0,y0,z0,x1,y1,z1,x2,y2,z2,x3,y3,z3,x4,y4,z4,x5,y5,z5,x6,y6,z6,x7,y7,z7,x8,y8,z8,x9,y9,z9,x10,y10,z10,x11,y11,z11,x12,y12,z12,x13,y13,z13,x14,y14,z14,x15,y15,z15,x16,y16,z16,x17,y17,z17,x18,y18,z18,x19,y19,z19,x20,y20,z20,x21,y21,z21,x22,y22,z22,x23,y23,z23,x24,y24,z24,x25,y25,z25,x26,y26,z26,x27,y27,z27,x28,y28,z28,x29,y29,z29,x30,y30,z30,x31,y31,z31,x32,y32,z32,frame_quality,label
2026-09-24T12:31:30.796475,S013,S013_A5_Y_20260924_1231,elevated_20,A5,young,class_2,0.5009162425994873,0.5331445932388306,-1.1621153354644775,0.524511456489563,0.4537244439125061,-1.1151793003082275,0.5435055494308472,0.4508810341358185,-1.1153671741485596,0.5608885884284973,0.4490094780921936,-1.1154022216796875,0.470756471157074,0.4627881646156311,-1.1132153272628784,0.4534800946712494,0.4655318558216095,-1.11275053024292,0.44021230936050415,0.4691619873046875,-1.113263487815857,0.5836035013198853,0.47279584407806396,-0.7310408353805542,0.4236372113227844,0.4969375431537628,-0.6974539756774902,0.5425196886062622,0.5962944030761719,-1.006595253944397,0.4740382730960846,0.6053504943847656,-0.9994105100631714,0.767595112323761,0.8442978262901306,-0.41389307379722595,0.28263479471206665,0.8474088311195374,-0.48017701506614685,0.8565973043441772,1.2477023601531982,-0.3669627010822296,0.18446436524391174,1.2792912721633911,-0.3882048428058624,0.8388846516609192,1.5988786220550537,-0.7713935375213623,0.2083047330379486,1.6207407712936401,-0.8297526240348816,0.8610100746154785,1.7198797464370728,-0.8921550512313843,0.18864984810352325,1.7373403310775757,-0.9713115692138672,0.810769259929657,1.7195355892181396,-0.9757803678512573,0.23770758509635925,1.7369641065597534,-1.0622693300247192,0.7925251722335815,1.6684156656265259,-0.8249397277832031,0.25579068064689636,1.6880584955215454,-0.8812214732170105,0.6721826195716858,1.6308823823928833,-0.03509807214140892,0.37559327483177185,1.6329327821731567,0.03970806673169136,0.6444214582443237,2.2669878005981445,-0.05665571242570877,0.36361855268478394,2.2608044147491455,-0.018221963196992874,0.6388742923736572,2.8535072803497314,0.43598824739456177,0.37554365396499634,2.837130069732666,0.3190462589263916,0.6461512446403503,2.9545865058898926,0.44765394926071167,0.3774526119232178,2.9351906776428223,0.32878851890563965,0.5851279497146606,3.0365023612976074,-0.1331469863653183,0.4160366654396057,3.0131258964538574,-0.28254932165145874,0.42568542319195607,2
2026-09-24T12:31:30.908213,S013,S013_A5_Y_20260924_1231,elevated_20,A5,young,class_2,0.5000540614128113,0.5355783104896545,-1.1164110898971558,0.5234531164169312,0.45604580640792847,-1.0669809579849243,0.5423253178596497,0.4532417058944702,-1.0671684741973877,0.5601003170013428,0.45124658942222595,-1.0672476291656494,0.46965494751930237,0.46503207087516785,-1.0691771507263184,0.4524407982826233,0.46777692437171936,-1.0686856508255005,0.439577579498291,0.47115156054496765,-1.0691648721694946,0.583166241645813,0.4749574661254883,-0.6740118861198425,0.42330271005630493,0.49814701080322266,-0.6624740958213806,0.5415685772895813,0.5979968309402466,-0.9605628252029419,0.47308415174484253,0.6080296039581299,-0.9579576253890991,0.7661293745040894,0.8444515466690063,-0.37216421961784363,0.28253495693206787,0.8473643064498901,-0.45954790711402893,0.8458923101425171,1.2472634315490723,-0.33454522490501404,0.18640944361686707,1.2805005311965942,-0.36777248978614807,0.8298230171203613,1.58869469165802,-0.7487630844116211,0.21256215870380402,1.6157313585281372,-0.8066762685775757,0.8524200320243835,1.7065997123718262,-0.8722023963928223,0.19309861958026886,1.7281978130340576,-0.9489868879318237,0.8029636144638062,1.704940915107727,-0.9548709988594055,0.24120473861694336,1.726003646850586,-1.0385067462921143,0.7850467562675476,1.6548831462860107,-0.8035337328910828,0.2592032551765442,1.678016185760498,-0.8587460517883301,0.6695439219474792,1.6272380352020264,-0.03485960140824318,0.3744739592075348,1.6300928592681885,0.039449747651815414,0.6421477198600769,2.2635679244995117,-0.038973741233348846,0.362391859292984,2.2588274478912354,-0.004663318395614624,0.6371221542358398,2.8500845432281494,0.507431149482727,0.3760860860347748,2.8339104652404785,0.36228957772254944,0.644082248210907,2.950207233428955,0.5316802263259888,0.37816929817199707,2.9302585124969482,0.3799118399620056,0.5844483375549316,3.0324888229370117,-0.06194806843996048,0.4165026545524597,3.009997606277466,-0.24895095825195312,0.4252777417885117,2
2026-09-24T12:31:31.079320,S013,S013_A5_Y_20260924_1231,elevated_20,A5,young,class_2,0.49980440735816956,0.5369329452514648,-1.1229515075683594,0.5231704115867615,0.4573691487312317,-1.0725882053375244,0.5420365333557129,0.4545964002609253,-1.0727890729904175,0.5598991513252258,0.45257705450057983,-1.0728203058242798,0.4693116247653961,0.46613532304763794,-1.0739853382110596,0.45202773809432983,0.46883973479270935,-1.0733853578567505,0.4392858147621155,0.4720550775527954,-1.073843002319336,0.5830799341201782,0.4764452278614044,-0.676360011100769,0.4232276380062103,0.4986647665500641,-0.669568657875061,0.5411368012428284,0.5989953875541687,-0.9631954431533813,0.47263574600219727,0.6095970273017883,-0.958886444568634,0.7653514742851257,0.8444439768791199,-0.37259912490844727,0.2826542556285858,0.8472533822059631,-0.46250230073928833,0.8348990678787231,1.2452372312545776,-0.33459892868995667,0.1894410401582718,1.2782819271087646,-0.3683723211288452,0.8185809254646301,1.577736496925354,-0.7634713053703308,0.22055426239967346,1.5973255634307861,-0.8153530955314636,0.841214656829834,1.6938903331756592,-0.8943289518356323,0.20300164818763733,1.7070066928863525,-0.9574891328811646,0.7934190034866333,1.691294550895691,-0.9810937643051147,0.24990645051002502,1.7015869617462158,-1.0485749244689941,0.7755533456802368,1.6416962146759033,-0.8211678266525269,0.26668351888656616,1.6543495655059814,-0.86822909116745,0.6695581674575806,1.618647813796997,-0.035188399255275726,0.37470540404319763,1.622475504875183,0.03978446125984192,0.6424850225448608,2.255608081817627,-0.030291080474853516,0.3627471625804901,2.2521238327026367,-0.004377359990030527,0.6378331184387207,2.84186053276062,0.5483698844909668,0.37673550844192505,2.8252902030944824,0.39037641882896423,0.6446682214736938,2.9412217140197754,0.5745357871055603,0.37858980894088745,2.919448137283325,0.4099422097206116,0.5856141448020935,3.022155284881592,-0.03423573076725006,0.41732436418533325,3.001791477203369,-0.2327278107404709,0.42508341382497083,2
2026-09-24T12:31:31.269837,S013,S013_A5_Y_20260924_1231,elevated_20,A5,young,class_2,0.4998757839202881,0.5379467010498047,-1.10996675491333,0.523181140422821,0.4583967626094818,-1.0566238164901733,0.5420129895210266,0.45551517605781555,-1.056817650794983,0.5598538517951965,0.4533657729625702,-1.0568931102752686,0.46936288475990295,0.46726205945014954,-1.0615061521530151,0.452059805393219,0.47002357244491577,-1.0609714984893799,0.4392862319946289,0.47312620282173157,-1.0614029169082642,0.5829407572746277,0.477142870426178,-0.6472078561782837,0.42324382066726685,0.4998375475406647,-0.652675211429596,0.5410275459289551,0.5996358394622803,-0.9490628242492676,0.47267231345176697,0.6109595894813538,-0.949468731880188,0.7646418809890747,0.8430348634719849,-0.34451374411582947,0.28302711248397827,0.8472297191619873,-0.45003366470336914,0.8331794738769531,1.2422536611557007,-0.30792927742004395,0.19204559922218323,1.2781661748886108,-0.3562503457069397,0.8197638392448425,1.5721575021743774,-0.7499457597732544,0.2197151631116867,1.5969488620758057,-0.8085368275642395,0.8435167074203491,1.6889588832855225,-0.8806241154670715,0.20184119045734406,1.7068769931793213,-0.9540883898735046,0.7949298024177551,1.687598705291748,-0.9681465029716492,0.24960871040821075,1.7041261196136475,-1.0471340417861938,0.7767378687858582,1.637826681137085,-0.8084923028945923,0.26615098118782043,1.6563620567321777,-0.8627219200134277,0.6708751916885376,1.6150692701339722,-0.03516412526369095,0.37651753425598145,1.6203821897506714,0.03976571559906006,0.6455111503601074,2.252187490463257,-0.026614446192979813,0.3664006292819977,2.2512385845184326,0.00927759986370802,0.6428109407424927,2.8383138179779053,0.5649048089981079,0.3823195695877075,2.8240318298339844,0.4032514989376068,0.6505440473556519,2.937838554382324,0.5911605358123779,0.3842141032218933,2.9181246757507324,0.4235149323940277,0.5904685258865356,3.017658233642578,-0.017523102462291718,0.4238336980342865,3.000687599182129,-0.22101835906505585,0.4253852684199625,2
2026-09-24T12:31:31.412438,S013,S013_A5_Y_20260924_1231,elevated_20,A5,young,class_2,0.5002489686012268,0.5378170609474182,-1.0929946899414062,0.5232235789299011,0.4583769142627716,-1.0395734310150146,0.5420308709144592,0.45548975467681885,-1.0397591590881348,0.5598512291908264,0.45336735248565674,-1.0398634672164917,0.4695466458797455,0.46718883514404297,-1.0464484691619873,0.45221561193466187,0.46995118260383606,-1.0459791421890259,0.43934550881385803,0.4730854332447052,-1.0464361906051636,0.5828495025634766,0.4771125614643097,-0.6289181709289551,0.4234895706176758,0.4998493194580078,-0.6433045864105225,0.5411123037338257,0.5997015833854675,-0.9316282272338867,0.4730554223060608,0.6109947562217712,-0.9351704716682434,0.7643910646438599,0.8421269655227661,-0.3184366524219513,0.2830323576927185,0.8474913239479065,-0.44664210081100464,0.8305920362472534,1.2422711849212646,-0.2722683548927307,0.19277730584144592,1.2776095867156982,-0.35779133439064026,0.817349910736084,1.5737628936767578,-0.7122419476509094,0.21909013390541077,1.5964972972869873,-0.8072153925895691,0.8405286073684692,1.6913940906524658,-0.8369114995002747,0.2012633979320526,1.7067055702209473,-0.9528829455375671,0.7921961545944214,1.6906417608261108,-0.9260708093643188,0.2491474151611328,1.7060654163360596,-1.0441951751708984,0.7742033004760742,1.6404800415039062,-0.7706325054168701,0.26599717140197754,1.6578638553619385,-0.8605678677558899,0.6708930730819702,1.6154483556747437,-0.03311709687113762,0.37678587436676025,1.6206762790679932,0.03768392652273178,0.645273745059967,2.251544952392578,-0.0074218204244971275,0.36642271280288696,2.251128673553467,0.01595824770629406,0.6425632238388062,2.8368382453918457,0.572733998298645,0.38228949904441833,2.823943853378296,0.40839725732803345,0.6500495672225952,2.9362947940826416,0.598743200302124,0.38416633009910583,2.9184868335723877,0.42951908707618713,0.5907228589057922,3.0168471336364746,0.008097236044704914,0.4237068295478821,3.0002691745758057,-0.21628670394420624,0.4253330714382173,2
2026-09-24T12:31:31.606271,S013,S013_A5_Y_20260924_1231,elevated_20,A5,young,class_2,0.5009677410125732,0.5378054976463318,-1.085461139678955,0.5235687494277954,0.45838063955307007,-1.0331194400787354,0.5423257946968079,0.4554809629917145,-1.0332424640655518,0.5599337220191956,0.453399121761322,-1.0333069562911987,0.4700370728969574,0.46720558404922485,-1.0400853157043457,0.4525546431541443,0.46999460458755493,-1.0395971536636353,0.4394752085208893,0.47316524386405945,-1.0400416851043701,0.5828608870506287,0.4771564304828644,-0.6292305588722229,0.4236765503883362,0.5000218749046326,-0.6431798338890076,0.541309654712677,0.6000099182128906,-0.9270263910293579,0.4735863208770752,0.6113225817680359,-0.9305651783943176,0.7637814283370972,0.8415237665176392,-0.3185647428035736,0.2830395996570587,0.8474892377853394,-0.45086151361465454,0.8325228691101074,1.241417407989502,-0.2693288326263428,0.19265922904014587,1.2764925956726074,-0.36187177896499634,0.8182933926582336,1.5743480920791626,-0.6978879570960999,0.21764524281024933,1.5974997282028198,-0.8091009855270386,0.8416000604629517,1.6929762363433838,-0.8199672698974609,0.19590649008750916,1.7082651853561401,-0.9544888734817505,0.7917962670326233,1.692770004272461,-0.906406581401825,0.24560031294822693,1.7071386575698853,-1.0447635650634766,0.7738098502159119,1.6421189308166504,-0.7552682757377625,0.26393717527389526,1.6592192649841309,-0.8620883822441101,0.6707867383956909,1.6143505573272705,-0.030524883419275284,0.3765329122543335,1.6184991598129272,0.03519835323095322,0.6430622935295105,2.2491979598999023,-0.005506311543285847,0.3642576336860657,2.2484962940216064,0.012877370230853558,0.6368581056594849,2.834261894226074,0.5769134163856506,0.37462592124938965,2.822129487991333,0.4027876853942871,0.643868625164032,2.934147596359253,0.6026400923728943,0.3755062222480774,2.9178972244262695,0.420398086309433,0.5825014114379883,3.0150179862976074,0.009086275473237038,0.41434913873672485,2.9981281757354736,-0.22257213294506073,0.42558496451756306,2
2026-09-24T12:31:31.784445,S013,S013_A5_Y_20260924_1231,elevated_20,A5,young,class_2,0.5029205083847046,0.5377184748649597,-1.0780699253082275,0.5247477293014526,0.4583429992198944,-1.0221364498138428,0.5433943271636963,0.45544832944869995,-1.022281527519226,0.5603463053703308,0.4534091353416443,-1.0223692655563354,0.4717087745666504,0.46715742349624634,-1.032063603401184,0.4541897773742676,0.46995046734809875,-1.0315204858779907,0.4401842951774597,0.47314244508743286,-1.0319335460662842,0.583001971244812,0.47732532024383545,-0.6025233864784241,0.4241543412208557,0.5001842379570007,-0.6296017169952393,0.5420548319816589,0.6000465154647827,-0.9146208763122559,0.4752421975135803,0.6112492084503174,-0.9216856956481934,0.763704240322113,0.8425782918930054,-0.2927301824092865,0.282998263835907,0.8484330773353577,-0.4497157633304596,0.83174067735672,1.2478563785552979,-0.25105151534080505,0.19286254048347473,1.2761393785476685,-0.36079710721969604,0.8186408281326294,1.5824774503707886,-0.697989821434021,0.21726219356060028,1.597807765007019,-0.8115772008895874,0.8419597744941711,1.7021050453186035,-0.8251144289970398,0.19406691193580627,1.708618402481079,-0.9556018114089966,0.7923481464385986,1.7011244297027588,-0.9117862582206726,0.24447090923786163,1.708572506904602,-1.045174479484558,0.7743909358978271,1.6507792472839355,-0.756512463092804,0.26310068368911743,1.6604422330856323,-0.8646256327629089,0.6708359718322754,1.6190242767333984,-0.030597617849707603,0.3764078915119171,1.622531771659851,0.035282015800476074,0.642989993095398,2.2551772594451904,0.07021068036556244,0.3641119599342346,2.2543907165527344,0.06909473985433578,0.6363508105278015,2.837977647781372,0.7485048770904541,0.37499791383743286,2.824946641921997,0.5665296316146851,0.642703652381897,2.936704397201538,0.7831425666809082,0.37608516216278076,2.9195516109466553,0.596211314201355,0.5832781791687012,3.01979923248291,0.1868170201778412,0.41501283645629883,3.00217866897583,-0.061748385429382324,0.4259256005347142,2
2026-09-24T12:31:31.947262,S013,S013_A5_Y_20260924_1231,elevated_20,A5,young,class_2,0.506022572517395,0.5396695733070374,-1.0816967487335205,0.5278741121292114,0.4593745768070221,-1.0262975692749023,0.5462501049041748,0.45642849802970886,-1.0264934301376343,0.5617117881774902,0.4544737637042999,-1.0266190767288208,0.474636971950531,0.4684371054172516,-1.0371015071868896,0.45710688829421997,0.4713840186595917,-1.0366231203079224,0.4417661130428314,0.47463977336883545,-1.037051796913147,0.5835235714912415,0.4783838987350464,-0.6068159341812134,0.42475104331970215,0.5014063119888306,-0.6366361975669861,0.5434886813163757,0.6025057435035706,-0.9170287251472473,0.4774545729160309,0.6144163012504578,-0.9256517291069031,0.7634282112121582,0.8425623774528503,-0.29474306106567383,0.2837768793106079,0.8498501181602478,-0.45155924558639526,0.8316993713378906,1.2485944032669067,-0.2538251280784607,0.19467207789421082,1.2774040699005127,-0.3621394634246826,0.8179790377616882,1.5877598524093628,-0.6979132294654846,0.21512505412101746,1.6026777029037476,-0.813029408454895,0.840955913066864,1.709532618522644,-0.8230211138725281,0.1892315298318863,1.7137391567230225,-0.9569856524467468,0.7917145490646362,1.7102304697036743,-0.9117473363876343,0.23870941996574402,1.717533826828003,-1.0471822023391724,0.7738397121429443,1.6591534614562988,-0.7565804719924927,0.2585931718349457,1.6687854528427124,-0.866230845451355,0.672012984752655,1.6210137605667114,-0.02892288938164711,0.3778819441795349,1.62587571144104,0.0335225947201252,0.6450890898704529,2.2566475868225098,0.07402737438678741,0.36683133244514465,2.256575584411621,0.06479503959417343,0.6423999667167664,2.8385980129241943,0.7211676836013794,0.3833800256252289,2.825557231903076,0.5324225425720215,0.6486366391181946,2.937237501144409,0.7533825635910034,0.3853815197944641,2.9198617935180664,0.5575944185256958,0.5930331945419312,3.0208611488342285,0.16429001092910767,0.4258071780204773,3.0031702518463135,-0.0874260738492012,0.42567572856183467,2
2026-09-24T12:31:32.109764,S013,S013_A5_Y_20260924_1231,elevated_20,A5,young,class_2,0.5099302530288696,0.545210599899292,-1.2075178623199463,0.5322189331054688,0.4614913761615753,-1.15041184425354,0.5504981279373169,0.4582417905330658,-1.1507221460342407,0.5645310878753662,0.45616182684898376,-1.1508378982543945,0.4768644869327545,0.47119849920272827,-1.1616003513336182,0.45885857939720154,0.47430509328842163,-1.161268711090088,0.44276484847068787,0.47752097249031067,-1.1617603302001953,0.586794376373291,0.4804786741733551,-0.7103233337402344,0.4252471327781677,0.5031847953796387,-0.7451013326644897,0.5472109317779541,0.6086141467094421,-1.0328724384307861,0.480718195438385,0.621921956539154,-1.0430824756622314,0.7636929154396057,0.8426793217658997,-0.3850966691970825,0.2838311791419983,0.8510667085647583,-0.49635034799575806,0.8359643220901489,1.2485312223434448,-0.34805652499198914,0.19714565575122833,1.2818794250488281,-0.40645575523376465,0.8188387155532837,1.5885199308395386,-0.8093876838684082,0.21937856078147888,1.604862928390503,-0.8761475682258606,0.8414761424064636,1.7116950750350952,-0.946382999420166,0.19814345240592957,1.7170836925506592,-1.0318212509155273,0.791692316532135,1.7114733457565308,-1.037078619003296,0.24444922804832458,1.7181384563446045,-1.1296026706695557,0.7739441394805908,1.659873604774475,-0.8681136965751648,0.2627490162849426,1.668958067893982,-0.9338306188583374,0.6749240159988403,1.6210905313491821,-0.02898748591542244,0.380142480134964,1.6262481212615967,0.03359311446547508,0.6509719491004944,2.2565104961395264,0.034825582057237625,0.374617338180542,2.2546238899230957,-0.029229868203401566,0.6536386609077454,2.838747262954712,0.6511552929878235,0.39527708292007446,2.8254380226135254,0.4050503373146057,0.6597483158111572,2.937424421310425,0.6788649559020996,0.39766019582748413,2.9200968742370605,0.4250729978084564,0.606788694858551,3.021226406097412,0.057800132781267166,0.4382364749908447,3.0026605129241943,-0.24112454056739807,0.42522238743174856,2
2026-09-24T12:31:32.255829,S013,S013_A5_Y_20260924_1231,elevated_20,A5,young,class_2,0.5109779238700867,0.5470122694969177,-1.1883195638656616,0.5342881679534912,0.46196478605270386,-1.1340858936309814,0.5526332855224609,0.4586584270000458,-1.1343148946762085,0.5662527084350586,0.4565969407558441,-1.1344274282455444,0.47764840722084045,0.47192618250846863,-1.1422361135482788,0.45928817987442017,0.4750548005104065,-1.1418216228485107,0.44302478432655334,0.478237509727478,-1.1422843933105469,0.5895853042602539,0.48178941011428833,-0.7138757705688477,0.4254473149776459,0.5037786364555359,-0.732210099697113,0.5484139919281006,0.611370325088501,-1.0210214853286743,0.48115116357803345,0.6247279047966003,-1.0268852710723877,0.76414954662323,0.8428261280059814,-0.4104742109775543,0.2841354012489319,0.8508427739143372,-0.4940209984779358,0.8350836634635925,1.2494094371795654,-0.3773331046104431,0.20277516543865204,1.2824434041976929,-0.4068889021873474,0.8095335960388184,1.5888992547988892,-0.7946724891662598,0.22343091666698456,1.6028622388839722,-0.8703690767288208,0.8305095434188843,1.712110996246338,-0.926202654838562,0.20208700001239777,1.7143298387527466,-1.022431492805481,0.77943354845047,1.7116128206253052,-1.0133130550384521,0.24638903141021729,1.7140318155288696,-1.1175156831741333,0.7626134753227234,1.6599246263504028,-0.8511701822280884,0.2648477852344513,1.6646226644515991,-0.9269564747810364,0.67465740442276,1.6154876947402954,-0.029531851410865784,0.379209041595459,1.6185803413391113,0.034159813076257706,0.6501163244247437,2.2507829666137695,0.033085621893405914,0.37346023321151733,2.245224952697754,-0.02849416807293892,0.651678204536438,2.8341591358184814,0.6436794400215149,0.3913973271846771,2.8212876319885254,0.400778591632843,0.6580408811569214,2.932997703552246,0.6707541346549988,0.39353057742118835,2.917635440826416,0.4206852912902832,0.6022748947143555,3.019761562347412,0.04988576099276543,0.43295592069625854,2.999117136001587,-0.24290743470191956,0.4240531328808477,2
2026-09-24T12:31:32.415385,S013,S013_A5_Y_20260924_1231,elevated_20,A5,young,class_2,0.5111146569252014,0.5511003732681274,-1.178358793258667,0.5354048609733582,0.46415144205093384,-1.1259981393814087,0.5540600419044495,0.4605247676372528,-1.1261894702911377,0.5676194429397583,0.45837634801864624,-1.1263090372085571,0.4777882993221283,0.4743445813655853,-1.134257435798645,0.4593186378479004,0.4772096872329712,-1.1338322162628174,0.4430418014526367,0.47997695207595825,-1.1342999935150146,0.5918595194816589,0.48336970806121826,-0.7068153619766235,0.42547279596328735,0.5042747259140015,-0.7274881601333618,0.5486670732498169,0.6160553097724915,-1.0114600658416748,0.48114848136901855,0.628648042678833,-1.0172008275985718,0.7644809484481812,0.8449512124061584,-0.39988991618156433,0.2826089859008789,0.8508082628250122,-0.5009437799453735,0.8315778970718384,1.2611030340194702,-0.353107750415802,0.1846330165863037,1.2783335447311401,-0.40592145919799805,0.7997720837593079,1.606433391571045,-0.7517554759979248,0.2060442715883255,1.6053651571273804,-0.8464527130126953,0.8177297711372375,1.7310055494308472,-0.8720089197158813,0.18618914484977722,1.7208620309829712,-0.9860028028488159,0.7678865790367126,1.7282159328460693,-0.9536067843437195,0.23278944194316864,1.7213534116744995,-1.071173906326294,0.752242386341095,1.674065351486206,-0.8055784106254578,0.25066420435905457,1.6708308458328247,-0.8968243598937988,0.6717386245727539,1.6226578950881958,-0.02953161671757698,0.37367579340934753,1.621553897857666,0.03415773808956146,0.6353382468223572,2.2584943771362305,0.03863396495580673,0.35153400897979736,2.251006841659546,0.006259491201490164,0.6245086789131165,2.839890956878662,0.6744869947433472,0.3614439368247986,2.8263118267059326,0.46567362546920776,0.6291908025741577,2.938060760498047,0.7063911557197571,0.3633064925670624,2.9218344688415527,0.49036136269569397,0.5725632905960083,3.029143810272217,0.10691334307193756,0.40144091844558716,3.008336067199707,-0.1654341071844101,0.4239086326648028,2
2026-09-24T12:31:32.792002,S013,S013_A5_Y_20260924_1231,elevated_20,A5,young,class_2,0.5085121989250183,0.550945520401001,-1.232959508895874,0.5343273282051086,0.4642900228500366,-1.1840816736221313,0.5535563826560974,0.46066221594810486,-1.1843090057373047,0.5674735903739929,0.45849403738975525,-1.1844160556793213,0.4748573899269104,0.4746362268924713,-1.1881844997406006,0.45590439438819885,0.4774458110332489,-1.1876834630966187,0.44104838371276855,0.4801689684391022,-1.1881519556045532,0.5917605757713318,0.48355400562286377,-0.7641135454177856,0.4235912263393402,0.5044984221458435,-0.7641423940658569,0.5476780533790588,0.6158030033111572,-1.064642310142517,0.47672080993652344,0.6284623742103577,-1.0646615028381348,0.7650550603866577,0.8457207083702087,-0.44243496656417847,0.2772060036659241,0.8521681427955627,-0.5231298208236694,0.8313913345336914,1.2644466161727905,-0.40358537435531616,0.18513867259025574,1.283042311668396,-0.4117209017276764,0.7979918122291565,1.6122398376464844,-0.8211904764175415,0.20622554421424866,1.6201478242874146,-0.8518906831741333,0.8153756260871887,1.7380017042160034,-0.9525594711303711,0.1861514300107956,1.7387162446975708,-0.994977593421936,0.7651474475860596,1.734677791595459,-1.0296489000320435,0.2327433079481125,1.7381244897842407,-1.086406946182251,0.7495981454849243,1.6797471046447754,-0.8748264312744141,0.2508525252342224,1.6866228580474854,-0.9052766561508179,0.6718559861183167,1.6230828762054443,-0.03763372451066971,0.3729153573513031,1.6223887205123901,0.04231065884232521,0.6365827322006226,2.260258913040161,0.02311118319630623,0.35221239924430847,2.253401517868042,0.02315819263458252,0.6255748271942139,2.8417608737945557,0.6694036722183228,0.36171743273735046,2.828202486038208,0.4988715648651123,0.6308818459510803,2.940061092376709,0.7005997896194458,0.36472809314727783,2.9235875606536865,0.5252019762992859,0.5732810497283936,3.032262086868286,0.09844429045915604,0.40215355157852173,3.0116803646087646,-0.14545659720897675,0.42347441522680596,2
2026-09-24T12:31:32.989220,S013,S013_A5_Y_20260924_1231,elevated_20,A5,young,class_2,0.5050563812255859,0.5402581095695496,-1.3777004480361938,0.5318275690078735,0.45691537857055664,-1.3224782943725586,0.551907479763031,0.45437106490135193,-1.3227473497390747,0.5668379664421082,0.45338407158851624,-1.3228497505187988,0.4705200791358948,0.46457338333129883,-1.328800916671753,0.4514602720737457,0.46752867102622986,-1.3285733461380005,0.43688660860061646,0.4705623686313629,-1.329153060913086,0.5913621187210083,0.4790666401386261,-0.8862138986587524,0.4190146028995514,0.4982946813106537,-0.8969523310661316,0.5468509793281555,0.6092748641967773,-1.2040568590164185,0.4722312390804291,0.6182957887649536,-1.207399845123291,0.76575767993927,0.8441616892814636,-0.5379775166511536,0.2733895778656006,0.8521667122840881,-0.6143959760665894,0.8350337743759155,1.2639442682266235,-0.49190959334373474,0.1855144202709198,1.3073480129241943,-0.4977433681488037,0.7997690439224243,1.6120877265930176,-0.9551518559455872,0.23081466555595398,1.627115249633789,-0.9547761678695679,0.8180567026138306,1.7372912168502808,-1.0980302095413208,0.22523042559623718,1.7466723918914795,-1.1072388887405396,0.7677048444747925,1.732980489730835,-1.1788811683654785,0.26804056763648987,1.7381659746170044,-1.1922228336334229,0.7517774105072021,1.6768561601638794,-1.0101226568222046,0.28099507093429565,1.6864618062973022,-1.0049288272857666,0.6761882305145264,1.622167944908142,-0.03767898678779602,0.3731125593185425,1.622413992881775,0.04235076159238815,0.6445977091789246,2.2602574825286865,0.004424657206982374,0.3570334315299988,2.2520225048065186,-0.02433176152408123,0.6389018893241882,2.8417673110961914,0.6690173745155334,0.3708832263946533,2.8269143104553223,0.4855037331581116,0.6443148851394653,2.9402647018432617,0.7008543014526367,0.3735768496990204,2.9232194423675537,0.5167139768600464,0.5907922983169556,3.0325546264648438,0.08728626370429993,0.41696739196777344,3.0115580558776855,-0.18306441605091095,0.4231200401887746,2
2026-09-24T12:31:33.188157,S013,S013_A5_Y_20260924_1231,elevated_20,A5,young,class_2,0.5029548406600952,0.537732720375061,-1.3132954835891724,0.5297160744667053,0.45465725660324097,-1.2580517530441284,0.5504480600357056,0.45214977860450745,-1.2582746744155884,0.5660862922668457,0.4513142704963684,-1.2584075927734375,0.46760302782058716,0.4620567858219147,-1.264265537261963,0.4485090672969818,0.4651510417461395,-1.2639334201812744,0.4341791272163391,0.4685700833797455,-1.2644469738006592,0.5907337665557861,0.4765905737876892,-0.8275612592697144,0.4159321188926697,0.49750515818595886,-0.8372090458869934,0.5462641716003418,0.6072551012039185,-1.1433920860290527,0.47036728262901306,0.61666339635849,-1.1459513902664185,0.7657648324966431,0.843637228012085,-0.49451375007629395,0.27339741587638855,0.8521814942359924,-0.5823349356651306,0.8337238430976868,1.2632197141647339,-0.45631590485572815,0.1880609393119812,1.308171033859253,-0.4725895822048187,0.7847369909286499,1.5841675996780396,-0.9131755828857422,0.2339891642332077,1.6257189512252808,-0.9350326657295227,0.7976752519607544,1.7018630504608154,-1.053891897201538,0.22468996047973633,1.7423754930496216,-1.0875917673110962,0.7474245429039001,1.6865127086639404,-1.1321160793304443,0.267444908618927,1.728771686553955,-1.174626111984253,0.7345056533813477,1.6329319477081299,-0.9678543210029602,0.28170788288116455,1.6773014068603516,-0.9873160123825073,0.6759465932846069,1.6138336658477783,-0.03894374519586563,0.3722439110279083,1.616666316986084,0.04364774376153946,0.6447412967681885,2.2588043212890625,0.005018367897719145,0.35771530866622925,2.2519402503967285,0.021161625161767006,0.6403282880783081,2.8412411212921143,0.6704355478286743,0.37490805983543396,2.826777219772339,0.5139609575271606,0.6466432809829712,2.939755916595459,0.7019132375717163,0.3781892657279968,2.922273874282837,0.5406720638275146,0.5923517942428589,3.0309691429138184,0.08329222351312637,0.4228900372982025,3.011681318283081,-0.15396583080291748,0.4221679789564708,2
2026-09-24T12:31:33.456957,S013,S013_A5_Y_20260924_1231,elevated_20,A5,young,class_2,0.5019679069519043,0.5382838845252991,-1.5347464084625244,0.5287662744522095,0.4546876549720764,-1.477152705192566,0.5498015284538269,0.45218002796173096,-1.4774389266967773,0.5656477212905884,0.45133835077285767,-1.4775259494781494,0.4658297598361969,0.46218612790107727,-1.4798532724380493,0.446575403213501,0.4652896523475647,-1.4796411991119385,0.4323437809944153,0.468702107667923,-1.480171799659729,0.5900115966796875,0.4766180217266083,-1.0086129903793335,0.41332417726516724,0.49780842661857605,-1.0015180110931396,0.5459620952606201,0.6079801917076111,-1.3482170104980469,0.46919575333595276,0.6175576448440552,-1.346398949623108,0.7665772438049316,0.8433389067649841,-0.6306794881820679,0.2727123498916626,0.854645311832428,-0.6591660976409912,0.8411421775817871,1.2526593208312988,-0.6460580825805664,0.18814603984355927,1.3111897706985474,-0.5070985555648804,0.7720558047294617,1.5182819366455078,-1.186720609664917,0.23507356643676758,1.6331993341445923,-0.9868013262748718,0.7727903127670288,1.6213209629058838,-1.3499128818511963,0.22698131203651428,1.751603603363037,-1.1478230953216553,0.727054238319397,1.590536117553711,-1.4162064790725708,0.2682569622993469,1.7311062812805176,-1.2414896488189697,0.7173894047737122,1.5460093021392822,-1.237908124923706,0.28246018290519714,1.6792385578155518,-1.0428975820541382,0.6787894368171692,1.6133726835250854,-0.049222491681575775,0.3725654184818268,1.6165292263031006,0.05406995862722397,0.6501917839050293,2.260462999343872,-0.028384599834680557,0.3695208430290222,2.25178599357605,-0.05248108506202698,0.6461288928985596,2.8435070514678955,0.6554084420204163,0.38452669978141785,2.82796573638916,0.4611853063106537,0.6521692872047424,2.9416282176971436,0.6845129728317261,0.3869870603084564,2.9238078594207764,0.4893789291381836,0.598531186580658,3.0331308841705322,-0.0009894230170175433,0.42997828125953674,3.013692617416382,-0.2550010681152344,0.4214346369996995,2
2026-09-24T12:31:33.664754,S013,S013_A5_Y_20260924_1231,elevated_20,A5,young,class_2,0.49393653869628906,0.5428180694580078,-1.5908573865890503,0.5206810235977173,0.4573425054550171,-1.5361332893371582,0.5423141121864319,0.45421648025512695,-1.5363383293151855,0.5606263279914856,0.4524651765823364,-1.536367654800415,0.45640888810157776,0.4656982123851776,-1.5328344106674194,0.437722772359848,0.46833276748657227,-1.5327105522155762,0.4224573075771332,0.47185954451560974,-1.5332040786743164,0.5857551693916321,0.47659674286842346,-1.0568925142288208,0.4051559865474701,0.4992702305316925,-1.026777982711792,0.5411861538887024,0.6118704676628113,-1.3975861072540283,0.46177878975868225,0.6229553818702698,-1.3898615837097168,0.7684246301651001,0.8433367013931274,-0.6627858877182007,0.2710222601890564,0.8546308279037476,-0.6506736874580383,0.8547977209091187,1.2531864643096924,-0.7281335592269897,0.18941181898117065,1.301787257194519,-0.6181052923202515,0.7684759497642517,1.4587759971618652,-1.2467859983444214,0.2631760835647583,1.535875916481018,-1.2578098773956299,0.7595056295394897,1.541195273399353,-1.3928297758102417,0.2726669907569885,1.6363636255264282,-1.429445505142212,0.7215095162391663,1.4982078075408936,-1.4351155757904053,0.3045960068702698,1.5893237590789795,-1.4824248552322388,0.7148873805999756,1.4611704349517822,-1.2845728397369385,0.3104073405265808,1.5463452339172363,-1.3017010688781738,0.681564450263977,1.613232970237732,-0.06284371018409729,0.3736419379711151,1.6150761842727661,0.06765996664762497,0.6533151865005493,2.2604968547821045,-0.05904511362314224,0.37384000420570374,2.245344877243042,-0.0964479148387909,0.6461719274520874,2.843486785888672,0.6058321595191956,0.385019987821579,2.8261568546295166,0.3878112733364105,0.6521831154823303,2.9414563179016113,0.6319010257720947,0.38756418228149414,2.922470808029175,0.41221898794174194,0.5980066657066345,3.0336225032806396,-0.07049943506717682,0.4298616945743561,3.0133423805236816,-0.33366483449935913,0.4206023587471326,2
2026-09-24T12:31:33.902799,S013,S013_A5_Y_20260924_1231,elevated_20,A5,young,class_2,0.4862349033355713,0.5486525297164917,-1.4707810878753662,0.5148780941963196,0.4624829888343811,-1.4239948987960815,0.5369373559951782,0.45888110995292664,-1.4241676330566406,0.5566104650497437,0.45634785294532776,-1.4242520332336426,0.4501260817050934,0.47041863203048706,-1.418623447418213,0.4312763810157776,0.4723213016986847,-1.4182779788970947,0.41532549262046814,0.475373238325119,-1.4187673330307007,0.5838522911071777,0.47799649834632874,-0.9889073371887207,0.4002994894981384,0.5008271336555481,-0.9446238279342651,0.5347582697868347,0.6191606521606445,-1.2934905290603638,0.4545973837375641,0.6306442618370056,-1.2821141481399536,0.7679715752601624,0.8430179953575134,-0.6171949505805969,0.26905786991119385,0.8525269627571106,-0.621688723564148,0.8543584942817688,1.253309965133667,-0.5978865027427673,0.19214382767677307,1.3012744188308716,-0.5598191022872925,0.7716483473777771,1.483049988746643,-1.1592530012130737,0.25885337591171265,1.5378817319869995,-1.1568362712860107,0.7702633738517761,1.5776728391647339,-1.2831919193267822,0.2602454423904419,1.6462724208831787,-1.3443081378936768,0.7280668020248413,1.5546525716781616,-1.3344141244888306,0.2969708740711212,1.6060764789581299,-1.387052059173584,0.719098687171936,1.5123560428619385,-1.1918765306472778,0.30677658319473267,1.5641504526138306,-1.2058091163635254,0.6813788414001465,1.6127312183380127,-0.0661148950457573,0.3724971413612366,1.6121357679367065,0.07119786739349365,0.6511975526809692,2.260932445526123,-0.07081218808889389,0.3681407570838928,2.2449874877929688,-0.07350170612335205,0.638843834400177,2.8440825939178467,0.5815501809120178,0.3727615773677826,2.826977014541626,0.3899402320384979,0.6456829309463501,2.9415624141693115,0.6076189279556274,0.3753591775894165,2.923264980316162,0.412998765707016,0.5818769931793213,3.0371482372283936,-0.0814848244190216,0.411005437374115,3.017848014831543,-0.31760120391845703,0.4196096960725051,2
2026-09-24T12:31:34.116656,S013,S013_A5_Y_20260924_1231,elevated_20,A5,young,class_2,0.4859530031681061,0.5518699288368225,-1.5254685878753662,0.5145629644393921,0.4656015634536743,-1.4819146394729614,0.536754846572876,0.46192485094070435,-1.4821573495864868,0.5564078092575073,0.45891162753105164,-1.4822649955749512,0.4497292935848236,0.4738065302371979,-1.4757485389709473,0.4310574531555176,0.4751797616481781,-1.4754655361175537,0.41522184014320374,0.477948933839798,-1.4759870767593384,0.5838037133216858,0.4793737232685089,-1.0430952310562134,0.40024852752685547,0.5017244815826416,-0.9947713017463684,0.5340875387191772,0.6211401224136353,-1.3452750444412231,0.4541458487510681,0.6333239078521729,-1.3320868015289307,0.7681335210800171,0.8429278135299683,-0.6571904420852661,0.2691056728363037,0.8523066639900208,-0.6397933959960938,0.8511600494384766,1.2524100542068481,-0.6035413146018982,0.19236865639686584,1.3004783391952515,-0.5552411079406738,0.7706924080848694,1.500525712966919,-1.0582826137542725,0.25473976135253906,1.5492432117462158,-1.0629664659500122,0.7726411819458008,1.602185606956482,-1.1935436725616455,0.25529029965400696,1.664762020111084,-1.2310799360275269,0.7289652228355408,1.583783507347107,-1.2617100477218628,0.28886619210243225,1.619629979133606,-1.3146921396255493,0.7187852263450623,1.5385302305221558,-1.104886531829834,0.30089694261550903,1.5716614723205566,-1.1231204271316528,0.6816819310188293,1.6094475984573364,-0.06875201314687729,0.37261244654655457,1.6075975894927979,0.0738229751586914,0.6518088579177856,2.2596888542175293,-0.09811519086360931,0.369692862033844,2.2398478984832764,-0.10137264430522919,0.6393259167671204,2.8433408737182617,0.5481613874435425,0.37447643280029297,2.8259825706481934,0.3520604074001312,0.646233320236206,2.9408743381500244,0.5733941793441772,0.37720683217048645,2.922811985015869,0.3743212819099426,0.5821295976638794,3.0371034145355225,-0.11660401523113251,0.4115932583808899,3.017781972885132,-0.36248788237571716,0.41893390227899846,2
2026-09-24T12:31:34.305986,S013,S013_A5_Y_20260924_1231,elevated_20,A5,young,class_2,0.4857615530490875,0.5521981120109558,-1.4888149499893188,0.5140194892883301,0.46592745184898376,-1.4462473392486572,0.5362929701805115,0.4622296094894409,-1.4464675188064575,0.5560950636863708,0.4591297209262848,-1.4465689659118652,0.44926342368125916,0.47441864013671875,-1.4409759044647217,0.4308091700077057,0.4757620692253113,-1.4406222105026245,0.415081262588501,0.4785911440849304,-1.441110610961914,0.5837703943252563,0.4794875383377075,-1.0149505138397217,0.40024489164352417,0.5019758343696594,-0.9696329832077026,0.5337494611740112,0.6209887862205505,-1.3126347064971924,0.4539221227169037,0.6335839629173279,-1.3001707792282104,0.7680344581604004,0.8427573442459106,-0.6380850076675415,0.2697799801826477,0.8495585322380066,-0.6344813108444214,0.8508142232894897,1.252376914024353,-0.5750809907913208,0.1925743967294693,1.290551781654358,-0.5259696841239929,0.7711837887763977,1.5135438442230225,-1.0256894826889038,0.24764657020568848,1.561450719833374,-1.0218114852905273,0.7756739854812622,1.62152099609375,-1.1415557861328125,0.24332280457019806,1.6765457391738892,-1.1851089000701904,0.7315365076065063,1.6007031202316284,-1.212618350982666,0.2757827341556549,1.644222378730774,-1.2686668634414673,0.7204026579856873,1.550632119178772,-1.0702431201934814,0.2903728783130646,1.5952250957489014,-1.0778599977493286,0.6817784309387207,1.6036559343338013,-0.0716012716293335,0.3726086914539337,1.6003423929214478,0.07650379836559296,0.6517168879508972,2.257768392562866,-0.07966442406177521,0.36737507581710815,2.2394087314605713,0.019722040742635727,0.6370354294776917,2.8417909145355225,0.5910708904266357,0.3714294731616974,2.8250668048858643,0.5099931955337524,0.644044041633606,2.938532829284668,0.621406614780426,0.3742780089378357,2.9205567836761475,0.5378096699714661,0.5784467458724976,3.036813974380493,-0.10671424865722656,0.408497154712677,3.017815589904785,-0.1921968311071396,0.4182889708085206,2
2026-09-24T12:31:34.531578,S013,S013_A5_Y_20260924_1231,elevated_20,A5,young,class_2,0.4861793518066406,0.5514703392982483,-1.2121623754501343,0.5141326189041138,0.46506035327911377,-1.1687424182891846,0.5365153551101685,0.4612506031990051,-1.1688001155853271,0.5562673807144165,0.4581996202468872,-1.168832778930664,0.4497525095939636,0.4739314019680023,-1.1666724681854248,0.43167680501937866,0.4752400815486908,-1.1660096645355225,0.4169096052646637,0.4779355227947235,-1.1664284467697144,0.5840633511543274,0.47915008664131165,-0.7781533598899841,0.40333786606788635,0.5010942220687866,-0.7460282444953918,0.5338683128356934,0.618948757648468,-1.0556069612503052,0.454292356967926,0.6320674419403076,-1.0465141534805298,0.7683457732200623,0.843392550945282,-0.46993058919906616,0.26985964179039,0.8481517434120178,-0.5328139066696167,0.8492671251296997,1.2629170417785645,-0.4146967828273773,0.18664106726646423,1.2892937660217285,-0.41154569387435913,0.7751779556274414,1.5813251733779907,-0.7783583998680115,0.2301671802997589,1.5901026725769043,-0.8251043558120728,0.7869609594345093,1.7040735483169556,-0.8985835909843445,0.21484529972076416,1.7121949195861816,-0.9620261192321777,0.7356383800506592,1.6959198713302612,-0.9608262181282043,0.2606442868709564,1.6991121768951416,-1.045263648033142,0.7226698398590088,1.6411590576171875,-0.8252354860305786,0.278340220451355,1.6489251852035522,-0.8753587007522583,0.6792598366737366,1.6080727577209473,-0.07124388217926025,0.3686603605747223,1.603835940361023,0.07604634016752243,0.6480193138122559,2.260319948196411,-0.002981716999784112,0.35982784628868103,2.2482998371124268,0.10466025769710541,0.6319748163223267,2.8427810668945312,0.7036020755767822,0.367290198802948,2.826446056365967,0.6169251799583435,0.63917076587677,2.9394919872283936,0.7397481799125671,0.36963921785354614,2.92118501663208,0.6493122577667236,0.5729300379753113,3.0382049083709717,0.1084701269865036,0.4060201048851013,3.0195577144622803,-0.028135284781455994,0.4183654100132558,2
2026-09-24T12:31:34.741188,S013,S013_A5_Y_20260924_1231,elevated_20,A5,young,class_2,0.48651260137557983,0.5512838363647461,-1.2938272953033447,0.5148793458938599,0.46471935510635376,-1.2597026824951172,0.5373448133468628,0.4610709547996521,-1.2598974704742432,0.5568028688430786,0.45815497636795044,-1.2598633766174316,0.4511568546295166,0.47305649518966675,-1.2501863241195679,0.4331966042518616,0.4739963710308075,-1.2497819662094116,0.4192466735839844,0.47606605291366577,-1.250610113143921,0.5853636264801025,0.4791652262210846,-0.8565823435783386,0.4068944454193115,0.49747970700263977,-0.8043793439865112,0.5337727069854736,0.6177902221679688,-1.1273645162582397,0.45469290018081665,0.6300075650215149,-1.1112239360809326,0.7680176496505737,0.8434222340583801,-0.48948973417282104,0.27036431431770325,0.8416661024093628,-0.5439181923866272,0.8439384698867798,1.2696133852005005,-0.4420129656791687,0.1867159754037857,1.2751258611679077,-0.42004355788230896,0.7764483690261841,1.6093299388885498,-0.8377512693405151,0.21743559837341309,1.5913106203079224,-0.8648059964179993,0.787876307964325,1.7363948822021484,-0.9652913212776184,0.20050159096717834,1.713372826576233,-1.007434368133545,0.737227201461792,1.7278276681900024,-1.0375616550445557,0.24511368572711945,1.702526330947876,-1.081506609916687,0.7243255376815796,1.6695916652679443,-0.8884326219558716,0.26360785961151123,1.6516311168670654,-0.9139211773872375,0.6738258004188538,1.6082032918930054,-0.06288182735443115,0.3655833899974823,1.6022515296936035,0.06774643808603287,0.6368817090988159,2.2548744678497314,-0.041065655648708344,0.3506275415420532,2.23115611076355,-0.07185028493404388,0.6213127970695496,2.835530996322632,0.5717664957046509,0.3553049862384796,2.812161445617676,0.35815125703811646,0.6272813081741333,2.9335856437683105,0.596718430519104,0.35730379819869995,2.9105894565582275,0.3778573274612427,0.5630194544792175,3.030256986618042,-0.05257292464375496,0.39284849166870117,2.9981658458709717,-0.3189242482185364,0.41851088028874295,2
2026-09-24T12:31:34.950335,S013,S013_A5_Y_20260924_1231,elevated_20,A5,young,class_2,0.48609885573387146,0.5489615201950073,-1.2740342617034912,0.5147679448127747,0.4633079767227173,-1.2339861392974854,0.5368906259536743,0.4599648416042328,-1.234119176864624,0.5563374757766724,0.4573224186897278,-1.2341053485870361,0.45138636231422424,0.47124114632606506,-1.2280449867248535,0.4335821270942688,0.47201359272003174,-1.2275478839874268,0.42030590772628784,0.4737187325954437,-1.2281479835510254,0.5849606394767761,0.47903087735176086,-0.8358410596847534,0.4088793396949768,0.4961608946323395,-0.7919734716415405,0.5317816734313965,0.6144471764564514,-1.1122246980667114,0.45469802618026733,0.6249086856842041,-1.0996837615966797,0.7670968770980835,0.8447805643081665,-0.4833604693412781,0.26985564827919006,0.8401272892951965,-0.5438920855522156,0.8412762880325317,1.2695881128311157,-0.41903218626976013,0.1827738881111145,1.2666535377502441,-0.4094584584236145,0.7824881672859192,1.6076380014419556,-0.8099409341812134,0.2103058397769928,1.591784119606018,-0.8362503051757812,0.7989915609359741,1.7321144342422485,-0.9319902658462524,0.19137045741081238,1.7147223949432373,-0.9748541116714478,0.7465014457702637,1.7247530221939087,-1.0056664943695068,0.23975567519664764,1.708818793296814,-1.058603048324585,0.7317177057266235,1.667610764503479,-0.8605768084526062,0.25837844610214233,1.657258152961731,-0.886058509349823,0.6687214970588684,1.609186053276062,-0.05989997461438179,0.36161449551582336,1.6026103496551514,0.06461717188358307,0.6294031143188477,2.2544639110565186,-0.0024378809612244368,0.3428475260734558,2.2318806648254395,0.000818858272396028,0.6149439811706543,2.833773374557495,0.6495198011398315,0.35052117705345154,2.810905933380127,0.48395437002182007,0.620987594127655,2.9322736263275146,0.6804333329200745,0.35342612862586975,2.908459424972534,0.5114961266517639,0.5571054816246033,3.027559995651245,0.056861866265535355,0.38884979486465454,2.996318817138672,-0.15857365727424622,0.419183264214415,2
2026-09-24T12:31:35.064407,S013,S013_A5_Y_20260924_1231,elevated_20,A5,young,class_2,0.48621314764022827,0.545747697353363,-1.2848180532455444,0.5149282217025757,0.46068593859672546,-1.241922378540039,0.536965012550354,0.4575541615486145,-1.2420780658721924,0.556323766708374,0.45528408885002136,-1.2420837879180908,0.45177483558654785,0.4682493209838867,-1.238283634185791,0.4341731071472168,0.46920257806777954,-1.237801432609558,0.4213598370552063,0.4708907902240753,-1.2383586168289185,0.5846601724624634,0.4781385660171509,-0.8400673866271973,0.4103122353553772,0.4951459765434265,-0.803851306438446,0.531113862991333,0.6104499697685242,-1.1225837469100952,0.4549049735069275,0.6208356022834778,-1.112568736076355,0.7670415639877319,0.8451579809188843,-0.49380630254745483,0.2697320878505707,0.840174674987793,-0.5490282773971558,0.8404542207717896,1.2693328857421875,-0.4334873557090759,0.18283288180828094,1.2674025297164917,-0.4138588011264801,0.7854300737380981,1.6060529947280884,-0.818806529045105,0.20974302291870117,1.6004283428192139,-0.8386987447738647,0.8029273748397827,1.7295607328414917,-0.9399949908256531,0.1909755915403366,1.7239458560943604,-0.9760063290596008,0.7504206895828247,1.7225171327590942,-1.012131929397583,0.23899617791175842,1.7201741933822632,-1.0625264644622803,0.7351304292678833,1.6661516427993774,-0.8686197996139526,0.2576272189617157,1.6682223081588745,-0.8893944025039673,0.6677780151367188,1.6094402074813843,-0.05973799154162407,0.36088496446609497,1.6029083728790283,0.06449729949235916,0.6300193071365356,2.2543070316314697,-0.00549311563372612,0.3437475562095642,2.232111930847168,0.021698638796806335,0.6164393424987793,2.8333730697631836,0.648184061050415,0.35256463289260864,2.8113248348236084,0.5004804134368896,0.6226384043693542,2.931809902191162,0.6789276599884033,0.35541412234306335,2.908580780029297,0.5277169346809387,0.5590921640396118,3.027306079864502,0.050575900822877884,0.39117828011512756,2.996997117996216,-0.14305798709392548,0.4192875286241884,2
2026-09-24T12:31:35.287706,S013,S013_A5_Y_20260924_1231,elevated_20,A5,young,class_2,0.486250638961792,0.5435766577720642,-1.1897461414337158,0.5149791836738586,0.4588652551174164,-1.1463589668273926,0.5368601083755493,0.45582830905914307,-1.1465575695037842,0.5561378598213196,0.45369142293930054,-1.1465519666671753,0.4519433379173279,0.466399610042572,-1.1424133777618408,0.43465596437454224,0.4675242602825165,-1.1418875455856323,0.422233909368515,0.46926596760749817,-1.1424899101257324,0.5841516852378845,0.4770059585571289,-0.7578935623168945,0.411156564950943,0.4944572448730469,-0.7201442718505859,0.530622124671936,0.6082020401954651,-1.0343350172042847,0.45503491163253784,0.6182041764259338,-1.0236494541168213,0.7665373682975769,0.8455356955528259,-0.4304865300655365,0.27062422037124634,0.8396027088165283,-0.5005723237991333,0.8339039087295532,1.2696647644042969,-0.3657469153404236,0.18076534569263458,1.2672418355941772,-0.3839399814605713,0.7855167388916016,1.6054749488830566,-0.7460255026817322,0.20806226134300232,1.6013399362564087,-0.8042517900466919,0.8042238354682922,1.728682041168213,-0.862756609916687,0.18895485997200012,1.7259043455123901,-0.9379948377609253,0.7518235445022583,1.7221522331237793,-0.9331440925598145,0.2384377270936966,1.722391963005066,-1.0200097560882568,0.7359277009963989,1.6661068201065063,-0.7951406240463257,0.25705385208129883,1.67043936252594,-0.8522419929504395,0.6667597889900208,1.6137988567352295,-0.05708037689328194,0.3600061535835266,1.6052111387252808,0.06174392253160477,0.6276609301567078,2.255425214767456,0.0047702481970191,0.33935123682022095,2.235511064529419,0.0669652596116066,0.6131859421730042,2.833458662033081,0.6577586531639099,0.3479912281036377,2.8116841316223145,0.5462446212768555,0.6195185780525208,2.931884288787842,0.6890136003494263,0.35060158371925354,2.9086947441101074,0.5742992758750916,0.554768443107605,3.0271830558776855,0.07291322201490402,0.38778024911880493,2.9975128173828125,-0.07884152233600616,0.42016067766830517,2
2026-09-24T12:31:35.485636,S013,S013_A5_Y_20260924_1231,elevated_20,A5,young,class_2,0.486436665058136,0.5354254841804504,-1.1969225406646729,0.5152215361595154,0.4534553587436676,-1.1494574546813965,0.5370362401008606,0.45083922147750854,-1.149651288986206,0.556209921836853,0.44961410760879517,-1.1496341228485107,0.45278024673461914,0.4603208601474762,-1.1477309465408325,0.435585081577301,0.4619545340538025,-1.147234320640564,0.423269122838974,0.46405476331710815,-1.1478312015533447,0.5841699242591858,0.4753251373767853,-0.7499533295631409,0.41205891966819763,0.4915336072444916,-0.7231667041778564,0.5308459997177124,0.6018457412719727,-1.037959098815918,0.45535117387771606,0.6096072793006897,-1.0304162502288818,0.7665160894393921,0.8464871048927307,-0.4209250509738922,0.27111881971359253,0.8406956791877747,-0.5047053098678589,0.8338136672973633,1.2712171077728271,-0.3671150803565979,0.18022266030311584,1.2673557996749878,-0.3880222737789154,0.7875440716743469,1.6111657619476318,-0.7760845422744751,0.20730367302894592,1.6040596961975098,-0.817524790763855,0.8064733743667603,1.7362180948257446,-0.8986689448356628,0.18828663229942322,1.7296864986419678,-0.9558309316635132,0.753967821598053,1.7297680377960205,-0.9695399403572083,0.23805785179138184,1.72704017162323,-1.039968729019165,0.7379444241523743,1.6727968454360962,-0.8261001706123352,0.2565480172634125,1.6746127605438232,-0.8670086860656738,0.6668794751167297,1.6217272281646729,-0.052805930376052856,0.3601357042789459,1.6125919818878174,0.0573948435485363,0.6275826692581177,2.2604615688323975,0.023124711588025093,0.3389703929424286,2.2440991401672363,0.060398709028959274,0.6139627695083618,2.8371851444244385,0.6905602216720581,0.3482428193092346,2.8169655799865723,0.5524266958236694,0.6202849745750427,2.937103033065796,0.7232685685157776,0.3509534001350403,2.914095401763916,0.5815876722335815,0.5561618804931641,3.0295157432556152,0.10708923637866974,0.38874033093452454,3.00213885307312,-0.07702606916427612,0.4210437456768528,2
2026-09-24T12:31:35.651046,S013,S013_A5_Y_20260924_1231,elevated_20,A5,young,class_2,0.4951353669166565,0.5246399641036987,-1.1417053937911987,0.5227216482162476,0.44722020626068115,-1.0831382274627686,0.542404294013977,0.44582879543304443,-1.0834150314331055,0.5594912767410278,0.44559425115585327,-1.0834773778915405,0.46203985810279846,0.4539189636707306,-1.092413306236267,0.4431452751159668,0.4555881917476654,-1.0918914079666138,0.42857566475868225,0.4585932791233063,-1.0923864841461182,0.5864244699478149,0.4736500382423401,-0.6582393646240234,0.41455310583114624,0.4887164235115051,-0.6805018782615662,0.5365546941757202,0.5928615927696228,-0.9767866134643555,0.46442437171936035,0.5977709293365479,-0.9829800724983215,0.7651259899139404,0.844895601272583,-0.35558056831359863,0.27188795804977417,0.8427771329879761,-0.4809647500514984,0.8338546752929688,1.2594964504241943,-0.33673661947250366,0.18551005423069,1.2678921222686768,-0.3824280798435211,0.7957789301872253,1.6100313663482666,-0.7952426075935364,0.20732131600379944,1.6060154438018799,-0.8323632478713989,0.8158805966377258,1.7335635423660278,-0.9215227961540222,0.18551227450370789,1.7302725315093994,-0.9696606397628784,0.7633891105651855,1.7256661653518677,-0.9914149045944214,0.23549500107765198,1.7287496328353882,-1.0416548252105713,0.74649578332901,1.6693763732910156,-0.8469363451004028,0.25504979491233826,1.6765192747116089,-0.8820000886917114,0.6712510585784912,1.6216453313827515,-0.05100647732615471,0.3675125241279602,1.615099549293518,0.05555754899978638,0.6354435086250305,2.2597012519836426,0.05650129169225693,0.3485187888145447,2.246094226837158,0.10866725444793701,0.6281648874282837,2.8350415229797363,0.7484155297279358,0.3648720383644104,2.8158013820648193,0.6290518045425415,0.6346451044082642,2.934980630874634,0.7833083868026733,0.3673870861530304,2.9114272594451904,0.6610382199287415,0.5764866471290588,3.023346424102783,0.1732058823108673,0.4112062454223633,3.00042462348938,0.007585997227579355,0.4219550297244551,2
2026-09-24T12:31:35.826201,S013,S013_A5_Y_20260924_1231,elevated_20,A5,young,class_2,0.5037717223167419,0.5201908349990845,-1.1898534297943115,0.5289140939712524,0.4434906840324402,-1.1384711265563965,0.5468166470527649,0.44276490807533264,-1.1387134790420532,0.5621482133865356,0.4429643750190735,-1.138766884803772,0.47009187936782837,0.4506184458732605,-1.1414936780929565,0.4497953951358795,0.452754944562912,-1.141007423400879,0.43313702940940857,0.4564001262187958,-1.1415305137634277,0.5876661539077759,0.47267940640449524,-0.7068873643875122,0.41568809747695923,0.4883071482181549,-0.716101348400116,0.5422016382217407,0.5897921323776245,-1.0260417461395264,0.47324761748313904,0.5940225720405579,-1.02145254611969,0.7637210488319397,0.8427706360816956,-0.39091482758522034,0.2724790871143341,0.843811571598053,-0.4866757392883301,0.8337847590446472,1.2513021230697632,-0.3594236969947815,0.19000807404518127,1.2702922821044922,-0.3883688747882843,0.7972117066383362,1.6077226400375366,-0.823455810546875,0.20878776907920837,1.6058576107025146,-0.858471691608429,0.817570686340332,1.732932209968567,-0.9696606397628784,0.18592382967472076,1.727836012840271,-1.010155439376831,0.7649837732315063,1.7234257459640503,-1.0468859672546387,0.23582394421100616,1.7248951196670532,-1.1086833477020264,0.7477238774299622,1.6673028469085693,-0.880610466003418,0.2551714777946472,1.673520803451538,-0.9158231616020203,0.6769063472747803,1.6177737712860107,-0.05104833096265793,0.3728868365287781,1.6150505542755127,0.05557860806584358,0.6445574760437012,2.2581324577331543,0.08127085864543915,0.35835984349250793,2.2473344802856445,0.13401883840560913,0.6390488743782043,2.833449363708496,0.8143898248672485,0.37859171628952026,2.815262794494629,0.7033698558807373,0.6454166769981384,2.93324875831604,0.8509052991867065,0.3820424973964691,2.9091103076934814,0.7400478720664978,0.5900034308433533,3.019094944000244,0.2148161381483078,0.4269229769706726,3.0002026557922363,0.05763071030378342,0.42287815702796006,2
2026-09-24T12:31:35.901736,S013,S013_A5_Y_20260924_1231,elevated_20,A5,young,class_2,0.5112232565879822,0.5176710486412048,-1.1757439374923706,0.5355178117752075,0.4402465224266052,-1.1155461072921753,0.5520731210708618,0.43985715508461,-1.1158004999160767,0.5659647583961487,0.44024306535720825,-1.1158857345581055,0.4767977297306061,0.44792690873146057,-1.12726891040802,0.45533376932144165,0.45050048828125,-1.1266995668411255,0.43679046630859375,0.45441409945487976,-1.1271568536758423,0.5901198983192444,0.47165948152542114,-0.6745691895484924,0.41703104972839355,0.48783785104751587,-0.7105600237846375,0.5475921034812927,0.588523268699646,-1.005901575088501,0.47950559854507446,0.5922664403915405,-1.0144100189208984,0.7632728815078735,0.8420242667198181,-0.37419819831848145,0.27249792218208313,0.8443668484687805,-0.49372291564941406,0.8326051831245422,1.2513705492019653,-0.35175055265426636,0.1889343559741974,1.2678282260894775,-0.3898692727088928,0.7962539196014404,1.606160044670105,-0.8204018473625183,0.2069879025220871,1.6019634008407593,-0.8565783500671387,0.816759467124939,1.7316648960113525,-0.9658465385437012,0.1837761253118515,1.7226836681365967,-1.007850170135498,0.763147234916687,1.7237788438796997,-1.040862798690796,0.23363785445690155,1.7206051349639893,-1.105230450630188,0.7461655139923096,1.6677368879318237,-0.8762167692184448,0.2525412440299988,1.6692745685577393,-0.913057804107666,0.6770207285881042,1.6176517009735107,-0.05104546993970871,0.3727375268936157,1.615085244178772,0.055580783635377884,0.6444977521896362,2.258131980895996,0.10164302587509155,0.3577525019645691,2.2494451999664307,0.15809699892997742,0.6382191181182861,2.833320379257202,0.8571404218673706,0.3778204619884491,2.815309762954712,0.7446517944335938,0.6441943645477295,2.9329497814178467,0.8975378274917603,0.38105863332748413,2.908968448638916,0.7840238809585571,0.5892695188522339,3.0191962718963623,0.27374085783958435,0.42573872208595276,3.000397205352783,0.10521676391363144,0.4231023499967044,2
2026-09-24T12:31:35.981144,S013,S013_A5_Y_20260924_1231,elevated_20,A5,young,class_2,0.5158873200416565,0.5140078067779541,-1.1964290142059326,0.5392163395881653,0.43720054626464844,-1.1228289604187012,0.5552563667297363,0.43690046668052673,-1.122833013534546,0.5685393214225769,0.43732163310050964,-1.122969388961792,0.480762779712677,0.4445990025997162,-1.1456830501556396,0.45902761816978455,0.44740030169487,-1.1452350616455078,0.43983298540115356,0.4509791135787964,-1.1457488536834717,0.5918498039245605,0.4699036180973053,-0.7074943780899048,0.4187396466732025,0.4857088029384613,-0.7489370703697205,0.55157870054245,0.5865892767906189,-1.017352819442749,0.48388785123825073,0.5895415544509888,-1.0481035709381104,0.7631731629371643,0.8415213227272034,-0.3912082314491272,0.2732202410697937,0.8464447259902954,-0.5330106019973755,0.831814169883728,1.2506183385849,-0.37000125646591187,0.19036899507045746,1.271116852760315,-0.4293902516365051,0.7962305545806885,1.6050288677215576,-0.8866866827011108,0.21313956379890442,1.604987382888794,-0.8929802179336548,0.8164569735527039,1.7305852174758911,-1.035393238067627,0.19256877899169922,1.7257028818130493,-1.0464873313903809,0.7630486488342285,1.723375678062439,-1.1118906736373901,0.24050839245319366,1.7223128080368042,-1.1416622400283813,0.7461257576942444,1.6674551963806152,-0.9434930086135864,0.258472740650177,1.6705864667892456,-0.9483005404472351,0.6795144081115723,1.6169027090072632,-0.04863641783595085,0.3741995692253113,1.6152430772781372,0.05309714749455452,0.6471518278121948,2.25811767578125,0.10023264586925507,0.36108675599098206,2.2505815029144287,0.1296212375164032,0.641148030757904,2.8333137035369873,0.845604419708252,0.38046795129776,2.815481424331665,0.6956068873405457,0.6467355489730835,2.9329302310943604,0.8839669227600098,0.38366615772247314,2.9090001583099365,0.7321330308914185,0.593245804309845,3.0193445682525635,0.25381243228912354,0.428121954202652,3.0005691051483154,0.05178958177566528,0.423271674323394,2
2026-09-24T12:31:36.056401,S013,S013_A5_Y_20260924_1231,elevated_20,A5,young,class_2,0.5174646973609924,0.5118630528450012,-1.22209632396698,0.5405184626579285,0.43525680899620056,-1.1435717344284058,0.5565415024757385,0.43496814370155334,-1.1437649726867676,0.5695900917053223,0.43538445234298706,-1.1438987255096436,0.48207393288612366,0.442533403635025,-1.1715173721313477,0.46037063002586365,0.4454563856124878,-1.1710526943206787,0.44107866287231445,0.44894152879714966,-1.1715705394744873,0.5928258299827576,0.4684973657131195,-0.7136103510856628,0.4198886752128601,0.4842824935913086,-0.7739906311035156,0.5533183813095093,0.5854055881500244,-1.0442711114883423,0.4857378602027893,0.5879417657852173,-1.0740410089492798,0.7630658149719238,0.8410265445709229,-0.41217154264450073,0.27396640181541443,0.8472779393196106,-0.5518456697463989,0.832116961479187,1.2508107423782349,-0.40090757608413696,0.19033077359199524,1.272983431816101,-0.4397803246974945,0.7965108156204224,1.604919195175171,-0.8986867666244507,0.21507318317890167,1.610152006149292,-0.8944503664970398,0.816444993019104,1.731136679649353,-1.0447428226470947,0.1962226778268814,1.7320982217788696,-1.0449941158294678,0.7631596922874451,1.7245181798934937,-1.1178696155548096,0.24385614693164825,1.7274423837661743,-1.139575719833374,0.7463082075119019,1.6686772108078003,-0.9533780813217163,0.26111117005348206,1.6751933097839355,-0.9493691325187683,0.6811484098434448,1.6163356304168701,-0.04857359081506729,0.37458106875419617,1.615360975265503,0.05302773788571358,0.6503006219863892,2.25826096534729,0.10917913913726807,0.362394243478775,2.2528882026672363,0.1462850570678711,0.6442478895187378,2.833397388458252,0.8750804662704468,0.3811463713645935,2.816423177719116,0.74278724193573,0.6499972343444824,2.932973623275757,0.9156484603881836,0.38424035906791687,2.9096922874450684,0.7828466892242432,0.5959917306900024,3.0200276374816895,0.28624552488327026,0.42850226163864136,3.002229928970337,0.1023227721452713,0.4230192826865029,2
2026-09-24T12:31:36.125433,S013,S013_A5_Y_20260924_1231,elevated_20,A5,young,class_2,0.518401563167572,0.5109506249427795,-1.2216466665267944,0.5413879156112671,0.43420347571372986,-1.1525036096572876,0.5573861598968506,0.43388473987579346,-1.1527307033538818,0.5703694820404053,0.4342575669288635,-1.1528126001358032,0.4829537272453308,0.4414938688278198,-1.1716810464859009,0.46131977438926697,0.4444412589073181,-1.1712380647659302,0.4419529438018799,0.4478815793991089,-1.1717449426651,0.5937095880508423,0.4675457775592804,-0.7206942439079285,0.4205518662929535,0.4834336042404175,-0.7699885368347168,0.554354727268219,0.5846784114837646,-1.0488414764404297,0.486542284488678,0.5872822999954224,-1.069591760635376,0.7630394101142883,0.8388160467147827,-0.4163638949394226,0.2743608355522156,0.8473069071769714,-0.5508211851119995,0.8325920104980469,1.2501952648162842,-0.4035722613334656,0.1903325766324997,1.2755593061447144,-0.4434685707092285,0.7967432737350464,1.60440194606781,-0.8976012468338013,0.2151750773191452,1.611270546913147,-0.9015059471130371,0.8164076805114746,1.7305721044540405,-1.0421555042266846,0.19624191522598267,1.7324492931365967,-1.053184151649475,0.7630992531776428,1.7237950563430786,-1.1158387660980225,0.24392735958099365,1.728512167930603,-1.1460877656936646,0.7463322877883911,1.6680145263671875,-0.9522304534912109,0.26117759943008423,1.676160216331482,-0.9556946754455566,0.6812565326690674,1.6148769855499268,-0.04697772115468979,0.37487947940826416,1.6152026653289795,0.051431067287921906,0.6502994298934937,2.257117986679077,0.11530343443155289,0.3630387485027313,2.2528202533721924,0.1314111351966858,0.6441127061843872,2.8323309421539307,0.8623502850532532,0.38121360540390015,2.816378593444824,0.7027061581611633,0.6499068737030029,2.9320120811462402,0.9017683267593384,0.38411790132522583,2.90973162651062,0.739547073841095,0.5952789783477783,3.0197322368621826,0.28131502866744995,0.4283839762210846,3.0022237300872803,0.06298373639583588,0.4228753192460731,2
2026-09-24T12:31:36.195555,S013,S013_A5_Y_20260924_1231,elevated_20,A5,young,class_2,0.5183635950088501,0.5112716555595398,-1.3583853244781494,0.5417153239250183,0.4342823028564453,-1.2920600175857544,0.5578123331069946,0.4339672923088074,-1.2923583984375,0.5709160566329956,0.43430954217910767,-1.292341947555542,0.48334088921546936,0.4416232705116272,-1.3047316074371338,0.46184855699539185,0.4445103406906128,-1.304460048675537,0.4425521492958069,0.44793352484703064,-1.305055022239685,0.5945857167243958,0.46752500534057617,-0.8319648504257202,0.42127299308776855,0.48337823152542114,-0.8708826303482056,0.5546767711639404,0.5847581624984741,-1.179972529411316,0.4866001009941101,0.5875539779663086,-1.1919888257980347,0.763127863407135,0.8388672471046448,-0.505233108997345,0.27501508593559265,0.8478049635887146,-0.6023173928260803,0.832962691783905,1.2499682903289795,-0.503170907497406,0.19031348824501038,1.2864176034927368,-0.49090656638145447,0.7955812215805054,1.5997166633605957,-1.0363428592681885,0.21553878486156464,1.6203287839889526,-0.9807940721511841,0.813470721244812,1.7250570058822632,-1.1946651935577393,0.19778943061828613,1.7410776615142822,-1.1406006813049316,0.7601640224456787,1.7161799669265747,-1.2721540927886963,0.24457180500030518,1.7325714826583862,-1.239091396331787,0.744033932685852,1.661131739616394,-1.0933809280395508,0.2615987956523895,1.680080533027649,-1.0378021001815796,0.6819659471511841,1.614518404006958,-0.0472649522125721,0.37565934658050537,1.6151434183120728,0.05173273757100105,0.6501147747039795,2.256819486618042,0.08227390795946121,0.36312028765678406,2.250422954559326,0.06996916979551315,0.6437456011772156,2.8322057723999023,0.8133398294448853,0.38085511326789856,2.8140945434570312,0.6308459043502808,0.6497135758399963,2.9318978786468506,0.8473461270332336,0.38387352228164673,2.9074928760528564,0.6643185615539551,0.5945185422897339,3.0192153453826904,0.18562254309654236,0.42783650755882263,2.9987990856170654,-0.03927558660507202,0.42296275084200635,2
2026-09-24T12:31:36.267454,S013,S013_A5_Y_20260924_1231,elevated_20,A5,young,class_2,0.5181910991668701,0.5116210579872131,-1.3790839910507202,0.5420668125152588,0.43443912267684937,-1.3149316310882568,0.5582510828971863,0.4340924024581909,-1.3152656555175781,0.5714324712753296,0.43439993262290955,-1.3152152299880981,0.48338937759399414,0.44180017709732056,-1.3243486881256104,0.4618716835975647,0.4446306526660919,-1.3241469860076904,0.4426185190677643,0.448038786649704,-1.3247653245925903,0.5952029824256897,0.4675266146659851,-0.8566109538078308,0.4213496744632721,0.4833509624004364,-0.8849949836730957,0.5546382069587708,0.5849025249481201,-1.2009074687957764,0.48623743653297424,0.5878673791885376,-1.209349513053894,0.763105034828186,0.8388621211051941,-0.5258379578590393,0.2756026089191437,0.8478469848632812,-0.59834223985672,0.8333829045295715,1.2491931915283203,-0.5195960998535156,0.1935787796974182,1.2876763343811035,-0.4907172620296478,0.7957091927528381,1.5969876050949097,-1.0440603494644165,0.21804341673851013,1.6195462942123413,-0.9914109110832214,0.8134361505508423,1.7220757007598877,-1.201270580291748,0.20195798575878143,1.739770770072937,-1.1561431884765625,0.7603477835655212,1.712785243988037,-1.2836260795593262,0.2460896074771881,1.7276045083999634,-1.2562649250030518,0.7440998554229736,1.6577948331832886,-1.1024091243743896,0.26284652948379517,1.6753607988357544,-1.0503723621368408,0.6824880838394165,1.612604022026062,-0.04690920189023018,0.37702006101608276,1.6126195192337036,0.051421452313661575,0.6501172184944153,2.2523913383483887,0.009084523655474186,0.3661302924156189,2.2372629642486572,-0.05817399546504021,0.6444944143295288,2.82962965965271,0.6637293100357056,0.3823869526386261,2.8065409660339355,0.4305930733680725,0.650062620639801,2.930232524871826,0.6903961300849915,0.38470879197120667,2.9023871421813965,0.4548989236354828,0.5967241525650024,3.014848470687866,0.023330330848693848,0.4288208484649658,2.987499952316284,-0.25348231196403503,0.42315876537560887,2
2026-09-24T12:31:36.345967,S013,S013_A5_Y_20260924_1231,elevated_20,A5,young,class_2,0.5181143879890442,0.5122835040092468,-1.356105923652649,0.5419416427612305,0.43451982736587524,-1.3004114627838135,0.5582045316696167,0.4342304468154907,-1.3006361722946167,0.5713992118835449,0.43454596400260925,-1.300429105758667,0.4833003878593445,0.4423227906227112,-1.3054782152175903,0.46188268065452576,0.4453755021095276,-1.3052340745925903,0.44267621636390686,0.4492006301879883,-1.3059688806533813,0.5952267646789551,0.4677330553531647,-0.8336060643196106,0.42142581939697266,0.4847537875175476,-0.8811092376708984,0.5545351505279541,0.5849517583847046,-1.185997486114502,0.486271470785141,0.588670551776886,-1.1896014213562012,0.7628356218338013,0.8385007381439209,-0.5242295265197754,0.27653494477272034,0.8482968807220459,-0.5716354846954346,0.8451163172721863,1.2369400262832642,-0.5158683061599731,0.21386687457561493,1.2905231714248657,-0.4629708230495453,0.8066085577011108,1.5824832916259766,-1.0058176517486572,0.22845232486724854,1.6067641973495483,-0.9705452919006348,0.8232499957084656,1.7075555324554443,-1.1510560512542725,0.21045498549938202,1.717400074005127,-1.1313949823379517,0.768940806388855,1.698569893836975,-1.2258150577545166,0.25032371282577515,1.703397274017334,-1.2337095737457275,0.752811074256897,1.6448004245758057,-1.0601227283477783,0.26803943514823914,1.6540571451187134,-1.029918909072876,0.685190737247467,1.6069716215133667,-0.05012582615017891,0.38407236337661743,1.6111981868743896,0.05459097772836685,0.6589010953903198,2.247711658477783,0.009877672418951988,0.37772876024246216,2.2377469539642334,0.015775984153151512,0.6550648808479309,2.8271090984344482,0.6898971796035767,0.3968100845813751,2.8067948818206787,0.4444059431552887,0.6613903045654297,2.9266855716705322,0.7202943563461304,0.4005603790283203,2.902317523956299,0.47103142738342285,0.6072989106178284,3.012249231338501,0.06445920467376709,0.4391116499900818,2.9881348609924316,-0.1994316577911377,0.4225440491985258,2
2026-09-24T12:31:36.412934,S013,S013_A5_Y_20260924_1231,elevated_20,A5,young,class_2,0.5180948376655579,0.5127111077308655,-1.1777939796447754,0.5418893694877625,0.4346173405647278,-1.1191712617874146,0.5581907629966736,0.43427854776382446,-1.1194136142730713,0.5713809728622437,0.43457886576652527,-1.1195636987686157,0.4832691550254822,0.44249916076660156,-1.128034234046936,0.4619079530239105,0.445656418800354,-1.127545714378357,0.4427107274532318,0.44968870282173157,-1.1279845237731934,0.5953233242034912,0.4677811563014984,-0.695128321647644,0.42149338126182556,0.4854143559932709,-0.7215150594711304,0.5544478893280029,0.5850671529769897,-1.0156276226043701,0.48611903190612793,0.5889251232147217,-1.0214626789093018,0.7629421949386597,0.8382372260093689,-0.4171442985534668,0.2776842713356018,0.8483191132545471,-0.49598097801208496,0.8504864573478699,1.2330119609832764,-0.4008661210536957,0.21718621253967285,1.2901655435562134,-0.39539700746536255,0.8131418228149414,1.5797817707061768,-0.825922966003418,0.2282438725233078,1.6045341491699219,-0.8752679824829102,0.830751895904541,1.705344796180725,-0.9586454629898071,0.2070460021495819,1.714431643486023,-1.0234863758087158,0.7747196555137634,1.6984045505523682,-1.0289545059204102,0.2473297417163849,1.704413652420044,-1.1245628595352173,0.7588765025138855,1.6444544792175293,-0.8765865564346313,0.2663647532463074,1.6548311710357666,-0.9343676567077637,0.6867907047271729,1.6043339967727661,-0.05024166777729988,0.3869238495826721,1.6096528768539429,0.05469062924385071,0.6611118912696838,2.2437477111816406,0.029693106189370155,0.379310667514801,2.237724542617798,0.09314137697219849,0.6582154035568237,2.822664737701416,0.7051905393600464,0.3990446627140045,2.805525779724121,0.5672986507415771,0.6652275323867798,2.921923875808716,0.7390214204788208,0.40269869565963745,2.9003193378448486,0.5954362750053406,0.6095126271247864,3.008230686187744,0.12968386709690094,0.4423443377017975,2.987713098526001,-0.045384421944618225,0.42183586150062957,2
2026-09-24T12:31:36.477123,S013,S013_A5_Y_20260924_1231,elevated_20,A5,young,class_2,0.5179406404495239,0.5129574537277222,-1.1349741220474243,0.5418321490287781,0.4346241354942322,-1.0742850303649902,0.5582722425460815,0.43424469232559204,-1.0745257139205933,0.5716401934623718,0.4344991445541382,-1.0745748281478882,0.48322755098342896,0.4426158666610718,-1.0840833187103271,0.46174758672714233,0.44574880599975586,-1.0834410190582275,0.4425760805606842,0.44978243112564087,-1.0838623046875,0.5959545969963074,0.4675796329975128,-0.6528545022010803,0.421373188495636,0.4854426383972168,-0.6756935119628906,0.5546764731407166,0.5850529074668884,-0.9726317524909973,0.4859541356563568,0.5891436338424683,-0.9790488481521606,0.7666622400283813,0.8387728333473206,-0.3725581765174866,0.2777218520641327,0.8483582735061646,-0.4846259653568268,0.8467302322387695,1.2437554597854614,-0.3620137870311737,0.215471550822258,1.2912123203277588,-0.37630027532577515,0.810535728931427,1.585259199142456,-0.8050317764282227,0.23476707935333252,1.6063941717147827,-0.8274034261703491,0.8303239941596985,1.7098222970962524,-0.9433908462524414,0.214098259806633,1.7177226543426514,-0.9756191372871399,0.7736834287643433,1.7046024799346924,-1.0114374160766602,0.25855952501296997,1.7093219757080078,-1.0680787563323975,0.7575086355209351,1.6500935554504395,-0.8576011657714844,0.27639538049697876,1.6587460041046143,-0.8827601671218872,0.6867202520370483,1.605263113975525,-0.049332164227962494,0.38463354110717773,1.6103622913360596,0.05398591607809067,0.6605615019798279,2.2460134029388428,0.07468468695878983,0.3787340521812439,2.242136240005493,0.11803732812404633,0.6572155356407166,2.8229050636291504,0.8007512092590332,0.39823952317237854,2.8071725368499756,0.6575828790664673,0.664007842540741,2.922128915786743,0.8393775224685669,0.4021601676940918,2.9019172191619873,0.6927825212478638,0.6089208722114563,3.009442090988159,0.22640910744667053,0.44114333391189575,2.9910781383514404,0.030179250985383987,0.4212388171730378,2
2026-09-24T12:31:36.551804,S013,S013_A5_Y_20260924_1231,elevated_20,A5,young,class_2,0.5179596543312073,0.5130916833877563,-1.2363412380218506,0.5417612195014954,0.4345782399177551,-1.172576665878296,0.5582746267318726,0.43414783477783203,-1.1727125644683838,0.571752667427063,0.4343626797199249,-1.1725860834121704,0.48311108350753784,0.4426578879356384,-1.1843277215957642,0.46167635917663574,0.44578689336776733,-1.1838243007659912,0.4425472319126129,0.4498538076877594,-1.1842700242996216,0.5960326790809631,0.4673372805118561,-0.7440751791000366,0.42136064171791077,0.4855469763278961,-0.7754119634628296,0.5550118684768677,0.5850769877433777,-1.071739912033081,0.4860641062259674,0.5892903208732605,-1.0806957483291626,0.7695911526679993,0.8391217589378357,-0.44347548484802246,0.2773827016353607,0.848870038986206,-0.5630547404289246,0.8464112281799316,1.2479883432388306,-0.4277438521385193,0.21421346068382263,1.3120739459991455,-0.4510810375213623,0.8099132776260376,1.587581753730774,-0.8865111470222473,0.24054083228111267,1.6256757974624634,-0.8977378010749817,0.8295895457267761,1.7118760347366333,-1.0298926830291748,0.22353895008563995,1.7398464679718018,-1.0497441291809082,0.773518979549408,1.7075444459915161,-1.0985082387924194,0.2677907645702362,1.7286992073059082,-1.1423383951187134,0.7571837902069092,1.6528756618499756,-0.940104603767395,0.28442737460136414,1.676623821258545,-0.9525172114372253,0.6866768002510071,1.606916069984436,-0.046797752380371094,0.3824671506881714,1.61404287815094,0.05162309482693672,0.6601320505142212,2.2490601539611816,0.07184407860040665,0.37804433703422546,2.245561361312866,0.028736159205436707,0.6564452052116394,2.826810598373413,0.7941910028457642,0.39729657769203186,2.815119743347168,0.563988983631134,0.6632071137428284,2.9261159896850586,0.8327803611755371,0.4015372395515442,2.9125754833221436,0.5962958335876465,0.6078509092330933,3.017334461212158,0.22187700867652893,0.440133273601532,2.9992098808288574,-0.09660374373197556,0.4209431353491241,2
2026-09-24T12:31:36.631437,S013,S013_A5_Y_20260924_1231,elevated_20,A5,young,class_2,0.5184918642044067,0.5132347941398621,-1.3174337148666382,0.542046844959259,0.4345051646232605,-1.2555959224700928,0.5586115121841431,0.4340486228466034,-1.255747675895691,0.5722488164901733,0.4342688322067261,-1.2556750774383545,0.4831674098968506,0.44267383217811584,-1.2675600051879883,0.46171489357948303,0.4458310008049011,-1.2671830654144287,0.44259071350097656,0.4499141573905945,-1.2676562070846558,0.5965930819511414,0.4673113524913788,-0.8203424215316772,0.4213557839393616,0.4858291745185852,-0.8537211418151855,0.5556906461715698,0.5851219296455383,-1.1483423709869385,0.4863417148590088,0.5894058346748352,-1.157760500907898,0.7703156471252441,0.8389164209365845,-0.49194973707199097,0.27702370285987854,0.8504210114479065,-0.6114598512649536,0.8463161587715149,1.2437214851379395,-0.4729548394680023,0.21337325870990753,1.3280006647109985,-0.4954100251197815,0.8097037076950073,1.5615589618682861,-0.96051025390625,0.2535330653190613,1.6328479051589966,-0.9340487718582153,0.8289145231246948,1.6788082122802734,-1.1087558269500732,0.2431347817182541,1.7473196983337402,-1.0860146284103394,0.7734425067901611,1.6701303720474243,-1.1795095205307007,0.28526854515075684,1.731232762336731,-1.1741633415222168,0.7569646239280701,1.619134545326233,-1.0146883726119995,0.2995719909667969,1.679016351699829,-0.9857993125915527,0.6877546310424805,1.6069756746292114,-0.04363971948623657,0.3824008107185364,1.6157432794570923,0.04855111613869667,0.6624341607093811,2.2502119541168213,0.07660406827926636,0.3796241879463196,2.2473700046539307,0.013839860446751118,0.6612274050712585,2.8279950618743896,0.7960732579231262,0.3995616137981415,2.817683696746826,0.560724675655365,0.667698860168457,2.9274792671203613,0.8319289088249207,0.4025501608848572,2.9152183532714844,0.5934461355209351,0.6146166920661926,3.0188212394714355,0.20475046336650848,0.44776302576065063,3.002002000808716,-0.10651131719350815,0.42110440119590337,2
2026-09-24T12:31:36.704915,S013,S013_A5_Y_20260924_1231,elevated_20,A5,young,class_2,0.5186711549758911,0.5134923458099365,-1.2839486598968506,0.5421233177185059,0.43454134464263916,-1.2199828624725342,0.558782160282135,0.4340738356113434,-1.220120906829834,0.5726510286331177,0.4342595636844635,-1.2200720310211182,0.48311272263526917,0.4428272545337677,-1.2252461910247803,0.46166783571243286,0.44600504636764526,-1.2248735427856445,0.4425760805606842,0.4501987397670746,-1.2252843379974365,0.5976141691207886,0.4673103392124176,-0.7778908014297485,0.42129606008529663,0.4860307574272156,-0.7844537496566772,0.5561238527297974,0.5853659510612488,-1.1146414279937744,0.48643359541893005,0.5901485681533813,-1.116437315940857,0.7718521952629089,0.8389545679092407,-0.472104549407959,0.279086172580719,0.8502100706100464,-0.5287944674491882,0.8487321734428406,1.251926302909851,-0.4666719436645508,0.21028244495391846,1.3250515460968018,-0.5399661660194397,0.8147991299629211,1.572601079940796,-0.9498291015625,0.21446320414543152,1.5817034244537354,-1.224581003189087,0.8344787359237671,1.6923009157180786,-1.0850151777267456,0.19526906311511993,1.6800510883331299,-1.397898554801941,0.7794383764266968,1.683281421661377,-1.1591113805770874,0.23192188143730164,1.6556743383407593,-1.4825025796890259,0.7628459334373474,1.6314215660095215,-1.0022226572036743,0.24995140731334686,1.6118907928466797,-1.2836582660675049,0.6892508268356323,1.6101418733596802,-0.04468479007482529,0.38374894857406616,1.6192504167556763,0.04966454952955246,0.6678547859191895,2.253791332244873,-0.019018327817320824,0.38148343563079834,2.2558112144470215,0.0191679447889328,0.6690399646759033,2.8378446102142334,0.6293290853500366,0.402078777551651,2.832378387451172,0.4783704876899719,0.677592933177948,2.9379591941833496,0.6563842296600342,0.40458884835243225,2.93048095703125,0.4996768832206726,0.6187987923622131,3.0286049842834473,0.00037017633439972997,0.44938594102859497,3.0187878608703613,-0.20162157714366913,0.4207781666129559,2
2026-09-24T12:31:36.774219,S013,S013_A5_Y_20260924_1231,elevated_20,A5,young,class_2,0.5191715955734253,0.5139973759651184,-1.280411720275879,0.5436204075813293,0.43466588854789734,-1.217606544494629,0.5606521368026733,0.43412870168685913,-1.2175627946853638,0.5754554271697998,0.4342966377735138,-1.2174054384231567,0.4834561347961426,0.4430152177810669,-1.2235691547393799,0.46176227927207947,0.4460941255092621,-1.2231009006500244,0.4426005780696869,0.45024871826171875,-1.223462462425232,0.6012248396873474,0.46749308705329895,-0.7795372009277344,0.4212936758995056,0.486050009727478,-0.79488205909729,0.5572744607925415,0.5865907073020935,-1.112471580505371,0.4864007532596588,0.5916462540626526,-1.1146634817123413,0.7761098146438599,0.8406358957290649,-0.47740110754966736,0.27593904733657837,0.8518957495689392,-0.5728768110275269,0.8515028953552246,1.269985318183899,-0.46486392617225647,0.1996135413646698,1.3256161212921143,-0.5202276706695557,0.8176218271255493,1.5953389406204224,-0.9275614619255066,0.21593210101127625,1.6363531351089478,-0.975856602191925,0.8391366004943848,1.7136952877044678,-1.0620520114898682,0.1970578283071518,1.752632975578308,-1.1202785968780518,0.7830432653427124,1.705627202987671,-1.127278447151184,0.23322439193725586,1.7379567623138428,-1.204261064529419,0.7657543420791626,1.6541484594345093,-0.9786372184753418,0.25158005952835083,1.6876258850097656,-1.029148817062378,0.68893963098526,1.6206672191619873,-0.039527878165245056,0.3782590627670288,1.6279183626174927,0.04499334096908569,0.6650663614273071,2.272355318069458,0.0028768698684871197,0.3783996105194092,2.2692222595214844,-0.04446323961019516,0.6632772088050842,2.8577277660369873,0.6752530336380005,0.39398497343063354,2.851029872894287,0.46134433150291443,0.6709365844726562,2.958271026611328,0.7068709135055542,0.395486444234848,2.9514384269714355,0.4896627962589264,0.6111841797828674,3.0547935962677,0.09156398475170135,0.4395352303981781,3.038926124572754,-0.209868386387825,0.42052964458277775,2
2026-09-24T12:31:36.842148,S013,S013_A5_Y_20260924_1231,elevated_20,A5,young,class_2,0.5194920301437378,0.514850914478302,-1.232730746269226,0.544385552406311,0.4347838759422302,-1.1743791103363037,0.5616083741188049,0.4341963827610016,-1.1743054389953613,0.5768890380859375,0.4343404769897461,-1.1741423606872559,0.48364967107772827,0.4431501030921936,-1.182995319366455,0.4618246555328369,0.4461439549922943,-1.1824181079864502,0.44260478019714355,0.4502910077571869,-1.182786464691162,0.6028032302856445,0.46764257550239563,-0.7601012587547302,0.4212373197078705,0.48606303334236145,-0.7817469835281372,0.5578761696815491,0.5881309509277344,-1.0730557441711426,0.48639312386512756,0.5928453207015991,-1.0787352323532104,0.7778142094612122,0.8435209393501282,-0.47432583570480347,0.274615079164505,0.8523924350738525,-0.5711349844932556,0.8512538075447083,1.2832144498825073,-0.4528566300868988,0.18815426528453827,1.324011206626892,-0.48464393615722656,0.8169312477111816,1.6145864725112915,-0.8711592555046082,0.2159148007631302,1.6481215953826904,-0.874973475933075,0.8381940722465515,1.7356047630310059,-1.0034948587417603,0.1974986046552658,1.7687652111053467,-1.0113131999969482,0.782395601272583,1.7282817363739014,-1.0642192363739014,0.23563691973686218,1.7574043273925781,-1.0948864221572876,0.765195906162262,1.675254225730896,-0.9203926920890808,0.25378888845443726,1.7056931257247925,-0.9254172444343567,0.6884808540344238,1.6282068490982056,-0.039356622844934464,0.373924195766449,1.6329067945480347,0.04482556879520416,0.6600886583328247,2.2812700271606445,0.07564262300729752,0.368598073720932,2.2757201194763184,0.011502696201205254,0.6486788988113403,2.8646018505096436,0.8153467178344727,0.37713849544525146,2.853259325027466,0.5830959677696228,0.6550280451774597,2.964834451675415,0.8549501299858093,0.37738195061683655,2.9527862071990967,0.6208730936050415,0.5927228927612305,3.064471960067749,0.25073233246803284,0.42183297872543335,3.0431699752807617,-0.05682433396577835,0.4206707947612427,2
2026-09-24T12:31:36.910656,S013,S013_A5_Y_20260924_1231,elevated_20,A5,young,class_2,0.5194070935249329,0.5177127718925476,-1.308873176574707,0.5444987416267395,0.4348667562007904,-1.2527741193771362,0.5619211792945862,0.4342244565486908,-1.2527437210083008,0.5774089694023132,0.4343252182006836,-1.2527137994766235,0.4827817380428314,0.44399765133857727,-1.261089563369751,0.46013039350509644,0.447169691324234,-1.2604284286499023,0.44141095876693726,0.4515680968761444,-1.2607430219650269,0.6035791635513306,0.4674583971500397,-0.8279738426208496,0.4194573760032654,0.48664411902427673,-0.8441061973571777,0.5580481886863708,0.5906131267547607,-1.1412004232406616,0.48560506105422974,0.5986455082893372,-1.1460425853729248,0.7809361219406128,0.8439716696739197,-0.5193392038345337,0.2723954916000366,0.8525763154029846,-0.6094009876251221,0.8674677610397339,1.2822524309158325,-0.4853334426879883,0.1767476499080658,1.32524573802948,-0.4846748411655426,0.8290465474128723,1.6231555938720703,-0.875281035900116,0.21028268337249756,1.6629023551940918,-0.8910452127456665,0.8508111834526062,1.7484208345413208,-1.0055749416351318,0.1921989619731903,1.7857043743133545,-1.0341652631759644,0.7904664278030396,1.742782711982727,-1.0722143650054932,0.236628919839859,1.7756285667419434,-1.1215335130691528,0.7737007141113281,1.6883809566497803,-0.9212648272514343,0.25454071164131165,1.7235170602798462,-0.9436771273612976,0.690031886100769,1.6319594383239746,-0.04009272903203964,0.37317708134651184,1.638749599456787,0.04571226239204407,0.6635666489601135,2.2872605323791504,0.09562180936336517,0.36959049105644226,2.2813429832458496,0.02249773032963276,0.6538888216018677,2.8703458309173584,0.8749699592590332,0.378919780254364,2.8590731620788574,0.6363804340362549,0.6608659029006958,2.97269344329834,0.9175616502761841,0.3791322112083435,2.9618520736694336,0.6785532236099243,0.596500813961029,3.07444167137146,0.2854296863079071,0.42464035749435425,3.0515527725219727,-0.020603232085704803,0.4203744040818437,2
2026-09-24T12:31:36.978275,S013,S013_A5_Y_20260924_1231,elevated_20,A5,young,class_2,0.5195780992507935,0.5257390141487122,-1.5588295459747314,0.5450930595397949,0.4377482533454895,-1.4975049495697021,0.5625958442687988,0.43652161955833435,-1.4975621700286865,0.5783283710479736,0.43600228428840637,-1.4973913431167603,0.4826914668083191,0.447122186422348,-1.5067646503448486,0.45969754457473755,0.45014557242393494,-1.506287932395935,0.44097900390625,0.4541665017604828,-1.5067079067230225,0.6045284271240234,0.4677237868309021,-1.036412000656128,0.4181906580924988,0.4873579144477844,-1.0573621988296509,0.5584849119186401,0.5975998640060425,-1.3773351907730103,0.48531800508499146,0.6077620387077332,-1.3843342065811157,0.7843273878097534,0.8487456440925598,-0.6685729622840881,0.2675054669380188,0.8562402725219727,-0.7528253793716431,0.8854538798332214,1.2857482433319092,-0.6220493316650391,0.16989849507808685,1.3517374992370605,-0.5908249616622925,0.84527587890625,1.6299000978469849,-1.0813018083572388,0.20693179965019226,1.6914266347885132,-1.0402648448944092,0.8679944276809692,1.7555726766586304,-1.2334433794021606,0.19101330637931824,1.81877601146698,-1.1955804824829102,0.8066691160202026,1.7478243112564087,-1.2987864017486572,0.23705966770648956,1.7983028888702393,-1.2888859510421753,0.787560224533081,1.6941496133804321,-1.1318566799163818,0.2549540400505066,1.745544672012329,-1.0955010652542114,0.6951536536216736,1.6481871604919434,-0.04398759454488754,0.3727441132068634,1.6563093662261963,0.0499352291226387,0.6685277223587036,2.312814950942993,0.06394178420305252,0.370923787355423,2.3036904335021973,-0.04064308479428291,0.6581921577453613,2.893996000289917,0.8914800882339478,0.37919169664382935,2.8836333751678467,0.630012571811676,0.6647360920906067,2.997999906539917,0.9349139332771301,0.37951138615608215,2.989943027496338,0.6740745306015015,0.6000670194625854,3.1078178882598877,0.2584258019924164,0.4249144494533539,3.085299015045166,-0.03944464027881622,0.4209670787997972,2
2026-09-24T12:31:37.060128,S013,S013_A5_Y_20260924_1231,elevated_20,A5,young,class_2,0.5182908177375793,0.5286591649055481,-1.5431368350982666,0.5448819398880005,0.43852636218070984,-1.480758786201477,0.5625839233398438,0.4371327757835388,-1.4808404445648193,0.5783551931381226,0.4364466071128845,-1.4806139469146729,0.479192316532135,0.44778701663017273,-1.4848884344100952,0.4555056691169739,0.45070329308509827,-1.4844567775726318,0.4377945065498352,0.45467129349708557,-1.4848583936691284,0.605124831199646,0.46775272488594055,-1.0190883874893188,0.4138778746128082,0.48796704411506653,-1.020374059677124,0.5583623647689819,0.601828396320343,-1.361513614654541,0.4832272529602051,0.6103767156600952,-1.3633280992507935,0.7867053747177124,0.8531631231307983,-0.6689523458480835,0.264354407787323,0.8603162169456482,-0.7073540091514587,0.9002006649971008,1.2855702638626099,-0.7021497488021851,0.16818968951702118,1.3585633039474487,-0.6920883059501648,0.8498181104660034,1.5865939855575562,-1.1716091632843018,0.24132731556892395,1.6753662824630737,-1.3351763486862183,0.8678971529006958,1.6926910877227783,-1.3258631229400635,0.2517881393432617,1.8013827800750732,-1.515641450881958,0.8110154271125793,1.6622120141983032,-1.3746665716171265,0.2961869537830353,1.7383036613464355,-1.572117805480957,0.7934660911560059,1.6202770471572876,-1.2145692110061646,0.3040352761745453,1.6902717351913452,-1.3817538022994995,0.6982614994049072,1.665479302406311,-0.047406457364559174,0.3712075650691986,1.6752089262008667,0.05368500202894211,0.674370527267456,2.331944704055786,0.016216939315199852,0.3741375803947449,2.3169522285461426,-0.18009553849697113,0.6711560487747192,2.916613817214966,0.8423355221748352,0.3858726918697357,2.902848243713379,0.4545883238315582,0.6770965456962585,3.0197410583496094,0.8762950897216797,0.38678041100502014,3.01037335395813,0.4940564036369324,0.615397036075592,3.134850263595581,0.12935632467269897,0.4388481676578522,3.103916883468628,-0.2887499928474426,0.42039842762184865,2
2026-09-24T12:31:37.139388,S013,S013_A5_Y_20260924_1231,elevated_20,A5,young,class_2,0.5182809233665466,0.5373448729515076,-1.7478256225585938,0.5450204610824585,0.44336098432540894,-1.6790822744369507,0.5632209777832031,0.4411456286907196,-1.6792223453521729,0.5795924663543701,0.43966156244277954,-1.6791267395019531,0.47791871428489685,0.45190760493278503,-1.6828386783599854,0.45359641313552856,0.4542592763900757,-1.682682991027832,0.4361136853694916,0.45760151743888855,-1.6832401752471924,0.6079647541046143,0.4695632755756378,-1.1761242151260376,0.4103209376335144,0.49015071988105774,-1.1771939992904663,0.5591946244239807,0.6122018098831177,-1.5495374202728271,0.4825716018676758,0.6193440556526184,-1.551635503768921,0.7978076934814453,0.8550416231155396,-0.7717853784561157,0.25888100266456604,0.8675826191902161,-0.8159421682357788,0.911995530128479,1.2908015251159668,-0.8319485783576965,0.1669115126132965,1.3807741403579712,-0.8329764604568481,0.8693394660949707,1.5803492069244385,-1.390162467956543,0.24994435906410217,1.670617938041687,-1.5045428276062012,0.8866463899612427,1.6845206022262573,-1.5526137351989746,0.2640970051288605,1.7943164110183716,-1.688960075378418,0.8335422277450562,1.6511743068695068,-1.609842300415039,0.3064460754394531,1.7345149517059326,-1.737683892250061,0.8159233331680298,1.6078734397888184,-1.4368219375610352,0.31329411268234253,1.6864304542541504,-1.5468392372131348,0.7072063684463501,1.6781138181686401,-0.04963645339012146,0.37164148688316345,1.6860060691833496,0.05597890168428421,0.6818069219589233,2.3554584980010986,-0.08765910565853119,0.3768835961818695,2.3345682621002197,-0.24851307272911072,0.6805299520492554,2.940488576889038,0.7522506713867188,0.3916293978691101,2.919199228286743,0.40188732743263245,0.6863857507705688,3.0458309650421143,0.7876666188240051,0.3939670920372009,3.0265989303588867,0.43940725922584534,0.6246739029884338,3.1613473892211914,0.033222176134586334,0.44607967138290405,3.126931667327881,-0.3558482229709625,0.4198799596398947,2
2026-09-24T12:31:37.212713,S013,S013_A5_Y_20260924_1231,elevated_20,A5,young,class_2,0.5132861733436584,0.5771616101264954,-1.6576391458511353,0.5436473488807678,0.48169681429862976,-1.6074861288070679,0.5632144212722778,0.4765521287918091,-1.6075941324234009,0.5800737142562866,0.47270509600639343,-1.6076616048812866,0.46761956810951233,0.48852095007896423,-1.6101468801498413,0.4441211223602295,0.4898325800895691,-1.6097720861434937,0.42584428191185,0.49101680517196655,-1.6101970672607422,0.6124231815338135,0.48602035641670227,-1.141130805015564,0.39788174629211426,0.5095517039299011,-1.1332008838653564,0.5591643452644348,0.6513265371322632,-1.4654937982559204,0.47574934363365173,0.6629152894020081,-1.4649046659469604,0.8023673892021179,0.8561673760414124,-0.7391787767410278,0.25411924719810486,0.8723035454750061,-0.7751215696334839,0.9117953181266785,1.3055787086486816,-0.7180131673812866,0.16427089273929596,1.3906006813049316,-0.7425327301025391,0.8677792549133301,1.6436684131622314,-1.2191479206085205,0.24945035576820374,1.6836193799972534,-1.3272626399993896,0.8867411613464355,1.7710307836532593,-1.401376485824585,0.25911572575569153,1.8091143369674683,-1.4993692636489868,0.8304112553596497,1.7520930767059326,-1.43290114402771,0.30398252606391907,1.7586065530776978,-1.5596857070922852,0.8132544755935669,1.6990786790847778,-1.266524076461792,0.31195777654647827,1.707294225692749,-1.3736566305160522,0.706725537776947,1.675344705581665,-0.04884902387857437,0.3712647557258606,1.6853352785110474,0.055250681936740875,0.6834694147109985,2.3565518856048584,-0.07841984927654266,0.37750622630119324,2.3364145755767822,-0.2563120126724243,0.6828521490097046,2.9445950984954834,0.6764732003211975,0.3940654397010803,2.930678129196167,0.27745145559310913,0.6891884207725525,3.045567750930786,0.7096713781356812,0.39776289463043213,3.0366079807281494,0.3053252696990967,0.6255720257759094,3.172028064727783,-0.004254759289324284,0.44766807556152344,3.1418278217315674,-0.4758046269416809,0.4188719819280364,2
2026-09-24T12:31:37.294550,S013,S013_A5_Y_20260924_1231,elevated_20,A5,young,class_2,0.5093528628349304,0.5974842309951782,-1.6757051944732666,0.5427350401878357,0.5020195245742798,-1.6297098398208618,0.5632379055023193,0.49676793813705444,-1.6297283172607422,0.5808774828910828,0.4920419156551361,-1.629799246788025,0.4605961740016937,0.5072451233863831,-1.6331889629364014,0.43682900071144104,0.5078290104866028,-1.632819414138794,0.4175845980644226,0.5083106160163879,-1.6331809759140015,0.6148983240127563,0.4973926246166229,-1.1720141172409058,0.3876383900642395,0.5212871432304382,-1.1652281284332275,0.5590845346450806,0.6712530255317688,-1.4844127893447876,0.47014284133911133,0.6826950907707214,-1.4840294122695923,0.8067574501037598,0.8576309680938721,-0.768272876739502,0.2472638189792633,0.879601240158081,-0.7935991287231445,0.9168140292167664,1.320306658744812,-0.7188371419906616,0.1592959463596344,1.4073970317840576,-0.7394794225692749,0.8658872842788696,1.6760352849960327,-1.1591087579727173,0.2477339804172516,1.6954232454299927,-1.302577018737793,0.8843309283256531,1.806868314743042,-1.39797842502594,0.2543932795524597,1.8198068141937256,-1.4637458324432373,0.8270936012268066,1.7900278568267822,-1.4228981733322144,0.2991429269313812,1.7710119485855103,-1.5216155052185059,0.8102782964706421,1.7355574369430542,-1.216640830039978,0.30832239985466003,1.7185605764389038,-1.3472464084625244,0.708818256855011,1.6773656606674194,-0.0499701127409935,0.37115514278411865,1.6923069953918457,0.056407660245895386,0.6877780556678772,2.3642375469207764,-0.06894491612911224,0.3782007396221161,2.3474698066711426,-0.21598796546459198,0.6848031282424927,2.9571521282196045,0.6799441576004028,0.3947871923446655,2.946383476257324,0.31744080781936646,0.6915618777275085,3.057896614074707,0.7138093113899231,0.3988880217075348,3.0536813735961914,0.34665554761886597,0.6258870363235474,3.1902947425842285,0.01308605819940567,0.4478285312652588,3.1623003482818604,-0.4231659770011902,0.4179002179987561,2
2026-09-24T12:31:37.361355,S013,S013_A5_Y_20260924_1231,elevated_20,A5,young,class_2,0.49268871545791626,0.5984265804290771,-1.6540396213531494,0.5316203832626343,0.5025647282600403,-1.6171976327896118,0.5578528046607971,0.4987587034702301,-1.6170343160629272,0.5782490372657776,0.4957306683063507,-1.6169464588165283,0.4474449157714844,0.5045607686042786,-1.609850525856018,0.42428284883499146,0.5039478540420532,-1.6093254089355469,0.40450519323349,0.5041726231575012,-1.6096923351287842,0.6146990060806274,0.5022729635238647,-1.1826726198196411,0.3811659812927246,0.5195204019546509,-1.1293739080429077,0.5511964559555054,0.6773988604545593,-1.471001386642456,0.4545014798641205,0.6812013387680054,-1.4574708938598633,0.8058217167854309,0.8579903244972229,-0.7672611474990845,0.23915699124336243,0.879228949546814,-0.7596626877784729,0.9144493341445923,1.3570075035095215,-0.823712944984436,0.15616068243980408,1.39849054813385,-0.7238383293151855,0.7989823818206787,1.5877265930175781,-1.2509145736694336,0.24609260261058807,1.6980706453323364,-1.293811321258545,0.7924714088439941,1.661781907081604,-1.387608289718628,0.2528165280818939,1.8269952535629272,-1.4392786026000977,0.7538996338844299,1.6125338077545166,-1.4017131328582764,0.29865655303001404,1.775846004486084,-1.489808201789856,0.7431760430335999,1.5860157012939453,-1.2763683795928955,0.307613343000412,1.7239201068878174,-1.334227204322815,0.7068613767623901,1.6752395629882812,-0.05228222534060478,0.36191752552986145,1.688434362411499,0.05885470658540726,0.6823601722717285,2.3630242347717285,-0.08365840464830399,0.3650369346141815,2.3440096378326416,-0.21993231773376465,0.674640953540802,2.959740161895752,0.6019240617752075,0.3777558505535126,2.9429047107696533,0.263907253742218,0.6828104257583618,3.0591282844543457,0.6277016401290894,0.3814912438392639,3.0476274490356445,0.2880101501941681,0.6062074303627014,3.192601203918457,-0.07478083670139313,0.4270252287387848,3.1608357429504395,-0.4736826419830322,0.41727497727201396,2
2026-09-24T12:31:37.428413,S013,S013_A5_Y_20260924_1231,elevated_20,A5,young,class_2,0.48009413480758667,0.5957960486412048,-1.712127923965454,0.5213441252708435,0.5006211400032043,-1.6735296249389648,0.5509020090103149,0.49789395928382874,-1.6733524799346924,0.5736484527587891,0.495992511510849,-1.673251748085022,0.4389328062534332,0.500968337059021,-1.6618645191192627,0.41669735312461853,0.5003330707550049,-1.6613212823867798,0.3965519070625305,0.5010316967964172,-1.6616389751434326,0.6137596964836121,0.5039459466934204,-1.2235740423202515,0.37871551513671875,0.5193161368370056,-1.1509954929351807,0.5418620705604553,0.6768121123313904,-1.523881435394287,0.4441884458065033,0.6775669455528259,-1.5043773651123047,0.8061374425888062,0.8581971526145935,-0.8014936447143555,0.2362593114376068,0.8791388273239136,-0.7516739964485168,0.9104709625244141,1.3721611499786377,-0.910102367401123,0.15749719738960266,1.3938928842544556,-0.7304130792617798,0.7771846652030945,1.529081106185913,-1.3760197162628174,0.2520899772644043,1.69633150100708,-1.344156265258789,0.7638057470321655,1.586316466331482,-1.5123239755630493,0.26142022013664246,1.8234528303146362,-1.4947175979614258,0.7301746606826782,1.5291837453842163,-1.5113316774368286,0.3038991689682007,1.7619478702545166,-1.5374056100845337,0.7218679189682007,1.5093914270401,-1.3942233324050903,0.31262922286987305,1.7127388715744019,-1.382978916168213,0.7065468430519104,1.6756916046142578,-0.0596366710960865,0.36060649156570435,1.6871575117111206,0.0662558525800705,0.6822634935379028,2.3674325942993164,-0.07450971007347107,0.3654954731464386,2.3470489978790283,-0.2054198533296585,0.6748557090759277,2.9676616191864014,0.6427440643310547,0.3785701096057892,2.9497954845428467,0.31998130679130554,0.6833131909370422,3.0683069229125977,0.6719004511833191,0.38219112157821655,3.0551342964172363,0.3490228056907654,0.6064445376396179,3.201223134994507,-0.044678252190351486,0.42780622839927673,3.1699471473693848,-0.4248655438423157,0.41698605973229086,2
2026-09-24T12:31:37.502983,S013,S013_A5_Y_20260924_1231,elevated_20,A5,young,class_2,0.47476452589035034,0.595330536365509,-1.7804384231567383,0.5165430307388306,0.49961644411087036,-1.7424198389053345,0.5474036335945129,0.4976005256175995,-1.7422202825546265,0.571021318435669,0.49639323353767395,-1.7421319484710693,0.4344789981842041,0.4986673593521118,-1.7285563945770264,0.4128817021846771,0.49796658754348755,-1.7281229496002197,0.39306584000587463,0.49902862310409546,-1.7284666299819946,0.613149106502533,0.5045751929283142,-1.2832714319229126,0.3780331015586853,0.5178758502006531,-1.1990002393722534,0.5373556017875671,0.677125096321106,-1.587669849395752,0.4392852187156677,0.6766214966773987,-1.5654057264328003,0.8067423701286316,0.8581679463386536,-0.8405376672744751,0.23561301827430725,0.8794295191764832,-0.769648551940918,0.9114316701889038,1.3706241846084595,-1.041420578956604,0.1579442024230957,1.3908747434616089,-0.7837826609611511,0.7729096412658691,1.4379069805145264,-1.5861756801605225,0.253989577293396,1.6711136102676392,-1.431154489517212,0.7541077733039856,1.4705891609191895,-1.7207844257354736,0.26331770420074463,1.7900186777114868,-1.5767390727996826,0.72678142786026,1.4074416160583496,-1.6958436965942383,0.3028852045536041,1.722837209701538,-1.60550856590271,0.7199773192405701,1.3979917764663696,-1.5943620204925537,0.31204333901405334,1.678364634513855,-1.4639427661895752,0.7091130018234253,1.6743944883346558,-0.06630562245845795,0.36075541377067566,1.6855285167694092,0.07261144369840622,0.686173677444458,2.367400646209717,-0.06383045017719269,0.3711392283439636,2.3480749130249023,-0.1890249401330948,0.6791540384292603,2.9690639972686768,0.6536117196083069,0.3871396780014038,2.952892303466797,0.3434869647026062,0.6882349252700806,3.0707268714904785,0.6862901449203491,0.39173227548599243,3.0569589138031006,0.3721092939376831,0.6104301810264587,3.201965808868408,-0.014797640964388847,0.4367346167564392,3.17732834815979,-0.38286614418029785,0.41685962263416126,2
2026-09-24T12:31:37.573519,S013,S013_A5_Y_20260924_1231,elevated_20,A5,young,class_2,0.4656439423561096,0.5926491022109985,-1.6899921894073486,0.5090493559837341,0.4973399341106415,-1.7402734756469727,0.5406021475791931,0.4954296052455902,-1.739823579788208,0.565926194190979,0.49436628818511963,-1.7397863864898682,0.4290095865726471,0.4978949725627899,-1.649989128112793,0.40823397040367126,0.4967232644557953,-1.6492154598236084,0.3889467120170593,0.49576056003570557,-1.6499264240264893,0.6109544038772583,0.5039974451065063,-1.1975067853927612,0.3775940239429474,0.512082576751709,-1.1285525560379028,0.5273875594139099,0.6747003793716431,-1.5690972805023193,0.4314183294773102,0.67369145154953,-1.4735181331634521,0.8066695928573608,0.8581302165985107,-0.7901140451431274,0.23646417260169983,0.8791455030441284,-0.7359261512756348,0.9094517827033997,1.3645079135894775,-0.8895622491836548,0.1542617678642273,1.3897563219070435,-0.6564246416091919,0.7752601504325867,1.4469963312149048,-1.4250075817108154,0.194118469953537,1.7112712860107422,-1.1562411785125732,0.7628319263458252,1.4880950450897217,-1.6059157848358154,0.1782020628452301,1.8451932668685913,-1.2895452976226807,0.7333982586860657,1.4468108415603638,-1.6370737552642822,0.22551357746124268,1.8091156482696533,-1.3548718690872192,0.7248239517211914,1.4239000082015991,-1.461926817893982,0.2474793642759323,1.7578059434890747,-1.2022536993026733,0.7084072232246399,1.6742968559265137,-0.06856744736433029,0.3604000210762024,1.6842806339263916,0.07490869611501694,0.6848927140235901,2.3673298358917236,-0.10742281377315521,0.3666304051876068,2.348555326461792,-0.17943818867206573,0.6787391304969788,2.9719603061676025,0.5761653184890747,0.38281065225601196,2.9553709030151367,0.3332708179950714,0.6877878904342651,3.075045347213745,0.6027063727378845,0.3874244689941406,3.0603959560394287,0.35921043157577515,0.6073917150497437,3.2032041549682617,-0.10982291400432587,0.42911773920059204,3.1766977310180664,-0.397646963596344,0.41645628775663546,2
2026-09-24T12:31:37.633721,S013,S013_A5_Y_20260924_1231,elevated_20,A5,young,class_2,0.4552225172519684,0.5911546349525452,-1.5597574710845947,0.4986129701137543,0.49686622619628906,-1.56266188621521,0.5302525758743286,0.4948829412460327,-1.5627094507217407,0.5579069256782532,0.49324190616607666,-1.5627886056900024,0.42332878708839417,0.49410051107406616,-1.5099670886993408,0.4034925401210785,0.49179908633232117,-1.5095469951629639,0.3850662112236023,0.4899995028972626,-1.510245442390442,0.6072593331336975,0.5033624768257141,-1.1744304895401,0.37789589166641235,0.5078269243240356,-1.0084245204925537,0.5160917043685913,0.6719358563423157,-1.4188482761383057,0.42531317472457886,0.6717036962509155,-1.354453682899475,0.806289792060852,0.8580940961837769,-0.776543378829956,0.23658859729766846,0.8772399425506592,-0.6572115421295166,0.9078865051269531,1.3530938625335693,-0.7645794153213501,0.15042780339717865,1.3774917125701904,-0.5522264242172241,0.7798596620559692,1.488175868988037,-1.1461670398712158,0.18607978522777557,1.7057826519012451,-1.034364938735962,0.7768239974975586,1.579963207244873,-1.2755141258239746,0.17368978261947632,1.8375493288040161,-1.172161340713501,0.7351874113082886,1.5491167306900024,-1.3305997848510742,0.22258217632770538,1.8055148124694824,-1.2380211353302002,0.7253215312957764,1.498676061630249,-1.1852633953094482,0.24214713275432587,1.753652811050415,-1.0803196430206299,0.7033564448356628,1.6761647462844849,-0.06899939477443695,0.36008715629577637,1.683362364768982,0.07525846362113953,0.6824525594711304,2.3658995628356934,-0.10920803248882294,0.3663804531097412,2.346855401992798,-0.1342177540063858,0.6778539419174194,2.969794750213623,0.5790649056434631,0.3828044831752777,2.9543938636779785,0.3470368981361389,0.6875368356704712,3.07444167137146,0.6089497804641724,0.3873376250267029,3.0615599155426025,0.37684741616249084,0.6069575548171997,3.1973180770874023,-0.07939182966947556,0.42652764916419983,3.1711463928222656,-0.36519625782966614,0.41565240195907815,2
2026-09-24T12:31:37.709735,S013,S013_A5_Y_20260924_1231,elevated_20,A5,young,class_2,0.45207929611206055,0.5874603390693665,-1.5615882873535156,0.49551573395729065,0.49143606424331665,-1.5591437816619873,0.526999831199646,0.4902753233909607,-1.5591834783554077,0.5550727844238281,0.4898535907268524,-1.5592273473739624,0.42137759923934937,0.4869857430458069,-1.512068510055542,0.4018624424934387,0.4843076169490814,-1.5115853548049927,0.38377442955970764,0.48242172598838806,-1.5121818780899048,0.6056267023086548,0.502930760383606,-1.1590125560760498,0.3781891167163849,0.5020391345024109,-1.0175998210906982,0.5126868486404419,0.671515166759491,-1.417926549911499,0.4233268201351166,0.6707738637924194,-1.359729528427124,0.8063924908638,0.8591305017471313,-0.7665740251541138,0.23688443005084991,0.875423014163971,-0.6635042428970337,0.9069841504096985,1.350290298461914,-0.8152260780334473,0.15118564665317535,1.3654162883758545,-0.5801674127578735,0.7857491970062256,1.5093997716903687,-1.2306855916976929,0.18374815583229065,1.7030233144760132,-1.0943843126296997,0.7833406329154968,1.6012985706329346,-1.3566268682479858,0.17053939402103424,1.834810733795166,-1.237163782119751,0.7393438816070557,1.5674779415130615,-1.390055537223816,0.2184658795595169,1.8060616254806519,-1.2997796535491943,0.7296888828277588,1.5235981941223145,-1.2597935199737549,0.23842093348503113,1.7534831762313843,-1.1400997638702393,0.7013237476348877,1.680996298789978,-0.06909041106700897,0.36003607511520386,1.6833440065383911,0.07530225813388824,0.6808678507804871,2.3691866397857666,-0.12450014054775238,0.3664775788784027,2.3459525108337402,-0.15735629200935364,0.6777271032333374,2.97309947013855,0.5543003678321838,0.3827967047691345,2.9536802768707275,0.322711318731308,0.6872767210006714,3.0794994831085205,0.5817916393280029,0.3872644305229187,3.062068462371826,0.3476159870624542,0.6067491173744202,3.198674440383911,-0.11796784400939941,0.42564472556114197,3.1686737537384033,-0.38568711280822754,0.4147376782190501,2
2026-09-24T12:31:37.770688,S013,S013_A5_Y_20260924_1231,elevated_20,A5,young,class_2,0.4461544156074524,0.578741192817688,-1.5477538108825684,0.49128636717796326,0.4823339581489563,-1.5354381799697876,0.5232982039451599,0.48242291808128357,-1.5355488061904907,0.5521590709686279,0.483516663312912,-1.5355911254882812,0.4180371165275574,0.47656768560409546,-1.4966633319854736,0.39907926321029663,0.4740256667137146,-1.4963575601577759,0.38153916597366333,0.4725480377674103,-1.4969547986984253,0.6046959161758423,0.5018153786659241,-1.1488792896270752,0.37867996096611023,0.49514827132225037,-1.0063979625701904,0.5076404213905334,0.6682509183883667,-1.398756980895996,0.41967326402664185,0.6646859645843506,-1.3483500480651855,0.8061872720718384,0.8598384261131287,-0.7678018808364868,0.23708288371562958,0.8716802597045898,-0.651775598526001,0.9053120613098145,1.3377985954284668,-0.8060166239738464,0.15160134434700012,1.351860761642456,-0.5958239436149597,0.7947486639022827,1.5202504396438599,-1.1612299680709839,0.18958643078804016,1.6711734533309937,-1.0958034992218018,0.7974460124969482,1.6115620136260986,-1.2685271501541138,0.17872737348079681,1.7972142696380615,-1.2614048719406128,0.750108003616333,1.577873945236206,-1.3072874546051025,0.2259594202041626,1.7715893983840942,-1.3311926126480103,0.7416234016418457,1.5367119312286377,-1.1890637874603271,0.24448394775390625,1.7201892137527466,-1.1549453735351562,0.6987341046333313,1.6817041635513306,-0.070106141269207,0.36007043719291687,1.6831676959991455,0.07607962191104889,0.680719256401062,2.367795705795288,-0.12211998552083969,0.3691919445991516,2.3457422256469727,-0.09664600342512131,0.6776964068412781,2.9706690311431885,0.5719279646873474,0.3854084610939026,2.9515786170959473,0.41589826345443726,0.6872890591621399,3.0770974159240723,0.5943670272827148,0.38983821868896484,3.059429168701172,0.44453921914100647,0.6076509952545166,3.195957899093628,-0.0684119313955307,0.4258010983467102,3.165867805480957,-0.2546321749687195,0.41340898140595417,2
2026-09-24T12:31:37.839220,S013,S013_A5_Y_20260924_1231,elevated_20,A5,young,class_2,0.44300633668899536,0.5754052996635437,-1.5844022035598755,0.4880862832069397,0.47843649983406067,-1.5663326978683472,0.5201520919799805,0.47887957096099854,-1.5664753913879395,0.5495103597640991,0.480604350566864,-1.5665085315704346,0.4163726270198822,0.4726310968399048,-1.5263015031814575,0.3978741765022278,0.4700946807861328,-1.5261849164962769,0.3807966411113739,0.46876680850982666,-1.5268189907073975,0.6033655405044556,0.5015136003494263,-1.1741437911987305,0.37888509035110474,0.49146023392677307,-1.0127664804458618,0.5044078826904297,0.6670252084732056,-1.4250462055206299,0.4183576703071594,0.6622095108032227,-1.3693668842315674,0.8061388731002808,0.8605251908302307,-0.7790793776512146,0.24014060199260712,0.8674259781837463,-0.6348931789398193,0.9051395654678345,1.3375186920166016,-0.8886080980300903,0.15380766987800598,1.3352454900741577,-0.6035599112510681,0.7953490018844604,1.4824680089950562,-1.3219630718231201,0.2008603811264038,1.6292423009872437,-1.2205244302749634,0.7931941151618958,1.5555137395858765,-1.439804196357727,0.19868846237659454,1.7506715059280396,-1.3716108798980713,0.7510007619857788,1.5089879035949707,-1.4542698860168457,0.2415916621685028,1.7145155668258667,-1.4131906032562256,0.7426247000694275,1.4763487577438354,-1.341214656829834,0.2549428343772888,1.6664503812789917,-1.2625125646591187,0.6980317234992981,1.6845918893814087,-0.076176717877388,0.36041921377182007,1.6828551292419434,0.08182960748672485,0.6805312633514404,2.36572265625,-0.12382280826568604,0.37434661388397217,2.330410957336426,-0.10139528661966324,0.6780797243118286,2.9683449268341064,0.5768892168998718,0.3889562487602234,2.93860125541687,0.39959460496902466,0.6877155900001526,3.0762717723846436,0.6046893000602722,0.39289867877960205,3.0501821041107178,0.42616504430770874,0.6095673441886902,3.1888203620910645,-0.07080093771219254,0.4278464913368225,3.148301124572754,-0.2750012278556824,0.4125720055939327,2
2026-09-24T12:31:37.904805,S013,S013_A5_Y_20260924_1231,elevated_20,A5,young,class_2,0.44281649589538574,0.5736589431762695,-1.6202234029769897,0.4881535470485687,0.4756234586238861,-1.5929980278015137,0.5200937390327454,0.476275235414505,-1.593125820159912,0.5492823123931885,0.47848036885261536,-1.5931084156036377,0.4166031777858734,0.4698786735534668,-1.559708833694458,0.3981551229953766,0.46730396151542664,-1.5595365762710571,0.38115137815475464,0.4659918248653412,-1.5601919889450073,0.6031306982040405,0.5012479424476624,-1.1814167499542236,0.37898334860801697,0.48872944712638855,-1.0194652080535889,0.5042228102684021,0.6664966940879822,-1.4490373134613037,0.41840487718582153,0.6614481806755066,-1.4009439945220947,0.8063575029373169,0.861131489276886,-0.7769133448600769,0.24054710566997528,0.8662497401237488,-0.6400846242904663,0.9044216275215149,1.3475102186203003,-0.9280754923820496,0.15444746613502502,1.3350088596343994,-0.6189917922019958,0.7880279421806335,1.4634453058242798,-1.4319136142730713,0.2020610272884369,1.627993106842041,-1.2889524698257446,0.7758415341377258,1.520930528640747,-1.5662819147109985,0.19908875226974487,1.7488763332366943,-1.4448726177215576,0.7420953512191772,1.4658957719802856,-1.5691604614257812,0.24188557267189026,1.7078857421875,-1.490459680557251,0.7350739240646362,1.441623568534851,-1.4501121044158936,0.255950391292572,1.6611250638961792,-1.331640362739563,0.6979770064353943,1.6869330406188965,-0.07780501991510391,0.3604698181152344,1.6824889183044434,0.0834788829088211,0.6801959276199341,2.3667690753936768,-0.11661183834075928,0.3745635151863098,2.329918146133423,-0.14271745085716248,0.6760764718055725,2.968769073486328,0.592248260974884,0.387723833322525,2.938328981399536,0.38174664974212646,0.6850710511207581,3.0763583183288574,0.6215479969978333,0.3912278711795807,3.0494797229766846,0.41023191809654236,0.6071815490722656,3.1895341873168945,-0.06426934152841568,0.425767183303833,3.148211717605591,-0.30558663606643677,0.41211162039491517,2
2026-09-24T12:31:37.968382,S013,S013_A5_Y_20260924_1231,elevated_20,A5,young,class_2,0.44335731863975525,0.5715075135231018,-1.6150000095367432,0.48859915137290955,0.47326648235321045,-1.5849511623382568,0.5203862190246582,0.47394806146621704,-1.5850613117218018,0.5493911504745483,0.47636738419532776,-1.5850391387939453,0.41709718108177185,0.4678364098072052,-1.5562655925750732,0.398632287979126,0.4653843641281128,-1.556056261062622,0.38159143924713135,0.46423691511154175,-1.5566847324371338,0.6030713319778442,0.5004351139068604,-1.1716786623001099,0.37914353609085083,0.48714783787727356,-1.019864559173584,0.5045459270477295,0.6655715107917786,-1.442958116531372,0.4188985824584961,0.6599892973899841,-1.3999989032745361,0.8071807622909546,0.8610469102859497,-0.7697170972824097,0.2408551275730133,0.8661422729492188,-0.6355890035629272,0.904679000377655,1.3472145795822144,-0.9451923370361328,0.1548273116350174,1.3338255882263184,-0.6273211240768433,0.7835327982902527,1.4192670583724976,-1.4865007400512695,0.20027466118335724,1.6320990324020386,-1.2789194583892822,0.7652438879013062,1.4624621868133545,-1.618499755859375,0.19518554210662842,1.7526640892028809,-1.4296581745147705,0.7367311716079712,1.4046802520751953,-1.6130313873291016,0.2389705926179886,1.714097499847412,-1.4747321605682373,0.7305907011032104,1.387940526008606,-1.5011107921600342,0.2543697953224182,1.6663391590118408,-1.3195245265960693,0.6982764601707458,1.688780426979065,-0.07751147449016571,0.36154404282569885,1.682558298110962,0.08325041830539703,0.6800545454025269,2.366135597229004,-0.12082338333129883,0.3760985732078552,2.326657772064209,-0.23163998126983643,0.6760621070861816,2.967771291732788,0.5489757657051086,0.38775351643562317,2.9374473094940186,0.258842408657074,0.6849994659423828,3.0753133296966553,0.5744506120681763,0.3912283778190613,3.0492846965789795,0.2830800712108612,0.6072077751159668,3.188636064529419,-0.10598371177911758,0.4258272051811218,3.145723581314087,-0.4265010356903076,0.41201940633177536,2
2026-09-24T12:31:38.043159,S013,S013_A5_Y_20260924_1231,elevated_20,A5,young,class_2,0.44212228059768677,0.5692079067230225,-1.5481665134429932,0.48711100220680237,0.4712422490119934,-1.5203943252563477,0.5186682939529419,0.4719659090042114,-1.520508050918579,0.5478670001029968,0.4743512272834778,-1.520461082458496,0.41660404205322266,0.4663160741329193,-1.4900896549224854,0.3983690142631531,0.4642246961593628,-1.4897987842559814,0.38139113783836365,0.46343475580215454,-1.490456461906433,0.6022337079048157,0.4984424412250519,-1.1272177696228027,0.37939101457595825,0.4851156175136566,-0.9693903923034668,0.5034722089767456,0.6625510454177856,-1.382392406463623,0.41850852966308594,0.6580312848091125,-1.3383474349975586,0.8073843717575073,0.8596455454826355,-0.7279552221298218,0.2410978078842163,0.8638626337051392,-0.5988894701004028,0.9042378664016724,1.346510410308838,-0.9014326333999634,0.15399929881095886,1.3321175575256348,-0.6048021912574768,0.7848836183547974,1.4445043802261353,-1.392492651939392,0.19902025163173676,1.6351009607315063,-1.2381277084350586,0.770478367805481,1.5040310621261597,-1.5091631412506104,0.1932690590620041,1.7568755149841309,-1.3832643032073975,0.7379201054573059,1.45389723777771,-1.4972445964813232,0.2382548749446869,1.7184439897537231,-1.426174521446228,0.7311058640480042,1.4290002584457397,-1.40024733543396,0.2538664937019348,1.6703801155090332,-1.2780096530914307,0.6980815529823303,1.6894193887710571,-0.07720507681369781,0.3614247143268585,1.682936429977417,0.08302248269319534,0.6799567937850952,2.368147611618042,-0.13648109138011932,0.3757169246673584,2.3286662101745605,-0.23125877976417542,0.6760159730911255,2.9719085693359375,0.49373921751976013,0.3866422772407532,2.9438672065734863,0.22190380096435547,0.6850303411483765,3.0790765285491943,0.5162633657455444,0.38962751626968384,3.0566630363464355,0.24291566014289856,0.607021152973175,3.194852113723755,-0.1785052865743637,0.42530256509780884,3.1516880989074707,-0.48481082916259766,0.4114576051018627,2
2026-09-24T12:31:38.111147,S013,S013_A5_Y_20260924_1231,elevated_20,A5,young,class_2,0.44292116165161133,0.567851185798645,-1.688900351524353,0.4876570701599121,0.47007253766059875,-1.653376579284668,0.5189617276191711,0.47117897868156433,-1.6534461975097656,0.5478602647781372,0.4738445580005646,-1.6534570455551147,0.4168035387992859,0.46455153822898865,-1.6280618906021118,0.39848950505256653,0.4625615179538727,-1.6278873682022095,0.3813444674015045,0.46196120977401733,-1.6285498142242432,0.6019063591957092,0.49790242314338684,-1.2052267789840698,0.37968793511390686,0.483159601688385,-1.0698360204696655,0.5039985775947571,0.6607472896575928,-1.4999198913574219,0.4187658727169037,0.6569274067878723,-1.4636516571044922,0.8073276281356812,0.8577503561973572,-0.7503065466880798,0.2389388084411621,0.8608271479606628,-0.6441717743873596,0.903984546661377,1.345464825630188,-0.9952086210250854,0.15408587455749512,1.326483130455017,-0.6975938081741333,0.7647724747657776,1.3479255437850952,-1.5574575662612915,0.20517253875732422,1.620583176612854,-1.3650357723236084,0.7386958003044128,1.3688827753067017,-1.6861881017684937,0.20317967236042023,1.7415618896484375,-1.513403296470642,0.7173147201538086,1.3104990720748901,-1.6633402109146118,0.24521949887275696,1.6974118947982788,-1.5469671487808228,0.7127265930175781,1.3025585412979126,-1.5646709203720093,0.2593690752983093,1.6509175300598145,-1.4003986120224,0.6972496509552002,1.6870392560958862,-0.07433563470840454,0.35979682207107544,1.6784180402755737,0.07993988692760468,0.6778494119644165,2.3680131435394287,-0.13047215342521667,0.37281787395477295,2.3252251148223877,-0.31102484464645386,0.6729143857955933,2.9715139865875244,0.4797523021697998,0.3798859417438507,2.9433391094207764,0.11577614396810532,0.6811267733573914,3.0781090259552,0.4977262020111084,0.3830253779888153,3.055858612060547,0.13198545575141907,0.6031385660171509,3.194307565689087,-0.18941998481750488,0.42060375213623047,3.146088123321533,-0.5911329388618469,0.4116678816928029,2
2026-09-24T12:31:38.181139,S013,S013_A5_Y_20260924_1231,elevated_20,A5,young,class_2,0.44343748688697815,0.5649617910385132,-1.6163469552993774,0.4877563416957855,0.46725761890411377,-1.5786473751068115,0.5188974142074585,0.4689178168773651,-1.5787793397903442,0.5476489663124084,0.471992164850235,-1.5787947177886963,0.4168303906917572,0.4609866738319397,-1.5499335527420044,0.3984747529029846,0.4590793251991272,-1.5496182441711426,0.381228506565094,0.4586436450481415,-1.5502874851226807,0.601448118686676,0.4966963231563568,-1.1544296741485596,0.37991365790367126,0.48096561431884766,-1.0100980997085571,0.5038430094718933,0.6559849381446838,-1.4402483701705933,0.41865167021751404,0.6540577411651611,-1.3992226123809814,0.8072967529296875,0.8579521179199219,-0.7444921731948853,0.23824214935302734,0.8590770363807678,-0.6268637180328369,0.8869535326957703,1.3426227569580078,-0.795823335647583,0.15243306756019592,1.3268605470657349,-0.669364333152771,0.7804304361343384,1.5454574823379517,-1.1727460622787476,0.20612271130084991,1.623996615409851,-1.3209776878356934,0.7861144542694092,1.6539067029953003,-1.2971179485321045,0.206443190574646,1.7460535764694214,-1.4668552875518799,0.7387526035308838,1.6249604225158691,-1.3544070720672607,0.2506084442138672,1.7028160095214844,-1.5084679126739502,0.7289758920669556,1.5745240449905396,-1.2122795581817627,0.26317065954208374,1.6561062335968018,-1.3584929704666138,0.6920050978660583,1.6886414289474487,-0.07348953187465668,0.35480621457099915,1.6792950630187988,0.07924206554889679,0.6712468862533569,2.3713600635528564,-0.15194043517112732,0.3623822033405304,2.3276185989379883,-0.27120235562324524,0.6652200222015381,2.976222038269043,0.49807682633399963,0.3653613328933716,2.949448585510254,0.18887397646903992,0.6739519834518433,3.0829343795776367,0.5217885971069336,0.3677443265914917,3.0637459754943848,0.2099888026714325,0.5938419103622437,3.202428102493286,-0.1796041578054428,0.40516504645347595,3.153536319732666,-0.5290154218673706,0.4108560309339351,2
2026-09-24T12:31:38.247714,S013,S013_A5_Y_20260924_1231,elevated_20,A5,young,class_2,0.4439365863800049,0.5618689060211182,-1.5605885982513428,0.48812755942344666,0.4647703468799591,-1.5230573415756226,0.5191575288772583,0.4667483866214752,-1.5231822729110718,0.5477568507194519,0.47006767988204956,-1.5231574773788452,0.41706952452659607,0.4580119848251343,-1.4965004920959473,0.39866703748703003,0.45610716938972473,-1.4961025714874268,0.3814006447792053,0.4556466042995453,-1.4967739582061768,0.6013359427452087,0.49585962295532227,-1.115546703338623,0.3799624741077423,0.4795915186405182,-0.977847695350647,0.5038706064224243,0.6522983908653259,-1.3927075862884521,0.4186074733734131,0.6512060165405273,-1.3537192344665527,0.8072401285171509,0.8587482571601868,-0.7283998727798462,0.2376590073108673,0.8589934706687927,-0.625035285949707,0.8791229128837585,1.3422565460205078,-0.7377205491065979,0.14768847823143005,1.329945683479309,-0.6385169625282288,0.7934227585792542,1.6066316366195679,-1.1135128736495972,0.2000545710325241,1.6423662900924683,-1.24114191532135,0.8108677864074707,1.7224657535552979,-1.2405420541763306,0.19819368422031403,1.769999384880066,-1.4010348320007324,0.7551645040512085,1.697360634803772,-1.3015145063400269,0.24578729271888733,1.736130952835083,-1.454521656036377,0.7413856387138367,1.645053744316101,-1.1562612056732178,0.25961482524871826,1.6862281560897827,-1.285912275314331,0.6847690343856812,1.6921658515930176,-0.07249783724546432,0.3481225371360779,1.6808112859725952,0.07841836661100388,0.6578925848007202,2.3769118785858154,-0.16075409948825836,0.3476794958114624,2.33156418800354,-0.2561761140823364,0.6515445113182068,2.982948064804077,0.49941688776016235,0.35059329867362976,2.953822135925293,0.2113635540008545,0.6608429551124573,3.0901100635528564,0.5239017605781555,0.352733314037323,3.0678763389587402,0.23356389999389648,0.5790062546730042,3.208218812942505,-0.1870143562555313,0.38939306139945984,3.159703493118286,-0.5130004286766052,0.41034720351038256,2
2026-09-24T12:31:38.310715,S013,S013_A5_Y_20260924_1231,elevated_20,A5,young,class_2,0.4443649351596832,0.55857914686203,-1.581019401550293,0.48842453956604004,0.4625920057296753,-1.5397294759750366,0.5193341970443726,0.4647350609302521,-1.5398327112197876,0.5477865934371948,0.46813544631004333,-1.5397930145263672,0.4172852039337158,0.45536914467811584,-1.5131828784942627,0.3988332748413086,0.4535137414932251,-1.5127657651901245,0.38152745366096497,0.4530779719352722,-1.5134222507476807,0.6011229753494263,0.4950322210788727,-1.1214416027069092,0.3800976872444153,0.4788030683994293,-0.9793308973312378,0.503900408744812,0.6486084461212158,-1.409627079963684,0.41868335008621216,0.6483230590820312,-1.3711278438568115,0.8065397143363953,0.8594478964805603,-0.7399724721908569,0.23587708175182343,0.8590240478515625,-0.6291958093643188,0.8752576112747192,1.3424193859100342,-0.7607370615005493,0.14710214734077454,1.3321446180343628,-0.639397382736206,0.792198121547699,1.5865199565887451,-1.1827858686447144,0.2003614604473114,1.6464877128601074,-1.2484170198440552,0.8100959062576294,1.6880600452423096,-1.3065439462661743,0.19952575862407684,1.775305151939392,-1.4118187427520752,0.7531175017356873,1.6565749645233154,-1.3353002071380615,0.24733328819274902,1.741613745689392,-1.4631716012954712,0.7398168444633484,1.6110014915466309,-1.2140483856201172,0.26069262623786926,1.690889596939087,-1.292892575263977,0.6811053156852722,1.693987488746643,-0.07278980314731598,0.3424062728881836,1.6814610958099365,0.07878253608942032,0.6488224267959595,2.3808603286743164,-0.15515996515750885,0.3366136848926544,2.3357508182525635,-0.2524162828922272,0.6392730474472046,2.9880988597869873,0.5242099165916443,0.3367593586444855,2.9602386951446533,0.24008555710315704,0.6488600373268127,3.0959198474884033,0.5499644875526428,0.3384988307952881,3.0747549533843994,0.26428574323654175,0.5649048089981079,3.2140491008758545,-0.1697915643453598,0.37693366408348083,3.1701056957244873,-0.49263930320739746,0.40986102308835887,2
2026-09-24T12:31:38.375150,S013,S013_A5_Y_20260924_1231,elevated_20,A5,young,class_2,0.4446801543235779,0.55620938539505,-1.458708643913269,0.488602876663208,0.46065759658813477,-1.4217555522918701,0.5193365812301636,0.46271002292633057,-1.4218577146530151,0.5476253032684326,0.46594947576522827,-1.4218177795410156,0.4174491763114929,0.45344778895378113,-1.398995280265808,0.39895957708358765,0.4516327679157257,-1.3984068632125854,0.38162514567375183,0.4512072205543518,-1.3990414142608643,0.6006394624710083,0.4936198592185974,-1.0363500118255615,0.38025468587875366,0.4781826436519623,-0.9104167819023132,0.5040120482444763,0.6455714106559753,-1.3009922504425049,0.41879552602767944,0.6462705731391907,-1.2660186290740967,0.8057665824890137,0.8598857522010803,-0.6777295470237732,0.23560909926891327,0.8591519594192505,-0.6122201085090637,0.8747791051864624,1.3426419496536255,-0.6488234400749207,0.14715918898582458,1.340878963470459,-0.5468087792396545,0.8066598773002625,1.6417406797409058,-0.9769963026046753,0.19647011160850525,1.6855244636535645,-1.0313621759414673,0.8290122151374817,1.760657787322998,-1.0938483476638794,0.19070695340633392,1.8208681344985962,-1.174745798110962,0.7697772979736328,1.7416419982910156,-1.148280143737793,0.24068672955036163,1.7978062629699707,-1.2392655611038208,0.7529081106185913,1.6884886026382446,-1.0177065134048462,0.2566415071487427,1.7440221309661865,-1.0783108472824097,0.679114580154419,1.6978312730789185,-0.0726444274187088,0.34001919627189636,1.685974359512329,0.07870977371931076,0.6447561979293823,2.384615659713745,-0.15210828185081482,0.32892951369285583,2.348043203353882,-0.19374103844165802,0.6362345218658447,2.9926445484161377,0.5241440534591675,0.333147794008255,2.9686195850372314,0.27871596813201904,0.6463784575462341,3.1006627082824707,0.5505192875862122,0.3354218602180481,3.081603527069092,0.3032717704772949,0.5638504028320312,3.2177348136901855,-0.15896029770374298,0.37288138270378113,3.1794140338897705,-0.43811020255088806,0.409553445373328,2
2026-09-24T12:31:38.451174,S013,S013_A5_Y_20260924_1231,elevated_20,A5,young,class_2,0.44486984610557556,0.548068642616272,-1.5492873191833496,0.48864930868148804,0.45580634474754333,-1.4884097576141357,0.5192341804504395,0.45775583386421204,-1.4884164333343506,0.547418475151062,0.460839182138443,-1.488364577293396,0.4175158143043518,0.4492344856262207,-1.4668943881988525,0.3993573486804962,0.44751980900764465,-1.466736078262329,0.3822174668312073,0.44730842113494873,-1.4673360586166382,0.6004123091697693,0.49172717332839966,-1.0623714923858643,0.3824729919433594,0.47639092803001404,-0.9374791979789734,0.5036739110946655,0.6387802362442017,-1.3577609062194824,0.4186924397945404,0.6363637447357178,-1.3271129131317139,0.8055824041366577,0.8599065542221069,-0.6821675896644592,0.23603196442127228,0.859176754951477,-0.6088120937347412,0.8842469453811646,1.3399174213409424,-0.840558648109436,0.15076148509979248,1.3166735172271729,-0.7125056982040405,0.778880774974823,1.4566024541854858,-1.3372433185577393,0.25943151116371155,1.4682356119155884,-1.4437898397445679,0.7640202045440674,1.5048199892044067,-1.4566619396209717,0.28471991419792175,1.5448734760284424,-1.6134459972381592,0.7295455932617188,1.453636884689331,-1.4411201477050781,0.31287285685539246,1.4915581941604614,-1.605086088180542,0.7240057587623596,1.4294503927230835,-1.3490626811981201,0.31430962681770325,1.4630323648452759,-1.465820074081421,0.6793040633201599,1.6985187530517578,-0.07306273281574249,0.34068888425827026,1.6859053373336792,0.07903469353914261,0.6457023024559021,2.384371042251587,-0.14832048118114471,0.3322126269340515,2.34757661819458,-0.22157232463359833,0.6366795301437378,2.9914209842681885,0.5171871781349182,0.33716556429862976,2.967433214187622,0.23263883590698242,0.645655632019043,3.099475622177124,0.5405943393707275,0.3396341800689697,3.0801620483398438,0.2514623999595642,0.566670835018158,3.213801383972168,-0.17783620953559875,0.37730762362480164,3.1761739253997803,-0.49988269805908203,0.4094975500126263,2
2026-09-24T12:31:38.520258,S013,S013_A5_Y_20260924_1231,elevated_20,A5,young,class_2,0.4450307786464691,0.5433679223060608,-1.6208107471466064,0.48870712518692017,0.45281746983528137,-1.5599591732025146,0.5191630125045776,0.4546627998352051,-1.5600364208221436,0.5472584366798401,0.4576014280319214,-1.5600510835647583,0.4176226556301117,0.4467209279537201,-1.538815975189209,0.3997361361980438,0.44507551193237305,-1.5387938022613525,0.38273459672927856,0.4449872672557831,-1.5394303798675537,0.6001783609390259,0.4901556670665741,-1.0697243213653564,0.3840084671974182,0.47515755891799927,-0.9559849500656128,0.5034095048904419,0.6343492865562439,-1.4225680828094482,0.4186415672302246,0.6306836009025574,-1.3928396701812744,0.8051419258117676,0.8599610924720764,-0.6896745562553406,0.23633523285388947,0.8592707514762878,-0.6116137504577637,0.8890253305435181,1.3378351926803589,-0.9075372815132141,0.15307146310806274,1.3096956014633179,-0.7245033383369446,0.7702279090881348,1.427489995956421,-1.4460644721984863,0.26646238565444946,1.471904993057251,-1.4697632789611816,0.7476749420166016,1.4752856492996216,-1.5761955976486206,0.2909923791885376,1.5570275783538818,-1.643675446510315,0.7177736759185791,1.420575499534607,-1.5668561458587646,0.31974729895591736,1.5023490190505981,-1.6459624767303467,0.7147455215454102,1.3971341848373413,-1.460632562637329,0.320713073015213,1.470255970954895,-1.4960284233093262,0.6793922185897827,1.6993416547775269,-0.0763559490442276,0.3411349356174469,1.6858646869659424,0.08211083710193634,0.6466039419174194,2.383903741836548,-0.16857092082500458,0.33383098244667053,2.34441876411438,-0.24122993648052216,0.6380044221878052,2.9912197589874268,0.5131751894950867,0.33933037519454956,2.963701009750366,0.23163668811321259,0.6467108726501465,3.099092960357666,0.5381930470466614,0.3416605293750763,3.0761210918426514,0.25202783942222595,0.5680747628211975,3.2073984146118164,-0.18024738132953644,0.37972119450569153,3.1678466796875,-0.4980982840061188,0.4094694467705377,2
2026-09-24T12:31:38.594865,S013,S013_A5_Y_20260924_1231,elevated_20,A5,young,class_2,0.4451681673526764,0.5412737727165222,-1.6131136417388916,0.4887625277042389,0.45103731751441956,-1.5576876401901245,0.5192208290100098,0.45265281200408936,-1.5577752590179443,0.5472652316093445,0.4554266333580017,-1.5577809810638428,0.41853055357933044,0.44558483362197876,-1.5362502336502075,0.40129804611206055,0.44380509853363037,-1.5361543893814087,0.3847130537033081,0.4436601400375366,-1.536780595779419,0.6001430153846741,0.48899951577186584,-1.079187273979187,0.38786154985427856,0.4745238125324249,-0.9615582227706909,0.5032872557640076,0.6330662369728088,-1.4210821390151978,0.4186747074127197,0.6288734674453735,-1.3902852535247803,0.80511075258255,0.8608325123786926,-0.6931116580963135,0.23825326561927795,0.8592292070388794,-0.5992538928985596,0.8925687074661255,1.3277777433395386,-0.8840821385383606,0.15360191464424133,1.3120237588882446,-0.7042228579521179,0.7884460091590881,1.4390991926193237,-1.4180271625518799,0.26285886764526367,1.5150644779205322,-1.4836692810058594,0.7734115719795227,1.5122321844100952,-1.556552529335022,0.2789496183395386,1.614005446434021,-1.6676515340805054,0.7395491003990173,1.4453738927841187,-1.5866135358810425,0.3142213225364685,1.5701159238815308,-1.6935011148452759,0.7336740493774414,1.4104589223861694,-1.4474986791610718,0.31852540373802185,1.5311144590377808,-1.5210354328155518,0.6795808672904968,1.6999256610870361,-0.07623130828142166,0.34167546033859253,1.6858969926834106,0.08197441697120667,0.6480315327644348,2.3754220008850098,-0.2792404592037201,0.3348638415336609,2.3320724964141846,-0.36477166414260864,0.6415402293205261,2.977738380432129,0.4072262644767761,0.34401175379753113,2.954735040664673,0.09395045042037964,0.648991584777832,3.08345627784729,0.4333237111568451,0.34837689995765686,3.0665626525878906,0.11115871369838715,0.5792733430862427,3.1893205642700195,-0.259883850812912,0.3828224241733551,3.152653217315674,-0.6147563457489014,0.40979018689970625,2
2026-09-24T12:31:38.655433,S013,S013_A5_Y_20260924_1231,elevated_20,A5,young,class_2,0.44525375962257385,0.5388384461402893,-1.6223739385604858,0.4892883896827698,0.4488501250743866,-1.5694983005523682,0.5194080471992493,0.4504539668560028,-1.5696899890899658,0.5473314523696899,0.4532563388347626,-1.5697276592254639,0.4196494221687317,0.44420304894447327,-1.5462265014648438,0.402829647064209,0.4425196945667267,-1.5462099313735962,0.3864123225212097,0.4425429701805115,-1.546927809715271,0.6001254320144653,0.48791176080703735,-1.0884606838226318,0.39040467143058777,0.47410696744918823,-0.9653958082199097,0.5032898187637329,0.6311958432197571,-1.4324027299880981,0.41870513558387756,0.6269859671592712,-1.3995387554168701,0.8051369786262512,0.8608776926994324,-0.7017395496368408,0.2391553372144699,0.8591910004615784,-0.6020866632461548,0.8926413655281067,1.325372338294983,-0.8906257748603821,0.1536107361316681,1.3136088848114014,-0.6980785131454468,0.785863995552063,1.4547438621520996,-1.4396305084228516,0.25485846400260925,1.532252550125122,-1.430524230003357,0.7698484659194946,1.5288447141647339,-1.5823301076889038,0.27088356018066406,1.6449581384658813,-1.6110347509384155,0.7358406782150269,1.4742515087127686,-1.611821174621582,0.30606862902641296,1.5921443700790405,-1.6446809768676758,0.7304121255874634,1.4392781257629395,-1.4697964191436768,0.3105134963989258,1.5481438636779785,-1.4698435068130493,0.6783009767532349,1.7000190019607544,-0.07625687122344971,0.34187036752700806,1.6855952739715576,0.08195997774600983,0.6476905941963196,2.365422248840332,-0.24956710636615753,0.33607497811317444,2.316664695739746,-0.35403209924697876,0.6420564651489258,2.965275764465332,0.41029611229896545,0.3452191948890686,2.9406304359436035,0.08788108825683594,0.6496064066886902,3.072582721710205,0.4336310923099518,0.34935909509658813,3.05515456199646,0.10355035215616226,0.5795347690582275,3.170776605606079,-0.25048762559890747,0.38437288999557495,3.1315977573394775,-0.610203206539154,0.4099320054214552,2
2026-09-24T12:31:38.713780,S013,S013_A5_Y_20260924_1231,elevated_20,A5,young,class_2,0.44534578919410706,0.536378800868988,-1.6181751489639282,0.48943790793418884,0.44685298204421997,-1.5688536167144775,0.5194339156150818,0.44852906465530396,-1.5690505504608154,0.5473514795303345,0.45125553011894226,-1.5690970420837402,0.4202788770198822,0.4425444006919861,-1.5440247058868408,0.40379422903060913,0.4410629868507385,-1.5440034866333008,0.3876011371612549,0.4413442015647888,-1.544715166091919,0.6001116633415222,0.4863640367984772,-1.0967214107513428,0.39261192083358765,0.4735385477542877,-0.9685835838317871,0.5032578110694885,0.6283591389656067,-1.4307050704956055,0.4187825322151184,0.625094473361969,-1.3970845937728882,0.8057400584220886,0.8604761362075806,-0.7104771137237549,0.24355867505073547,0.8586650490760803,-0.5891430377960205,0.8946639895439148,1.3228098154067993,-0.9054815173149109,0.1566753387451172,1.3101447820663452,-0.7100366950035095,0.7837802171707153,1.4644426107406616,-1.4364898204803467,0.2633435130119324,1.4864426851272583,-1.5289251804351807,0.7654295563697815,1.5393905639648438,-1.5708632469177246,0.287028968334198,1.5769842863082886,-1.7157491445541382,0.7325443029403687,1.487369418144226,-1.5931036472320557,0.31711381673812866,1.5193445682525635,-1.7212775945663452,0.7284194827079773,1.452308177947998,-1.4619327783584595,0.31889021396636963,1.484378695487976,-1.5589454174041748,0.6783543825149536,1.699223279953003,-0.07863709330558777,0.3440350890159607,1.6822726726531982,0.08414246886968613,0.6487711071968079,2.351282835006714,-0.23137474060058594,0.33706313371658325,2.2988128662109375,-0.3242706060409546,0.6439784169197083,2.9515273571014404,0.4162760376930237,0.352597177028656,2.926085948944092,0.10372372716665268,0.6508880853652954,3.0578322410583496,0.447371244430542,0.3587036728858948,3.0374042987823486,0.11768437922000885,0.5853148102760315,3.155794620513916,-0.2258232831954956,0.3886106312274933,3.120556116104126,-0.5804964900016785,0.40970891383271507,2
2026-09-24T12:31:38.774384,S013,S013_A5_Y_20260924_1231,elevated_20,A5,young,class_2,0.44543924927711487,0.5331250429153442,-1.5997964143753052,0.4894997477531433,0.44400566816329956,-1.5545974969863892,0.5194768309593201,0.4458015263080597,-1.5548211336135864,0.5473540425300598,0.44845664501190186,-1.5548841953277588,0.420567125082016,0.4401368498802185,-1.525336503982544,0.40427494049072266,0.43909743428230286,-1.5254709720611572,0.38820457458496094,0.43984419107437134,-1.5262092351913452,0.6000990271568298,0.48439979553222656,-1.0941911935806274,0.3938940167427063,0.47299253940582275,-0.9525566101074219,0.5031784772872925,0.6250888109207153,-1.4126532077789307,0.41883015632629395,0.6220976114273071,-1.3732872009277344,0.8061363101005554,0.8600760102272034,-0.7080339193344116,0.2492387741804123,0.8572123050689697,-0.5529776215553284,0.8990640640258789,1.3227825164794922,-0.9193779230117798,0.15724477171897888,1.2939984798431396,-0.7033146619796753,0.7787548899650574,1.4499708414077759,-1.4591749906539917,0.26358145475387573,1.4212698936462402,-1.5253195762634277,0.754207968711853,1.5121080875396729,-1.5849205255508423,0.29019880294799805,1.4944688081741333,-1.7030881643295288,0.726017951965332,1.455597996711731,-1.591437816619873,0.3158069849014282,1.4361151456832886,-1.697937250137329,0.7237680554389954,1.4263265132904053,-1.4765828847885132,0.31702274084091187,1.4092150926589966,-1.5506541728973389,0.6783929467201233,1.6991640329360962,-0.08333657681941986,0.347138911485672,1.6805459260940552,0.08862155675888062,0.649150013923645,2.3371434211730957,-0.21949942409992218,0.33766499161720276,2.2829504013061523,-0.27151647210121155,0.6453262567520142,2.9375572204589844,0.4859444499015808,0.3571413457393646,2.9111483097076416,0.23567339777946472,0.6518174409866333,3.0409722328186035,0.5213651061058044,0.3642818331718445,3.0165421962738037,0.2597276568412781,0.590497612953186,3.141810894012451,-0.15413479506969452,0.38904473185539246,3.1122360229492188,-0.4447328448295593,0.4095256900557918,2
2026-09-24T12:31:38.844040,S013,S013_A5_Y_20260924_1231,elevated_20,A5,young,class_2,0.44638076424598694,0.5333845019340515,-1.6105279922485352,0.4898768365383148,0.44372260570526123,-1.5743741989135742,0.5195559859275818,0.4452877938747406,-1.5745412111282349,0.547402024269104,0.44759950041770935,-1.5745266675949097,0.4218916893005371,0.4402061998844147,-1.546183705329895,0.4058724343776703,0.4391818344593048,-1.546270489692688,0.38981932401657104,0.4399217963218689,-1.5470463037490845,0.6002492308616638,0.4822307527065277,-1.1624765396118164,0.3959982395172119,0.4729450047016144,-1.0226128101348877,0.5036294460296631,0.6247367858886719,-1.4365766048431396,0.42016667127609253,0.6223004460334778,-1.3980624675750732,0.8071194887161255,0.8597367405891418,-0.7639485597610474,0.25940531492233276,0.8548263311386108,-0.6347752809524536,0.9010310173034668,1.3225563764572144,-0.9457210302352905,0.15832975506782532,1.2955210208892822,-0.6511551141738892,0.7774170637130737,1.4381905794143677,-1.452890157699585,0.22963230311870575,1.5541414022445679,-1.207687497138977,0.7533872723579407,1.4965629577636719,-1.571385145187378,0.23082897067070007,1.6770434379577637,-1.3450528383255005,0.7252069711685181,1.4448344707489014,-1.574139952659607,0.26726359128952026,1.6462689638137817,-1.374253511428833,0.7228589653968811,1.4171675443649292,-1.4681508541107178,0.2777637839317322,1.5980279445648193,-1.2391715049743652,0.6819013357162476,1.6963331699371338,-0.08312840759754181,0.35315409302711487,1.6751912832260132,0.0884256511926651,0.6505709886550903,2.3317742347717285,-0.21318507194519043,0.3482230305671692,2.2787816524505615,-0.26647791266441345,0.6521275639533997,2.930565357208252,0.48754826188087463,0.36980026960372925,2.901402473449707,0.252305805683136,0.6605567932128906,3.033980131149292,0.5216699838638306,0.3758232593536377,3.004756450653076,0.2779884934425354,0.5950239300727844,3.137913465499878,-0.1540963351726532,0.4007152020931244,3.1080973148345947,-0.4217652678489685,0.4087932140898898,2
2026-09-24T12:31:38.923635,S013,S013_A5_Y_20260924_1231,elevated_20,A5,young,class_2,0.44717326760292053,0.532956600189209,-1.5634801387786865,0.4904857575893402,0.44221773743629456,-1.5388766527175903,0.519920289516449,0.44366881251335144,-1.5389373302459717,0.5477430820465088,0.4457729160785675,-1.5388516187667847,0.42300254106521606,0.43932709097862244,-1.5077613592147827,0.4071519374847412,0.4385910928249359,-1.507698893547058,0.3911902904510498,0.4395765960216522,-1.5084072351455688,0.6009818911552429,0.4805228114128113,-1.1532562971115112,0.39805299043655396,0.4729125201702118,-1.0161182880401611,0.5043907761573792,0.6238221526145935,-1.4051480293273926,0.42150741815567017,0.6223145127296448,-1.3616857528686523,0.8084605932235718,0.8593264222145081,-0.7625507712364197,0.2670305371284485,0.8533856868743896,-0.6336764097213745,0.9014056324958801,1.3202804327011108,-0.8833311200141907,0.15894106030464172,1.2966926097869873,-0.5563967227935791,0.7751957774162292,1.4460378885269165,-1.269033670425415,0.2272038757801056,1.5861897468566895,-1.0667860507965088,0.7522232532501221,1.5085203647613525,-1.3753238916397095,0.22803206741809845,1.71365487575531,-1.1976574659347534,0.7211219072341919,1.457296371459961,-1.3790422677993774,0.2661038637161255,1.6834816932678223,-1.2342628240585327,0.7195044159889221,1.4287441968917847,-1.2832385301589966,0.2764715254306793,1.632827877998352,-1.100609302520752,0.6856194138526917,1.695793867111206,-0.08604423701763153,0.3574641942977905,1.6747058629989624,0.09133549779653549,0.6576516628265381,2.3330845832824707,-0.13436485826969147,0.3599141836166382,2.2844879627227783,-0.0689963847398758,0.6605066657066345,2.9314804077148438,0.6206080913543701,0.3782862722873688,2.903857946395874,0.4845021665096283,0.6702053546905518,3.0349411964416504,0.6584998369216919,0.3830792307853699,3.0088508129119873,0.5172519087791443,0.6027684211730957,3.1391568183898926,-0.018986118957400322,0.4093053936958313,3.109056234359741,-0.18320663273334503,0.4080218368894059,2
2026-09-24T12:31:39.001712,S013,S013_A5_Y_20260924_1231,elevated_20,A5,young,class_2,0.45623087882995605,0.5347335934638977,-1.5790584087371826,0.499314546585083,0.44287192821502686,-1.555067777633667,0.5274481177330017,0.4441557824611664,-1.5551271438598633,0.5531240701675415,0.44618576765060425,-1.5550475120544434,0.43169039487838745,0.4399821162223816,-1.5264639854431152,0.416631281375885,0.43905478715896606,-1.5264064073562622,0.40229734778404236,0.43974387645721436,-1.5270705223083496,0.6059452891349792,0.48053550720214844,-1.1624270677566528,0.40692138671875,0.47289329767227173,-1.0283453464508057,0.5111752152442932,0.6238826513290405,-1.41812264919281,0.42777180671691895,0.6230719685554504,-1.378100037574768,0.8127449750900269,0.8593168258666992,-0.7674100995063782,0.2714800238609314,0.8494217991828918,-0.6441842913627625,0.9041796922683716,1.3080723285675049,-0.8804363012313843,0.1631443202495575,1.2969790697097778,-0.6020085215568542,0.7912190556526184,1.4502066373825073,-1.2989442348480225,0.22724628448486328,1.5841509103775024,-1.1864655017852783,0.7764891386032104,1.5126127004623413,-1.4146063327789307,0.22887571156024933,1.70756995677948,-1.3354440927505493,0.7405980825424194,1.4636101722717285,-1.4129626750946045,0.2665832042694092,1.6728101968765259,-1.3861650228500366,0.7365447282791138,1.4303781986236572,-1.3152931928634644,0.27723580598831177,1.6242988109588623,-1.2275651693344116,0.69195556640625,1.6856458187103271,-0.08151131868362427,0.36342743039131165,1.6646267175674438,0.08670680969953537,0.6641826629638672,2.334547996520996,-0.12402013689279556,0.36765509843826294,2.2870380878448486,-0.07317852973937988,0.6630541086196899,2.9332146644592285,0.5725978016853333,0.3823893368244171,2.9054441452026367,0.2869768738746643,0.6718436479568481,3.0377449989318848,0.5946531891822815,0.38738781213760376,3.011765956878662,0.3017803430557251,0.6034156084060669,3.140906572341919,-0.028949221596121788,0.4170420169830322,3.1058309078216553,-0.3628162741661072,0.4079805300303137,2
2026-09-24T12:31:39.068150,S013,S013_A5_Y_20260924_1231,elevated_20,A5,young,class_2,0.46241849660873413,0.5351303815841675,-1.5474070310592651,0.5062707662582397,0.44301682710647583,-1.5150291919708252,0.5337096452713013,0.4443535804748535,-1.51509428024292,0.5580483675003052,0.446494996547699,-1.5150405168533325,0.43781882524490356,0.44003045558929443,-1.4899276494979858,0.4230070114135742,0.4391082525253296,-1.4897589683532715,0.4094621539115906,0.4397457540035248,-1.4904478788375854,0.6098700761795044,0.48070234060287476,-1.1268850564956665,0.4117209315299988,0.47286227345466614,-1.0034586191177368,0.5155557990074158,0.6237050890922546,-1.3867294788360596,0.43183469772338867,0.6230559945106506,-1.3509830236434937,0.8147805333137512,0.8614461421966553,-0.7382296919822693,0.27169540524482727,0.8490752577781677,-0.6400862336158752,0.9043571352958679,1.3082566261291504,-0.7018859386444092,0.16337719559669495,1.2976515293121338,-0.6070247888565063,0.8356622457504272,1.5829143524169922,-1.040966510772705,0.21802294254302979,1.6184052228927612,-1.2018380165100098,0.8487101793289185,1.6966341733932495,-1.1506445407867432,0.21128180623054504,1.7479294538497925,-1.3553574085235596,0.7956637144088745,1.675747275352478,-1.2102482318878174,0.2580832839012146,1.7247899770736694,-1.4054999351501465,0.7819429636001587,1.6213812828063965,-1.0801255702972412,0.2725653350353241,1.6730462312698364,-1.244018793106079,0.6934650540351868,1.6857177019119263,-0.07213370501995087,0.36491721868515015,1.6653376817703247,0.07765194773674011,0.6689989566802979,2.349769115447998,-0.15424545109272003,0.37047260999679565,2.307752847671509,-0.1688394397497177,0.6711263060569763,2.95609974861145,0.4926937520503998,0.3866655230522156,2.93088698387146,0.21472425758838654,0.6801098585128784,3.0634114742279053,0.51575767993927,0.39091581106185913,3.041398763656616,0.23110425472259521,0.6101950407028198,3.1710023880004883,-0.16207756102085114,0.423938512802124,3.1323888301849365,-0.49090757966041565,0.4080254152272987,2
2026-09-24T12:31:39.132172,S013,S013_A5_Y_20260924_1231,elevated_20,A5,young,class_2,0.4666208326816559,0.537217915058136,-1.5540721416473389,0.5107316374778748,0.44443389773368835,-1.5198521614074707,0.5379593968391418,0.4458690285682678,-1.5199278593063354,0.5616320371627808,0.4481538236141205,-1.5198825597763062,0.4407978653907776,0.4408831000328064,-1.494446039199829,0.4259170889854431,0.43969646096229553,-1.4943177700042725,0.4120383858680725,0.4400724470615387,-1.4950169324874878,0.6127902269363403,0.48173224925994873,-1.1250661611557007,0.4130951762199402,0.47297483682632446,-1.0096465349197388,0.5188937783241272,0.6241334080696106,-1.3897768259048462,0.4341830313205719,0.6233242750167847,-1.35255765914917,0.815919041633606,0.8636797070503235,-0.7342737913131714,0.2707313895225525,0.8489206433296204,-0.6591622233390808,0.9043386578559875,1.3132487535476685,-0.6647397875785828,0.1613772213459015,1.3030568361282349,-0.608457088470459,0.8459614515304565,1.625580072402954,-0.9823878407478333,0.21763399243354797,1.6240371465682983,-1.2226299047470093,0.8614800572395325,1.7467617988586426,-1.089695692062378,0.21300716698169708,1.7516871690750122,-1.3757216930389404,0.8058313131332397,1.727006196975708,-1.1488791704177856,0.25944069027900696,1.726446509361267,-1.4217567443847656,0.791244626045227,1.6693165302276611,-1.0209002494812012,0.27323073148727417,1.6746920347213745,-1.2629592418670654,0.6933613419532776,1.6862515211105347,-0.06764202564954758,0.36430788040161133,1.668400526046753,0.07331182062625885,0.6703291535377502,2.361318826675415,-0.14618101716041565,0.3707095980644226,2.3258159160614014,-0.1857534945011139,0.6725196242332458,2.972867488861084,0.5127816796302795,0.3875775635242462,2.9496090412139893,0.23571264743804932,0.6814724206924438,3.0819075107574463,0.538213849067688,0.39164960384368896,3.062507390975952,0.2550281882286072,0.61070317029953,3.1956307888031006,-0.15035566687583923,0.42548489570617676,3.1549599170684814,-0.48623985052108765,0.40784638834046555,2
2026-09-24T12:31:39.194089,S013,S013_A5_Y_20260924_1231,elevated_20,A5,young,class_2,0.5071906447410583,0.5400219559669495,-1.7599910497665405,0.547120213508606,0.4475933313369751,-1.6952831745147705,0.5686637163162231,0.4477396011352539,-1.6955163478851318,0.5890171527862549,0.44918516278266907,-1.695555329322815,0.47338780760765076,0.4471621811389923,-1.7005774974822998,0.4504636824131012,0.44611021876335144,-1.7004878520965576,0.4319848418235779,0.4457879364490509,-1.7010002136230469,0.6278844475746155,0.48190557956695557,-1.1713745594024658,0.41570574045181274,0.47472143173217773,-1.1811214685440063,0.5521782636642456,0.6249217391014099,-1.5475592613220215,0.4658173620700836,0.6238352060317993,-1.5528318881988525,0.8158559799194336,0.86537104845047,-0.7560104131698608,0.2656742036342621,0.8487351536750793,-0.7676538228988647,0.9040507078170776,1.3133801221847534,-0.7205480337142944,0.1682998090982437,1.3191933631896973,-0.7736960649490356,0.8539926409721375,1.6275111436843872,-1.0535485744476318,0.25410088896751404,1.566408395767212,-1.5311620235443115,0.8692767024040222,1.746518850326538,-1.293349027633667,0.26789021492004395,1.6667369604110718,-1.7289209365844727,0.8172887563705444,1.717263102531433,-1.4077212810516357,0.3002350628376007,1.6110775470733643,-1.781762719154358,0.8011382222175598,1.6613590717315674,-1.1788259744644165,0.3058622181415558,1.5684876441955566,-1.578724980354309,0.6957159042358398,1.6851942539215088,-0.06676138937473297,0.36452239751815796,1.6692274808883667,0.07242394238710403,0.6738182306289673,2.367805242538452,-0.1472204327583313,0.3736366629600525,2.3362815380096436,-0.18784648180007935,0.6726858615875244,2.980034828186035,0.6514950394630432,0.3913131356239319,2.9554901123046875,0.3607395589351654,0.6808881759643555,3.0861408710479736,0.6902228593826294,0.3946554958820343,3.0646328926086426,0.39420822262763977,0.6150404810905457,3.202303409576416,-0.06502947211265564,0.4358889162540436,3.1637983322143555,-0.431417852640152,0.4083283482275764,2
2026-09-24T12:31:39.273248,S013,S013_A5_Y_20260924_1231,elevated_20,A5,young,class_2,0.5297638773918152,0.5454791188240051,-1.732896089553833,0.5630173087120056,0.4525367021560669,-1.669396162033081,0.5821616649627686,0.4512062668800354,-1.6695835590362549,0.6016787886619568,0.45132267475128174,-1.669616937637329,0.49034643173217773,0.4554300606250763,-1.6801055669784546,0.4649442136287689,0.4547082185745239,-1.679846167564392,0.4435177743434906,0.4547390043735504,-1.6803277730941772,0.6338514089584351,0.4824282228946686,-1.1671591997146606,0.41784387826919556,0.47999367117881775,-1.1860893964767456,0.5695025324821472,0.6284641027450562,-1.5244423151016235,0.4871784746646881,0.6286270618438721,-1.5355689525604248,0.8157386779785156,0.8660587668418884,-0.7457680106163025,0.259232759475708,0.8514400124549866,-0.7988854646682739,0.9046996831893921,1.3136717081069946,-0.6813134551048279,0.17052921652793884,1.3525965213775635,-0.7436246275901794,0.8597275018692017,1.6395175457000732,-1.1421735286712646,0.25684013962745667,1.6020618677139282,-1.4345085620880127,0.8773742914199829,1.7635012865066528,-1.3173882961273193,0.26780134439468384,1.711368203163147,-1.612400770187378,0.8235859870910645,1.740766167640686,-1.4113423824310303,0.3037453591823578,1.6581617593765259,-1.6672298908233643,0.8060107231140137,1.6844817399978638,-1.2128722667694092,0.3102126121520996,1.6094738245010376,-1.4763779640197754,0.7028444409370422,1.684762716293335,-0.06124236434698105,0.36503756046295166,1.673841118812561,0.06700638681650162,0.6799833178520203,2.373626232147217,-0.07583595812320709,0.3748289942741394,2.3530828952789307,-0.1795036345720291,0.6780775785446167,2.9814743995666504,0.819490909576416,0.3947269022464752,2.961771249771118,0.48176270723342896,0.6851413249969482,3.085869312286377,0.8649615049362183,0.3982767164707184,3.066693067550659,0.5226492285728455,0.6210947632789612,3.206634044647217,0.11450505256652832,0.4466988146305084,3.176983118057251,-0.3102272152900696,0.40885035250738094,2
2026-09-24T12:31:39.349818,S013,S013_A5_Y_20260924_1231,elevated_20,A5,young,class_2,0.5481669306755066,0.5481555461883545,-1.8300148248672485,0.5740481615066528,0.4561764895915985,-1.7562215328216553,0.5919547080993652,0.4544540047645569,-1.7565559148788452,0.6100948452949524,0.45390570163726807,-1.7566707134246826,0.5053895115852356,0.46021175384521484,-1.775550127029419,0.4792173504829407,0.4602970778942108,-1.7757021188735962,0.4554741382598877,0.46163713932037354,-1.7763662338256836,0.6361249089241028,0.48433801531791687,-1.196121335029602,0.42081212997436523,0.48878565430641174,-1.2691724300384521,0.5799610614776611,0.6300622224807739,-1.6036401987075806,0.503254234790802,0.6322462558746338,-1.6271040439605713,0.811581015586853,0.8641383051872253,-0.7458800673484802,0.2586744427680969,0.8528919816017151,-0.8457727432250977,0.8966163396835327,1.2914067506790161,-0.7452194690704346,0.17653381824493408,1.3666430711746216,-0.8321924209594727,0.8549524545669556,1.5300606489181519,-1.430134892463684,0.2800633907318115,1.6005911827087402,-1.502644658088684,0.8675863146781921,1.6244620084762573,-1.5968714952468872,0.3019752502441406,1.703472375869751,-1.6862884759902954,0.8157414197921753,1.5802867412567139,-1.6582329273223877,0.32819873094558716,1.6396812200546265,-1.7316789627075195,0.7997502088546753,1.536197543144226,-1.4810748100280762,0.3290911912918091,1.5921517610549927,-1.540866732597351,0.7052397727966309,1.683764100074768,-0.05248323827981949,0.36815160512924194,1.6746666431427002,0.057657551020383835,0.6812163591384888,2.3687167167663574,-0.08041679859161377,0.3801943063735962,2.352370500564575,-0.26398006081581116,0.6824511289596558,2.9740006923675537,0.8018630743026733,0.40212440490722656,2.9551992416381836,0.31017249822616577,0.687552809715271,3.0779714584350586,0.8315814733505249,0.40411385893821716,3.0575129985809326,0.3380451798439026,0.6359068155288696,3.1901280879974365,0.05183272808790207,0.4585908055305481,3.1637604236602783,-0.46422067284584045,0.4095649338705698,2
2026-09-24T12:31:39.419200,S013,S013_A5_Y_20260924_1231,elevated_20,A5,young,class_2,0.5516717433929443,0.5499784350395203,-1.816594123840332,0.5766414403915405,0.4577197730541229,-1.7448101043701172,0.5946906208992004,0.45564448833465576,-1.7451082468032837,0.6126159429550171,0.45464321970939636,-1.7451927661895752,0.5083824992179871,0.4625263512134552,-1.7632325887680054,0.48198723793029785,0.4629659652709961,-1.7634389400482178,0.45780736207962036,0.4648984968662262,-1.7640917301177979,0.6372233629226685,0.4844982922077179,-1.1901565790176392,0.42187586426734924,0.4922327399253845,-1.261109709739685,0.5829144716262817,0.6307698488235474,-1.5927016735076904,0.5073977708816528,0.6343896985054016,-1.6153818368911743,0.808709979057312,0.8624441027641296,-0.7371881008148193,0.2586260735988617,0.8557517528533936,-0.8550467491149902,0.8957616686820984,1.279165267944336,-0.8920432329177856,0.18481913208961487,1.369995355606079,-0.9282581210136414,0.853809654712677,1.3898062705993652,-1.6562057733535767,0.29546666145324707,1.5864440202713013,-1.6015894412994385,0.8583289384841919,1.4398845434188843,-1.8194248676300049,0.31977394223213196,1.6811537742614746,-1.7756931781768799,0.8090136647224426,1.3841103315353394,-1.8425077199935913,0.34206539392471313,1.6089661121368408,-1.8028442859649658,0.7945824861526489,1.3614050149917603,-1.6912997961044312,0.3416035771369934,1.5661879777908325,-1.6316919326782227,0.7084607481956482,1.6863045692443848,-0.04852812737226486,0.3728216290473938,1.681601881980896,0.053436774760484695,0.6822384595870972,2.3686397075653076,-0.07301098853349686,0.38427096605300903,2.3494884967803955,-0.22991493344306946,0.6859639883041382,2.972508192062378,0.7162879109382629,0.40790557861328125,2.9543862342834473,0.3605279326438904,0.6900807619094849,3.076228618621826,0.7490330338478088,0.40915757417678833,3.0536770820617676,0.39014214277267456,0.6440598368644714,3.184252977371216,0.033558864146471024,0.464832067489624,3.163059949874878,-0.3734878897666931,0.4106862925748856,2
2026-09-24T12:31:39.490072,S013,S013_A5_Y_20260924_1231,elevated_20,A5,young,class_2,0.5401789546012878,0.5493329763412476,-1.8003240823745728,0.5691636204719543,0.4572222828865051,-1.7264093160629272,0.588925302028656,0.4549711346626282,-1.7267611026763916,0.6083492636680603,0.45401105284690857,-1.7268625497817993,0.5007028579711914,0.46231043338775635,-1.7354700565338135,0.4764178395271301,0.4625982940196991,-1.7357137203216553,0.4532566964626312,0.46444910764694214,-1.7363697290420532,0.6360164284706116,0.4843863844871521,-1.187193512916565,0.42178216576576233,0.49213144183158875,-1.2056158781051636,0.5763993859291077,0.628983736038208,-1.5761913061141968,0.4988418519496918,0.6318743228912354,-1.587238073348999,0.8067096471786499,0.8627708554267883,-0.7392140626907349,0.2532113492488861,0.8557714223861694,-0.8453195691108704,0.8914191126823425,1.2763361930847168,-0.9020039439201355,0.1829564869403839,1.3522268533706665,-0.8944109678268433,0.8407976031303406,1.434095025062561,-1.5927653312683105,0.29453903436660767,1.4687328338623047,-1.7488988637924194,0.8415411114692688,1.5041900873184204,-1.7596467733383179,0.3090774714946747,1.5420973300933838,-1.9574177265167236,0.8009136319160461,1.4589546918869019,-1.813675880432129,0.3356833755970001,1.4728540182113647,-1.980751395225525,0.7882220149040222,1.4255411624908447,-1.6376638412475586,0.3316187262535095,1.4401150941848755,-1.7867205142974854,0.7081456780433655,1.6860287189483643,-0.054045386612415314,0.37256166338920593,1.6809675693511963,0.05902118608355522,0.6833706498146057,2.351975917816162,-0.24412724375724792,0.3827931582927704,2.3090853691101074,-0.42219823598861694,0.6857913732528687,2.950115919113159,0.5142123103141785,0.40758243203163147,2.920795440673828,0.1493452936410904,0.689739465713501,3.0527963638305664,0.5453693270683289,0.4102516174316406,3.0217654705047607,0.17632557451725006,0.6418079137802124,3.1534276008605957,-0.1837557554244995,0.4607394337654114,3.119929552078247,-0.590205729007721,0.41109891505391605,2
2026-09-24T12:31:39.566253,S013,S013_A5_Y_20260924_1231,elevated_20,A5,young,class_2,0.5341590642929077,0.5495396256446838,-1.7792202234268188,0.5652376413345337,0.45733416080474854,-1.709120750427246,0.5859643816947937,0.4549581706523895,-1.7094281911849976,0.60733562707901,0.45381394028663635,-1.709520936012268,0.4977274537086487,0.46315985918045044,-1.7148555517196655,0.47500020265579224,0.4636923670768738,-1.714942216873169,0.45109742879867554,0.4651746153831482,-1.715529203414917,0.6352313160896301,0.48413142561912537,-1.1728191375732422,0.4199090600013733,0.4920297861099243,-1.1840159893035889,0.5725448131561279,0.628930389881134,-1.5587302446365356,0.49432888627052307,0.6318750977516174,-1.5645159482955933,0.8037897348403931,0.8626056909561157,-0.7300838828086853,0.2510121464729309,0.8557641506195068,-0.7720059156417847,0.8907850980758667,1.277231216430664,-0.8769079446792603,0.1821138709783554,1.336242914199829,-0.841707706451416,0.8183461427688599,1.444961428642273,-1.495206356048584,0.2836982011795044,1.4888134002685547,-1.600398302078247,0.8107334971427917,1.52236008644104,-1.6553694009780884,0.29360511898994446,1.5769388675689697,-1.7914167642593384,0.7722406387329102,1.4733898639678955,-1.6994396448135376,0.3185010254383087,1.515128254890442,-1.828944444656372,0.7633122205734253,1.43705153465271,-1.5356926918029785,0.3179034888744354,1.4766827821731567,-1.6402721405029297,0.7077679634094238,1.685834288597107,-0.06316990405321121,0.37226736545562744,1.6806734800338745,0.0684848502278328,0.6838129162788391,2.3520212173461914,-0.21515300869941711,0.386565625667572,2.309619665145874,-0.3715216815471649,0.6857681274414062,2.950662851333618,0.5293103456497192,0.40767645835876465,2.919832944869995,0.15963909029960632,0.6900124549865723,3.053400993347168,0.5591369867324829,0.40988826751708984,3.022864818572998,0.17875006794929504,0.6397167444229126,3.155362844467163,-0.1818893700838089,0.45884400606155396,3.1193952560424805,-0.5349180102348328,0.41133231318985275,2
2026-09-24T12:31:39.643850,S013,S013_A5_Y_20260924_1231,elevated_20,A5,young,class_2,0.5327881574630737,0.5464180707931519,-1.6924636363983154,0.5646113157272339,0.45369258522987366,-1.6165441274642944,0.5856209993362427,0.45108574628829956,-1.6168237924575806,0.6045972108840942,0.4499536156654358,-1.6167056560516357,0.4941823482513428,0.46114692091941833,-1.622182846069336,0.4705764353275299,0.46229445934295654,-1.6219600439071655,0.4498118460178375,0.46412643790245056,-1.6225261688232422,0.6327511072158813,0.48217564821243286,-1.0928871631622314,0.41702884435653687,0.491583913564682,-1.1006438732147217,0.5706807374954224,0.6251814961433411,-1.485079050064087,0.493391215801239,0.6279028654098511,-1.490375280380249,0.8016660809516907,0.8642082214355469,-0.697364091873169,0.2490149438381195,0.8560906648635864,-0.7239282131195068,0.8852015733718872,1.2891441583633423,-0.7298793196678162,0.1630251705646515,1.3413633108139038,-0.6931737065315247,0.8176566958427429,1.5683550834655762,-1.239919900894165,0.23486414551734924,1.5892951488494873,-1.3608217239379883,0.8132253885269165,1.6829205751419067,-1.3941900730133057,0.2347041368484497,1.7057758569717407,-1.5463117361068726,0.7716597318649292,1.6543056964874268,-1.4575741291046143,0.27591386437416077,1.6622017621994019,-1.6116056442260742,0.7608912587165833,1.6016722917556763,-1.2893784046173096,0.2843708395957947,1.6127302646636963,-1.411433458328247,0.703112781047821,1.690719723701477,-0.0629364624619484,0.364351361989975,1.688135027885437,0.06837304681539536,0.6833333373069763,2.3683550357818604,-0.23066255450248718,0.3862881064414978,2.3316383361816406,-0.33382660150527954,0.6851249933242798,2.9723737239837646,0.5065960884094238,0.4055202901363373,2.9406514167785645,0.19510866701602936,0.6896690130233765,3.0781173706054688,0.5350267291069031,0.4067162871360779,3.0506975650787354,0.21830420196056366,0.6340068578720093,3.185520887374878,-0.2153947800397873,0.45819124579429626,3.138096809387207,-0.5552688837051392,0.41151967628463876,2
2026-09-24T12:31:39.726053,S013,S013_A5_Y_20260924_1231,elevated_20,A5,young,class_2,0.5291093587875366,0.5321948528289795,-1.6178245544433594,0.5624397397041321,0.4408527612686157,-1.5483561754226685,0.5839903354644775,0.4387466609477997,-1.5485084056854248,0.6020067930221558,0.4386187195777893,-1.5483404397964478,0.48743921518325806,0.44968846440315247,-1.5506706237792969,0.46430760622024536,0.45240694284439087,-1.5503896474838257,0.44661369919776917,0.45539727807044983,-1.5510141849517822,0.6316120624542236,0.47618624567985535,-1.0705760717391968,0.41488999128341675,0.48791155219078064,-1.0644999742507935,0.5696235299110413,0.6111031770706177,-1.4335764646530151,0.48707595467567444,0.6162563562393188,-1.433247447013855,0.8017235994338989,0.8704366087913513,-0.6994643807411194,0.24735526740550995,0.8621474504470825,-0.7454909086227417,0.8873956799507141,1.3283485174179077,-0.7189184427261353,0.1567542850971222,1.377813696861267,-0.7043536305427551,0.837469756603241,1.6791163682937622,-1.213694453239441,0.21503467857837677,1.7118524312973022,-1.2928601503372192,0.8532713055610657,1.8097134828567505,-1.3700824975967407,0.20687159895896912,1.846192479133606,-1.469184398651123,0.7937391996383667,1.7971606254577637,-1.4342224597930908,0.25850972533226013,1.8208328485488892,-1.5445961952209473,0.776436448097229,1.738874912261963,-1.2647240161895752,0.2723453640937805,1.7645785808563232,-1.345818281173706,0.7025095820426941,1.709847092628479,-0.05949939414858818,0.3601473867893219,1.710824966430664,0.06537821888923645,0.6814666986465454,2.403311252593994,-0.1432100087404251,0.3765126168727875,2.3760576248168945,-0.23705479502677917,0.6813125014305115,3.0101239681243896,0.7202007174491882,0.3898242712020874,2.9816091060638428,0.41869035363197327,0.6870608329772949,3.119839668273926,0.7626485228538513,0.3902670443058014,3.095720052719116,0.45790010690689087,0.6252094507217407,3.2332661151885986,0.04311717301607132,0.4408608078956604,3.1866579055786133,-0.3227009177207947,0.4117326194124568,2
2026-09-24T12:31:39.802020,S013,S013_A5_Y_20260924_1231,elevated_20,A5,young,class_2,0.5264346599578857,0.5250067114830017,-1.6275602579116821,0.5614443421363831,0.4353790283203125,-1.56635320186615,0.5830596089363098,0.43432629108428955,-1.5666072368621826,0.6005169153213501,0.4350728392601013,-1.5666311979293823,0.4843851625919342,0.44219645857810974,-1.5693647861480713,0.4614803194999695,0.44491347670555115,-1.5692408084869385,0.44514599442481995,0.4479411840438843,-1.5697845220565796,0.6308548450469971,0.47405412793159485,-1.0904308557510376,0.41399136185646057,0.4817785322666168,-1.0774955749511719,0.5692671537399292,0.6039733290672302,-1.4498584270477295,0.48182493448257446,0.606860339641571,-1.4466378688812256,0.8010252118110657,0.873691737651825,-0.7097651958465576,0.24569067358970642,0.8628684282302856,-0.7767804861068726,0.8876467943191528,1.3292044401168823,-0.7399291396141052,0.1492358297109604,1.379513144493103,-0.7129143476486206,0.8410199880599976,1.648490071296692,-1.2601882219314575,0.2092967927455902,1.723066806793213,-1.2777388095855713,0.8589231371879578,1.7669062614440918,-1.4089864492416382,0.20268777012825012,1.8597368001937866,-1.4510319232940674,0.8003355860710144,1.7455925941467285,-1.4497003555297852,0.25550147891044617,1.8310104608535767,-1.5179061889648438,0.7814838290214539,1.6925305128097534,-1.3016749620437622,0.2698715329170227,1.7744945287704468,-1.32607102394104,0.6979353427886963,1.7111527919769287,-0.05106358602643013,0.3520873486995697,1.7096141576766968,0.05726625397801399,0.6697090864181519,2.408557653427124,-0.17499639093875885,0.36251747608184814,2.3771955966949463,-0.34161460399627686,0.6640686392784119,3.018176794052124,0.6470555663108826,0.36676931381225586,2.9887545108795166,0.2550831139087677,0.6688245534896851,3.128699779510498,0.6823432445526123,0.3666747510433197,3.1041579246520996,0.28461605310440063,0.6054090261459351,3.241302251815796,-0.04761717841029167,0.4141654372215271,3.1929588317871094,-0.5166850686073303,0.41198088378730585,2
2026-09-24T12:31:39.878667,S013,S013_A5_Y_20260924_1231,elevated_20,A5,young,class_2,0.5257188081741333,0.5116061568260193,-1.6452677249908447,0.5602485537528992,0.42625686526298523,-1.5826952457427979,0.5810915231704712,0.4256958067417145,-1.5829315185546875,0.5981016755104065,0.42696455121040344,-1.5829254388809204,0.48325785994529724,0.43256157636642456,-1.584666132926941,0.46050581336021423,0.43568888306617737,-1.584545373916626,0.4444442689418793,0.43900883197784424,-1.5851304531097412,0.6282539963722229,0.46666499972343445,-1.0941917896270752,0.41357627511024475,0.47470349073410034,-1.0840322971343994,0.5678342580795288,0.5917797088623047,-1.4592013359069824,0.48158279061317444,0.5957841277122498,-1.4562097787857056,0.8008896708488464,0.8746885657310486,-0.7094881534576416,0.24502818286418915,0.8639095425605774,-0.7702494263648987,0.8877121210098267,1.3290272951126099,-0.7497305274009705,0.1459454596042633,1.378248929977417,-0.6996456384658813,0.8399626016616821,1.625633955001831,-1.2765370607376099,0.2131442129611969,1.7155585289001465,-1.2663204669952393,0.8548235893249512,1.7390894889831543,-1.4220683574676514,0.21006043255329132,1.8494592905044556,-1.4450538158416748,0.8000572919845581,1.7133511304855347,-1.4845386743545532,0.25622788071632385,1.8179668188095093,-1.5095329284667969,0.78106689453125,1.6624431610107422,-1.309429407119751,0.2704753279685974,1.7624260187149048,-1.3138874769210815,0.6974815130233765,1.7147808074951172,-0.047842707484960556,0.3512662649154663,1.7138278484344482,0.05406844615936279,0.6702231168746948,2.4142556190490723,-0.1603149175643921,0.36354342103004456,2.3810830116271973,-0.3284306228160858,0.6690708994865417,3.023843288421631,0.6606025695800781,0.37100186944007874,2.9949240684509277,0.26110032200813293,0.6738405227661133,3.135148286819458,0.6968907117843628,0.3703780770301819,3.1113290786743164,0.2953405976295471,0.6142340898513794,3.2445924282073975,-0.03442263603210449,0.4216405749320984,3.1960723400115967,-0.5034241080284119,0.41193050224517885,2
2026-09-24T12:31:39.955150,S013,S013_A5_Y_20260924_1231,elevated_20,A5,young,class_2,0.5251756906509399,0.5038689374923706,-1.627740502357483,0.5598849654197693,0.4197595417499542,-1.5635042190551758,0.5804354548454285,0.4193779528141022,-1.5636988878250122,0.5971156358718872,0.4209347665309906,-1.563672423362732,0.48295527696609497,0.4257766008377075,-1.566688895225525,0.4600532054901123,0.42918676137924194,-1.5665117502212524,0.44395509362220764,0.43272966146469116,-1.5671522617340088,0.6263501048088074,0.4608972370624542,-1.0877996683120728,0.4130737781524658,0.4695856273174286,-1.0836288928985596,0.5666506290435791,0.5858895778656006,-1.4434791803359985,0.48108139634132385,0.5900265574455261,-1.443230152130127,0.8008780479431152,0.8753845691680908,-0.709269106388092,0.24186404049396515,0.8644075989723206,-0.7693887948989868,0.8870841860771179,1.331130862236023,-0.7314489483833313,0.14118635654449463,1.3839033842086792,-0.6784247159957886,0.8412851095199585,1.6572819948196411,-1.2552244663238525,0.2058141678571701,1.7420574426651,-1.1864148378372192,0.8605285882949829,1.783099889755249,-1.4140188694000244,0.1998581886291504,1.880048394203186,-1.3561997413635254,0.8025031089782715,1.7682068347930908,-1.4809855222702026,0.25196999311447144,1.8573276996612549,-1.4349868297576904,0.7829604744911194,1.7125273942947388,-1.303434133529663,0.26668545603752136,1.8000926971435547,-1.2377777099609375,0.6950980424880981,1.718553066253662,-0.04580695182085037,0.3477189540863037,1.71770179271698,0.05204443261027336,0.669155478477478,2.4202351570129395,-0.0636497288942337,0.35953113436698914,2.3891758918762207,-0.2306338995695114,0.6682687997817993,3.0344350337982178,0.7734693884849548,0.3691352903842926,3.0060834884643555,0.4182022213935852,0.6732880473136902,3.14837908744812,0.8140681385993958,0.36853963136672974,3.1238317489624023,0.4574640691280365,0.6137329936027527,3.256554126739502,0.10434931516647339,0.42013177275657654,3.210266590118408,-0.32554009556770325,0.4122511733545583,2
2026-09-24T12:31:40.049063,S013,S013_A5_Y_20260924_1231,elevated_20,A5,young,class_2,0.5247175693511963,0.5018686652183533,-1.6153119802474976,0.5592466592788696,0.4174373745918274,-1.5526299476623535,0.5792636871337891,0.4168301224708557,-1.5527857542037964,0.5960590839385986,0.41818320751190186,-1.5526893138885498,0.4826175272464752,0.42372116446495056,-1.55499267578125,0.4596390724182129,0.42711183428764343,-1.5547071695327759,0.4434134364128113,0.4307354986667633,-1.5553325414657593,0.6250543594360352,0.4577016532421112,-1.0867493152618408,0.4129912853240967,0.4678483009338379,-1.0809627771377563,0.5657841563224792,0.5833127498626709,-1.433231234550476,0.48022231459617615,0.5875739455223083,-1.4324086904525757,0.8009015917778015,0.8753379583358765,-0.7049863934516907,0.2410782128572464,0.8643823266029358,-0.7664796113967896,0.8865271806716919,1.3303848505020142,-0.6974393725395203,0.1366046965122223,1.3817347288131714,-0.635360836982727,0.8405840992927551,1.6491752862930298,-1.1732592582702637,0.19290277361869812,1.7464038133621216,-1.0779879093170166,0.8601617813110352,1.7723727226257324,-1.3215501308441162,0.18171092867851257,1.8852952718734741,-1.235352873802185,0.8021966814994812,1.7567442655563354,-1.387230634689331,0.23792743682861328,1.8653427362442017,-1.3133001327514648,0.7827701568603516,1.702226161956787,-1.2235528230667114,0.25528019666671753,1.8075228929519653,-1.1275460720062256,0.6934899091720581,1.7177066802978516,-0.04525762051343918,0.3465968072414398,1.716379165649414,0.05147191882133484,0.6666218042373657,2.4166619777679443,-0.08486010134220123,0.3581497073173523,2.385382652282715,-0.2377910614013672,0.6656454801559448,3.0296759605407715,0.7183943390846252,0.3682832419872284,3.001340627670288,0.38226673007011414,0.6707700490951538,3.142387628555298,0.755768358707428,0.3682233691215515,3.1175055503845215,0.4171745777130127,0.6095075607299805,3.250863790512085,0.03903653472661972,0.4176238477230072,3.2054097652435303,-0.3636779189109802,0.4125696536614145,2
2026-09-24T12:31:40.138613,S013,S013_A5_Y_20260924_1231,elevated_20,A5,young,class_2,0.5190712213516235,0.5025774240493774,-1.5407112836837769,0.5550155639648438,0.41667163372039795,-1.4837700128555298,0.5756343603134155,0.41604846715927124,-1.4839056730270386,0.5928539633750916,0.4172559678554535,-1.483825445175171,0.47835713624954224,0.4230533242225647,-1.47849440574646,0.45626750588417053,0.42639055848121643,-1.478054404258728,0.4409298896789551,0.4299035668373108,-1.4787228107452393,0.622946560382843,0.4560782015323639,-1.0367740392684937,0.41288989782333374,0.46655383706092834,-0.994540810585022,0.5624057054519653,0.5835468173027039,-1.3639476299285889,0.4759818911552429,0.5887510776519775,-1.352508544921875,0.8018366098403931,0.8758684396743774,-0.6662490367889404,0.2412438690662384,0.8633232712745667,-0.7096306085586548,0.8870170712471008,1.3389852046966553,-0.6625593304634094,0.13744518160820007,1.3791486024856567,-0.5787338614463806,0.8402032852172852,1.6977704763412476,-1.1459382772445679,0.17760655283927917,1.743606686592102,-1.057328462600708,0.8599456548690796,1.8315192461013794,-1.3009107112884521,0.15940865874290466,1.8822771310806274,-1.2204644680023193,0.8015422821044922,1.8213011026382446,-1.3669918775558472,0.21642827987670898,1.8673251867294312,-1.308310627937317,0.7824101448059082,1.7618838548660278,-1.1979045867919922,0.23732300102710724,1.8109724521636963,-1.1129581928253174,0.6902886629104614,1.723075032234192,-0.045574188232421875,0.3424553871154785,1.7168972492218018,0.051727019250392914,0.6519036889076233,2.4244749546051025,-0.09049404412508011,0.3369259536266327,2.3898801803588867,-0.19075030088424683,0.6429018974304199,3.0407183170318604,0.7153786420822144,0.34018269181251526,3.0092244148254395,0.4274432063102722,0.6492558717727661,3.1561167240142822,0.7538196444511414,0.3397817015647888,3.1269023418426514,0.4644009470939636,0.5796265602111816,3.260637044906616,0.037407416850328445,0.3869704306125641,3.215153455734253,-0.3112855851650238,0.41302867760532536,2
2026-09-24T12:31:40.218778,S013,S013_A5_Y_20260924_1231,elevated_20,A5,young,class_2,0.5136265754699707,0.5034142732620239,-1.4177958965301514,0.5506541132926941,0.4169486165046692,-1.3622798919677734,0.572407603263855,0.41629451513290405,-1.3624039888381958,0.5903374552726746,0.41740599274635315,-1.362216830253601,0.4739793837070465,0.42325642704963684,-1.3522533178329468,0.4527145326137543,0.4264870285987854,-1.3515856266021729,0.4379039704799652,0.4298126995563507,-1.3521203994750977,0.6219764947891235,0.45565348863601685,-0.930855929851532,0.4128445088863373,0.46607476472854614,-0.8605780601501465,0.5597500801086426,0.5841888189315796,-1.2497525215148926,0.4719398617744446,0.5895150899887085,-1.230384349822998,0.8039344549179077,0.8737863302230835,-0.6039792895317078,0.24386635422706604,0.8633347153663635,-0.6089979410171509,0.8875166773796082,1.3380396366119385,-0.6523874998092651,0.158580020070076,1.3824715614318848,-0.5580910444259644,0.8402336239814758,1.6914198398590088,-1.143710732460022,0.18073736131191254,1.7429364919662476,-1.1117178201675415,0.8616164326667786,1.824999213218689,-1.3006043434143066,0.15751495957374573,1.8785755634307861,-1.2808139324188232,0.8008740544319153,1.8163838386535645,-1.3677090406417847,0.21181342005729675,1.8623055219650269,-1.373352289199829,0.78212571144104,1.758577823638916,-1.19623863697052,0.23559565842151642,1.8070045709609985,-1.1709693670272827,0.6949446201324463,1.7223018407821655,-0.04934268817305565,0.34942781925201416,1.7167036533355713,0.055693142116069794,0.6585830450057983,2.4223930835723877,-0.09802022576332092,0.34277278184890747,2.3907248973846436,-0.12507249414920807,0.6508430242538452,3.037304162979126,0.6890517473220825,0.34448128938674927,3.0085248947143555,0.4297984540462494,0.6607440710067749,3.1525676250457764,0.7225646376609802,0.3424310088157654,3.124244213104248,0.4607826769351959,0.5819726586341858,3.2564597129821777,0.004645545966923237,0.3885987401008606,3.2149605751037598,-0.30346548557281494,0.4136120433333527,2
2026-09-24T12:31:40.306747,S013,S013_A5_Y_20260924_1231,elevated_20,A5,young,class_2,0.5111293792724609,0.5042190551757812,-1.3601906299591064,0.5487223863601685,0.4172970950603485,-1.3055275678634644,0.5707990527153015,0.4166004955768585,-1.3056180477142334,0.5888033509254456,0.41764718294143677,-1.3054171800613403,0.472037136554718,0.42359551787376404,-1.295083999633789,0.45108404755592346,0.4267617464065552,-1.2943792343139648,0.436656653881073,0.4300001263618469,-1.2948663234710693,0.6209829449653625,0.4556010067462921,-0.8840698003768921,0.4128127992153168,0.46600258350372314,-0.8124526143074036,0.5580037832260132,0.5848726630210876,-1.1965820789337158,0.4696729779243469,0.5902052521705627,-1.1768219470977783,0.804408848285675,0.8717767596244812,-0.5778819918632507,0.24749323725700378,0.8633219599723816,-0.5649787187576294,0.8873416781425476,1.3371299505233765,-0.6578061580657959,0.17126570641994476,1.382830262184143,-0.5441922545433044,0.8358666300773621,1.6776721477508545,-1.1525795459747314,0.1814073622226715,1.739823818206787,-1.1298754215240479,0.8591092228889465,1.8042771816253662,-1.3076212406158447,0.15322427451610565,1.8737751245498657,-1.3002177476882935,0.7937008142471313,1.7903019189834595,-1.370879888534546,0.20695869624614716,1.856893539428711,-1.3923720121383667,0.7750700116157532,1.7348066568374634,-1.2032748460769653,0.232756108045578,1.8016101121902466,-1.1897071599960327,0.6989165544509888,1.7202551364898682,-0.0508359856903553,0.3554975390434265,1.716584324836731,0.0573318675160408,0.6660616397857666,2.4131529331207275,-0.10157723724842072,0.35268351435661316,2.389606475830078,-0.1325639933347702,0.6642190217971802,3.030142068862915,0.5787296891212463,0.35906994342803955,3.0066440105438232,0.3765161633491516,0.6764851808547974,3.1449570655822754,0.6008260250091553,0.3563045859336853,3.1218771934509277,0.39248865842819214,0.5890871286392212,3.2457706928253174,-0.1168048158288002,0.40416964888572693,3.2146506309509277,-0.3411845564842224,0.41413225744536525,2
2026-09-24T12:31:40.430341,S013,S013_A5_Y_20260924_1231,elevated_20,A5,young,class_2,0.5104568600654602,0.5045255422592163,-1.4499366283416748,0.5484713315963745,0.41670945286750793,-1.3901636600494385,0.5705946683883667,0.41592657566070557,-1.3902809619903564,0.5887271165847778,0.41686028242111206,-1.3900697231292725,0.4715297222137451,0.42318445444107056,-1.383325457572937,0.45055222511291504,0.42630526423454285,-1.3827965259552002,0.43617263436317444,0.42951810359954834,-1.3833245038986206,0.6209080815315247,0.4546278715133667,-0.9370170831680298,0.41274815797805786,0.46540185809135437,-0.8846362829208374,0.5575277805328369,0.5851694941520691,-1.2739663124084473,0.46872177720069885,0.5905393958091736,-1.26041579246521,0.8044475317001343,0.8722888827323914,-0.6065239906311035,0.2477996051311493,0.8633016347885132,-0.5991020798683167,0.8881387710571289,1.3374792337417603,-0.7538334131240845,0.17014940083026886,1.3847613334655762,-0.6633958220481873,0.8357426524162292,1.6727904081344604,-1.3803906440734863,0.16304898262023926,1.73081374168396,-1.4931877851486206,0.8582304120063782,1.7998350858688354,-1.5637937784194946,0.1349942833185196,1.8599039316177368,-1.699575662612915,0.7935896515846252,1.7846792936325073,-1.6213045120239258,0.1861853301525116,1.8260438442230225,-1.7856428623199463,0.7745091915130615,1.7331202030181885,-1.4318244457244873,0.21319358050823212,1.7763127088546753,-1.557046890258789,0.6988838911056519,1.721945881843567,-0.05411515384912491,0.35394996404647827,1.7182093858718872,0.0607721284031868,0.6660656332969666,2.4154462814331055,-0.08595834672451019,0.35179415345191956,2.3936078548431396,-0.15705233812332153,0.6631000638008118,3.0330002307891846,0.6804782152175903,0.35683587193489075,3.0148749351501465,0.4050077795982361,0.6742643713951111,3.1449711322784424,0.7092587947845459,0.3549192547798157,3.12894868850708,0.4333782196044922,0.5902227163314819,3.2524240016937256,-0.04718624800443649,0.40298470854759216,3.2229983806610107,-0.351579487323761,0.4154431015589525,2
2026-09-24T12:31:40.615365,S013,S013_A5_Y_20260924_1231,elevated_20,A5,young,class_2,0.5094252824783325,0.5037363171577454,-1.233210802078247,0.5480070114135742,0.41577041149139404,-1.170440673828125,0.5701206922531128,0.4151064157485962,-1.1707208156585693,0.5883463025093079,0.41619259119033813,-1.1705955266952515,0.4712618291378021,0.42200183868408203,-1.1524336338043213,0.4503084719181061,0.4249117970466614,-1.1516770124435425,0.4358998239040375,0.4279750883579254,-1.1518856287002563,0.6208487749099731,0.4542725384235382,-0.705348551273346,0.41336679458618164,0.4635688364505768,-0.603425145149231,0.5565665364265442,0.5848445296287537,-1.0585345029830933,0.46768656373023987,0.5901889204978943,-1.030639886856079,0.8038531541824341,0.872717022895813,-0.46890926361083984,0.25032955408096313,0.8612610697746277,-0.34439796209335327,0.8918296098709106,1.3402926921844482,-0.6789081692695618,0.11408732831478119,1.3338369131088257,-0.8728358149528503,0.8356620073318481,1.6663806438446045,-1.231102466583252,0.08418624848127365,0.9700402617454529,-2.1889400482177734,0.8566607236862183,1.791098713874817,-1.3823504447937012,0.09511551260948181,0.8915681838989258,-2.4397552013397217,0.7915390729904175,1.782786250114441,-1.424708366394043,0.1215948686003685,0.8491395115852356,-2.433342456817627,0.7731237411499023,1.7266424894332886,-1.272761583328247,0.14425620436668396,0.8816084265708923,-2.230710983276367,0.6952522397041321,1.7297496795654297,-0.07025136053562164,0.34639811515808105,1.7200220823287964,0.0767708420753479,0.6562007665634155,2.4275290966033936,-0.053976722061634064,0.33388492465019226,2.4084348678588867,0.058765262365341187,0.642159640789032,3.0470995903015137,0.7094153165817261,0.334469735622406,3.0243844985961914,0.5948376059532166,0.6511791944503784,3.153700113296509,0.737450361251831,0.33310258388519287,3.129045009613037,0.6240825653076172,0.5780935287475586,3.252322196960449,-0.008799790404736996,0.3647307753562927,3.232626438140869,-0.15162712335586548,0.42650902142122504,2
2026-09-24T12:31:40.757601,S013,S013_A5_Y_20260924_1231,elevated_20,A5,young,class_2,0.5082050561904907,0.5034207105636597,-1.3153055906295776,0.5474348068237305,0.4152041971683502,-1.2556586265563965,0.5698032379150391,0.4146624505519867,-1.2557570934295654,0.5881783962249756,0.4157902002334595,-1.255576491355896,0.4709102213382721,0.42122042179107666,-1.2452973127365112,0.4501716196537018,0.42405611276626587,-1.2446128129959106,0.43574538826942444,0.42714208364486694,-1.2450065612792969,0.6208229660987854,0.45365604758262634,-0.8144528269767761,0.41407257318496704,0.46250754594802856,-0.747917890548706,0.5558741092681885,0.584233283996582,-1.147454023361206,0.467104434967041,0.5895427465438843,-1.1290161609649658,0.803835391998291,0.8720902800559998,-0.5239809155464172,0.2505277991294861,0.861231803894043,-0.4820480942726135,0.8914998173713684,1.3397536277770996,-0.6793970465660095,0.13111811876296997,1.3579137325286865,-0.7387537360191345,0.8355022668838501,1.6647298336029053,-1.286859393119812,0.10845255851745605,1.5016005039215088,-1.962594985961914,0.8561270833015442,1.7879016399383545,-1.4560811519622803,0.11391880363225937,1.604918122291565,-2.1511783599853516,0.7911495566368103,1.7760963439941406,-1.5070587396621704,0.15063728392124176,1.5598214864730835,-2.0428547859191895,0.7723073959350586,1.720239281654358,-1.3341615200042725,0.17086602747440338,1.5198307037353516,-1.9317872524261475,0.6952475309371948,1.7295880317687988,-0.06773743033409119,0.3467158079147339,1.719834566116333,0.07428430020809174,0.656680703163147,2.425096273422241,-0.08353708684444427,0.3345482349395752,2.405651330947876,-0.01705995574593544,0.6443660855293274,3.04601788520813,0.6116112470626831,0.33728885650634766,3.021622657775879,0.4309758245944977,0.6540587544441223,3.1526925563812256,0.635762631893158,0.3371765911579132,3.1275670528411865,0.4489368796348572,0.5791539549827576,3.251838207244873,-0.09447237104177475,0.3670814633369446,3.2291340827941895,-0.3202144503593445,0.42684879712297435,2
2026-09-24T12:31:40.835640,S013,S013_A5_Y_20260924_1231,elevated_20,A5,young,class_2,0.5049964785575867,0.5041738152503967,-1.216052770614624,0.5455906987190247,0.41534993052482605,-1.167183518409729,0.5688191652297974,0.4148065745830536,-1.1671864986419678,0.5876473188400269,0.4159259498119354,-1.1670219898223877,0.46965208649635315,0.421315997838974,-1.158037781715393,0.44936299324035645,0.4241449236869812,-1.1572972536087036,0.43540462851524353,0.4272215962409973,-1.15786612033844,0.6207214593887329,0.45344534516334534,-0.783191978931427,0.414652019739151,0.4623492360115051,-0.7197321653366089,0.5546249151229858,0.5851674675941467,-1.0655512809753418,0.4655729830265045,0.5904950499534607,-1.0477138757705688,0.8051487803459167,0.8715318441390991,-0.48159509897232056,0.2505771815776825,0.8610583543777466,-0.5168300867080688,0.8848159909248352,1.3518751859664917,-0.46016818284988403,0.14113202691078186,1.3599038124084473,-0.47459879517555237,0.8288933634757996,1.7055014371871948,-0.7816910743713379,0.13740792870521545,1.7009800672531128,-0.9132962226867676,0.8494788408279419,1.8375580310821533,-0.8988620042800903,0.11938256025314331,1.8378409147262573,-1.0532777309417725,0.7857566475868225,1.8291314840316772,-0.9544040560722351,0.1741948425769806,1.8235907554626465,-1.124763011932373,0.7677978873252869,1.7704263925552368,-0.827218234539032,0.1987229585647583,1.768807053565979,-0.9601887464523315,0.6943352818489075,1.7287331819534302,-0.059563495218753815,0.346815824508667,1.7196921110153198,0.06592956930398941,0.6553546786308289,2.4214396476745605,-0.06189441680908203,0.3367277979850769,2.404766321182251,-0.07054734975099564,0.6430894136428833,3.0426673889160156,0.6104419827461243,0.3406420648097992,3.0201988220214844,0.3892943263053894,0.652506411075592,3.147510528564453,0.6370874047279358,0.34041768312454224,3.124765157699585,0.41063231229782104,0.576262354850769,3.2510578632354736,-0.048326440155506134,0.3736107647418976,3.2272512912750244,-0.32064348459243774,0.42588872630888847,2
2026-09-24T12:31:41.001849,S013,S013_A5_Y_20260924_1231,elevated_20,A5,young,class_2,0.5015953779220581,0.5037896037101746,-1.347936749458313,0.5421380400657654,0.41494131088256836,-1.3104045391082764,0.5665907859802246,0.4145383834838867,-1.3102946281433105,0.5861453413963318,0.4157089293003082,-1.3099263906478882,0.4675161838531494,0.42056530714035034,-1.2939345836639404,0.4477846026420593,0.42324313521385193,-1.2933406829833984,0.43409839272499084,0.42625170946121216,-1.2941635847091675,0.6203797459602356,0.4528294503688812,-0.9407161474227905,0.414630264043808,0.46136367321014404,-0.8603839874267578,0.5531335473060608,0.5850901007652283,-1.208280324935913,0.46417897939682007,0.5903980731964111,-1.1823432445526123,0.8048315048217773,0.8715534210205078,-0.587129533290863,0.2505732476711273,0.861041784286499,-0.6263394355773926,0.8849700689315796,1.3522669076919556,-0.5577313899993896,0.14179614186286926,1.3608440160751343,-0.5392153859138489,0.8289669752120972,1.6975256204605103,-0.9826861619949341,0.1535298228263855,1.7465194463729858,-0.9969884157180786,0.8495721817016602,1.8256038427352905,-1.119141697883606,0.13315173983573914,1.8903695344924927,-1.149214506149292,0.7867141962051392,1.8122096061706543,-1.1791738271713257,0.19689364731311798,1.8723498582839966,-1.22748863697052,0.7685163617134094,1.75652277469635,-1.0304455757141113,0.2196991741657257,1.81566321849823,-1.0482921600341797,0.6914771795272827,1.7281451225280762,-0.05568816512823105,0.344792902469635,1.7196239233016968,0.062079817056655884,0.648937463760376,2.4213943481445312,-0.0764203816652298,0.3355852961540222,2.4031918048858643,-0.20635895431041718,0.6347498297691345,3.042536973953247,0.6120192408561707,0.33887460827827454,3.01943039894104,0.30567142367362976,0.6422404050827026,3.1486868858337402,0.6401812434196472,0.3391351103782654,3.1261978149414062,0.3325340151786804,0.5684590339660645,3.256061553955078,-0.05084044858813286,0.37559789419174194,3.2259833812713623,-0.42568808794021606,0.42516244063925557,2
2026-09-24T12:31:41.290036,S013,S013_A5_Y_20260924_1231,elevated_20,A5,young,class_2,0.5005912184715271,0.501829981803894,-1.3536244630813599,0.5416471362113953,0.41428086161613464,-1.3233562707901,0.5665010809898376,0.41397199034690857,-1.3231456279754639,0.5859562754631042,0.41531941294670105,-1.322692632675171,0.4665934145450592,0.41998955607414246,-1.301988959312439,0.4469549059867859,0.42265409231185913,-1.3011882305145264,0.43308407068252563,0.42569059133529663,-1.3020215034484863,0.620517909526825,0.4528350532054901,-0.9581496119499207,0.4142179489135742,0.4612031877040863,-0.8783271908760071,0.5527220368385315,0.5838667750358582,-1.2302651405334473,0.46340131759643555,0.5892170667648315,-1.2010787725448608,0.8037334680557251,0.8717163801193237,-0.6195863485336304,0.25138989090919495,0.8605928421020508,-0.6352981328964233,0.8763982057571411,1.3512616157531738,-0.5912100076675415,0.14197799563407898,1.361188530921936,-0.5432785153388977,0.8160167932510376,1.6772611141204834,-1.0207903385162354,0.1778659224510193,1.7286516427993774,-0.9792597889900208,0.8344869613647461,1.7931033372879028,-1.159629225730896,0.16424642503261566,1.8663806915283203,-1.1282988786697388,0.7788256406784058,1.7751823663711548,-1.2154490947723389,0.2268507182598114,1.8398473262786865,-1.2001607418060303,0.7610968351364136,1.7254711389541626,-1.0675595998764038,0.24467945098876953,1.7856954336166382,-1.0279630422592163,0.6826726198196411,1.723634123802185,-0.055681537836790085,0.3386088013648987,1.7121376991271973,0.06207427382469177,0.6378396153450012,2.4201700687408447,-0.07958769053220749,0.3311452269554138,2.4001619815826416,-0.18488258123397827,0.6186330914497375,3.041891574859619,0.6132791638374329,0.32957762479782104,3.0191378593444824,0.3160807490348816,0.6253736615180969,3.148543119430542,0.6411935091018677,0.32827314734458923,3.1259589195251465,0.34438103437423706,0.549606204032898,3.2553036212921143,-0.054862625896930695,0.36645880341529846,3.2250475883483887,-0.4161875247955322,0.42436412773575727,2
2026-09-24T12:31:41.540182,S013,S013_A5_Y_20260924_1231,elevated_20,A5,young,class_2,0.4974578022956848,0.5019592046737671,-1.3306305408477783,0.5375656485557556,0.4148348867893219,-1.2857496738433838,0.5636787414550781,0.41469380259513855,-1.2857328653335571,0.5836589336395264,0.4161093831062317,-1.2855271100997925,0.4643372595310211,0.42004159092903137,-1.2712799310684204,0.44524556398391724,0.4226956069469452,-1.2705714702606201,0.43150854110717773,0.42573222517967224,-1.271207571029663,0.6192175149917603,0.45318594574928284,-0.906684398651123,0.4142039716243744,0.46114861965179443,-0.8233963251113892,0.5507283806800842,0.5839750170707703,-1.184551477432251,0.461641401052475,0.5890320539474487,-1.1602492332458496,0.8033095598220825,0.8717359304428101,-0.5804135203361511,0.25278666615486145,0.8604416251182556,-0.6039756536483765,0.8728845715522766,1.3491452932357788,-0.5381287336349487,0.14371781051158905,1.355987548828125,-0.48176899552345276,0.8085403442382812,1.677101731300354,-0.8799525499343872,0.18471238017082214,1.7259453535079956,-0.8805298805236816,0.8276416063308716,1.7980976104736328,-1.0022592544555664,0.1677892655134201,1.8637045621871948,-1.0177663564682007,0.7690380811691284,1.7868764400482178,-1.056898832321167,0.229986310005188,1.8492988348007202,-1.0931932926177979,0.7518928647041321,1.7326858043670654,-0.9245044589042664,0.24865388870239258,1.7934118509292603,-0.9290177226066589,0.6828863620758057,1.7192333936691284,-0.055688291788101196,0.34057846665382385,1.7092864513397217,0.0620732307434082,0.6386380791664124,2.41495418548584,-0.07308685034513474,0.33255472779273987,2.398313283920288,-0.07044992595911026,0.622223973274231,3.035687208175659,0.6156041622161865,0.3360292613506317,3.016557216644287,0.4096040725708008,0.6309589147567749,3.143627882003784,0.6434534788131714,0.3351920247077942,3.1237733364105225,0.4364548623561859,0.5522044897079468,3.2463572025299072,-0.03560725599527359,0.37408992648124695,3.220855951309204,-0.28643345832824707,0.423324580450395,2
2026-09-24T12:31:41.732504,S013,S013_A5_Y_20260924_1231,elevated_20,A5,young,class_2,0.496297687292099,0.513939619064331,-1.3543280363082886,0.5360180139541626,0.4240688383579254,-1.3003380298614502,0.5625740885734558,0.4226280450820923,-1.3003497123718262,0.5826551914215088,0.4233641028404236,-1.300082802772522,0.46332091093063354,0.4294584393501282,-1.2869868278503418,0.44441279768943787,0.43164578080177307,-1.2862943410873413,0.43064385652542114,0.4343404173851013,-1.2868367433547974,0.6185485124588013,0.45639026165008545,-0.9244270324707031,0.41403722763061523,0.46536174416542053,-0.8526381254196167,0.5496169328689575,0.5927465558052063,-1.1990156173706055,0.46040526032447815,0.5976323485374451,-1.177330493927002,0.8025612831115723,0.8689287900924683,-0.5802499651908875,0.2533598244190216,0.8568862676620483,-0.6094526052474976,0.8697659373283386,1.336042881011963,-0.4916561543941498,0.1439252495765686,1.3502097129821777,-0.48600640892982483,0.8050077557563782,1.674018144607544,-0.7766655683517456,0.18467244505882263,1.716567873954773,-0.8733744621276855,0.8235327005386353,1.7970525026321411,-0.8841022253036499,0.1676839292049408,1.8511401414871216,-1.0087472200393677,0.7662749886512756,1.7848765850067139,-0.9485806226730347,0.2296893298625946,1.835153341293335,-1.0822464227676392,0.7491918206214905,1.7318214178085327,-0.822640061378479,0.24825239181518555,1.7805160284042358,-0.9210912585258484,0.6814216375350952,1.7020872831344604,-0.05190843343734741,0.3408055901527405,1.6949557065963745,0.058098774403333664,0.6396585702896118,2.394379138946533,-0.1281534731388092,0.3335627317428589,2.3757541179656982,-0.1565471738576889,0.6255379319190979,3.0193932056427,0.45542556047439575,0.33714401721954346,2.999859094619751,0.20644135773181915,0.6340128183364868,3.1257293224334717,0.4755840301513672,0.3358195424079895,3.1064019203186035,0.22087831795215607,0.5566567778587341,3.2310409545898438,-0.1960441619157791,0.3753516674041748,3.202040195465088,-0.5047364830970764,0.4223980415650162,2
2026-09-24T12:31:43.036647,S013,S013_A5_Y_20260924_1231,elevated_20,A5,young,class_2,0.49637502431869507,0.529721200466156,-1.0740993022918701,0.5357526540756226,0.43797361850738525,-1.0307011604309082,0.5623680353164673,0.43621721863746643,-1.0305800437927246,0.5823495388031006,0.43641388416290283,-1.0304572582244873,0.46324318647384644,0.4429149329662323,-1.022920846939087,0.44437628984451294,0.443897545337677,-1.0219932794570923,0.43048620223999023,0.44607850909233093,-1.0223891735076904,0.6177194714546204,0.4646053910255432,-0.6823599338531494,0.4138053059577942,0.4735225737094879,-0.6255404949188232,0.549579381942749,0.6034337282180786,-0.9353126287460327,0.46038302779197693,0.6073862910270691,-0.9190198183059692,0.8022464513778687,0.8693358898162842,-0.419788658618927,0.25342488288879395,0.8566516637802124,-0.4610460698604584,0.8610818982124329,1.3366860151290894,-0.35459211468696594,0.14416763186454773,1.3463408946990967,-0.33264079689979553,0.786235511302948,1.6801698207855225,-0.5854740738868713,0.18452586233615875,1.715093731880188,-0.6694212555885315,0.8009565472602844,1.805027723312378,-0.6879055500030518,0.1646423637866974,1.8482056856155396,-0.7914963960647583,0.7427505254745483,1.793390154838562,-0.7322872877120972,0.22751760482788086,1.8334273099899292,-0.8567709922790527,0.727711021900177,1.7391468286514282,-0.6251418590545654,0.24759988486766815,1.779354214668274,-0.714025616645813,0.6767728924751282,1.6949775218963623,-0.05170850828289986,0.33864083886146545,1.6871849298477173,0.057921528816223145,0.6337822079658508,2.385625123977661,-0.12505748867988586,0.3267156183719635,2.370062828063965,-0.06877606362104416,0.6161586046218872,3.008159637451172,0.4676820635795593,0.33196210861206055,2.9863364696502686,0.26272720098495483,0.6244907975196838,3.1117360591888428,0.49091124534606934,0.3305131494998932,3.0892739295959473,0.2870544195175171,0.5482643246650696,3.217790126800537,-0.15253764390945435,0.3719692826271057,3.188922166824341,-0.4104005694389343,0.4218844607810642,2
2026-09-24T12:31:46.010294,S013,S013_A5_Y_20260924_1231,elevated_20,A5,young,class_2,0.4965573251247406,0.5362938642501831,-1.1027082204818726,0.5357064008712769,0.443214476108551,-1.047505497932434,0.5623089075088501,0.4414663016796112,-1.0468084812164307,0.5821709036827087,0.44169285893440247,-1.0462217330932617,0.46321922540664673,0.44821420311927795,-1.0436112880706787,0.44430527091026306,0.4489559829235077,-1.0419858694076538,0.4303077757358551,0.4509768784046173,-1.0424731969833374,0.6170002818107605,0.4690583348274231,-0.7548621892929077,0.41371241211891174,0.47814837098121643,-0.6526346206665039,0.5495425462722778,0.6086669564247131,-1.0010149478912354,0.4603584408760071,0.6127845048904419,-0.968124270439148,0.7976027727127075,0.8692132234573364,-0.4784422814846039,0.2597138285636902,0.8559577465057373,-0.48768672347068787,0.8615333437919617,1.3301644325256348,-0.45261940360069275,0.1873292177915573,1.3530741930007935,-0.42166978120803833,0.7884973287582397,1.6625679731369019,-0.7545785307884216,0.2038218080997467,1.7162227630615234,-0.864780068397522,0.8038889169692993,1.7873940467834473,-0.8628166913986206,0.18094028532505035,1.847669005393982,-1.0098925828933716,0.7455692291259766,1.7751460075378418,-0.853798508644104,0.23285183310508728,1.8333133459091187,-1.0060762166976929,0.7314226627349854,1.721701979637146,-0.7801346182823181,0.254194051027298,1.778886079788208,-0.8967973589897156,0.6814900636672974,1.6937588453292847,-0.05174177885055542,0.3509771227836609,1.6877524852752686,0.05793280154466629,0.6468250155448914,2.3810272216796875,-0.03582056611776352,0.3405223488807678,2.37031626701355,0.06653600186109543,0.636133074760437,3.0018768310546875,0.6621933579444885,0.35396677255630493,2.9857778549194336,0.5477999448776245,0.6444242596626282,3.1053884029388428,0.6940867900848389,0.3537001609802246,3.0885369777679443,0.5752784013748169,0.5758160948753357,3.2089881896972656,0.01729399897158146,0.397141695022583,3.1870219707489014,-0.1458497792482376,0.42087380311006034,2
2026-09-24T12:31:47.171551,S013,S013_A5_Y_20260924_1231,elevated_20,A5,young,class_2,0.5014470219612122,0.5889142155647278,-1.5511090755462646,0.5403393507003784,0.4832531809806824,-1.5343977212905884,0.567054808139801,0.47621288895606995,-1.534250259399414,0.5885840654373169,0.4703085124492645,-1.5345200300216675,0.4637885093688965,0.4923838675022125,-1.531575083732605,0.44422370195388794,0.49143677949905396,-1.5308784246444702,0.4300784170627594,0.4915658235549927,-1.5312590599060059,0.6260923147201538,0.4773902893066406,-1.1342591047286987,0.40552574396133423,0.49683821201324463,-1.0833697319030762,0.5555123090744019,0.6557313799858093,-1.3722951412200928,0.4633947014808655,0.6663232445716858,-1.3578850030899048,0.8126084208488464,0.8549310564994812,-0.6740275621414185,0.2650541663169861,0.8236891031265259,-0.7461444139480591,0.8842471837997437,1.3245288133621216,-0.48467355966567993,0.1661524474620819,1.3538497686386108,-0.5359379053115845,0.8330225944519043,1.6644511222839355,-0.7131988406181335,0.19099995493888855,1.7183704376220703,-0.9110854864120483,0.8571113348007202,1.7897162437438965,-0.7944245934486389,0.17355220019817352,1.8505332469940186,-1.0315393209457397,0.8033888936042786,1.7771823406219482,-0.8619640469551086,0.22114534676074982,1.8297899961471558,-1.095284104347229,0.7846361994743347,1.7247289419174194,-0.7570902705192566,0.24140246212482452,1.776492714881897,-0.9537389874458313,0.6829606294631958,1.6825522184371948,-0.053888577967882156,0.3508351445198059,1.680458664894104,0.05990906432271004,0.6582995653152466,2.38171124458313,-0.046890731900930405,0.3482397496700287,2.3704469203948975,0.0050636897794902325,0.6452850103378296,3.002769947052002,0.6569920182228088,0.364631712436676,2.9863929748535156,0.4730655252933502,0.6540220975875854,3.106457471847534,0.6921576261520386,0.3671795725822449,3.089433431625366,0.499089777469635,0.5777085423469543,3.2261877059936523,0.006999296601861715,0.404398113489151,3.2040791511535645,-0.23077790439128876,0.4200356076800028,2
2026-09-24T12:31:47.901688,S013,S013_A5_Y_20260924_1231,elevated_20,A5,young,class_2,0.5388922691345215,0.5772056579589844,-1.5173017978668213,0.5663353800773621,0.4759184420108795,-1.4689698219299316,0.5877992510795593,0.4704514145851135,-1.4690055847167969,0.6077054738998413,0.4661654233932495,-1.4690848588943481,0.4954092502593994,0.48413124680519104,-1.4745856523513794,0.47229981422424316,0.48422983288764954,-1.4738478660583496,0.4511927664279938,0.4852559268474579,-1.4742680788040161,0.63841712474823,0.47704771161079407,-1.0333831310272217,0.41775617003440857,0.5008803009986877,-1.0083413124084473,0.5798048377037048,0.6490839123725891,-1.3302546739578247,0.5015735030174255,0.6574478149414062,-1.3295466899871826,0.8200308084487915,0.8579793572425842,-0.6531862020492554,0.2686792314052582,0.8357110619544983,-0.7225610613822937,0.9095563888549805,1.337831974029541,-0.5000017881393433,0.1657392680644989,1.387917160987854,-0.5563416481018066,0.8682135343551636,1.7093710899353027,-0.9170750379562378,0.1828586906194687,1.7459607124328613,-1.00562584400177,0.8942933082580566,1.8487685918807983,-1.0657026767730713,0.15940259397029877,1.8761608600616455,-1.1573883295059204,0.8296802639961243,1.8354560136795044,-1.1502997875213623,0.20744340121746063,1.8571937084197998,-1.2761695384979248,0.8103400468826294,1.7783012390136719,-0.9769368171691895,0.2300523817539215,1.8043272495269775,-1.0699102878570557,0.7063018083572388,1.717159628868103,-0.053660087287425995,0.3596097528934479,1.7215937376022339,0.05970189720392227,0.6850797533988953,2.4238555431365967,0.03441150486469269,0.3609153628349304,2.4217724800109863,0.07443509250879288,0.6797407865524292,3.045921802520752,0.9129352569580078,0.38252025842666626,3.0346457958221436,0.7301937341690063,0.6877169609069824,3.153775453567505,0.9608833193778992,0.3853004574775696,3.1409173011779785,0.7773333787918091,0.6216623783111572,3.270725727081299,0.2602078318595886,0.43103599548339844,3.2520835399627686,0.013281768187880516,0.4212415179604663,2
2026-09-24T12:31:48.407198,S013,S013_A5_Y_20260924_1231,elevated_20,A5,young,class_2,0.549969494342804,0.5757311582565308,-1.6365524530410767,0.5734690427780151,0.47550293803215027,-1.5716784000396729,0.5934606790542603,0.4697195887565613,-1.5718395709991455,0.6127718091011047,0.46571874618530273,-1.5718071460723877,0.5038353204727173,0.4834071695804596,-1.5826383829116821,0.4788661599159241,0.48219019174575806,-1.582076072692871,0.4553545415401459,0.48173466324806213,-1.582580327987671,0.6419662237167358,0.47662222385406494,-1.0673019886016846,0.41917434334754944,0.5011914372444153,-1.0874334573745728,0.587990403175354,0.6441999077796936,-1.433906078338623,0.5139924883842468,0.6525009274482727,-1.4419373273849487,0.8196284174919128,0.8584088683128357,-0.662936270236969,0.2684048116207123,0.8509929180145264,-0.7520712018013,0.9224629402160645,1.3350270986557007,-0.6492280960083008,0.15978345274925232,1.4054770469665527,-0.6583306789398193,0.8835199475288391,1.704262375831604,-1.2397346496582031,0.18006037175655365,1.7383625507354736,-1.2488645315170288,0.9114044904708862,1.8393181562423706,-1.420945405960083,0.15911293029785156,1.8671166896820068,-1.4339534044265747,0.8456551432609558,1.825631856918335,-1.4999783039093018,0.20708711445331573,1.8533552885055542,-1.5416734218597412,0.8233038783073425,1.7691048383712769,-1.3007628917694092,0.22878369688987732,1.799214482307434,-1.313258171081543,0.7116103172302246,1.7263102531433105,-0.053748805075883865,0.35936790704727173,1.7333989143371582,0.059854745864868164,0.6902308464050293,2.4365909099578857,0.013619519770145416,0.36399590969085693,2.430978298187256,-0.07405208051204681,0.6862871646881104,3.063302755355835,0.8155337572097778,0.38276436924934387,3.053546190261841,0.580458402633667,0.6931717395782471,3.1733057498931885,0.8561967611312866,0.3842619061470032,3.164961338043213,0.6160857081413269,0.6304539442062378,3.2906341552734375,0.12635740637779236,0.4355495870113373,3.27160382270813,-0.030716601759195328,0.42293875646188983,2
2026-09-24T12:31:48.748301,S013,S013_A5_Y_20260924_1231,elevated_20,A5,young,class_2,0.548955500125885,0.57420414686203,-1.5608927011489868,0.5740243792533875,0.4722142219543457,-1.5000591278076172,0.594082772731781,0.46686306595802307,-1.5001652240753174,0.6134347915649414,0.46280112862586975,-1.5001529455184937,0.5027775764465332,0.48131126165390015,-1.5062050819396973,0.477095365524292,0.48174068331718445,-1.5055783987045288,0.4541420042514801,0.4801885783672333,-1.506061315536499,0.6426817178726196,0.47640475630760193,-1.026747465133667,0.4190232753753662,0.5003113150596619,-1.0248762369155884,0.5883769989013672,0.6419428586959839,-1.3707096576690674,0.5108526945114136,0.6490184664726257,-1.3722803592681885,0.8215953707695007,0.861064612865448,-0.6427266597747803,0.2683746814727783,0.8566478490829468,-0.7268649339675903,0.9242284893989563,1.3405842781066895,-0.6357086896896362,0.14749766886234283,1.4141345024108887,-0.6365213990211487,0.8767188191413879,1.715072512626648,-1.1380361318588257,0.17009583115577698,1.747822642326355,-1.1674420833587646,0.9014798998832703,1.8558772802352905,-1.2986698150634766,0.1503327488899231,1.8774014711380005,-1.3381959199905396,0.8357037305831909,1.8412538766860962,-1.3733258247375488,0.20183727145195007,1.8555303812026978,-1.435856580734253,0.8151823282241821,1.7845183610916138,-1.195013403892517,0.22235186398029327,1.8027740716934204,-1.2269060611724854,0.7156710028648376,1.7308725118637085,-0.05131378024816513,0.3604978024959564,1.7411574125289917,0.05757445842027664,0.6976748704910278,2.4436373710632324,-0.012095330283045769,0.3716698884963989,2.4357941150665283,-0.14074988663196564,0.6980381011962891,3.072991371154785,0.7880157232284546,0.3915751576423645,3.063040018081665,0.49491000175476074,0.70553058385849,3.182424783706665,0.8269094228744507,0.39305824041366577,3.175801992416382,0.5388257503509521,0.6401424407958984,3.304155111312866,0.10027320683002472,0.4440661072731018,3.2790329456329346,-0.254173219203949,0.423675016728587,2
2026-09-24T12:31:49.178298,S013,S013_A5_Y_20260924_1231,elevated_20,A5,young,class_2,0.5566307306289673,0.5691832304000854,-1.645677924156189,0.580815851688385,0.46991583704948425,-1.583243489265442,0.6000965237617493,0.46485406160354614,-1.5834004878997803,0.6186093688011169,0.4611988961696625,-1.5834424495697021,0.5091109275817871,0.4785260558128357,-1.5980793237686157,0.4822983145713806,0.4785956144332886,-1.5976641178131104,0.45764923095703125,0.47745901346206665,-1.5981708765029907,0.6445411443710327,0.47609758377075195,-1.0796372890472412,0.4190097749233246,0.5021357536315918,-1.123133897781372,0.5928950309753418,0.6396107077598572,-1.4419279098510742,0.5191700458526611,0.646422803401947,-1.4558738470077515,0.8232110738754272,0.8617087602615356,-0.665910542011261,0.2699713706970215,0.8627251386642456,-0.7660780549049377,0.931517481803894,1.340384840965271,-0.6179903745651245,0.14777010679244995,1.4191670417785645,-0.7015732526779175,0.888577938079834,1.7104016542434692,-1.0823743343353271,0.1771746128797531,1.7011590003967285,-1.3279778957366943,0.9129329919815063,1.8483370542526245,-1.231013536453247,0.16781337559223175,1.8122514486312866,-1.503541350364685,0.8504239916801453,1.8331797122955322,-1.303648591041565,0.20960839092731476,1.763108491897583,-1.5889842510223389,0.829493522644043,1.7773191928863525,-1.1363083124160767,0.2265990972518921,1.7170015573501587,-1.384095311164856,0.7231823801994324,1.7366127967834473,-0.05130838602781296,0.36534345149993896,1.7512977123260498,0.05755585432052612,0.7103771567344666,2.451279401779175,-0.019649742171168327,0.3830064833164215,2.4498488903045654,-0.13411052525043488,0.7148997783660889,3.082786798477173,0.7845472693443298,0.40819424390792847,3.0798404216766357,0.49002447724342346,0.7217689156532288,3.1916115283966064,0.8244312405586243,0.41122379899024963,3.1921112537384033,0.530627429485321,0.6619511842727661,3.3165783882141113,0.09436263889074326,0.4629203677177429,3.297792673110962,-0.2575921416282654,0.4239768314070137,2
2026-09-24T12:31:49.500701,S013,S013_A5_Y_20260924_1231,elevated_20,A5,young,class_2,0.5567296743392944,0.5653310418128967,-1.6919705867767334,0.5832971334457397,0.4676777422428131,-1.6377031803131104,0.6032811999320984,0.46282586455345154,-1.6378185749053955,0.6224924325942993,0.4593762159347534,-1.63788640499115,0.510432243347168,0.4769858419895172,-1.6500260829925537,0.48356932401657104,0.4771997034549713,-1.6495144367218018,0.4588181972503662,0.4761095643043518,-1.6500225067138672,0.6479545831680298,0.47586920857429504,-1.1414790153503418,0.41904473304748535,0.5016292333602905,-1.1733874082565308,0.5931574106216431,0.638380229473114,-1.487306833267212,0.5176917314529419,0.6445943713188171,-1.4978578090667725,0.82483971118927,0.8618292212486267,-0.6955292820930481,0.27273643016815186,0.8608538508415222,-0.8040202260017395,0.9282264709472656,1.3415576219558716,-0.5878757238388062,0.13967128098011017,1.4186933040618896,-0.6726325154304504,0.8816686868667603,1.7151190042495728,-0.9267598986625671,0.17501148581504822,1.7008130550384521,-1.272720456123352,0.9050233960151672,1.8537445068359375,-1.0461766719818115,0.16742968559265137,1.81392502784729,-1.4986507892608643,0.8430086970329285,1.837401270866394,-1.120674967765808,0.20927011966705322,1.7697416543960571,-1.5691664218902588,0.8228024244308472,1.7806012630462646,-0.9769549369812012,0.22593410313129425,1.7224706411361694,-1.3429045677185059,0.7213039994239807,1.7359384298324585,-0.05122164636850357,0.36429363489151,1.74779212474823,0.05744187906384468,0.7052954435348511,2.4517338275909424,-0.023160573095083237,0.3806191682815552,2.44484281539917,-0.1453869640827179,0.7072052359580994,3.0822787284851074,0.7785190939903259,0.40314871072769165,3.0752902030944824,0.46667057275772095,0.7146357297897339,3.1884753704071045,0.8157232999801636,0.40562716126441956,3.186248540878296,0.5085467100143433,0.6522403955459595,3.320195436477661,0.08692829310894012,0.4558383822441101,3.2951102256774902,-0.31064459681510925,0.4237119025191064,2
2026-09-24T12:31:49.754072,S013,S013_A5_Y_20260924_1231,elevated_20,A5,young,class_2,0.5537275075912476,0.555874764919281,-1.4039455652236938,0.5810697078704834,0.459114134311676,-1.3516473770141602,0.601505696773529,0.4552730917930603,-1.3517075777053833,0.6209975481033325,0.4525858759880066,-1.3518704175949097,0.5083837509155273,0.46687766909599304,-1.3550622463226318,0.48199525475502014,0.46741655468940735,-1.3542728424072266,0.4580391049385071,0.46772778034210205,-1.3547213077545166,0.6482388973236084,0.4736683964729309,-0.9117680788040161,0.4205543100833893,0.49750396609306335,-0.8979023694992065,0.5917030572891235,0.6345726251602173,-1.2262595891952515,0.5149785280227661,0.6380482316017151,-1.2229784727096558,0.82744961977005,0.8608187437057495,-0.5633912682533264,0.27483445405960083,0.8597309589385986,-0.6416921615600586,0.9301247596740723,1.3417093753814697,-0.4959259629249573,0.131040558218956,1.4047764539718628,-0.5217717885971069,0.8807832598686218,1.7189085483551025,-0.8518919944763184,0.15584027767181396,1.7161253690719604,-0.9838463068008423,0.9043723940849304,1.860230803489685,-0.9804142713546753,0.13728497922420502,1.8414915800094604,-1.1387526988983154,0.8390695452690125,1.8463069200515747,-1.0497130155563354,0.19220960140228271,1.8154209852218628,-1.2273375988006592,0.8194625973701477,1.788327693939209,-0.9025353193283081,0.21222153306007385,1.7655376195907593,-1.0400831699371338,0.719901978969574,1.7353806495666504,-0.052303604781627655,0.3643272817134857,1.7454384565353394,0.05859408900141716,0.7024809718132019,2.450413942337036,-0.02631397917866707,0.3790486454963684,2.4421017169952393,-0.0424727238714695,0.7024170756340027,3.0822882652282715,0.7351003885269165,0.40056800842285156,3.071058750152588,0.48726898431777954,0.7096821069717407,3.1898183822631836,0.7710804343223572,0.4030143618583679,3.181654214859009,0.522799551486969,0.6518132090568542,3.3153228759765625,0.06940357387065887,0.4554905295372009,3.289745330810547,-0.2426869124174118,0.42415763962584274,2
2026-09-24T12:31:50.033475,S013,S013_A5_Y_20260924_1231,elevated_20,A5,young,class_2,0.5461027026176453,0.537748396396637,-1.0411142110824585,0.5774959921836853,0.4426025450229645,-1.0056217908859253,0.5987399816513062,0.43953150510787964,-1.0054830312728882,0.6188070178031921,0.43749502301216125,-1.0055620670318604,0.5057326555252075,0.4505484998226166,-0.9931612014770508,0.4803757667541504,0.45182642340660095,-0.9921790957450867,0.45791229605674744,0.45342573523521423,-0.9925548434257507,0.6478241682052612,0.46431297063827515,-0.6738772392272949,0.42269057035446167,0.48542824387550354,-0.5876903533935547,0.5884675979614258,0.6132116317749023,-0.9069631695747375,0.5112374424934387,0.619789719581604,-0.8823843002319336,0.8281165361404419,0.8603620529174805,-0.42792701721191406,0.2792544960975647,0.8458763360977173,-0.4436456561088562,0.928076446056366,1.3527216911315918,-0.40583258867263794,0.13019439578056335,1.368505835533142,-0.3528890907764435,0.8805719614028931,1.7265428304672241,-0.684077799320221,0.14260099828243256,1.7200520038604736,-0.7406295537948608,0.902908980846405,1.8644262552261353,-0.8032261729240417,0.11419767141342163,1.851340651512146,-0.8650888204574585,0.832000732421875,1.8495322465896606,-0.847439169883728,0.1748630702495575,1.8335697650909424,-0.9460384249687195,0.8139603734016418,1.7920939922332764,-0.7255924940109253,0.19976624846458435,1.7831906080245972,-0.7922931909561157,0.7098222970962524,1.7349673509597778,-0.0548880510032177,0.35888785123825073,1.7388768196105957,0.06138076260685921,0.6820195913314819,2.4489166736602783,-0.027782971039414406,0.3528549075126648,2.4397881031036377,0.09482629597187042,0.6644383668899536,3.0802016258239746,0.6750861406326294,0.36046141386032104,3.0701937675476074,0.5608781576156616,0.674785315990448,3.187384605407715,0.7105257511138916,0.35862866044044495,3.1783814430236816,0.5923367738723755,0.5911880731582642,3.31117844581604,0.06631381809711456,0.40182557702064514,3.286832571029663,-0.08421988785266876,0.4237808315481082,2
2026-09-24T12:31:50.441987,S013,S013_A5_Y_20260924_1231,elevated_20,A5,young,class_2,0.5360137820243835,0.5263597965240479,-0.9884665608406067,0.5724581480026245,0.4323750436306,-0.9549309611320496,0.5953454971313477,0.4297434389591217,-0.9546583890914917,0.6159460544586182,0.428189754486084,-0.9546039700508118,0.497607558965683,0.43965211510658264,-0.9407169222831726,0.4744146466255188,0.4410419166088104,-0.9396774172782898,0.4545246660709381,0.4431813359260559,-0.9399992823600769,0.6475794911384583,0.45535939931869507,-0.6384360194206238,0.4237959384918213,0.4746268093585968,-0.5440014004707336,0.5841304659843445,0.6023232340812683,-0.8604105710983276,0.5037213563919067,0.6112058758735657,-0.8334463834762573,0.828579306602478,0.8604373931884766,-0.40238580107688904,0.2796018123626709,0.8453350067138672,-0.4176059365272522,0.9316803812980652,1.3668266534805298,-0.3776155710220337,0.1414216160774231,1.3636661767959595,-0.31327202916145325,0.8780415654182434,1.7399851083755493,-0.6502734422683716,0.14469598233699799,1.7243098020553589,-0.7024550437927246,0.899970531463623,1.8749442100524902,-0.771760106086731,0.11986801773309708,1.8578258752822876,-0.8281834721565247,0.8308613896369934,1.856750249862671,-0.8158078193664551,0.1783808320760727,1.8389004468917847,-0.9141405820846558,0.8127347230911255,1.8005354404449463,-0.6915991902351379,0.20150800049304962,1.7883877754211426,-0.7570257186889648,0.7088550329208374,1.734909176826477,-0.055638980120420456,0.35791370272636414,1.7362452745437622,0.062309153378009796,0.6741882562637329,2.4485394954681396,-0.03204244375228882,0.3436747193336487,2.438107490539551,0.09777036309242249,0.6508579850196838,3.0801279544830322,0.6631108522415161,0.34907466173171997,3.0687363147735596,0.5600396990776062,0.6612352132797241,3.1868374347686768,0.6981409788131714,0.34736114740371704,3.177368402481079,0.5909403562545776,0.5752793550491333,3.3085012435913086,0.07088643312454224,0.38736218214035034,3.283632516860962,-0.07880721986293793,0.42414185129652626,2
2026-09-24T12:31:50.811769,S013,S013_A5_Y_20260924_1231,elevated_20,A5,young,class_2,0.5108898878097534,0.5174140334129333,-0.9448129534721375,0.5566169023513794,0.42310458421707153,-0.9152278900146484,0.5833893418312073,0.422573983669281,-0.9149152040481567,0.6054631471633911,0.4230680763721466,-0.9148716926574707,0.4834689199924469,0.4256841540336609,-0.893311619758606,0.46358466148376465,0.4266069531440735,-0.8921772241592407,0.4463726580142975,0.42844682931900024,-0.8925577998161316,0.6459980010986328,0.45381709933280945,-0.6237863898277283,0.4259088635444641,0.4610752463340759,-0.49602022767066956,0.5624629259109497,0.5974321365356445,-0.8269721865653992,0.47801169753074646,0.6027942299842834,-0.7905674576759338,0.8283694982528687,0.8606372475624084,-0.3864274322986603,0.2795112729072571,0.8438237905502319,-0.40383464097976685,0.9335055351257324,1.3850138187408447,-0.356316477060318,0.1426188349723816,1.3509329557418823,-0.3249972462654114,0.8769130706787109,1.7578741312026978,-0.5848037004470825,0.14468128979206085,1.726306676864624,-0.7492050528526306,0.8990247845649719,1.8921350240707397,-0.6960934400558472,0.1135861873626709,1.8635395765304565,-0.8799458742141724,0.8256384134292603,1.8713631629943848,-0.7333657145500183,0.17502060532569885,1.8456470966339111,-0.9600648880004883,0.8076053857803345,1.815373182296753,-0.6220167279243469,0.20163902640342712,1.7951747179031372,-0.8031284213066101,0.7004235982894897,1.7454800605773926,-0.05513394623994827,0.3448137938976288,1.7355226278305054,0.06199674680829048,0.656570553779602,2.462634563446045,-0.023051027208566666,0.3185848593711853,2.4421274662017822,0.10558800399303436,0.6311432719230652,3.091228485107422,0.6645925045013428,0.314438134431839,3.0663270950317383,0.5808882713317871,0.6414364576339722,3.1990389823913574,0.699657678604126,0.311036616563797,3.1745927333831787,0.6135381460189819,0.5541549324989319,3.3125181198120117,0.10529406368732452,0.3545668125152588,3.284313917160034,-0.044008124619722366,0.42456041653451504,2
2026-09-24T12:31:51.171424,S013,S013_A5_Y_20260924_1231,elevated_20,A5,young,class_2,0.47049593925476074,0.4922706186771393,-0.8818689584732056,0.5283802151679993,0.40777263045310974,-0.8817696571350098,0.5602827668190002,0.4102588891983032,-0.8815709352493286,0.5892003178596497,0.41397184133529663,-0.881567656993866,0.45911961793899536,0.4041881263256073,-0.8318710327148438,0.44432204961776733,0.4037187695503235,-0.8307003974914551,0.4302993416786194,0.4036087095737457,-0.8311904668807983,0.6440109014511108,0.45174509286880493,-0.6805835962295532,0.4266049265861511,0.4414860010147095,-0.43063753843307495,0.5262558460235596,0.5820338129997253,-0.7978270053863525,0.44546303153038025,0.5799655914306641,-0.7240653038024902,0.8292461633682251,0.8649647235870361,-0.44034552574157715,0.2802638113498688,0.8387630581855774,-0.33226829767227173,0.9346076846122742,1.3973160982131958,-0.4008817672729492,0.14465007185935974,1.3218125104904175,-0.22831113636493683,0.8759993314743042,1.7680107355117798,-0.5957981944084167,0.1373930126428604,1.7209913730621338,-0.6819354295730591,0.896338164806366,1.9054251909255981,-0.700402021408081,0.09980545192956924,1.8628710508346558,-0.7996538877487183,0.8184903264045715,1.8833396434783936,-0.7310385704040527,0.16233007609844208,1.8437119722366333,-0.8864527940750122,0.8011133074760437,1.8249895572662354,-0.626148521900177,0.1922251135110855,1.7930335998535156,-0.7408933043479919,0.6916853189468384,1.7548238039016724,-0.0817752331495285,0.33233049511909485,1.7350497245788574,0.08934207260608673,0.6419432163238525,2.469979763031006,-0.09114892780780792,0.3039671778678894,2.4415223598480225,0.17297305166721344,0.6145005822181702,3.1009016036987305,0.5988942980766296,0.2959877550601959,3.0645484924316406,0.6355767250061035,0.6275967359542847,3.210829973220825,0.6325430870056152,0.291729211807251,3.1727077960968018,0.6691133379936218,0.5271904468536377,3.3181240558624268,0.02911863662302494,0.330677330493927,3.283029079437256,0.03045436181128025,0.4239713123059835,2
2026-09-24T12:31:51.506332,S013,S013_A5_Y_20260924_1231,elevated_20,A5,young,class_2,0.4776361584663391,0.49255844950675964,-0.8722632527351379,0.5288800001144409,0.40641534328460693,-0.842088520526886,0.5617937445640564,0.40870919823646545,-0.8417002558708191,0.5903810262680054,0.4124447703361511,-0.8416666984558105,0.45944395661354065,0.4051250219345093,-0.8198978304862976,0.44596463441848755,0.40547460317611694,-0.81883305311203,0.4323027729988098,0.4062436521053314,-0.8192038536071777,0.6451541781425476,0.451234370470047,-0.5594285726547241,0.4311710000038147,0.44333136081695557,-0.42936715483665466,0.5290905237197876,0.5816844701766968,-0.7571247816085815,0.4500698447227478,0.5793502330780029,-0.7204934358596802,0.829438328742981,0.8642012476921082,-0.336008757352829,0.2810594141483307,0.8376460671424866,-0.3435184955596924,0.9340758323669434,1.3980046510696411,-0.32306137681007385,0.15335455536842346,1.3275049924850464,-0.27606669068336487,0.8753656148910522,1.7745482921600342,-0.5716066360473633,0.13926415145397186,1.7209242582321167,-0.7472921013832092,0.895270824432373,1.910961627960205,-0.6830299496650696,0.10392359644174576,1.862097978591919,-0.8818939328193665,0.8179874420166016,1.8883322477340698,-0.7218193411827087,0.1649559885263443,1.8427132368087769,-0.9624432325363159,0.7997063398361206,1.8326127529144287,-0.6092837452888489,0.19439712166786194,1.7915540933609009,-0.8037385940551758,0.6868016719818115,1.753368854522705,-0.07036678493022919,0.32872459292411804,1.732636570930481,0.07847562432289124,0.6339138746261597,2.470898389816284,-0.03548572212457657,0.3014731705188751,2.44103741645813,0.11558842658996582,0.6033610105514526,3.0987708568573,0.622512698173523,0.2938840687274933,3.058511257171631,0.5886269807815552,0.6143988370895386,3.207667112350464,0.6577094793319702,0.2892342805862427,3.1619181632995605,0.6138747930526733,0.5177132487297058,3.316338300704956,0.0562121756374836,0.3372502028942108,3.2826642990112305,-0.0479159876704216,0.4250060480090366,2
2026-09-24T12:31:51.844438,S013,S013_A5_Y_20260924_1231,elevated_20,A5,young,class_2,0.4801352918148041,0.4933198392391205,-0.8784321546554565,0.5340614318847656,0.407177597284317,-0.8432573080062866,0.566935122013092,0.4092293977737427,-0.8428562879562378,0.5936967730522156,0.4127310812473297,-0.8427544832229614,0.4603690505027771,0.40642645955085754,-0.8270781636238098,0.4467694163322449,0.4071020185947418,-0.8260219693183899,0.4330253601074219,0.40827658772468567,-0.8263273239135742,0.6471824645996094,0.4513772428035736,-0.5382430553436279,0.43107089400291443,0.445315957069397,-0.43685096502304077,0.5359610319137573,0.5827760100364685,-0.755245566368103,0.45288294553756714,0.5797095894813538,-0.7267521023750305,0.8300105333328247,0.8642263412475586,-0.3127337098121643,0.27954739332199097,0.8474336862564087,-0.3562200665473938,0.9335370063781738,1.4000681638717651,-0.3298953175544739,0.15771116316318512,1.3419852256774902,-0.32148757576942444,0.8745549321174622,1.774466872215271,-0.6266469359397888,0.13947033882141113,1.7361112833023071,-0.7783517241477966,0.8942797780036926,1.9100028276443481,-0.7467935085296631,0.10672564804553986,1.8737808465957642,-0.8988143801689148,0.8178867101669312,1.8862799406051636,-0.7874612808227539,0.1671055257320404,1.8523203134536743,-0.9926004409790039,0.7994205951690674,1.832157850265503,-0.6672380566596985,0.19486096501350403,1.803091049194336,-0.8301339149475098,0.6869690418243408,1.7551250457763672,-0.06080468371510506,0.3291083872318268,1.7346099615097046,0.06933905184268951,0.6373246908187866,2.477926731109619,-0.027656417340040207,0.30692359805107117,2.446547269821167,0.0940001830458641,0.6101247668266296,3.10550856590271,0.6285890340805054,0.3031540513038635,3.0604608058929443,0.5301777124404907,0.6209115386009216,3.2132043838500977,0.6602413654327393,0.29894372820854187,3.163632392883301,0.5530434250831604,0.5269142985343933,3.3221805095672607,0.053511131554841995,0.34536653757095337,3.2883362770080566,-0.05186624079942703,0.4256456262981815,2
2026-09-24T12:31:52.168737,S013,S013_A5_Y_20260924_1231,elevated_20,A5,young,class_2,0.5199852585792542,0.49524739384651184,-0.8768770098686218,0.555209755897522,0.40783050656318665,-0.8293720483779907,0.5798522233963013,0.4099692702293396,-0.8291022181510925,0.6015682220458984,0.4130183160305023,-0.8291108012199402,0.4831687808036804,0.4097476601600647,-0.8313881158828735,0.46155843138694763,0.41217052936553955,-0.8304715156555176,0.44410377740859985,0.41545626521110535,-0.8306771516799927,0.6470167636871338,0.4507844150066376,-0.4920331835746765,0.43094033002853394,0.4557747542858124,-0.4693538546562195,0.5660349130630493,0.5834518074989319,-0.7433911561965942,0.4831387400627136,0.5812035202980042,-0.7371886968612671,0.8299356698989868,0.8641815781593323,-0.272910475730896,0.2747021019458771,0.8692707419395447,-0.3888067305088043,0.9424186944961548,1.3823119401931763,-0.3163239061832428,0.1600484848022461,1.3883861303329468,-0.36805418133735657,0.8954538106918335,1.7733961343765259,-0.6623344421386719,0.14774921536445618,1.7572211027145386,-0.9058974385261536,0.9217736124992371,1.9092644453048706,-0.7812834978103638,0.11075365543365479,1.8849750757217407,-1.0475499629974365,0.8501270413398743,1.8838151693344116,-0.8280059099197388,0.17031195759773254,1.861559271812439,-1.1286040544509888,0.8272345662117004,1.8284565210342407,-0.7037496566772461,0.20042677223682404,1.8139759302139282,-0.9601330757141113,0.6973515152931213,1.757034182548523,-0.053481899201869965,0.34026986360549927,1.750069260597229,0.06163457781076431,0.6620541214942932,2.4811227321624756,0.04921579360961914,0.3416029214859009,2.4641005992889404,0.13045158982276917,0.6500827074050903,3.107018232345581,0.7873737812042236,0.35499972105026245,3.0688791275024414,0.6382573246955872,0.6600149273872375,3.2148942947387695,0.826684296131134,0.34917086362838745,3.172576665878296,0.6759399175643921,0.5888118743896484,3.3220021724700928,0.24891777336597443,0.41466107964515686,3.2953059673309326,0.047588326036930084,0.42666155725681054,2
2026-09-24T12:31:52.411398,S013,S013_A5_Y_20260924_1231,elevated_20,A5,young,class_2,0.5347654223442078,0.5019055008888245,-0.9072116613388062,0.5630813837051392,0.411134272813797,-0.8625063896179199,0.5850285291671753,0.41193529963493347,-0.8622106313705444,0.6047394275665283,0.4138520359992981,-0.8622288703918457,0.4906430244445801,0.41563504934310913,-0.8660963177680969,0.4663594365119934,0.4184131324291229,-0.8651443719863892,0.4473118782043457,0.4222986102104187,-0.865351676940918,0.6459105610847473,0.4508279860019684,-0.5238938331604004,0.42886632680892944,0.46232354640960693,-0.5100825428962708,0.5774807333946228,0.5858174562454224,-0.7716091871261597,0.4937795102596283,0.5838472843170166,-0.768679678440094,0.8234947323799133,0.8647430539131165,-0.2850375473499298,0.2685803771018982,0.8706641793251038,-0.4091843068599701,0.9279203414916992,1.3825745582580566,-0.2791316509246826,0.1562151461839676,1.4034701585769653,-0.39818164706230164,0.8899314999580383,1.7695343494415283,-0.6034027338027954,0.14836451411247253,1.757311463356018,-0.9022309184074402,0.9208818674087524,1.905718445777893,-0.7248263359069824,0.112155020236969,1.8834125995635986,-1.0437860488891602,0.8482691049575806,1.8810733556747437,-0.7772312164306641,0.17108844220638275,1.8593919277191162,-1.125194787979126,0.8266523480415344,1.8262583017349243,-0.6501322984695435,0.20089514553546906,1.811461091041565,-0.9566529393196106,0.6939803957939148,1.758683681488037,-0.035666920244693756,0.3370322585105896,1.754415512084961,0.043461576104164124,0.6602275967597961,2.4817259311676025,0.03948728367686272,0.3383074402809143,2.470568895339966,0.12631022930145264,0.6496506333351135,3.110659599304199,0.7542487382888794,0.34922245144844055,3.0764687061309814,0.5748194456100464,0.6584206819534302,3.219604730606079,0.7909918427467346,0.3420138657093048,3.1800272464752197,0.605215847492218,0.5882988572120667,3.3245644569396973,0.1921994984149933,0.4125732481479645,3.3030073642730713,0.038536086678504944,0.42691673790168905,2
2026-09-24T12:31:52.660881,S013,S013_A5_Y_20260924_1231,elevated_20,A5,young,class_2,0.5344164967536926,0.5051238536834717,-0.8912016749382019,0.5628690719604492,0.41239991784095764,-0.8450762033462524,0.5847770571708679,0.41250526905059814,-0.8447850942611694,0.6042256951332092,0.4139304459095001,-0.8446739912033081,0.4905865788459778,0.41829386353492737,-0.8461657762527466,0.4663366377353668,0.4216041564941406,-0.8451878428459167,0.4472910761833191,0.4263601303100586,-0.8453692197799683,0.6401892900466919,0.450713187456131,-0.5142655968666077,0.4260120987892151,0.46803179383277893,-0.49304500222206116,0.5784865617752075,0.5886211395263672,-0.7605657577514648,0.49460452795028687,0.586513102054596,-0.7549750804901123,0.8189159631729126,0.8660329580307007,-0.2729343771934509,0.2660641074180603,0.8748511672019958,-0.41658085584640503,0.9114084243774414,1.3943129777908325,-0.27470383048057556,0.15102091431617737,1.4112389087677002,-0.4260648190975189,0.8727315664291382,1.767346978187561,-0.6201256513595581,0.14781498908996582,1.757641077041626,-0.9547441601753235,0.9032554626464844,1.900362491607666,-0.746437668800354,0.1118214949965477,1.8831654787063599,-1.1037216186523438,0.8383512496948242,1.8719534873962402,-0.7993398904800415,0.1704600751399994,1.8581968545913696,-1.1798501014709473,0.814193606376648,1.8216077089309692,-0.6685622930526733,0.20045658946037292,1.810121774673462,-1.0097988843917847,0.6888892650604248,1.7623575925827026,-0.024695541709661484,0.331225723028183,1.7596378326416016,0.03259855881333351,0.6555999517440796,2.486189365386963,0.01859438791871071,0.3356977701187134,2.4781365394592285,0.05933937430381775,0.6478281021118164,3.12194561958313,0.6385109424591064,0.34511926770210266,3.083479404449463,0.436849981546402,0.6558076739311218,3.2323966026306152,0.6628566980361938,0.33629918098449707,3.1849050521850586,0.45763644576072693,0.5869566202163696,3.3309247493743896,0.061577461659908295,0.4114325940608978,3.3123300075531006,-0.18619845807552338,0.4273021205647803,2
2026-09-24T12:31:52.900955,S013,S013_A5_Y_20260924_1231,elevated_20,A5,young,class_2,0.5346298217773438,0.5202545523643494,-0.9256178736686707,0.5633141994476318,0.42136186361312866,-0.8871053457260132,0.5852235555648804,0.41953474283218384,-0.8868120908737183,0.6044787168502808,0.41914796829223633,-0.88653963804245,0.4903927743434906,0.42891934514045715,-0.8748221397399902,0.465810626745224,0.43174710869789124,-0.8737943768501282,0.4462753236293793,0.43603599071502686,-0.8741477727890015,0.639363706111908,0.45224255323410034,-0.5602749586105347,0.4199927747249603,0.4753047227859497,-0.4992300868034363,0.578630268573761,0.6035917401313782,-0.7997439503669739,0.4945349097251892,0.6042740941047668,-0.7805811166763306,0.8189963102340698,0.8696680665016174,-0.3012668490409851,0.260626882314682,0.8761101365089417,-0.4229614734649658,0.9119850397109985,1.3956105709075928,-0.2905386686325073,0.147395521402359,1.4259908199310303,-0.4853455126285553,0.8702465295791626,1.7656960487365723,-0.6787821650505066,0.15171697735786438,1.740330457687378,-1.1078261137008667,0.8991446495056152,1.8983478546142578,-0.8215357661247253,0.12301771342754364,1.8539619445800781,-1.2663695812225342,0.8315594792366028,1.8712297677993774,-0.8665608167648315,0.17733028531074524,1.8085408210754395,-1.3422291278839111,0.8086929321289062,1.820655107498169,-0.7235305309295654,0.20435909926891327,1.7635964155197144,-1.1636202335357666,0.6889782547950745,1.7622334957122803,-0.027887919917702675,0.3315870463848114,1.7583165168762207,0.03554312512278557,0.6556448340415955,2.485388994216919,0.011854829266667366,0.33109381794929504,2.475329637527466,0.10365096479654312,0.6448345184326172,3.120633840560913,0.6911935210227966,0.3395778238773346,3.084273099899292,0.5646030306816101,0.6525510549545288,3.2311325073242188,0.7243994474411011,0.3322765827178955,3.1884608268737793,0.5957720875740051,0.5818120241165161,3.333008050918579,0.11611064523458481,0.39821168780326843,3.312671422958374,-0.06721235811710358,0.42813909875460676,2
2026-09-24T12:31:53.288416,S013,S013_A5_Y_20260924_1231,elevated_20,A5,young,class_2,0.5363067984580994,0.5266579389572144,-0.9035539627075195,0.5658826231956482,0.42777159810066223,-0.8650022745132446,0.5869963765144348,0.4255513548851013,-0.8646823763847351,0.605609118938446,0.4246629774570465,-0.864683985710144,0.49179500341415405,0.4344021677970886,-0.8620761036872864,0.46651989221572876,0.43661439418792725,-0.861036479473114,0.44684523344039917,0.43980398774147034,-0.861273467540741,0.6393858790397644,0.4554027318954468,-0.5369688272476196,0.4199032783508301,0.47670143842697144,-0.5008934736251831,0.5791534185409546,0.6100594997406006,-0.7715014219284058,0.4953032433986664,0.610352098941803,-0.7615739703178406,0.8184326887130737,0.8693529367446899,-0.30884426832199097,0.2574332058429718,0.8763354420661926,-0.4083966314792633,0.9154515266418457,1.3853000402450562,-0.3122188448905945,0.14751914143562317,1.408926248550415,-0.4767514765262604,0.8723779916763306,1.746383786201477,-0.679411768913269,0.15186232328414917,1.7401708364486694,-1.0581375360488892,0.9009425044059753,1.8745479583740234,-0.8222082257270813,0.12181557714939117,1.8542251586914062,-1.2218955755233765,0.8331356048583984,1.8490034341812134,-0.866313099861145,0.17657795548439026,1.8140501976013184,-1.2913234233856201,0.8102328181266785,1.8011889457702637,-0.7241622805595398,0.20434336364269257,1.7686442136764526,-1.108880877494812,0.6936713457107544,1.7587312459945679,-0.02958238683640957,0.33545437455177307,1.7572990655899048,0.037151895463466644,0.6617154479026794,2.479330539703369,0.00796347763389349,0.33337873220443726,2.472529888153076,0.10129325091838837,0.6521478295326233,3.1154398918151855,0.6905154585838318,0.3423045873641968,3.0808019638061523,0.5613018274307251,0.6605421304702759,3.227783441543579,0.7238612174987793,0.3350525498390198,3.186225414276123,0.5922765731811523,0.591204047203064,3.324834108352661,0.11728854477405548,0.4014286994934082,3.305525541305542,-0.06405991315841675,0.4280608689744743,2
2026-09-24T12:31:53.544656,S013,S013_A5_Y_20260924_1231,elevated_20,A5,young,class_2,0.5370298027992249,0.5377960205078125,-0.9829415082931519,0.5674964785575867,0.4377115070819855,-0.9466300010681152,0.5886418223381042,0.4335933327674866,-0.9465179443359375,0.6071599125862122,0.4310312271118164,-0.9470160603523254,0.4921494126319885,0.4454270303249359,-0.9475079774856567,0.46663469076156616,0.44692909717559814,-0.9464696645736694,0.44684305787086487,0.44920605421066284,-0.9466760754585266,0.6396613717079163,0.4569600820541382,-0.5732640624046326,0.41852110624313354,0.4802940785884857,-0.545063316822052,0.5795814394950867,0.6188491582870483,-0.8286282420158386,0.49536409974098206,0.622369110584259,-0.8201243281364441,0.818734347820282,0.8651116490364075,-0.32549166679382324,0.25788062810897827,0.8731663823127747,-0.4138287901878357,0.9158743023872375,1.3851841688156128,-0.32098740339279175,0.1506897509098053,1.411148190498352,-0.46450337767601013,0.8697478175163269,1.7462540864944458,-0.6869598627090454,0.15248042345046997,1.7328059673309326,-1.039522647857666,0.8971440196037292,1.8743202686309814,-0.8297145962715149,0.12221745401620865,1.8438079357147217,-1.1925338506698608,0.8281261324882507,1.8492268323898315,-0.8732803463935852,0.1764165610074997,1.8059355020523071,-1.2780334949493408,0.8066708445549011,1.801208734512329,-0.7303776144981384,0.2041885405778885,1.7614436149597168,-1.0971806049346924,0.6935985088348389,1.753083348274231,-0.04287923127412796,0.3363298773765564,1.7497307062149048,0.04993848502635956,0.6616888642311096,2.476261615753174,0.025859719142317772,0.33349475264549255,2.4682841300964355,0.15188944339752197,0.6492770910263062,3.1138651371002197,0.7845073342323303,0.34218093752861023,3.0801262855529785,0.6864756941795349,0.6577750444412231,3.223863124847412,0.8253628611564636,0.33508020639419556,3.1855554580688477,0.726500391960144,0.5847249031066895,3.3246371746063232,0.20808622241020203,0.39892083406448364,3.3045654296875,0.04330311715602875,0.4275077285496026,2
2026-09-24T12:31:53.835742,S013,S013_A5_Y_20260924_1231,elevated_20,A5,young,class_2,0.5368650555610657,0.5439602136611938,-1.003357172012329,0.5675140023231506,0.4437990188598633,-0.9611397981643677,0.5887165069580078,0.43892064690589905,-0.9610849618911743,0.6071791052818298,0.4358459711074829,-0.96150141954422,0.49209243059158325,0.45264557003974915,-0.9663430452346802,0.46657150983810425,0.454098105430603,-0.9653293490409851,0.4467998147010803,0.45642414689064026,-0.9655686616897583,0.6392835378646851,0.4595937132835388,-0.5813986659049988,0.4174276292324066,0.4866594672203064,-0.565341055393219,0.580061137676239,0.6243178844451904,-0.8423805236816406,0.49540939927101135,0.6304675340652466,-0.8418556451797485,0.8195969462394714,0.8663723468780518,-0.3320614695549011,0.2557089924812317,0.8807297348976135,-0.4262402057647705,0.9217849969863892,1.3844789266586304,-0.3293653130531311,0.1510467827320099,1.4161237478256226,-0.45804986357688904,0.8770475387573242,1.7474675178527832,-0.7098715901374817,0.15370137989521027,1.753823161125183,-1.016662359237671,0.9043963551521301,1.8768649101257324,-0.8517695665359497,0.12289593368768692,1.8723729848861694,-1.1650848388671875,0.834337592124939,1.8551993370056152,-0.894658088684082,0.17705371975898743,1.8445680141448975,-1.2451609373092651,0.8128865957260132,1.806588053703308,-0.7535125613212585,0.20487546920776367,1.7974419593811035,-1.07160222530365,0.6995493173599243,1.7576823234558105,-0.044391222298145294,0.34078148007392883,1.7590038776397705,0.05138581246137619,0.6732503771781921,2.4810311794281006,0.048304349184036255,0.34378284215927124,2.4776957035064697,0.1724759191274643,0.6648920178413391,3.117816925048828,0.8351311683654785,0.36114221811294556,3.0918123722076416,0.7353768944740295,0.6736351847648621,3.2287144660949707,0.8783420324325562,0.35718774795532227,3.1998465061187744,0.7779315710067749,0.6041631698608398,3.3320040702819824,0.2583388686180115,0.41811734437942505,3.3147225379943848,0.10143174976110458,0.4273872252702914,2
2026-09-24T12:31:54.088354,S013,S013_A5_Y_20260924_1231,elevated_20,A5,young,class_2,0.5350226759910583,0.5490115880966187,-1.0323636531829834,0.5659485459327698,0.4495314955711365,-0.9871895909309387,0.5877841711044312,0.4444364309310913,-0.9871394038200378,0.6061800122261047,0.4412907361984253,-0.9873957633972168,0.4896138608455658,0.4582202732563019,-0.9911333918571472,0.4653185307979584,0.4592846632003784,-0.9901113510131836,0.4460625648498535,0.46135029196739197,-0.9903980493545532,0.6384228467941284,0.4644221067428589,-0.6014391183853149,0.41672784090042114,0.49162837862968445,-0.5876432657241821,0.5793548226356506,0.6304833889007568,-0.8745518922805786,0.4947071969509125,0.6363887786865234,-0.8718611001968384,0.8204809427261353,0.8663848638534546,-0.3373986482620239,0.256020188331604,0.8845886588096619,-0.43616485595703125,0.9256154894828796,1.3787623643875122,-0.33980876207351685,0.1475866734981537,1.4150030612945557,-0.43068328499794006,0.8815447688102722,1.7446973323822021,-0.7312095761299133,0.1536809653043747,1.7582154273986816,-0.9141026735305786,0.9094287753105164,1.8746840953826904,-0.8727701902389526,0.12291274219751358,1.8813834190368652,-1.0585784912109375,0.8393324613571167,1.8540008068084717,-0.9218811988830566,0.17743942141532898,1.8535610437393188,-1.148370623588562,0.8175382614135742,1.8051438331604004,-0.7781966924667358,0.2050083875656128,1.8050904273986816,-0.9709420204162598,0.7031630277633667,1.7576277256011963,-0.046395935118198395,0.34501680731773376,1.7594341039657593,0.05342397093772888,0.6785706281661987,2.480559825897217,-0.017544027417898178,0.3475192189216614,2.4761674404144287,0.14075659215450287,0.669645369052887,3.1170408725738525,0.6989955902099609,0.3670291602611542,3.0907676219940186,0.6221969723701477,0.6788848042488098,3.227687120437622,0.7332749962806702,0.3644419312477112,3.198728084564209,0.653359591960907,0.6066000461578369,3.331857919692993,0.09039255231618881,0.421011745929718,3.313466787338257,-0.034953609108924866,0.4275570858814483,2
2026-09-24T12:31:54.249627,S013,S013_A5_Y_20260924_1231,elevated_20,A5,young,class_2,0.5329807996749878,0.5488602519035339,-1.062748908996582,0.5622745752334595,0.449079692363739,-1.0138524770736694,0.5846834182739258,0.4440845251083374,-1.013800859451294,0.6031124591827393,0.4410443603992462,-1.013999581336975,0.4867079257965088,0.4579291045665741,-1.0164111852645874,0.4633695185184479,0.45911338925361633,-1.0154703855514526,0.44411104917526245,0.46132510900497437,-1.0157721042633057,0.6334203481674194,0.4643907845020294,-0.6264351010322571,0.41523975133895874,0.49172133207321167,-0.6085692644119263,0.5781322717666626,0.6298618912696838,-0.9088180661201477,0.4937887191772461,0.6359203457832336,-0.9034010171890259,0.8205402493476868,0.8671534061431885,-0.35189738869667053,0.2563924789428711,0.8846704959869385,-0.4556341767311096,0.9320877194404602,1.3712836503982544,-0.3552861511707306,0.14205792546272278,1.4171907901763916,-0.43338221311569214,0.8905174136161804,1.7411481142044067,-0.7513555288314819,0.15336216986179352,1.757437825202942,-0.9187925457954407,0.9178013801574707,1.87192964553833,-0.891657829284668,0.12340642511844635,1.880845546722412,-1.0642532110214233,0.8478196859359741,1.852622628211975,-0.9472441673278809,0.17829355597496033,1.8526500463485718,-1.1525177955627441,0.8263497352600098,1.8034007549285889,-0.800662636756897,0.2050504982471466,1.804213047027588,-0.9752680063247681,0.7041081190109253,1.7575749158859253,-0.047203969210386276,0.34881582856178284,1.7592693567276,0.054109811782836914,0.6825546026229858,2.480247974395752,-0.05369068309664726,0.3511974811553955,2.4763147830963135,0.09998975694179535,0.6772785186767578,3.1181671619415283,0.6320673227310181,0.37450745701789856,3.0940001010894775,0.5295637845993042,0.687651515007019,3.2281482219696045,0.6627811789512634,0.3739444613456726,3.2008590698242188,0.5544863343238831,0.6129500269889832,3.3336923122406006,0.01420129369944334,0.42465606331825256,3.3155038356781006,-0.13964298367500305,0.42779551663755394,2
2026-09-24T12:31:54.439633,S013,S013_A5_Y_20260924_1231,elevated_20,A5,young,class_2,0.5329217314720154,0.5483094453811646,-1.0561028718948364,0.5620616674423218,0.44869235157966614,-1.0083693265914917,0.5843974947929382,0.44388240575790405,-1.0082790851593018,0.6027390360832214,0.4409327507019043,-1.0084140300750732,0.4866735339164734,0.4574875235557556,-1.009675145149231,0.46335873007774353,0.458750456571579,-1.008730173110962,0.44409507513046265,0.4609878361225128,-1.0090291500091553,0.6325703263282776,0.46420618891716003,-0.6247423887252808,0.4149669110774994,0.49154016375541687,-0.6070004105567932,0.5780647397041321,0.6297099590301514,-0.9070113301277161,0.49372929334640503,0.635313868522644,-0.9003944396972656,0.8207160830497742,0.8664262890815735,-0.3522241711616516,0.2609902620315552,0.8704135417938232,-0.4464093744754791,0.9321297407150269,1.3618849515914917,-0.35769015550613403,0.1421157717704773,1.4072169065475464,-0.43811193108558655,0.8898983001708984,1.732487440109253,-0.7500314116477966,0.15328863263130188,1.7382540702819824,-0.9809880256652832,0.917523980140686,1.863842487335205,-0.8893928527832031,0.12329456955194473,1.861217975616455,-1.1375281810760498,0.8474727869033813,1.846129059791565,-0.9454387426376343,0.17830213904380798,1.8313891887664795,-1.2229840755462646,0.8259238004684448,1.7964128255844116,-0.7992388010025024,0.20508348941802979,1.7836955785751343,-1.0384905338287354,0.7052021622657776,1.7494531869888306,-0.047614019364118576,0.35167354345321655,1.7514841556549072,0.05451376363635063,0.6835054159164429,2.4706757068634033,-0.05078338459134102,0.35151129961013794,2.4671730995178223,0.09352544695138931,0.6774890422821045,3.1103179454803467,0.6295420527458191,0.3747172951698303,3.085474967956543,0.5207440257072449,0.6880679726600647,3.218971014022827,0.6601008772850037,0.37409549951553345,3.1903882026672363,0.5462730526924133,0.6116346716880798,3.324057102203369,0.016093304380774498,0.4253097176551819,3.3064839839935303,-0.14180918037891388,0.42807513913319806,2
2026-09-24T12:31:54.961158,S013,S013_A5_Y_20260924_1231,elevated_20,A5,young,class_2,0.5313974618911743,0.5479087829589844,-1.07772958278656,0.561329185962677,0.4484861493110657,-1.0299042463302612,0.5840030908584595,0.44374048709869385,-1.029771089553833,0.6024680733680725,0.4408664405345917,-1.0298711061477661,0.48518848419189453,0.45733705163002014,-1.0298138856887817,0.46221479773521423,0.4586070775985718,-1.0287935733795166,0.4427553713321686,0.4608544409275055,-1.0290722846984863,0.6324284672737122,0.46453604102134705,-0.6524866223335266,0.41400161385536194,0.4915493428707123,-0.6244329214096069,0.5776293277740479,0.6292175650596619,-0.9288729429244995,0.4922272264957428,0.6347865462303162,-0.9202110171318054,0.8209258317947388,0.8667570948600769,-0.38215172290802,0.2611696720123291,0.8701949715614319,-0.4612857401371002,0.9336107969284058,1.36217200756073,-0.385234534740448,0.13768801093101501,1.4084385633468628,-0.44166916608810425,0.8895028829574585,1.732679843902588,-0.7608400583267212,0.15336552262306213,1.743120551109314,-0.9792485237121582,0.916946530342102,1.8632330894470215,-0.8999214172363281,0.1247340589761734,1.8672680854797363,-1.1364705562591553,0.8471931219100952,1.84559965133667,-0.9516953229904175,0.18075671792030334,1.835750937461853,-1.2195534706115723,0.8253929018974304,1.7962218523025513,-0.8088870048522949,0.20668725669384003,1.7877336740493774,-1.0361882448196411,0.7060929536819458,1.7482354640960693,-0.049134284257888794,0.3518853783607483,1.7510755062103271,0.056202102452516556,0.6840711832046509,2.470615863800049,-0.05921781063079834,0.3513385057449341,2.4670286178588867,0.07219168543815613,0.6776024699211121,3.110872507095337,0.6385355591773987,0.3730563521385193,3.0859107971191406,0.518078625202179,0.6881214380264282,3.219634532928467,0.6703030467033386,0.37222471833229065,3.1911866664886475,0.5451503992080688,0.6108813881874084,3.325380563735962,0.019841203466057777,0.42390865087509155,3.306877374649048,-0.15526804327964783,0.4276766161203244,2
2026-09-24T12:31:55.196194,S013,S013_A5_Y_20260924_1231,elevated_20,A5,young,class_2,0.5323470830917358,0.5505706071853638,-1.1140068769454956,0.5623738765716553,0.4500434696674347,-1.071586012840271,0.5847118496894836,0.4451281428337097,-1.0713920593261719,0.6030745506286621,0.44219380617141724,-1.07149338722229,0.48635730147361755,0.45927512645721436,-1.0720202922821045,0.4630109667778015,0.460429310798645,-1.0710265636444092,0.443742036819458,0.46242183446884155,-1.0712672472000122,0.6328433752059937,0.4653758406639099,-0.6986743211746216,0.4140091836452484,0.4921509623527527,-0.6711457967758179,0.5783399939537048,0.631916880607605,-0.963467001914978,0.49289950728416443,0.6384872198104858,-0.9550744295120239,0.8215386271476746,0.8669583201408386,-0.4148021340370178,0.26134559512138367,0.863246500492096,-0.49844351410865784,0.9355800747871399,1.3668274879455566,-0.3920004963874817,0.1257881224155426,1.4183789491653442,-0.43103232979774475,0.8922080993652344,1.7428367137908936,-0.7555195689201355,0.14831498265266418,1.7639005184173584,-0.8434993624687195,0.9189531207084656,1.8723148107528687,-0.8949155807495117,0.12275365740060806,1.887650966644287,-0.975797176361084,0.8500808477401733,1.8571511507034302,-0.9464103579521179,0.17952992022037506,1.856775164604187,-1.061626672744751,0.8280379176139832,1.8082139492034912,-0.803130030632019,0.20459453761577606,1.8092278242111206,-0.8958247303962708,0.7060271501541138,1.7487585544586182,-0.052273351699113846,0.3518555164337158,1.7521361112594604,0.059184081852436066,0.684249222278595,2.473757743835449,-0.053418803960084915,0.35288557410240173,2.4742307662963867,0.0789242684841156,0.6770005226135254,3.117382526397705,0.6524558663368225,0.37444373965263367,3.0984318256378174,0.5377670526504517,0.6871949434280396,3.224440336227417,0.6884801387786865,0.3739549219608307,3.2037441730499268,0.5677704811096191,0.6107633113861084,3.3396875858306885,0.0538640134036541,0.42257118225097656,3.321241855621338,-0.1363804042339325,0.4282892907741632,2
2026-09-24T12:31:55.413293,S013,S013_A5_Y_20260924_1231,elevated_20,A5,young,class_2,0.5328704118728638,0.5502676367759705,-1.0956541299819946,0.5635601878166199,0.44994068145751953,-1.0547053813934326,0.585557222366333,0.445069819688797,-1.0545237064361572,0.6038542985916138,0.44217291474342346,-1.0546917915344238,0.4881323277950287,0.45908820629119873,-1.0535881519317627,0.4644748270511627,0.46023526787757874,-1.0526007413864136,0.44577693939208984,0.4622793197631836,-1.0528416633605957,0.6332167983055115,0.4656906723976135,-0.696384072303772,0.41733208298683167,0.4914243519306183,-0.6543266773223877,0.5786065459251404,0.6316311359405518,-0.9471167325973511,0.4930378794670105,0.6381200551986694,-0.9377964735031128,0.8229306936264038,0.867184579372406,-0.4136296808719635,0.2613711953163147,0.8636316061019897,-0.49281081557273865,0.9365533590316772,1.361182451248169,-0.39459291100502014,0.12869402766227722,1.4022730588912964,-0.437101274728775,0.8934709429740906,1.7419489622116089,-0.7781417369842529,0.14779844880104065,1.763940453529358,-0.8484333157539368,0.9212134480476379,1.8722710609436035,-0.9190047979354858,0.11823059618473053,1.8916223049163818,-0.9956552386283875,0.8509270548820496,1.8578304052352905,-0.9775577783584595,0.17748895287513733,1.8703185319900513,-1.0951014757156372,0.8287343978881836,1.808302640914917,-0.829485297203064,0.20384955406188965,1.8199931383132935,-0.9026862382888794,0.7085674405097961,1.7488621473312378,-0.04744776710867882,0.3542032539844513,1.752130389213562,0.054633885622024536,0.6847755908966064,2.4732320308685303,-0.06320923566818237,0.3537580370903015,2.471644878387451,0.007954906672239304,0.678503692150116,3.1162641048431396,0.5991372466087341,0.37453967332839966,3.0948362350463867,0.42770034074783325,0.6887744665145874,3.224120616912842,0.6282175779342651,0.37376636266708374,3.2014968395233154,0.45023113489151,0.611770749092102,3.335298776626587,-0.019036490470170975,0.42400145530700684,3.312328338623047,-0.2432568073272705,0.4280833493322448,2
2026-09-24T12:31:55.618774,S013,S013_A5_Y_20260924_1231,elevated_20,A5,young,class_2,0.5387941598892212,0.5532848238945007,-1.1263717412948608,0.5678418278694153,0.45158976316452026,-1.0753943920135498,0.5886778831481934,0.446447491645813,-1.0752681493759155,0.6068888902664185,0.44319644570350647,-1.0753378868103027,0.4924784302711487,0.46080923080444336,-1.08381187915802,0.46744710206985474,0.4616227149963379,-1.08281672000885,0.4483720660209656,0.4633738100528717,-1.0830761194229126,0.6341095566749573,0.46589788794517517,-0.6842347979545593,0.41899222135543823,0.49133339524269104,-0.6837892532348633,0.5810716152191162,0.6330320835113525,-0.9643099904060364,0.49665752053260803,0.6405336260795593,-0.9676789045333862,0.8234633207321167,0.8661925792694092,-0.41252025961875916,0.2591467797756195,0.8679528832435608,-0.5046383738517761,0.9411797523498535,1.3499057292938232,-0.37389859557151794,0.1309908777475357,1.3992868661880493,-0.4186059534549713,0.8974277377128601,1.7334064245224,-0.7727465629577637,0.1549539715051651,1.7675493955612183,-0.8200589418411255,0.9251496195793152,1.864216685295105,-0.9105143547058105,0.1266317218542099,1.8984943628311157,-0.9651721119880676,0.8551701307296753,1.852394700050354,-0.9656022787094116,0.18552228808403015,1.8811522722244263,-1.0608047246932983,0.8329002261161804,1.802430272102356,-0.8213162422180176,0.2113073319196701,1.828125238418579,-0.8777174949645996,0.7164989709854126,1.7444175481796265,-0.04337591305375099,0.3603372275829315,1.7517822980880737,0.05066034197807312,0.694297194480896,2.4651057720184326,-0.05875939875841141,0.36579686403274536,2.46604061126709,-0.03454770892858505,0.6932831406593323,3.10988712310791,0.6164578199386597,0.3885541260242462,3.0924572944641113,0.4061674475669861,0.7026246190071106,3.2195889949798584,0.6468892097473145,0.3885250985622406,3.2010390758514404,0.4304293096065521,0.6314839720726013,3.328869581222534,-0.0023472653701901436,0.4401911795139313,3.305467128753662,-0.27884289622306824,0.42736206757818407,2
2026-09-24T12:31:55.829626,S013,S013_A5_Y_20260924_1231,elevated_20,A5,young,class_2,0.5428885221481323,0.5554667115211487,-1.2397745847702026,0.5713721513748169,0.4545082449913025,-1.1810190677642822,0.5917039513587952,0.4495592713356018,-1.1810104846954346,0.6100227236747742,0.44619861245155334,-1.181102991104126,0.4961914122104645,0.46229323744773865,-1.191996693611145,0.469865620136261,0.46264901757240295,-1.1911184787750244,0.4500799775123596,0.46404144167900085,-1.1914737224578857,0.6359337568283081,0.46753188967704773,-0.7407383918762207,0.41966956853866577,0.4912775456905365,-0.7624162435531616,0.5826684236526489,0.6350382566452026,-1.0631325244903564,0.49829810857772827,0.6422477960586548,-1.0701826810836792,0.824789822101593,0.866719126701355,-0.42187824845314026,0.2576748728752136,0.8686288595199585,-0.5567370653152466,0.9410517811775208,1.3502415418624878,-0.38265088200569153,0.133549302816391,1.4025171995162964,-0.4441816210746765,0.8969908952713013,1.7360631227493286,-0.8164518475532532,0.15768668055534363,1.7771494388580322,-0.8598532676696777,0.9245269894599915,1.8708370923995972,-0.9639385342597961,0.1303374469280243,1.9092251062393188,-1.0305004119873047,0.8545406460762024,1.861997365951538,-1.0335203409194946,0.18849380314350128,1.8942477703094482,-1.1399662494659424,0.832342267036438,1.8092337846755981,-0.8721499443054199,0.2138947993516922,1.8403750658035278,-0.9255602955818176,0.7177900075912476,1.7444484233856201,-0.04149243235588074,0.3618820309638977,1.7525641918182373,0.04866526648402214,0.6955052614212036,2.465235948562622,-0.0238689873367548,0.36801034212112427,2.466118574142456,-0.03381406515836716,0.6956925988197327,3.109992504119873,0.7277334928512573,0.3915504813194275,3.093374013900757,0.4378761351108551,0.7046937942504883,3.219881534576416,0.7642465829849243,0.39227983355522156,3.202171564102173,0.4600328505039215,0.6348730325698853,3.3290598392486572,0.07926709949970245,0.4441431164741516,3.306570291519165,-0.23650220036506653,0.4267034368287058,2
2026-09-24T12:31:56.043757,S013,S013_A5_Y_20260924_1231,elevated_20,A5,young,class_2,0.5465236306190491,0.5584987998008728,-1.5726145505905151,0.5747298002243042,0.4564058482646942,-1.5086257457733154,0.5948421359062195,0.45133498311042786,-1.5088070631027222,0.6129741072654724,0.44763830304145813,-1.5089938640594482,0.49954676628112793,0.4642931818962097,-1.5230729579925537,0.4723018705844879,0.4643760621547699,-1.522473692893982,0.45164886116981506,0.4654987156391144,-1.5228955745697021,0.6373820304870605,0.4679521322250366,-0.9930521845817566,0.4198703169822693,0.49139243364334106,-1.0342833995819092,0.5850165486335754,0.6370363831520081,-1.364086389541626,0.5007823705673218,0.645352303981781,-1.3765370845794678,0.8247952461242676,0.8637071847915649,-0.5758638381958008,0.25623005628585815,0.8696447610855103,-0.7009305953979492,0.9444658160209656,1.3366508483886719,-0.4973037838935852,0.13956929743289948,1.4039000272750854,-0.5476244688034058,0.9037132263183594,1.7286144495010376,-0.9836776852607727,0.16793987154960632,1.7784439325332642,-1.0371639728546143,0.9310786128044128,1.8673800230026245,-1.1462754011154175,0.14670172333717346,1.9113117456436157,-1.2162563800811768,0.8633055686950684,1.8601723909378052,-1.236605167388916,0.1995144784450531,1.8973639011383057,-1.3358036279678345,0.8413224220275879,1.8054940700531006,-1.0468088388442993,0.22184884548187256,1.8423175811767578,-1.1067230701446533,0.7262319326400757,1.7407371997833252,-0.04167284816503525,0.36941051483154297,1.7520995140075684,0.048739321529865265,0.7066957354545593,2.4613022804260254,0.010250669904053211,0.3770153522491455,2.4620132446289062,-0.043478742241859436,0.7100106477737427,3.106658697128296,0.8591120839118958,0.40205565094947815,3.093648672103882,0.5386726260185242,0.7174749374389648,3.2181668281555176,0.9031794667243958,0.4045335352420807,3.204846143722534,0.5771363973617554,0.6554283499717712,3.3279218673706055,0.17001403868198395,0.45712536573410034,3.306614875793457,-0.21379077434539795,0.42600339297635426,2
2026-09-24T12:31:56.242988,S013,S013_A5_Y_20260924_1231,elevated_20,A5,young,class_2,0.5466948747634888,0.5590266585350037,-1.5876120328903198,0.5757170915603638,0.45809701085090637,-1.5262725353240967,0.596405565738678,0.4533655345439911,-1.5263450145721436,0.6148010492324829,0.4498419165611267,-1.5264508724212646,0.4998146891593933,0.4650343656539917,-1.5368587970733643,0.4723927974700928,0.4649658203125,-1.5363318920135498,0.4516880512237549,0.46602150797843933,-1.5367817878723145,0.6410220861434937,0.4694603681564331,-1.0381495952606201,0.4198670983314514,0.4913543462753296,-1.0631473064422607,0.5858422517776489,0.6379196643829346,-1.3904359340667725,0.5007916688919067,0.6456893086433411,-1.398506999015808,0.8295954465866089,0.8652000427246094,-0.6495813727378845,0.2540892958641052,0.8725212216377258,-0.7477259039878845,0.9483430981636047,1.3434029817581177,-0.5837529301643372,0.14627787470817566,1.4089845418930054,-0.5905285477638245,0.9030689001083374,1.7373156547546387,-1.0116784572601318,0.17714594304561615,1.7826974391937256,-1.0707703828811646,0.9307647943496704,1.8792259693145752,-1.1636930704116821,0.15797613561153412,1.9173067808151245,-1.2457287311553955,0.8624165654182434,1.8694932460784912,-1.2463551759719849,0.20962007343769073,1.9016350507736206,-1.353307843208313,0.8402813076972961,1.812146782875061,-1.069944143295288,0.2306562215089798,1.8452794551849365,-1.1364285945892334,0.7276690602302551,1.7409415245056152,-0.041293684393167496,0.3694416582584381,1.7529778480529785,0.04824243113398552,0.7076244354248047,2.4622583389282227,-0.000520524219609797,0.37812209129333496,2.461444616317749,-0.18088236451148987,0.7096313834190369,3.1072893142700195,0.8165571093559265,0.4018731713294983,3.0959103107452393,0.42971697449684143,0.7168602347373962,3.2186079025268555,0.8589385747909546,0.4048980176448822,3.209270477294922,0.46712374687194824,0.6537134647369385,3.3349497318267822,0.14493609964847565,0.4554941654205322,3.309494972229004,-0.3452438414096832,0.42518145041698185,2
2026-09-24T12:31:56.455492,S013,S013_A5_Y_20260924_1231,elevated_20,A5,young,class_2,0.5472146272659302,0.5602992177009583,-1.6306978464126587,0.5764387845993042,0.45995283126831055,-1.5661542415618896,0.5971918702125549,0.454922080039978,-1.5663120746612549,0.6155798435211182,0.4510386288166046,-1.5663933753967285,0.5006095767021179,0.46709296107292175,-1.57623291015625,0.4729756712913513,0.466837078332901,-1.5757681131362915,0.45206013321876526,0.4677444398403168,-1.576301097869873,0.6419662833213806,0.46991071105003357,-1.0692479610443115,0.41998225450515747,0.49190494418144226,-1.0938254594802856,0.5861717462539673,0.6390534043312073,-1.4308969974517822,0.5011166334152222,0.646896481513977,-1.4390922784805298,0.8320542573928833,0.8681870698928833,-0.6694259643554688,0.2530781626701355,0.8776565790176392,-0.7740260362625122,0.9529190063476562,1.3467694520950317,-0.6156653165817261,0.14828595519065857,1.4149987697601318,-0.6436741948127747,0.9081178903579712,1.7466081380844116,-1.063721776008606,0.17805999517440796,1.7940583229064941,-1.141775131225586,0.9337449073791504,1.892547845840454,-1.2216331958770752,0.15858180820941925,1.9329441785812378,-1.322038173675537,0.866064727306366,1.8839876651763916,-1.3049585819244385,0.21119025349617004,1.9186992645263672,-1.4297844171524048,0.8445092439651489,1.8242617845535278,-1.1227102279663086,0.23237350583076477,1.8606518507003784,-1.2075879573822021,0.7315829396247864,1.7469693422317505,-0.041073624044656754,0.3718374967575073,1.760441541671753,0.04796535149216652,0.7130454778671265,2.468614101409912,-0.018307453021407127,0.383216917514801,2.463444232940674,-0.20757243037223816,0.7179347276687622,3.111806631088257,0.8153169751167297,0.40777677297592163,3.1039135456085205,0.42252546548843384,0.7246500253677368,3.224228620529175,0.8588421940803528,0.41122594475746155,3.2216267585754395,0.4608279764652252,0.663808286190033,3.3448538780212402,0.13521501421928406,0.46212783455848694,3.316739797592163,-0.35310256481170654,0.42462125838450115,2
2026-09-24T12:31:56.638881,S013,S013_A5_Y_20260924_1231,elevated_20,A5,young,class_2,0.5487103462219238,0.5644829869270325,-1.5083448886871338,0.5772268772125244,0.46382570266723633,-1.4494192600250244,0.5976122617721558,0.45804494619369507,-1.449562430381775,0.6159037947654724,0.4534396231174469,-1.449767827987671,0.5028517246246338,0.4716973602771759,-1.4602097272872925,0.4755001962184906,0.47116342186927795,-1.4596022367477417,0.4538439214229584,0.47150272130966187,-1.460052490234375,0.6419888734817505,0.4701591730117798,-0.9681477546691895,0.4209786057472229,0.4926406443119049,-0.9906399846076965,0.5866347551345825,0.6407966017723083,-1.312475323677063,0.5031334161758423,0.6498603820800781,-1.3199794292449951,0.8327557444572449,0.8667753338813782,-0.59447181224823,0.25356778502464294,0.8762262463569641,-0.6990579962730408,0.9525182843208313,1.3415553569793701,-0.5885030031204224,0.1507231593132019,1.412623643875122,-0.5992091298103333,0.9075292348861694,1.7412468194961548,-1.0410377979278564,0.17969901859760284,1.7911473512649536,-1.1048614978790283,0.9331440925598145,1.8887578248977661,-1.2060165405273438,0.15980197489261627,1.9299551248550415,-1.2716084718704224,0.8654947280883789,1.8833136558532715,-1.2372164726257324,0.21261580288410187,1.9159315824508667,-1.3627183437347412,0.8441093564033508,1.8219250440597534,-1.0824239253997803,0.23360903561115265,1.8594211339950562,-1.167292833328247,0.7311281561851501,1.7457255125045776,-0.04113459959626198,0.373826801776886,1.7594064474105835,0.04799458011984825,0.7137768864631653,2.464409589767456,-0.0202513225376606,0.38718923926353455,2.4576215744018555,-0.15239150822162628,0.7196429967880249,3.110137701034546,0.7261104583740234,0.412771612405777,3.103787660598755,0.3738868832588196,0.727422833442688,3.223245859146118,0.7585886120796204,0.41572466492652893,3.220289707183838,0.40123113989830017,0.6627684831619263,3.3426928520202637,0.026642318814992905,0.46487537026405334,3.3152265548706055,-0.3887295722961426,0.4240998060004406,2
2026-09-24T12:31:56.896745,S013,S013_A5_Y_20260924_1231,elevated_20,A5,young,class_2,0.5485421419143677,0.5661500096321106,-1.4839563369750977,0.5771344304084778,0.4654870331287384,-1.4285776615142822,0.5975629091262817,0.45934516191482544,-1.4287149906158447,0.615862250328064,0.45446234941482544,-1.4288642406463623,0.5027247071266174,0.47369927167892456,-1.4368780851364136,0.4754493236541748,0.47289735078811646,-1.436324119567871,0.45383039116859436,0.4730701744556427,-1.4367963075637817,0.6419881582260132,0.4701746106147766,-0.9588357210159302,0.42101019620895386,0.4926922619342804,-0.971907913684845,0.5866168737411499,0.6418102979660034,-1.291919469833374,0.5030723214149475,0.6507288813591003,-1.2965189218521118,0.8330832719802856,0.8660577535629272,-0.579007089138031,0.25361329317092896,0.8745877146720886,-0.674730658531189,0.9525426030158997,1.33866548538208,-0.5437051057815552,0.15082323551177979,1.4103423357009888,-0.5778406262397766,0.9070392847061157,1.735388159751892,-0.9961884617805481,0.1792883574962616,1.7894586324691772,-1.0928813219070435,0.9329454302787781,1.8820713758468628,-1.188137412071228,0.15924981236457825,1.9294183254241943,-1.2648646831512451,0.8649216890335083,1.8760493993759155,-1.1928913593292236,0.21213336288928986,1.9148133993148804,-1.3605263233184814,0.8435258865356445,1.8146750926971436,-1.037591576576233,0.23337583243846893,1.8586883544921875,-1.1528093814849854,0.7308388948440552,1.744256854057312,-0.04067296162247658,0.3746502697467804,1.75819730758667,0.04740345850586891,0.7133848071098328,2.460771083831787,-0.04217999055981636,0.3881852924823761,2.451470375061035,-0.20564255118370056,0.7180529832839966,3.108524799346924,0.6367149949073792,0.4118006229400635,3.1034767627716064,0.2591736912727356,0.7259631752967834,3.221351146697998,0.6641603112220764,0.41466253995895386,3.2193167209625244,0.28058239817619324,0.6597204208374023,3.3419947624206543,-0.052797406911849976,0.4628099799156189,3.31335711479187,-0.5003424882888794,0.4236096746527079,2
2026-09-24T12:31:57.260384,S013,S013_A5_Y_20260924_1231,elevated_20,A5,young,class_2,0.5487571358680725,0.5673994421958923,-1.534773349761963,0.577527642250061,0.46789035201072693,-1.4829273223876953,0.5979903340339661,0.4617369472980499,-1.4830858707427979,0.6163966059684753,0.4567340910434723,-1.4831644296646118,0.5037352442741394,0.47539636492729187,-1.4888397455215454,0.47670578956604004,0.47424060106277466,-1.4883395433425903,0.4548548758029938,0.47410982847213745,-1.488895297050476,0.6433359384536743,0.4714590907096863,-1.018822431564331,0.42207425832748413,0.49282631278038025,-1.0230039358139038,0.5868262052536011,0.643473207950592,-1.343225121498108,0.5036314725875854,0.6523831486701965,-1.3455334901809692,0.8342002034187317,0.8658902645111084,-0.62019944190979,0.2541823983192444,0.8736857175827026,-0.699861466884613,0.9522957801818848,1.3382930755615234,-0.564620852470398,0.15100666880607605,1.4091284275054932,-0.5846643447875977,0.9059691429138184,1.7276031970977783,-0.9901093244552612,0.17980718612670898,1.7852381467819214,-1.0810492038726807,0.9301387667655945,1.871158480644226,-1.1442716121673584,0.1605147272348404,1.9261746406555176,-1.2527226209640503,0.8645172119140625,1.860741138458252,-1.2128950357437134,0.2133040428161621,1.906607985496521,-1.348349928855896,0.8434464335441589,1.8011659383773804,-1.044847011566162,0.2345835417509079,1.8500568866729736,-1.1410788297653198,0.7305559515953064,1.74214506149292,-0.03830032795667648,0.3744966387748718,1.7560161352157593,0.04491039365530014,0.7131015062332153,2.457817554473877,-0.0830269604921341,0.38914239406585693,2.4450631141662598,-0.2999984323978424,0.717954158782959,3.10556697845459,0.5854763388633728,0.41256698966026306,3.1004552841186523,0.16087068617343903,0.725724458694458,3.2168121337890625,0.6118122339248657,0.41577187180519104,3.2171995639801025,0.18173621594905853,0.6586796045303345,3.3406260013580322,-0.10799093544483185,0.46344122290611267,3.3078768253326416,-0.6110531687736511,0.4233272651748793,2
2026-09-24T12:31:57.603511,S013,S013_A5_Y_20260924_1231,elevated_20,A5,young,class_2,0.5502064228057861,0.5673105716705322,-1.5881794691085815,0.5790839195251465,0.46784111857414246,-1.5294021368026733,0.5998200178146362,0.461816668510437,-1.529649257659912,0.6182600259780884,0.4568937420845032,-1.5298701524734497,0.5047356486320496,0.4752786457538605,-1.5409026145935059,0.47757911682128906,0.47416892647743225,-1.5404021739959717,0.4554904103279114,0.4740982949733734,-1.5409090518951416,0.6457334756851196,0.4718230962753296,-1.0327208042144775,0.42248186469078064,0.4929603636264801,-1.060072660446167,0.5881617665290833,0.6436884999275208,-1.3840527534484863,0.5049124956130981,0.6524657011032104,-1.3933744430541992,0.8339962959289551,0.8658884763717651,-0.625656008720398,0.2553625702857971,0.8734148740768433,-0.7135239243507385,0.9527046084403992,1.333565592765808,-0.5519689321517944,0.1509321928024292,1.4033889770507812,-0.5731557011604309,0.9068251848220825,1.7231075763702393,-0.9735876321792603,0.17944209277629852,1.7757469415664673,-1.0619486570358276,0.9302469491958618,1.8658955097198486,-1.1221851110458374,0.1604175716638565,1.9125205278396606,-1.2321672439575195,0.8653604388237,1.8556538820266724,-1.201920747756958,0.21274980902671814,1.8958232402801514,-1.3338379859924316,0.8448613286018372,1.7961715459823608,-1.0308361053466797,0.23426251113414764,1.8400592803955078,-1.1239416599273682,0.7303813099861145,1.7406741380691528,-0.0391932912170887,0.3742672801017761,1.7544007301330566,0.04568110778927803,0.7132045030593872,2.4575393199920654,-0.04584381729364395,0.39116209745407104,2.444587469100952,-0.22320446372032166,0.7182342410087585,3.105612277984619,0.7018893957138062,0.41437211632728577,3.1003377437591553,0.2056039273738861,0.725696861743927,3.217149496078491,0.7355124950408936,0.4175961911678314,3.2177157402038574,0.24854472279548645,0.6605575680732727,3.3401849269866943,-0.029800424352288246,0.464834600687027,3.3079276084899902,-0.48838454484939575,0.42255004711412103,2
2026-09-24T12:31:57.941595,S013,S013_A5_Y_20260924_1231,elevated_20,A5,young,class_2,0.5501057505607605,0.5715115666389465,-1.7164804935455322,0.5790281891822815,0.4712652564048767,-1.659501314163208,0.5997781157493591,0.465057909488678,-1.6598211526870728,0.6182265281677246,0.4598633944988251,-1.6599664688110352,0.5047258138656616,0.47804245352745056,-1.6669734716415405,0.4775596261024475,0.4765268564224243,-1.6667721271514893,0.45548224449157715,0.4760904610157013,-1.6674363613128662,0.6456373929977417,0.47325748205184937,-1.1497033834457397,0.4224000871181488,0.4933004081249237,-1.1674085855484009,0.5881022214889526,0.6467320322990417,-1.5062652826309204,0.5047804117202759,0.6568933725357056,-1.512987732887268,0.8334267735481262,0.8662793040275574,-0.6956470012664795,0.25540655851364136,0.8732740879058838,-0.7614033222198486,0.9526462554931641,1.324300765991211,-0.6284666061401367,0.1510397493839264,1.4027516841888428,-0.6424738764762878,0.9076770544052124,1.6875823736190796,-1.1193242073059082,0.17782074213027954,1.7700448036193848,-1.2046689987182617,0.9301503300666809,1.8208980560302734,-1.2677161693572998,0.16025422513484955,1.9072068929672241,-1.3864978551864624,0.8693413734436035,1.8021204471588135,-1.3601902723312378,0.20969167351722717,1.8831127882003784,-1.4808342456817627,0.8485794067382812,1.7461950778961182,-1.1794183254241943,0.23108193278312683,1.8270858526229858,-1.265378713607788,0.7302885055541992,1.7411566972732544,-0.03924011439085007,0.37438565492630005,1.7534539699554443,0.04573746770620346,0.7128912210464478,2.457883358001709,-0.19426873326301575,0.3916335701942444,2.4413983821868896,-0.3674300014972687,0.7174504399299622,3.1054203510284424,0.4897182583808899,0.4136134088039398,3.0957095623016357,0.09709812700748444,0.7249764204025269,3.216921329498291,0.5133191347122192,0.41654643416404724,3.2130820751190186,0.1156819686293602,0.6598068475723267,3.3388547897338867,-0.24814705550670624,0.4639374315738678,3.3028903007507324,-0.6940876245498657,0.42228627727840695,2
2026-09-24T12:31:58.239749,S013,S013_A5_Y_20260924_1231,elevated_20,A5,young,class_2,0.5499326586723328,0.5731130242347717,-1.6864382028579712,0.5787824392318726,0.47245997190475464,-1.634112000465393,0.5995873808860779,0.4660566747188568,-1.6343753337860107,0.6179727911949158,0.46067020297050476,-1.634499192237854,0.5046873688697815,0.47978299856185913,-1.6406316757202148,0.47754374146461487,0.4785173833370209,-1.6402883529663086,0.4554547369480133,0.4784912168979645,-1.6409088373184204,0.6452107429504395,0.4734564423561096,-1.1445940732955933,0.42231184244155884,0.494683176279068,-1.1551339626312256,0.5880358219146729,0.6475155353546143,-1.4834117889404297,0.5047103762626648,0.6586723923683167,-1.4877640008926392,0.8331456184387207,0.866165041923523,-0.6987802386283875,0.25551578402519226,0.8729716539382935,-0.7671526670455933,0.9525169134140015,1.3216172456741333,-0.6113923788070679,0.14858980476856232,1.3991206884384155,-0.6237444877624512,0.9108866453170776,1.6917235851287842,-1.0595585107803345,0.1679910123348236,1.770438551902771,-1.1397264003753662,0.9341975450515747,1.826151728630066,-1.2040547132492065,0.14891417324543,1.9078209400177002,-1.3127944469451904,0.8753793835639954,1.809485912322998,-1.2959269285202026,0.19787010550498962,1.8846256732940674,-1.4117462635040283,0.8533322215080261,1.753657579421997,-1.1197056770324707,0.2208036631345749,1.828818440437317,-1.2014756202697754,0.7298476099967957,1.7409636974334717,-0.03941822424530983,0.3742600381374359,1.7519406080245972,0.045896001160144806,0.7123512029647827,2.4579286575317383,-0.1629863679409027,0.3911297619342804,2.440220594406128,-0.3131663501262665,0.7173478603363037,3.1064088344573975,0.5098434686660767,0.4132033884525299,3.0954132080078125,0.15149670839309692,0.7243574857711792,3.218395233154297,0.5336192846298218,0.41588717699050903,3.21297287940979,0.17130056023597717,0.6591278910636902,3.3385820388793945,-0.2128266543149948,0.46313366293907166,3.302262544631958,-0.6320706605911255,0.4223287099966084,2
2026-09-24T12:31:58.457044,S013,S013_A5_Y_20260924_1231,elevated_20,A5,young,class_2,0.5489398241043091,0.5732453465461731,-1.6905759572982788,0.5775829553604126,0.4725174903869629,-1.6352431774139404,0.5986211895942688,0.46606865525245667,-1.6355597972869873,0.6171119213104248,0.4606766700744629,-1.635668396949768,0.5039047598838806,0.4799342751502991,-1.6410877704620361,0.47703999280929565,0.47876396775245667,-1.6408300399780273,0.45522308349609375,0.478920042514801,-1.641507863998413,0.6446484327316284,0.47352394461631775,-1.1359206438064575,0.42230743169784546,0.49492934346199036,-1.1453001499176025,0.5877999067306519,0.647720456123352,-1.4846997261047363,0.5045069456100464,0.6589929461479187,-1.4886418581008911,0.8333805799484253,0.8666200041770935,-0.6916496753692627,0.2562095820903778,0.8728612661361694,-0.7581199407577515,0.9511498212814331,1.3223990201950073,-0.6203644871711731,0.14832888543605804,1.3990389108657837,-0.6170023679733276,0.9106222987174988,1.6925722360610962,-1.115733027458191,0.16747193038463593,1.7707339525222778,-1.1310476064682007,0.9340828657150269,1.8265175819396973,-1.2692656517028809,0.14891257882118225,1.9084564447402954,-1.3071850538253784,0.8748862147331238,1.8092740774154663,-1.3669102191925049,0.19728770852088928,1.884697437286377,-1.407109022140503,0.8530074954032898,1.7538154125213623,-1.178831934928894,0.2199394702911377,1.8288813829421997,-1.1931321620941162,0.7297583222389221,1.7418782711029053,-0.038702890276908875,0.3742051124572754,1.751846432685852,0.04511786997318268,0.7096858024597168,2.4602627754211426,-0.17564214766025543,0.38940781354904175,2.4404208660125732,-0.3391801118850708,0.7137062549591064,3.106621026992798,0.5452898740768433,0.40864425897598267,3.095324993133545,0.16564157605171204,0.7199441194534302,3.218390941619873,0.5740104913711548,0.4113141894340515,3.212592840194702,0.18790026009082794,0.6569887399673462,3.338376045227051,-0.1676606684923172,0.45839959383010864,3.30254864692688,-0.6219581365585327,0.422052535375163,2
2026-09-24T12:31:58.719645,S013,S013_A5_Y_20260924_1231,elevated_20,A5,young,class_2,0.5490108728408813,0.5738108158111572,-1.7206308841705322,0.5775682330131531,0.47295668721199036,-1.6602933406829834,0.5986026525497437,0.46650445461273193,-1.6606829166412354,0.6170786619186401,0.46109041571617126,-1.6608543395996094,0.5039470195770264,0.4802206754684448,-1.669237732887268,0.47704368829727173,0.47897428274154663,-1.6690133810043335,0.45521482825279236,0.4790668189525604,-1.669694185256958,0.6441900134086609,0.47372451424598694,-1.1387474536895752,0.422065407037735,0.4950801432132721,-1.1614677906036377,0.5877777338027954,0.6484343409538269,-1.506372332572937,0.504520058631897,0.659771740436554,-1.5145117044448853,0.8326746821403503,0.8655827045440674,-0.6945638656616211,0.25618988275527954,0.8738116025924683,-0.7538283467292786,0.9510650634765625,1.3154561519622803,-0.6387045383453369,0.14885912835597992,1.3993302583694458,-0.6287325024604797,0.9101811647415161,1.684230089187622,-1.1727501153945923,0.16743291914463043,1.769948959350586,-1.2013988494873047,0.9318956136703491,1.8183149099349976,-1.337890386581421,0.14905142784118652,1.907652735710144,-1.392190933227539,0.8747965693473816,1.7991420030593872,-1.436442494392395,0.1969764530658722,1.8806366920471191,-1.497831106185913,0.8528820872306824,1.7446075677871704,-1.2368022203445435,0.2194957733154297,1.8249801397323608,-1.267522931098938,0.7314004302024841,1.7418859004974365,-0.03892839327454567,0.3767632842063904,1.7514610290527344,0.045325614511966705,0.7107659578323364,2.4603006839752197,-0.22127480804920197,0.39018356800079346,2.437586784362793,-0.37759527564048767,0.7171241044998169,3.1043832302093506,0.5244969129562378,0.41047167778015137,3.0883052349090576,0.14075729250907898,0.7230334877967834,3.2152605056762695,0.5545806884765625,0.41306549310684204,3.203874349594116,0.16322697699069977,0.6631428599357605,3.3332839012145996,-0.20291152596473694,0.46199163794517517,3.295891523361206,-0.655549943447113,0.42232914974391117,2
2026-09-24T12:31:59.014817,S013,S013_A5_Y_20260924_1231,elevated_20,A5,young,class_2,0.5484639406204224,0.5737406015396118,-1.7136799097061157,0.5766249895095825,0.47290274500846863,-1.6573259830474854,0.5976628065109253,0.46645501255989075,-1.6576656103134155,0.6161626577377319,0.46094581484794617,-1.657809853553772,0.5036047697067261,0.48027196526527405,-1.6621010303497314,0.47683244943618774,0.47909486293792725,-1.6618852615356445,0.45515021681785583,0.47924959659576416,-1.6625350713729858,0.6435055136680603,0.47373393177986145,-1.1503814458847046,0.4220871329307556,0.4951449930667877,-1.1542465686798096,0.5873160362243652,0.6484037637710571,-1.505083441734314,0.5044905543327332,0.6596987843513489,-1.5075465440750122,0.832242488861084,0.8637344837188721,-0.6990463733673096,0.25695210695266724,0.8735369443893433,-0.7491741180419922,0.9526451230049133,1.29521906375885,-0.6957743763923645,0.14919769763946533,1.3991942405700684,-0.6507115960121155,0.9201184511184692,1.6287890672683716,-1.2611968517303467,0.1675325185060501,1.7704589366912842,-1.2262448072433472,0.9448955655097961,1.7504620552062988,-1.4180667400360107,0.1491609662771225,1.9086129665374756,-1.4052269458770752,0.8913497924804688,1.7294094562530518,-1.5096724033355713,0.19707737863063812,1.8812575340270996,-1.498286485671997,0.8688252568244934,1.6815109252929688,-1.3220298290252686,0.2196371853351593,1.8255187273025513,-1.2859874963760376,0.7340983152389526,1.7418221235275269,-0.038959480822086334,0.3812338709831238,1.7511730194091797,0.04536280408501625,0.7140002250671387,2.460362195968628,-0.22717460989952087,0.39498457312583923,2.4377472400665283,-0.38605767488479614,0.722095787525177,3.1046290397644043,0.4283817708492279,0.415485143661499,3.0884993076324463,0.06053084880113602,0.7283605337142944,3.2158803939819336,0.4482472538948059,0.4180462956428528,3.2040371894836426,0.0744597390294075,0.6673004031181335,3.332787275314331,-0.3111095428466797,0.4681599736213684,3.295985460281372,-0.7354196310043335,0.4219852664583882,2
2026-09-24T12:31:59.229747,S013,S013_A5_Y_20260924_1231,elevated_20,A5,young,class_2,0.5376025438308716,0.573623776435852,-1.6986525058746338,0.5687600374221802,0.47309190034866333,-1.64641535282135,0.5913164019584656,0.46670952439308167,-1.6467359066009521,0.610385537147522,0.46131807565689087,-1.6468441486358643,0.4961315989494324,0.48044130206108093,-1.6442244052886963,0.4713490605354309,0.47934165596961975,-1.6439869403839111,0.4523213505744934,0.47967395186424255,-1.6446704864501953,0.6416227221488953,0.47528570890426636,-1.1540651321411133,0.42177438735961914,0.4956803321838379,-1.1295795440673828,0.5819116234779358,0.6483995914459229,-1.4954556226730347,0.49748286604881287,0.6594687104225159,-1.488875389099121,0.8325708508491516,0.8659598231315613,-0.706419825553894,0.2570098042488098,0.873078465461731,-0.7472354173660278,0.9536447525024414,1.2976830005645752,-0.6851018071174622,0.14780132472515106,1.391204833984375,-0.6187146306037903,0.9195123910903931,1.650250792503357,-1.2112772464752197,0.16461893916130066,1.769982099533081,-1.2149012088775635,0.943909764289856,1.7800191640853882,-1.371962308883667,0.1460726261138916,1.9086029529571533,-1.3752720355987549,0.8892525434494019,1.7605723142623901,-1.4683482646942139,0.1953127682209015,1.8814983367919922,-1.4671475887298584,0.8670371770858765,1.7079274654388428,-1.2741081714630127,0.21803414821624756,1.8257858753204346,-1.269742727279663,0.7318060398101807,1.744353175163269,-0.042980656027793884,0.3793087601661682,1.750698208808899,0.04948577657341957,0.7064719200134277,2.464634895324707,-0.28749150037765503,0.3850859999656677,2.4360969066619873,-0.41087642312049866,0.7092693448066711,3.1072351932525635,0.3894364535808563,0.40042510628700256,3.0869641304016113,0.04116189107298851,0.7153764963150024,3.2187554836273193,0.4119666516780853,0.40244799852371216,3.2025625705718994,0.057138681411743164,0.6514541506767273,3.333221912384033,-0.3567315638065338,0.4514283239841461,3.2950167655944824,-0.7615064382553101,0.42241269129276177,2
2026-09-24T12:31:59.462849,S013,S013_A5_Y_20260924_1231,elevated_20,A5,young,class_2,0.5254008173942566,0.5730463862419128,-1.6923482418060303,0.558904230594635,0.4720917046070099,-1.6263583898544312,0.5835040807723999,0.4657628834247589,-1.6267108917236328,0.6031289100646973,0.4605107009410858,-1.6268737316131592,0.4825628697872162,0.4791037142276764,-1.6382474899291992,0.4605519771575928,0.4778828024864197,-1.6378933191299438,0.44328171014785767,0.47790610790252686,-1.638523817062378,0.6366577744483948,0.4748627543449402,-1.136619210243225,0.4181055426597595,0.4940095543861389,-1.111720323562622,0.5746697187423706,0.6482545733451843,-1.4772439002990723,0.48783111572265625,0.6588999032974243,-1.472812294960022,0.8340188264846802,0.8665139079093933,-0.7057844400405884,0.2570357918739319,0.8718342185020447,-0.7299998998641968,0.9536093473434448,1.3036047220230103,-0.6624996662139893,0.14787402749061584,1.385210394859314,-0.5581730604171753,0.9125738143920898,1.6622439622879028,-1.11033034324646,0.16465722024440765,1.7624602317810059,-1.0515377521514893,0.9356271028518677,1.796742558479309,-1.244374394416809,0.14600425958633423,1.9006001949310303,-1.2065625190734863,0.87493497133255,1.77870774269104,-1.3312995433807373,0.19535119831562042,1.8775714635849,-1.3032243251800537,0.8547924160957336,1.7210004329681396,-1.1650148630142212,0.21806807816028595,1.821884036064148,-1.1106431484222412,0.7314797043800354,1.743428349494934,-0.04543035477399826,0.3789956867694855,1.7476645708084106,0.05197497084736824,0.7055445909500122,2.464354991912842,-0.24583175778388977,0.382112056016922,2.4342219829559326,-0.3834589421749115,0.7066349983215332,3.108419179916382,0.42505931854248047,0.3980090916156769,3.0869686603546143,0.09338747709989548,0.7136128544807434,3.221076011657715,0.4468182921409607,0.40086713433265686,3.20279598236084,0.1098083034157753,0.6452900171279907,3.3348283767700195,-0.3008713126182556,0.4470316767692566,3.2954835891723633,-0.6906324625015259,0.4219181292396432,2
2026-09-24T12:31:59.677116,S013,S013_A5_Y_20260924_1231,elevated_20,A5,young,class_2,0.5233015418052673,0.5704890489578247,-1.72543203830719,0.5569748878479004,0.46978992223739624,-1.673484206199646,0.5817941427230835,0.46365758776664734,-1.673757553100586,0.6014578342437744,0.458747535943985,-1.673842191696167,0.4794882833957672,0.4767098128795624,-1.6709377765655518,0.45757946372032166,0.4756385087966919,-1.6706682443618774,0.44091567397117615,0.47569045424461365,-1.6712849140167236,0.6350020170211792,0.4739929437637329,-1.1938120126724243,0.41646164655685425,0.4930477738380432,-1.1503894329071045,0.5736671686172485,0.6468967199325562,-1.5237641334533691,0.4858641028404236,0.656254231929779,-1.5132511854171753,0.8351685404777527,0.8665997385978699,-0.749370813369751,0.2569182515144348,0.8711856603622437,-0.7403184175491333,0.9544736742973328,1.3049395084381104,-0.7180460691452026,0.1525198370218277,1.3851088285446167,-0.5625283718109131,0.9130634069442749,1.6652640104293823,-1.1827348470687866,0.16758975386619568,1.7581400871276855,-1.0910608768463135,0.9359124898910522,1.7978233098983765,-1.3264509439468384,0.1483841836452484,1.8955018520355225,-1.2548426389694214,0.8756644129753113,1.7796740531921387,-1.4159572124481201,0.19686996936798096,1.8723169565200806,-1.346923828125,0.8553527593612671,1.723007082939148,-1.2397706508636475,0.2199193686246872,1.8160628080368042,-1.1508516073226929,0.732233464717865,1.7399450540542603,-0.045665331184864044,0.3791959881782532,1.7425671815872192,0.05221344158053398,0.7075737714767456,2.4638209342956543,-0.27956968545913696,0.38395923376083374,2.4311301708221436,-0.4508284032344818,0.7078940868377686,3.10825777053833,0.3858223855495453,0.398586243391037,3.0867865085601807,-0.019506173208355904,0.7147384881973267,3.2208147048950195,0.40758997201919556,0.40167897939682007,3.2028274536132812,-0.007205065339803696,0.6460660099983215,3.3351891040802,-0.35089799761772156,0.4480200707912445,3.2955758571624756,-0.8253385424613953,0.42134028742684954,2
2026-09-24T12:31:59.900633,S013,S013_A5_Y_20260924_1231,elevated_20,A5,young,class_2,0.5225511789321899,0.5690284371376038,-1.741209626197815,0.5560319423675537,0.4691635072231293,-1.687334418296814,0.5808888077735901,0.4631747901439667,-1.6875594854354858,0.6004276275634766,0.4583985507488251,-1.6876331567764282,0.4778844714164734,0.4750046133995056,-1.6876140832901,0.4557637572288513,0.47388502955436707,-1.6872800588607788,0.43920326232910156,0.4738403856754303,-1.6878626346588135,0.634250819683075,0.4737369418144226,-1.191152811050415,0.41490116715431213,0.49206697940826416,-1.1675570011138916,0.5733075141906738,0.6463105082511902,-1.5359970331192017,0.48456233739852905,0.6547785997390747,-1.5309653282165527,0.8354406356811523,0.8686866760253906,-0.7490266561508179,0.253184974193573,0.871505856513977,-0.7698360681533813,0.9474591016769409,1.3298934698104858,-0.695207953453064,0.15248633921146393,1.3944538831710815,-0.5791666507720947,0.8957581520080566,1.6992112398147583,-1.162017583847046,0.1787361055612564,1.760621428489685,-1.0952873229980469,0.9147900342941284,1.8358052968978882,-1.3115637302398682,0.16561546921730042,1.8974614143371582,-1.2632685899734497,0.8535443544387817,1.8192352056503296,-1.4015508890151978,0.213517427444458,1.8735934495925903,-1.3524599075317383,0.8351852297782898,1.7580195665359497,-1.2208821773529053,0.23319539427757263,1.8167017698287964,-1.1535632610321045,0.730985701084137,1.7400401830673218,-0.0465749055147171,0.37599870562553406,1.7426408529281616,0.05307997390627861,0.7045342922210693,2.4678962230682373,-0.253602534532547,0.37931540608406067,2.436729907989502,-0.4331703782081604,0.7029280662536621,3.110966920852661,0.5349041819572449,0.3952248692512512,3.0916357040405273,0.1551157832145691,0.7101091146469116,3.2222275733947754,0.5712524652481079,0.39894986152648926,3.2065844535827637,0.18153299391269684,0.6389416456222534,3.3440499305725098,-0.2028394192457199,0.4452431797981262,3.3077502250671387,-0.670624852180481,0.420515895086558,2
2026-09-24T12:32:00.161716,S013,S013_A5_Y_20260924_1231,elevated_20,A5,young,class_2,0.522921621799469,0.5686944723129272,-1.8103227615356445,0.5568710565567017,0.46914488077163696,-1.7532047033309937,0.5816341638565063,0.46316763758659363,-1.7534233331680298,0.6013744473457336,0.45845139026641846,-1.7534536123275757,0.4786075949668884,0.4747577905654907,-1.7566801309585571,0.4560116231441498,0.47356680035591125,-1.7563905715942383,0.43938350677490234,0.47356292605400085,-1.7569717168807983,0.6348694562911987,0.4739258885383606,-1.2453176975250244,0.41492176055908203,0.49203771352767944,-1.2398178577423096,0.5736037492752075,0.6463018655776978,-1.6023714542388916,0.48465853929519653,0.6545172929763794,-1.602463960647583,0.8352085947990417,0.8688114881515503,-0.7940617203712463,0.24938996136188507,0.8732519149780273,-0.8318297266960144,0.9464532136917114,1.3320173025131226,-0.767903208732605,0.15317049622535706,1.4135173559188843,-0.6927477121353149,0.8935976028442383,1.69315767288208,-1.28622567653656,0.18800024688243866,1.770369291305542,-1.2543671131134033,0.9126779437065125,1.8256614208221436,-1.445729374885559,0.17705687880516052,1.9084926843643188,-1.4340450763702393,0.8530308604240417,1.8041213750839233,-1.5261317491531372,0.2243533879518509,1.878335952758789,-1.5177617073059082,0.8342362642288208,1.7458945512771606,-1.3429609537124634,0.24329698085784912,1.8204330205917358,-1.3099908828735352,0.7334871292114258,1.7425459623336792,-0.04871384799480438,0.3763348162174225,1.7464878559112549,0.05511178821325302,0.7065204381942749,2.4754157066345215,-0.21929976344108582,0.38212326169013977,2.4503395557403564,-0.3953269124031067,0.703734278678894,3.1176772117614746,0.593779444694519,0.3967420756816864,3.1014864444732666,0.22747457027435303,0.7108533978462219,3.2279975414276123,0.6263014078140259,0.40042024850845337,3.214763879776001,0.25499725341796875,0.6390610337257385,3.3538355827331543,-0.15877769887447357,0.4479292333126068,3.324808359146118,-0.6005820035934448,0.41997353363000334,2
2026-09-24T12:32:00.411187,S013,S013_A5_Y_20260924_1231,elevated_20,A5,young,class_2,0.5230998396873474,0.5686627626419067,-1.7732881307601929,0.5569922924041748,0.4693640470504761,-1.7162551879882812,0.5817474126815796,0.4633468985557556,-1.7165101766586304,0.6016095876693726,0.4585801064968109,-1.7165765762329102,0.4792643189430237,0.47484615445137024,-1.7183805704116821,0.45639556646347046,0.473598450422287,-1.718106985092163,0.4397396445274353,0.47358718514442444,-1.7187093496322632,0.6350192427635193,0.473934143781662,-1.21029794216156,0.4150359630584717,0.4920262396335602,-1.2004915475845337,0.5737088322639465,0.6465495824813843,-1.5651631355285645,0.48500317335128784,0.6545663475990295,-1.5639728307724,0.835405707359314,0.8688785433769226,-0.7700219750404358,0.2466292828321457,0.8749315142631531,-0.8069164156913757,0.9519160985946655,1.3330998420715332,-0.7645180821418762,0.1541437804698944,1.4195486307144165,-0.7263113260269165,0.897103488445282,1.69313645362854,-1.3086833953857422,0.2016562670469284,1.770306944847107,-1.425450325012207,0.9140875935554504,1.8256816864013672,-1.4778954982757568,0.19563183188438416,1.9083999395370483,-1.6307462453842163,0.8553293943405151,1.803615927696228,-1.5601454973220825,0.24411344528198242,1.874300479888916,-1.708793044090271,0.8369854688644409,1.7459328174591064,-1.366506576538086,0.2615697681903839,1.8168126344680786,-1.4829556941986084,0.7364169359207153,1.749168038368225,-0.049224190413951874,0.3766574263572693,1.7551929950714111,0.055641572922468185,0.711611270904541,2.486022472381592,-0.21805520355701447,0.3850935697555542,2.4605588912963867,-0.3937010169029236,0.7097721695899963,3.128230333328247,0.5798768997192383,0.4001583158969879,3.1132633686065674,0.2146468460559845,0.7171469330787659,3.2382185459136963,0.6116596460342407,0.40351447463035583,3.2281060218811035,0.25015518069267273,0.644738495349884,3.367685079574585,-0.1669781506061554,0.4550008177757263,3.338402509689331,-0.6373811960220337,0.41981007329961745,2
2026-09-24T12:32:00.808842,S013,S013_A5_Y_20260924_1231,elevated_20,A5,young,class_2,0.5252143740653992,0.5683943033218384,-1.7650012969970703,0.5579022169113159,0.4689502716064453,-1.7052724361419678,0.5823100209236145,0.46286848187446594,-1.705599069595337,0.6021698117256165,0.4581160843372345,-1.7056891918182373,0.48091572523117065,0.47450336813926697,-1.709488868713379,0.4573845863342285,0.47324851155281067,-1.7092822790145874,0.44041985273361206,0.4732655882835388,-1.7099214792251587,0.6350480318069458,0.4735628664493561,-1.1939828395843506,0.41517314314842224,0.49172061681747437,-1.1880252361297607,0.5746398568153381,0.6465013027191162,-1.5527617931365967,0.4872966706752777,0.6544039845466614,-1.5546396970748901,0.8354212045669556,0.8687260150909424,-0.7581318616867065,0.24640163779258728,0.8749765157699585,-0.7929338812828064,0.9532912969589233,1.3330811262130737,-0.7392008304595947,0.15592019259929657,1.4217151403427124,-0.719958484172821,0.9030739665031433,1.693869948387146,-1.289665937423706,0.20152457058429718,1.7687439918518066,-1.4208788871765137,0.920413613319397,1.8277499675750732,-1.4604259729385376,0.19385267794132233,1.9057061672210693,-1.6296100616455078,0.8620935678482056,1.80514395236969,-1.5537841320037842,0.2419206202030182,1.8681614398956299,-1.7161571979522705,0.843021035194397,1.7470868825912476,-1.3517143726348877,0.26017874479293823,1.8110913038253784,-1.4819978475570679,0.7387453317642212,1.7512905597686768,-0.04837585613131523,0.37838172912597656,1.757897138595581,0.05473913624882698,0.7162351608276367,2.487992525100708,-0.24935230612754822,0.3887579143047333,2.4607133865356445,-0.43300777673721313,0.7167783975601196,3.1283392906188965,0.5510066747665405,0.40668272972106934,3.1122403144836426,0.11556357145309448,0.7236095070838928,3.238701581954956,0.5848128795623779,0.4105507731437683,3.2275149822235107,0.14071275293827057,0.6548137664794922,3.366054058074951,-0.19157248735427856,0.4648948609828949,3.3373076915740967,-0.7033563256263733,0.4201295827329666,2
2026-09-24T12:32:01.215602,S013,S013_A5_Y_20260924_1231,elevated_20,A5,young,class_2,0.534006655216217,0.5688849091529846,-1.807002305984497,0.5637945532798767,0.4689434766769409,-1.7457780838012695,0.5864641070365906,0.46285751461982727,-1.7461599111557007,0.6056853532791138,0.45806604623794556,-1.7462379932403564,0.4879768490791321,0.4745665192604065,-1.7529237270355225,0.4618944227695465,0.4732690453529358,-1.7529252767562866,0.44313883781433105,0.47326669096946716,-1.7536293268203735,0.6363762617111206,0.4733177721500397,-1.2136141061782837,0.4156433045864105,0.49166586995124817,-1.2266311645507812,0.5778613686561584,0.6466524600982666,-1.5884442329406738,0.4926123023033142,0.6553465127944946,-1.5946844816207886,0.835382342338562,0.868764340877533,-0.7563055753707886,0.24651440978050232,0.8766422271728516,-0.8091474771499634,0.9550777673721313,1.3207300901412964,-0.8147910237312317,0.15579749643802643,1.4278050661087036,-0.7508684396743774,0.9109557867050171,1.5836576223373413,-1.509335994720459,0.20082788169384003,1.7766032218933105,-1.4149240255355835,0.9263383746147156,1.6903266906738281,-1.6843955516815186,0.19126997888088226,1.915587306022644,-1.6060539484024048,0.8780558705329895,1.645522952079773,-1.7651665210723877,0.24074742197990417,1.8739256858825684,-1.6850306987762451,0.860016942024231,1.6013941764831543,-1.5675021409988403,0.25988999009132385,1.815647006034851,-1.470537781715393,0.7432039976119995,1.7578922510147095,-0.048035502433776855,0.3822798430919647,1.7653000354766846,0.05433033034205437,0.725077748298645,2.491137981414795,-0.2486652433872223,0.40245041251182556,2.466304302215576,-0.40846768021583557,0.7308151721954346,3.132373332977295,0.5446206331253052,0.4233734607696533,3.114018678665161,0.11639466136693954,0.7360758781433105,3.243759870529175,0.5744727849960327,0.42653337121009827,3.2283408641815186,0.1411319077014923,0.6762860417366028,3.3662009239196777,-0.20053672790527344,0.4806058406829834,3.3358328342437744,-0.7010599374771118,0.4200125989819119,2
2026-09-24T12:32:01.762437,S013,S013_A5_Y_20260924_1231,elevated_20,A5,young,class_2,0.5393943786621094,0.5688539147377014,-1.738229513168335,0.5675750970840454,0.4683888554573059,-1.6727511882781982,0.5890247821807861,0.46213090419769287,-1.6732656955718994,0.6079825162887573,0.4571366012096405,-1.673452615737915,0.4926907420158386,0.4746403396129608,-1.6855354309082031,0.4657626152038574,0.473663866519928,-1.685463547706604,0.4455578327178955,0.4740593135356903,-1.6861976385116577,0.6376927495002747,0.47310972213745117,-1.136760950088501,0.4162631034851074,0.4929027855396271,-1.1722983121871948,0.5810757279396057,0.6466140151023865,-1.518300175666809,0.49655279517173767,0.6554393768310547,-1.5313630104064941,0.8341637849807739,0.8666535019874573,-0.6989402174949646,0.24715232849121094,0.8769352436065674,-0.7605990171432495,0.9574692845344543,1.3194514513015747,-0.6812843084335327,0.15388908982276917,1.426699161529541,-0.6482316255569458,0.9266258478164673,1.6445235013961792,-1.2827837467193604,0.1795158088207245,1.7886945009231567,-1.224180817604065,0.949835479259491,1.776354432106018,-1.4630279541015625,0.16248804330825806,1.9288369417190552,-1.4148075580596924,0.8945239186286926,1.758656620979309,-1.5972155332565308,0.2110474407672882,1.8962197303771973,-1.5344510078430176,0.8720945119857788,1.7087113857269287,-1.359747052192688,0.23355981707572937,1.8396364450454712,-1.295430064201355,0.7428991794586182,1.7580962181091309,-0.04680554196238518,0.3829531967639923,1.7664964199066162,0.05318767949938774,0.7250814437866211,2.490905523300171,-0.26805004477500916,0.40165048837661743,2.4659528732299805,-0.4042632579803467,0.7325526475906372,3.1349384784698486,0.4384830892086029,0.42320212721824646,3.1146774291992188,0.06672567129135132,0.7383232116699219,3.2470271587371826,0.4632241725921631,0.4262874722480774,3.2292869091033936,0.08375702053308487,0.679932713508606,3.365549325942993,-0.3046410083770752,0.48013871908187866,3.3343822956085205,-0.742812991142273,0.4207739182295358,2
2026-09-24T12:32:02.370722,S013,S013_A5_Y_20260924_1231,elevated_20,A5,young,class_2,0.5412575602531433,0.5666764378547668,-1.8430159091949463,0.5696496963500977,0.4632814824581146,-1.7707185745239258,0.5905997157096863,0.45784473419189453,-1.771232008934021,0.6096861958503723,0.4537014663219452,-1.771490454673767,0.4937551021575928,0.4714951813220978,-1.780608892440796,0.4664732813835144,0.4715726971626282,-1.7807687520980835,0.44613519310951233,0.4725326597690582,-1.7815061807632446,0.6388570666313171,0.47224050760269165,-1.182215929031372,0.4168347418308258,0.4927269518375397,-1.214094877243042,0.5825329422950745,0.6458213329315186,-1.605248212814331,0.49807748198509216,0.6548309922218323,-1.6158567667007446,0.8362460136413574,0.8670852780342102,-0.7244163155555725,0.24838750064373016,0.8772981762886047,-0.7637688517570496,0.9621540307998657,1.3182159662246704,-0.8354097604751587,0.15967100858688354,1.4253731966018677,-0.8188390731811523,0.9248272776603699,1.5910955667495728,-1.5968601703643799,0.20350046455860138,1.678196668624878,-1.74446702003479,0.9352420568466187,1.704999327659607,-1.7931760549545288,0.20294371247291565,1.791272521018982,-1.9803836345672607,0.8884783983230591,1.6541513204574585,-1.877375841140747,0.23999980092048645,1.7275002002716064,-2.047361135482788,0.8711744546890259,1.6051219701766968,-1.6573454141616821,0.25435084104537964,1.6780052185058594,-1.802821159362793,0.7467108964920044,1.760473370552063,-0.04917006194591522,0.38527822494506836,1.7673829793930054,0.05528799444437027,0.732164740562439,2.4904932975769043,-0.25701820850372314,0.40497517585754395,2.4599316120147705,-0.47781211137771606,0.7382338047027588,3.1322429180145264,0.4459885060787201,0.43104395270347595,3.1079320907592773,0.061335135251283646,0.7432316541671753,3.2452967166900635,0.47164925932884216,0.43568459153175354,3.2255120277404785,0.08249823749065399,0.6848238110542297,3.35811448097229,-0.2852550148963928,0.48716315627098083,3.3167026042938232,-0.7387959957122803,0.42102280249023216,2
2026-09-24T12:32:02.598854,S013,S013_A5_Y_20260924_1231,elevated_20,A5,young,class_2,0.5184635519981384,0.5009138584136963,-1.7874196767807007,0.5587098598480225,0.4137697219848633,-1.7037382125854492,0.583325207233429,0.41554585099220276,-1.704098105430603,0.6045496463775635,0.417915403842926,-1.7040596008300781,0.4821142554283142,0.4134007394313812,-1.6855169534683228,0.4590638279914856,0.4137173295021057,-1.6855837106704712,0.44203442335128784,0.4151318371295929,-1.6863911151885986,0.6392787098884583,0.45801401138305664,-1.161211371421814,0.420977920293808,0.4566100239753723,-1.0883729457855225,0.5712627172470093,0.5920792818069458,-1.5847336053848267,0.4822595715522766,0.5933346152305603,-1.5540117025375366,0.8391767740249634,0.8710162043571472,-0.7314718961715698,0.25108659267425537,0.8742584586143494,-0.7133809328079224,0.9615699052810669,1.3386542797088623,-0.8638874292373657,0.15943357348442078,1.4191840887069702,-0.7668610215187073,0.915318489074707,1.5973742008209229,-1.4856245517730713,0.20990796387195587,1.6966819763183594,-1.5192824602127075,0.9266468286514282,1.7118706703186035,-1.653023362159729,0.21050553023815155,1.8138139247894287,-1.7203521728515625,0.8756303787231445,1.6631489992141724,-1.7261606454849243,0.25444644689559937,1.7551060914993286,-1.7953298091888428,0.8593395948410034,1.61617910861969,-1.5377941131591797,0.26780545711517334,1.7044416666030884,-1.5743175745010376,0.7414311766624451,1.7657959461212158,-0.04975958913564682,0.37595874071121216,1.7671619653701782,0.055854253470897675,0.7268645763397217,2.5034284591674805,-0.30927056074142456,0.39046984910964966,2.468188762664795,-0.4724629819393158,0.7248188257217407,3.145120859146118,0.4330516755580902,0.40838080644607544,3.1225621700286865,0.018419045954942703,0.7305969595909119,3.2660610675811768,0.4589722752571106,0.4133824408054352,3.252506971359253,0.032698895782232285,0.663577139377594,3.371521234512329,-0.29232847690582275,0.46233415603637695,3.3255789279937744,-0.7679469585418701,0.42037232544901076,2
2026-09-24T12:32:02.837592,S013,S013_A5_Y_20260924_1231,elevated_20,A5,young,class_2,0.4897032678127289,0.4761270582675934,-1.514718770980835,0.538398265838623,0.393032044172287,-1.481351613998413,0.5665126442909241,0.39669761061668396,-1.4815564155578613,0.5915158987045288,0.4017326533794403,-1.4814329147338867,0.46755656599998474,0.388823539018631,-1.4356653690338135,0.4500829577445984,0.38836339116096497,-1.4355621337890625,0.43528884649276733,0.3882405459880829,-1.4364402294158936,0.6373299360275269,0.44809702038764954,-1.1177643537521362,0.4260391294956207,0.43429312109947205,-0.8993046879768372,0.5456262826919556,0.5710383653640747,-1.3726624250411987,0.46227484941482544,0.5668944120407104,-1.3071941137313843,0.8391687273979187,0.8711697459220886,-0.7371061444282532,0.25921231508255005,0.8666055798530579,-0.5830323696136475,0.9620991945266724,1.3387033939361572,-0.858094334602356,0.15931187570095062,1.3890907764434814,-0.5355024933815002,0.9039977788925171,1.6070612668991089,-1.445008635520935,0.1957257241010666,1.701875925064087,-1.1444852352142334,0.9117722511291504,1.7241636514663696,-1.6017510890960693,0.1857115924358368,1.8290904760360718,-1.3061821460723877,0.8571621775627136,1.6856871843338013,-1.6171865463256836,0.23697710037231445,1.7987754344940186,-1.3759199380874634,0.8442983627319336,1.6350175142288208,-1.511535406112671,0.2538989186286926,1.7408803701400757,-1.1966360807418823,0.7385705709457397,1.7705801725387573,-0.07063212990760803,0.37529224157333374,1.7658342123031616,0.07693749666213989,0.7111982107162476,2.488408327102661,-0.29628875851631165,0.3807440996170044,2.443742513656616,-0.25535517930984497,0.7086666226387024,3.138988494873047,0.44515156745910645,0.39220383763313293,3.1041769981384277,0.2497817575931549,0.7176514863967896,3.2647640705108643,0.47267746925354004,0.39493870735168457,3.2311933040618896,0.2701662480831146,0.6428996324539185,3.359213352203369,-0.27867865562438965,0.43269070982933044,3.315992832183838,-0.4823833405971527,0.41940317951792333,2
2026-09-24T12:32:03.125534,S013,S013_A5_Y_20260924_1231,elevated_20,A5,young,class_2,0.5078994035720825,0.4875246584415436,-1.611520767211914,0.5514106154441833,0.3975786864757538,-1.5302951335906982,0.5781329274177551,0.3994677662849426,-1.5305448770523071,0.6017694473266602,0.403037428855896,-1.5301686525344849,0.4754279553890228,0.3978458046913147,-1.5140970945358276,0.4547649025917053,0.3983989357948303,-1.5131428241729736,0.43888768553733826,0.39945921301841736,-1.513938546180725,0.6451272964477539,0.4466296136379242,-1.1232277154922485,0.42600029706954956,0.43993300199508667,-0.9526779055595398,0.5634163022041321,0.5769613981246948,-1.4381529092788696,0.4699500501155853,0.5776606202125549,-1.4101979732513428,0.8391431570053101,0.8706611394882202,-0.7334173321723938,0.25775429606437683,0.8667553067207336,-0.6682184934616089,0.9629374742507935,1.338584065437317,-0.8355501890182495,0.15333165228366852,1.3893119096755981,-0.5580374002456665,0.9149696230888367,1.6373802423477173,-1.4134857654571533,0.18775540590286255,1.732036828994751,-1.221444845199585,0.9335163831710815,1.764256238937378,-1.587457537651062,0.17421114444732666,1.8736743927001953,-1.4008415937423706,0.8731099963188171,1.7412165403366089,-1.6506627798080444,0.2296355664730072,1.842359185218811,-1.4708003997802734,0.8534674644470215,1.6898555755615234,-1.4749948978424072,0.24880966544151306,1.7845464944839478,-1.277566909790039,0.7385513186454773,1.7698863744735718,-0.064033642411232,0.3731919527053833,1.7649623155593872,0.07082974910736084,0.7120593786239624,2.489406108856201,-0.3097548484802246,0.3821547329425812,2.445892572402954,-0.4000561833381653,0.7127784490585327,3.1391618251800537,0.4529804289340973,0.39243125915527344,3.105947971343994,0.20685191452503204,0.7210137248039246,3.2628085613250732,0.4851375222206116,0.3963848054409027,3.233173131942749,0.24582251906394958,0.6474174857139587,3.364837646484375,-0.27759870886802673,0.43804773688316345,3.3187758922576904,-0.634964644908905,0.42017080535923457,2
2026-09-24T12:32:03.297477,S013,S013_A5_Y_20260924_1231,elevated_20,A5,young,class_2,0.5285818576812744,0.4946318566799164,-1.6423473358154297,0.5649198293685913,0.4032682776451111,-1.571419358253479,0.58973628282547,0.40398457646369934,-1.5717098712921143,0.6118038296699524,0.4063693881034851,-1.5715796947479248,0.4861760139465332,0.40469926595687866,-1.562743902206421,0.4611888825893402,0.40493908524513245,-1.5622230768203735,0.44290637969970703,0.4053927958011627,-1.5629727840423584,0.6496194005012512,0.4472408592700958,-1.0927029848098755,0.4259527623653412,0.44110140204429626,-1.010047197341919,0.5792483687400818,0.5827137231826782,-1.4537326097488403,0.48341435194015503,0.5843489766120911,-1.436281681060791,0.8391212224960327,0.8700015544891357,-0.7053767442703247,0.25751250982284546,0.8708306550979614,-0.6785836219787598,0.9630863070487976,1.336166262626648,-0.7836393117904663,0.1528811752796173,1.3980542421340942,-0.5764471888542175,0.9185193777084351,1.6652408838272095,-1.3736861944198608,0.18808718025684357,1.7467645406723022,-1.2494354248046875,0.9403800964355469,1.800176739692688,-1.5679051876068115,0.1751059740781784,1.8886017799377441,-1.4283528327941895,0.8775671124458313,1.7846664190292358,-1.638066291809082,0.2301943600177765,1.8553987741470337,-1.4808717966079712,0.8559130430221558,1.7318400144577026,-1.4385906457901,0.24939140677452087,1.7984610795974731,-1.3048151731491089,0.7385900616645813,1.767549753189087,-0.0617503896355629,0.3732266128063202,1.7648268938064575,0.0686943531036377,0.7147195935249329,2.489567995071411,-0.3010515570640564,0.38450753688812256,2.4490373134613037,-0.42045554518699646,0.7202244400978088,3.1393256187438965,0.5049251317977905,0.39830875396728516,3.109372854232788,0.20090234279632568,0.7278680801391602,3.261399030685425,0.5384973287582397,0.4014406204223633,3.2349555492401123,0.2359403371810913,0.6600136160850525,3.368053913116455,-0.2516394257545471,0.44894376397132874,3.323535919189453,-0.6715553998947144,0.42058932379454333,2
2026-09-24T12:32:03.456802,S013,S013_A5_Y_20260924_1231,elevated_20,A5,young,class_2,0.545547366142273,0.4985911548137665,-1.646863579750061,0.5739816427230835,0.4059617817401886,-1.5711333751678467,0.5967375040054321,0.4058970510959625,-1.5714267492294312,0.6172381639480591,0.4074162542819977,-1.5713622570037842,0.49733391404151917,0.40897658467292786,-1.5742771625518799,0.4700656831264496,0.4094078838825226,-1.5739177465438843,0.44837409257888794,0.40995973348617554,-1.5746227502822876,0.6499680876731873,0.4474124014377594,-1.063530683517456,0.4259459376335144,0.44143542647361755,-1.0397274494171143,0.5901225805282593,0.5861300826072693,-1.4506057500839233,0.4965882897377014,0.5890980958938599,-1.4470715522766113,0.8390741348266602,0.8743836879730225,-0.6778853535652161,0.2523706555366516,0.8826097846031189,-0.7137982845306396,0.9615702629089355,1.3409513235092163,-0.7277774214744568,0.15221934020519257,1.4300663471221924,-0.6133238077163696,0.9183493852615356,1.7107797861099243,-1.325990915298462,0.1898658275604248,1.790544867515564,-1.2564553022384644,0.9405161738395691,1.8498456478118896,-1.5161854028701782,0.1777803748846054,1.93328058719635,-1.442300796508789,0.8778002858161926,1.8409862518310547,-1.588248372077942,0.2326723337173462,1.9009373188018799,-1.516304612159729,0.8558829426765442,1.7845155000686646,-1.388798475265503,0.2517659068107605,1.8418999910354614,-1.3147799968719482,0.7390977144241333,1.7750365734100342,-0.05425605922937393,0.3732677400112152,1.7790545225143433,0.06115410476922989,0.7156027555465698,2.5044097900390625,-0.2860296666622162,0.3846871256828308,2.476541042327881,-0.418120801448822,0.7232101559638977,3.1513874530792236,0.5955299735069275,0.4008210301399231,3.1275289058685303,0.21993298828601837,0.730236828327179,3.270794630050659,0.6354655027389526,0.4034385681152344,3.250887155532837,0.25355228781700134,0.668397068977356,3.383469820022583,-0.13567191362380981,0.45666438341140747,3.3430826663970947,-0.6012894511222839,0.42089486150728067,2
2026-09-24T12:32:03.603672,S013,S013_A5_Y_20260924_1231,elevated_20,A5,young,class_2,0.5555805563926697,0.5015977025032043,-1.7354663610458374,0.5796911716461182,0.4082598388195038,-1.6505422592163086,0.6009767651557922,0.4076748490333557,-1.6510072946548462,0.6201668977737427,0.40850791335105896,-1.6511218547821045,0.5042207837104797,0.4108223617076874,-1.6707550287246704,0.4761284291744232,0.41027745604515076,-1.670655608177185,0.4524315893650055,0.41130301356315613,-1.6714560985565186,0.6499060392379761,0.4465879201889038,-1.0785088539123535,0.4263582229614258,0.4461885988712311,-1.1579539775848389,0.5976646542549133,0.5885775089263916,-1.516291856765747,0.5072089433670044,0.5910990238189697,-1.5372071266174316,0.8392241597175598,0.8739169239997864,-0.6839147210121155,0.25208401679992676,0.8897798657417297,-0.7919101119041443,0.961236834526062,1.3391073942184448,-0.717961311340332,0.15318728983402252,1.4480750560760498,-0.6901875734329224,0.9171608090400696,1.7055473327636719,-1.336482286453247,0.20075829327106476,1.7983371019363403,-1.3004190921783447,0.9367349743843079,1.841091513633728,-1.525418996810913,0.1954902857542038,1.9388298988342285,-1.4987592697143555,0.8765600919723511,1.8280845880508423,-1.6046116352081299,0.24465477466583252,1.9036489725112915,-1.581871747970581,0.85528165102005,1.7733687162399292,-1.3998156785964966,0.2610122561454773,1.8439947366714478,-1.3571794033050537,0.7432098388671875,1.7774627208709717,-0.042894452810287476,0.3765311539173126,1.785823941230774,0.04921730235219002,0.7237223982810974,2.508915662765503,-0.20879784226417542,0.395650714635849,2.482510805130005,-0.4246671199798584,0.7380848526954651,3.1516387462615967,0.6983271241188049,0.42011213302612305,3.1311287879943848,0.23372869193553925,0.7432051301002502,3.269362449645996,0.7416499853134155,0.4227824807167053,3.2526447772979736,0.2693834900856018,0.6928948760032654,3.3853633403778076,-0.02092668041586876,0.48148614168167114,3.3453285694122314,-0.577674388885498,0.42084691219001386,2
2026-09-24T12:32:03.763266,S013,S013_A5_Y_20260924_1231,elevated_20,A5,young,class_2,0.5583861470222473,0.5021297335624695,-1.7530155181884766,0.5820971131324768,0.4089888036251068,-1.6719261407852173,0.602729082107544,0.4085443317890167,-1.6723616123199463,0.6216287016868591,0.40941232442855835,-1.6724294424057007,0.5068427324295044,0.41186875104904175,-1.6891734600067139,0.4784170091152191,0.4123515784740448,-1.6890560388565063,0.4541029930114746,0.4146812856197357,-1.6897895336151123,0.6499343514442444,0.4468591809272766,-1.0934244394302368,0.42640548944473267,0.45081010460853577,-1.170353651046753,0.5991790294647217,0.5894821286201477,-1.5328537225723267,0.5104708075523376,0.5930840373039246,-1.550754427909851,0.8393596410751343,0.8711423277854919,-0.6843448281288147,0.2520849108695984,0.8915584683418274,-0.7922667264938354,0.9614927172660828,1.3270649909973145,-0.7298519611358643,0.1534145027399063,1.4478181600570679,-0.7344982028007507,0.9145109057426453,1.6554794311523438,-1.398084282875061,0.2078009843826294,1.796416163444519,-1.4067248106002808,0.9300951957702637,1.7817147970199585,-1.5871256589889526,0.20629927515983582,1.9381468296051025,-1.6127331256866455,0.872545599937439,1.7504075765609741,-1.66232168674469,0.2538963854312897,1.8942863941192627,-1.692466139793396,0.8530896306037903,1.699792504310608,-1.4571926593780518,0.26890701055526733,1.8348267078399658,-1.4628455638885498,0.7476238012313843,1.7780312299728394,-0.04192136973142624,0.38062626123428345,1.7874919176101685,0.048171788454055786,0.7297459244728088,2.510671377182007,-0.13481326401233673,0.4036681056022644,2.485396385192871,-0.3614049553871155,0.7469399571418762,3.1540465354919434,0.7260973453521729,0.43226414918899536,3.133099317550659,0.2980169951915741,0.7522267699241638,3.270432233810425,0.7642984390258789,0.4349222779273987,3.252847194671631,0.3334277272224426,0.7016132473945618,3.386439085006714,-0.008570211939513683,0.4952804446220398,3.3478987216949463,-0.5052680373191833,0.42074555489142024,2
2026-09-24T12:32:03.911749,S013,S013_A5_Y_20260924_1231,elevated_20,A5,young,class_2,0.5602584481239319,0.5067759156227112,-1.781119704246521,0.5834913849830627,0.41346630454063416,-1.7007948160171509,0.603434145450592,0.41255706548690796,-1.701330542564392,0.6220476627349854,0.4126282036304474,-1.7014780044555664,0.5102751851081848,0.41807472705841064,-1.7208871841430664,0.48234862089157104,0.41971927881240845,-1.7209367752075195,0.4573152959346771,0.42381149530410767,-1.7217531204223633,0.6498531699180603,0.44910576939582825,-1.1165797710418701,0.4268280565738678,0.4598659574985504,-1.2066023349761963,0.5998345613479614,0.5910025238990784,-1.5559993982315063,0.5137478113174438,0.5973196029663086,-1.5790035724639893,0.8392707705497742,0.8698052167892456,-0.6873825788497925,0.25110316276550293,0.8914124369621277,-0.8061671257019043,0.9623417854309082,1.318374752998352,-0.7316668033599854,0.15338201820850372,1.4459577798843384,-0.7320908904075623,0.9192627668380737,1.6368255615234375,-1.4197380542755127,0.2080230414867401,1.7960997819900513,-1.385776162147522,0.9341068267822266,1.7612239122390747,-1.6040456295013428,0.2066839188337326,1.937574028968811,-1.586179494857788,0.8804003596305847,1.7282962799072266,-1.6894859075546265,0.2534918487071991,1.8951176404953003,-1.6696803569793701,0.8614159822463989,1.6767288446426392,-1.4815666675567627,0.26833051443099976,1.8351572751998901,-1.4424344301223755,0.7495089173316956,1.7776768207550049,-0.039209313690662384,0.3831034302711487,1.786542534828186,0.04526706412434578,0.7325636148452759,2.5094361305236816,-0.14934557676315308,0.40891560912132263,2.481675624847412,-0.4258560240268707,0.7499239444732666,3.1489648818969727,0.6173824667930603,0.4369821548461914,3.1221795082092285,0.15796644985675812,0.7549904584884644,3.264662027359009,0.6466029286384583,0.4386185109615326,3.2404491901397705,0.18305300176143646,0.7048346400260925,3.3754382133483887,-0.09505467861890793,0.501521110534668,3.329073905944824,-0.627837598323822,0.4208075671181591,2
2026-09-24T12:32:04.131506,S013,S013_A5_Y_20260924_1231,elevated_20,A5,young,class_2,0.5596612691879272,0.5156845450401306,-1.8386003971099854,0.5835222005844116,0.4199641942977905,-1.7512315511703491,0.6034361124038696,0.41847488284111023,-1.751725435256958,0.6221650838851929,0.4178324341773987,-1.7518844604492188,0.5098541378974915,0.42546507716178894,-1.7727346420288086,0.4819870889186859,0.4274109899997711,-1.7728601694107056,0.4572116434574127,0.43162089586257935,-1.7736032009124756,0.6498162150382996,0.4535619020462036,-1.1305882930755615,0.4260517656803131,0.4663065969944,-1.2199547290802002,0.5995509028434753,0.6001352071762085,-1.5950536727905273,0.5132421255111694,0.6059032082557678,-1.620606780052185,0.8389042019844055,0.8706091046333313,-0.690096378326416,0.24593396484851837,0.8923324346542358,-0.8113714456558228,0.9626784324645996,1.317926049232483,-0.9615144729614258,0.1571369618177414,1.4450056552886963,-0.9414371252059937,0.8972377777099609,1.4795734882354736,-1.850202202796936,0.2372453212738037,1.6937763690948486,-1.818077802658081,0.8949968218803406,1.5521763563156128,-2.0559208393096924,0.24909810721874237,1.803695559501648,-2.0452466011047363,0.8551977872848511,1.4867666959762573,-2.090891122817993,0.28493696451187134,1.7314467430114746,-2.0839662551879883,0.8422396779060364,1.4563674926757812,-1.8955233097076416,0.29248806834220886,1.6833606958389282,-1.8626186847686768,0.7513711452484131,1.7872198820114136,-0.039814241230487823,0.38340288400650024,1.7964763641357422,0.04579157754778862,0.7336674928665161,2.5193305015563965,-0.0986882895231247,0.4096834063529968,2.4873507022857666,-0.42461127042770386,0.7487682104110718,3.159377336502075,0.6953322291374207,0.43801140785217285,3.1315622329711914,0.2185567319393158,0.7538193464279175,3.27453351020813,0.7263049483299255,0.4406943917274475,3.2487568855285645,0.2495984137058258,0.7020549178123474,3.3850293159484863,-0.05605875328183174,0.4999621510505676,3.341513156890869,-0.590417742729187,0.4205304098242336,2
2026-09-24T12:32:04.522955,S013,S013_A5_Y_20260924_1231,elevated_20,A5,young,class_2,0.5588903427124023,0.5199466347694397,-1.8178914785385132,0.5826916694641113,0.4231014549732208,-1.7341673374176025,0.6021103262901306,0.42106303572654724,-1.7346923351287842,0.6204014420509338,0.41967421770095825,-1.7348581552505493,0.509737491607666,0.4296427369117737,-1.7524334192276,0.48168960213661194,0.43230676651000977,-1.7526328563690186,0.45697084069252014,0.437102347612381,-1.753350019454956,0.6465300917625427,0.45389842987060547,-1.1180026531219482,0.4248329997062683,0.47205522656440735,-1.2019376754760742,0.5993443727493286,0.6030374765396118,-1.5782091617584229,0.51276034116745,0.6120632290840149,-1.5982420444488525,0.8376703262329102,0.8700729012489319,-0.6682039499282837,0.24590244889259338,0.8922033309936523,-0.7618778944015503,0.9672418832778931,1.2979989051818848,-0.9786103367805481,0.16150514781475067,1.4303604364395142,-0.9073977470397949,0.8871834874153137,1.3624038696289062,-1.9044573307037354,0.2513035237789154,1.5871410369873047,-1.7917922735214233,0.8706573247909546,1.4089356660842896,-2.104666233062744,0.272216260433197,1.6731946468353271,-2.0048210620880127,0.8436371684074402,1.3351298570632935,-2.1270809173583984,0.29774877429008484,1.5943706035614014,-2.035334348678589,0.8348258137702942,1.3172714710235596,-1.9425032138824463,0.30191242694854736,1.5574878454208374,-1.8318160772323608,0.7512170076370239,1.7865365743637085,-0.05007515102624893,0.38620465993881226,1.7952542304992676,0.055604565888643265,0.7334806323051453,2.4809963703155518,-0.2403744012117386,0.40961185097694397,2.4343230724334717,-0.42980581521987915,0.7502232789993286,3.116964101791382,0.5639058947563171,0.44926947355270386,3.084479570388794,0.2066752165555954,0.7553282976150513,3.2231788635253906,0.5992987751960754,0.45423489809036255,3.189765691757202,0.24003727734088898,0.7066267728805542,3.3335471153259277,-0.145229309797287,0.5055764317512512,3.2982170581817627,-0.5874457955360413,0.4213562729214159,2
2026-09-24T12:32:04.811132,S013,S013_A5_Y_20260924_1231,elevated_20,A5,young,class_2,0.5579822063446045,0.5203241109848022,-1.8190765380859375,0.5798963904380798,0.42294368147850037,-1.736665964126587,0.5994950532913208,0.42087283730506897,-1.7372314929962158,0.6175343990325928,0.4194890558719635,-1.737417221069336,0.5072758197784424,0.4299599528312683,-1.7531999349594116,0.47933322191238403,0.4326420724391937,-1.7534282207489014,0.45561861991882324,0.43736445903778076,-1.754180908203125,0.642372727394104,0.4528237283229828,-1.1220486164093018,0.4223373532295227,0.47216475009918213,-1.1963298320770264,0.598868727684021,0.6033347845077515,-1.579120397567749,0.5120223760604858,0.6123706102371216,-1.598096489906311,0.8360637426376343,0.8699846267700195,-0.668855607509613,0.2453898936510086,0.8920685052871704,-0.7581566572189331,0.9679756164550781,1.2885092496871948,-0.9624554514884949,0.16171972453594208,1.43036687374115,-0.8542801737785339,0.8878847360610962,1.3655873537063599,-1.9033123254776,0.2466382533311844,1.613046407699585,-1.6314901113510132,0.8790314793586731,1.4159468412399292,-2.106846332550049,0.26058998703956604,1.7159827947616577,-1.8359062671661377,0.8476031422615051,1.3490164279937744,-2.135589599609375,0.2928420305252075,1.6673877239227295,-1.8916199207305908,0.8393827676773071,1.3292723894119263,-1.945456862449646,0.299440860748291,1.6229487657546997,-1.6790122985839844,0.7511445879936218,1.7865954637527466,-0.0576920211315155,0.388475626707077,1.794647216796875,0.0632409006357193,0.7332850694656372,2.445145845413208,-0.3851790726184845,0.4095449447631836,2.406482696533203,-0.5185214877128601,0.7573102712631226,3.0910773277282715,0.40118926763534546,0.45856109261512756,3.062014579772949,0.09134339541196823,0.7643084526062012,3.199681043624878,0.43284615874290466,0.46464499831199646,3.1663482189178467,0.12071385234594345,0.714220404624939,3.306640625,-0.32010820508003235,0.513482391834259,3.279902219772339,-0.664810836315155,0.421531405675165,2
2026-09-24T12:32:05.012213,S013,S013_A5_Y_20260924_1231,elevated_20,A5,young,class_2,0.5574480295181274,0.5249965190887451,-1.8074058294296265,0.5798333883285522,0.42549318075180054,-1.727185845375061,0.5992664098739624,0.42293351888656616,-1.7277240753173828,0.6171873807907104,0.4210037291049957,-1.727882981300354,0.5070704817771912,0.4331868588924408,-1.7421045303344727,0.479189932346344,0.43609440326690674,-1.7422645092010498,0.45556551218032837,0.44086211919784546,-1.7430410385131836,0.6414362788200378,0.4536013901233673,-1.1230167150497437,0.42226189374923706,0.47506552934646606,-1.19073486328125,0.5986111164093018,0.6081603765487671,-1.5727447271347046,0.5117166042327881,0.6172120571136475,-1.589686632156372,0.8360462188720703,0.8719696402549744,-0.671796441078186,0.24489419162273407,0.8919468522071838,-0.7596266865730286,0.9684982299804688,1.2942296266555786,-0.9330846071243286,0.15393230319023132,1.4345844984054565,-0.8396127820014954,0.8896816372871399,1.4334962368011475,-1.829958200454712,0.203475683927536,1.7190157175064087,-1.6093076467514038,0.8814980387687683,1.511745810508728,-2.0334858894348145,0.20202131569385529,1.851388692855835,-1.8105051517486572,0.850511372089386,1.4582887887954712,-2.0808050632476807,0.24299964308738708,1.7983440160751343,-1.8577648401260376,0.8417803049087524,1.4266866445541382,-1.879577398300171,0.2577511966228485,1.7447737455368042,-1.6536544561386108,0.7510998249053955,1.7941170930862427,-0.05732392519712448,0.3875482976436615,1.8007409572601318,0.0629066675901413,0.7331436276435852,2.464592933654785,-0.32973331212997437,0.4092274606227875,2.41985821723938,-0.5048710107803345,0.7562130093574524,3.1114304065704346,0.44659024477005005,0.456343412399292,3.07370924949646,0.08263672143220901,0.7629714608192444,3.220231771469116,0.47529667615890503,0.46271657943725586,3.176800489425659,0.10943325608968735,0.7123433351516724,3.3266148567199707,-0.2902985215187073,0.5110364556312561,3.287661075592041,-0.6996238827705383,0.4218906673118137,2
2026-09-24T12:32:05.182464,S013,S013_A5_Y_20260924_1231,elevated_20,A5,young,class_2,0.5571407079696655,0.526269257068634,-1.8065398931503296,0.5796196460723877,0.4263540804386139,-1.7260701656341553,0.5990200638771057,0.42396771907806396,-1.726614236831665,0.6169470548629761,0.4222167432308197,-1.7267682552337646,0.5067822337150574,0.4341524541378021,-1.7398866415023804,0.47875601053237915,0.4370918571949005,-1.7400825023651123,0.45515918731689453,0.44178760051727295,-1.7408902645111084,0.6411217451095581,0.4553737938404083,-1.1245111227035522,0.42159318923950195,0.4759768545627594,-1.1871178150177002,0.5978071689605713,0.6105271577835083,-1.572104811668396,0.5111598372459412,0.6185527443885803,-1.5878446102142334,0.8355416059494019,0.8740634918212891,-0.6706746816635132,0.24479098618030548,0.8918226361274719,-0.7566491365432739,0.9774713516235352,1.2948395013809204,-0.9431523084640503,0.14799557626247406,1.4345017671585083,-0.825947642326355,0.8941769599914551,1.4327799081802368,-1.8778787851333618,0.1979798972606659,1.726572036743164,-1.5742623805999756,0.8841561079025269,1.5032474994659424,-2.082448959350586,0.19798603653907776,1.8602981567382812,-1.7753797769546509,0.8533773422241211,1.4392038583755493,-2.1174426078796387,0.23980757594108582,1.8022080659866333,-1.8316857814788818,0.8448696136474609,1.4131951332092285,-1.921938180923462,0.25426095724105835,1.748878836631775,-1.6213762760162354,0.7486028075218201,1.798512578010559,-0.05806442350149155,0.38522252440452576,1.8025208711624146,0.063688263297081,0.7273069620132446,2.4663279056549072,-0.38985806703567505,0.40206804871559143,2.419156074523926,-0.5341442823410034,0.7560306787490845,3.1109094619750977,0.42007532715797424,0.4548749327659607,3.0733067989349365,0.08356554806232452,0.7623864412307739,3.219637632369995,0.4527461528778076,0.4605986177921295,3.1781585216522217,0.11277326196432114,0.7108845710754395,3.3279364109039307,-0.3066014051437378,0.5097023248672485,3.2895913124084473,-0.6909295916557312,0.4225386035554534,2
2026-09-24T12:32:05.374364,S013,S013_A5_Y_20260924_1231,elevated_20,A5,young,class_2,0.5581275820732117,0.5303611755371094,-1.8546802997589111,0.5801767706871033,0.4295097291469574,-1.7718499898910522,0.5994744896888733,0.42724841833114624,-1.7724010944366455,0.617457926273346,0.42542406916618347,-1.7725722789764404,0.507343590259552,0.4359893202781677,-1.789742112159729,0.4792701303958893,0.4385160505771637,-1.7901490926742554,0.45534548163414,0.44305986166000366,-1.7908636331558228,0.6411303877830505,0.4565163254737854,-1.1483663320541382,0.42158523201942444,0.47662168741226196,-1.2230304479599,0.597638726234436,0.6146284937858582,-1.6074645519256592,0.5116896629333496,0.6222763657569885,-1.6295877695083618,0.8342455625534058,0.872393786907196,-0.6818732023239136,0.2446228265762329,0.891467809677124,-0.757708728313446,0.9781844019889832,1.2952669858932495,-0.9398636817932129,0.1474529653787613,1.419082760810852,-0.865458607673645,0.8932278752326965,1.4267714023590088,-1.8438152074813843,0.2170429527759552,1.626933217048645,-1.7297532558441162,0.8789561986923218,1.4905656576156616,-2.040398120880127,0.23701485991477966,1.7257157564163208,-1.93265700340271,0.851520836353302,1.416838526725769,-2.075237274169922,0.26409655809402466,1.6444776058197021,-1.974395751953125,0.843341052532196,1.3933773040771484,-1.8849732875823975,0.26943618059158325,1.6046072244644165,-1.7720754146575928,0.7475539445877075,1.7874259948730469,-0.057842232286930084,0.38703998923301697,1.7960666418075562,0.0635506734251976,0.7272365689277649,2.4087653160095215,-0.37400585412979126,0.4011719822883606,2.3887600898742676,-0.5142053961753845,0.7552694082260132,3.0621111392974854,0.4495445787906647,0.4553038477897644,3.0445542335510254,0.09940661489963531,0.7617347240447998,3.1691625118255615,0.4841189384460449,0.46020978689193726,3.1458957195281982,0.1343265175819397,0.7174511551856995,3.277646780014038,-0.2662051320075989,0.5129765868186951,3.260089159011841,-0.6208925843238831,0.4235351388314016,2
2026-09-24T12:32:05.571017,S013,S013_A5_Y_20260924_1231,elevated_20,A5,young,class_2,0.5574202537536621,0.5320313572883606,-1.8450340032577515,0.5800434947013855,0.430361270904541,-1.7649904489517212,0.5993938446044922,0.4283239543437958,-1.7655454874038696,0.6174286007881165,0.4267485439777374,-1.7657430171966553,0.506766676902771,0.43666180968284607,-1.7812639474868774,0.47857633233070374,0.43919265270233154,-1.781571626663208,0.45477280020713806,0.4436933696269989,-1.7823368310928345,0.6411493420600891,0.4581789970397949,-1.1523387432098389,0.4211067259311676,0.47715091705322266,-1.2185524702072144,0.5969791412353516,0.6166670322418213,-1.601531744003296,0.5109196901321411,0.6239833831787109,-1.6213533878326416,0.8341051936149597,0.8698634505271912,-0.6822638511657715,0.24347226321697235,0.8897795081138611,-0.7590165734291077,0.9784048795700073,1.2954866886138916,-0.9050806164741516,0.14599111676216125,1.4137015342712402,-0.8629908561706543,0.9144781827926636,1.4380624294281006,-1.7962522506713867,0.22539988160133362,1.630100131034851,-1.736224889755249,0.9119229316711426,1.5035725831985474,-1.9862353801727295,0.24807719886302948,1.7377251386642456,-1.9535783529281616,0.8801077604293823,1.4452054500579834,-2.026566505432129,0.27851539850234985,1.6607115268707275,-2.0008320808410645,0.867660403251648,1.419677734375,-1.835627794265747,0.28159433603286743,1.6162961721420288,-1.7822866439819336,0.7474192380905151,1.7833212614059448,-0.05695516988635063,0.3868277668952942,1.7906813621520996,0.06264669448137283,0.7275205254554749,2.416144847869873,-0.3258693814277649,0.4018482565879822,2.397385597229004,-0.5010584592819214,0.7547856569290161,3.0663297176361084,0.4563673436641693,0.4542710781097412,3.050013542175293,0.1034989207983017,0.7615098357200623,3.175466775894165,0.4928342401981354,0.4589574337005615,3.153210401535034,0.13490307331085205,0.7162429094314575,3.2838940620422363,-0.25973302125930786,0.5125477910041809,3.2668650150299072,-0.6520410180091858,0.423562697248902,2
2026-09-24T12:32:05.788685,S013,S013_A5_Y_20260924_1231,elevated_20,A5,young,class_2,0.5572541356086731,0.5348384380340576,-1.8325812816619873,0.5800013542175293,0.43288806080818176,-1.7559953927993774,0.5994063019752502,0.43052512407302856,-1.756591558456421,0.6174810528755188,0.42872941493988037,-1.7568199634552002,0.5066920518875122,0.4400413930416107,-1.7700284719467163,0.47861748933792114,0.44267022609710693,-1.7702068090438843,0.4548304080963135,0.4470582604408264,-1.771099328994751,0.6411983370780945,0.4590754508972168,-1.150902509689331,0.4212875962257385,0.4797458350658417,-1.2082955837249756,0.5969091653823853,0.6187610626220703,-1.5929640531539917,0.5108050107955933,0.6267712712287903,-1.6093454360961914,0.8343042135238647,0.8705481290817261,-0.682968020439148,0.2434791624546051,0.8895866274833679,-0.7560700178146362,0.9756172299385071,1.295558214187622,-0.8406678438186646,0.14462797343730927,1.4171030521392822,-0.7525338530540466,0.9191819429397583,1.5106223821640015,-1.647343397140503,0.192674458026886,1.7493199110031128,-1.517014980316162,0.9250212907791138,1.6133971214294434,-1.8475682735443115,0.1888408213853836,1.888445258140564,-1.7366983890533447,0.8865697979927063,1.567114233970642,-1.9357726573944092,0.2336137592792511,1.8414276838302612,-1.832781434059143,0.8710671663284302,1.5258840322494507,-1.7113230228424072,0.2495516538619995,1.7837663888931274,-1.5816640853881836,0.746429443359375,1.7834750413894653,-0.05667968466877937,0.3839404881000519,1.7906076908111572,0.06247413903474808,0.7274350523948669,2.4545979499816895,-0.33656707406044006,0.4017261564731598,2.4256832599639893,-0.5204925537109375,0.7527326941490173,3.107635498046875,0.38521865010261536,0.4447327256202698,3.081831932067871,0.008622619323432446,0.7596015334129333,3.2195985317230225,0.40904784202575684,0.44667044281959534,3.195262908935547,0.027593310922384262,0.7088937163352966,3.327883720397949,-0.37525761127471924,0.5033553838729858,3.288806676864624,-0.802836537361145,0.4234908771754955,2
2026-09-24T12:32:05.979859,S013,S013_A5_Y_20260924_1231,elevated_20,A5,young,class_2,0.5570042133331299,0.5451468229293823,-1.885274887084961,0.580318033695221,0.4412863552570343,-1.8061199188232422,0.5997119545936584,0.4384828209877014,-1.806649923324585,0.6177483797073364,0.4362878203392029,-1.8068755865097046,0.506722629070282,0.44827350974082947,-1.824533462524414,0.4785899221897125,0.45010754466056824,-1.8247915506362915,0.45482689142227173,0.4534362852573395,-1.825640320777893,0.6412195563316345,0.4636991620063782,-1.187027931213379,0.421109676361084,0.4832971692085266,-1.258126974105835,0.5963460206985474,0.6293095350265503,-1.6365306377410889,0.510734498500824,0.6379751563072205,-1.6586252450942993,0.8342525362968445,0.8710454106330872,-0.6982936859130859,0.24258966743946075,0.8895480632781982,-0.7774170637130737,0.9759429097175598,1.2993297576904297,-0.9126596450805664,0.14417973160743713,1.4188624620437622,-0.7804502248764038,0.9128959774971008,1.4958058595657349,-1.8062995672225952,0.19411925971508026,1.7457066774368286,-1.5560081005096436,0.9105781316757202,1.5817201137542725,-2.0067009925842285,0.18992683291435242,1.8825784921646118,-1.7656818628311157,0.8760989904403687,1.5198057889938354,-2.0546112060546875,0.23543031513690948,1.8399574756622314,-1.843644142150879,0.8625806570053101,1.4879697561264038,-1.8543221950531006,0.2510632872581482,1.7821348905563354,-1.6108424663543701,0.7464060187339783,1.7841238975524902,-0.05947104096412659,0.38358479738235474,1.7913285493850708,0.06529300659894943,0.7298356294631958,2.4577364921569824,-0.3563663363456726,0.3970375657081604,2.425952911376953,-0.5760429501533508,0.7527860403060913,3.113328456878662,0.38409623503685,0.4445420205593109,3.0885281562805176,-0.00814541894942522,0.7592291235923767,3.224654197692871,0.4108962118625641,0.44730252027511597,3.199554443359375,0.016640014946460724,0.7087809443473816,3.33532977104187,-0.3617759346961975,0.5030297040939331,3.3032867908477783,-0.7977720499038696,0.4235978797166326,2
2026-09-24T12:32:06.155065,S013,S013_A5_Y_20260924_1231,elevated_20,A5,young,class_2,0.5568098425865173,0.5508682131767273,-1.8659565448760986,0.5807468891143799,0.4463368356227875,-1.7885726690292358,0.6001808047294617,0.4435310661792755,-1.7890758514404297,0.6181899309158325,0.4414355158805847,-1.7892534732818604,0.5069112777709961,0.45349738001823425,-1.8050047159194946,0.4787275791168213,0.4549928307533264,-1.8052070140838623,0.4549332559108734,0.45789819955825806,-1.806016206741333,0.6414099931716919,0.4674181640148163,-1.1963564157485962,0.4211053252220154,0.4865719974040985,-1.2556512355804443,0.5960249304771423,0.6351194977760315,-1.6241105794906616,0.5106855630874634,0.6433578729629517,-1.643512487411499,0.8344208002090454,0.8718493580818176,-0.7165730595588684,0.24244065582752228,0.8896202445030212,-0.7955645322799683,0.9753128886222839,1.2939074039459229,-0.8254199028015137,0.14810624718666077,1.4301416873931885,-0.767035722732544,0.9173609614372253,1.5141452550888062,-1.5687370300292969,0.1967606246471405,1.7488425970077515,-1.4987090826034546,0.9229542016983032,1.6164754629135132,-1.7497320175170898,0.19031700491905212,1.8814197778701782,-1.702601432800293,0.8830739259719849,1.5660725831985474,-1.8313747644424438,0.23571035265922546,1.8330243825912476,-1.778818130493164,0.868046760559082,1.5238478183746338,-1.6283445358276367,0.25194650888442993,1.7762854099273682,-1.5536463260650635,0.7471661567687988,1.7826533317565918,-0.057293880730867386,0.3836556375026703,1.7909209728240967,0.06311367452144623,0.7310184240341187,2.4821760654449463,-0.26774314045906067,0.39939969778060913,2.4613454341888428,-0.41187915205955505,0.7526201009750366,3.139420986175537,0.47194957733154297,0.44420892000198364,3.117243766784668,0.12472905218601227,0.75897216796875,3.25242280960083,0.5001248121261597,0.4467145502567291,3.2284843921661377,0.14605841040611267,0.7085523009300232,3.3648648262023926,-0.2773536145687103,0.5030466914176941,3.3331305980682373,-0.6867545247077942,0.4229581940905491,2
2026-09-24T12:32:06.342064,S013,S013_A5_Y_20260924_1231,elevated_20,A5,young,class_2,0.5567159056663513,0.5542523264884949,-1.8584563732147217,0.5807279348373413,0.4494294226169586,-1.7811548709869385,0.6001368165016174,0.44621869921684265,-1.7816498279571533,0.6181330680847168,0.44382306933403015,-1.7818286418914795,0.5068598389625549,0.4570522904396057,-1.797640085220337,0.4786924719810486,0.45841026306152344,-1.7978277206420898,0.45492562651634216,0.46101275086402893,-1.7986196279525757,0.641295313835144,0.4688498079776764,-1.190958857536316,0.42111143469810486,0.4899269640445709,-1.2450048923492432,0.5959734916687012,0.6385205984115601,-1.616991639137268,0.5105674266815186,0.6474254727363586,-1.6357994079589844,0.8344321250915527,0.8721493482589722,-0.7044793963432312,0.24149736762046814,0.8923940062522888,-0.7942163348197937,0.9794389605522156,1.2941890954971313,-0.9137219190597534,0.15541473031044006,1.4353163242340088,-0.8234549760818481,0.8944710493087769,1.4083224534988403,-1.7804443836212158,0.23266443610191345,1.7189888954162598,-1.6352126598358154,0.879239559173584,1.4671438932418823,-1.9723882675170898,0.24430958926677704,1.8381565809249878,-1.8414897918701172,0.8472386598587036,1.394992709159851,-1.994886040687561,0.2785196006298065,1.7685679197311401,-1.8871746063232422,0.8391999006271362,1.3730300664901733,-1.8171565532684326,0.2861614227294922,1.7182575464248657,-1.6793956756591797,0.7497760057449341,1.7857176065444946,-0.05722559243440628,0.3848573565483093,1.7962894439697266,0.06306363642215729,0.734271228313446,2.498624324798584,-0.19607001543045044,0.4058607220649719,2.4761900901794434,-0.35448774695396423,0.7565152645111084,3.1546051502227783,0.5481143593788147,0.4475399851799011,3.1316640377044678,0.19549617171287537,0.7628649473190308,3.2659552097320557,0.5772268772125244,0.45049676299095154,3.2414872646331787,0.2197180688381195,0.7121982574462891,3.38044810295105,-0.19136537611484528,0.5078555941581726,3.3486266136169434,-0.6039422750473022,0.42306663169945363,2
2026-09-24T12:32:06.539539,S013,S013_A5_Y_20260924_1231,elevated_20,A5,young,class_2,0.5565598607063293,0.5561890006065369,-1.9697248935699463,0.580697774887085,0.45118239521980286,-1.8925247192382812,0.6001206636428833,0.4477892816066742,-1.892998456954956,0.6181303858757019,0.44524937868118286,-1.8932220935821533,0.5069240927696228,0.4593849778175354,-1.9122158288955688,0.4788203835487366,0.4608246088027954,-1.9125112295150757,0.45506685972213745,0.46346721053123474,-1.9132826328277588,0.6413027048110962,0.4702162444591522,-1.2752145528793335,0.421170175075531,0.49302437901496887,-1.3486928939819336,0.595816969871521,0.6407249569892883,-1.7187824249267578,0.5108157396316528,0.6492232084274292,-1.7424604892730713,0.8343067169189453,0.8721681833267212,-0.7528894543647766,0.24102994799613953,0.8925608992576599,-0.8660086393356323,0.9800671339035034,1.2951537370681763,-0.9585615992546082,0.1568426787853241,1.439241886138916,-0.9090536236763,0.9030658602714539,1.4285600185394287,-1.846914291381836,0.23305952548980713,1.7144261598587036,-1.7108328342437744,0.8926469087600708,1.4986714124679565,-2.039425849914551,0.244716614484787,1.8318440914154053,-1.9120798110961914,0.8617804646492004,1.432780385017395,-2.0823161602020264,0.2782391905784607,1.760794997215271,-1.9602384567260742,0.852131187915802,1.4052752256393433,-1.8921972513198853,0.2860146164894104,1.7105275392532349,-1.7542140483856201,0.75025475025177,1.785223364830017,-0.0571119487285614,0.38535383343696594,1.795584797859192,0.06294547021389008,0.7340595126152039,2.4879989624023438,-0.22598040103912354,0.40511712431907654,2.4585156440734863,-0.3832150101661682,0.7549492120742798,3.1431641578674316,0.5332764387130737,0.44634079933166504,3.1220617294311523,0.17410537600517273,0.7607688903808594,3.2527897357940674,0.5626627802848816,0.449779212474823,3.2306950092315674,0.19836540520191193,0.7095987796783447,3.372706174850464,-0.2023201435804367,0.5052962899208069,3.3451645374298096,-0.6217066049575806,0.42283701216718217,2
2026-09-24T12:32:06.723115,S013,S013_A5_Y_20260924_1231,elevated_20,A5,young,class_2,0.556022584438324,0.5559000372886658,-1.8694690465927124,0.5806047916412354,0.450897216796875,-1.786537766456604,0.6000086665153503,0.4475061297416687,-1.787031888961792,0.6180700659751892,0.4449784457683563,-1.7872800827026367,0.5068923234939575,0.4591303765773773,-1.8040529489517212,0.47883057594299316,0.4606115221977234,-1.80430006980896,0.4550746977329254,0.4632796049118042,-1.8050177097320557,0.6413110494613647,0.4701906740665436,-1.1575931310653687,0.42116984724998474,0.4928610622882843,-1.22050142288208,0.5953948497772217,0.6401553750038147,-1.6145538091659546,0.5104740262031555,0.648122251033783,-1.6356929540634155,0.8340371251106262,0.8715042471885681,-0.6758546829223633,0.2410575896501541,0.8925493359565735,-0.7666792273521423,0.9806577563285828,1.2952238321304321,-0.9663187861442566,0.157923623919487,1.4242604970932007,-0.9112640619277954,0.8782086372375488,1.3608695268630981,-1.8654073476791382,0.26405054330825806,1.588110327720642,-1.7935571670532227,0.8540457487106323,1.405295968055725,-2.059283494949341,0.2911723852157593,1.6747920513153076,-2.0059895515441895,0.8279611468315125,1.3288121223449707,-2.0741496086120605,0.31879711151123047,1.5926474332809448,-2.0242362022399902,0.8222970962524414,1.3134669065475464,-1.8985087871551514,0.3203844428062439,1.5581613779067993,-1.8270686864852905,0.7494015693664551,1.7870343923568726,-0.05740984156727791,0.3853748142719269,1.795878529548645,0.06317281723022461,0.7322514057159424,2.484673023223877,-0.21681180596351624,0.40542086958885193,2.450139284133911,-0.38101789355278015,0.7512701749801636,3.138943910598755,0.5492272973060608,0.4459748864173889,3.115400552749634,0.1862255185842514,0.7571932077407837,3.2461774349212646,0.5796550512313843,0.44910138845443726,3.2235212326049805,0.21259167790412903,0.7046340703964233,3.369377851486206,-0.1779976487159729,0.5040678977966309,3.3401997089385986,-0.5980371832847595,0.4237764148810212,2
2026-09-24T12:32:06.895440,S013,S013_A5_Y_20260924_1231,elevated_20,A5,young,class_2,0.5553503036499023,0.553550660610199,-1.9050639867782593,0.5804542303085327,0.4485469460487366,-1.825404167175293,0.5999914407730103,0.4457947909832001,-1.825836181640625,0.6180745959281921,0.4438181221485138,-1.8259729146957397,0.5062553286552429,0.45660150051116943,-1.8391510248184204,0.4782552123069763,0.4585900604724884,-1.8392776250839233,0.4545925259590149,0.4615727961063385,-1.8400280475616455,0.6416625380516052,0.4697210192680359,-1.214437484741211,0.4208409786224365,0.49165570735931396,-1.259262204170227,0.5953360795974731,0.6382818222045898,-1.659412145614624,0.509649395942688,0.6459792256355286,-1.6751277446746826,0.8338345289230347,0.870751142501831,-0.7077237963676453,0.24095475673675537,0.8932602405548096,-0.8113532066345215,0.9806323051452637,1.2952927350997925,-1.0108916759490967,0.15816250443458557,1.4341133832931519,-0.8974973559379578,0.88104248046875,1.3610126972198486,-1.9276020526885986,0.25766152143478394,1.6995362043380737,-1.7365093231201172,0.8614985346794128,1.4059545993804932,-2.1263461112976074,0.2814539968967438,1.8243730068206787,-1.9581501483917236,0.8311600685119629,1.3358190059661865,-2.1442484855651855,0.309365838766098,1.7544349431991577,-1.992691993713379,0.8252862691879272,1.3205273151397705,-1.9639135599136353,0.3137604594230652,1.704296588897705,-1.7797943353652954,0.7503662705421448,1.788537859916687,-0.05671646445989609,0.38555416464805603,1.796120047569275,0.06253742426633835,0.7323120832443237,2.48848819732666,-0.21890154480934143,0.4090583920478821,2.452810525894165,-0.3974134922027588,0.7517858743667603,3.1425344944000244,0.5392593145370483,0.4459768831729889,3.1160237789154053,0.17885634303092957,0.7581541538238525,3.251044273376465,0.5701192021369934,0.44896143674850464,3.225374460220337,0.20520544052124023,0.7045806050300598,3.3738420009613037,-0.1924695074558258,0.5044416785240173,3.3407013416290283,-0.6109830141067505,0.4240199484435531,2
2026-09-24T12:32:07.076336,S013,S013_A5_Y_20260924_1231,elevated_20,A5,young,class_2,0.5536884665489197,0.5519387722015381,-1.898990273475647,0.5794054269790649,0.44763410091400146,-1.8200104236602783,0.5991388559341431,0.44505980610847473,-1.8204545974731445,0.617449164390564,0.44324547052383423,-1.8205926418304443,0.5049164891242981,0.45509225130081177,-1.835086464881897,0.47737449407577515,0.4569609761238098,-1.8351942300796509,0.4539826512336731,0.4597545862197876,-1.8359262943267822,0.641525387763977,0.46937236189842224,-1.2101105451583862,0.42068371176719666,0.489288330078125,-1.2582241296768188,0.5943416357040405,0.6364943981170654,-1.6535918712615967,0.5082381367683411,0.6427971124649048,-1.670417070388794,0.8333042860031128,0.8696564435958862,-0.7052038908004761,0.24089054763317108,0.8930585384368896,-0.810278594493866,0.979090690612793,1.2948476076126099,-0.9853838682174683,0.15829327702522278,1.4342888593673706,-0.8931953310966492,0.8825904130935669,1.3793398141860962,-1.8783295154571533,0.2551063597202301,1.713531494140625,-1.702227234840393,0.8668869733810425,1.4350007772445679,-2.0727949142456055,0.27939990162849426,1.8422386646270752,-1.899240255355835,0.8355982899665833,1.367344617843628,-2.1015758514404297,0.30577611923217773,1.7752541303634644,-1.9328043460845947,0.8279106020927429,1.3469971418380737,-1.9179903268814087,0.3103967308998108,1.7226840257644653,-1.738041877746582,0.7498782277107239,1.785853624343872,-0.05367516353726387,0.3851030170917511,1.7918531894683838,0.05940782278776169,0.7320498824119568,2.4819343090057373,-0.3329246938228607,0.408806711435318,2.4454853534698486,-0.4897534251213074,0.751733660697937,3.1318278312683105,0.4359467029571533,0.4459311366081238,3.1040170192718506,0.06469180434942245,0.7579964995384216,3.2390451431274414,0.46626895666122437,0.44867223501205444,3.2126471996307373,0.0873466432094574,0.7045207023620605,3.3651106357574463,-0.28691408038139343,0.5046192407608032,3.3280179500579834,-0.7219571471214294,0.4240538152289721,2
2026-09-24T12:32:07.480553,S013,S013_A5_Y_20260924_1231,elevated_20,A5,young,class_2,0.5527464151382446,0.5498796105384827,-1.8922059535980225,0.5788325071334839,0.44542115926742554,-1.8169991970062256,0.5986906886100769,0.4428163766860962,-1.8175166845321655,0.6170905828475952,0.44094476103782654,-1.8177419900894165,0.5035942792892456,0.4530358612537384,-1.8299834728240967,0.4758809208869934,0.4549911320209503,-1.8300893306732178,0.4527455270290375,0.45782342553138733,-1.8308496475219727,0.6411806344985962,0.46714654564857483,-1.1882339715957642,0.4198315143585205,0.48724666237831116,-1.2522251605987549,0.5938799977302551,0.6346347332000732,-1.652817726135254,0.5069781541824341,0.6413376927375793,-1.6663799285888672,0.8312336206436157,0.8683068156242371,-0.6835331320762634,0.24120405316352844,0.89192795753479,-0.8055329322814941,0.9799758195877075,1.2865618467330933,-1.0751782655715942,0.16482675075531006,1.4222071170806885,-0.927177906036377,0.8486453294754028,1.2107713222503662,-2.0160443782806396,0.2741568386554718,1.6129807233810425,-1.7274112701416016,0.8134056329727173,1.2077196836471558,-2.2038769721984863,0.30010661482810974,1.7100024223327637,-1.9171615839004517,0.7949653267860413,1.1294255256652832,-2.176370620727539,0.32752615213394165,1.6291444301605225,-1.9324333667755127,0.7905542254447937,1.1346099376678467,-2.032780170440674,0.3300890326499939,1.590480923652649,-1.7548353672027588,0.7497864961624146,1.785522222518921,-0.0536072738468647,0.3856510519981384,1.7918590307235718,0.059297241270542145,0.7312313318252563,2.4780380725860596,-0.20399776101112366,0.4092034697532654,2.4436655044555664,-0.37953105568885803,0.7516828179359436,3.127098321914673,0.5443936586380005,0.44763392210006714,3.101659059524536,0.17501692473888397,0.7579206824302673,3.2328028678894043,0.5729178190231323,0.45133352279663086,3.208383083343506,0.1982317417860031,0.7047415971755981,3.358795642852783,-0.17069721221923828,0.5055563449859619,3.3262603282928467,-0.600469708442688,0.4252068896841427,2
2026-09-24T12:32:07.769435,S013,S013_A5_Y_20260924_1231,elevated_20,A5,young,class_2,0.5514447689056396,0.5498421788215637,-1.8317283391952515,0.578452467918396,0.4453641474246979,-1.7583414316177368,0.5983461141586304,0.4427279531955719,-1.758851408958435,0.6167920827865601,0.4408639669418335,-1.7590625286102295,0.5025519132614136,0.4529808759689331,-1.7704265117645264,0.4749271869659424,0.4549404978752136,-1.7704499959945679,0.45208558440208435,0.4577839970588684,-1.771214246749878,0.6411237716674805,0.46698251366615295,-1.167287826538086,0.41963139176368713,0.486965537071228,-1.2157007455825806,0.5930799841880798,0.6344730854034424,-1.5995508432388306,0.5059488415718079,0.6412310004234314,-1.6124070882797241,0.8312634229660034,0.868537962436676,-0.6846432089805603,0.24106498062610626,0.8920323848724365,-0.7851724028587341,0.9772809147834778,1.2877047061920166,-0.8394361734390259,0.16329918801784515,1.4322867393493652,-0.8252609372138977,0.8823716044425964,1.4816077947616577,-1.5739318132400513,0.25731736421585083,1.6996279954910278,-1.6243727207183838,0.8830583691596985,1.5850290060043335,-1.755936622619629,0.2705196440219879,1.822521686553955,-1.837368369102478,0.8392044901847839,1.537365436553955,-1.8271255493164062,0.3080790638923645,1.764984369277954,-1.8883335590362549,0.8269022703170776,1.4927467107772827,-1.6299285888671875,0.3155730366706848,1.7110191583633423,-1.6721999645233154,0.7497553825378418,1.786075472831726,-0.05192216485738754,0.3848469853401184,1.7931023836135864,0.057729847729206085,0.7328101396560669,2.5051121711730957,-0.2130659520626068,0.40914759039878845,2.47639799118042,-0.3919116258621216,0.753984808921814,3.154604196548462,0.5373778343200684,0.44760578870773315,3.128740072250366,0.17413224279880524,0.7607111930847168,3.2669267654418945,0.5661081075668335,0.4512375295162201,3.2417478561401367,0.19347336888313293,0.705997884273529,3.3828160762786865,-0.18033422529697418,0.5084224939346313,3.3440003395080566,-0.6334865093231201,0.42383798513610876,2
2026-09-24T12:32:08.075531,S013,S013_A5_Y_20260924_1231,elevated_20,A5,young,class_2,0.5513284802436829,0.5502128005027771,-1.82758367061615,0.5784246325492859,0.44540366530418396,-1.754787802696228,0.5983328223228455,0.44270962476730347,-1.7552942037582397,0.6167817115783691,0.44082313776016235,-1.7554916143417358,0.502540111541748,0.453335702419281,-1.7666423320770264,0.47492513060569763,0.4554075598716736,-1.7666864395141602,0.45207977294921875,0.4582890272140503,-1.7674789428710938,0.6412166357040405,0.4669651687145233,-1.1675688028335571,0.4196317195892334,0.48743608593940735,-1.214363694190979,0.5930073261260986,0.6345303058624268,-1.5956426858901978,0.505918025970459,0.6414417028427124,-1.6082748174667358,0.8315054774284363,0.8685384392738342,-0.6857932209968567,0.2405848205089569,0.8930640816688538,-0.785150408744812,0.9769463539123535,1.296587586402893,-0.8585867881774902,0.16319307684898376,1.4383089542388916,-0.8225304484367371,0.8854089975357056,1.4908618927001953,-1.6362450122833252,0.256890207529068,1.7319201231002808,-1.602721929550171,0.8887187838554382,1.582435131072998,-1.8213008642196655,0.26769283413887024,1.8621392250061035,-1.8126741647720337,0.84321528673172,1.5266826152801514,-1.874616265296936,0.30722305178642273,1.8036048412322998,-1.8663877248764038,0.8298161625862122,1.4893008470535278,-1.6848396062850952,0.3141010105609894,1.748403549194336,-1.6497262716293335,0.751389741897583,1.789013147354126,-0.04897668585181236,0.3849795460700989,1.7950671911239624,0.05485802888870239,0.7349629998207092,2.516451120376587,-0.19662243127822876,0.41056710481643677,2.4839088916778564,-0.39832502603530884,0.7560205459594727,3.1656625270843506,0.56314617395401,0.44761037826538086,3.1364798545837402,0.1719692051410675,0.7627766728401184,3.2782232761383057,0.5920444130897522,0.4511500895023346,3.249772071838379,0.19458064436912537,0.706940770149231,3.395118236541748,-0.178489089012146,0.5103043913841248,3.352815866470337,-0.6348453164100647,0.4229445926718075,2
2026-09-24T12:32:08.286210,S013,S013_A5_Y_20260924_1231,elevated_20,A5,young,class_2,0.5512905716896057,0.5502002239227295,-1.732936143875122,0.5784270763397217,0.44536226987838745,-1.6642448902130127,0.5983186960220337,0.4426760673522949,-1.6646308898925781,0.6167976260185242,0.44076094031333923,-1.664716362953186,0.5025299787521362,0.453311026096344,-1.673222303390503,0.47491925954818726,0.4553808569908142,-1.6730495691299438,0.45206451416015625,0.4582669138908386,-1.6738014221191406,0.6412554979324341,0.4669329822063446,-1.1210740804672241,0.41960740089416504,0.4874623715877533,-1.145488977432251,0.5927348136901855,0.6344597935676575,-1.5148478746414185,0.5058379173278809,0.6413841843605042,-1.5230787992477417,0.8322914838790894,0.8758185505867004,-0.6747065782546997,0.23992612957954407,0.8934887647628784,-0.7604405879974365,0.9724695086479187,1.3139339685440063,-0.8002347946166992,0.15780864655971527,1.4433737993240356,-0.7639828324317932,0.8824211955070496,1.548540472984314,-1.5022313594818115,0.24696357548236847,1.7597206830978394,-1.4964406490325928,0.8866033554077148,1.6511199474334717,-1.6879777908325195,0.25294065475463867,1.8961284160614014,-1.7087841033935547,0.8383132815361023,1.5986578464508057,-1.7463481426239014,0.29974493384361267,1.838782548904419,-1.7713937759399414,0.824759840965271,1.55679452419281,-1.5539690256118774,0.3099481165409088,1.7817425727844238,-1.5470882654190063,0.7495806813240051,1.7938215732574463,-0.04368060454726219,0.37873199582099915,1.8016142845153809,0.04975690692663193,0.7327960133552551,2.5335052013397217,-0.11712676286697388,0.4049348831176758,2.5060207843780518,-0.38530367612838745,0.7497084140777588,3.187931537628174,0.6482240557670593,0.43536487221717834,3.1673965454101562,0.1939166933298111,0.7562300562858582,3.2998428344726562,0.6778051257133484,0.43832430243492126,3.283790349960327,0.22015874087810516,0.6961249709129333,3.4235329627990723,-0.1018817201256752,0.4998418390750885,3.383124828338623,-0.6228041648864746,0.4224418038819832,2
2026-09-24T12:32:08.492988,S013,S013_A5_Y_20260924_1231,elevated_20,A5,young,class_2,0.5488280057907104,0.5474122762680054,-1.7503252029418945,0.5763028860092163,0.44344663619995117,-1.6800861358642578,0.5964840650558472,0.4404926896095276,-1.68051278591156,0.6148682236671448,0.4382707476615906,-1.68063485622406,0.5002807378768921,0.4515814185142517,-1.6868091821670532,0.47306180000305176,0.4534977972507477,-1.686732530593872,0.4509369730949402,0.456240713596344,-1.6875169277191162,0.6401163339614868,0.4646618962287903,-1.1262004375457764,0.4193386137485504,0.48568469285964966,-1.1358376741409302,0.5913848876953125,0.6300278902053833,-1.5270678997039795,0.5045973658561707,0.6387755870819092,-1.5321730375289917,0.8329176902770996,0.8722471594810486,-0.6663357615470886,0.24161013960838318,0.8937054872512817,-0.7398262023925781,0.9755034446716309,1.314103603363037,-0.8239919543266296,0.15800343453884125,1.4434688091278076,-0.7684153318405151,0.8894832730293274,1.5227162837982178,-1.5817601680755615,0.246435284614563,1.7661129236221313,-1.5214484930038452,0.894417405128479,1.6132694482803345,-1.7674248218536377,0.2519187331199646,1.9038106203079224,-1.7277228832244873,0.8450237512588501,1.5568459033966064,-1.81636643409729,0.29837650060653687,1.8458473682403564,-1.785898208618164,0.8307082056999207,1.5212695598602295,-1.6287660598754883,0.30856209993362427,1.7897913455963135,-1.5692923069000244,0.7534544467926025,1.7937804460525513,-0.04355689138174057,0.3825035095214844,1.8016246557235718,0.04964222386479378,0.7436658143997192,2.533557891845703,-0.15986822545528412,0.4151896834373474,2.5053980350494385,-0.3908127546310425,0.7653272747993469,3.188829183578491,0.5365716814994812,0.4480435848236084,3.1651177406311035,0.1490674912929535,0.7729737758636475,3.3011817932128906,0.559759259223938,0.4500614106655121,3.280564785003662,0.170352503657341,0.7104555368423462,3.421931743621826,-0.23390845954418182,0.5148361921310425,3.381226062774658,-0.6647762060165405,0.42219795407392224,2
2026-09-24T12:32:08.720221,S013,S013_A5_Y_20260924_1231,elevated_20,A5,young,class_2,0.5451279878616333,0.5452263951301575,-1.749817132949829,0.5733996629714966,0.44100210070610046,-1.6812984943389893,0.5941509008407593,0.4376516342163086,-1.6816924810409546,0.6125642657279968,0.43498265743255615,-1.681823492050171,0.496969997882843,0.45029914379119873,-1.6865415573120117,0.46975240111351013,0.45249301195144653,-1.6863702535629272,0.4487156271934509,0.4554542005062103,-1.6870931386947632,0.6397354602813721,0.4628499746322632,-1.131554365158081,0.4183235168457031,0.4856708347797394,-1.143232822418213,0.5899826288223267,0.6273403167724609,-1.5304992198944092,0.5020859241485596,0.6367490291595459,-1.5343854427337646,0.8349000811576843,0.8730752468109131,-0.6702769994735718,0.24178874492645264,0.8936631083488464,-0.7413798570632935,0.9752691388130188,1.315989375114441,-0.7100614309310913,0.15738865733146667,1.440980076789856,-0.7142573595046997,0.9115999341011047,1.6386224031448364,-1.295784831047058,0.2285984754562378,1.7706100940704346,-1.3985449075698853,0.9311680793762207,1.7659764289855957,-1.4611518383026123,0.22498592734336853,1.9093536138534546,-1.5985112190246582,0.8731330037117004,1.7403614521026611,-1.5440795421600342,0.27539101243019104,1.8639851808547974,-1.6775906085968018,0.8523789644241333,1.688215732574463,-1.353682279586792,0.2907211184501648,1.8070220947265625,-1.4553309679031372,0.753395676612854,1.7937309741973877,-0.04198343679308891,0.3825320899486542,1.8015882968902588,0.04821323975920677,0.7432220578193665,2.538088798522949,-0.21308192610740662,0.4147220551967621,2.5097367763519287,-0.39418384432792664,0.7648388147354126,3.1919939517974854,0.5553178191184998,0.4453098177909851,3.171708583831787,0.162283793091774,0.772194504737854,3.304979085922241,0.5883305072784424,0.4473714828491211,3.2890732288360596,0.18691620230674744,0.7091802954673767,3.4277117252349854,-0.20437809824943542,0.5111918449401855,3.3904306888580322,-0.6590543389320374,0.4215300113966364,2
2026-09-24T12:32:09.916314,S013,S013_A5_Y_20260924_1231,elevated_20,A5,young,class_2,0.5447858572006226,0.539218544960022,-1.7171924114227295,0.5733529329299927,0.43435415625572205,-1.6463788747787476,0.5941749215126038,0.4317043423652649,-1.6467158794403076,0.6127883195877075,0.42970216274261475,-1.6467955112457275,0.49634629487991333,0.44378191232681274,-1.6510889530181885,0.468691885471344,0.44632676243782043,-1.6507713794708252,0.4476805627346039,0.4501480460166931,-1.6514253616333008,0.6411362886428833,0.45969322323799133,-1.1103284358978271,0.41758912801742554,0.4833681881427765,-1.1140726804733276,0.5899278521537781,0.622912585735321,-1.5034363269805908,0.501266598701477,0.6315966248512268,-1.5062752962112427,0.8357915878295898,0.8732995390892029,-0.6706587076187134,0.24165602028369904,0.8936229348182678,-0.7308006882667542,0.9745265245437622,1.3250383138656616,-0.7374263405799866,0.15825816988945007,1.4413279294967651,-0.7339721322059631,0.9173129796981812,1.666131615638733,-1.3288971185684204,0.22814564406871796,1.7706207036972046,-1.460598111152649,0.9397556185722351,1.7931534051895142,-1.5027650594711304,0.22475476562976837,1.9087615013122559,-1.6646159887313843,0.8801196813583374,1.7670936584472656,-1.5773916244506836,0.27449044585227966,1.8617916107177734,-1.7338348627090454,0.8576738238334656,1.715826153755188,-1.385179042816162,0.29027706384658813,1.8054964542388916,-1.5148056745529175,0.7533547878265381,1.793783187866211,-0.04222868010401726,0.3812997043132782,1.8024272918701172,0.048612914979457855,0.7430137991905212,2.5427331924438477,-0.24323081970214844,0.4100404679775238,2.518874168395996,-0.39035195112228394,0.7644099593162537,3.198195219039917,0.5602535009384155,0.4397052824497223,3.1810994148254395,0.17984074354171753,0.7715152502059937,3.3109583854675293,0.5954114198684692,0.44205442070961,3.2996270656585693,0.20669379830360413,0.707299530506134,3.4391775131225586,-0.20108607411384583,0.5060485601425171,3.4025354385375977,-0.6493371725082397,0.4207999971353495,2
2026-09-24T12:32:10.245545,S013,S013_A5_Y_20260924_1231,elevated_20,A5,young,class_2,0.5337632298469543,0.5010883212089539,-1.6832987070083618,0.5663080215454102,0.40662145614624023,-1.6054073572158813,0.5891896486282349,0.40576866269111633,-1.60580313205719,0.6087973713874817,0.4062574505805969,-1.6058610677719116,0.48681870102882385,0.41456344723701477,-1.605705976486206,0.46121567487716675,0.41914790868759155,-1.6054338216781616,0.44262295961380005,0.42470964789390564,-1.6061331033706665,0.6405020952224731,0.4465264678001404,-1.0709344148635864,0.4161223769187927,0.4680066704750061,-1.0523900985717773,0.5852692723274231,0.5942496061325073,-1.4746277332305908,0.49206313490867615,0.5987250208854675,-1.4716427326202393,0.8357900381088257,0.8740183711051941,-0.6712640523910522,0.24095690250396729,0.8948684334754944,-0.7052179574966431,0.9738237261772156,1.3304362297058105,-0.7683820724487305,0.15755043923854828,1.443169355392456,-0.7484888434410095,0.9179612398147583,1.6569693088531494,-1.4474377632141113,0.2281654179096222,1.7673438787460327,-1.5700633525848389,0.9383007287979126,1.7808263301849365,-1.630535364151001,0.22571340203285217,1.9036680459976196,-1.790949821472168,0.8791693449020386,1.7517011165618896,-1.692051649093628,0.27497562766075134,1.8548659086227417,-1.8560073375701904,0.8576677441596985,1.7006282806396484,-1.4998204708099365,0.29053378105163574,1.7993139028549194,-1.6272767782211304,0.7533293962478638,1.8000527620315552,-0.04307149723172188,0.3805118203163147,1.8106251955032349,0.04959952086210251,0.7468975782394409,2.5530898571014404,-0.2184108942747116,0.4124433100223541,2.5298235416412354,-0.3503541648387909,0.7739899158477783,3.2092034816741943,0.6378124952316284,0.4466656744480133,3.1910789012908936,0.27003854513168335,0.7832015156745911,3.3249099254608154,0.6756805181503296,0.4488193988800049,3.3122735023498535,0.3023974597454071,0.7190338373184204,3.447976589202881,-0.12029154598712921,0.5133212804794312,3.4092347621917725,-0.5473476648330688,0.41988868213692593,2
2026-09-24T12:32:10.488967,S013,S013_A5_Y_20260924_1231,elevated_20,A5,young,class_2,0.5310848951339722,0.4928831458091736,-1.707797646522522,0.5643270611763,0.3989170789718628,-1.6283591985702515,0.5876568555831909,0.3979945182800293,-1.6287786960601807,0.6075490713119507,0.39895349740982056,-1.628828763961792,0.4834243357181549,0.4067496359348297,-1.6310831308364868,0.45789122581481934,0.4119918942451477,-1.630872130393982,0.43959683179855347,0.41783711314201355,-1.6316101551055908,0.6401199102401733,0.44042935967445374,-1.0778522491455078,0.4130428731441498,0.4625157117843628,-1.0670775175094604,0.5838896036148071,0.5858767628669739,-1.4923863410949707,0.48814088106155396,0.5918554067611694,-1.4927074909210205,0.8362880945205688,0.8768987059593201,-0.6717216372489929,0.240914985537529,0.8955544829368591,-0.7127434015274048,0.9738914370536804,1.33084237575531,-0.807117760181427,0.15672439336776733,1.448581337928772,-0.7582507729530334,0.9188016653060913,1.6247645616531372,-1.5270558595657349,0.23004630208015442,1.7816169261932373,-1.5721546411514282,0.9362740516662598,1.7373236417770386,-1.7245264053344727,0.23061057925224304,1.9235292673110962,-1.789536714553833,0.8796936869621277,1.6987296342849731,-1.7830121517181396,0.2819574475288391,1.8711583614349365,-1.8509889841079712,0.859224796295166,1.6533668041229248,-1.58134126663208,0.2961360216140747,1.8139102458953857,-1.6264041662216187,0.7541652917861938,1.811258316040039,-0.04311107099056244,0.37955042719841003,1.8242970705032349,0.04964050278067589,0.7534247636795044,2.5655620098114014,-0.29771676659584045,0.4173862040042877,2.541837215423584,-0.4486871361732483,0.7864404916763306,3.220128297805786,0.5850869417190552,0.45691537857055664,3.2007596492767334,0.18672868609428406,0.7960330247879028,3.3360626697540283,0.6241016387939453,0.4595542550086975,3.323390245437622,0.21927578747272491,0.7323402166366577,3.461688756942749,-0.19915369153022766,0.5245136022567749,3.4157440662384033,-0.6498064994812012,0.41923321544825076,2
2026-09-24T12:32:10.902123,S013,S013_A5_Y_20260924_1231,elevated_20,A5,young,class_2,0.5298551321029663,0.4941907227039337,-1.7118937969207764,0.5634511709213257,0.3987685739994049,-1.6334612369537354,0.5868476629257202,0.3977035880088806,-1.6339111328125,0.6069503426551819,0.39861300587654114,-1.6339712142944336,0.48241448402404785,0.40731045603752136,-1.6375513076782227,0.4567624628543854,0.41258832812309265,-1.6373138427734375,0.43839916586875916,0.41841086745262146,-1.638066053390503,0.6397169232368469,0.4388624429702759,-1.0830579996109009,0.4118362069129944,0.46220719814300537,-1.0815321207046509,0.5833139419555664,0.5854244232177734,-1.4960041046142578,0.4868147373199463,0.5924595594406128,-1.4979737997055054,0.8358750343322754,0.8759587407112122,-0.6717864871025085,0.24090687930583954,0.8961302638053894,-0.7170158624649048,0.9739124178886414,1.3307286500930786,-0.774448812007904,0.15595076978206635,1.449341058731079,-0.7526344656944275,0.920859694480896,1.6353472471237183,-1.4461300373077393,0.22741171717643738,1.7885031700134277,-1.5298762321472168,0.9381341934204102,1.7563694715499878,-1.6380048990249634,0.22769448161125183,1.9308100938796997,-1.7502132654190063,0.8809151649475098,1.72027587890625,-1.7096655368804932,0.2797080874443054,1.8818905353546143,-1.8272851705551147,0.8606535196304321,1.6713263988494873,-1.5038847923278809,0.2942272126674652,1.8241970539093018,-1.5896761417388916,0.7551055550575256,1.811993956565857,-0.04316187649965286,0.3803481459617615,1.8254520893096924,0.049684081226587296,0.7564473748207092,2.565833568572998,-0.18383963406085968,0.42245006561279297,2.542180061340332,-0.3783447742462158,0.789647102355957,3.223381757736206,0.6647934913635254,0.46296820044517517,3.202134609222412,0.2623545527458191,0.7988909482955933,3.3401341438293457,0.6992312669754028,0.46565207839012146,3.323429584503174,0.2954827547073364,0.7379056811332703,3.460777759552002,-0.11357474327087402,0.5300320386886597,3.416369915008545,-0.5676015615463257,0.4186064118473565,2
2026-09-24T12:32:11.064853,S013,S013_A5_Y_20260924_1231,elevated_20,A5,young,class_2,0.5298811793327332,0.49639397859573364,-1.7163881063461304,0.5631019473075867,0.40061724185943604,-1.6428654193878174,0.5866031646728516,0.39936554431915283,-1.6430962085723877,0.6068280339241028,0.39999377727508545,-1.6431446075439453,0.4820057451725006,0.4092043340206146,-1.6494152545928955,0.45630455017089844,0.41416850686073303,-1.6490230560302734,0.43800902366638184,0.41977789998054504,-1.6497364044189453,0.6396349668502808,0.4392889738082886,-1.1191023588180542,0.4115384519100189,0.46271374821662903,-1.1341662406921387,0.5832763910293579,0.586900532245636,-1.5106524229049683,0.4865418076515198,0.5942506194114685,-1.5161159038543701,0.8359217643737793,0.8758565187454224,-0.6944617033004761,0.24003556370735168,0.8939589858055115,-0.7750887274742126,0.9742404818534851,1.3358252048492432,-0.7235739231109619,0.14899112284183502,1.4487452507019043,-0.7531465291976929,0.9206353425979614,1.683717131614685,-1.2700409889221191,0.21934981644153595,1.790568232536316,-1.426538109779358,0.9383058547973633,1.8168641328811646,-1.4356764554977417,0.21695518493652344,1.9329030513763428,-1.6286771297454834,0.8800883293151855,1.7942543029785156,-1.5131325721740723,0.2705419659614563,1.8919141292572021,-1.7056258916854858,0.8601921796798706,1.737539529800415,-1.3268492221832275,0.28590530157089233,1.8327232599258423,-1.48323392868042,0.7512801885604858,1.8030924797058105,-0.0379895344376564,0.3733147382736206,1.8174625635147095,0.044639721512794495,0.7492688298225403,2.564427375793457,-0.14620482921600342,0.4107917845249176,2.5383825302124023,-0.37923747301101685,0.7754109501838684,3.2199361324310303,0.6897636651992798,0.447243869304657,3.2024946212768555,0.24766533076763153,0.7837399244308472,3.3363659381866455,0.7257376313209534,0.4508753716945648,3.325146198272705,0.27902013063430786,0.7232686281204224,3.4580111503601074,-0.06781138479709625,0.5135029554367065,3.4180045127868652,-0.58092200756073,0.4177879998409701,2
2026-09-24T12:32:11.265259,S013,S013_A5_Y_20260924_1231,elevated_20,A5,young,class_2,0.5298618078231812,0.5011584758758545,-1.7225360870361328,0.5625871419906616,0.4017752707004547,-1.6491916179656982,0.5861660242080688,0.40047869086265564,-1.6494712829589844,0.6063879728317261,0.40076014399528503,-1.6495332717895508,0.48206180334091187,0.4105701148509979,-1.6559404134750366,0.45634427666664124,0.4150872528553009,-1.6556196212768555,0.43803009390830994,0.4208318293094635,-1.656341314315796,0.6394360661506653,0.4394095838069916,-1.1252459287643433,0.41154131293296814,0.46336597204208374,-1.1396102905273438,0.5831290483474731,0.5878933072090149,-1.5135149955749512,0.48654136061668396,0.5946812033653259,-1.5191094875335693,0.8368523716926575,0.8756421208381653,-0.6941078901290894,0.23970457911491394,0.8939570784568787,-0.7866148948669434,0.9751825332641602,1.3435661792755127,-0.6459055542945862,0.14612841606140137,1.4486569166183472,-0.6815957427024841,0.9265261888504028,1.7358877658843994,-1.140061616897583,0.199422687292099,1.8186111450195312,-1.2167383432388306,0.9493600130081177,1.8800424337387085,-1.296858310699463,0.18714505434036255,1.965693712234497,-1.4021003246307373,0.8848720788955688,1.8705670833587646,-1.3816571235656738,0.24465854465961456,1.9428393840789795,-1.5028276443481445,0.8632010221481323,1.809735655784607,-1.1999235153198242,0.26365113258361816,1.8813532590866089,-1.2796969413757324,0.7503640055656433,1.8021149635314941,-0.03724154457449913,0.3730698525905609,1.815900206565857,0.04395099729299545,0.7445089221000671,2.56200909614563,-0.15098845958709717,0.4070070683956146,2.536278486251831,-0.3690783679485321,0.7636644244194031,3.2223918437957764,0.6814729571342468,0.43815046548843384,3.2063229084014893,0.24596886336803436,0.7719076871871948,3.340655565261841,0.7180578708648682,0.44134408235549927,3.3311400413513184,0.2772497534751892,0.7082477807998657,3.461533546447754,-0.07088376581668854,0.5009180903434753,3.4235451221466064,-0.5843627452850342,0.41738094646654755,2
2026-09-24T12:32:11.426539,S013,S013_A5_Y_20260924_1231,elevated_20,A5,young,class_2,0.5283953547477722,0.5027588605880737,-1.7495253086090088,0.5614092946052551,0.4029861390590668,-1.6792453527450562,0.5851873755455017,0.40157344937324524,-1.6794294118881226,0.6055560111999512,0.40166348218917847,-1.67951238155365,0.4813705086708069,0.41168412566185,-1.6846364736557007,0.4558435082435608,0.41611069440841675,-1.6842536926269531,0.43770748376846313,0.42170441150665283,-1.6849291324615479,0.6387128233909607,0.43938156962394714,-1.1610931158065796,0.41125407814979553,0.46371757984161377,-1.167772889137268,0.5818771123886108,0.5893326997756958,-1.5436140298843384,0.484849214553833,0.5961131453514099,-1.5469868183135986,0.8359934687614441,0.8743726015090942,-0.7143449187278748,0.23938973248004913,0.8923880457878113,-0.807000458240509,0.9748176336288452,1.3430020809173584,-0.6843075752258301,0.14513666927814484,1.4485243558883667,-0.7047423124313354,0.9257825613021851,1.711510181427002,-1.2101871967315674,0.20103681087493896,1.813090443611145,-1.311941385269165,0.9475010633468628,1.8453975915908813,-1.3701683282852173,0.19149145483970642,1.957698106765747,-1.5035516023635864,0.8841611742973328,1.8290364742279053,-1.448163390159607,0.24706745147705078,1.9279640913009644,-1.5865157842636108,0.8628672361373901,1.772261142730713,-1.2673851251602173,0.2650904059410095,1.8677228689193726,-1.3689833879470825,0.7484381794929504,1.7875442504882812,-0.03735194355249405,0.3712475895881653,1.798772931098938,0.044051919132471085,0.7388439178466797,2.5558297634124756,-0.1561528593301773,0.4004065990447998,2.5338644981384277,-0.345041960477829,0.7557385563850403,3.2218616008758545,0.6711462736129761,0.43253979086875916,3.2048025131225586,0.266267865896225,0.7642394304275513,3.339609384536743,0.7064367532730103,0.4360204339027405,3.3290746212005615,0.2964750826358795,0.6989220380783081,3.461146354675293,-0.08784494549036026,0.49633726477622986,3.4210662841796875,-0.5739998817443848,0.4167398302057391,2
2026-09-24T12:32:11.576935,S013,S013_A5_Y_20260924_1231,elevated_20,A5,young,class_2,0.5270854830741882,0.5035303831100464,-1.5182805061340332,0.5596903562545776,0.40364038944244385,-1.4527487754821777,0.5832656025886536,0.4020095765590668,-1.4530436992645264,0.6036208868026733,0.4018441438674927,-1.453195571899414,0.4808271527290344,0.4126198887825012,-1.4584310054779053,0.4555465579032898,0.41689547896385193,-1.457897663116455,0.43742799758911133,0.4223584532737732,-1.4585022926330566,0.6365442276000977,0.43931278586387634,-0.9617745280265808,0.41107338666915894,0.46379539370536804,-0.9633151292800903,0.5807575583457947,0.5899415612220764,-1.3235090970993042,0.48460644483566284,0.5971879959106445,-1.324678897857666,0.8345625996589661,0.8744056820869446,-0.5813617706298828,0.23965057730674744,0.8923748135566711,-0.6790333986282349,0.9701796770095825,1.34410560131073,-0.5614972114562988,0.14416296780109406,1.4483563899993896,-0.60875403881073,0.9253498315811157,1.719033122062683,-1.0936939716339111,0.19833312928676605,1.8119869232177734,-1.2137949466705322,0.9458271265029907,1.8585306406021118,-1.2620608806610107,0.18812744319438934,1.9545236825942993,-1.4010576009750366,0.8832486271858215,1.844154715538025,-1.3410829305648804,0.24367043375968933,1.9263064861297607,-1.501495599746704,0.8615566492080688,1.7858394384384155,-1.1533641815185547,0.26166585087776184,1.8668137788772583,-1.2776143550872803,0.744053304195404,1.7914843559265137,-0.04058366268873215,0.3705303370952606,1.8037028312683105,0.04717324674129486,0.7349252104759216,2.555720567703247,-0.02495904639363289,0.3955642580986023,2.5438005924224854,-0.03728087991476059,0.7504185438156128,3.2266409397125244,0.7929682731628418,0.43008071184158325,3.213667154312134,0.5668898224830627,0.7595095038414001,3.346052646636963,0.831821084022522,0.433260977268219,3.335294246673584,0.6029350161552429,0.6955593824386597,3.460904598236084,0.07872489839792252,0.4922490119934082,3.4302890300750732,-0.2059924155473709,0.41656494385472,2
2026-09-24T12:32:11.725633,S013,S013_A5_Y_20260924_1231,elevated_20,A5,young,class_2,0.5265658497810364,0.5043329000473022,-1.4707908630371094,0.5584939122200012,0.40415236353874207,-1.4024463891983032,0.5820283889770508,0.40230756998062134,-1.4027100801467896,0.6023874282836914,0.4018459916114807,-1.4028480052947998,0.48020339012145996,0.4133434295654297,-1.4106190204620361,0.455165296792984,0.4175371527671814,-1.4101121425628662,0.43715232610702515,0.4229329526424408,-1.410693883895874,0.6343860030174255,0.4378443956375122,-0.9063340425491333,0.4107277989387512,0.4640924036502838,-0.9188401103019714,0.5803327560424805,0.5903837084770203,-1.2748219966888428,0.4845193326473236,0.5980058908462524,-1.2789883613586426,0.8345444798469543,0.8733100891113281,-0.5335179567337036,0.2398402988910675,0.8923825025558472,-0.649448037147522,0.9711119532585144,1.3437309265136719,-0.5141181945800781,0.144182950258255,1.4481972455978394,-0.5729342699050903,0.9297337532043457,1.73491632938385,-1.0312612056732178,0.19081640243530273,1.8156070709228516,-1.1412203311920166,0.9542768597602844,1.8816876411437988,-1.194133996963501,0.1754240244626999,1.9563751220703125,-1.3219068050384521,0.8857735395431519,1.8742573261260986,-1.2755768299102783,0.23224052786827087,1.9371802806854248,-1.4288904666900635,0.863937258720398,1.813119649887085,-1.0912740230560303,0.25173062086105347,1.8776949644088745,-1.206950306892395,0.7443185448646545,1.7927881479263306,-0.040607012808322906,0.37273305654525757,1.8088680505752563,0.047193847596645355,0.7359939813613892,2.5552031993865967,-0.010175292380154133,0.3957981765270233,2.550178289413452,-0.04699802026152611,0.7518367171287537,3.2309892177581787,0.785857081413269,0.43113279342651367,3.2230381965637207,0.5266059637069702,0.7620185613632202,3.3533830642700195,0.8239794969558716,0.43445032835006714,3.346095561981201,0.5594555735588074,0.6968890428543091,3.4633188247680664,0.0816325917840004,0.4925173819065094,3.439304828643799,-0.23962178826332092,0.41646326650714566,2
2026-09-24T12:32:11.885975,S013,S013_A5_Y_20260924_1231,elevated_20,A5,young,class_2,0.5252712965011597,0.5048263669013977,-1.478458285331726,0.557050347328186,0.4046008884906769,-1.4142816066741943,0.5803444385528564,0.40268954634666443,-1.4145660400390625,0.600688099861145,0.4021289050579071,-1.4147344827651978,0.47954878211021423,0.4135887026786804,-1.4200273752212524,0.4547554552555084,0.4176948666572571,-1.4194985628128052,0.43683385848999023,0.4230363667011261,-1.420106053352356,0.6317219138145447,0.437789648771286,-0.9201838374137878,0.410672128200531,0.4642356038093567,-0.9217612147331238,0.5789517760276794,0.5906484723091125,-1.2820632457733154,0.48399171233177185,0.5986114740371704,-1.2829729318618774,0.8334916234016418,0.8732954263687134,-0.5315292477607727,0.2407086342573166,0.8922088146209717,-0.6388214826583862,0.967710018157959,1.3434871435165405,-0.504532516002655,0.14402467012405396,1.4481456279754639,-0.5763936638832092,0.9289469718933105,1.7223697900772095,-1.0372302532196045,0.18940940499305725,1.8133028745651245,-1.1870598793029785,0.9526263475418091,1.8632657527923584,-1.201347827911377,0.17496278882026672,1.9534515142440796,-1.3730751276016235,0.8856348991394043,1.850678563117981,-1.2847367525100708,0.23029980063438416,1.9305052757263184,-1.475523829460144,0.8634146451950073,1.7923895120620728,-1.0981731414794922,0.2498452365398407,1.8716051578521729,-1.2513105869293213,0.7413956522941589,1.792986512184143,-0.042987436056137085,0.3719659745693207,1.8090966939926147,0.049469221383333206,0.7332170009613037,2.5547735691070557,-0.002871257718652487,0.3915632367134094,2.5516090393066406,0.022117367014288902,0.748966634273529,3.229797601699829,0.8007324934005737,0.42916980385780334,3.222156047821045,0.6103588342666626,0.7593326568603516,3.351250648498535,0.8391568064689636,0.4326778054237366,3.343135356903076,0.644851803779602,0.6944230794906616,3.4621663093566895,0.08994956314563751,0.489882230758667,3.4392025470733643,-0.1572599560022354,0.4164609619474504,2
2026-09-24T12:32:12.177246,S013,S013_A5_Y_20260924_1231,elevated_20,A5,young,class_2,0.5246302485466003,0.5052205920219421,-1.4761499166488647,0.5561997294425964,0.4047972559928894,-1.4123153686523438,0.5793537497520447,0.4027634263038635,-1.4125893115997314,0.5996310710906982,0.4022522270679474,-1.4128047227859497,0.4793822169303894,0.41392865777015686,-1.4187818765640259,0.45465460419654846,0.41783997416496277,-1.418291449546814,0.43673449754714966,0.42317625880241394,-1.4189010858535767,0.6303616762161255,0.4378930926322937,-0.918674647808075,0.41057175397872925,0.4644516706466675,-0.9234412312507629,0.577907919883728,0.5910093784332275,-1.2790851593017578,0.48382964730262756,0.5990737676620483,-1.281126856803894,0.8334342241287231,0.8693618774414062,-0.5283178091049194,0.24191530048847198,0.889940619468689,-0.6338963508605957,0.967811107635498,1.3403394222259521,-0.4705682694911957,0.14478382468223572,1.4469027519226074,-0.5789359211921692,0.9286707043647766,1.717467188835144,-0.9487684965133667,0.1946190893650055,1.8019603490829468,-1.2049957513809204,0.952741265296936,1.8590110540390015,-1.1033536195755005,0.18143267929553986,1.9378292560577393,-1.3944591283798218,0.8856309652328491,1.8475589752197266,-1.1891158819198608,0.23767299950122833,1.916296124458313,-1.4905531406402588,0.863664448261261,1.788299798965454,-1.0082881450653076,0.2557997703552246,1.85807466506958,-1.2665616273880005,0.7414430379867554,1.7889626026153564,-0.042956430464982986,0.3721849322319031,1.8077349662780762,0.04941396415233612,0.7355009317398071,2.545872926712036,0.0008092833450064063,0.39370766282081604,2.55133056640625,-0.04465216025710106,0.7563737034797668,3.2264912128448486,0.7793954014778137,0.43802720308303833,3.220513105392456,0.5221741199493408,0.7678542733192444,3.3489832878112793,0.8157544136047363,0.4423810839653015,3.341254234313965,0.5538914799690247,0.7034164667129517,3.4574074745178223,0.06588548421859741,0.5004419088363647,3.4383962154388428,-0.253424733877182,0.41649632322525687,2
2026-09-24T12:32:12.346034,S013,S013_A5_Y_20260924_1231,elevated_20,A5,young,class_2,0.5232914090156555,0.5068849325180054,-1.6483694314956665,0.5545178651809692,0.40732690691947937,-1.5834496021270752,0.5779710412025452,0.4047221541404724,-1.583644151687622,0.5980541110038757,0.403693288564682,-1.5836176872253418,0.4788501262664795,0.4163810610771179,-1.5830618143081665,0.4543241858482361,0.4199325740337372,-1.5826756954193115,0.43662428855895996,0.42500773072242737,-1.5833022594451904,0.6294729709625244,0.43812841176986694,-1.0659035444259644,0.410585880279541,0.46530893445014954,-1.0439155101776123,0.5763261318206787,0.5915991067886353,-1.4410771131515503,0.4831084609031677,0.5991748571395874,-1.4364359378814697,0.8338216543197632,0.8694122433662415,-0.6287143230438232,0.24174542725086212,0.8863621950149536,-0.6868302226066589,0.96868497133255,1.3358738422393799,-0.6773115396499634,0.14488373696804047,1.437180757522583,-0.712100625038147,0.9282634854316711,1.6533294916152954,-1.2627618312835693,0.21080446243286133,1.763724684715271,-1.4520901441574097,0.9518272280693054,1.769158124923706,-1.428311824798584,0.20922641456127167,1.8982882499694824,-1.6538236141204834,0.8866508603096008,1.7379626035690308,-1.5001356601715088,0.2619625926017761,1.8521910905838013,-1.7154029607772827,0.8649646043777466,1.6903191804885864,-1.3178776502609253,0.2760990560054779,1.7970892190933228,-1.5022904872894287,0.7409564852714539,1.7865203619003296,-0.04275078698992729,0.37007030844688416,1.8012347221374512,0.04923122376203537,0.7318939566612244,2.540055990219116,-0.10757243633270264,0.3908907473087311,2.5349936485290527,-0.26075977087020874,0.7507610321044922,3.2165985107421875,0.5866259336471558,0.4314197897911072,3.204676866531372,0.2386271208524704,0.7614231109619141,3.3354668617248535,0.6097608804702759,0.4352912902832031,3.3228790760040283,0.25864487886428833,0.6936758160591125,3.447169780731201,-0.18266338109970093,0.49610835313796997,3.4203803539276123,-0.5862725973129272,0.41634817031433957,2
2026-09-24T12:32:12.531704,S013,S013_A5_Y_20260924_1231,elevated_20,A5,young,class_2,0.5233272910118103,0.5119925141334534,-1.625972032546997,0.5544315576553345,0.41118553280830383,-1.568627119064331,0.5778613686561584,0.4082118272781372,-1.568840503692627,0.5977891683578491,0.4066733419895172,-1.5690035820007324,0.4789154529571533,0.4198838770389557,-1.5709073543548584,0.45444226264953613,0.4226423501968384,-1.570454478263855,0.4367492198944092,0.4269041121006012,-1.571033000946045,0.6291400790214539,0.4390224516391754,-1.0583295822143555,0.4109293818473816,0.465390682220459,-1.0422555208206177,0.5757436752319336,0.5939472913742065,-1.4179455041885376,0.4831274151802063,0.6009697318077087,-1.4165738821029663,0.8338321447372437,0.8627379536628723,-0.6179118156433105,0.2421712875366211,0.8811379671096802,-0.684245765209198,0.9639741778373718,1.3312419652938843,-0.5387594103813171,0.14877012372016907,1.4284489154815674,-0.623746931552887,0.9224568605422974,1.6731637716293335,-1.0033396482467651,0.21381282806396484,1.7546206712722778,-1.2624578475952148,0.9466341137886047,1.8070582151412964,-1.1559303998947144,0.21125075221061707,1.8872389793395996,-1.4519470930099487,0.8814691305160522,1.7906566858291626,-1.2478516101837158,0.26281219720840454,1.8493049144744873,-1.5451186895370483,0.8602317571640015,1.7323185205459595,-1.0642926692962646,0.27702340483665466,1.7932898998260498,-1.3224220275878906,0.7390658855438232,1.7683542966842651,-0.04366692155599594,0.37012892961502075,1.7830501794815063,0.05002905800938606,0.7300635576248169,2.5188779830932617,-0.0516483373939991,0.39055106043815613,2.5151336193084717,-0.12215137481689453,0.7461793422698975,3.197474956512451,0.6626128554344177,0.43050894141197205,3.1890106201171875,0.3937804102897644,0.7564535140991211,3.3145177364349365,0.6903724074363708,0.4344344139099121,3.3059186935424805,0.41834568977355957,0.6896277666091919,3.4277074337005615,-0.07656635344028473,0.49385619163513184,3.40602707862854,-0.4094410538673401,0.4161286059506617,2
2026-09-24T12:32:12.708398,S013,S013_A5_Y_20260924_1231,elevated_20,A5,young,class_2,0.5242664813995361,0.5214780569076538,-1.599914312362671,0.5544813871383667,0.41576412320137024,-1.5430105924606323,0.5778720378875732,0.41242900490760803,-1.5432533025741577,0.597760796546936,0.41046804189682007,-1.5434072017669678,0.4793756604194641,0.4256978929042816,-1.5474904775619507,0.4547801911830902,0.42901065945625305,-1.5469694137573242,0.4370052218437195,0.4331081211566925,-1.5475341081619263,0.6290063858032227,0.44177505373954773,-1.0348756313323975,0.4109448790550232,0.4688309133052826,-1.0284749269485474,0.5757553577423096,0.6013692021369934,-1.392066240310669,0.4842778146266937,0.610679030418396,-1.3929115533828735,0.8319360017776489,0.8587984442710876,-0.5961371660232544,0.2437727153301239,0.881218671798706,-0.6710012555122375,0.9601813554763794,1.3243050575256348,-0.5170132517814636,0.152133971452713,1.425392508506775,-0.6155391931533813,0.9101007580757141,1.660483717918396,-0.9951255917549133,0.23060691356658936,1.742366075515747,-1.2674177885055542,0.9302603602409363,1.7914619445800781,-1.1486833095550537,0.2340562790632248,1.8738229274749756,-1.4593703746795654,0.8709012866020203,1.7689857482910156,-1.2321059703826904,0.2826458811759949,1.8305069208145142,-1.5453646183013916,0.8516110181808472,1.713791012763977,-1.053589940071106,0.2943461537361145,1.7752193212509155,-1.3254567384719849,0.7400822043418884,1.7660895586013794,-0.04520416259765625,0.3731304407119751,1.7819621562957764,0.0515393391251564,0.7331000566482544,2.515167236328125,-0.04455951601266861,0.3958963453769684,2.512869119644165,-0.10160038620233536,0.7490240335464478,3.1920313835144043,0.6865941882133484,0.43736547231674194,3.1848089694976807,0.43207335472106934,0.7591107487678528,3.306727170944214,0.7140130996704102,0.4412427544593811,3.2992630004882812,0.4595266282558441,0.693381130695343,3.4203684329986572,-0.06360533833503723,0.5022022724151611,3.401486396789551,-0.37342578172683716,0.4158220178910459,2
2026-09-24T12:32:12.880933,S013,S013_A5_Y_20260924_1231,elevated_20,A5,young,class_2,0.5242923498153687,0.524722695350647,-1.496703028678894,0.5544178485870361,0.4181957542896271,-1.43565034866333,0.5778087973594666,0.41460683941841125,-1.435896635055542,0.5975421667098999,0.4123912453651428,-1.4360826015472412,0.4793972373008728,0.4286792576313019,-1.4407997131347656,0.4547950327396393,0.43220365047454834,-1.4401767253875732,0.4370187819004059,0.4361794590950012,-1.4407092332839966,0.6287535429000854,0.44334012269973755,-0.9513362050056458,0.4109481871128082,0.4708643853664398,-0.9475764036178589,0.5753523707389832,0.6040082573890686,-1.3022868633270264,0.48428457975387573,0.6125074625015259,-1.3023854494094849,0.8319553136825562,0.8639513254165649,-0.5637074112892151,0.24366231262683868,0.8825953006744385,-0.6464711427688599,0.9603760838508606,1.3370341062545776,-0.49771469831466675,0.15094926953315735,1.4364053010940552,-0.5348580479621887,0.9120287895202637,1.7052711248397827,-0.9553366899490356,0.215030238032341,1.7854465246200562,-1.0855224132537842,0.9351979494094849,1.844115972518921,-1.1096867322921753,0.2062133252620697,1.9200255870819092,-1.2630181312561035,0.872395396232605,1.8329966068267822,-1.1914989948272705,0.2608003616333008,1.8950157165527344,-1.3654054403305054,0.8524567484855652,1.7741591930389404,-1.0141105651855469,0.27707719802856445,1.8370575904846191,-1.1483590602874756,0.7377133369445801,1.7744483947753906,-0.04617974907159805,0.3712441623210907,1.7905470132827759,0.05252453684806824,0.7308565378189087,2.5227601528167725,-0.03384653478860855,0.39390864968299866,2.5229651927948,-0.06454452872276306,0.7464249730110168,3.202636480331421,0.7134218811988831,0.4341888427734375,3.1960530281066895,0.4826710820198059,0.7567537426948547,3.3202970027923584,0.7460808753967285,0.4377726912498474,3.3142611980438232,0.5134068727493286,0.6903564929962158,3.43147349357605,0.0010004823561757803,0.49594560265541077,3.410611152648926,-0.2895997166633606,0.41591291971229966,2
2026-09-24T12:32:13.094350,S013,S013_A5_Y_20260924_1231,elevated_20,A5,young,class_2,0.5244385004043579,0.5280148386955261,-1.5258495807647705,0.5543715357780457,0.4226374924182892,-1.4641278982162476,0.5775712728500366,0.4182329475879669,-1.4643808603286743,0.5967210531234741,0.4153313934803009,-1.4645423889160156,0.47993913292884827,0.43372222781181335,-1.4693751335144043,0.4555594027042389,0.4372744560241699,-1.4688313007354736,0.43762364983558655,0.4410991668701172,-1.4694150686264038,0.6261271238327026,0.444471150636673,-0.9415441751480103,0.4120081067085266,0.4733268618583679,-0.9499741792678833,0.5749212503433228,0.6057963967323303,-1.326480507850647,0.4850734770298004,0.6157010197639465,-1.3284698724746704,0.8276290893554688,0.8634219765663147,-0.5349419713020325,0.2465132474899292,0.882673442363739,-0.6133096218109131,0.9604836702346802,1.3169234991073608,-0.5180703401565552,0.1628314107656479,1.4212861061096191,-0.7586467266082764,0.9168747663497925,1.654878854751587,-0.9992061853408813,0.270773321390152,1.5595555305480957,-1.7148622274398804,0.9402991533279419,1.7814472913742065,-1.1501966714859009,0.2893297076225281,1.6362651586532593,-1.9452764987945557,0.8815397024154663,1.7554353475570679,-1.206717848777771,0.32265615463256836,1.5706543922424316,-1.9997599124908447,0.8607732653617859,1.7043650150299072,-1.052875280380249,0.3271048665046692,1.5392974615097046,-1.7674213647842407,0.7376352548599243,1.7748221158981323,-0.051108092069625854,0.3733915686607361,1.7908294200897217,0.05719028785824776,0.731775164604187,2.5205037593841553,-0.037405241280794144,0.3991362452507019,2.5198113918304443,-0.050776105374097824,0.7477778792381287,3.1972954273223877,0.7154306769371033,0.44027838110923767,3.1875715255737305,0.4969921112060547,0.7576088309288025,3.311278820037842,0.7468214631080627,0.44341200590133667,3.298841953277588,0.5259101986885071,0.6958072781562805,3.418438196182251,-0.012626211158931255,0.5005625486373901,3.3987152576446533,-0.3039078414440155,0.41666879238938703,2
2026-09-24T12:32:13.306627,S013,S013_A5_Y_20260924_1231,elevated_20,A5,young,class_2,0.5240743160247803,0.5346301794052124,-1.5412031412124634,0.5538480877876282,0.42854687571525574,-1.4770569801330566,0.5772081613540649,0.42370209097862244,-1.4773573875427246,0.5962137579917908,0.4203663170337677,-1.4775378704071045,0.47932034730911255,0.4388953745365143,-1.4832401275634766,0.4551764130592346,0.44182851910591125,-1.4827427864074707,0.43732815980911255,0.444963663816452,-1.483339786529541,0.6258736252784729,0.4470779001712799,-0.9563508033752441,0.41195520758628845,0.47470977902412415,-0.9629839062690735,0.5744706392288208,0.6145461797714233,-1.3387254476547241,0.4849250912666321,0.6225754022598267,-1.3404101133346558,0.827799916267395,0.8631578087806702,-0.5746529698371887,0.24966029822826385,0.8825816512107849,-0.6221469044685364,0.9605329632759094,1.3170403242111206,-0.569907546043396,0.17616313695907593,1.4222369194030762,-0.6794086694717407,0.9007145166397095,1.6379207372665405,-1.0294156074523926,0.27000734210014343,1.6117873191833496,-1.5627994537353516,0.914370059967041,1.75804603099823,-1.1907976865768433,0.2797241806983948,1.7067362070083618,-1.775529146194458,0.857519805431366,1.7233030796051025,-1.2634217739105225,0.3196558952331543,1.6711432933807373,-1.8993279933929443,0.8422688245773315,1.6736290454864502,-1.090299129486084,0.3279614746570587,1.6307756900787354,-1.6281856298446655,0.7416902780532837,1.7741913795471191,-0.055025435984134674,0.3775993585586548,1.7910817861557007,0.06109905242919922,0.7393097281455994,2.5195183753967285,-0.04438020661473274,0.40519261360168457,2.519561767578125,-0.07704472541809082,0.7556949853897095,3.1953442096710205,0.6653210520744324,0.4490438401699066,3.186845064163208,0.4359181523323059,0.7662202715873718,3.3073437213897705,0.6936349868774414,0.45392361283302307,3.2976858615875244,0.45902833342552185,0.7005348205566406,3.4191393852233887,-0.07137498259544373,0.5108985304832458,3.3984665870666504,-0.3574662208557129,0.4162336645980152,2
2026-09-24T12:32:13.679649,S013,S013_A5_Y_20260924_1231,elevated_20,A5,young,class_2,0.524088442325592,0.535973310470581,-1.5049171447753906,0.5538291931152344,0.4294033944606781,-1.4477828741073608,0.5772082209587097,0.42442336678504944,-1.447911262512207,0.5962085127830505,0.4209650456905365,-1.4481348991394043,0.47884511947631836,0.4406701922416687,-1.4508363008499146,0.45464181900024414,0.44395846128463745,-1.45022714138031,0.43695181608200073,0.4473637640476227,-1.4506677389144897,0.6261081695556641,0.44741907715797424,-0.9636427760124207,0.41154080629348755,0.47707265615463257,-0.9570795297622681,0.5745430588722229,0.6176741123199463,-1.3147162199020386,0.48512062430381775,0.6272643804550171,-1.311533808708191,0.8301442861557007,0.8637917041778564,-0.5889077186584473,0.24984338879585266,0.8838390707969666,-0.629158616065979,0.9635594487190247,1.326683759689331,-0.5586608648300171,0.17674550414085388,1.4437979459762573,-0.5680375695228577,0.9015717506408691,1.6665546894073486,-0.945303738117218,0.2630724310874939,1.7062556743621826,-1.1784050464630127,0.9177977442741394,1.7908155918121338,-1.0918740034103394,0.27179640531539917,1.8180972337722778,-1.3564140796661377,0.857789158821106,1.7690273523330688,-1.1645116806030273,0.3129848539829254,1.7860969305038452,-1.4463697671890259,0.8426960706710815,1.7170920372009277,-0.9989876747131348,0.32206282019615173,1.7357738018035889,-1.237208366394043,0.743019700050354,1.7744507789611816,-0.05692080408334732,0.37854546308517456,1.791411280632019,0.0630936250090599,0.7408166527748108,2.5208256244659424,0.0031639114022254944,0.4055287837982178,2.5224812030792236,-0.02364090085029602,0.7562934160232544,3.196035146713257,0.7910762429237366,0.4486941695213318,3.1895158290863037,0.5452080965042114,0.7670544385910034,3.3074986934661865,0.8302230834960938,0.45344653725624084,3.300449848175049,0.5785253643989563,0.7005380988121033,3.422947883605957,0.09576262533664703,0.5105348229408264,3.404663562774658,-0.2183481752872467,0.4154357399769872,2
2026-09-24T12:32:14.235964,S013,S013_A5_Y_20260924_1231,elevated_20,A5,young,class_2,0.5259793996810913,0.5561851263046265,-1.4508945941925049,0.5564780831336975,0.4477851092815399,-1.397221565246582,0.5794713497161865,0.4415346086025238,-1.3973504304885864,0.5985816717147827,0.4371194839477539,-1.3976389169692993,0.4805831015110016,0.4587059020996094,-1.4023607969284058,0.4559085965156555,0.4596654176712036,-1.4015638828277588,0.4376696050167084,0.46160316467285156,-1.4019473791122437,0.6290155649185181,0.45475468039512634,-0.9131601452827454,0.41176456212997437,0.4831589162349701,-0.9081950187683105,0.5749994516372681,0.6336318850517273,-1.2539088726043701,0.48611506819725037,0.6447885036468506,-1.2528162002563477,0.8316038250923157,0.8668774962425232,-0.5348727107048035,0.24868252873420715,0.8843744397163391,-0.6037577390670776,0.9547017216682434,1.337471842765808,-0.5010867118835449,0.17185910046100616,1.4435675144195557,-0.4901959300041199,0.8973968625068665,1.694553017616272,-0.9494377374649048,0.2172282636165619,1.7795826196670532,-1.0207738876342773,0.9173099398612976,1.8273146152496338,-1.1024620532989502,0.19891004264354706,1.9124046564102173,-1.1914299726486206,0.8555862307548523,1.8132976293563843,-1.1800220012664795,0.2517988085746765,1.897559642791748,-1.2993625402450562,0.8378565907478333,1.7579631805419922,-1.0072020292282104,0.27236953377723694,1.8397672176361084,-1.0856678485870361,0.7430331707000732,1.7764464616775513,-0.05752779170870781,0.3786323666572571,1.7934316396713257,0.06380002200603485,0.740836501121521,2.521507978439331,0.0061395540833473206,0.4040129780769348,2.5262436866760254,0.03908754140138626,0.7562546730041504,3.1967365741729736,0.7921273112297058,0.44786110520362854,3.1919968128204346,0.5965965986251831,0.7670484185218811,3.3086280822753906,0.8310195803642273,0.4526807367801666,3.3036181926727295,0.629287600517273,0.7000036239624023,3.423834800720215,0.09616740792989731,0.5075851082801819,3.4085464477539062,-0.16777348518371582,0.41530873817332165,2
2026-09-24T12:32:14.514459,S013,S013_A5_Y_20260924_1231,elevated_20,A5,young,class_2,0.5331584215164185,0.5693724155426025,-1.6538569927215576,0.562880277633667,0.46196308732032776,-1.5995590686798096,0.5854520201683044,0.4552406072616577,-1.5997768640518188,0.6049503087997437,0.44998928904533386,-1.599921464920044,0.48501554131507874,0.4706040918827057,-1.6095364093780518,0.45885714888572693,0.46994131803512573,-1.6089273691177368,0.43915730714797974,0.47092312574386597,-1.6094481945037842,0.6355915665626526,0.462608277797699,-1.083814024925232,0.41209474205970764,0.48892155289649963,-1.1010727882385254,0.5791536569595337,0.6453679800033569,-1.4407434463500977,0.4918004870414734,0.6600574851036072,-1.4471276998519897,0.8346394300460815,0.8705214262008667,-0.6365331411361694,0.24848803877830505,0.8877038359642029,-0.7359265089035034,0.958713173866272,1.3400177955627441,-0.5813727974891663,0.17133168876171112,1.459277868270874,-0.5893787145614624,0.9032754898071289,1.7069097757339478,-1.0868802070617676,0.21742741763591766,1.8231189250946045,-1.1351085901260376,0.9255352020263672,1.843628168106079,-1.2470746040344238,0.20204243063926697,1.9656747579574585,-1.3241835832595825,0.8648761510848999,1.8296141624450684,-1.3296775817871094,0.25314098596572876,1.9383695125579834,-1.3974711894989014,0.8438594937324524,1.7740631103515625,-1.1471247673034668,0.2733079195022583,1.8785163164138794,-1.19100022315979,0.7509729862213135,1.7871730327606201,-0.05744010955095291,0.38159072399139404,1.8068574666976929,0.06370426714420319,0.7484130263328552,2.5333518981933594,-0.0041203866712749004,0.4073839783668518,2.538501262664795,-4.0206949051935226e-05,0.7620007991790771,3.20381760597229,0.8198034167289734,0.44919437170028687,3.202448844909668,0.5698116421699524,0.7724077105522156,3.3156850337982178,0.8590935468673706,0.45353275537490845,3.3159148693084717,0.6052517294883728,0.7049762010574341,3.4386649131774902,0.08885890990495682,0.5108389854431152,3.4256937503814697,-0.22340090572834015,0.4149981731611523,2
2026-09-24T12:32:14.765726,S013,S013_A5_Y_20260924_1231,elevated_20,A5,young,class_2,0.5371441841125488,0.5755506753921509,-1.6296707391738892,0.5663452744483948,0.4665723145008087,-1.5742604732513428,0.5883129239082336,0.4597001373767853,-1.5744823217391968,0.6078396439552307,0.4542326033115387,-1.574641466140747,0.4878297746181488,0.4751282036304474,-1.5826170444488525,0.4609372615814209,0.47422608733177185,-1.5819995403289795,0.440298467874527,0.4749627113342285,-1.5825306177139282,0.6382578015327454,0.4661146104335785,-1.0639740228652954,0.41238293051719666,0.49181264638900757,-1.0756899118423462,0.5809401869773865,0.6509593725204468,-1.4199092388153076,0.4944889545440674,0.6667098999023438,-1.424436330795288,0.8349407315254211,0.8726043105125427,-0.6324183940887451,0.2465239018201828,0.8877793550491333,-0.7198471426963806,0.95653235912323,1.3463958501815796,-0.5926996469497681,0.16476112604141235,1.4581869840621948,-0.6284193992614746,0.9007368087768555,1.7096049785614014,-1.116326093673706,0.21377980709075928,1.8109887838363647,-1.2434661388397217,0.9222652316093445,1.845449447631836,-1.2843958139419556,0.2021576166152954,1.948812484741211,-1.4364320039749146,0.8630407452583313,1.8268749713897705,-1.3641258478164673,0.2521684467792511,1.9188834428787231,-1.5330215692520142,0.8415886759757996,1.7723820209503174,-1.1765884160995483,0.27155816555023193,1.860611081123352,-1.3075520992279053,0.7495521306991577,1.7933061122894287,-0.05929780751466751,0.37886786460876465,1.8100818395614624,0.06569074839353561,0.7426220774650574,2.5413129329681396,0.004838330205529928,0.39708125591278076,2.546053886413574,0.012452763505280018,0.7460297346115112,3.209716558456421,0.8585935831069946,0.4298049509525299,3.2082178592681885,0.6400788426399231,0.7548673748970032,3.3195254802703857,0.8998817205429077,0.4329618811607361,3.320079803466797,0.6800053119659424,0.6862627267837524,3.4476799964904785,0.12985384464263916,0.4888167381286621,3.4354302883148193,-0.15666109323501587,0.41486588684236986,2
2026-09-24T12:32:15.014825,S013,S013_A5_Y_20260924_1231,elevated_20,A5,young,class_2,0.5369957685470581,0.5732393264770508,-1.5372260808944702,0.5661951303482056,0.46500104665756226,-1.485514760017395,0.5882140398025513,0.4585428535938263,-1.485628366470337,0.60773104429245,0.4535762071609497,-1.4858318567276,0.4877917766571045,0.4735308587551117,-1.4909651279449463,0.46093282103538513,0.4729725420475006,-1.490220308303833,0.44032710790634155,0.47391027212142944,-1.4906823635101318,0.6382454633712769,0.46708548069000244,-1.006105899810791,0.4123893678188324,0.49167606234550476,-1.0048681497573853,0.5808174014091492,0.6498276591300964,-1.339339017868042,0.4942223131656647,0.6640560626983643,-1.3396952152252197,0.8350261449813843,0.8738635182380676,-0.5997790098190308,0.2452411949634552,0.8873458504676819,-0.6706080436706543,0.952802300453186,1.3466051816940308,-0.5136741399765015,0.1600557267665863,1.4536253213882446,-0.5211044549942017,0.8956080675125122,1.7114707231521606,-0.9189112782478333,0.20657360553741455,1.8043488264083862,-1.0380080938339233,0.9182493090629578,1.8471051454544067,-1.05793297290802,0.19285234808921814,1.9402354955673218,-1.206359624862671,0.8572105169296265,1.8302797079086304,-1.137134313583374,0.24427171051502228,1.9085719585418701,-1.3002749681472778,0.8357161283493042,1.774842381477356,-0.9748770594596863,0.26423677802085876,1.8513869047164917,-1.0965220928192139,0.7467896342277527,1.7902909517288208,-0.05765606835484505,0.37683001160621643,1.8040653467178345,0.06402845680713654,0.7356889843940735,2.537764310836792,0.002229586010798812,0.3925321698188782,2.5356404781341553,-0.02997462823987007,0.7387688159942627,3.2067208290100098,0.7510346174240112,0.4240742623806,3.198108673095703,0.4831354022026062,0.7481456398963928,3.317464590072632,0.7840152382850647,0.4269304871559143,3.3099920749664307,0.5111278295516968,0.6770963668823242,3.442805290222168,0.04049399867653847,0.4822096824645996,3.424088954925537,-0.29517483711242676,0.4147787599027431,2
2026-09-24T12:32:15.407072,S013,S013_A5_Y_20260924_1231,elevated_20,A5,young,class_2,0.536827564239502,0.5721035599708557,-1.4788992404937744,0.5660555958747864,0.4639073610305786,-1.4217497110366821,0.5881204605102539,0.45757538080215454,-1.4218785762786865,0.6076720952987671,0.45264479517936707,-1.4221200942993164,0.4878700375556946,0.4726146161556244,-1.4324160814285278,0.46102553606033325,0.47219476103782654,-1.4317022562026978,0.44041532278060913,0.47332271933555603,-1.432162880897522,0.6372171640396118,0.46691781282424927,-0.9336851239204407,0.4122386872768402,0.4915575087070465,-0.9568641781806946,0.5804957747459412,0.6486141085624695,-1.279667615890503,0.4940958023071289,0.6630975604057312,-1.286675214767456,0.8332414627075195,0.8738850951194763,-0.5432447195053101,0.24305371940135956,0.8884268999099731,-0.6534913182258606,0.9513694047927856,1.3425449132919312,-0.45714911818504333,0.15771445631980896,1.4532113075256348,-0.5133337378501892,0.895730197429657,1.7150901556015015,-0.8807663917541504,0.19846409559249878,1.8115862607955933,-1.025492548942566,0.9204584956169128,1.8536536693572998,-1.0241596698760986,0.18010686337947845,1.9474140405654907,-1.197779655456543,0.8578581809997559,1.8448222875595093,-1.1070233583450317,0.2335013449192047,1.9256702661514282,-1.3011579513549805,0.8359004855155945,1.787658452987671,-0.9394394159317017,0.25510990619659424,1.8676013946533203,-1.087524175643921,0.7451793551445007,1.788142442703247,-0.05518265441060066,0.3766924738883972,1.8033355474472046,0.0614599771797657,0.7338565587997437,2.5329153537750244,0.016265682876110077,0.3922624886035919,2.532691717147827,-0.03337584063410759,0.7390917539596558,3.202707052230835,0.7740853428840637,0.4246978759765625,3.1947872638702393,0.5029302835464478,0.7485814690589905,3.3148648738861084,0.8096596002578735,0.4276862144470215,3.3075382709503174,0.5329980850219727,0.6784412860870361,3.435967445373535,0.07789966464042664,0.4829990267753601,3.4168102741241455,-0.2614119052886963,0.41474213872083276,2
2026-09-24T12:32:15.686343,S013,S013_A5_Y_20260924_1231,elevated_20,A5,young,class_2,0.5348094701766968,0.5593838095664978,-1.4903042316436768,0.5629498362541199,0.45395809412002563,-1.4283431768417358,0.585091233253479,0.448452353477478,-1.428558111190796,0.6038870215415955,0.4440747797489166,-1.4287519454956055,0.48636573553085327,0.46337273716926575,-1.437143325805664,0.4600943624973297,0.46442943811416626,-1.4365220069885254,0.43996119499206543,0.4663388133049011,-1.437041163444519,0.6323736906051636,0.463107705116272,-0.928826630115509,0.41219234466552734,0.48932722210884094,-0.9456443786621094,0.5789258480072021,0.6377907991409302,-1.2897675037384033,0.49318575859069824,0.6493852734565735,-1.295099139213562,0.8324653506278992,0.8718391060829163,-0.530548095703125,0.24873566627502441,0.8877230882644653,-0.640766441822052,0.9514623880386353,1.3366142511367798,-0.4573970437049866,0.16396307945251465,1.4452335834503174,-0.5210253000259399,0.905350387096405,1.711743950843811,-0.920438289642334,0.2194136381149292,1.769925832748413,-1.1694873571395874,0.932555079460144,1.8498694896697998,-1.0728375911712646,0.2099420726299286,1.8978022336959839,-1.371575951576233,0.8700305819511414,1.8428407907485962,-1.1593730449676514,0.26104843616485596,1.8659343719482422,-1.4681804180145264,0.8471240997314453,1.7858818769454956,-0.9814173579216003,0.2778400778770447,1.811500906944275,-1.2334465980529785,0.7435281872749329,1.7820645570755005,-0.05334039404988289,0.3768869936466217,1.7979073524475098,0.05956626683473587,0.7333336472511292,2.5260751247406006,0.01206836849451065,0.39274969696998596,2.526808977127075,-0.039210446178913116,0.7396590113639832,3.198349952697754,0.7568942308425903,0.4261898100376129,3.1896238327026367,0.4893476963043213,0.7492026686668396,3.3112213611602783,0.7894390225410461,0.42980489134788513,3.301825761795044,0.5177618265151978,0.6786187887191772,3.4259941577911377,0.038258377462625504,0.4841597080230713,3.406322956085205,-0.29024654626846313,0.4147422962287237,2
2026-09-24T12:32:15.890600,S013,S013_A5_Y_20260924_1231,elevated_20,A5,young,class_2,0.5347715616226196,0.557108461856842,-1.519307017326355,0.5624603033065796,0.4508134722709656,-1.4598158597946167,0.5844298005104065,0.4449390172958374,-1.460070013999939,0.6027604341506958,0.4402005970478058,-1.4602845907211304,0.4863041043281555,0.46186694502830505,-1.4676380157470703,0.4600812494754791,0.46360287070274353,-1.4669448137283325,0.4399624466896057,0.46575674414634705,-1.4674630165100098,0.631096363067627,0.4605204164981842,-0.9654884338378906,0.4124414026737213,0.48926499485969543,-0.9746221303939819,0.578856348991394,0.634246826171875,-1.3203537464141846,0.4932747483253479,0.6462020874023438,-1.3234102725982666,0.8330659866333008,0.8713037967681885,-0.5495203733444214,0.24986675381660461,0.8877483010292053,-0.6632864475250244,0.952390193939209,1.3351002931594849,-0.4758118689060211,0.1637917011976242,1.4451477527618408,-0.5339245796203613,0.916084885597229,1.7107096910476685,-0.9462563395500183,0.21950724720954895,1.7723925113677979,-1.14749276638031,0.9469212293624878,1.8481751680374146,-1.099764108657837,0.21024122834205627,1.9012621641159058,-1.3328258991241455,0.8841788172721863,1.8389582633972168,-1.183107852935791,0.2615070343017578,1.8704601526260376,-1.431623935699463,0.8605203628540039,1.7824403047561646,-1.0058072805404663,0.2781498432159424,1.815747618675232,-1.2094147205352783,0.7433902621269226,1.7818151712417603,-0.053619809448719025,0.3769814074039459,1.797701358795166,0.059830814599990845,0.733335554599762,2.5265676975250244,0.006608988158404827,0.3932594656944275,2.5283288955688477,-0.017289835959672928,0.7397698163986206,3.1998984813690186,0.7772014737129211,0.42903321981430054,3.19112491607666,0.5569204092025757,0.7493561506271362,3.313427209854126,0.8118260502815247,0.43374624848365784,3.302809476852417,0.5904766917228699,0.6796199679374695,3.426741361618042,0.049594633281230927,0.486782968044281,3.4081971645355225,-0.22920019924640656,0.4147106263372376,2
2026-09-24T12:32:16.087197,S013,S013_A5_Y_20260924_1231,elevated_20,A5,young,class_2,0.5346812009811401,0.5478134751319885,-1.4607436656951904,0.5623737573623657,0.44110575318336487,-1.4002392292022705,0.5843185186386108,0.43579161167144775,-1.4004706144332886,0.602627694606781,0.43132370710372925,-1.4007103443145752,0.48612338304519653,0.45449286699295044,-1.4054033756256104,0.45983701944351196,0.4576968252658844,-1.4047291278839111,0.4398128390312195,0.4609718918800354,-1.405264973640442,0.6311528086662292,0.45679038763046265,-0.9204909205436707,0.41248077154159546,0.4879390001296997,-0.9169018864631653,0.5791459679603577,0.6247327327728271,-1.2687456607818604,0.49336519837379456,0.6368875503540039,-1.2681516408920288,0.833450436592102,0.8705191016197205,-0.5340010523796082,0.25178781151771545,0.887562096118927,-0.6337151527404785,0.9525803327560425,1.3358973264694214,-0.4679057002067566,0.16256621479988098,1.4438011646270752,-0.5183652639389038,0.9163308143615723,1.711106538772583,-0.9080420732498169,0.21832013130187988,1.7752933502197266,-1.0662568807601929,0.9467569589614868,1.848045825958252,-1.0574960708618164,0.20855529606342316,1.905994176864624,-1.2429925203323364,0.8837356567382812,1.838724136352539,-1.1383264064788818,0.26110023260116577,1.8791468143463135,-1.3388760089874268,0.8605214357376099,1.7822002172470093,-0.9664698839187622,0.27762287855148315,1.8234970569610596,-1.126542091369629,0.7433611154556274,1.7816147804260254,-0.05361189693212509,0.3770778179168701,1.7970815896987915,0.05982419103384018,0.733340859413147,2.5271897315979004,0.03601103276014328,0.3933965861797333,2.5284929275512695,-0.0015690770233049989,0.7405956983566284,3.2015719413757324,0.844478964805603,0.4298955798149109,3.1920242309570312,0.6038275361061096,0.7503227591514587,3.316396951675415,0.8840336799621582,0.43489256501197815,3.3044018745422363,0.6416293382644653,0.6819556951522827,3.4281539916992188,0.13904936611652374,0.48807114362716675,3.4088854789733887,-0.1667737364768982,0.41455413440168987,2
2026-09-24T12:32:16.285831,S013,S013_A5_Y_20260924_1231,elevated_20,A5,young,class_2,0.5344926714897156,0.5428516268730164,-1.3385467529296875,0.5614376664161682,0.43700724840164185,-1.2791645526885986,0.5834762454032898,0.43181112408638,-1.279505968093872,0.6016703248023987,0.4274924397468567,-1.2797162532806396,0.48524171113967896,0.4512828290462494,-1.2734652757644653,0.45903080701828003,0.45510584115982056,-1.2726789712905884,0.43940824270248413,0.4588991105556488,-1.272830843925476,0.6305902600288391,0.4553150534629822,-0.7855161428451538,0.41254743933677673,0.4876798689365387,-0.7333974838256836,0.579203188419342,0.6200359463691711,-1.1451570987701416,0.49350833892822266,0.6314961910247803,-1.1316922903060913,0.833105206489563,0.8704606294631958,-0.49758225679397583,0.25564083456993103,0.8882532119750977,-0.43616414070129395,0.9559851884841919,1.3337329626083374,-0.5975838899612427,0.15010486543178558,1.421608805656433,-0.9232781529426575,0.9164531826972961,1.6729142665863037,-1.0905556678771973,0.19668829441070557,1.2007499933242798,-2.1895627975463867,0.9458783864974976,1.7947063446044922,-1.2273975610733032,0.19148077070713043,1.1394550800323486,-2.428790330886841,0.8832798004150391,1.7568813562393188,-1.2757601737976074,0.12508872151374817,0.9297458529472351,-2.418830394744873,0.8604733347892761,1.7138410806655884,-1.1328541040420532,0.18176887929439545,0.9613459706306458,-2.2277889251708984,0.7451878190040588,1.7835763692855835,-0.06526505202054977,0.37765753269195557,1.7980657815933228,0.0711870938539505,0.7353671789169312,2.5323915481567383,0.03482208400964737,0.39434465765953064,2.5332939624786377,0.10609088093042374,0.7419096231460571,3.205702304840088,0.8576381802558899,0.4301556646823883,3.193645715713501,0.7114007472991943,0.7514196634292603,3.3166491985321045,0.8937979936599731,0.4348481595516205,3.303516149520874,0.7487800121307373,0.6879566311836243,3.428267478942871,0.13023227453231812,0.4856301248073578,3.4107720851898193,-0.06178479269146919,0.4203003134833015,2
2026-09-24T12:32:16.546061,S013,S013_A5_Y_20260924_1231,elevated_20,A5,young,class_2,0.5343492031097412,0.539729654788971,-1.3048268556594849,0.5611562132835388,0.4344541132450104,-1.24970543384552,0.5832388401031494,0.4295366108417511,-1.2498197555541992,0.6013749837875366,0.42544999718666077,-1.2500427961349487,0.4852208197116852,0.44878360629081726,-1.2504570484161377,0.4590335786342621,0.45295873284339905,-1.24961256980896,0.439434677362442,0.45696645975112915,-1.2500337362289429,0.6305738687515259,0.454551637172699,-0.7983518838882446,0.41294050216674805,0.48703745007514954,-0.7719630599021912,0.5791902542114258,0.6168932318687439,-1.1260892152786255,0.49358683824539185,0.6280012130737305,-1.1185415983200073,0.8330000042915344,0.8675904870033264,-0.4690784811973572,0.2559327483177185,0.8882818818092346,-0.5114022493362427,0.9470170736312866,1.3349002599716187,-0.4564193785190582,0.1509334146976471,1.4243948459625244,-0.5030381679534912,0.9063254594802856,1.6815763711929321,-0.8888334035873413,0.19806405901908875,1.6861234903335571,-1.0048620700836182,0.9368815422058105,1.8062058687210083,-1.0364048480987549,0.18873849511146545,1.8116735219955444,-1.168416142463684,0.8737119436264038,1.7851488590240479,-1.1036217212677002,0.15347176790237427,1.7853524684906006,-1.264377236366272,0.85126131772995,1.736774206161499,-0.943104088306427,0.19671380519866943,1.7318394184112549,-1.0631399154663086,0.7443397045135498,1.7814170122146606,-0.06476373225450516,0.37767717242240906,1.7940140962600708,0.0706791877746582,0.7313186526298523,2.5302658081054688,0.061913441866636276,0.39113518595695496,2.5321896076202393,0.10727940499782562,0.7365444898605347,3.202841281890869,0.883036732673645,0.4249648451805115,3.1911299228668213,0.7164202332496643,0.7466018199920654,3.314300060272217,0.9232252836227417,0.4284784197807312,3.3005475997924805,0.7553005814552307,0.6792517900466919,3.425311326980591,0.19771668314933777,0.48056960105895996,3.409348726272583,-0.030635589733719826,0.4199220979752488,2
2026-09-24T12:32:16.749377,S013,S013_A5_Y_20260924_1231,elevated_20,A5,young,class_2,0.533961296081543,0.5396590828895569,-1.361574411392212,0.5604279637336731,0.4343556761741638,-1.3043558597564697,0.5825220942497253,0.4294077157974243,-1.3045706748962402,0.6004679799079895,0.4253241717815399,-1.3048057556152344,0.48513880372047424,0.4486815333366394,-1.3061912059783936,0.45902949571609497,0.4529344141483307,-1.3054271936416626,0.4394932687282562,0.45692142844200134,-1.3058981895446777,0.6300808191299438,0.4543204605579376,-0.8338413238525391,0.4134862422943115,0.487151563167572,-0.8130547404289246,0.5790927410125732,0.6168947815895081,-1.1732995510101318,0.49363547563552856,0.6280177235603333,-1.167797327041626,0.8329401016235352,0.8642451167106628,-0.4709961414337158,0.2584903836250305,0.888138473033905,-0.5373085737228394,0.9477640986442566,1.3302745819091797,-0.44415193796157837,0.15201424062252045,1.4244310855865479,-0.4751451015472412,0.9154933094978333,1.685021162033081,-0.9012446403503418,0.19786155223846436,1.760428786277771,-1.012542724609375,0.9493443369865417,1.8135857582092285,-1.0519969463348389,0.18540115654468536,1.899599552154541,-1.1884080171585083,0.884606659412384,1.8035023212432861,-1.1305052042007446,0.16232694685459137,1.8834120035171509,-1.2902072668075562,0.8604998588562012,1.7521147727966309,-0.959765613079071,0.19909702241420746,1.826297640800476,-1.0751125812530518,0.744747519493103,1.778281807899475,-0.06463227421045303,0.3809446692466736,1.7906602621078491,0.0705418810248375,0.7317217588424683,2.5276741981506348,0.010866120457649231,0.3940386176109314,2.529118299484253,0.038051970303058624,0.7401502728462219,3.201754093170166,0.7626450061798096,0.4301019608974457,3.1907200813293457,0.567684531211853,0.7510443329811096,3.3141257762908936,0.7953064441680908,0.43423423171043396,3.300549268722534,0.5975273847579956,0.6829771399497986,3.423240900039673,0.047527290880680084,0.48635077476501465,3.408552646636963,-0.2046920508146286,0.4197582960680875,2
2026-09-24T12:32:16.902631,S013,S013_A5_Y_20260924_1231,elevated_20,A5,young,class_2,0.5329399704933167,0.5398558378219604,-1.2529327869415283,0.5595473647117615,0.4347609579563141,-1.198626160621643,0.5816267728805542,0.4297025501728058,-1.1988166570663452,0.5992202758789062,0.4255918860435486,-1.1991908550262451,0.48496803641319275,0.4487798810005188,-1.2040666341781616,0.4589952528476715,0.4529431164264679,-1.203279733657837,0.4394909739494324,0.45688310265541077,-1.2038017511367798,0.6284939050674438,0.4543140232563019,-0.7449731230735779,0.4134675860404968,0.48706865310668945,-0.7398514747619629,0.5775579214096069,0.6170941591262817,-1.0692023038864136,0.4929298758506775,0.6280657052993774,-1.0682333707809448,0.832253098487854,0.8625827431678772,-0.38500040769577026,0.25800821185112,0.885327160358429,-0.5088962316513062,0.9479907751083374,1.3303043842315674,-0.3273155093193054,0.15097388625144958,1.4197148084640503,-0.4065175950527191,0.9125840067863464,1.7124966382980347,-0.7457691431045532,0.19167275726795197,1.7780567407608032,-0.8984783887863159,0.9437140226364136,1.854713797569275,-0.8863817453384399,0.17264249920845032,1.9163683652877808,-1.0661786794662476,0.8766456842422485,1.8510518074035645,-0.9656254649162292,0.18003088235855103,1.9038711786270142,-1.1665079593658447,0.8540909886360168,1.7924151420593262,-0.8038867115974426,0.21324558556079865,1.846649408340454,-0.9582425951957703,0.740770161151886,1.774661898612976,-0.05949939042329788,0.37955737113952637,1.7862166166305542,0.06538371741771698,0.7274576425552368,2.5197129249572754,0.010746367275714874,0.390958696603775,2.521660327911377,0.03940780460834503,0.733906090259552,3.1917853355407715,0.7525216341018677,0.4255976676940918,3.1796469688415527,0.5672911405563354,0.7445281744003296,3.3053412437438965,0.7865263223648071,0.42861732840538025,3.290315866470337,0.5973151326179504,0.6758502721786499,3.4129974842071533,0.05240290239453316,0.48301538825035095,3.39682936668396,-0.18597643077373505,0.4195096864080397,2
2026-09-24T12:32:17.071534,S013,S013_A5_Y_20260924_1231,elevated_20,A5,young,class_2,0.5305715203285217,0.5405749678611755,-1.119443655014038,0.5577709674835205,0.435761034488678,-1.0764013528823853,0.580259382724762,0.43069782853126526,-1.076345682144165,0.5977925658226013,0.42672768235206604,-1.0764706134796143,0.48400312662124634,0.44944441318511963,-1.0738556385040283,0.45860880613327026,0.4534090757369995,-1.0727919340133667,0.4394010603427887,0.45717471837997437,-1.073101282119751,0.6273894309997559,0.4546521306037903,-0.682630181312561,0.4135158061981201,0.4871547818183899,-0.6427910923957825,0.5756298303604126,0.6171659827232361,-0.9590280652046204,0.4913349747657776,0.6282603740692139,-0.9475727081298828,0.8318754434585571,0.8630715012550354,-0.37527573108673096,0.2575445771217346,0.8827100396156311,-0.4372086524963379,0.9470571279525757,1.3405505418777466,-0.3301374614238739,0.14987654983997345,1.4155712127685547,-0.3108561038970947,0.9023286700248718,1.7161086797714233,-0.7060819864273071,0.18998901546001434,1.7787649631500244,-0.7745862603187561,0.9302220344543457,1.8532383441925049,-0.8471476435661316,0.1694835126399994,1.9142259359359741,-0.9240721464157104,0.8636479377746582,1.847312092781067,-0.9075314402580261,0.19077710807323456,1.8939565420150757,-1.019728422164917,0.8419042825698853,1.7898061275482178,-0.7570824027061462,0.2211461365222931,1.8380078077316284,-0.8343968391418457,0.7323402166366577,1.7691861391067505,-0.05934853479266167,0.3707197308540344,1.7765878438949585,0.06527432054281235,0.7126246690750122,2.5128273963928223,0.012056553736329079,0.3738356828689575,2.5139212608337402,0.09079642593860626,0.7120610475540161,3.184492826461792,0.759548544883728,0.3994380533695221,3.1687841415405273,0.627513587474823,0.7211307287216187,3.296677589416504,0.793822169303894,0.40150490403175354,3.2786591053009033,0.6612508893013,0.6527910828590393,3.4050116539001465,0.10468341410160065,0.45001164078712463,3.3828866481781006,-0.08013452589511871,0.41909120369674574,2
2026-09-24T12:32:17.223765,S013,S013_A5_Y_20260924_1231,elevated_20,A5,young,class_2,0.529650866985321,0.5401347279548645,-1.1748777627944946,0.5566524267196655,0.43539437651634216,-1.1235766410827637,0.5792570114135742,0.430259108543396,-1.1236240863800049,0.5967481732368469,0.42621082067489624,-1.1238257884979248,0.48350706696510315,0.44893136620521545,-1.1242717504501343,0.45846280455589294,0.45280948281288147,-1.1233885288238525,0.4393669664859772,0.45655080676078796,-1.123774766921997,0.6254035234451294,0.4533369243144989,-0.7018724679946899,0.41373172402381897,0.48631730675697327,-0.6749359965324402,0.5750812888145447,0.616805911064148,-1.0060268640518188,0.4911192059516907,0.6278846263885498,-0.9984718561172485,0.8316515684127808,0.8632160425186157,-0.3987067639827728,0.2574511170387268,0.8835989236831665,-0.46708518266677856,0.9473118782043457,1.3413523435592651,-0.372527539730072,0.15168848633766174,1.4205396175384521,-0.3912946581840515,0.9006525278091431,1.7166800498962402,-0.7880814075469971,0.19003799557685852,1.7956103086471558,-0.9268075823783875,0.9272004961967468,1.8534796237945557,-0.9317110776901245,0.168013796210289,1.9309468269348145,-1.0932830572128296,0.8594223856925964,1.8454197645187378,-1.0024693012237549,0.19663158059120178,1.9099026918411255,-1.1899404525756836,0.8384345769882202,1.7888599634170532,-0.8423473238945007,0.22509828209877014,1.8540469408035278,-0.9878255128860474,0.7325186133384705,1.773574948310852,-0.05926604941487312,0.3708208203315735,1.78263258934021,0.06521647423505783,0.7137776613235474,2.517399311065674,0.0178515762090683,0.37532299757003784,2.522066593170166,0.1038113608956337,0.7153659462928772,3.188816547393799,0.7601717114448547,0.40277186036109924,3.1730782985687256,0.6408032178878784,0.724459707736969,3.300281047821045,0.7953258752822876,0.4050827920436859,3.281460762023926,0.6739662885665894,0.6567410230636597,3.410203456878662,0.12001954019069672,0.45510536432266235,3.389526844024658,-0.06811927258968353,0.41898032419009146,2
2026-09-24T12:32:17.379755,S013,S013_A5_Y_20260924_1231,elevated_20,A5,young,class_2,0.5293881893157959,0.5385138988494873,-1.1997361183166504,0.5562196969985962,0.43392714858055115,-1.14771568775177,0.5788415670394897,0.4288777709007263,-1.147763729095459,0.596298336982727,0.4248286783695221,-1.1479876041412354,0.48318928480148315,0.44699209928512573,-1.149520754814148,0.45831337571144104,0.4507713317871094,-1.1486866474151611,0.439311683177948,0.45462509989738464,-1.1490800380706787,0.6248795390129089,0.4522087275981903,-0.7207929491996765,0.41373714804649353,0.4851837158203125,-0.7002269625663757,0.5749179124832153,0.6157655119895935,-1.0286589860916138,0.4909437596797943,0.6270601749420166,-1.023109793663025,0.8301032185554504,0.8608920574188232,-0.4074436128139496,0.2574656903743744,0.8826422095298767,-0.48036837577819824,0.9477283358573914,1.3375357389450073,-0.37242454290390015,0.1582164764404297,1.417046308517456,-0.4178243577480316,0.9008454084396362,1.7161885499954224,-0.7558735609054565,0.2008240669965744,1.7875277996063232,-0.9575549960136414,0.927271842956543,1.8526841402053833,-0.8968666791915894,0.18027254939079285,1.9159927368164062,-1.123565435409546,0.8599135279655457,1.8438150882720947,-0.9665638208389282,0.22301945090293884,1.8874738216400146,-1.2170825004577637,0.8388881683349609,1.7877825498580933,-0.8090662956237793,0.24627670645713806,1.8342751264572144,-1.0175710916519165,0.7327062487602234,1.7625596523284912,-0.057507507503032684,0.37204355001449585,1.7753078937530518,0.06342140585184097,0.7146692276000977,2.5044000148773193,0.038391225039958954,0.3778366446495056,2.511950969696045,0.08976203948259354,0.718063235282898,3.176875352859497,0.792553722858429,0.4081851840019226,3.164323568344116,0.6389128565788269,0.7271004915237427,3.287853717803955,0.8301934003829956,0.4115629196166992,3.272719144821167,0.6725255250930786,0.6612280011177063,3.3990423679351807,0.15084455907344818,0.45782771706581116,3.3783860206604004,-0.0807609036564827,0.4181818865151096,2
2026-09-24T12:32:17.530142,S013,S013_A5_Y_20260924_1231,elevated_20,A5,young,class_2,0.5299390554428101,0.538543164730072,-1.5621267557144165,0.5565746426582336,0.43393221497535706,-1.501517415046692,0.5789514780044556,0.4288729429244995,-1.5017589330673218,0.5963329076766968,0.42482882738113403,-1.5020192861557007,0.4835131764411926,0.44699525833129883,-1.5143606662750244,0.4585154056549072,0.4507787525653839,-1.5140135288238525,0.4394194185733795,0.454615980386734,-1.5146273374557495,0.6248546242713928,0.452205628156662,-1.007307529449463,0.4137447774410248,0.48517677187919617,-1.0427683591842651,0.5750120878219604,0.6159641742706299,-1.3615658283233643,0.49127084016799927,0.6275752186775208,-1.372459888458252,0.8299006223678589,0.8600465655326843,-0.5842127203941345,0.25721636414527893,0.8822928667068481,-0.7162464261054993,0.9506295919418335,1.3201391696929932,-0.4893614649772644,0.15625345706939697,1.4186432361602783,-0.5603715181350708,0.9067357182502747,1.7093082666397095,-0.9195793867111206,0.19794432818889618,1.795741319656372,-0.9738248586654663,0.9328009486198425,1.8477667570114136,-1.0555431842803955,0.17894867062568665,1.9277101755142212,-1.127909779548645,0.8670417070388794,1.8417621850967407,-1.1485176086425781,0.22364899516105652,1.907522201538086,-1.2365467548370361,0.8458681106567383,1.7845102548599243,-0.9803562164306641,0.24628674983978271,1.851081371307373,-1.032156229019165,0.732936441898346,1.7539844512939453,-0.04746687039732933,0.37412533164024353,1.7712513208389282,0.053128041326999664,0.7180739045143127,2.5016136169433594,-0.02518860623240471,0.38864362239837646,2.5069358348846436,-0.12460532039403915,0.7314996123313904,3.1774098873138428,0.6818416118621826,0.4283086657524109,3.1652979850769043,0.3664551377296448,0.7404419779777527,3.289055824279785,0.7118264436721802,0.4341117739677429,3.2728874683380127,0.3890461325645447,0.6817783117294312,3.4000942707061768,-0.023504693061113358,0.4836856722831726,3.3796234130859375,-0.41849976778030396,0.41778545705953246,2
2026-09-24T12:32:17.681333,S013,S013_A5_Y_20260924_1231,elevated_20,A5,young,class_2,0.5310425758361816,0.5385764837265015,-1.2970733642578125,0.5573467016220093,0.433684378862381,-1.241715431213379,0.5793474912643433,0.4284244179725647,-1.2418131828308105,0.596680760383606,0.42416292428970337,-1.2420862913131714,0.48407888412475586,0.4469928443431854,-1.2499045133590698,0.4589526057243347,0.4507783055305481,-1.2490836381912231,0.4396694302558899,0.4546111524105072,-1.249529480934143,0.6248769760131836,0.4515939950942993,-0.7989328503608704,0.4137178063392639,0.4851582646369934,-0.8088186979293823,0.5753781795501709,0.6160433292388916,-1.1198079586029053,0.49191442131996155,0.6277884244918823,-1.1224801540374756,0.8279492259025574,0.8581591248512268,-0.460040420293808,0.2571268379688263,0.8814375400543213,-0.5740312337875366,0.9486457705497742,1.3206063508987427,-0.39136803150177,0.15626676380634308,1.4140478372573853,-0.42024821043014526,0.905558705329895,1.7092205286026,-0.7907248735427856,0.1979409158229828,1.7890197038650513,-0.8540024757385254,0.9323053359985352,1.8472956418991089,-0.9329758882522583,0.1790260523557663,1.9187092781066895,-1.0068997144699097,0.8670130968093872,1.8409520387649536,-1.0083369016647339,0.22397048771381378,1.8956542015075684,-1.112047553062439,0.8456037640571594,1.7838796377182007,-0.8476399183273315,0.246480792760849,1.8403445482254028,-0.9149448275566101,0.732307493686676,1.7500348091125488,-0.04773464798927307,0.3741419315338135,1.7658483982086182,0.053401798009872437,0.7178535461425781,2.4928600788116455,-0.013574887998402119,0.38781261444091797,2.498947858810425,-0.016337458044290543,0.7277066111564636,3.1674864292144775,0.6897179484367371,0.4234676957130432,3.157837390899658,0.5093977451324463,0.7368296980857849,3.2784507274627686,0.7213937044143677,0.4273258149623871,3.2669243812561035,0.5399465560913086,0.6744931936264038,3.3905444145202637,0.033298008143901825,0.4768304228782654,3.370682716369629,-0.2288293093442917,0.417291132672207,2
2026-09-24T12:32:17.983158,S013,S013_A5_Y_20260924_1231,elevated_20,A5,young,class_2,0.5332953929901123,0.5401561856269836,-1.493592619895935,0.558175265789032,0.43556466698646545,-1.4387891292572021,0.5796687006950378,0.429822713136673,-1.4389926195144653,0.5968449711799622,0.42523545026779175,-1.4393088817596436,0.4857385754585266,0.4485943019390106,-1.450741171836853,0.46039286255836487,0.45206621289253235,-1.4501123428344727,0.4405522346496582,0.455769419670105,-1.450635552406311,0.6248804330825806,0.45168396830558777,-0.9495236277580261,0.41373008489608765,0.4855577349662781,-0.9770137071609497,0.5762654542922974,0.6169065237045288,-1.2931842803955078,0.4939858913421631,0.6291007995605469,-1.3014832735061646,0.8274582624435425,0.8555514812469482,-0.5260767340660095,0.25687745213508606,0.8809548616409302,-0.6700827479362488,0.9487932920455933,1.3083797693252563,-0.40854477882385254,0.15474069118499756,1.4091132879257202,-0.5140562057495117,0.9077024459838867,1.7050399780273438,-0.830605149269104,0.19278253614902496,1.7860697507858276,-0.9084669351577759,0.9344849586486816,1.8451966047286987,-0.969441294670105,0.1734592616558075,1.9177390336990356,-1.0423307418823242,0.8711859583854675,1.8407479524612427,-1.062045931816101,0.2217298299074173,1.8993197679519653,-1.1952143907546997,0.8492146730422974,1.7832320928573608,-0.8932334780693054,0.24367912113666534,1.8430174589157104,-0.97693932056427,0.7335205674171448,1.7431447505950928,-0.047751180827617645,0.3766325116157532,1.760855793952942,0.05343624949455261,0.7215741276741028,2.4849302768707275,-0.011698967777192593,0.3934785723686218,2.4922640323638916,-0.01034976914525032,0.7332440614700317,3.1587698459625244,0.7034698724746704,0.43163949251174927,3.155275583267212,0.5221308469772339,0.7424939274787903,3.2705841064453125,0.7346334457397461,0.4350143074989319,3.2659189701080322,0.5526176691055298,0.6813803911209106,3.3833365440368652,0.045176610350608826,0.4889809489250183,3.3689470291137695,-0.22172367572784424,0.4171669705369409,2
2026-09-24T12:32:18.246753,S013,S013_A5_Y_20260924_1231,elevated_20,A5,young,class_2,0.5370553135871887,0.5163003206253052,-0.9986193776130676,0.5593571066856384,0.4168151021003723,-0.9443926811218262,0.5798378586769104,0.4133397936820984,-0.9440914392471313,0.596834659576416,0.41020816564559937,-0.9439752697944641,0.4903430938720703,0.4280623495578766,-0.9520171880722046,0.4650351405143738,0.4316897392272949,-0.9512209892272949,0.4433223307132721,0.4353256821632385,-0.9515426754951477,0.6226873397827148,0.4391569197177887,-0.5886853933334351,0.4147043824195862,0.46888870000839233,-0.6036666631698608,0.5771297216415405,0.5946308374404907,-0.8610679507255554,0.49588316679000854,0.6026628017425537,-0.8651764988899231,0.8240112066268921,0.8564375638961792,-0.3503027558326721,0.2539843022823334,0.8804462552070618,-0.5090282559394836,0.929088294506073,1.33332359790802,-0.31473249197006226,0.15431644022464752,1.3980299234390259,-0.41351795196533203,0.8871573209762573,1.7251280546188354,-0.6572749614715576,0.19064995646476746,1.7854496240615845,-0.7582710981369019,0.9157310724258423,1.860491156578064,-0.7815183401107788,0.16322527825832367,1.9201128482818604,-0.8880523443222046,0.8516162037849426,1.8566818237304688,-0.8474353551864624,0.21901945769786835,1.9088866710662842,-0.974664568901062,0.8290416598320007,1.7993470430374146,-0.7102062702178955,0.2426743060350418,1.8501555919647217,-0.8112467527389526,0.7304037809371948,1.7460052967071533,-0.03130815178155899,0.3734285235404968,1.7612773180007935,0.03764523193240166,0.7080327272415161,2.4862093925476074,-0.013386139646172523,0.3827299475669861,2.492912769317627,-0.006739684380590916,0.7122102975845337,3.1604769229888916,0.6549025774002075,0.4050210118293762,3.1553916931152344,0.4514133334159851,0.7199952602386475,3.272423505783081,0.6854091882705688,0.40316829085350037,3.266613483428955,0.4725559651851654,0.6643129587173462,3.38247013092041,0.05001707747578621,0.45885786414146423,3.3677384853363037,-0.22339510917663574,0.4178639447856602,2
2026-09-24T12:32:18.662484,S013,S013_A5_Y_20260924_1231,elevated_20,A5,young,class_2,0.5305768847465515,0.47886931896209717,-0.7997152805328369,0.5519852638244629,0.3998773694038391,-0.7503688931465149,0.5713183879852295,0.399422824382782,-0.7500723004341125,0.588333010673523,0.39928069710731506,-0.750039279460907,0.48952507972717285,0.40684637427330017,-0.7610310316085815,0.46497997641563416,0.4114440679550171,-0.7601909041404724,0.4434564709663391,0.41625815629959106,-0.7604901790618896,0.6086595058441162,0.4320639371871948,-0.4237309396266937,0.41550952196121216,0.45403528213500977,-0.45346707105636597,0.5696473717689514,0.560125470161438,-0.6746107935905457,0.4925868511199951,0.5643238425254822,-0.6826193332672119,0.7827760577201843,0.8483647108078003,-0.21632368862628937,0.2537541091442108,0.8709048628807068,-0.4058654308319092,0.8661940693855286,1.3085414171218872,-0.1715729534626007,0.15621206164360046,1.3245822191238403,-0.3752670884132385,0.8500469326972961,1.6891214847564697,-0.45620855689048767,0.19075052440166473,1.7078006267547607,-0.7401975393295288,0.8827677965164185,1.8114567995071411,-0.5598939657211304,0.16156263649463654,1.8386356830596924,-0.8663261532783508,0.8332698941230774,1.81367027759552,-0.6298523545265198,0.21823827922344208,1.8407357931137085,-0.9410409927368164,0.8081819415092468,1.7643725872039795,-0.5076816082000732,0.2424314320087433,1.7842636108398438,-0.7887125611305237,0.7021504044532776,1.7100554704666138,-0.018401237204670906,0.35532405972480774,1.7228906154632568,0.024056758731603622,0.6746330857276917,2.4322075843811035,0.018970100209116936,0.37003806233406067,2.4429068565368652,0.006387933157384396,0.6772547364234924,3.0969629287719727,0.6844103932380676,0.37530437111854553,3.0923051834106445,0.4777287542819977,0.6781798601150513,3.206780195236206,0.7169890999794006,0.36966344714164734,3.2010910511016846,0.5033509135246277,0.6519376039505005,3.2958884239196777,0.14024138450622559,0.425234854221344,3.280709743499756,-0.16538909077644348,0.41940650425071496,2
2026-09-24T12:32:18.895706,S013,S013_A5_Y_20260924_1231,elevated_20,A5,young,class_2,0.5202673673629761,0.4846327602863312,-0.813025951385498,0.540806770324707,0.40119031071662903,-0.7589561939239502,0.5586670637130737,0.40012815594673157,-0.7588970065116882,0.5763564109802246,0.39948770403862,-0.7590615749359131,0.48704805970191956,0.40894660353660583,-0.7705961465835571,0.46473702788352966,0.41334259510040283,-0.7696934938430786,0.44346919655799866,0.4176441729068756,-0.7699548006057739,0.5962052941322327,0.4339403212070465,-0.3940578103065491,0.4175812304019928,0.45476090908050537,-0.42860642075538635,0.5598303079605103,0.561555802822113,-0.6741140484809875,0.48848628997802734,0.5670742392539978,-0.6835400462150574,0.7629821300506592,0.8402313590049744,-0.15069711208343506,0.2657455801963806,0.857793390750885,-0.3602428734302521,0.8211897611618042,1.2711793184280396,-0.08054806292057037,0.19968897104263306,1.2676138877868652,-0.295307993888855,0.8319599032402039,1.6473363637924194,-0.3817726969718933,0.22185559570789337,1.634640097618103,-0.6372519135475159,0.8679322004318237,1.7623770236968994,-0.4829045236110687,0.18635329604148865,1.754244327545166,-0.7620558738708496,0.8250460624694824,1.7708452939987183,-0.5706873536109924,0.23854759335517883,1.764604926109314,-0.8388120532035828,0.7990898489952087,1.7261139154434204,-0.4405706822872162,0.2623637020587921,1.7144955396652222,-0.6850652694702148,0.6823866963386536,1.6620662212371826,-0.016291825100779533,0.35669416189193726,1.6711840629577637,0.021419916301965714,0.6551841497421265,2.3693835735321045,-0.01148152258247137,0.3681477904319763,2.3668205738067627,-0.0226230937987566,0.6605626344680786,3.0224292278289795,0.579778254032135,0.3749590218067169,3.0092122554779053,0.35977187752723694,0.661993145942688,3.124464988708496,0.6077080368995667,0.3710973262786865,3.1104207038879395,0.3802982568740845,0.6388117671012878,3.2136423587799072,0.046666018664836884,0.4225345253944397,3.1895105838775635,-0.26976802945137024,0.42161810464577604,2
2026-09-24T12:32:19.043650,S013,S013_A5_Y_20260924_1231,elevated_20,A5,young,class_2,0.5318971872329712,0.5308104753494263,-0.8277004957199097,0.5559688806533813,0.4470207393169403,-0.778080940246582,0.5723236203193665,0.4460858106613159,-0.7781697511672974,0.5911129713058472,0.4459623694419861,-0.779378354549408,0.4983421266078949,0.44803956151008606,-0.823015034198761,0.47589311003685,0.4490835964679718,-0.823032557964325,0.45546039938926697,0.45034071803092957,-0.8233076930046082,0.6137024760246277,0.47209882736206055,-0.4915998876094818,0.42494648694992065,0.47465354204177856,-0.5405811071395874,0.5656529664993286,0.6065686345100403,-0.7074772119522095,0.4947017729282379,0.6097381711006165,-0.7423022985458374,0.7686868906021118,0.8554781079292297,-0.24223296344280243,0.2674533724784851,0.8573980331420898,-0.37649232149124146,0.8475643396377563,1.2771930694580078,-0.19361069798469543,0.20246148109436035,1.2956424951553345,-0.32891255617141724,0.8357442617416382,1.6483038663864136,-0.5438665151596069,0.22259283065795898,1.6602596044540405,-0.7053407430648804,0.8654065132141113,1.764175295829773,-0.6588238477706909,0.19045132398605347,1.784968614578247,-0.8339353799819946,0.8214684724807739,1.7641762495040894,-0.7379442453384399,0.23871532082557678,1.7834948301315308,-0.92817622423172,0.7978536486625671,1.7169654369354248,-0.6003091335296631,0.26222655177116394,1.7321484088897705,-0.759933590888977,0.6868258118629456,1.6785829067230225,-0.01817120611667633,0.3576034605503082,1.6866209506988525,0.02336699143052101,0.6570428609848022,2.395153760910034,-0.04381140321493149,0.3583778738975525,2.3938775062561035,-0.039797522127628326,0.6539614796638489,3.0556633472442627,0.554531991481781,0.36967533826828003,3.041158437728882,0.34227126836776733,0.6577927470207214,3.1615865230560303,0.5792814493179321,0.3681226670742035,3.144028425216675,0.3572884202003479,0.6139768958091736,3.2568039894104004,-0.056963276118040085,0.41550764441490173,3.2332603931427,-0.3553140461444855,0.42106934976993327,2
2026-09-24T12:32:19.160303,S013,S013_A5_Y_20260924_1231,elevated_20,A5,young,class_2,0.5319190621376038,0.5876791477203369,-1.5293749570846558,0.5636759996414185,0.49001774191856384,-1.496848225593567,0.5842596888542175,0.489221453666687,-1.4967260360717773,0.606484591960907,0.48982611298561096,-1.4969114065170288,0.49818912148475647,0.489827036857605,-1.4954907894134521,0.4756029546260834,0.48948433995246887,-1.4948666095733643,0.45521825551986694,0.49062681198120117,-1.4952757358551025,0.6447045207023621,0.504299521446228,-1.0505740642547607,0.4277213215827942,0.4992747902870178,-1.0172648429870605,0.5687560439109802,0.6674290895462036,-1.3380922079086304,0.4948330521583557,0.6687291860580444,-1.3300864696502686,0.8135207295417786,0.8668104410171509,-0.611666738986969,0.268817275762558,0.8570961356163025,-0.6593998074531555,0.8511720895767212,1.337022304534912,-0.46910205483436584,0.19695980846881866,1.3112945556640625,-0.4851662218570709,0.8412802815437317,1.678131341934204,-0.787817120552063,0.22295038402080536,1.6740412712097168,-0.942608654499054,0.8658571243286133,1.7986441850662231,-0.8992074728012085,0.19961251318454742,1.7989648580551147,-1.097182035446167,0.8191866874694824,1.7825473546981812,-0.989176869392395,0.24627526104450226,1.7943459749221802,-1.1834014654159546,0.7983298301696777,1.730473279953003,-0.8451048135757446,0.26700350642204285,1.7422845363616943,-0.996661365032196,0.6889663934707642,1.6822553873062134,-0.021713821217417717,0.3579047918319702,1.6961015462875366,0.027319204062223434,0.6639770269393921,2.3993072509765625,-0.08193275332450867,0.35741785168647766,2.4077093601226807,-0.190587118268013,0.6608422994613647,3.0623459815979004,0.5206795930862427,0.37004348635673523,3.0591816902160645,0.1793023943901062,0.6665704250335693,3.1722311973571777,0.5418187379837036,0.37047475576400757,3.1641995906829834,0.1904332935810089,0.601731538772583,3.285430669784546,-0.1798359751701355,0.41666731238365173,3.240309476852417,-0.6146825551986694,0.4204323571102302,2
2026-09-24T12:32:19.302552,S013,S013_A5_Y_20260924_1231,elevated_20,A5,young,class_2,0.42575496435165405,0.6483972668647766,-1.5155224800109863,0.4832266867160797,0.5422371625900269,-1.5779938697814941,0.5164228677749634,0.5437716841697693,-1.5779223442077637,0.5527807474136353,0.5468022227287292,-1.5780632495880127,0.41514652967453003,0.5346104502677917,-1.4893333911895752,0.39643386006355286,0.5298362374305725,-1.4890451431274414,0.37843820452690125,0.5251988172531128,-1.4894829988479614,0.6439365148544312,0.5684769153594971,-1.4595816135406494,0.4111795425415039,0.5272986888885498,-1.0253801345825195,0.4807063937187195,0.745042085647583,-1.4261071681976318,0.4087063670158386,0.7330394983291626,-1.3066543340682983,0.8373011350631714,0.9092065691947937,-1.109499216079712,0.26921242475509644,0.8581774234771729,-0.6366156339645386,0.956951916217804,1.385998249053955,-1.0829505920410156,0.19362381100654602,1.3189213275909424,0.003192347241565585,0.8677341341972351,1.6814510822296143,-1.184389591217041,0.16428664326667786,1.67735755443573,-0.11576275527477264,0.8686053156852722,1.7998384237289429,-1.2339322566986084,0.13708895444869995,1.8038122653961182,-0.13472676277160645,0.8217108845710754,1.7816922664642334,-1.2542651891708374,0.158634215593338,1.796877145767212,-0.20480410754680634,0.8096388578414917,1.7281907796859741,-1.1920636892318726,0.18404620885849,1.7452874183654785,-0.15595956146717072,0.7027994990348816,1.7966961860656738,-0.15029855072498322,0.3583657145500183,1.7494819164276123,0.1563517302274704,0.6675170660018921,2.4370296001434326,-0.21358320116996765,0.35398027300834656,2.413905382156372,0.09704147279262543,0.6660054326057434,3.07936954498291,0.48678940534591675,0.3617982566356659,3.0686450004577637,0.5391522645950317,0.673582136631012,3.2100179195404053,0.5214451551437378,0.3667628765106201,3.174860715866089,0.5614839196205139,0.6000019311904907,3.316296100616455,-0.12340077012777328,0.3876548409461975,3.2770936489105225,-0.04918830096721649,0.4189345780873599,2
2026-09-24T12:32:19.445161,S013,S013_A5_Y_20260924_1231,elevated_20,A5,young,class_2,0.30659034848213196,0.6433987021446228,-2.0055041313171387,0.3807779550552368,0.5419761538505554,-2.0781819820404053,0.4087498188018799,0.5500882267951965,-2.077815532684326,0.437950074672699,0.5600887537002563,-2.0783298015594482,0.3285265564918518,0.5275513529777527,-2.0006966590881348,0.31818491220474243,0.5229645371437073,-2.001052141189575,0.30817368626594543,0.5188856720924377,-2.0011343955993652,0.5795459747314453,0.6029081344604492,-1.9752492904663086,0.39253395795822144,0.5538768172264099,-1.6159547567367554,0.381310373544693,0.7648707032203674,-1.9148458242416382,0.3081672787666321,0.7407615780830383,-1.8130534887313843,0.8439151644706726,0.9074355959892273,-1.5519931316375732,0.2698553204536438,0.8703917860984802,-1.126039743423462,0.9845706820487976,1.2642830610275269,-1.690747857093811,0.19154156744480133,1.2638046741485596,-0.19239038228988647,0.8167699575424194,1.0502934455871582,-1.8050237894058228,0.18146327137947083,1.1497156620025635,0.33118873834609985,0.7708902359008789,1.0111080408096313,-1.8402340412139893,0.19189704954624176,1.1170897483825684,0.40184497833251953,0.7540729641914368,0.9415679574012756,-1.8126939535140991,0.1652052104473114,1.070142388343811,0.42369967699050903,0.7582769393920898,0.9541853070259094,-1.7900450229644775,0.19510209560394287,1.0831773281097412,0.35133370757102966,0.7030141353607178,1.8108946084976196,-0.1428755670785904,0.39662426710128784,1.7489662170410156,0.1478758454322815,0.6548323631286621,1.761965036392212,0.07245589792728424,0.33462512493133545,1.7298176288604736,0.24135617911815643,0.6698392033576965,2.1094443798065186,1.0300893783569336,0.4931916296482086,1.9944287538528442,1.1828124523162842,0.6778367757797241,2.1959118843078613,1.1130878925323486,0.5292444825172424,2.021482229232788,1.2755465507507324,0.6062972545623779,2.16123628616333,0.8050063252449036,0.5143709778785706,2.1083106994628906,1.0214112997055054,0.42251632306733605,2
2026-09-24T12:32:19.574986,S013,S013_A5_Y_20260924_1231,elevated_20,A5,young,class_2,0.2961142659187317,0.6250985264778137,-1.912541389465332,0.3688339293003082,0.5261285305023193,-1.9877898693084717,0.39865732192993164,0.5302098989486694,-1.9874404668807983,0.42926138639450073,0.5360273122787476,-1.987831711769104,0.31275373697280884,0.5176118016242981,-1.9001100063323975,0.3010401725769043,0.5145249962806702,-1.9005463123321533,0.29017677903175354,0.5119072198867798,-1.9007718563079834,0.5763281583786011,0.5801199078559875,-1.8942193984985352,0.3737463355064392,0.5456127524375916,-1.4809471368789673,0.3765977621078491,0.7434108853340149,-1.8290259838104248,0.3041006922721863,0.7300800085067749,-1.7119457721710205,0.8494668006896973,0.9027330279350281,-1.486127257347107,0.2697293758392334,0.8941652774810791,-1.0070726871490479,1.0065274238586426,1.2364145517349243,-2.066392183303833,0.19589829444885254,1.2711658477783203,-0.42641395330429077,0.8028036952018738,0.9806535840034485,-2.6477465629577637,0.23267781734466553,1.1258059740066528,-0.2353266030550003,0.7493694424629211,0.9271765351295471,-2.753981351852417,0.25698184967041016,1.0938688516616821,-0.2377018928527832,0.7328786849975586,0.8530998229980469,-2.6537182331085205,0.23466674983501434,1.0395861864089966,-0.2099495232105255,0.7368815541267395,0.8795166611671448,-2.6175694465637207,0.24400973320007324,1.0529119968414307,-0.23250839114189148,0.7328160405158997,1.809917688369751,-0.13539758324623108,0.4077785909175873,1.777400255203247,0.14046277105808258,0.7091445326805115,2.0333704948425293,0.0628420040011406,0.33867669105529785,2.058581590652466,0.1968824565410614,0.7301745414733887,2.55780291557312,1.0365450382232666,0.507092297077179,2.4949254989624023,1.0025618076324463,0.7435439825057983,2.659914255142212,1.1174750328063965,0.546599805355072,2.550839424133301,1.0756973028182983,0.6700354814529419,2.7131245136260986,0.6682897806167603,0.5322822332382202,2.6817846298217773,0.6304145455360413,0.4262186989182021,2
2026-09-24T12:32:19.694457,S013,S013_A5_Y_20260924_1231,elevated_20,A5,young,class_2,0.3078705966472626,0.6077088117599487,-1.6662687063217163,0.3677113652229309,0.5204885601997375,-1.6769847869873047,0.3934110105037689,0.5265941023826599,-1.6768500804901123,0.41979676485061646,0.5350506901741028,-1.6771646738052368,0.3181752562522888,0.5105782151222229,-1.6292728185653687,0.30839961767196655,0.5069774985313416,-1.62884521484375,0.29947429895401,0.5036755204200745,-1.6289751529693604,0.5654348731040955,0.5643808841705322,-1.5974681377410889,0.3754497170448303,0.5410401225090027,-1.2365508079528809,0.38413336873054504,0.7337045073509216,-1.5326049327850342,0.32248637080192566,0.7275546789169312,-1.524664044380188,0.860571026802063,0.9005950093269348,-1.2780179977416992,0.2855464220046997,0.8969061970710754,-0.6851836442947388,1.029737949371338,1.2485740184783936,-1.805119514465332,0.20241224765777588,1.2828712463378906,-0.3151037096977234,0.8059264421463013,1.0875351428985596,-2.1704230308532715,0.2680723965167999,1.1853735446929932,-0.3422342538833618,0.7527250051498413,1.0606968402862549,-2.2534985542297363,0.2911495864391327,1.1715185642242432,-0.34951144456863403,0.7318419814109802,0.9809468984603882,-2.1397786140441895,0.2606162428855896,0.9888157248497009,-0.3017270267009735,0.7381346225738525,0.9982727766036987,-2.128188133239746,0.2738617956638336,0.9694738388061523,-0.33643263578414917,0.7654414176940918,1.8523993492126465,-0.18577459454536438,0.4145745635032654,1.8349432945251465,0.19079101085662842,0.7555063366889954,2.4532811641693115,0.05718793347477913,0.4217618405818939,2.408466339111328,0.3557223677635193,0.7644491195678711,3.1116461753845215,0.9977162480354309,0.48808377981185913,3.063418388366699,1.082065463066101,0.7793282270431519,3.227078914642334,1.0637671947479248,0.5112545490264893,3.16610050201416,1.1436101198196411,0.7047425508499146,3.3303627967834473,0.4619605541229248,0.5149940252304077,3.3136186599731445,0.5369130373001099,0.42651616264386877,2
2026-09-24T12:32:19.818180,S013,S013_A5_Y_20260924_1231,elevated_20,A5,young,class_2,0.33433014154434204,0.6027978658676147,-0.8757549524307251,0.38811153173446655,0.5130072832107544,-0.9429117441177368,0.4120667576789856,0.5185948014259338,-0.9431125521659851,0.43897876143455505,0.5262823700904846,-0.9433736801147461,0.3384483754634857,0.505090594291687,-0.8332961201667786,0.32714876532554626,0.5024145245552063,-0.8324604034423828,0.31686192750930786,0.5000538229942322,-0.833010196685791,0.5693486928939819,0.5553853511810303,-0.9552305340766907,0.3768526613712311,0.5378501415252686,-0.40999835729599,0.4067445695400238,0.7205561995506287,-0.8442694544792175,0.34315329790115356,0.7149133682250977,-0.6939693689346313,0.8780633211135864,0.9128350615501404,-0.7902261018753052,0.28828153014183044,0.8956843018531799,-0.1231783851981163,1.0228148698806763,1.4069560766220093,-0.8386628031730652,0.2006244957447052,1.3622199296951294,0.3091568350791931,0.8811742067337036,1.656512975692749,-0.9302985072135925,0.2138480842113495,1.6311891078948975,0.0559859573841095,0.8755789995193481,1.7683796882629395,-1.0048911571502686,0.19929616153240204,1.747413158416748,0.005142795853316784,0.8203111886978149,1.7250155210494995,-1.0026627779006958,0.20754759013652802,1.7100608348846436,-0.0582256019115448,0.8129183650016785,1.6748188734054565,-0.9363929033279419,0.22854068875312805,1.6618760824203491,0.006664636544883251,0.7705995440483093,1.8732917308807373,-0.17501872777938843,0.4122980237007141,1.8552429676055908,0.18139135837554932,0.7480827569961548,2.62445330619812,-0.10423855483531952,0.41072630882263184,2.5915184020996094,0.31353768706321716,0.7553198337554932,3.3094022274017334,0.6546735167503357,0.45126891136169434,3.2817556858062744,0.9045401811599731,0.7734841108322144,3.4339189529418945,0.6990512609481812,0.4614070951938629,3.3997960090637207,0.9882944226264954,0.6971797347068787,3.5395092964172363,0.046095140278339386,0.47842541337013245,3.5343313217163086,0.38063767552375793,0.4232406559365865,2
2026-09-24T12:32:19.947819,S013,S013_A5_Y_20260924_1231,elevated_20,A5,young,class_2,0.4269445538520813,0.6355211734771729,-1.727398157119751,0.48704829812049866,0.5171629190444946,-1.759729027748108,0.5261193513870239,0.5189194679260254,-1.759835958480835,0.5606021881103516,0.5229885578155518,-1.7599971294403076,0.39709287881851196,0.5167471170425415,-1.6831629276275635,0.3777849078178406,0.5148195624351501,-1.6831029653549194,0.35883668065071106,0.5133265852928162,-1.6834080219268799,0.6432207226753235,0.5504323840141296,-1.4991514682769775,0.3842354714870453,0.5342085957527161,-1.1295660734176636,0.5117006897926331,0.7349206805229187,-1.5882911682128906,0.40996289253234863,0.7324332594871521,-1.4838440418243408,0.8859297633171082,0.9250003099441528,-1.1085342168807983,0.2960026264190674,0.8954151272773743,-0.42994755506515503,1.0172265768051147,1.4080687761306763,-1.0932601690292358,0.207180455327034,1.3595736026763916,0.07453345507383347,0.9167143106460571,1.705172061920166,-1.3768826723098755,0.20475521683692932,1.6533548831939697,-0.5674593448638916,0.92155522108078,1.8236550092697144,-1.4757006168365479,0.18422262370586395,1.7742996215820312,-0.6687196493148804,0.8688327670097351,1.7838889360427856,-1.531509518623352,0.19913367927074432,1.7481647729873657,-0.7503789067268372,0.8547235727310181,1.7269073724746704,-1.4043670892715454,0.22296619415283203,1.6995047330856323,-0.6256975531578064,0.7743334770202637,1.8605445623397827,-0.15808889269828796,0.4122881293296814,1.8380790948867798,0.1642097681760788,0.7539904117584229,2.5199878215789795,-0.2888529300689697,0.40937456488609314,2.571910858154297,-0.2928946316242218,0.7566892504692078,3.1635665893554688,0.5051451921463013,0.44896000623703003,3.1292762756347656,0.31510379910469055,0.7695984244346619,3.281569242477417,0.547291100025177,0.46304255723953247,3.2349050045013428,0.35078564286231995,0.6937066316604614,3.37910532951355,-0.09037896990776062,0.4767846167087555,3.369248867034912,-0.2962641417980194,0.4220070771985003,2
2026-09-24T12:32:20.068414,S013,S013_A5_Y_20260924_1231,elevated_20,A5,young,class_2,0.5668458342552185,0.6279136538505554,-2.7281503677368164,0.6027848720550537,0.5126855969429016,-2.6473336219787598,0.6298905611038208,0.5137477517127991,-2.647885799407959,0.6555362939834595,0.5191192626953125,-2.6483988761901855,0.518181562423706,0.5143073797225952,-2.6550257205963135,0.4897700250148773,0.5132893323898315,-2.6556901931762695,0.4630485475063324,0.5130674839019775,-2.656378746032715,0.702832043170929,0.5339065194129944,-1.9255363941192627,0.4279158115386963,0.5317195653915405,-1.9501127004623413,0.6141416430473328,0.7264760136604309,-2.4328114986419678,0.5223013758659363,0.7238280177116394,-2.44348406791687,0.8845287561416626,0.9203227758407593,-1.3041374683380127,0.29442399740219116,0.8971792459487915,-1.2498887777328491,1.0186823606491089,1.3921926021575928,-1.7445236444473267,0.20655369758605957,1.4064791202545166,-1.278612732887268,0.9050868153572083,1.402125597000122,-2.7513067722320557,0.2348332703113556,1.7061594724655151,-2.110146999359131,0.8985255360603333,1.4125109910964966,-2.976897716522217,0.23276403546333313,1.8242374658584595,-2.3080251216888428,0.8594032526016235,1.156805396080017,-2.961946725845337,0.25873690843582153,1.7688349485397339,-2.3764843940734863,0.8442919850349426,1.075888991355896,-2.774305820465088,0.27233368158340454,1.7206223011016846,-2.1621837615966797,0.7804887294769287,1.8460346460342407,-0.12864148616790771,0.4191506803035736,1.8296220302581787,0.13410742580890656,0.7702530026435852,2.449213743209839,-0.6282792091369629,0.4036601185798645,2.474656820297241,-0.8378033638000488,0.7798877954483032,3.1161177158355713,0.3407624363899231,0.48235374689102173,3.0774500370025635,-0.023730052635073662,0.7878104448318481,3.2317306995391846,0.38550812005996704,0.4955900311470032,3.179365873336792,0.022795580327510834,0.7378107309341431,3.3220841884613037,-0.42415791749954224,0.5292374491691589,3.31374454498291,-0.8278153538703918,0.42326503481705335,2
2026-09-24T12:32:20.195108,S013,S013_A5_Y_20260924_1231,elevated_20,A5,young,class_2,0.591018795967102,0.6058095693588257,-2.3223910331726074,0.6208716630935669,0.4923596978187561,-2.2389719486236572,0.6438859701156616,0.4897591471672058,-2.2394585609436035,0.6661991477012634,0.48911312222480774,-2.2397003173828125,0.5394987463951111,0.49644193053245544,-2.2558324337005615,0.5109126567840576,0.4955569803714752,-2.2563276290893555,0.48448166251182556,0.4969140887260437,-2.257084846496582,0.7007728815078735,0.5047988295555115,-1.5946086645126343,0.4451252818107605,0.5208414196968079,-1.6352903842926025,0.6314182877540588,0.6982879042625427,-2.0516762733459473,0.5451335310935974,0.7046608328819275,-2.0740861892700195,0.8803625106811523,0.917750895023346,-1.2029119729995728,0.29089659452438354,0.8963795900344849,-1.0825098752975464,1.0129292011260986,1.3815747499465942,-1.351830244064331,0.2044421136379242,1.4100381135940552,-1.1164454221725464,0.9105636477470398,1.5118972063064575,-1.9757112264633179,0.26549360156059265,1.6627804040908813,-1.9394277334213257,0.9040404558181763,1.5827326774597168,-2.1527061462402344,0.28316253423690796,1.768470048904419,-2.1481266021728516,0.8730877637863159,1.4820692539215088,-2.1999571323394775,0.30562910437583923,1.710410237312317,-2.2046825885772705,0.859204113483429,1.434177279472351,-2.0170583724975586,0.30864769220352173,1.6670750379562378,-1.9879640340805054,0.7763027548789978,1.842751145362854,-0.06344925612211227,0.4155835211277008,1.823544979095459,0.06877566874027252,0.7617894411087036,2.525902509689331,-0.3739440441131592,0.40320467948913574,2.497485399246216,-0.43884745240211487,0.7751244306564331,3.1889071464538574,0.6567571759223938,0.4714370667934418,3.168113946914673,0.27306854724884033,0.7776272296905518,3.303046703338623,0.7065665125846863,0.4668407440185547,3.2789573669433594,0.3119969964027405,0.7257624864578247,3.413942813873291,-0.16585217416286469,0.5213317275047302,3.4021313190460205,-0.5415704250335693,0.4223703604092765,2
2026-09-24T12:32:20.490035,S013,S013_A5_Y_20260924_1231,elevated_20,A5,young,class_2,0.5844310522079468,0.5805965662002563,-2.123225212097168,0.6132615804672241,0.46875491738319397,-2.0344767570495605,0.6344581246376038,0.4647391140460968,-2.034965753555298,0.6555701494216919,0.4618561863899231,-2.035158395767212,0.5345922708511353,0.47594165802001953,-2.044612407684326,0.5058000087738037,0.47629693150520325,-2.045105457305908,0.4803944230079651,0.4786103367805481,-2.0457491874694824,0.6896454095840454,0.4840753972530365,-1.3927948474884033,0.44516927003860474,0.5065657496452332,-1.4136862754821777,0.6270588636398315,0.6672731637954712,-1.857879638671875,0.5421671867370605,0.6746551990509033,-1.8706066608428955,0.8762930631637573,0.9055255651473999,-0.9049216508865356,0.2788200378417969,0.8958024978637695,-0.9164433479309082,1.0112940073013306,1.3262048959732056,-1.3950209617614746,0.20180661976337433,1.4025436639785767,-1.3044813871383667,0.9022195935249329,1.2667399644851685,-2.407059907913208,0.3312007188796997,1.332990050315857,-2.374527931213379,0.8744854927062988,1.2681695222854614,-2.606208324432373,0.38128823041915894,1.328879952430725,-2.5936062335968018,0.8432952165603638,1.014077067375183,-2.5786871910095215,0.38406258821487427,1.2532203197479248,-2.5574350357055664,0.8345628976821899,0.9987430572509766,-2.4233436584472656,0.37902936339378357,1.2560747861862183,-2.391754150390625,0.7744327783584595,1.8377540111541748,-0.0635681003332138,0.41380828619003296,1.8199563026428223,0.0690818801522255,0.7567332983016968,2.439526319503784,-0.3616395592689514,0.40077871084213257,2.496229410171509,-0.4661504626274109,0.7714865803718567,3.184565544128418,0.6024525761604309,0.4794750213623047,3.128317356109619,0.2757318615913391,0.7752082943916321,3.2812201976776123,0.6502853035926819,0.4789125919342041,3.2422854900360107,0.3168632984161377,0.744478702545166,3.3954365253448486,-0.13452698290348053,0.550191342830658,3.3563172817230225,-0.49516162276268005,0.4237514423148241,2
2026-09-24T12:32:20.673803,S013,S013_A5_Y_20260924_1231,elevated_20,A5,young,class_2,0.5586006045341492,0.5567119717597961,-2.000490427017212,0.5905429124832153,0.4467906951904297,-1.928991675376892,0.613883376121521,0.4430028796195984,-1.92935049533844,0.6353772878646851,0.4403151869773865,-1.9295459985733032,0.5137438774108887,0.4532294273376465,-1.924168348312378,0.4878939688205719,0.4541530907154083,-1.9244682788848877,0.46493053436279297,0.4563755989074707,-1.9250930547714233,0.6850010752677917,0.46306082606315613,-1.2703760862350464,0.43374794721603394,0.49033892154693604,-1.3532065153121948,0.6074890494346619,0.638459324836731,-1.7598111629486084,0.5195480585098267,0.6441961526870728,-1.7503904104232788,0.8649425506591797,0.9018563032150269,-0.8349211812019348,0.2501450181007385,0.8953620791435242,-0.8948357701301575,0.994428277015686,1.3265787363052368,-1.5304896831512451,0.19909121096134186,1.4005095958709717,-1.4579291343688965,0.8103038668632507,1.1287909746170044,-2.4471700191497803,0.3730173707008362,1.167764663696289,-2.561551570892334,0.760280191898346,1.0805026292800903,-2.6137168407440186,0.43452244997024536,1.1142730712890625,-2.7793726921081543,0.7576700448989868,0.9895089268684387,-2.535264492034912,0.42937809228897095,1.044291615486145,-2.67118239402771,0.7593927383422852,1.0091630220413208,-2.4396328926086426,0.4242703914642334,1.0683422088623047,-2.5508084297180176,0.7687720060348511,1.8338065147399902,-0.06429246813058853,0.40333834290504456,1.8194230794906616,0.06970056891441345,0.7392836213111877,2.488673448562622,-0.33412933349609375,0.3976283371448517,2.473224401473999,-0.42621126770973206,0.7596396803855896,3.178440570831299,0.5400820970535278,0.45876121520996094,3.1423826217651367,0.20131425559520721,0.7636443376541138,3.2828056812286377,0.5779041051864624,0.46163249015808105,3.249796152114868,0.23165078461170197,0.7243801355361938,3.4060051441192627,-0.21561960875988007,0.5126227736473083,3.377548933029175,-0.5866729021072388,0.42718076754527196,2
2026-09-24T12:32:20.884419,S013,S013_A5_Y_20260924_1231,elevated_20,A5,young,class_2,0.538814902305603,0.5465733408927917,-1.9792064428329468,0.5639819502830505,0.4408869743347168,-1.8697071075439453,0.5901694893836975,0.43770864605903625,-1.8702051639556885,0.6146640777587891,0.435385137796402,-1.87005615234375,0.48810529708862305,0.44470691680908203,-1.8859217166900635,0.46352916955947876,0.44487228989601135,-1.8858169317245483,0.4404892921447754,0.44629424810409546,-1.887070655822754,0.6447648406028748,0.4584921598434448,-1.2591527700424194,0.40677696466445923,0.47823774814605713,-1.2686911821365356,0.5887491703033447,0.6283471584320068,-1.6973724365234375,0.4953964352607727,0.6330878138542175,-1.7134878635406494,0.8377410173416138,0.9001753330230713,-0.7640789151191711,0.22659137845039368,0.8936906456947327,-0.7973912954330444,0.9440799951553345,1.327094316482544,-0.7211476564407349,0.16837820410728455,1.4063447713851929,-0.6070374846458435,0.8188484907150269,1.5598475933074951,-1.3008077144622803,0.23676416277885437,1.7454675436019897,-1.2292827367782593,0.7898005247116089,1.6688662767410278,-1.4630264043807983,0.23904481530189514,1.8906495571136475,-1.4389369487762451,0.7688187956809998,1.635184645652771,-1.5604571104049683,0.28018343448638916,1.8536738157272339,-1.5604640245437622,0.7615178823471069,1.587314486503601,-1.3641201257705688,0.2970461845397949,1.794057011604309,-1.2964355945587158,0.7423993945121765,1.8185150623321533,-0.0647525042295456,0.3769437372684479,1.8049629926681519,0.07058002799749374,0.7086794972419739,2.510864019393921,-0.31406456232070923,0.3805459439754486,2.476768732070923,-0.3728569447994232,0.7209576368331909,3.194046974182129,0.45845818519592285,0.40684860944747925,3.1682498455047607,0.15483012795448303,0.7278276681900024,3.306185722351074,0.4853011667728424,0.40764862298965454,3.282705783843994,0.1720537692308426,0.6702061891555786,3.4206950664520264,-0.3270714282989502,0.4598137438297272,3.3962714672088623,-0.6854029893875122,0.4262233726864603,2
2026-09-24T12:32:21.032938,S013,S013_A5_Y_20260924_1231,elevated_20,A5,young,class_2,0.4953848421573639,0.5401783585548401,-2.027651309967041,0.521013617515564,0.4348829984664917,-1.9493780136108398,0.5526078939437866,0.4310973286628723,-1.9497568607330322,0.5805479884147644,0.42775818705558777,-1.9497978687286377,0.4464874863624573,0.44107431173324585,-1.9427859783172607,0.42166194319725037,0.4422534704208374,-1.9428198337554932,0.3964586555957794,0.44465550780296326,-1.9436132907867432,0.6169232726097107,0.45110103487968445,-1.2927803993225098,0.37119609117507935,0.47592300176620483,-1.2757411003112793,0.5543129444122314,0.6208536624908447,-1.7716766595840454,0.4624032974243164,0.6291074752807617,-1.7598310708999634,0.8292466402053833,0.8878802061080933,-0.8071883916854858,0.20960566401481628,0.8934224843978882,-0.8004663586616516,0.9465678930282593,1.3165078163146973,-0.9281333684921265,0.1617390215396881,1.4072915315628052,-0.8049768209457397,0.7993263006210327,1.409079909324646,-1.976504921913147,0.24007399380207062,1.7296830415725708,-1.666367769241333,0.7661231756210327,1.462081789970398,-2.1849799156188965,0.24456723034381866,1.8635084629058838,-1.8938308954238892,0.7432251572608948,1.4228532314300537,-2.1969399452209473,0.2884363830089569,1.809486985206604,-1.9464235305786133,0.7391511797904968,1.4106718301773071,-2.0114128589630127,0.3019076883792877,1.7546257972717285,-1.7151120901107788,0.7363728880882263,1.8018723726272583,-0.06826377660036087,0.36512404680252075,1.7936036586761475,0.07407451421022415,0.7084850668907166,2.525110960006714,-0.309641033411026,0.3806040287017822,2.481431007385254,-0.4235745072364807,0.7201684713363647,3.1964974403381348,0.4827602505683899,0.4057397246360779,3.172447919845581,0.11660955101251602,0.7276898622512817,3.3097596168518066,0.5124043226242065,0.40814560651779175,3.2907280921936035,0.13604362308979034,0.6635384559631348,3.427377462387085,-0.30572426319122314,0.46106410026550293,3.3979909420013428,-0.7281386256217957,0.42636771397629863,2
2026-09-24T12:32:21.168646,S013,S013_A5_Y_20260924_1231,elevated_20,A5,young,class_2,0.46084585785865784,0.5425045490264893,-1.7441364526748657,0.4886844754219055,0.43705007433891296,-1.7008777856826782,0.519993782043457,0.4334106743335724,-1.7011728286743164,0.5496476888656616,0.4301474392414093,-1.7012271881103516,0.41902947425842285,0.44220873713493347,-1.6775386333465576,0.39629659056663513,0.4429141879081726,-1.6771948337554932,0.3734942674636841,0.4450545907020569,-1.6779100894927979,0.5963200330734253,0.4534970223903656,-1.1995600461959839,0.35898488759994507,0.4768184423446655,-1.079875111579895,0.5159300565719604,0.6237506866455078,-1.5372614860534668,0.4349876940250397,0.6318840384483337,-1.501826524734497,0.8117601275444031,0.878473162651062,-0.722091794013977,0.21159596741199493,0.8866462111473083,-0.654387891292572,0.9033527374267578,1.3173425197601318,-0.7129455804824829,0.1603085994720459,1.40586256980896,-0.5632009506225586,0.8089192509651184,1.5977585315704346,-1.2171794176101685,0.21430130302906036,1.7410852909088135,-1.240214467048645,0.7802510261535645,1.7129113674163818,-1.363468885421753,0.20491807162761688,1.8770129680633545,-1.4377192258834839,0.7537790536880493,1.687450885772705,-1.456081509590149,0.25352826714515686,1.8437309265136719,-1.5279027223587036,0.7506559491157532,1.638468861579895,-1.2764191627502441,0.2727190852165222,1.786571741104126,-1.3025556802749634,0.7148729562759399,1.7782667875289917,-0.0651383176445961,0.35328197479248047,1.7746845483779907,0.07126974314451218,0.6926921606063843,2.5170929431915283,-0.29992955923080444,0.3677562475204468,2.4779112339019775,-0.37497615814208984,0.7011460661888123,3.1935160160064697,0.34924787282943726,0.3872889578342438,3.176508665084839,0.012659008614718914,0.7106640934944153,3.3075320720672607,0.366245299577713,0.39147016406059265,3.297165870666504,0.01915713958442211,0.6363265514373779,3.4221739768981934,-0.4151352047920227,0.43897008895874023,3.392498016357422,-0.802337646484375,0.42467454512458946,2
2026-09-24T12:32:21.309130,S013,S013_A5_Y_20260924_1231,elevated_20,A5,young,class_2,0.44280165433883667,0.5428335666656494,-1.5319509506225586,0.4708644449710846,0.4378489553928375,-1.5001327991485596,0.5004642009735107,0.43384304642677307,-1.5002546310424805,0.5299994945526123,0.43040037155151367,-1.500330924987793,0.4054323136806488,0.443795770406723,-1.4725693464279175,0.3837874233722687,0.4444318413734436,-1.4720332622528076,0.36277759075164795,0.44623321294784546,-1.472731590270996,0.5830696821212769,0.45254623889923096,-1.063722848892212,0.356291800737381,0.47696441411972046,-0.9170340299606323,0.4977368712425232,0.6209570169448853,-1.3489251136779785,0.42240267992019653,0.6314041018486023,-1.3068044185638428,0.8087948560714722,0.8654748797416687,-0.6244681477546692,0.21671505272388458,0.8767755031585693,-0.5819184184074402,0.8941947221755981,1.3206372261047363,-0.5659584403038025,0.15608710050582886,1.3909070491790771,-0.4986828863620758,0.8140069246292114,1.6428260803222656,-0.966262936592102,0.21373555064201355,1.719743013381958,-1.097766637802124,0.7907847166061401,1.7650375366210938,-1.0949242115020752,0.20598439872264862,1.853288173675537,-1.2758691310882568,0.7618992924690247,1.7418935298919678,-1.1807869672775269,0.25567376613616943,1.8274883031845093,-1.3496053218841553,0.7570556402206421,1.686332106590271,-1.0208336114883423,0.2732672095298767,1.7707651853561401,-1.1512887477874756,0.704301655292511,1.7599761486053467,-0.06315409392118454,0.3485661745071411,1.7571179866790771,0.06931855529546738,0.6781934499740601,2.5078978538513184,-0.16222122311592102,0.35113298892974854,2.4732272624969482,-0.19768574833869934,0.681094765663147,3.1830835342407227,0.42792096734046936,0.37040606141090393,3.166200876235962,0.10362287610769272,0.6922295093536377,3.296328544616699,0.4608994126319885,0.376000314950943,3.2827882766723633,0.1431432068347931,0.6111623644828796,3.411210060119629,-0.2982126474380493,0.4161756634712219,3.3830864429473877,-0.6507330536842346,0.4231400723519707,2
2026-09-24T12:32:21.485757,S013,S013_A5_Y_20260924_1231,elevated_20,A5,young,class_2,0.4369660019874573,0.5404718518257141,-1.6014235019683838,0.46547847986221313,0.4344334304332733,-1.5654979944229126,0.49418362975120544,0.4298197627067566,-1.5657025575637817,0.5232153534889221,0.4258067309856415,-1.565765142440796,0.4013269543647766,0.4426245391368866,-1.538266897201538,0.38055649399757385,0.44406890869140625,-1.5379045009613037,0.36007341742515564,0.44644224643707275,-1.5386407375335693,0.5783144235610962,0.44788604974746704,-1.1191656589508057,0.35730716586112976,0.4736723303794861,-0.9749001264572144,0.4910670816898346,0.615293562412262,-1.4150773286819458,0.416914701461792,0.627435564994812,-1.3741400241851807,0.8053921461105347,0.8610298037528992,-0.6745479702949524,0.2198614627122879,0.8720992207527161,-0.6102390885353088,0.8879011869430542,1.321276307106018,-0.6247945427894592,0.15701761841773987,1.3819676637649536,-0.4817849099636078,0.8154351115226746,1.6584312915802002,-1.029083013534546,0.2118656188249588,1.7379767894744873,-1.0091311931610107,0.79387366771698,1.7842421531677246,-1.1568644046783447,0.2038654386997223,1.881583333015442,-1.1732513904571533,0.7670472860336304,1.7641044855117798,-1.2429454326629639,0.2524641454219818,1.8621078729629517,-1.2529808282852173,0.759860098361969,1.7055634260177612,-1.0830559730529785,0.26996633410453796,1.80144464969635,-1.0630004405975342,0.7033593058586121,1.7536975145339966,-0.06435243785381317,0.35002899169921875,1.749327301979065,0.07049642503261566,0.6739367246627808,2.5035665035247803,-0.18380998075008392,0.34951072931289673,2.470688819885254,-0.20832610130310059,0.6758495569229126,3.1750683784484863,0.4014262557029724,0.36789804697036743,3.156214714050293,0.14921177923679352,0.6872257590293884,3.2883455753326416,0.4230095446109772,0.3725445866584778,3.270678758621216,0.16755613684654236,0.6076172590255737,3.4012033939361572,-0.3367565870285034,0.41249212622642517,3.376215696334839,-0.6221634149551392,0.4217360928283376,2
2026-09-24T12:32:21.642198,S013,S013_A5_Y_20260924_1231,elevated_20,A5,young,class_2,0.44238629937171936,0.5411620736122131,-1.6638543605804443,0.4724200367927551,0.4350390136241913,-1.6175380945205688,0.5006518363952637,0.430090993642807,-1.6177514791488647,0.5288503170013428,0.4257822036743164,-1.6177780628204346,0.4062764048576355,0.4434148371219635,-1.5978481769561768,0.3850172162055969,0.4447566866874695,-1.597550392150879,0.3642711341381073,0.4467293918132782,-1.5981887578964233,0.582646906375885,0.4484141170978546,-1.099736213684082,0.3567197322845459,0.47387510538101196,-0.9973117709159851,0.4944337010383606,0.6171308755874634,-1.4534704685211182,0.42050933837890625,0.6287421584129333,-1.4240820407867432,0.8034993410110474,0.8568586707115173,-0.6280877590179443,0.2184668481349945,0.8722756505012512,-0.6003903746604919,0.8979806900024414,1.3182936906814575,-0.7479544281959534,0.15739938616752625,1.375723123550415,-0.7660689949989319,0.7809872627258301,1.4099860191345215,-1.5837587118148804,0.24883806705474854,1.5948175191879272,-1.6860405206680298,0.7522956132888794,1.4499131441116333,-1.7559127807617188,0.26266446709632874,1.6966640949249268,-1.9044748544692993,0.727866530418396,1.391855001449585,-1.7493135929107666,0.29931968450546265,1.6263898611068726,-1.922146201133728,0.7235251665115356,1.3797893524169922,-1.6072038412094116,0.30764567852020264,1.5895118713378906,-1.7239046096801758,0.7052764892578125,1.7547893524169922,-0.06387333571910858,0.3499642610549927,1.751691222190857,0.07001422345638275,0.6776434779167175,2.5048842430114746,-0.17306789755821228,0.35066133737564087,2.472705364227295,-0.2918589115142822,0.6799384355545044,3.1774823665618896,0.4183902144432068,0.37453413009643555,3.1639506816864014,0.06330075860023499,0.6910238862037659,3.2880377769470215,0.4347051680088043,0.3796893358230591,3.278580665588379,0.07288086414337158,0.6164088249206543,3.407139778137207,-0.35534241795539856,0.4199981689453125,3.383474111557007,-0.7624163031578064,0.4225529093722192,2
2026-09-24T12:32:21.791699,S013,S013_A5_Y_20260924_1231,elevated_20,A5,young,class_2,0.44733133912086487,0.5428686738014221,-1.7156126499176025,0.4771157205104828,0.4379581809043884,-1.648080587387085,0.505024254322052,0.4325770139694214,-1.6482397317886353,0.533022403717041,0.4280621409416199,-1.6479848623275757,0.40839701890945435,0.44506892561912537,-1.6384775638580322,0.38752269744873047,0.4455365836620331,-1.6379886865615845,0.36693987250328064,0.4469251036643982,-1.638437032699585,0.5858517289161682,0.4495573043823242,-1.1338517665863037,0.3579098880290985,0.47436651587486267,-1.0341298580169678,0.5050994157791138,0.6176292896270752,-1.4710077047348022,0.4219636023044586,0.6302363276481628,-1.4254727363586426,0.8047189712524414,0.8547146916389465,-0.6562371850013733,0.22003433108329773,0.8717233538627625,-0.5973842144012451,0.9043408632278442,1.3202568292617798,-1.073311686515808,0.1661873757839203,1.3756614923477173,-0.87114018201828,0.7477540373802185,1.1991138458251953,-1.8910303115844727,0.29582732915878296,1.472772479057312,-1.8506485223770142,0.7019731402397156,1.1689300537109375,-2.057492971420288,0.32457098364830017,1.5284149646759033,-2.0665249824523926,0.7006310224533081,1.0946418046951294,-2.0160040855407715,0.34442660212516785,1.454786777496338,-2.060009241104126,0.6995120048522949,1.111572504043579,-1.8995920419692993,0.3489352762699127,1.4354841709136963,-1.8805128335952759,0.7062480449676514,1.7562482357025146,-0.06636659055948257,0.35050615668296814,1.7531700134277344,0.07227542996406555,0.6797184348106384,2.51826548576355,-0.12880337238311768,0.3528415262699127,2.4892072677612305,-0.2908584177494049,0.6837931871414185,3.1944808959960938,0.48263198137283325,0.37724730372428894,3.1871109008789062,0.12144927680492401,0.6945599317550659,3.300239324569702,0.489773690700531,0.38163113594055176,3.2979307174682617,0.136126309633255,0.6216334700584412,3.4268040657043457,-0.3103819489479065,0.4244118332862854,3.411588430404663,-0.7101191282272339,0.42489788355261693,2
2026-09-24T12:32:21.940641,S013,S013_A5_Y_20260924_1231,elevated_20,A5,young,class_2,0.4529716372489929,0.5439661741256714,-1.6944248676300049,0.48662251234054565,0.4402014911174774,-1.6434247493743896,0.5139197707176208,0.4353563189506531,-1.6435352563858032,0.5408002138137817,0.43212053179740906,-1.6433712244033813,0.4118214547634125,0.4452395737171173,-1.6318533420562744,0.39010414481163025,0.4460251033306122,-1.6313831806182861,0.3689611554145813,0.4476737678050995,-1.6319602727890015,0.5871430039405823,0.45397382974624634,-1.1429647207260132,0.3598608076572418,0.474674791097641,-1.0513079166412354,0.5093823075294495,0.6208056211471558,-1.477383017539978,0.4232504367828369,0.6305208802223206,-1.4479329586029053,0.8055402040481567,0.8596818447113037,-0.6678450107574463,0.21982359886169434,0.8718258142471313,-0.6002780199050903,0.9077163934707642,1.358379602432251,-0.8525093793869019,0.13858337700366974,1.3771625757217407,-0.6474219560623169,0.7628192901611328,1.4490411281585693,-1.513258457183838,0.2180374562740326,1.7006263732910156,-1.2783046960830688,0.726955771446228,1.5062617063522339,-1.6741377115249634,0.2157599925994873,1.8381778001785278,-1.4587916135787964,0.7166869640350342,1.4553077220916748,-1.7004607915878296,0.2646728456020355,1.7964293956756592,-1.5265984535217285,0.7131178975105286,1.4349278211593628,-1.55008065700531,0.2806253135204315,1.7421252727508545,-1.328111171722412,0.6985851526260376,1.756602168083191,-0.05764944106340408,0.3374338746070862,1.753593921661377,0.06381271779537201,0.6694236397743225,2.5229299068450928,-0.15011978149414062,0.33980223536491394,2.4920289516448975,-0.3312245011329651,0.6692993640899658,3.202817678451538,0.4669012427330017,0.3554458022117615,3.1884055137634277,0.07930704951286316,0.6786043643951416,3.3116650581359863,0.47978100180625916,0.35912448167800903,3.3026039600372314,0.09181908518075943,0.6013668775558472,3.4392549991607666,-0.310613214969635,0.4037846624851227,3.410362720489502,-0.749690055847168,0.42421241652857244,2
2026-09-24T12:32:22.078571,S013,S013_A5_Y_20260924_1231,elevated_20,A5,young,class_2,0.45659875869750977,0.5475548505783081,-1.8051884174346924,0.4944291114807129,0.4454643428325653,-1.744921326637268,0.5228579640388489,0.4417671859264374,-1.7452185153961182,0.5492401719093323,0.439944863319397,-1.745185136795044,0.413875013589859,0.4483879506587982,-1.7378957271575928,0.3916289210319519,0.44847723841667175,-1.7379610538482666,0.37030747532844543,0.4497172236442566,-1.7385822534561157,0.5896775722503662,0.46128514409065247,-1.1818830966949463,0.36074867844581604,0.47560063004493713,-1.1343138217926025,0.5138888955116272,0.6275737285614014,-1.572662591934204,0.42441526055336,0.6336908936500549,-1.5593714714050293,0.8061164021492004,0.8694557547569275,-0.6821545362472534,0.217669278383255,0.8721958994865417,-0.6148892641067505,0.9084604978561401,1.3598076105117798,-0.8790470957756042,0.13600227236747742,1.3795708417892456,-0.6465606689453125,0.7651989459991455,1.5089324712753296,-1.532658338546753,0.19388779997825623,1.6826863288879395,-1.333522915840149,0.7283975481987,1.5834250450134277,-1.6890060901641846,0.1953761875629425,1.8061102628707886,-1.5164659023284912,0.721481204032898,1.5310628414154053,-1.7331892251968384,0.22980213165283203,1.757258653640747,-1.567124605178833,0.7156185507774353,1.4988701343536377,-1.5749088525772095,0.24266119301319122,1.7080570459365845,-1.3780345916748047,0.6953591108322144,1.769700527191162,-0.06054692715406418,0.3370817303657532,1.7592084407806396,0.06642213463783264,0.6631525754928589,2.516080379486084,-0.3275202810764313,0.3408806324005127,2.472460985183716,-0.34983110427856445,0.6717201471328735,3.1947810649871826,0.39322447776794434,0.36159074306488037,3.179558038711548,0.09860265254974365,0.680888831615448,3.3020105361938477,0.41941437125205994,0.36572563648223877,3.29335880279541,0.11249621212482452,0.6079810261726379,3.438018560409546,-0.3461286425590515,0.40951505303382874,3.4083282947540283,-0.7065408229827881,0.42323991077489953,2
2026-09-24T12:32:22.247950,S013,S013_A5_Y_20260924_1231,elevated_20,A5,young,class_2,0.46042075753211975,0.550344705581665,-1.8290218114852905,0.5001369714736938,0.4488289952278137,-1.7727142572402954,0.529309868812561,0.445377379655838,-1.7730042934417725,0.5553000569343567,0.4438649117946625,-1.7730079889297485,0.4158692955970764,0.4509112536907196,-1.7637224197387695,0.3929877281188965,0.4505133330821991,-1.7637256383895874,0.37140122056007385,0.45156005024909973,-1.7642828226089478,0.592129111289978,0.46408340334892273,-1.2209649085998535,0.3618243336677551,0.4761345088481903,-1.1707179546356201,0.5190554857254028,0.6323316693305969,-1.6031510829925537,0.42460137605667114,0.6365879774093628,-1.5891482830047607,0.8066981434822083,0.8736856579780579,-0.7374590635299683,0.21743126213550568,0.8722813129425049,-0.6564117670059204,0.9004790186882019,1.3580348491668701,-0.7875353097915649,0.1389397531747818,1.3796297311782837,-0.6159385442733765,0.7829158902168274,1.5886815786361694,-1.311471700668335,0.19579258561134338,1.6714106798171997,-1.3240070343017578,0.7770840525627136,1.694178819656372,-1.4546278715133667,0.19715571403503418,1.79026460647583,-1.5074955224990845,0.7472459673881531,1.652855396270752,-1.5350459814071655,0.23062244057655334,1.741904377937317,-1.5681354999542236,0.7365491986274719,1.6025022268295288,-1.3641483783721924,0.24312815070152283,1.6925110816955566,-1.3743609189987183,0.6969472765922546,1.7699593305587769,-0.061482496559619904,0.33882516622543335,1.7601085901260376,0.06736306846141815,0.6657932996749878,2.519606113433838,-0.3112245798110962,0.34219664335250854,2.479949474334717,-0.3481367230415344,0.6690719127655029,3.196681261062622,0.41399431228637695,0.36305099725723267,3.1787326335906982,0.11484207957983017,0.6774090528488159,3.306427001953125,0.44101184606552124,0.36667558550834656,3.2919745445251465,0.13174375891685486,0.6063985824584961,3.4351043701171875,-0.33197078108787537,0.4127654433250427,3.4078288078308105,-0.6846389770507812,0.4217547237821043,2
2026-09-24T12:32:22.399515,S013,S013_A5_Y_20260924_1231,elevated_20,A5,young,class_2,0.4610826075077057,0.5493542551994324,-1.8158537149429321,0.5001906156539917,0.4476456046104431,-1.762894868850708,0.5294960737228394,0.4442434012889862,-1.7631618976593018,0.5556824207305908,0.4430050253868103,-1.7632029056549072,0.41661757230758667,0.4497411549091339,-1.752417802810669,0.39317697286605835,0.4493005871772766,-1.7523313760757446,0.37211745977401733,0.4501502811908722,-1.7528537511825562,0.5929418802261353,0.46409815549850464,-1.2203577756881714,0.3646799921989441,0.4752255380153656,-1.164005160331726,0.5195152163505554,0.6320589184761047,-1.593782663345337,0.4257350564002991,0.6363490223884583,-1.5763161182403564,0.8071798086166382,0.8744666576385498,-0.7389570474624634,0.21782314777374268,0.871914267539978,-0.6606929302215576,0.9022930860519409,1.356868863105774,-0.8275661468505859,0.13341814279556274,1.3816591501235962,-0.6255705952644348,0.7896988391876221,1.5748982429504395,-1.413920521736145,0.18132293224334717,1.7145378589630127,-1.323403239250183,0.7888426184654236,1.6703931093215942,-1.5627973079681396,0.17736054956912994,1.8473055362701416,-1.5093005895614624,0.7544851899147034,1.6252987384796143,-1.6089668273925781,0.21788541972637177,1.8044114112854004,-1.5699931383132935,0.7428396344184875,1.5824947357177734,-1.4559279680252075,0.2332495152950287,1.7506581544876099,-1.3730442523956299,0.6927000880241394,1.7729594707489014,-0.06198320910334587,0.33467549085617065,1.7607245445251465,0.06785169988870621,0.6612696647644043,2.5199716091156006,-0.32301026582717896,0.33922842144966125,2.4798405170440674,-0.38671034574508667,0.6662784814834595,3.1953704357147217,0.38553154468536377,0.3603508472442627,3.1766486167907715,0.06948397308588028,0.6747469305992126,3.3058183193206787,0.41088080406188965,0.36391788721084595,3.2903923988342285,0.08345087617635727,0.6043475866317749,3.4312779903411865,-0.3690915107727051,0.40954551100730896,3.404005527496338,-0.7440820932388306,0.42090904559573217,2
2026-09-24T12:32:22.637821,S013,S013_A5_Y_20260924_1231,elevated_20,A5,young,class_2,0.4614737629890442,0.5466516613960266,-1.7380828857421875,0.5003543496131897,0.4452085494995117,-1.6827123165130615,0.5295849442481995,0.4423494040966034,-1.6829712390899658,0.5558075904846191,0.4416356682777405,-1.6828807592391968,0.41760390996932983,0.4461861550807953,-1.6655552387237549,0.39376017451286316,0.4452969431877136,-1.6655019521713257,0.3724542260169983,0.4456154406070709,-1.666213035583496,0.5938990116119385,0.46417316794395447,-1.1639854907989502,0.3677642047405243,0.47317954897880554,-1.073878288269043,0.5196515321731567,0.6306334733963013,-1.5275242328643799,0.42668992280960083,0.6344727277755737,-1.5027786493301392,0.8075016736984253,0.8766410946846008,-0.7108394503593445,0.21771340072155,0.8717467784881592,-0.6455689072608948,0.9036824107170105,1.3572126626968384,-0.8437584638595581,0.13353300094604492,1.3818073272705078,-0.6313045024871826,0.7920148968696594,1.5702648162841797,-1.4177995920181274,0.18248015642166138,1.703177571296692,-1.4132001399993896,0.7919019460678101,1.6625142097473145,-1.5857915878295898,0.17821776866912842,1.830613613128662,-1.6165120601654053,0.7549883127212524,1.6139286756515503,-1.6580617427825928,0.22025136649608612,1.7847806215286255,-1.6683285236358643,0.7432669401168823,1.57346510887146,-1.4734610319137573,0.2359316647052765,1.7334717512130737,-1.4628289937973022,0.692419171333313,1.7779382467269897,-0.06123518943786621,0.3328814208507538,1.7645407915115356,0.06711743772029877,0.659917950630188,2.5354883670806885,-0.3226446211338043,0.33492714166641235,2.4977469444274902,-0.41477203369140625,0.6645894646644592,3.21041202545166,0.37603387236595154,0.35707587003707886,3.193798303604126,0.03470471501350403,0.6728922128677368,3.3217828273773193,0.4013136327266693,0.3611837923526764,3.3078389167785645,0.047779422253370285,0.6032191514968872,3.444674253463745,-0.3780992031097412,0.40818896889686584,3.418487548828125,-0.7884830236434937,0.42018869993449753,2
2026-09-24T12:32:22.803013,S013,S013_A5_Y_20260924_1231,elevated_20,A5,young,class_2,0.461554616689682,0.5466328263282776,-1.8365732431411743,0.500719428062439,0.44528424739837646,-1.763776421546936,0.5299386382102966,0.4423842430114746,-1.764064073562622,0.5562074184417725,0.4418339133262634,-1.7640326023101807,0.4178606867790222,0.44612830877304077,-1.7458025217056274,0.39440762996673584,0.44515082240104675,-1.7458263635635376,0.3730548024177551,0.4453948438167572,-1.7465085983276367,0.5941375494003296,0.46505239605903625,-1.1765140295028687,0.3681957721710205,0.47328028082847595,-1.0896263122558594,0.5199097394943237,0.6307798027992249,-1.6035492420196533,0.42731189727783203,0.6347676515579224,-1.5810754299163818,0.8077617883682251,0.8773550391197205,-0.7441493272781372,0.21654756367206573,0.8731316328048706,-0.6476547122001648,0.8999408483505249,1.3690301179885864,-1.3500869274139404,0.13435521721839905,1.3715356588363647,-0.8303214311599731,0.6307904720306396,1.0486804246902466,-2.1992621421813965,0.23709554970264435,1.5878558158874512,-1.732470154762268,0.638705849647522,1.0692073106765747,-2.374706745147705,0.257281094789505,1.6808687448501587,-1.9247395992279053,0.6477528214454651,0.993324339389801,-2.291959762573242,0.29117006063461304,1.6204988956451416,-1.9184478521347046,0.6495779156684875,1.022857904434204,-2.1910641193389893,0.2956303060054779,1.5861369371414185,-1.7593917846679688,0.6910392045974731,1.7912179231643677,-0.07193800806999207,0.33314022421836853,1.7748216390609741,0.07763130962848663,0.6568011045455933,2.5327606201171875,-0.3118276000022888,0.33603692054748535,2.482891082763672,-0.3934670090675354,0.66549152135849,3.2047922611236572,0.3604043424129486,0.35905197262763977,3.1814393997192383,0.052494339644908905,0.6740588545799255,3.312356472015381,0.38044896721839905,0.3632003664970398,3.2900032997131348,0.06351833790540695,0.6048912405967712,3.4358315467834473,-0.4017786979675293,0.40792790055274963,3.4104580879211426,-0.762282133102417,0.4236021658425946,2
2026-09-24T12:32:23.001096,S013,S013_A5_Y_20260924_1231,elevated_20,A5,young,class_2,0.46191295981407166,0.5467188358306885,-1.8289302587509155,0.5008737444877625,0.44534653425216675,-1.7611033916473389,0.5300395488739014,0.4424513578414917,-1.7613732814788818,0.5562974214553833,0.44203099608421326,-1.7613557577133179,0.4186035990715027,0.4461755156517029,-1.7429097890853882,0.3950822353363037,0.44517067074775696,-1.7429912090301514,0.3736051619052887,0.4453795850276947,-1.7436497211456299,0.5946367979049683,0.4657474756240845,-1.180001974105835,0.36836177110671997,0.47339650988578796,-1.0907402038574219,0.520208477973938,0.6309011578559875,-1.5983299016952515,0.4278448522090912,0.635000467300415,-1.574876070022583,0.8079575300216675,0.8800120949745178,-0.7441723346710205,0.21501600742340088,0.8736830353736877,-0.6396986246109009,0.9058343172073364,1.3633978366851807,-1.2535895109176636,0.13407817482948303,1.3660553693771362,-0.9003832936286926,0.6899532675743103,1.1411820650100708,-2.0429821014404297,0.2533680200576782,1.4637014865875244,-1.7912921905517578,0.6644109487533569,1.1095821857452393,-2.195089817047119,0.28726163506507874,1.52000892162323,-1.9696171283721924,0.6678053140640259,1.0359898805618286,-2.131288528442383,0.30745571851730347,1.4496326446533203,-1.9398047924041748,0.6686545610427856,1.0534058809280396,-2.0383806228637695,0.3083743751049042,1.4305638074874878,-1.8066866397857666,0.6895383596420288,1.8010194301605225,-0.08313537389039993,0.33387982845306396,1.7818769216537476,0.08848945796489716,0.6555783748626709,2.4562835693359375,-0.4947226643562317,0.3284164369106293,2.4226603507995605,-0.41306453943252563,0.6660188436508179,3.1362528800964355,0.222633957862854,0.3598310947418213,3.1206905841827393,0.03697941452264786,0.6739870309829712,3.242852210998535,0.25043731927871704,0.36709651350975037,3.2240097522735596,0.04920043796300888,0.6054763793945312,3.3668792247772217,-0.4969838261604309,0.4083367884159088,3.358184576034546,-0.7435252070426941,0.42456771027663665,2
2026-09-24T12:32:23.317077,S013,S013_A5_Y_20260924_1231,elevated_20,A5,young,class_2,0.4628228545188904,0.5468085408210754,-1.8364654779434204,0.5015753507614136,0.4451870620250702,-1.7756065130233765,0.5304278135299683,0.4422047734260559,-1.7758891582489014,0.5565110445022583,0.44171082973480225,-1.7759288549423218,0.41979122161865234,0.44630494713783264,-1.7578538656234741,0.3967665731906891,0.44534701108932495,-1.758049726486206,0.3752508759498596,0.4456011652946472,-1.7586761713027954,0.595173716545105,0.4655591547489166,-1.19057297706604,0.3688071072101593,0.47344112396240234,-1.0962998867034912,0.5209625959396362,0.6309309005737305,-1.601835012435913,0.427966833114624,0.6351080536842346,-1.577252984046936,0.8079737424850464,0.8800485134124756,-0.7419859170913696,0.21565774083137512,0.87371826171875,-0.6399807333946228,0.9205357432365417,1.3603140115737915,-1.167087197303772,0.1340837925672531,1.3642522096633911,-1.0639910697937012,0.70638507604599,1.2475241422653198,-1.9231843948364258,0.2862052619457245,1.280341386795044,-2.113430976867676,0.6894041299819946,1.2587546110153198,-2.066527843475342,0.3401758074760437,1.2772254943847656,-2.3154919147491455,0.6769617795944214,1.1911245584487915,-2.0373568534851074,0.3428584933280945,1.2004482746124268,-2.25449275970459,0.6693407297134399,1.189760684967041,-1.9310328960418701,0.3393304944038391,1.2057362794876099,-2.1191134452819824,0.688825249671936,1.8005954027175903,-0.08700547367334366,0.33431750535964966,1.7807127237319946,0.09219606965780258,0.6525936722755432,2.4613523483276367,-0.4283464848995209,0.3291359841823578,2.4203271865844727,-0.340755820274353,0.6630268096923828,3.138087272644043,0.29049497842788696,0.36024710536003113,3.11783504486084,0.10118623822927475,0.6703067421913147,3.243764638900757,0.317194402217865,0.36737969517707825,3.2221591472625732,0.11407182365655899,0.6063351631164551,3.3667426109313965,-0.443653404712677,0.40437641739845276,3.3518381118774414,-0.6780973672866821,0.42605750174984813,2
2026-09-24T12:32:23.639728,S013,S013_A5_Y_20260924_1231,elevated_20,A5,young,class_2,0.46267271041870117,0.5445783734321594,-1.7777143716812134,0.5015080571174622,0.44215789437294006,-1.713014841079712,0.5303741693496704,0.4392053782939911,-1.7133433818817139,0.5565662384033203,0.43855100870132446,-1.7133411169052124,0.42045149207115173,0.4443182051181793,-1.695173978805542,0.39741772413253784,0.4437975287437439,-1.6953456401824951,0.3757005035877228,0.4443550407886505,-1.6959861516952515,0.5955689549446106,0.4648498594760895,-1.1320087909698486,0.3698611855506897,0.47334176301956177,-1.0352660417556763,0.5211373567581177,0.6290891766548157,-1.5415804386138916,0.42824989557266235,0.6347018480300903,-1.5162190198898315,0.8076722025871277,0.882284939289093,-0.6753610372543335,0.21935224533081055,0.8737393617630005,-0.579543948173523,0.9205116033554077,1.35063898563385,-1.1053712368011475,0.1344657987356186,1.3578301668167114,-0.9538823366165161,0.7135257720947266,1.2860077619552612,-1.8420956134796143,0.27949708700180054,1.4010690450668335,-1.818290114402771,0.7045706510543823,1.307318091392517,-1.9907066822052002,0.31869131326675415,1.4537663459777832,-2.008110761642456,0.6883581280708313,1.242088794708252,-1.9809119701385498,0.33381029963493347,1.389909267425537,-2.0023598670959473,0.6803309321403503,1.2352560758590698,-1.8592588901519775,0.3370194733142853,1.3700140714645386,-1.843523621559143,0.688963770866394,1.80465567111969,-0.08725987374782562,0.3347714841365814,1.7836252450942993,0.09248259663581848,0.6525312662124634,2.4794275760650635,-0.39628931879997253,0.329692542552948,2.429745674133301,-0.3331872820854187,0.6637991666793823,3.156081438064575,0.3167486786842346,0.360874742269516,3.1336607933044434,0.10124454647302628,0.6712009906768799,3.2617921829223633,0.34310972690582275,0.3676913380622864,3.2383642196655273,0.1144542321562767,0.6069408655166626,3.3804574012756348,-0.4228467047214508,0.40510430932044983,3.3669254779815674,-0.682248055934906,0.42636755605935556,2
2026-09-24T12:32:23.914422,S013,S013_A5_Y_20260924_1231,elevated_20,A5,young,class_2,0.46389859914779663,0.5446065068244934,-1.8187389373779297,0.5034770369529724,0.4422028362751007,-1.7572656869888306,0.5323973894119263,0.43925735354423523,-1.7575401067733765,0.5584420561790466,0.43859121203422546,-1.7575302124023438,0.42296934127807617,0.4445955157279968,-1.7272160053253174,0.40089544653892517,0.44427645206451416,-1.7272841930389404,0.3798995018005371,0.44519472122192383,-1.7278413772583008,0.5972930192947388,0.46489474177360535,-1.18422532081604,0.37589138746261597,0.4741058945655823,-1.0497528314590454,0.5233306288719177,0.6291122436523438,-1.586185097694397,0.43007898330688477,0.6348296403884888,-1.5458524227142334,0.8080658912658691,0.8822755217552185,-0.8030771017074585,0.2316068410873413,0.8724715709686279,-0.5682932138442993,0.8989372253417969,1.3505864143371582,-1.507154107093811,0.14130713045597076,1.3249475955963135,-1.0000627040863037,0.6275511980056763,1.0187084674835205,-2.2441318035125732,0.2963520288467407,1.2227778434753418,-2.0178277492523193,0.5926571488380432,1.0086562633514404,-2.384121894836426,0.33826109766960144,1.2167531251907349,-2.201881170272827,0.6002978682518005,0.938327431678772,-2.287868022918701,0.346414715051651,1.1587071418762207,-2.1288790702819824,0.6066144704818726,0.9701975584030151,-2.2221131324768066,0.34798404574394226,1.1669059991836548,-2.0208420753479004,0.6923154592514038,1.8084548711776733,-0.10503529012203217,0.34342890977859497,1.786032795906067,0.11032193899154663,0.6544750332832336,2.4831337928771973,-0.3853515386581421,0.339834064245224,2.4301211833953857,-0.3374797999858856,0.6663757562637329,3.1565051078796387,0.31956106424331665,0.3705587685108185,3.1311259269714355,0.08332573622465134,0.6748119592666626,3.262765645980835,0.3405238091945648,0.3785490393638611,3.23568058013916,0.09423701465129852,0.6092547178268433,3.3814218044281006,-0.44737839698791504,0.40801090002059937,3.363208293914795,-0.7096589803695679,0.4307458010792316,2
2026-09-24T12:32:24.328392,S013,S013_A5_Y_20260924_1231,elevated_20,A5,young,class_2,0.46406465768814087,0.5446628332138062,-1.8980525732040405,0.5040996074676514,0.4422323405742645,-1.8339611291885376,0.5329928994178772,0.439300000667572,-1.8342117071151733,0.559043288230896,0.4386254847049713,-1.8342225551605225,0.42388471961021423,0.44471749663352966,-1.8118301630020142,0.402334600687027,0.4443880617618561,-1.8117122650146484,0.38155579566955566,0.4453032612800598,-1.8123340606689453,0.5978884696960449,0.4649271070957184,-1.2403804063796997,0.37834998965263367,0.47414714097976685,-1.1273787021636963,0.5238295197486877,0.6291660070419312,-1.656991720199585,0.4304611086845398,0.6349303722381592,-1.6271755695343018,0.8081033825874329,0.882393479347229,-0.7889822125434875,0.2343730628490448,0.8713369965553284,-0.6120959520339966,0.9020088911056519,1.3523813486099243,-1.3398687839508057,0.14197930693626404,1.3288177251815796,-0.9477002024650574,0.636354923248291,1.0212829113006592,-2.142211437225342,0.29441577196121216,1.3811355829238892,-1.848928451538086,0.6338740587234497,1.07586669921875,-2.31087327003479,0.32764720916748047,1.464052438735962,-2.0395171642303467,0.6342766284942627,1.0044041872024536,-2.2404284477233887,0.3400999903678894,1.3992327451705933,-2.0212435722351074,0.6364498734474182,1.026848316192627,-2.1381337642669678,0.341651976108551,1.3729931116104126,-1.869879126548767,0.6941148042678833,1.810360074043274,-0.10295724868774414,0.34349876642227173,1.78791344165802,0.10831879079341888,0.6550069451332092,2.508031129837036,-0.25504302978515625,0.33981025218963623,2.443539619445801,-0.33739224076271057,0.6649066209793091,3.177981376647949,0.4227930009365082,0.36646223068237305,3.138763427734375,0.11362206935882568,0.6732103824615479,3.284810781478882,0.439178466796875,0.37306445837020874,3.244194746017456,0.12698492407798767,0.6041480302810669,3.402282476425171,-0.38958391547203064,0.4064761698246002,3.3710415363311768,-0.7087713479995728,0.4322582956696296,2
2026-09-24T12:32:24.595016,S013,S013_A5_Y_20260924_1231,elevated_20,A5,young,class_2,0.4642075002193451,0.5446184277534485,-1.8444154262542725,0.504148542881012,0.4421456754207611,-1.7899529933929443,0.5330266356468201,0.4390292167663574,-1.790260672569275,0.5590675473213196,0.4380807876586914,-1.7903234958648682,0.42404818534851074,0.4447620213031769,-1.7686100006103516,0.40252798795700073,0.4445410966873169,-1.7683067321777344,0.38200321793556213,0.445634663105011,-1.7689605951309204,0.5981041193008423,0.46484553813934326,-1.2341601848602295,0.379564106464386,0.47456976771354675,-1.1171073913574219,0.5239194631576538,0.6290727257728577,-1.6187301874160767,0.4305817186832428,0.6350022554397583,-1.5869988203048706,0.8081571459770203,0.8825471997261047,-0.7531791925430298,0.23736774921417236,0.8705641627311707,-0.6137032508850098,0.9030101895332336,1.3524724245071411,-0.9691095352172852,0.1449902504682541,1.33174729347229,-0.6803253889083862,0.7513763308525085,1.428309679031372,-1.6230409145355225,0.24739673733711243,1.61361563205719,-1.4243676662445068,0.7425309419631958,1.5041362047195435,-1.7811965942382812,0.24787625670433044,1.7451571226119995,-1.6115061044692993,0.7133098244667053,1.4511669874191284,-1.811266541481018,0.28441357612609863,1.6983437538146973,-1.667665719985962,0.7053987383842468,1.42249596118927,-1.6581535339355469,0.29593899846076965,1.6476709842681885,-1.473107099533081,0.6982908248901367,1.809327244758606,-0.09725123643875122,0.345517635345459,1.786963701248169,0.10294518619775772,0.6598591208457947,2.510589122772217,-0.2732095718383789,0.3445720970630646,2.449467658996582,-0.3525059223175049,0.6676658391952515,3.184525728225708,0.32966578006744385,0.36734092235565186,3.145508050918579,0.04207681491971016,0.6762760877609253,3.295992136001587,0.3426761329174042,0.37318551540374756,3.2567384243011475,0.04967213422060013,0.6044519543647766,3.4085094928741455,-0.4725731909275055,0.4100475311279297,3.3748557567596436,-0.7834411263465881,0.43047466413400165,2
2026-09-24T12:32:24.789755,S013,S013_A5_Y_20260924_1231,elevated_20,A5,young,class_2,0.46443837881088257,0.5452280640602112,-1.7678158283233643,0.5041805505752563,0.44277918338775635,-1.7226852178573608,0.5330449342727661,0.43943360447883606,-1.7231038808822632,0.5590962171554565,0.4382755160331726,-1.7232272624969482,0.4241925776004791,0.44620445370674133,-1.7045478820800781,0.4028613567352295,0.44612202048301697,-1.7043535709381104,0.3824536204338074,0.44755223393440247,-1.7050012350082397,0.5982723832130432,0.4648967385292053,-1.2214362621307373,0.38050490617752075,0.4755917191505432,-1.1126662492752075,0.5243552327156067,0.6292421221733093,-1.5597721338272095,0.43145760893821716,0.6360069513320923,-1.5314373970031738,0.8081202507019043,0.8826515674591064,-0.7458769679069519,0.24014565348625183,0.8693946599960327,-0.6155633330345154,0.9016488790512085,1.347915530204773,-0.6944170594215393,0.14961138367652893,1.3440033197402954,-0.43065136671066284,0.8142861127853394,1.6093688011169434,-1.1462175846099854,0.21684399247169495,1.694048285484314,-1.0043210983276367,0.8221519589424133,1.723323941230774,-1.2827645540237427,0.20912611484527588,1.8289532661437988,-1.1731630563735962,0.7798829078674316,1.690354824066162,-1.3746905326843262,0.2445661574602127,1.795271396636963,-1.2653313875198364,0.7650720477104187,1.6373178958892822,-1.2032109498977661,0.2603543698787689,1.7385059595108032,-1.065796136856079,0.6993013024330139,1.8017219305038452,-0.09136788547039032,0.34760552644729614,1.7824105024337769,0.09739528596401215,0.6611855626106262,2.5097756385803223,-0.31451934576034546,0.34498512744903564,2.4504711627960205,-0.3355760872364044,0.6681356430053711,3.1851718425750732,0.2839856445789337,0.3676005005836487,3.1488707065582275,0.03380792215466499,0.6769566535949707,3.2992470264434814,0.2993294596672058,0.3732351064682007,3.262661933898926,0.037995271384716034,0.6072498559951782,3.408442735671997,-0.492840439081192,0.4125765264034271,3.376068353652954,-0.7831836342811584,0.4283010106111319,2
2026-09-24T12:32:24.978933,S013,S013_A5_Y_20260924_1231,elevated_20,A5,young,class_2,0.4736383855342865,0.5461344122886658,-1.8159793615341187,0.5100688338279724,0.44518154859542847,-1.7601191997528076,0.5385481119155884,0.44226351380348206,-1.760481595993042,0.5634573698043823,0.44094857573509216,-1.7605574131011963,0.42949995398521423,0.44799354672431946,-1.7387393712997437,0.4077644348144531,0.4478968679904938,-1.7387535572052002,0.3881750702857971,0.44952714443206787,-1.7392988204956055,0.6010645627975464,0.4653989374637604,-1.2191500663757324,0.38127976655960083,0.4763553738594055,-1.1124244928359985,0.5331332087516785,0.6305141448974609,-1.5869684219360352,0.43789324164390564,0.6366913914680481,-1.5571959018707275,0.8084325790405273,0.8799472451210022,-0.7932940125465393,0.2392309606075287,0.8701172471046448,-0.6030969023704529,0.9008638262748718,1.3395500183105469,-1.3871002197265625,0.16179941594600677,1.3319791555404663,-1.0418483018875122,0.6958006620407104,1.1301912069320679,-2.0679993629455566,0.2894594967365265,1.2419623136520386,-2.109926700592041,0.6305018663406372,1.0631266832351685,-2.200655698776245,0.3247460126876831,1.2260116338729858,-2.3003342151641846,0.6329986453056335,0.9940868616104126,-2.1060800552368164,0.32602840662002563,1.1676323413848877,-2.2293410301208496,0.6398651003837585,1.021693468093872,-2.0454959869384766,0.32992008328437805,1.1781785488128662,-2.1152288913726807,0.7023684978485107,1.8040883541107178,-0.11038129031658173,0.3567076325416565,1.7852696180343628,0.11586089432239532,0.6623497605323792,2.485395908355713,-0.3572532832622528,0.3492177128791809,2.424299478530884,-0.33475515246391296,0.6787301301956177,3.158780813217163,0.2666017413139343,0.39545056223869324,3.1166484355926514,0.036847539246082306,0.690147340297699,3.270792245864868,0.28253626823425293,0.4067264199256897,3.2211053371429443,0.04198359325528145,0.6233296990394592,3.372971773147583,-0.5004907250404358,0.4295128881931305,3.3472304344177246,-0.7318634390830994,0.43105783813834103,2
2026-09-24T12:32:25.080203,S013,S013_A5_Y_20260924_1231,elevated_20,A5,young,class_2,0.47750726342201233,0.5476028919219971,-1.758687973022461,0.5126153826713562,0.446193128824234,-1.6991764307022095,0.5408517718315125,0.4434784948825836,-1.699594497680664,0.5653139352798462,0.44208666682243347,-1.699683427810669,0.4316575527191162,0.44887247681617737,-1.6858911514282227,0.409665584564209,0.4488231837749481,-1.6861200332641602,0.3904508352279663,0.4506760537624359,-1.6867058277130127,0.6018083095550537,0.4655900001525879,-1.1314867734909058,0.3814654052257538,0.4772094190120697,-1.0540666580200195,0.5364032983779907,0.6322186589241028,-1.523176908493042,0.4401203989982605,0.6380717754364014,-1.5027498006820679,0.8092673420906067,0.8799987435340881,-0.6918051838874817,0.23655888438224792,0.875476062297821,-0.589030385017395,0.9238433837890625,1.3395870923995972,-1.140308141708374,0.16061581671237946,1.3471835851669312,-1.058987021446228,0.7687002420425415,1.332715630531311,-1.945577621459961,0.30872100591659546,1.2214877605438232,-2.1314876079559326,0.7267242670059204,1.3474098443984985,-2.0444862842559814,0.3628618121147156,1.1996039152145386,-2.3358097076416016,0.7123619318008423,1.2755496501922607,-2.0219573974609375,0.356058806180954,1.124611735343933,-2.2724008560180664,0.713039755821228,1.2669405937194824,-1.950089693069458,0.35336461663246155,1.1375373601913452,-2.137985944747925,0.7043982744216919,1.8120704889297485,-0.10991714149713516,0.3589828908443451,1.796438217163086,0.11512038856744766,0.6636738181114197,2.5000295639038086,-0.30523839592933655,0.35065969824790955,2.4443767070770264,-0.24184131622314453,0.6795450448989868,3.172333240509033,0.41211017966270447,0.3948298394680023,3.1363120079040527,0.20471413433551788,0.6900423765182495,3.2813289165496826,0.4400361478328705,0.40495261549949646,3.2383222579956055,0.2198837250471115,0.6313154101371765,3.3855767250061035,-0.31881067156791687,0.4310517907142639,3.3643338680267334,-0.5657168626785278,0.431380546928267,2
2026-09-24T12:32:25.170097,S013,S013_A5_Y_20260924_1231,elevated_20,A5,young,class_2,0.4774091839790344,0.5491964221000671,-1.7635366916656494,0.5124014019966125,0.4473530054092407,-1.7063068151474,0.5402458310127258,0.4442305564880371,-1.7066676616668701,0.5645522475242615,0.44253283739089966,-1.706742525100708,0.43169301748275757,0.45112693309783936,-1.6872848272323608,0.4097307622432709,0.451205313205719,-1.687479019165039,0.39046603441238403,0.4530859887599945,-1.688096284866333,0.6008516550064087,0.4655442535877228,-1.1448637247085571,0.38040077686309814,0.47777020931243896,-1.042295217514038,0.5363299250602722,0.633163332939148,-1.5326192378997803,0.4401281476020813,0.6393665075302124,-1.5052741765975952,0.8091503977775574,0.8731076717376709,-0.7314507961273193,0.23592717945575714,0.8729031085968018,-0.5838381052017212,0.9238108396530151,1.3270728588104248,-1.3889206647872925,0.16592305898666382,1.3453980684280396,-1.1223046779632568,0.7407657504081726,1.0680365562438965,-2.0741031169891357,0.35265618562698364,1.1545082330703735,-2.1170501708984375,0.6826075315475464,0.9895171523094177,-2.1873648166656494,0.4156223237514496,1.115697979927063,-2.2867159843444824,0.6850697994232178,0.926284909248352,-2.089928388595581,0.40910059213638306,1.0515540838241577,-2.1870856285095215,0.6883679628372192,0.9593598246574402,-2.049020290374756,0.4045751690864563,1.072575330734253,-2.1055874824523926,0.7046586275100708,1.8117244243621826,-0.11183099448680878,0.3616967797279358,1.796148419380188,0.11717574298381805,0.6681066751480103,2.3770759105682373,-0.5352949500083923,0.34150415658950806,2.3827011585235596,-0.46176257729530334,0.6834372282028198,3.086217164993286,0.07658720016479492,0.4061412811279297,3.0721018314361572,-0.07133005559444427,0.691964864730835,3.2002241611480713,0.0957413911819458,0.4219335615634918,3.1694929599761963,-0.06045442074537277,0.6402777433395386,3.310844898223877,-0.6366645097732544,0.4387071132659912,3.304827928543091,-0.7904601693153381,0.432790241058683,2
2026-09-24T12:32:25.269285,S013,S013_A5_Y_20260924_1231,elevated_20,A5,young,class_2,0.47726887464523315,0.5500054955482483,-1.768103837966919,0.511489987373352,0.4476439654827118,-1.71127188205719,0.538781464099884,0.44451603293418884,-1.7116153240203857,0.5630700588226318,0.44288915395736694,-1.7116779088974,0.43114370107650757,0.4516153633594513,-1.6915559768676758,0.40889400243759155,0.45186078548431396,-1.6917307376861572,0.3890779912471771,0.4539836049079895,-1.6923433542251587,0.6000770330429077,0.46576985716819763,-1.1508350372314453,0.37732166051864624,0.4787818491458893,-1.032810926437378,0.5356331467628479,0.6340513825416565,-1.53847074508667,0.43998581171035767,0.6409578323364258,-1.5094764232635498,0.8088299036026001,0.8710317015647888,-0.7323713898658752,0.230245441198349,0.8727907538414001,-0.5705746412277222,0.9286502003669739,1.2970160245895386,-1.3473260402679443,0.16836735606193542,1.3457187414169312,-1.09511399269104,0.7762948274612427,1.096150279045105,-2.153747081756592,0.3542316257953644,1.1634762287139893,-2.161790609359741,0.7362242341041565,1.0505917072296143,-2.3001351356506348,0.41453999280929565,1.1297168731689453,-2.35072922706604,0.7383899092674255,0.8910359740257263,-2.2393860816955566,0.4085454046726227,1.05934476852417,-2.266280174255371,0.7343512773513794,1.0046749114990234,-2.1493208408355713,0.40494871139526367,1.0770092010498047,-2.160036563873291,0.7056311368942261,1.8094159364700317,-0.111638642847538,0.3635537028312683,1.7959505319595337,0.11707335710525513,0.6790372133255005,2.345038652420044,-0.6002829670906067,0.34019333124160767,2.373849630355835,-0.4731333255767822,0.6986733078956604,3.0639543533325195,0.1020122617483139,0.42361539602279663,3.0576698780059814,-0.025067567825317383,0.7054418921470642,3.18045711517334,0.12973405420780182,0.4413982033729553,3.152663230895996,-0.010887796059250832,0.6638835668563843,3.286484718322754,-0.6120140552520752,0.46268707513809204,3.2913615703582764,-0.7676329612731934,0.4334533174498409,2
2026-09-24T12:32:25.359691,S013,S013_A5_Y_20260924_1231,elevated_20,A5,young,class_2,0.4762633442878723,0.5493812561035156,-1.8132765293121338,0.507884681224823,0.4450569450855255,-1.7545340061187744,0.5348273515701294,0.44065481424331665,-1.7548236846923828,0.5593955516815186,0.4376668334007263,-1.7548843622207642,0.4287320077419281,0.45155462622642517,-1.7370717525482178,0.40646976232528687,0.4519144296646118,-1.7372376918792725,0.38593965768814087,0.4544614553451538,-1.7378606796264648,0.5971144437789917,0.46000543236732483,-1.1809602975845337,0.37132003903388977,0.4794425368309021,-1.0721396207809448,0.5355453491210938,0.6327045559883118,-1.5753397941589355,0.4399271011352539,0.6409931182861328,-1.5482310056686401,0.8132585287094116,0.8663947582244873,-0.731334388256073,0.23003928363323212,0.8734678030014038,-0.6246675848960876,0.939348578453064,1.269371747970581,-1.3084913492202759,0.1679038256406784,1.3484575748443604,-1.0777125358581543,0.7739003896713257,1.1165982484817505,-2.0100820064544678,0.338215172290802,1.2285112142562866,-2.0610387325286865,0.7280016541481018,1.0922940969467163,-2.1165308952331543,0.3884631097316742,1.2251018285751343,-2.2529444694519043,0.7248154878616333,1.0022677183151245,-2.0418858528137207,0.3897950053215027,1.152971625328064,-2.1842336654663086,0.7266043424606323,1.0364536046981812,-1.9898414611816406,0.38843798637390137,1.1566654443740845,-2.0634303092956543,0.719099760055542,1.8096157312393188,-0.10773297399282455,0.3689843714237213,1.7973804473876953,0.11296574771404266,0.698625922203064,2.4361581802368164,-0.3663942515850067,0.37356704473495483,2.420379161834717,-0.33493998646736145,0.7163940072059631,3.1132194995880127,0.4036262631416321,0.4288994371891022,3.112762212753296,0.15007558465003967,0.7237915992736816,3.220132350921631,0.4353967308998108,0.4417870044708252,3.2173829078674316,0.16799956560134888,0.6713098287582397,3.351874828338623,-0.3282942473888397,0.4699927866458893,3.352717876434326,-0.6216509342193604,0.4329877934170795,2
2026-09-24T12:32:25.566177,S013,S013_A5_Y_20260924_1231,elevated_20,A5,young,class_2,0.4761785566806793,0.5495135188102722,-1.8061864376068115,0.5067922472953796,0.4450889825820923,-1.7482166290283203,0.5328718423843384,0.440606951713562,-1.7485277652740479,0.5570497512817383,0.43728670477867126,-1.7485564947128296,0.42841339111328125,0.45351389050483704,-1.7288806438446045,0.4060412049293518,0.4548388719558716,-1.7291845083236694,0.3851845860481262,0.4584846794605255,-1.729827642440796,0.5933972597122192,0.4580710232257843,-1.1750669479370117,0.3686583936214447,0.48236796259880066,-1.059897541999817,0.5353845953941345,0.6325103044509888,-1.5681028366088867,0.4400263726711273,0.6416160464286804,-1.538394808769226,0.811364471912384,0.8571596145629883,-0.7306885719299316,0.23018240928649902,0.873529314994812,-0.6135298609733582,0.9380934834480286,1.2480530738830566,-1.27583909034729,0.17252960801124573,1.348595142364502,-1.1439337730407715,0.7707971334457397,1.095925211906433,-2.030367136001587,0.33508849143981934,1.1814159154891968,-2.245866298675537,0.7276738882064819,1.0654624700546265,-2.1671195030212402,0.3859730362892151,1.1560121774673462,-2.4497017860412598,0.7236603498458862,0.9151507019996643,-2.112048864364624,0.38373178243637085,1.0764368772506714,-2.372382879257202,0.724646806716919,1.0126593112945557,-2.025665283203125,0.3825323283672333,1.0901362895965576,-2.2482352256774902,0.7192422151565552,1.7976374626159668,-0.1089092269539833,0.37446779012680054,1.7914080619812012,0.11414480209350586,0.6970377564430237,2.3660740852355957,-0.4167877733707428,0.37181273102760315,2.357663631439209,-0.4108002185821533,0.7156249284744263,3.0596742630004883,0.27468618750572205,0.43336907029151917,3.0585427284240723,0.06206177920103073,0.7228097915649414,3.1707146167755127,0.3019177317619324,0.4487634301185608,3.158704996109009,0.08291343599557877,0.6724805235862732,3.283062696456909,-0.40050235390663147,0.46987801790237427,3.29331111907959,-0.6307268142700195,0.4344101202608947,2
2026-09-24T12:32:25.773431,S013,S013_A5_Y_20260924_1231,elevated_20,A5,young,class_2,0.4756278395652771,0.5507449507713318,-1.7071130275726318,0.5042849183082581,0.4474930465221405,-1.6438179016113281,0.529605507850647,0.442004531621933,-1.6441528797149658,0.5532741546630859,0.43789416551589966,-1.6440684795379639,0.42764145135879517,0.45901477336883545,-1.626633644104004,0.40535372495651245,0.46119511127471924,-1.6265567541122437,0.38424572348594666,0.4657600224018097,-1.627131700515747,0.5890215635299683,0.4581633508205414,-1.0771715641021729,0.3654242157936096,0.48799270391464233,-0.9799239039421082,0.5334864258766174,0.6325770616531372,-1.476696252822876,0.4396215081214905,0.6423318386077881,-1.4509251117706299,0.8004871606826782,0.8558976650238037,-0.5919612646102905,0.22977034747600555,0.8736965656280518,-0.5378729104995728,0.9131110906600952,1.2573304176330566,-1.1106069087982178,0.16774292290210724,1.3631443977355957,-0.7854143381118774,0.79105544090271,1.080797553062439,-2.0079843997955322,0.2746886610984802,1.532365322113037,-1.7305517196655273,0.7840141654014587,0.9476693868637085,-2.1796326637268066,0.28843942284584045,1.6334983110427856,-1.9173879623413086,0.7567045092582703,0.8888329863548279,-2.1474337577819824,0.3210643231868744,1.5606058835983276,-1.9426189661026,0.7484393119812012,0.9115803241729736,-2.0194034576416016,0.3296201825141907,1.5221205949783325,-1.7685296535491943,0.7131847739219666,1.797598123550415,-0.09626854956150055,0.3662487864494324,1.791378140449524,0.10195523500442505,0.6853753328323364,2.420666456222534,-0.40982866287231445,0.36804965138435364,2.390026569366455,-0.35890859365463257,0.7098715305328369,3.1123275756835938,0.18392178416252136,0.41730189323425293,3.089683771133423,0.006717026233673096,0.7190700769424438,3.224797248840332,0.19361612200737,0.4266572892665863,3.1949191093444824,0.00908146146684885,0.6602437496185303,3.3281912803649902,-0.5625020861625671,0.4627198278903961,3.3200910091400146,-0.7545381188392639,0.4378225244387674,2
2026-09-24T12:32:25.938164,S013,S013_A5_Y_20260924_1231,elevated_20,A5,young,class_2,0.4756336212158203,0.551414430141449,-1.6408483982086182,0.5035987496376038,0.448310524225235,-1.5732152462005615,0.5281132459640503,0.4422721564769745,-1.5735834836959839,0.5511735081672668,0.43793997168540955,-1.57352614402771,0.42767611145973206,0.4619230031967163,-1.5607160329818726,0.40537041425704956,0.46477797627449036,-1.5606590509414673,0.3842807412147522,0.4697446823120117,-1.5612120628356934,0.5859246850013733,0.457301527261734,-0.9988323450088501,0.36470827460289,0.49159324169158936,-0.9245566129684448,0.5330212116241455,0.6319404244422913,-1.4090712070465088,0.4398590922355652,0.6428195834159851,-1.3896592855453491,0.7968628406524658,0.8488748669624329,-0.5373374223709106,0.22972945868968964,0.8736664056777954,-0.5037966966629028,0.9028996229171753,1.2383077144622803,-1.018930435180664,0.16758368909358978,1.3636417388916016,-0.7929798364639282,0.7871937155723572,1.0862102508544922,-1.9223546981811523,0.2671414017677307,1.5238990783691406,-1.7394193410873413,0.7726348042488098,0.9522241353988647,-2.116891384124756,0.28086963295936584,1.6116286516189575,-1.9323173761367798,0.7583799362182617,0.8954089879989624,-2.111340045928955,0.31284743547439575,1.540569543838501,-1.9423210620880127,0.7486963868141174,0.8950510621070862,-1.9458036422729492,0.3210434317588806,1.507341742515564,-1.7725725173950195,0.7097895741462708,1.7974735498428345,-0.08978833258152008,0.36486172676086426,1.7913960218429565,0.09544242173433304,0.678554117679596,2.432661533355713,-0.3957260549068451,0.3677341341972351,2.401764392852783,-0.3265279531478882,0.7055320143699646,3.1240220069885254,0.1697700172662735,0.41092449426651,3.10520601272583,-0.007731739431619644,0.7158627510070801,3.2359912395477295,0.178384929895401,0.4183599054813385,3.2118773460388184,-0.008779250085353851,0.6536059379577637,3.3379783630371094,-0.5747723579406738,0.45736926794052124,3.3362410068511963,-0.7796432375907898,0.4390360275468662,2
2026-09-24T12:32:26.115839,S013,S013_A5_Y_20260924_1231,elevated_20,A5,young,class_2,0.47558122873306274,0.551979660987854,-1.5415674448013306,0.503394365310669,0.44935259222984314,-1.4797711372375488,0.5276428461074829,0.4428967535495758,-1.480149745941162,0.550437331199646,0.43821871280670166,-1.480114221572876,0.42769917845726013,0.46417635679244995,-1.465924620628357,0.4053974151611328,0.4673810601234436,-1.4660060405731201,0.3843153715133667,0.4723752439022064,-1.4665570259094238,0.5847191214561462,0.457359254360199,-0.9338061213493347,0.36462482810020447,0.4943396747112274,-0.8514240980148315,0.532431960105896,0.6318731904029846,-1.3192706108093262,0.4398880898952484,0.6432360410690308,-1.2978293895721436,0.796894371509552,0.8476907014846802,-0.5294473171234131,0.22992780804634094,0.8736984729766846,-0.45679378509521484,0.9022115468978882,1.2238069772720337,-0.991346001625061,0.16948869824409485,1.358390212059021,-0.8631184697151184,0.7736859917640686,1.089877963066101,-1.6879260540008545,0.29353854060173035,1.2662426233291626,-1.912788987159729,0.7504804730415344,1.0114778280258179,-1.8138532638549805,0.3292000889778137,1.2595877647399902,-2.1021928787231445,0.744422972202301,0.9036246538162231,-1.7784490585327148,0.33840280771255493,1.1864666938781738,-2.0379576683044434,0.7309576272964478,0.9522173404693604,-1.6925725936889648,0.34019115567207336,1.1909050941467285,-1.9190587997436523,0.7083139419555664,1.798537015914917,-0.08987937867641449,0.3649252653121948,1.792803406715393,0.09551773965358734,0.6785382628440857,2.4403610229492188,-0.3308352530002594,0.36663687229156494,2.4072535037994385,-0.23895367980003357,0.7047140002250671,3.1268310546875,0.171769380569458,0.4105380177497864,3.1092453002929688,0.034371428191661835,0.7147905230522156,3.2374520301818848,0.19069351255893707,0.41825801134109497,3.215735912322998,0.028523851186037064,0.6534785032272339,3.3388404846191406,-0.506065309047699,0.45720672607421875,3.3378915786743164,-0.695815920829773,0.4390311973428735,2
2026-09-24T12:32:26.245638,S013,S013_A5_Y_20260924_1231,elevated_20,A5,young,class_2,0.47405916452407837,0.5520516633987427,-1.609845519065857,0.5015044808387756,0.4496259093284607,-1.5467183589935303,0.5253978371620178,0.44306156039237976,-1.5470404624938965,0.5483129620552063,0.4383324086666107,-1.547013521194458,0.4264032244682312,0.4653390645980835,-1.5312904119491577,0.40407389402389526,0.46893665194511414,-1.531285047531128,0.3829331398010254,0.47429415583610535,-1.5318899154663086,0.5831865072250366,0.45745792984962463,-0.9928053617477417,0.362449586391449,0.4970172345638275,-0.9030556678771973,0.5314388275146484,0.6317766904830933,-1.3844980001449585,0.43910226225852966,0.6432870030403137,-1.3608906269073486,0.796980619430542,0.8481845259666443,-0.5412594676017761,0.22938254475593567,0.8757616877555847,-0.48231130838394165,0.9148924946784973,1.2269235849380493,-1.036908745765686,0.1635948121547699,1.3743879795074463,-0.8546063303947449,0.7895305752754211,1.0936081409454346,-1.8415215015411377,0.272106409072876,1.542088270187378,-1.8135833740234375,0.7693077325820923,1.0394562482833862,-2.0242607593536377,0.2902902066707611,1.6391310691833496,-2.0142629146575928,0.7489861845970154,0.8931877017021179,-1.9867613315582275,0.3230879604816437,1.5617941617965698,-2.0020318031311035,0.7396091818809509,0.902187168598175,-1.8571484088897705,0.32947808504104614,1.5268193483352661,-1.8389761447906494,0.7083117365837097,1.8081309795379639,-0.08086717128753662,0.3627622425556183,1.803654432296753,0.08651839196681976,0.6785230040550232,2.4913721084594727,-0.3212091326713562,0.36542004346847534,2.4542477130889893,-0.31293755769729614,0.7042316198348999,3.17574143409729,0.17425718903541565,0.4094077944755554,3.1567680835723877,-0.004691527225077152,0.7142220735549927,3.2865400314331055,0.20651844143867493,0.41619110107421875,3.266799211502075,-0.004371296614408493,0.653331995010376,3.394916534423828,-0.5040050745010376,0.45619288086891174,3.386009693145752,-0.7772223949432373,0.44029711233319674,2
2026-09-24T12:32:26.334564,S013,S013_A5_Y_20260924_1231,elevated_20,A5,young,class_2,0.47398796677589417,0.5549190640449524,-1.6127185821533203,0.500681459903717,0.4535055160522461,-1.5574785470962524,0.524161696434021,0.4465218484401703,-1.557784914970398,0.5469312071800232,0.44108057022094727,-1.5578639507293701,0.4261019229888916,0.4702558219432831,-1.5505601167678833,0.4036039710044861,0.4741637408733368,-1.5503157377243042,0.3822246491909027,0.47964510321617126,-1.5510531663894653,0.5803289413452148,0.45914798974990845,-1.0145453214645386,0.3595900237560272,0.5021788477897644,-0.9489122629165649,0.5309827327728271,0.6334480047225952,-1.3873326778411865,0.4390780031681061,0.6458699703216553,-1.3743586540222168,0.7956303954124451,0.8464362621307373,-0.5718264579772949,0.22937102615833282,0.8759161829948425,-0.5466966032981873,0.9146543741226196,1.2261066436767578,-1.0096909999847412,0.15835116803646088,1.3756422996520996,-0.8412047624588013,0.7886525392532349,1.101457118988037,-1.7683649063110352,0.2674679458141327,1.5643689632415771,-1.7140861749649048,0.7666324377059937,1.0426006317138672,-1.9366815090179443,0.2855549454689026,1.6638458967208862,-1.9101231098175049,0.7315285205841064,0.8954745531082153,-1.9102823734283447,0.321415513753891,1.5880881547927856,-1.9160003662109375,0.7360820174217224,0.9662812948226929,-1.7841567993164062,0.3271685242652893,1.5512683391571045,-1.7437412738800049,0.7083158493041992,1.808043360710144,-0.07679958641529083,0.3627294898033142,1.8038579225540161,0.08245916664600372,0.6798525452613831,2.493156671524048,-0.22087517380714417,0.36768537759780884,2.4557645320892334,-0.26154783368110657,0.7068899869918823,3.1737725734710693,0.38490229845046997,0.411609411239624,3.1536855697631836,0.1284586638212204,0.7168899178504944,3.2839956283569336,0.4053468108177185,0.4178193509578705,3.262655019760132,0.1397019922733307,0.6550925970077515,3.3941686153411865,-0.33327150344848633,0.4600786566734314,3.3832643032073975,-0.6310635805130005,0.43993204624161025,2
2026-09-24T12:32:26.410219,S013,S013_A5_Y_20260924_1231,elevated_20,A5,young,class_2,0.4739512801170349,0.5564641356468201,-1.618699073791504,0.5003284811973572,0.4550134837627411,-1.5683536529541016,0.523800790309906,0.4479096829891205,-1.5685659646987915,0.5465548634529114,0.4422236382961273,-1.5686134099960327,0.4258248209953308,0.47213247418403625,-1.5551812648773193,0.4031253457069397,0.4762462377548218,-1.5550235509872437,0.3814484179019928,0.48188692331314087,-1.5558476448059082,0.5796037316322327,0.45982328057289124,-1.0331885814666748,0.35747596621513367,0.504637598991394,-0.9611408114433289,0.5309527516365051,0.6343528628349304,-1.4039884805679321,0.43907055258750916,0.6478332877159119,-1.3754183053970337,0.7941639423370361,0.84417724609375,-0.5787267684936523,0.22929251194000244,0.8763551115989685,-0.5561959147453308,0.9152272343635559,1.211027979850769,-0.9849239587783813,0.1581539809703827,1.3777207136154175,-0.8469743728637695,0.7865166068077087,1.099255084991455,-1.7363560199737549,0.26854169368743896,1.5150090456008911,-1.7303574085235596,0.7636692523956299,1.054329514503479,-1.895451307296753,0.286948025226593,1.5890182256698608,-1.923002004623413,0.725047767162323,0.8944894671440125,-1.8702681064605713,0.3226014971733093,1.5152051448822021,-1.9171651601791382,0.7352970838546753,0.9803885817527771,-1.7503817081451416,0.32733970880508423,1.48893141746521,-1.7552598714828491,0.7078603506088257,1.8085556030273438,-0.07646191120147705,0.36271244287490845,1.806043028831482,0.08213857561349869,0.6802837252616882,2.4878950119018555,-0.24176490306854248,0.37048429250717163,2.4478979110717773,-0.2631576359272003,0.7111559510231018,3.1610748767852783,0.3821571171283722,0.4191555082798004,3.141143321990967,0.13004574179649353,0.7212306261062622,3.26979923248291,0.40176016092300415,0.42492571473121643,3.248420238494873,0.14169619977474213,0.663860023021698,3.3829240798950195,-0.32251471281051636,0.468609094619751,3.373900890350342,-0.6131300926208496,0.4396973085946008,2
2026-09-24T12:32:26.484339,S013,S013_A5_Y_20260924_1231,elevated_20,A5,young,class_2,0.47630029916763306,0.556120753288269,-1.620891809463501,0.5020262598991394,0.45465773344039917,-1.5584923028945923,0.5255323052406311,0.4476586878299713,-1.5588696002960205,0.547996461391449,0.4420032501220703,-1.5589362382888794,0.4275926947593689,0.471243679523468,-1.5525014400482178,0.40435585379600525,0.4753480851650238,-1.5525195598602295,0.38262027502059937,0.48088064789772034,-1.5532138347625732,0.5797840356826782,0.4592573046684265,-0.996660053730011,0.35766011476516724,0.5045052170753479,-0.9535473585128784,0.531876266002655,0.6343545317649841,-1.393650770187378,0.44005218148231506,0.6477724313735962,-1.3794218301773071,0.7926129102706909,0.8442811965942383,-0.542598307132721,0.22955484688282013,0.8786211609840393,-0.5427182912826538,0.9157785177230835,1.2069242000579834,-0.8295919299125671,0.15784914791584015,1.3777178525924683,-0.7925647497177124,0.7923380136489868,1.1560084819793701,-1.5200213193893433,0.2696540355682373,1.4936317205429077,-1.6711839437484741,0.7729002237319946,1.1728007793426514,-1.6677013635635376,0.29007938504219055,1.5586713552474976,-1.8618444204330444,0.7438885569572449,0.9047675728797913,-1.6702760457992554,0.3230885863304138,1.4855204820632935,-1.8604376316070557,0.7412372827529907,1.1061290502548218,-1.5437620878219604,0.3268442749977112,1.4636155366897583,-1.6979223489761353,0.7078350186347961,1.8097131252288818,-0.07655990868806839,0.3627493679523468,1.809854507446289,0.08223368972539902,0.6824116110801697,2.489089250564575,-0.2558475434780121,0.3710157573223114,2.4539787769317627,-0.23318278789520264,0.7133392095565796,3.164095640182495,0.3638143539428711,0.41880932450294495,3.1441261768341064,0.14646819233894348,0.7229119539260864,3.273491144180298,0.3827292323112488,0.4246852397918701,3.252031087875366,0.1559978574514389,0.6672757863998413,3.3851611614227295,-0.35029107332229614,0.4678734242916107,3.3737785816192627,-0.6036320924758911,0.4379488165811353,2
2026-09-24T12:32:26.559043,S013,S013_A5_Y_20260924_1231,elevated_20,A5,young,class_2,0.47679170966148376,0.5562756657600403,-1.6158092021942139,0.5029670000076294,0.45498937368392944,-1.5531762838363647,0.5266508460044861,0.4482945501804352,-1.553558111190796,0.5489966869354248,0.4428095817565918,-1.5536315441131592,0.4283525049686432,0.471187025308609,-1.5471999645233154,0.40511220693588257,0.47517937421798706,-1.547243356704712,0.38354021310806274,0.4805314242839813,-1.547863483428955,0.5802783370018005,0.45965665578842163,-0.9940597414970398,0.3581579327583313,0.5043778419494629,-0.949389636516571,0.5319633483886719,0.635797917842865,-1.3873629570007324,0.44017401337623596,0.6478240489959717,-1.3754397630691528,0.7891480922698975,0.8415667414665222,-0.5358186960220337,0.23082871735095978,0.8787009716033936,-0.5274264812469482,0.9144716262817383,1.1878434419631958,-0.7813467383384705,0.15795239806175232,1.371206521987915,-0.7421784400939941,0.7948071360588074,1.1544400453567505,-1.4063236713409424,0.2624773681163788,1.481831431388855,-1.5884761810302734,0.779708981513977,1.167458176612854,-1.538133144378662,0.2813318073749542,1.5479313135147095,-1.7670198678970337,0.755264401435852,0.9157963395118713,-1.540859341621399,0.3101513683795929,1.4761708974838257,-1.7731853723526,0.7501286864280701,0.9670795202255249,-1.427460789680481,0.31410712003707886,1.4510650634765625,-1.617555856704712,0.7064648866653442,1.8092448711395264,-0.07680116593837738,0.3627314269542694,1.809693694114685,0.08246424794197083,0.682970404624939,2.4826176166534424,-0.27025240659713745,0.3708864450454712,2.453427791595459,-0.2087082862854004,0.7130712270736694,3.1587255001068115,0.35442793369293213,0.41852325201034546,3.141246795654297,0.14777275919914246,0.7227559685707092,3.2692360877990723,0.3717772662639618,0.42458242177963257,3.249479055404663,0.15535463392734528,0.6664584279060364,3.3787200450897217,-0.36706334352493286,0.4669110178947449,3.370604991912842,-0.584701657295227,0.4363400569652158,2
2026-09-24T12:32:26.640872,S013,S013_A5_Y_20260924_1231,elevated_20,A5,young,class_2,0.505071759223938,0.5562461614608765,-1.6417649984359741,0.5263963937759399,0.4541228711605072,-1.5754027366638184,0.5470656752586365,0.447383850812912,-1.575700044631958,0.5645561814308167,0.4417496919631958,-1.5757935047149658,0.4543150067329407,0.46965986490249634,-1.6029245853424072,0.4277590811252594,0.47320669889450073,-1.6028356552124023,0.4067314565181732,0.4781520962715149,-1.6034752130508423,0.5859988331794739,0.4590305685997009,-0.9984577298164368,0.37092044949531555,0.5035000443458557,-1.081020712852478,0.5487719774246216,0.6359557509422302,-1.4012930393218994,0.46600860357284546,0.6478388905525208,-1.4341881275177002,0.7858353853225708,0.8412377834320068,-0.5466276407241821,0.23063191771507263,0.880060613155365,-0.666986882686615,0.9075131416320801,1.194885492324829,-0.861251711845398,0.15790440142154694,1.3871691226959229,-0.847948431968689,0.7990270853042603,1.1518876552581787,-1.4856687784194946,0.25993749499320984,1.5644493103027344,-1.6609561443328857,0.7889607548713684,1.0342823266983032,-1.6124372482299805,0.2763599753379822,1.659579873085022,-1.8425639867782593,0.7603896856307983,0.9194602370262146,-1.6734777688980103,0.30390506982803345,1.5793030261993408,-1.8427858352661133,0.755096971988678,0.9317277073860168,-1.4313671588897705,0.3100726008415222,1.5410078763961792,-1.68862783908844,0.707560658454895,1.8009716272354126,-0.04819203168153763,0.3619233965873718,1.8094499111175537,0.05358128994703293,0.6913016438484192,2.5066111087799072,-0.10363359749317169,0.3732506334781647,2.489337205886841,-0.20857731997966766,0.7163459062576294,3.1814804077148438,0.5452660322189331,0.4193926751613617,3.1624903678894043,0.2340821921825409,0.7235257625579834,3.2892298698425293,0.5669450163841248,0.4247341752052307,3.2679755687713623,0.2516077160835266,0.6729671359062195,3.4051153659820557,-0.1562930792570114,0.47434744238853455,3.383574962615967,-0.5154281854629517,0.43709993147411186,2
2026-09-24T12:32:26.712429,S013,S013_A5_Y_20260924_1231,elevated_20,A5,young,class_2,0.5201342701911926,0.554011881351471,-1.5944349765777588,0.5399024486541748,0.44707390666007996,-1.5241076946258545,0.559280514717102,0.4407546818256378,-1.5242815017700195,0.5750084519386292,0.43553653359413147,-1.5243759155273438,0.4674968123435974,0.4625466763973236,-1.5501837730407715,0.43951836228370667,0.4667770564556122,-1.5497910976409912,0.4179321229457855,0.47184813022613525,-1.5503612756729126,0.5930274724960327,0.4564003646373749,-0.9801815152168274,0.3795575499534607,0.5005911588668823,-1.0594723224639893,0.5589467883110046,0.6344301700592041,-1.3747212886810303,0.4782673418521881,0.6463756561279297,-1.4045032262802124,0.7869804501533508,0.8443629741668701,-0.5340104699134827,0.23029682040214539,0.8802883625030518,-0.7098877429962158,0.8980940580368042,1.276368498802185,-0.43314510583877563,0.14866414666175842,1.4274108409881592,-0.6987653374671936,0.8311966061592102,1.606481909751892,-0.8865892291069031,0.25381535291671753,1.6996891498565674,-1.2808184623718262,0.8538970947265625,1.720038652420044,-1.0232611894607544,0.2663893401622772,1.8199833631515503,-1.4617998600006104,0.8102682828903198,1.7010468244552612,-1.1133872270584106,0.30153757333755493,1.7626917362213135,-1.5403423309326172,0.7888347506523132,1.6512967348098755,-0.9445723295211792,0.3084580600261688,1.7110936641693115,-1.3323554992675781,0.7085734009742737,1.7885489463806152,-0.03378746658563614,0.35782891511917114,1.8077913522720337,0.039452262222766876,0.6951920986175537,2.5172712802886963,-0.04700366407632828,0.372897207736969,2.517829179763794,-0.1792648732662201,0.7164069414138794,3.2058701515197754,0.6493806838989258,0.4193134903907776,3.1999666690826416,0.30494171380996704,0.7235662341117859,3.3181121349334717,0.6743485331535339,0.4233787953853607,3.311206102371216,0.3268008828163147,0.6726900339126587,3.4298977851867676,-0.08926324546337128,0.4784017503261566,3.413865327835083,-0.5046641230583191,0.43595710960940004,2
2026-09-24T12:32:26.781532,S013,S013_A5_Y_20260924_1231,elevated_20,A5,young,class_2,0.5232177376747131,0.551912248134613,-1.611285924911499,0.5467360615730286,0.44554242491722107,-1.5409430265426636,0.5661687850952148,0.4399472773075104,-1.5411747694015503,0.5823365449905396,0.4353163540363312,-1.5412251949310303,0.47242704033851624,0.45865827798843384,-1.5591800212860107,0.4439760744571686,0.46223896741867065,-1.5588843822479248,0.42218929529190063,0.4664720892906189,-1.559471845626831,0.6028090715408325,0.4569444954395294,-0.9941679835319519,0.38489609956741333,0.4962913691997528,-1.069509744644165,0.5617631673812866,0.6335380673408508,-1.3896738290786743,0.4796653687953949,0.6434615254402161,-1.4071953296661377,0.7871951460838318,0.8480613827705383,-0.543198823928833,0.22800317406654358,0.8824117183685303,-0.718981146812439,0.8926817178726196,1.30177903175354,-0.5235728621482849,0.1430663764476776,1.4302809238433838,-0.7281821370124817,0.8369957208633423,1.6405792236328125,-1.0222141742706299,0.240289568901062,1.7038538455963135,-1.399364709854126,0.8605658411979675,1.7618709802627563,-1.1688053607940674,0.2477862536907196,1.8239684104919434,-1.5907728672027588,0.8148272633552551,1.7397969961166382,-1.250731110572815,0.288915753364563,1.770002841949463,-1.6588054895401,0.7926903367042542,1.691015362739563,-1.0806896686553955,0.2976239025592804,1.7190426588058472,-1.450661301612854,0.7108540534973145,1.7843949794769287,-0.03323990851640701,0.3576594591140747,1.8072298765182495,0.038963161408901215,0.6995283365249634,2.5239388942718506,-0.05324609950184822,0.3741503357887268,2.5256102085113525,-0.18671700358390808,0.7176068425178528,3.2136194705963135,0.6521514654159546,0.41918039321899414,3.208362579345703,0.3047112822532654,0.7245723605155945,3.3272511959075928,0.6781609058380127,0.42325884103775024,3.321436882019043,0.3269912600517273,0.6729530096054077,3.4377973079681396,-0.0890079066157341,0.48079580068588257,3.4196600914001465,-0.5066436529159546,0.43436996994723537,2
2026-09-24T12:32:26.850187,S013,S013_A5_Y_20260924_1231,elevated_20,A5,young,class_2,0.5340713858604431,0.5491086840629578,-1.6872971057891846,0.5571857690811157,0.4430423974990845,-1.6056894063949585,0.5751386880874634,0.4389089047908783,-1.6060664653778076,0.5918327569961548,0.43513384461402893,-1.6062244176864624,0.48558560013771057,0.45048007369041443,-1.6330604553222656,0.4574926495552063,0.451997309923172,-1.6328113079071045,0.43340951204299927,0.4553270936012268,-1.6334969997406006,0.6106770634651184,0.4577626585960388,-1.0362350940704346,0.39345282316207886,0.48797449469566345,-1.1366610527038574,0.5666526556015015,0.6322910785675049,-1.460864782333374,0.4861384332180023,0.6374871134757996,-1.4909067153930664,0.7884162068367004,0.8546501994132996,-0.5826407670974731,0.22665536403656006,0.8838838934898376,-0.755916953086853,0.8945372700691223,1.307769536972046,-0.5588346719741821,0.13291671872138977,1.4318968057632446,-0.7040384411811829,0.8595806956291199,1.6530625820159912,-1.1373043060302734,0.2205236405134201,1.7337480783462524,-1.3463289737701416,0.8839343786239624,1.777929663658142,-1.3006021976470947,0.2253161370754242,1.8582813739776611,-1.5442227125167847,0.8330298662185669,1.756032109260559,-1.3897292613983154,0.26985234022140503,1.8110501766204834,-1.630316972732544,0.8092390298843384,1.7043017148971558,-1.2008872032165527,0.2801509499549866,1.7572226524353027,-1.4033626317977905,0.7109912633895874,1.7819902896881104,-0.030194392427802086,0.3556806445121765,1.80365788936615,0.03594273328781128,0.6995574235916138,2.5297842025756836,-0.07821039110422134,0.37405386567115784,2.5239644050598145,-0.2046709805727005,0.7181334495544434,3.2186167240142822,0.640762209892273,0.4190538823604584,3.205686092376709,0.27805066108703613,0.7247971296310425,3.3352460861206055,0.6680142283439636,0.42247194051742554,3.3192362785339355,0.2999505400657654,0.6741117238998413,3.4408159255981445,-0.11176759004592896,0.4804721474647522,3.4177463054656982,-0.5324744582176208,0.4327624935403671,2
2026-09-24T12:32:26.925951,S013,S013_A5_Y_20260924_1231,elevated_20,A5,young,class_2,0.5401203632354736,0.5468024015426636,-1.715367078781128,0.5621702075004578,0.44151487946510315,-1.635420560836792,0.5798712968826294,0.4382335841655731,-1.6358333826065063,0.5971271991729736,0.4349808990955353,-1.6360232830047607,0.4919889569282532,0.44628238677978516,-1.6645023822784424,0.4645594656467438,0.4469449818134308,-1.6642671823501587,0.439774751663208,0.4500085711479187,-1.6649500131607056,0.6149287223815918,0.4583838880062103,-1.0586450099945068,0.3986393213272095,0.4839000403881073,-1.1684346199035645,0.57045978307724,0.6307544112205505,-1.4856245517730713,0.49089884757995605,0.6344489455223083,-1.5181316137313843,0.790306568145752,0.856185257434845,-0.5957199335098267,0.22520987689495087,0.8865029811859131,-0.7815117835998535,0.8938681483268738,1.3086684942245483,-0.5222164392471313,0.13388673961162567,1.44142746925354,-0.7134761214256287,0.8596495389938354,1.6548956632614136,-1.0912915468215942,0.224249005317688,1.7422091960906982,-1.3581750392913818,0.8830476999282837,1.7814700603485107,-1.254198670387268,0.2303752601146698,1.865128993988037,-1.5567511320114136,0.8353949785232544,1.7617465257644653,-1.3539599180221558,0.2719748616218567,1.819412350654602,-1.6483770608901978,0.811556339263916,1.7087918519973755,-1.1589081287384033,0.28213953971862793,1.7644954919815063,-1.417724847793579,0.7130277752876282,1.7740510702133179,-0.028304144740104675,0.3556956648826599,1.7989251613616943,0.03406720235943794,0.7058066129684448,2.5272059440612793,-0.03574656695127487,0.3790980875492096,2.5221047401428223,-0.19924043118953705,0.7287519574165344,3.2160146236419678,0.7183775305747986,0.4274287223815918,3.203545093536377,0.345753014087677,0.7351858019828796,3.3329076766967773,0.7485603094100952,0.43082961440086365,3.3169679641723633,0.3725050389766693,0.6893566250801086,3.4378650188446045,-0.03519544377923012,0.49417003989219666,3.4162838459014893,-0.4836651384830475,0.43114660819816036,2
2026-09-24T12:32:26.999688,S013,S013_A5_Y_20260924_1231,elevated_20,A5,young,class_2,0.5452922582626343,0.5455387234687805,-1.7064918279647827,0.5676764249801636,0.4403225779533386,-1.6298840045928955,0.5862387418746948,0.43748006224632263,-1.630051612854004,0.6046393513679504,0.4346090853214264,-1.63015615940094,0.49701160192489624,0.4436168968677521,-1.6571470499038696,0.4697715640068054,0.4437130391597748,-1.6571518182754517,0.44532617926597595,0.44634443521499634,-1.6579370498657227,0.6236600875854492,0.4585653245449066,-1.0634015798568726,0.40441927313804626,0.4808659255504608,-1.1487970352172852,0.5745335817337036,0.6298359632492065,-1.480018973350525,0.49547824263572693,0.6330774426460266,-1.5017340183258057,0.7933593988418579,0.858163595199585,-0.6211939454078674,0.22655591368675232,0.8863970041275024,-0.7811259031295776,0.8919035792350769,1.3080517053604126,-0.5550104975700378,0.13542884588241577,1.4475599527359009,-0.6695841550827026,0.8522977828979492,1.6126288175582886,-1.0677738189697266,0.22734808921813965,1.7419840097427368,-1.2086950540542603,0.8700768351554871,1.72489333152771,-1.2190037965774536,0.2347431629896164,1.865299940109253,-1.3823888301849365,0.8262545466423035,1.6966166496276855,-1.299760103225708,0.27493810653686523,1.8134320974349976,-1.4666386842727661,0.8049585223197937,1.6509690284729004,-1.1269311904907227,0.28646740317344666,1.7585660219192505,-1.2613242864608765,0.7162414789199829,1.767796277999878,-0.03079952672123909,0.3556411862373352,1.792747974395752,0.036526232957839966,0.7072396874427795,2.5260350704193115,-0.009451398625969887,0.3788280785083771,2.5266354084014893,-0.12601344287395477,0.7283748388290405,3.2153637409210205,0.7715488076210022,0.4250257909297943,3.206535816192627,0.4398648738861084,0.7342877388000488,3.330726146697998,0.8044112920761108,0.42768844962120056,3.3176217079162598,0.4692609906196594,0.6879950761795044,3.441281795501709,0.04049036279320717,0.4935750365257263,3.424835205078125,-0.38034650683403015,0.4304156116775244,2
2026-09-24T12:32:27.071680,S013,S013_A5_Y_20260924_1231,elevated_20,A5,young,class_2,0.5463674664497375,0.5442067980766296,-1.6597907543182373,0.5690674781799316,0.43878406286239624,-1.5871658325195312,0.5880641937255859,0.4362938702106476,-1.5872480869293213,0.6068244576454163,0.43382614850997925,-1.5873615741729736,0.4981095790863037,0.4413652718067169,-1.6132161617279053,0.47123003005981445,0.4412306547164917,-1.6128180027008057,0.44717836380004883,0.44374367594718933,-1.6134355068206787,0.6267408132553101,0.45859578251838684,-1.043433427810669,0.4075121283531189,0.47861841320991516,-1.135076642036438,0.5761739611625671,0.6287354826927185,-1.4448506832122803,0.49728885293006897,0.6316659450531006,-1.4704893827438354,0.7984024286270142,0.8590511679649353,-0.6138324737548828,0.23000594973564148,0.8848254084587097,-0.7542119026184082,0.8947038650512695,1.3069039583206177,-0.47022682428359985,0.14160926640033722,1.4434912204742432,-0.6538934707641602,0.8529191017150879,1.6351027488708496,-0.9305204153060913,0.22816455364227295,1.713215947151184,-1.2393709421157837,0.8727056384086609,1.7584084272384644,-1.0779246091842651,0.23929890990257263,1.8297009468078613,-1.4191690683364868,0.8258994221687317,1.736358642578125,-1.1638877391815186,0.27761930227279663,1.7765945196151733,-1.5075417757034302,0.804440975189209,1.6854331493377686,-0.990993320941925,0.28780707716941833,1.7260079383850098,-1.2952537536621094,0.7173131704330444,1.764228105545044,-0.03123815730214119,0.3558777868747711,1.7863593101501465,0.03682667762041092,0.706960141658783,2.524590253829956,-0.015061150304973125,0.37795406579971313,2.5265159606933594,-0.05422007292509079,0.7211477756500244,3.2138330936431885,0.7896590232849121,0.4166954457759857,3.207834005355835,0.5269087553024292,0.72669517993927,3.3283493518829346,0.824825644493103,0.41798368096351624,3.318258762359619,0.5582462549209595,0.6761380434036255,3.440037727355957,0.05006543546915054,0.48257365822792053,3.4278857707977295,-0.2990797162055969,0.4293204028349878,2
2026-09-24T12:32:27.144448,S013,S013_A5_Y_20260924_1231,elevated_20,A5,young,class_2,0.5483446717262268,0.5434774160385132,-1.5799435377120972,0.5713964700698853,0.438294917345047,-1.514156699180603,0.5906729102134705,0.4360795319080353,-1.5141632556915283,0.6093086004257202,0.43379226326942444,-1.5141195058822632,0.5002366304397583,0.44006797671318054,-1.5323712825775146,0.47339606285095215,0.43973344564437866,-1.5317456722259521,0.4494665265083313,0.44210439920425415,-1.532186508178711,0.6295491456985474,0.45882147550582886,-0.9910781979560852,0.4103332459926605,0.4776204526424408,-1.058387279510498,0.578277051448822,0.627924382686615,-1.3724803924560547,0.4998417794704437,0.6306456923484802,-1.3910272121429443,0.8009496927261353,0.8596485257148743,-0.5952621698379517,0.23421737551689148,0.8816407918930054,-0.721072256565094,0.8948537707328796,1.3181021213531494,-0.5532664060592651,0.1418496072292328,1.4386143684387207,-0.6656680107116699,0.8537807464599609,1.5762279033660889,-1.095988392829895,0.2341434210538864,1.695774793624878,-1.3151893615722656,0.873264491558075,1.668923258781433,-1.2478166818618774,0.24600760638713837,1.8080241680145264,-1.493003487586975,0.8334558606147766,1.6224983930587769,-1.3099219799041748,0.28540247678756714,1.7515169382095337,-1.5629124641418457,0.8107840418815613,1.592280626296997,-1.1471898555755615,0.29464709758758545,1.7037557363510132,-1.365065097808838,0.7177420258522034,1.7650851011276245,-0.03706536442041397,0.3555627465248108,1.7859317064285278,0.04300346225500107,0.7068348526954651,2.5247480869293213,-0.032240528613328934,0.3772382438182831,2.5280261039733887,-0.05592115968465805,0.717654824256897,3.2140753269195557,0.7376402616500854,0.4113704562187195,3.2060394287109375,0.4991885721683502,0.7233072519302368,3.3268911838531494,0.7683335542678833,0.41091853380203247,3.315910816192627,0.5288349390029907,0.6679105758666992,3.440969705581665,-0.0036607622168958187,0.4773697257041931,3.4258792400360107,-0.31109464168548584,0.42841574313713476,2
2026-09-24T12:32:27.232239,S013,S013_A5_Y_20260924_1231,elevated_20,A5,young,class_2,0.5510867834091187,0.5432469844818115,-1.4962080717086792,0.5741674900054932,0.43822672963142395,-1.4396945238113403,0.5936759114265442,0.43602001667022705,-1.4395415782928467,0.6121638417243958,0.43376487493515015,-1.4390742778778076,0.5029048323631287,0.44005194306373596,-1.4505242109298706,0.47628235816955566,0.439794659614563,-1.4497169256210327,0.4523945748806,0.44222038984298706,-1.4500114917755127,0.6329775452613831,0.4589722752571106,-0.9595990180969238,0.41305607557296753,0.47774678468704224,-0.9994314312934875,0.5821066498756409,0.6272090077400208,-1.3061342239379883,0.5039913654327393,0.6301736831665039,-1.317571759223938,0.8017738461494446,0.8596397042274475,-0.5603115558624268,0.23808114230632782,0.8792698979377747,-0.6588103175163269,0.9014188051223755,1.3532134294509888,-0.7916768789291382,0.14125767350196838,1.4365280866622925,-0.6238968372344971,0.8691887855529785,1.0555001497268677,-1.4632097482681274,0.22635607421398163,1.7593492269515991,-1.1600278615951538,0.8715553283691406,1.0075024366378784,-1.6219570636749268,0.22592830657958984,1.8929551839828491,-1.2794039249420166,0.8372950553894043,0.9353062510490417,-1.5560683012008667,0.2671976387500763,1.83939528465271,-1.3487244844436646,0.8219897150993347,0.9470556378364563,-1.4671039581298828,0.2837618589401245,1.7860156297683716,-1.2067986726760864,0.7167909741401672,1.7694735527038574,-0.04054148495197296,0.3507723808288574,1.7866723537445068,0.04697488248348236,0.7042595148086548,2.54603910446167,-0.04838106781244278,0.3752531111240387,2.547365665435791,-0.0923728197813034,0.7102238535881042,3.2398955821990967,0.7340725064277649,0.4020217955112457,3.22544264793396,0.48526492714881897,0.7156099677085876,3.3490488529205322,0.7650974988937378,0.40011534094810486,3.333590269088745,0.5192950963973999,0.6591199636459351,3.4715399742126465,0.006664329208433628,0.4612141251564026,3.447436809539795,-0.30739516019821167,0.435929609111609,2
2026-09-24T12:32:27.303994,S013,S013_A5_Y_20260924_1231,elevated_20,A5,young,class_2,0.5525721311569214,0.5432380437850952,-1.5368428230285645,0.5753710865974426,0.43822917342185974,-1.4949185848236084,0.5949838161468506,0.43602505326271057,-1.4947922229766846,0.6134357452392578,0.43378910422325134,-1.4944777488708496,0.5041767358779907,0.43996462225914,-1.50758957862854,0.477678120136261,0.4396910071372986,-1.5065515041351318,0.45379137992858887,0.4421047866344452,-1.5069162845611572,0.6348592042922974,0.45910564064979553,-1.0133447647094727,0.41444531083106995,0.4777803421020508,-1.0510743856430054,0.583653450012207,0.6271726489067078,-1.3498306274414062,0.5060338973999023,0.6302079558372498,-1.3598113059997559,0.8045641779899597,0.8594263195991516,-0.5772871971130371,0.2415800541639328,0.8765997290611267,-0.7043875455856323,0.9015597105026245,1.3469957113265991,-0.677015483379364,0.14112703502178192,1.43580162525177,-0.6497222185134888,0.8673755526542664,1.4148633480072021,-1.283808946609497,0.2268463373184204,1.7539318799972534,-1.22771155834198,0.8806958198547363,1.4750081300735474,-1.4377192258834839,0.2276579588651657,1.8864480257034302,-1.3829147815704346,0.8484132885932922,1.4364975690841675,-1.473235845565796,0.26910895109176636,1.8328524827957153,-1.4594085216522217,0.8267019391059875,1.4125202894210815,-1.328055739402771,0.2844521105289459,1.7797069549560547,-1.2784485816955566,0.71706223487854,1.7681282758712769,-0.040365733206272125,0.350599467754364,1.7842546701431274,0.04672053083777428,0.7041970491409302,2.54471755027771,-0.029065478593111038,0.374620258808136,2.5450892448425293,-0.10871481895446777,0.7077397108078003,3.2380709648132324,0.7216511964797974,0.3997988998889923,3.2239832878112793,0.44279637932777405,0.7133251428604126,3.348527669906616,0.7492689490318298,0.3981879949569702,3.3303565979003906,0.4722304940223694,0.6535845994949341,3.467127799987793,-0.01993495039641857,0.4595493674278259,3.446577310562134,-0.35485440492630005,0.43484392586811516,2
2026-09-24T12:32:27.378048,S013,S013_A5_Y_20260924_1231,elevated_20,A5,young,class_2,0.5522053837776184,0.5418899059295654,-1.5475749969482422,0.5753617286682129,0.4370097815990448,-1.497100830078125,0.5953958034515381,0.4352871775627136,-1.4971044063568115,0.6140623092651367,0.43343669176101685,-1.4968838691711426,0.5031448006629944,0.43778303265571594,-1.5081514120101929,0.47658371925354004,0.4375832974910736,-1.5073158740997314,0.4526692032814026,0.4403119683265686,-1.5077991485595703,0.636576235294342,0.4591384530067444,-1.007348656654358,0.41393956542015076,0.47737187147140503,-1.035496473312378,0.5844528675079346,0.6267891526222229,-1.3507856130599976,0.5052157044410706,0.6293460130691528,-1.358931064605713,0.8076214790344238,0.859271228313446,-0.5661337375640869,0.24298477172851562,0.8758987188339233,-0.7041259407997131,0.913787841796875,1.35741126537323,-0.6627478003501892,0.1382107436656952,1.43484365940094,-0.6313039660453796,0.8794201016426086,1.4674001932144165,-1.2987979650497437,0.2003503292798996,1.7778674364089966,-1.1958961486816406,0.8993509411811829,1.5240689516067505,-1.458503246307373,0.18999990820884705,1.9171802997589111,-1.3521521091461182,0.8672841787338257,1.4793545007705688,-1.4985344409942627,0.23738320171833038,1.8691672086715698,-1.441899061203003,0.8421743512153625,1.4605956077575684,-1.3447637557983398,0.25781676173210144,1.8146710395812988,-1.2512404918670654,0.7171454429626465,1.7684249877929688,-0.040861137211322784,0.3495640158653259,1.783894658088684,0.04718070849776268,0.7035816311836243,2.5423424243927,-0.0176511462777853,0.37205493450164795,2.541602373123169,-0.10119346529245377,0.7031572461128235,3.234748363494873,0.742560088634491,0.3938773572444916,3.2218780517578125,0.47761839628219604,0.7089065313339233,3.345599889755249,0.7706751823425293,0.3926145136356354,3.3290035724639893,0.5105396509170532,0.6450783610343933,3.463409423828125,-0.008404647931456566,0.4516819417476654,3.4441370964050293,-0.3331975042819977,0.4343304874849061,2
2026-09-24T12:32:27.446553,S013,S013_A5_Y_20260924_1231,elevated_20,A5,young,class_2,0.5516389012336731,0.5399414300918579,-1.5300182104110718,0.5750795602798462,0.4356454610824585,-1.4705941677093506,0.5952827334403992,0.4343586564064026,-1.470639944076538,0.6141209006309509,0.4329010546207428,-1.4703377485275269,0.5024868249893188,0.43571317195892334,-1.481083631515503,0.47582346200942993,0.4355523884296417,-1.4803760051727295,0.451876699924469,0.43842509388923645,-1.4808969497680664,0.6372679471969604,0.4591692388057709,-0.9720629453659058,0.4134966731071472,0.4764986038208008,-0.9979807734489441,0.5844939947128296,0.6263192296028137,-1.3314875364303589,0.5043442249298096,0.6277187466621399,-1.3397287130355835,0.8085793256759644,0.8601080179214478,-0.5490618348121643,0.2429620921611786,0.8760918378829956,-0.6744588017463684,0.9208422899246216,1.3672040700912476,-0.6849870085716248,0.13839364051818848,1.4361231327056885,-0.6298240423202515,0.8788343667984009,1.4702173471450806,-1.3899108171463013,0.2051694691181183,1.7775752544403076,-1.2266261577606201,0.8971467018127441,1.52140474319458,-1.5578811168670654,0.19881577789783478,1.9138355255126953,-1.3891607522964478,0.865483283996582,1.4724167585372925,-1.5900994539260864,0.24408185482025146,1.861561894416809,-1.468424916267395,0.8410638570785522,1.4565391540527344,-1.4331605434417725,0.26240700483322144,1.8081848621368408,-1.2787307500839233,0.7177576422691345,1.7714136838912964,-0.04046768695116043,0.3495567739009857,1.785362958908081,0.046915072947740555,0.7020900249481201,2.54213285446167,-0.047178369015455246,0.36858874559402466,2.539821147918701,-0.19574344158172607,0.6998125314712524,3.2351951599121094,0.6415392756462097,0.3892642557621002,3.2200233936309814,0.31441256403923035,0.7054718732833862,3.346109628677368,0.660774290561676,0.38859549164772034,3.327484130859375,0.336374431848526,0.6406540870666504,3.464984655380249,-0.13187922537326813,0.44797682762145996,3.441601276397705,-0.5141333341598511,0.4341849365042766,2
2026-09-24T12:32:27.515203,S013,S013_A5_Y_20260924_1231,elevated_20,A5,young,class_2,0.5508436560630798,0.5393876433372498,-1.505122423171997,0.574478805065155,0.4353353679180145,-1.4413707256317139,0.5948134064674377,0.43425002694129944,-1.4414894580841064,0.613835334777832,0.4328969717025757,-1.4414808750152588,0.5017009973526001,0.43515878915786743,-1.4529759883880615,0.47507229447364807,0.4350491166114807,-1.4523530006408691,0.4512072205543518,0.4381236732006073,-1.4528299570083618,0.6376562118530273,0.4595469534397125,-0.9445702433586121,0.4130736291408539,0.47640225291252136,-0.9731764793395996,0.5842276215553284,0.6263008713722229,-1.307822823524475,0.5036893486976624,0.6272132992744446,-1.3162978887557983,0.8095430135726929,0.8616964221000671,-0.5504478812217712,0.24271447956562042,0.8770681619644165,-0.6652652025222778,0.9229815602302551,1.360927700996399,-0.5489959716796875,0.13404501974582672,1.4490816593170166,-0.5764011740684509,0.8825872540473938,1.6514713764190674,-1.081021785736084,0.19605030119419098,1.7873648405075073,-1.1508129835128784,0.9057602882385254,1.7735439538955688,-1.2448248863220215,0.19023309648036957,1.9204219579696655,-1.3272591829299927,0.8613098859786987,1.7502655982971191,-1.3324947357177734,0.23760323226451874,1.8757412433624268,-1.4231326580047607,0.8381619453430176,1.7018473148345947,-1.1446611881256104,0.25447219610214233,1.8208352327346802,-1.2110369205474854,0.717754602432251,1.7759679555892944,-0.0406363308429718,0.34964078664779663,1.7903523445129395,0.04705777019262314,0.7019940614700317,2.54557204246521,-0.04243100807070732,0.3682537078857422,2.5451414585113525,-0.13394847512245178,0.699480414390564,3.239415168762207,0.6857020854949951,0.38871169090270996,3.22859263420105,0.3843114972114563,0.7054558992385864,3.3509604930877686,0.7139652371406555,0.38867053389549255,3.3393030166625977,0.40949541330337524,0.6402596831321716,3.470597505569458,-0.05025101453065872,0.44509345293045044,3.44917893409729,-0.4283868372440338,0.43262366886461456,2
2026-09-24T12:32:27.587336,S013,S013_A5_Y_20260924_1231,elevated_20,A5,young,class_2,0.5503218173980713,0.5381393432617188,-1.5266950130462646,0.5739504098892212,0.43459320068359375,-1.4634075164794922,0.5942853689193726,0.4337339997291565,-1.4635604619979858,0.6133687496185303,0.4326675534248352,-1.4635372161865234,0.5011265873908997,0.43470537662506104,-1.475176215171814,0.47456392645835876,0.43477293848991394,-1.4745856523513794,0.45082584023475647,0.43804723024368286,-1.475082516670227,0.6371744275093079,0.4601094424724579,-0.9167329668998718,0.41276755928993225,0.4765496551990509,-0.9679311513900757,0.583967387676239,0.6259145140647888,-1.3183538913726807,0.5032081604003906,0.6266698241233826,-1.3315593004226685,0.8088823556900024,0.8616425395011902,-0.5095239877700806,0.24448850750923157,0.8750962615013123,-0.5790911316871643,0.9226481318473816,1.3207751512527466,-0.6951898336410522,0.13485537469387054,1.3773224353790283,-0.8695381879806519,0.8760710954666138,1.486918330192566,-1.4211218357086182,0.18718454241752625,1.372580647468567,-1.9204437732696533,0.8879863619804382,1.5617430210113525,-1.568874478340149,0.18335607647895813,1.389978289604187,-2.1326100826263428,0.8495868444442749,1.5122557878494263,-1.6135536432266235,0.20707020163536072,1.331834316253662,-2.14172625541687,0.8328070640563965,1.4789257049560547,-1.464013934135437,0.22273191809654236,1.322345495223999,-1.9587818384170532,0.717047393321991,1.7760193347930908,-0.04077240079641342,0.3547248840332031,1.790135145187378,0.047280021011829376,0.7008766531944275,2.544111490249634,-0.057809967547655106,0.37040334939956665,2.5412909984588623,-0.1787583827972412,0.6996228098869324,3.236773729324341,0.5594978928565979,0.39360612630844116,3.2264130115509033,0.22693201899528503,0.7056249380111694,3.347076416015625,0.5774447917938232,0.3957878053188324,3.3368918895721436,0.23757700622081757,0.6419937610626221,3.461174964904785,-0.18669883906841278,0.44671815633773804,3.4476027488708496,-0.5844347476959229,0.4322366062139433,2
2026-09-24T12:32:27.661059,S013,S013_A5_Y_20260924_1231,elevated_20,A5,young,class_2,0.550083577632904,0.5376903414726257,-1.5748671293258667,0.5737446546554565,0.43427103757858276,-1.504892110824585,0.5942078232765198,0.43352335691452026,-1.5050009489059448,0.6131535768508911,0.43259891867637634,-1.5049573183059692,0.5009884238243103,0.4344836175441742,-1.5220825672149658,0.4744277894496918,0.43458291888237,-1.5217325687408447,0.450744092464447,0.4379425644874573,-1.5223060846328735,0.6370458602905273,0.46038681268692017,-0.9621480107307434,0.41251498460769653,0.47655555605888367,-1.0280383825302124,0.5834627747535706,0.6259006261825562,-1.364253282546997,0.5030332207679749,0.6266015768051147,-1.3822510242462158,0.8087385296821594,0.8616464734077454,-0.5409626960754395,0.24122901260852814,0.8759786486625671,-0.6912997961044312,0.9103790521621704,1.3228428363800049,-0.5763600468635559,0.14942671358585358,1.4159966707229614,-0.8269389271736145,0.8517619371414185,1.5808475017547607,-1.1135706901550293,0.23255714774131775,1.6121158599853516,-1.4889603853225708,0.865199089050293,1.6881598234176636,-1.2628238201141357,0.2371807098388672,1.7185628414154053,-1.693603277206421,0.8215925097465515,1.6528677940368652,-1.3408247232437134,0.2706719636917114,1.6652170419692993,-1.7764959335327148,0.8054512739181519,1.606111764907837,-1.171358346939087,0.28096887469291687,1.6113580465316772,-1.5436830520629883,0.717384934425354,1.7731306552886963,-0.0384303480386734,0.3549644649028778,1.789214849472046,0.044711269438266754,0.7008050680160522,2.536649465560913,-0.03427574411034584,0.37021905183792114,2.535076856613159,-0.1758720576763153,0.6993735432624817,3.2262918949127197,0.6508318185806274,0.39385563135147095,3.2186262607574463,0.2712676525115967,0.7052695751190186,3.3371269702911377,0.6762126684188843,0.39600422978401184,3.3308329582214355,0.2872104048728943,0.6426141262054443,3.4517245292663574,-0.07921923696994781,0.4490411877632141,3.435180425643921,-0.5417895913124084,0.43078075239331654,2
2026-09-24T12:32:27.734896,S013,S013_A5_Y_20260924_1231,elevated_20,A5,young,class_2,0.5498325228691101,0.536826491355896,-1.7343374490737915,0.5734022259712219,0.43397435545921326,-1.6550705432891846,0.5938248634338379,0.4333893358707428,-1.6551967859268188,0.6128554940223694,0.43258413672447205,-1.6551697254180908,0.49956661462783813,0.4341944456100464,-1.6769015789031982,0.47200456261634827,0.4344096779823303,-1.6767164468765259,0.4476357102394104,0.43789663910865784,-1.6771700382232666,0.6367205381393433,0.4607928991317749,-1.079638123512268,0.4112812876701355,0.4766165614128113,-1.160053014755249,0.583285927772522,0.6258943676948547,-1.5063414573669434,0.5021599531173706,0.6265810132026672,-1.5307567119598389,0.8098761439323425,0.862855851650238,-0.6427007913589478,0.23424342274665833,0.8910120129585266,-0.7853540182113647,0.9185207486152649,1.3254101276397705,-0.6458743214607239,0.1501644402742386,1.4514167308807373,-0.8687731027603149,0.8418552279472351,1.575114130973816,-1.1643612384796143,0.2829429507255554,1.5842680931091309,-1.5948340892791748,0.8479753732681274,1.6737126111984253,-1.3214467763900757,0.3150293231010437,1.6588802337646484,-1.7891184091567993,0.8014734983444214,1.6293977499008179,-1.3844983577728271,0.3335926830768585,1.5845725536346436,-1.8192031383514404,0.7898039817810059,1.5871391296386719,-1.2191855907440186,0.33281785249710083,1.5482151508331299,-1.630388617515564,0.7322964072227478,1.7767436504364014,-0.037344735115766525,0.3605916500091553,1.7992823123931885,0.043450091034173965,0.7209627032279968,2.5416500568389893,0.010990297421813011,0.38898688554763794,2.540818214416504,-0.1791328340768814,0.7311596870422363,3.2278168201446533,0.8197981119155884,0.4262534976005554,3.221877336502075,0.40039563179016113,0.7360554337501526,3.3392903804779053,0.8545423746109009,0.4293111264705658,3.3339056968688965,0.4333544373512268,0.6897164583206177,3.453434705734253,0.06915328651666641,0.49460309743881226,3.4372498989105225,-0.43717604875564575,0.42909836723111133,2
2026-09-24T12:32:27.813415,S013,S013_A5_Y_20260924_1231,elevated_20,A5,young,class_2,0.5478732585906982,0.5355959534645081,-1.5473939180374146,0.5730563402175903,0.4335430860519409,-1.476715087890625,0.5936588048934937,0.43304386734962463,-1.476749062538147,0.6126827597618103,0.43236950039863586,-1.4768483638763428,0.49756884574890137,0.43383604288101196,-1.4869273900985718,0.4694344997406006,0.43399614095687866,-1.4862043857574463,0.4446411728858948,0.4373829960823059,-1.486486554145813,0.6365648508071899,0.46082475781440735,-0.9763639569282532,0.4103248715400696,0.4763089120388031,-0.9993678331375122,0.5826643109321594,0.6255311369895935,-1.3508700132369995,0.49919557571411133,0.6255878210067749,-1.3578789234161377,0.8164199590682983,0.8627698421478271,-0.6364742517471313,0.23055978119373322,0.8946187496185303,-0.7054592370986938,0.9241667985916138,1.3365061283111572,-0.563060462474823,0.1569702923297882,1.490350604057312,-0.768125057220459,0.8490161895751953,1.6941378116607666,-0.9710170030593872,0.2875186800956726,1.687848687171936,-1.5670955181121826,0.8664858937263489,1.8219497203826904,-1.131542682647705,0.3063952922821045,1.7884712219238281,-1.7209173440933228,0.8032180666923523,1.802672028541565,-1.205496072769165,0.3410041034221649,1.7165138721466064,-1.7566328048706055,0.7905562520027161,1.7503151893615723,-1.0272011756896973,0.3456571698188782,1.6685001850128174,-1.614835500717163,0.7363664507865906,1.7734977006912231,-0.03931718319654465,0.36419397592544556,1.7990875244140625,0.045842401683330536,0.7278352975845337,2.539980411529541,0.02272842451930046,0.39293184876441956,2.5402400493621826,-0.08960297703742981,0.7397988438606262,3.2228808403015137,0.8374335169792175,0.4305208623409271,3.2213828563690186,0.4943975806236267,0.7465156316757202,3.3345422744750977,0.8751910328865051,0.4335351884365082,3.332899808883667,0.527471661567688,0.6935378313064575,3.4511289596557617,0.1155472993850708,0.49559760093688965,3.43683123588562,-0.30462875962257385,0.42737850913721503,2
2026-09-24T12:32:27.885685,S013,S013_A5_Y_20260924_1231,elevated_20,A5,young,class_2,0.5454450845718384,0.5356699228286743,-1.5165561437606812,0.5720640420913696,0.4337396025657654,-1.4558062553405762,0.5928777456283569,0.4331936240196228,-1.4558202028274536,0.6121033430099487,0.4325310289859772,-1.4559013843536377,0.49538764357566833,0.4342444837093353,-1.4611799716949463,0.46664732694625854,0.43435654044151306,-1.4601984024047852,0.4417927861213684,0.43768370151519775,-1.4603532552719116,0.6364885568618774,0.46122342348098755,-0.9414873123168945,0.4087594449520111,0.47647449374198914,-0.9386751055717468,0.5817541480064392,0.6256193518638611,-1.3096668720245361,0.4973917007446289,0.6256212592124939,-1.3096040487289429,0.8163226246833801,0.8627796769142151,-0.6071198582649231,0.22980383038520813,0.894198477268219,-0.6348906755447388,0.9176607131958008,1.3904502391815186,-0.6026846170425415,0.17321832478046417,1.4928357601165771,-0.9466055035591125,0.8180076479911804,1.651405692100525,-1.073487639427185,0.3497868776321411,1.4402077198028564,-1.9113041162490845,0.8247761726379395,1.7476214170455933,-1.2339987754821777,0.3913462460041046,1.4382665157318115,-2.1212477684020996,0.7763221859931946,1.7090963125228882,-1.3029916286468506,0.3962247371673584,1.3593213558197021,-2.1192214488983154,0.7629672884941101,1.6711065769195557,-1.13318932056427,0.3988575339317322,1.358777642250061,-1.9419463872909546,0.7360743284225464,1.7760668992996216,-0.04606080800294876,0.36131855845451355,1.799026608467102,0.052823882550001144,0.7252985835075378,2.5444412231445312,0.09155021607875824,0.3905961513519287,2.547330379486084,0.10507520288228989,0.7258106470108032,3.2262163162231445,0.9878107309341431,0.41051730513572693,3.226719379425049,0.7754160761833191,0.7316561341285706,3.33548641204834,1.03085196018219,0.408803790807724,3.336124897003174,0.8180776834487915,0.6783897876739502,3.454810619354248,0.24520210921764374,0.4565557837486267,3.4433202743530273,-0.03083791770040989,0.4276407324686068,2
2026-09-24T12:32:28.003595,S013,S013_A5_Y_20260924_1231,elevated_20,A5,young,class_2,0.5462405681610107,0.537511944770813,-1.6443904638290405,0.5722777843475342,0.4346889853477478,-1.6024516820907593,0.5931733250617981,0.43353453278541565,-1.602319359779358,0.6124384999275208,0.43253955245018005,-1.6023752689361572,0.49522361159324646,0.43690061569213867,-1.6081438064575195,0.46626630425453186,0.4375772178173065,-1.607283592224121,0.44082337617874146,0.44146984815597534,-1.6073976755142212,0.6369357705116272,0.46038350462913513,-1.1097337007522583,0.40736955404281616,0.4809078872203827,-1.1072314977645874,0.5836701393127441,0.6276447176933289,-1.4371936321258545,0.4983810782432556,0.6312017440795898,-1.4371416568756104,0.8201236724853516,0.858481764793396,-0.6802611351013184,0.23073701560497284,0.8939041495323181,-0.742425799369812,0.9423705339431763,1.384589672088623,-0.7798852920532227,0.1797216832637787,1.5053575038909912,-0.9737844467163086,0.8201342821121216,1.540822982788086,-1.308285117149353,0.33693188428878784,1.5112881660461426,-1.8126695156097412,0.82948237657547,1.5775237083435059,-1.4534571170806885,0.36899930238723755,1.5578278303146362,-1.996964693069458,0.7806094884872437,1.514366626739502,-1.4524109363555908,0.3803868293762207,1.4822895526885986,-2.0146985054016113,0.7662176489830017,1.5045356750488281,-1.3327215909957886,0.38632169365882874,1.462564468383789,-1.8464349508285522,0.746989369392395,1.7656770944595337,-0.05186866968870163,0.36630016565322876,1.7896671295166016,0.05869026109576225,0.7329717874526978,2.542158842086792,0.08825626224279404,0.39892005920410156,2.547128438949585,0.0552312508225441,0.734470784664154,3.2232933044433594,0.9762951135635376,0.4238402843475342,3.224524736404419,0.719222903251648,0.7405609488487244,3.3292596340179443,1.0183887481689453,0.4214223325252533,3.3299858570098877,0.7632330656051636,0.6872804760932922,3.454472541809082,0.2393498420715332,0.479419469833374,3.4434456825256348,-0.08908861875534058,0.4277742016715682,2
2026-09-24T12:32:28.092574,S013,S013_A5_Y_20260924_1231,elevated_20,A5,young,class_2,0.5507640242576599,0.5381125211715698,-1.2602806091308594,0.5740930438041687,0.43351811170578003,-1.1917535066604614,0.5948910713195801,0.43127450346946716,-1.1915781497955322,0.6141997575759888,0.42929497361183167,-1.1917343139648438,0.49590858817100525,0.4368448555469513,-1.2069313526153564,0.46634674072265625,0.4375792145729065,-1.2059568166732788,0.4407680928707123,0.44152697920799255,-1.2062082290649414,0.6374460458755493,0.4567463994026184,-0.7409145832061768,0.4052996039390564,0.4812919497489929,-0.7844560146331787,0.5871676206588745,0.6294249296188354,-1.082305908203125,0.5008704662322998,0.6362305879592896,-1.0954967737197876,0.8311475515365601,0.8610911965370178,-0.4658009111881256,0.22044944763183594,0.9109311699867249,-0.5887444019317627,0.9555339813232422,1.3905558586120605,-0.5287758708000183,0.15705087780952454,1.5286489725112915,-0.7523446679115295,0.8938374519348145,1.7723363637924194,-0.9980483055114746,0.2320609986782074,1.8509315252304077,-1.5181868076324463,0.9327376484870911,1.910591721534729,-1.1625770330429077,0.21268466114997864,1.9929014444351196,-1.7251867055892944,0.8550575971603394,1.9013322591781616,-1.2097351551055908,0.2750142812728882,1.9506752490997314,-1.8069703578948975,0.828140914440155,1.8522089719772339,-1.0463716983795166,0.2979009747505188,1.8925234079360962,-1.5837022066116333,0.7583733797073364,1.793702483177185,-0.04129583016037941,0.36674243211746216,1.8231737613677979,0.04911524057388306,0.7392396330833435,2.574892282485962,0.2012656033039093,0.3973292410373688,2.584228992462158,0.048262614756822586,0.7392372488975525,3.250279188156128,1.1545064449310303,0.4195646345615387,3.25937557220459,0.7582128643989563,0.7453593611717224,3.368222713470459,1.2069200277328491,0.41667017340660095,3.3797805309295654,0.8080582618713379,0.6923158764839172,3.4882731437683105,0.5035563111305237,0.47885575890541077,3.4944193363189697,-0.001915288739837706,0.4273606468301626,2
2026-09-24T12:32:28.177585,S013,S013_A5_Y_20260924_1231,elevated_20,A5,young,class_2,0.5534452199935913,0.5385330319404602,-1.2468454837799072,0.5751948952674866,0.4326857328414917,-1.1779589653015137,0.5958199501037598,0.4296799600124359,-1.1778348684310913,0.6150875091552734,0.4270275831222534,-1.1778768301010132,0.4966934323310852,0.4368370771408081,-1.1940758228302002,0.4665601849555969,0.43762674927711487,-1.193203330039978,0.44070643186569214,0.4416886866092682,-1.1934566497802734,0.6376029253005981,0.45436206459999084,-0.7298785448074341,0.4041138291358948,0.48174867033958435,-0.7783464193344116,0.5890388488769531,0.6300848722457886,-1.070994257926941,0.5027401447296143,0.6391379237174988,-1.0856611728668213,0.8359000086784363,0.8618326783180237,-0.4547351896762848,0.21696743369102478,0.9183387756347656,-0.5843927264213562,0.9647943377494812,1.3913609981536865,-0.5044468641281128,0.15018954873085022,1.535264492034912,-0.7298654317855835,0.9211287498474121,1.7989696264266968,-0.9714676737785339,0.2114674299955368,1.892477035522461,-1.483533501625061,0.9605278968811035,1.9415479898452759,-1.135158658027649,0.18988798558712006,2.037269353866577,-1.6873457431793213,0.8846278190612793,1.935676097869873,-1.1891648769378662,0.2551800012588501,1.9983298778533936,-1.7750670909881592,0.8562759160995483,1.8846224546432495,-1.0218945741653442,0.2786676287651062,1.9376391172409058,-1.5495429039001465,0.7632831335067749,1.8037936687469482,-0.036514054983854294,0.3693259656429291,1.8384253978729248,0.04461756348609924,0.7512125372886658,2.581721782684326,0.1824333518743515,0.40056824684143066,2.598534107208252,0.05244984105229378,0.7583578824996948,3.2599270343780518,1.1173341274261475,0.42769700288772583,3.2715377807617188,0.7538405656814575,0.7656922340393066,3.3812034130096436,1.168534517288208,0.42593780159950256,3.395211696624756,0.8020926713943481,0.7150740623474121,3.4988582134246826,0.4753258228302002,0.49654847383499146,3.5055956840515137,0.009102529846131802,0.4270200929132636,2
2026-09-24T12:32:28.252471,S013,S013_A5_Y_20260924_1231,elevated_20,A5,young,class_2,0.5533519983291626,0.5538796186447144,-1.6273839473724365,0.5764594674110413,0.44210830330848694,-1.5564229488372803,0.598924994468689,0.43776461482048035,-1.5563983917236328,0.6209519505500793,0.43413177132606506,-1.556575894355774,0.4945318102836609,0.4475133717060089,-1.5705639123916626,0.46337589621543884,0.4487348794937134,-1.5695772171020508,0.43754586577415466,0.4519141912460327,-1.5698930025100708,0.6514102220535278,0.45865753293037415,-1.0206921100616455,0.4003984332084656,0.49003666639328003,-1.0533525943756104,0.5897570252418518,0.6470028758049011,-1.4126338958740234,0.5015979409217834,0.6577633619308472,-1.4240719079971313,0.8603247404098511,0.8778569102287292,-0.6283262968063354,0.2159946709871292,0.9273722767829895,-0.7713455557823181,0.9947611689567566,1.4033867120742798,-0.6299725770950317,0.13801252841949463,1.5394649505615234,-0.8815199136734009,0.9616905450820923,1.83120596408844,-1.174437165260315,0.1722954958677292,1.9248379468917847,-1.7426303625106812,1.0015692710876465,1.9853240251541138,-1.3619188070297241,0.14367161691188812,2.0779430866241455,-1.9721505641937256,0.9224591255187988,1.979598879814148,-1.4270474910736084,0.21265432238578796,2.0455880165100098,-2.068716049194336,0.8946928977966309,1.9248976707458496,-1.2310528755187988,0.2400190532207489,1.9858729839324951,-1.8144134283065796,0.7732101082801819,1.8300100564956665,-0.038744453340768814,0.3691100478172302,1.8628312349319458,0.047077275812625885,0.7663727402687073,2.618607521057129,0.3545066714286804,0.402322918176651,2.636347532272339,0.25795042514801025,0.778150737285614,3.284390449523926,1.6594173908233643,0.4305952191352844,3.3026912212371826,1.3414908647537231,0.7887336015701294,3.408271312713623,1.7435600757598877,0.43031662702560425,3.428544521331787,1.4301037788391113,0.7237213253974915,3.5402655601501465,0.9572726488113403,0.5085369944572449,3.5547475814819336,0.5411614179611206,0.4263193564817784,2
2026-09-24T12:32:28.332201,S013,S013_A5_Y_20260924_1231,elevated_20,A5,young,class_2,0.5527237057685852,0.5620602965354919,-1.6055437326431274,0.5778955817222595,0.4508802592754364,-1.5283889770507812,0.6019757390022278,0.4473043382167816,-1.5284392833709717,0.6262165307998657,0.4445057213306427,-1.528696894645691,0.4930249750614166,0.4555303454399109,-1.5445770025253296,0.46102601289749146,0.45705947279930115,-1.543642282485962,0.4351354241371155,0.45987072587013245,-1.5440046787261963,0.662510871887207,0.47115346789360046,-1.0170085430145264,0.3978796601295471,0.49690473079681396,-1.031511902809143,0.5917150974273682,0.6618219614028931,-1.3859078884124756,0.49960198998451233,0.6684377789497375,-1.4006646871566772,0.8746245503425598,0.8996849656105042,-0.6241440176963806,0.212059885263443,0.9351533651351929,-0.7423824667930603,1.0024077892303467,1.4294323921203613,-0.6467108130455017,0.13234132528305054,1.5469818115234375,-0.9314224123954773,0.975117027759552,1.8703736066818237,-1.2543762922286987,0.1431623250246048,1.8882707357406616,-1.9403293132781982,1.0156280994415283,2.034905433654785,-1.4409432411193848,0.1295628398656845,2.095308780670166,-2.187329053878784,0.932345986366272,2.0302324295043945,-1.4984883069992065,0.20167095959186554,2.0673842430114746,-2.274672031402588,0.906064510345459,1.9695883989334106,-1.3084865808486938,0.227657750248909,2.006239414215088,-2.011813163757324,0.7789698243141174,1.865684986114502,-0.04004674404859543,0.36732009053230286,1.894299030303955,0.04868119955062866,0.7723259329795837,2.657642126083374,0.34701794385910034,0.40139102935791016,2.67407488822937,0.2834533452987671,0.7855075001716614,3.3291306495666504,1.5890576839447021,0.4264144003391266,3.34920334815979,1.3022518157958984,0.7982338666915894,3.4647297859191895,1.6664707660675049,0.4261683523654938,3.485542058944702,1.382387399673462,0.7255041003227234,3.5889735221862793,0.8562992811203003,0.5050144195556641,3.6050620079040527,0.4797685146331787,0.42563166913102823,2
2026-09-24T12:32:28.410593,S013,S013_A5_Y_20260924_1231,elevated_20,A5,young,class_2,0.5550630688667297,0.6114574074745178,-2.294430732727051,0.5865631699562073,0.4783404469490051,-2.255216360092163,0.6153582334518433,0.4761853516101837,-2.2548112869262695,0.6434052586555481,0.47493454813957214,-2.2551827430725098,0.4930991530418396,0.4811968505382538,-2.2684988975524902,0.4608882963657379,0.4835187494754791,-2.2678098678588867,0.4345739483833313,0.4870387613773346,-2.2679672241210938,0.685673177242279,0.4919132888317108,-1.7159626483917236,0.3943379521369934,0.5132995247840881,-1.743939757347107,0.6018432974815369,0.7153869271278381,-2.0596742630004883,0.5007450580596924,0.7155597805976868,-2.0702602863311768,0.8812782168388367,0.9040310978889465,-1.2087485790252686,0.21099884808063507,0.9359971880912781,-1.2590090036392212,1.0414860248565674,1.438520908355713,-1.1744813919067383,0.10460679233074188,1.5428210496902466,-1.132677674293518,0.9819410443305969,1.9090244770050049,-1.5831573009490967,0.11932118237018585,1.9769879579544067,-1.7803623676300049,1.011078119277954,2.068549394607544,-1.7233364582061768,0.09298859536647797,2.1454861164093018,-2.027000665664673,0.9350835084915161,2.055891275405884,-1.7687733173370361,0.15157997608184814,2.1140432357788086,-2.072726249694824,0.9106470346450806,2.0030980110168457,-1.6213874816894531,0.18100938200950623,2.0562453269958496,-1.8406286239624023,0.7906422019004822,1.8548990488052368,-0.061199188232421875,0.3684192895889282,1.8818265199661255,0.06898216158151627,0.7787595391273499,2.6572611331939697,0.3031817674636841,0.40099605917930603,2.6610100269317627,0.2527013421058655,0.7844827175140381,3.33088755607605,1.5546822547912598,0.4261043965816498,3.3348402976989746,1.2699987888336182,0.795913815498352,3.4551892280578613,1.6315895318984985,0.42633771896362305,3.460169792175293,1.3514055013656616,0.7230812311172485,3.6075732707977295,0.8254210352897644,0.5057584047317505,3.605977773666382,0.4396641254425049,0.4246059267849584,2
2026-09-24T12:32:28.486644,S013,S013_A5_Y_20260924_1231,elevated_20,A5,young,class_2,0.557908833026886,0.6344087719917297,-2.1541082859039307,0.5914252996444702,0.4917067885398865,-2.1088125705718994,0.620661735534668,0.48924264311790466,-2.1084513664245605,0.6488066911697388,0.48818880319595337,-2.108760118484497,0.4941200315952301,0.4962644875049591,-2.1253180503845215,0.46111077070236206,0.4995242655277252,-2.1246190071105957,0.43458136916160583,0.5039958357810974,-2.124830722808838,0.6926247477531433,0.5024607181549072,-1.5723809003829956,0.3936082720756531,0.5251182913780212,-1.617796540260315,0.606160581111908,0.7319660186767578,-1.9237216711044312,0.5029844045639038,0.7364206910133362,-1.9386613368988037,0.8812657594680786,0.9112392663955688,-1.0807669162750244,0.21053560078144073,0.9413425922393799,-1.180512547492981,1.0465037822723389,1.4390549659729004,-1.0233986377716064,0.09500477463006973,1.5386767387390137,-1.067920207977295,0.992763340473175,1.9262655973434448,-1.4246392250061035,0.11053985357284546,1.989061951637268,-1.6787242889404297,1.0252909660339355,2.093872308731079,-1.5641881227493286,0.08015750348567963,2.1547019481658936,-1.830768346786499,0.9464627504348755,2.089462995529175,-1.6135876178741455,0.14076757431030273,2.1320979595184326,-1.9297218322753906,0.9209423065185547,2.032371759414673,-1.4659247398376465,0.16940820217132568,2.0722296237945557,-1.7406772375106812,0.7928255796432495,1.8551603555679321,-0.06046723201870918,0.3687785565853119,1.8784431219100952,0.06812849640846252,0.775931179523468,2.6680798530578613,0.2982447147369385,0.4003139138221741,2.65834903717041,0.1865324079990387,0.7796322107315063,3.3449831008911133,1.485721468925476,0.42329835891723633,3.335876941680908,1.1140031814575195,0.7902496457099915,3.466827869415283,1.5560802221298218,0.4233839511871338,3.4575107097625732,1.1874405145645142,0.7208102941513062,3.6213057041168213,0.760351300239563,0.5053356885910034,3.6101064682006836,0.2851078510284424,0.42410400750635413,2
2026-09-24T12:32:28.560241,S013,S013_A5_Y_20260924_1231,elevated_20,A5,young,class_2,0.5576308965682983,0.7258307933807373,-2.000351667404175,0.595608115196228,0.5746110081672668,-2.010169506072998,0.6276747584342957,0.5713608264923096,-2.0095834732055664,0.6584157943725586,0.5701128244400024,-2.009951114654541,0.4941013753414154,0.5731333494186401,-2.001248359680176,0.4608508050441742,0.5707912445068359,-2.000180244445801,0.4340488016605377,0.56975919008255,-2.0000669956207275,0.7107151746749878,0.5551089644432068,-1.6240602731704712,0.39292827248573303,0.5570430755615234,-1.5399959087371826,0.6085423231124878,0.8101109266281128,-1.806183099746704,0.5032050609588623,0.8021296262741089,-1.7871742248535156,0.8909749984741211,0.9277735352516174,-1.1869858503341675,0.2107953280210495,0.928501307964325,-1.0605770349502563,1.043603777885437,1.4430248737335205,-1.0695874691009521,0.10034183412790298,1.5218430757522583,-0.8932364583015442,0.978125274181366,1.895095944404602,-1.3183810710906982,0.11065187305212021,1.9495667219161987,-1.3454508781433105,1.0194035768508911,2.046323776245117,-1.3844945430755615,0.07524944841861725,2.1031830310821533,-1.4585198163986206,0.9364917874336243,2.0239880084991455,-1.3983606100082397,0.12510159611701965,2.06600022315979,-1.5507806539535522,0.9121958613395691,1.9745830297470093,-1.3239309787750244,0.1599743813276291,2.0129618644714355,-1.4017913341522217,0.7901611328125,1.8506141901016235,-0.09876470267772675,0.35129010677337646,1.8715612888336182,0.10536836087703705,0.7621372938156128,2.6677520275115967,0.26629146933555603,0.36943623423576355,2.6538851261138916,0.39652255177497864,0.7686491012573242,3.344109535217285,1.3762986660003662,0.39773237705230713,3.329223155975342,1.235377550125122,0.7810521721839905,3.462291955947876,1.4360601902008057,0.40103664994239807,3.447918653488159,1.3053263425827026,0.6974428296089172,3.631094217300415,0.6729125380516052,0.4823026657104492,3.6153016090393066,0.5030688643455505,0.424507375330987,2
2026-09-24T12:32:28.635167,S013,S013_A5_Y_20260924_1231,elevated_20,A5,young,class_2,0.5598056316375732,0.7571011185646057,-3.024280071258545,0.6064885258674622,0.5981596112251282,-3.040515899658203,0.6415623426437378,0.5952156782150269,-3.0402188301086426,0.6746647953987122,0.5942571759223938,-3.0408098697662354,0.4959539771080017,0.6018043756484985,-3.0275590419769287,0.4609655439853668,0.6018000841140747,-3.027519941329956,0.4340200424194336,0.6019726395606995,-3.0272889137268066,0.730894148349762,0.5840136408805847,-2.562117099761963,0.39176756143569946,0.5957444310188293,-2.4854791164398193,0.6153675317764282,0.8495924472808838,-2.7921323776245117,0.5055362582206726,0.8443875908851624,-2.7720470428466797,0.8945493698120117,0.9378877282142639,-1.97275710105896,0.22010429203510284,0.9283602833747864,-1.6678001880645752,1.0480444431304932,1.4394488334655762,-1.7960361242294312,0.12715916335582733,1.5041536092758179,-1.132930874824524,0.9864424467086792,1.8626306056976318,-1.959730863571167,0.15388993918895721,1.8777306079864502,-1.4045934677124023,1.0098029375076294,2.0072548389434814,-2.0558176040649414,0.12584945559501648,1.9953179359436035,-1.4805347919464111,0.9486659169197083,1.9909824132919312,-2.108715772628784,0.13585127890110016,1.9534497261047363,-1.5800652503967285,0.9263042211532593,1.9412888288497925,-1.9837497472763062,0.1765258014202118,1.9086191654205322,-1.4551634788513184,0.794018030166626,1.849464774131775,-0.12370587885379791,0.3737527132034302,1.8680827617645264,0.12917280197143555,0.775633692741394,2.6647958755493164,0.21618561446666718,0.41523462533950806,2.6515183448791504,0.3086199164390564,0.7679781913757324,3.3392763137817383,1.3831510543823242,0.4285151958465576,3.3242199420928955,1.2604084014892578,0.7795495986938477,3.458047389984131,1.4573501348495483,0.4407428205013275,3.4425721168518066,1.334183931350708,0.7062143683433533,3.6253814697265625,0.7079190611839294,0.4948336184024811,3.6031126976013184,0.5094174146652222,0.4232525190988478,2
2026-09-24T12:32:28.762939,S013,S013_A5_Y_20260924_1231,elevated_20,A5,young,class_2,0.559601902961731,0.7714774012565613,-2.8129453659057617,0.6073577404022217,0.6141083836555481,-2.8435263633728027,0.6438623666763306,0.6123174428939819,-2.8430023193359375,0.6785315275192261,0.6119301319122314,-2.8433775901794434,0.4942508339881897,0.6154235005378723,-2.829437017440796,0.4589170813560486,0.6148673892021179,-2.829472780227661,0.432638019323349,0.6145250201225281,-2.829467535018921,0.7410159707069397,0.5988834500312805,-2.4232611656188965,0.3913676142692566,0.6101868152618408,-2.3431363105773926,0.6178455352783203,0.865416407585144,-2.5985631942749023,0.5059372782707214,0.8566341400146484,-2.577282428741455,0.8968201875686646,0.9381946921348572,-1.7831294536590576,0.22292611002922058,0.9279839396476746,-1.5948339700698853,1.0640798807144165,1.4401257038116455,-1.7226202487945557,0.14169614017009735,1.4934394359588623,-1.1288292407989502,0.9778363108634949,1.7186230421066284,-1.9400007724761963,0.17100772261619568,1.8729969263076782,-1.313098669052124,0.9864693880081177,1.8043980598449707,-2.0050673484802246,0.14275257289409637,1.9997624158859253,-1.3508981466293335,0.9409208297729492,1.74534273147583,-2.015512704849243,0.14064344763755798,1.957584023475647,-1.4215502738952637,0.9164139032363892,1.7193392515182495,-1.9450578689575195,0.19109956920146942,1.9082393646240234,-1.3451778888702393,0.7940040826797485,1.8479321002960205,-0.11316885054111481,0.3785579800605774,1.8651808500289917,0.1194513589143753,0.7763872742652893,2.6592202186584473,0.027549630030989647,0.4132799208164215,2.6493427753448486,-0.03750114142894745,0.7602035403251648,3.333904266357422,1.0174856185913086,0.42343536019325256,3.3208744525909424,0.6911135911941528,0.7577874660491943,3.453474760055542,1.0735657215118408,0.4401729702949524,3.4392592906951904,0.7346831560134888,0.70000159740448,3.628249406814575,0.3829115927219391,0.47989416122436523,3.601168632507324,-0.04935338348150253,0.4215810862453619,2
2026-09-24T12:32:28.855750,S013,S013_A5_Y_20260924_1231,elevated_20,A5,young,class_2,0.5738956928253174,0.7650753259658813,-2.6018154621124268,0.6210525631904602,0.606479287147522,-2.6216018199920654,0.6616851091384888,0.603520929813385,-2.6209590435028076,0.699689507484436,0.6026352047920227,-2.6209633350372314,0.5034788846969604,0.6142124533653259,-2.617225408554077,0.4660281240940094,0.6161094307899475,-2.617168664932251,0.4375580847263336,0.6174194812774658,-2.617135524749756,0.7580820322036743,0.5955992937088013,-2.1834876537323,0.39184051752090454,0.6187489628791809,-2.150578260421753,0.6380640268325806,0.8606951832771301,-2.385486125946045,0.5217403173446655,0.854455828666687,-2.3762991428375244,0.893629252910614,0.9375067353248596,-1.5106309652328491,0.23435768485069275,0.9274561405181885,-1.5064170360565186,1.0543221235275269,1.3773434162139893,-1.4943732023239136,0.1415487825870514,1.459256887435913,-1.2632020711898804,0.9730432629585266,1.5344796180725098,-1.973592758178711,0.16091321408748627,1.8714962005615234,-1.6178299188613892,0.978603184223175,1.6040014028549194,-2.078784942626953,0.12189499288797379,2.000530958175659,-1.7038233280181885,0.9341679811477661,1.5473246574401855,-2.0977845191955566,0.15454187989234924,1.9625111818313599,-1.773498773574829,0.9109727740287781,1.527809500694275,-1.9948656558990479,0.19608965516090393,1.909148931503296,-1.6556997299194336,0.7921217679977417,1.8248602151870728,-0.08394176512956619,0.38204237818717957,1.8204602003097534,0.08887205272912979,0.7755797505378723,2.6231067180633545,0.0309385247528553,0.4168716371059418,2.5982911586761475,-0.12394478172063828,0.7600678205490112,3.2856826782226562,0.8327261209487915,0.4260781705379486,3.275580406188965,0.46357470750808716,0.7539114356040955,3.4015493392944336,0.8632695078849792,0.4409828186035156,3.3926024436950684,0.4869658052921295,0.700036883354187,3.576157331466675,0.18372491002082825,0.4804087281227112,3.5558319091796875,-0.2902352213859558,0.42227238951686147,2
2026-09-24T12:32:28.935421,S013,S013_A5_Y_20260924_1231,elevated_20,A5,young,class_2,0.5857701897621155,0.7663108706474304,-3.2217319011688232,0.6387099623680115,0.610297441482544,-3.211216449737549,0.6795954704284668,0.6089547872543335,-3.210688352584839,0.7172940969467163,0.6089076399803162,-3.210801601409912,0.5221841931343079,0.6118242144584656,-3.2083258628845215,0.48193272948265076,0.6122002005577087,-3.209015369415283,0.44918546080589294,0.6126013994216919,-3.2085461616516113,0.7668964266777039,0.6044149994850159,-2.613736629486084,0.39446693658828735,0.6172086596488953,-2.601372241973877,0.6454398036003113,0.8674882054328918,-2.95015287399292,0.5285504460334778,0.8578321933746338,-2.9489924907684326,0.8929659128189087,0.9368343353271484,-1.941139578819275,0.2378336489200592,0.9272038340568542,-1.7564630508422852,1.0742661952972412,1.357406735420227,-2.3647613525390625,0.11050139367580414,1.452189564704895,-1.9428695440292358,0.9686281085014343,1.2092171907424927,-3.032716751098633,0.14959777891635895,1.2037169933319092,-2.723517417907715,0.926302433013916,1.0873712301254272,-3.1287848949432373,0.12863656878471375,0.9837796688079834,-2.843853712081909,0.8986939191818237,0.9942799210548401,-3.0439767837524414,0.1633402705192566,0.9331104755401611,-2.7529637813568115,0.8926436305046082,1.0109604597091675,-3.0105600357055664,0.1970103234052658,0.9683314561843872,-2.7063095569610596,0.7915226221084595,1.8631584644317627,-0.10771884024143219,0.3873463571071625,1.8301315307617188,0.11305077373981476,0.754557728767395,2.585838556289673,0.1589435338973999,0.4003663659095764,2.518455743789673,0.1892712116241455,0.7576020956039429,3.1553032398223877,1.3171238899230957,0.43055811524391174,3.0734307765960693,1.1696637868881226,0.7518783211708069,3.2738945484161377,1.392840027809143,0.4477405548095703,3.1666386127471924,1.2438777685165405,0.6965280771255493,3.3776235580444336,0.8160014152526855,0.47758811712265015,3.3290998935699463,0.6442074775695801,0.42867382029516826,2
2026-09-24T12:32:29.015592,S013,S013_A5_Y_20260924_1231,elevated_20,A5,young,class_2,0.5857076048851013,0.7646270990371704,-2.73736572265625,0.6365448236465454,0.6145154237747192,-2.7327682971954346,0.6749323606491089,0.6140090227127075,-2.7323684692382812,0.7109744548797607,0.6153220534324646,-2.7325782775878906,0.5209075212478638,0.6143985390663147,-2.7258598804473877,0.4811065196990967,0.6139990091323853,-2.7259409427642822,0.4492883086204529,0.6139087677001953,-2.7256102561950684,0.765174150466919,0.610943615436554,-2.1918745040893555,0.3978520333766937,0.6177881360054016,-2.151109457015991,0.6433872580528259,0.8597939014434814,-2.4891958236694336,0.528281569480896,0.8527459502220154,-2.4787416458129883,0.8945045471191406,0.9391370415687561,-1.5984936952590942,0.24039411544799805,0.9351778030395508,-1.5648653507232666,1.0664136409759521,1.3822588920593262,-1.8898022174835205,0.11224822700023651,1.4529908895492554,-1.4710309505462646,0.9677356481552124,1.4343669414520264,-2.537283420562744,0.15206339955329895,1.3735486268997192,-2.2687768936157227,0.92662113904953,1.4470595121383667,-2.652350664138794,0.1327509731054306,1.348204255104065,-2.3945116996765137,0.9014576077461243,1.398523211479187,-2.631380558013916,0.16115443408489227,1.2986476421356201,-2.3808321952819824,0.8926522135734558,1.3742698431015015,-2.5438170433044434,0.1932298243045807,1.3063920736312866,-2.2856392860412598,0.7972298264503479,1.888425350189209,-0.11630585044622421,0.3928369879722595,1.8801610469818115,0.12136669456958771,0.7710562944412231,2.6865956783294678,0.11451896280050278,0.4170258939266205,2.641416072845459,0.17973540723323822,0.7641755938529968,3.3400306701660156,1.0501840114593506,0.4345523715019226,3.299227237701416,0.8691598176956177,0.7579999566078186,3.4583191871643066,1.0948407649993896,0.44908207654953003,3.4073286056518555,0.9082862138748169,0.7096662521362305,3.5964577198028564,0.3427593410015106,0.4840354919433594,3.5756850242614746,0.10962226241827011,0.4295777849823053,2
2026-09-24T12:32:29.091666,S013,S013_A5_Y_20260924_1231,elevated_20,A5,young,class_2,0.5852091312408447,0.7513848543167114,-2.6784629821777344,0.6347599625587463,0.6069303750991821,-2.65718412399292,0.6725420355796814,0.6091490983963013,-2.659524440765381,0.7031456232070923,0.6144435405731201,-2.66081166267395,0.5187750458717346,0.604662299156189,-2.710261344909668,0.4782320559024811,0.6045345067977905,-2.7096457481384277,0.4480007290840149,0.6049210429191589,-2.706981658935547,0.7510606646537781,0.60531085729599,-1.9442541599273682,0.39767926931381226,0.6156170964241028,-2.016601085662842,0.6428016424179077,0.8527453541755676,-2.3717784881591797,0.527393102645874,0.8417972922325134,-2.4317798614501953,0.8936392068862915,0.9419050812721252,-1.3232972621917725,0.23274505138397217,0.9455724954605103,-1.3090260028839111,1.0635647773742676,1.4061644077301025,-1.2724846601486206,0.12672168016433716,1.5086346864700317,-1.0343116521835327,0.9772151708602905,1.7470778226852417,-1.7676126956939697,0.18817128241062164,1.783864974975586,-1.6129690408706665,0.9753929972648621,1.8834869861602783,-1.9049756526947021,0.18544600903987885,1.916239619255066,-1.7635376453399658,0.9317218065261841,1.8535889387130737,-1.992749571800232,0.2156893014907837,1.8709996938705444,-1.8445039987564087,0.9144452810287476,1.79636812210083,-1.8185527324676514,0.23322944343090057,1.8137534856796265,-1.6655288934707642,0.7986729741096497,1.8920001983642578,-0.10956922918558121,0.39747342467308044,1.8990710973739624,0.11483321338891983,0.7872231602668762,2.7050657272338867,-0.09543478488922119,0.43662333488464355,2.6817479133605957,-0.1427312046289444,0.7808945775032043,3.3834755420684814,0.8062882423400879,0.4486773908138275,3.3786709308624268,0.4568270146846771,0.7782443761825562,3.4978652000427246,0.8498983383178711,0.4598763883113861,3.497065544128418,0.48593252897262573,0.7220520377159119,3.6674599647521973,0.07696138322353363,0.49820247292518616,3.650299549102783,-0.36345577239990234,0.4273361849204362,2
2026-09-24T12:32:29.158291,S013,S013_A5_Y_20260924_1231,elevated_20,A5,young,class_2,0.5840252041816711,0.7374045252799988,-2.198298692703247,0.6342677474021912,0.5851191282272339,-2.162665605545044,0.6679222583770752,0.5816447138786316,-2.162853240966797,0.692988395690918,0.5810106992721558,-2.1633102893829346,0.5176612138748169,0.5903995037078857,-2.18454647064209,0.47636666893959045,0.5902066826820374,-2.18398118019104,0.4470558762550354,0.5901553630828857,-2.1841626167297363,0.7358525395393372,0.5739294290542603,-1.6018778085708618,0.39750421047210693,0.594019889831543,-1.6571118831634521,0.6398046612739563,0.8223267197608948,-1.9513046741485596,0.5272051095962524,0.8298950791358948,-1.9730727672576904,0.8928729891777039,0.9405328631401062,-1.0368499755859375,0.22084274888038635,0.9484289288520813,-1.1424481868743896,1.059931755065918,1.4205067157745361,-0.916978657245636,0.11535942554473877,1.527723789215088,-0.880589485168457,0.974983811378479,1.8395259380340576,-1.3602802753448486,0.15029843151569366,1.9510866403579712,-1.3208038806915283,0.9871262311935425,1.988614797592163,-1.4917572736740112,0.12969490885734558,2.111938238143921,-1.4736616611480713,0.9334416389465332,1.9732292890548706,-1.5794765949249268,0.17729254066944122,2.0891878604888916,-1.5716067552566528,0.9129410982131958,1.9146009683609009,-1.417410135269165,0.20058181881904602,2.023050308227539,-1.380041241645813,0.7957425117492676,1.8858904838562012,-0.07014912366867065,0.3867762088775635,1.8965319395065308,0.07657699286937714,0.7851480841636658,2.7037904262542725,-0.04967491328716278,0.4279921054840088,2.6897354125976562,-0.2415115386247635,0.7807492017745972,3.4066169261932373,0.8471965789794922,0.4447539746761322,3.401481866836548,0.3910919427871704,0.7823957204818726,3.5228471755981445,0.8885465860366821,0.4543169140815735,3.520613670349121,0.4239630103111267,0.7205079197883606,3.690290927886963,0.08369537442922592,0.49730172753334045,3.6687088012695312,-0.4964822828769684,0.4252515962031215,2
2026-09-24T12:32:29.236797,S013,S013_A5_Y_20260924_1231,elevated_20,A5,young,class_2,0.555698037147522,0.6733967065811157,-2.1591951847076416,0.6056250333786011,0.5481750965118408,-2.1117684841156006,0.6383479833602905,0.5431870222091675,-2.111833095550537,0.66075199842453,0.5408499836921692,-2.112208843231201,0.49053359031677246,0.5609307885169983,-2.124803066253662,0.45656341314315796,0.5633775591850281,-2.1242589950561523,0.42971235513687134,0.5656965970993042,-2.1247406005859375,0.6986790895462036,0.5445906519889832,-1.5321452617645264,0.3871910274028778,0.5790839791297913,-1.5627610683441162,0.6210078597068787,0.7601568102836609,-1.909367561340332,0.5060670971870422,0.7805137634277344,-1.920941948890686,0.8923989534378052,0.9401407837867737,-0.9866676330566406,0.21364033222198486,0.9478762149810791,-1.0611889362335205,1.0402213335037231,1.4397283792495728,-0.9084845781326294,0.08857946842908859,1.5381578207015991,-0.8841559290885925,0.9731810688972473,1.8634449243545532,-1.3798309564590454,0.14250673353672028,1.9650943279266357,-1.4317265748977661,0.9866868853569031,2.0118486881256104,-1.5205780267715454,0.1288660168647766,2.123880624771118,-1.6009693145751953,0.9314656257629395,1.9949443340301514,-1.6013826131820679,0.17790889739990234,2.09603214263916,-1.680190086364746,0.9108963012695312,1.9352517127990723,-1.434370756149292,0.19977721571922302,2.030550718307495,-1.4859378337860107,0.7810050249099731,1.8955734968185425,-0.0613541379570961,0.35919439792633057,1.9092304706573486,0.0681992918252945,0.7801076769828796,2.7304420471191406,-0.13488930463790894,0.40624746680259705,2.712116241455078,-0.31861886382102966,0.7793775200843811,3.4343605041503906,0.9411843419075012,0.4305717945098877,3.4262290000915527,0.4898725152015686,0.781777024269104,3.550238847732544,0.9936395883560181,0.4373689591884613,3.547999143600464,0.5415661931037903,0.7184439897537231,3.7283895015716553,0.1684722900390625,0.4903576970100403,3.6971583366394043,-0.41562238335609436,0.4230420475737033,2
2026-09-24T12:32:29.311189,S013,S013_A5_Y_20260924_1231,elevated_20,A5,young,class_2,0.5397775173187256,0.6546741724014282,-2.0489420890808105,0.5870091319084167,0.5326322317123413,-1.999847412109375,0.6172038316726685,0.5269902348518372,-1.9999139308929443,0.6394056081771851,0.5238817930221558,-2.0003488063812256,0.4752989411354065,0.5460106730461121,-2.012016773223877,0.44375449419021606,0.548480749130249,-2.0112478733062744,0.4177788197994232,0.5513104200363159,-2.0116212368011475,0.6723653078079224,0.5297554731369019,-1.4299073219299316,0.3754454255104065,0.5662807822227478,-1.4528753757476807,0.6045796871185303,0.7397066354751587,-1.8040456771850586,0.49154433608055115,0.7593247294425964,-1.8134229183197021,0.8856562376022339,0.940464437007904,-0.9103784561157227,0.20406799018383026,0.9476737380027771,-0.9679216146469116,1.0198841094970703,1.451367735862732,-0.8083068132400513,0.07554511725902557,1.5487314462661743,-0.8242850303649902,0.9599410891532898,1.864902377128601,-1.2346452474594116,0.1449640989303589,1.9375157356262207,-1.4174987077713013,0.9835580587387085,2.0108938217163086,-1.3760675191879272,0.13272687792778015,2.0885703563690186,-1.5910418033599854,0.9215875864028931,1.9920934438705444,-1.4433081150054932,0.18542030453681946,2.0475056171417236,-1.6669542789459229,0.899258017539978,1.9333447217941284,-1.2845971584320068,0.20173373818397522,1.985655426979065,-1.4714796543121338,0.7678077816963196,1.9033324718475342,-0.06238236278295517,0.3365386128425598,1.9175435304641724,0.06923216581344604,0.7678031325340271,2.73811411857605,-0.10541586577892303,0.38018864393234253,2.722999334335327,-0.18921931087970734,0.7693424820899963,3.4502270221710205,0.9763796925544739,0.3999866247177124,3.4449167251586914,0.5928135514259338,0.7763608694076538,3.5714728832244873,1.0309326648712158,0.400505930185318,3.5745551586151123,0.6384376287460327,0.7006077766418457,3.741011619567871,0.19979894161224365,0.4710935652256012,3.712176561355591,-0.2649698853492737,0.42122911337465857,2
2026-09-24T12:32:29.384046,S013,S013_A5_Y_20260924_1231,elevated_20,A5,young,class_2,0.5099450349807739,0.6191900968551636,-1.8576596975326538,0.550318717956543,0.5068207383155823,-1.8085849285125732,0.5810922980308533,0.5004808306694031,-1.808809518814087,0.6042276620864868,0.495365709066391,-1.8092410564422607,0.45217132568359375,0.5195170640945435,-1.809665322303772,0.42460259795188904,0.5217552781105042,-1.808812141418457,0.40067028999328613,0.5243844389915466,-1.8092933893203735,0.6387667655944824,0.5043152570724487,-1.2618143558502197,0.36801496148109436,0.5378618836402893,-1.2356846332550049,0.5765075087547302,0.7026843428611755,-1.625173568725586,0.4666363596916199,0.716912567615509,-1.6197474002838135,0.8674775958061218,0.9302813410758972,-0.7706676125526428,0.19929839670658112,0.9321957230567932,-0.7946417927742004,0.9799588918685913,1.4504152536392212,-0.6453375220298767,0.0742909237742424,1.5281444787979126,-0.6352531313896179,0.9365113973617554,1.8384857177734375,-1.0333839654922485,0.13655316829681396,1.9083366394042969,-1.2187786102294922,0.9678781628608704,1.9784722328186035,-1.174619436264038,0.1251634806394577,2.0535333156585693,-1.4026529788970947,0.9035614728927612,1.9600969552993774,-1.262820839881897,0.17928169667720795,2.0213844776153564,-1.4970616102218628,0.8802324533462524,1.9025851488113403,-1.0930145978927612,0.1961289495229721,1.9613983631134033,-1.2831133604049683,0.7388474345207214,1.8936727046966553,-0.06279817223548889,0.32153627276420593,1.9062377214431763,0.06972803175449371,0.7428421974182129,2.732729196548462,-0.09170173853635788,0.3684879541397095,2.718698740005493,-0.17651982605457306,0.7548113465309143,3.4295461177825928,0.8629131317138672,0.3953990042209625,3.421051502227783,0.5023432970046997,0.7664336562156677,3.5494256019592285,0.9092069864273071,0.3968309760093689,3.5461716651916504,0.5436588525772095,0.6834035515785217,3.7139971256256104,0.0557730607688427,0.4639549255371094,3.687817096710205,-0.38985151052474976,0.4195017187360491,2
2026-09-24T12:32:29.460643,S013,S013_A5_Y_20260924_1231,elevated_20,A5,young,class_2,0.49877485632896423,0.608945906162262,-1.8669891357421875,0.5333364009857178,0.5011178851127625,-1.81349778175354,0.5621511340141296,0.4946628510951996,-1.8137964010238647,0.5861191749572754,0.4885920584201813,-1.8140672445297241,0.4434961676597595,0.5126737356185913,-1.8121931552886963,0.4170074462890625,0.514776349067688,-1.811619758605957,0.3936331868171692,0.5172933340072632,-1.812169075012207,0.6187534332275391,0.49699947237968445,-1.2444859743118286,0.36431175470352173,0.5305843949317932,-1.213592290878296,0.56136155128479,0.6898471117019653,-1.6282718181610107,0.45604461431503296,0.7008923292160034,-1.6209766864776611,0.8494680523872375,0.9157355427742004,-0.7323609590530396,0.1946086585521698,0.9276939034461975,-0.7471164464950562,0.9536026120185852,1.4338123798370361,-0.6866127252578735,0.07834126055240631,1.5122452974319458,-0.6388607621192932,0.9110530018806458,1.835899829864502,-1.2253611087799072,0.13827021420001984,1.8985636234283447,-1.3307116031646729,0.9401713609695435,1.9529350996017456,-1.3851566314697266,0.1261228770017624,2.0229990482330322,-1.5271522998809814,0.8779891133308411,1.9282219409942627,-1.4785856008529663,0.18215927481651306,1.9889284372329712,-1.6118075847625732,0.8568089604377747,1.8816274404525757,-1.2902568578720093,0.1966758817434311,1.9364778995513916,-1.3929287195205688,0.7305052876472473,1.8902214765548706,-0.06163247674703598,0.3251532018184662,1.900341510772705,0.06870855391025543,0.7231876254081726,2.7307541370391846,-0.17167334258556366,0.36049073934555054,2.7051613330841064,-0.30813926458358765,0.7336469888687134,3.4191744327545166,0.6055245995521545,0.3875761926174164,3.408653974533081,0.20812568068504333,0.7456619143486023,3.5392260551452637,0.6335094571113586,0.39054566621780396,3.532285451889038,0.22881975769996643,0.661479115486145,3.7055678367614746,-0.23717975616455078,0.4517408311367035,3.6837422847747803,-0.710502028465271,0.41826459071848093,2
2026-09-24T12:32:29.538490,S013,S013_A5_Y_20260924_1231,elevated_20,A5,young,class_2,0.4959453046321869,0.6053803563117981,-1.8822685480117798,0.5281005501747131,0.498332142829895,-1.8297474384307861,0.5563766360282898,0.4916451573371887,-1.830087423324585,0.5802519917488098,0.48517706990242004,-1.830283522605896,0.4411129951477051,0.5098758935928345,-1.8350601196289062,0.41488832235336304,0.511913001537323,-1.8345098495483398,0.3913264572620392,0.5144211649894714,-1.835135817527771,0.6106200814247131,0.49343088269233704,-1.2701709270477295,0.3620477020740509,0.5275453925132751,-1.2682278156280518,0.5553793907165527,0.6845136880874634,-1.6466858386993408,0.45254865288734436,0.6950169801712036,-1.6475162506103516,0.8313277959823608,0.9048351645469666,-0.7306289672851562,0.18953901529312134,0.9246453046798706,-0.8204758763313293,0.9388810396194458,1.407314419746399,-0.6204002499580383,0.08038003742694855,1.511257529258728,-0.6222502589225769,0.8975802659988403,1.7922476530075073,-1.1385818719863892,0.13865308463573456,1.9063786268234253,-1.1429728269577026,0.9253204464912415,1.9223335981369019,-1.2878272533416748,0.1275833249092102,2.050569534301758,-1.3183835744857788,0.8696268796920776,1.901347041130066,-1.3850332498550415,0.1810784637928009,2.0192487239837646,-1.4245907068252563,0.8467198610305786,1.84767484664917,-1.2037490606307983,0.19712497293949127,1.958311676979065,-1.20676851272583,0.7222113013267517,1.8883458375930786,-0.05787849426269531,0.3229620158672333,1.8985728025436401,0.06490155309438705,0.7133771181106567,2.727010488510132,-0.15401414036750793,0.35758331418037415,2.698956251144409,-0.24888749420642853,0.7286096215248108,3.415372371673584,0.6572732925415039,0.38906827569007874,3.40472674369812,0.3263818621635437,0.7400044202804565,3.536639451980591,0.6889513731002808,0.39253419637680054,3.527571678161621,0.3544391095638275,0.661859393119812,3.6979219913482666,-0.16469426453113556,0.45292288064956665,3.673511028289795,-0.560829222202301,0.4172847081879974,2
2026-09-24T12:32:29.618955,S013,S013_A5_Y_20260924_1231,elevated_20,A5,young,class_2,0.4902542233467102,0.6033325791358948,-1.743556022644043,0.521129846572876,0.49678876996040344,-1.6927541494369507,0.5498641729354858,0.4905596375465393,-1.6929839849472046,0.5747462511062622,0.48454639315605164,-1.6931440830230713,0.43567943572998047,0.5077922940254211,-1.6970608234405518,0.41087883710861206,0.5100430250167847,-1.6963351964950562,0.3874514698982239,0.5129481554031372,-1.6968539953231812,0.6051990985870361,0.4941190481185913,-1.1426219940185547,0.35899823904037476,0.5274780988693237,-1.1323277950286865,0.5487040281295776,0.6813272833824158,-1.5139122009277344,0.4482063353061676,0.6914979815483093,-1.5121984481811523,0.81988525390625,0.8971129059791565,-0.6269974708557129,0.19079460203647614,0.920578122138977,-0.7071385979652405,0.9345213770866394,1.4066616296768188,-0.5702595114707947,0.08207772672176361,1.493147611618042,-0.5379933714866638,0.8782485723495483,1.7119101285934448,-1.1203527450561523,0.14875447750091553,1.8955875635147095,-1.1053001880645752,0.8961902856826782,1.8176082372665405,-1.2731647491455078,0.1458669751882553,2.031374216079712,-1.275329828262329,0.851893424987793,1.7806084156036377,-1.3451160192489624,0.19709791243076324,1.997460961341858,-1.3750687837600708,0.831114649772644,1.739898681640625,-1.1772648096084595,0.2100817859172821,1.9399616718292236,-1.1671901941299438,0.7174882292747498,1.878767490386963,-0.05936252325773239,0.32201775908470154,1.8896644115447998,0.066435307264328,0.710796058177948,2.707143545150757,-0.12213530391454697,0.3555065393447876,2.6954307556152344,-0.08941253274679184,0.7216018438339233,3.4114203453063965,0.7089141011238098,0.3883039653301239,3.400296926498413,0.40786033868789673,0.7324862480163574,3.532912254333496,0.7424149513244629,0.39124470949172974,3.5227744579315186,0.4552682340145111,0.6586782336235046,3.683398485183716,-0.1040576919913292,0.45259159803390503,3.6730291843414307,-0.4395900368690491,0.41664147891314124,2
2026-09-24T12:32:29.689040,S013,S013_A5_Y_20260924_1231,elevated_20,A5,young,class_2,0.4798666834831238,0.5984726548194885,-1.6811233758926392,0.5128887891769409,0.4933726489543915,-1.6316076517105103,0.5426519513130188,0.4877890646457672,-1.6318473815917969,0.5691332817077637,0.4824155867099762,-1.632022500038147,0.4280674457550049,0.503604531288147,-1.6275758743286133,0.4044857621192932,0.505696177482605,-1.6267133951187134,0.3817674517631531,0.5086221098899841,-1.6272598505020142,0.6025668382644653,0.494240939617157,-1.1179931163787842,0.3569156527519226,0.524333655834198,-1.0678921937942505,0.5405154228210449,0.6789456009864807,-1.4679096937179565,0.4405818581581116,0.6856846213340759,-1.4547423124313354,0.8208863139152527,0.8974522352218628,-0.6429057717323303,0.19155219197273254,0.9168035984039307,-0.6901040077209473,0.9363033175468445,1.4048460721969604,-0.54033362865448,0.07872676104307175,1.488086462020874,-0.486970990896225,0.8838817477226257,1.7155520915985107,-0.9778587222099304,0.138809472322464,1.8921416997909546,-0.9879385828971863,0.9040367007255554,1.8196361064910889,-1.1170053482055664,0.13081194460391998,2.0364556312561035,-1.1495018005371094,0.8542509078979492,1.788481593132019,-1.1999403238296509,0.18778175115585327,2.0080056190490723,-1.245929479598999,0.833919882774353,1.7407034635543823,-1.0373262166976929,0.2026393860578537,1.9473114013671875,-1.048032522201538,0.7088668942451477,1.8784011602401733,-0.06285782158374786,0.316468209028244,1.8864282369613647,0.07006282359361649,0.7010473608970642,2.7024083137512207,-0.14580968022346497,0.348080039024353,2.693359375,-0.08557500690221786,0.7097378373146057,3.4087722301483154,0.6310313940048218,0.3819858431816101,3.397426128387451,0.43380457162857056,0.7217261791229248,3.5297605991363525,0.6621099710464478,0.385238379240036,3.5193216800689697,0.46695977449417114,0.6412907838821411,3.681372880935669,-0.16871805489063263,0.4405782222747803,3.666384220123291,-0.42156466841697693,0.4158490412328595,2
2026-09-24T12:32:29.757576,S013,S013_A5_Y_20260924_1231,elevated_20,A5,young,class_2,0.4771396517753601,0.588762640953064,-1.8160676956176758,0.5061463713645935,0.484632283449173,-1.772055983543396,0.5345656275749207,0.47797054052352905,-1.772316336631775,0.5608738660812378,0.4714374840259552,-1.7725054025650024,0.4251880645751953,0.4962041676044464,-1.7687304019927979,0.402059406042099,0.4980945885181427,-1.7683906555175781,0.37981685996055603,0.501217246055603,-1.7689876556396484,0.595417857170105,0.4808405935764313,-1.2427213191986084,0.35652172565460205,0.5153369307518005,-1.2011367082595825,0.5366814136505127,0.666716456413269,-1.5916976928710938,0.44088155031204224,0.6773957014083862,-1.58146333694458,0.8177790641784668,0.8819724917411804,-0.7213836908340454,0.19739724695682526,0.9088538885116577,-0.739664614200592,0.9388478398323059,1.360059142112732,-0.665829598903656,0.10258561372756958,1.4530764818191528,-0.5894103646278381,0.8575230836868286,1.5483514070510864,-1.277895212173462,0.16843323409557343,1.8177627325057983,-1.1504731178283691,0.859076201915741,1.6260871887207031,-1.41949462890625,0.16693314909934998,1.957998275756836,-1.3117775917053223,0.8223086595535278,1.5800807476043701,-1.4574289321899414,0.21075919270515442,1.9200940132141113,-1.3917415142059326,0.8090870976448059,1.5453482866287231,-1.31655752658844,0.22260531783103943,1.8591907024383545,-1.2044168710708618,0.7134102582931519,1.8507752418518066,-0.06308700144290924,0.328875869512558,1.8567051887512207,0.07026959210634232,0.705181360244751,2.645629405975342,-0.17118701338768005,0.3587212562561035,2.6311609745025635,-0.13314831256866455,0.7119446992874146,3.366239309310913,0.5435133576393127,0.396451473236084,3.350628137588501,0.31992074847221375,0.7233678698539734,3.4881911277770996,0.5708268880844116,0.4002828001976013,3.4684972763061523,0.3382567763328552,0.6459740996360779,3.6100382804870605,-0.2281225025653839,0.45105186104774475,3.5953073501586914,-0.5037758946418762,0.4147213758187718,2
2026-09-24T12:32:29.833420,S013,S013_A5_Y_20260924_1231,elevated_20,A5,young,class_2,0.47222939133644104,0.5735624432563782,-1.8283761739730835,0.5004690885543823,0.46723026037216187,-1.7849489450454712,0.5283399224281311,0.4588842988014221,-1.785143256187439,0.5551309585571289,0.45261842012405396,-1.7851930856704712,0.4212745130062103,0.4839353859424591,-1.7754398584365845,0.398781418800354,0.4866146147251129,-1.7751544713974,0.3769795298576355,0.4908561110496521,-1.7757835388183594,0.5930121541023254,0.4636043310165405,-1.2694904804229736,0.35646992921829224,0.5076784491539001,-1.2002705335617065,0.5352691411972046,0.65229332447052,-1.611231803894043,0.44006428122520447,0.6669357419013977,-1.5931259393692017,0.820959746837616,0.8705788254737854,-0.7501586675643921,0.20031926035881042,0.9047853350639343,-0.7628722786903381,0.9408882260322571,1.3657323122024536,-0.7224487662315369,0.12125656753778458,1.4571455717086792,-0.6390964388847351,0.8602534532546997,1.5798094272613525,-1.3000667095184326,0.21631765365600586,1.8040958642959595,-1.2459560632705688,0.8627974390983582,1.666756272315979,-1.4480845928192139,0.22435593605041504,1.9422662258148193,-1.4279676675796509,0.8226411938667297,1.6218719482421875,-1.4876915216445923,0.2670866847038269,1.8946443796157837,-1.4726773500442505,0.8098217248916626,1.583840250968933,-1.3398160934448242,0.27658170461654663,1.8351554870605469,-1.2875850200653076,0.7222109436988831,1.8278591632843018,-0.06136069446802139,0.34274226427078247,1.843908667564392,0.06831087917089462,0.7245657444000244,2.6319024562835693,-0.1852213442325592,0.387169748544693,2.6261496543884277,-0.2435074746608734,0.7426416277885437,3.362448215484619,0.49305063486099243,0.4322853684425354,3.3515372276306152,0.1817665994167328,0.7564815282821655,3.4836511611938477,0.5150042176246643,0.43845391273498535,3.4691081047058105,0.19545093178749084,0.6747995615005493,3.608273506164551,-0.3124653100967407,0.49116331338882446,3.595376491546631,-0.6891182661056519,0.41390266549669,2
2026-09-24T12:32:29.914434,S013,S013_A5_Y_20260924_1231,elevated_20,A5,young,class_2,0.4706977307796478,0.5671023726463318,-1.5646862983703613,0.4993542730808258,0.45833274722099304,-1.5244027376174927,0.5278217196464539,0.4499603509902954,-1.5244442224502563,0.5547753572463989,0.4441652297973633,-1.5245510339736938,0.41901955008506775,0.4761534333229065,-1.5148881673812866,0.3964402675628662,0.4792020916938782,-1.5141510963439941,0.3746527433395386,0.4841111898422241,-1.514678955078125,0.593192458152771,0.45687559247016907,-1.075129747390747,0.3548797070980072,0.5031200647354126,-0.997989296913147,0.5348703861236572,0.6466825008392334,-1.3773176670074463,0.4385773539543152,0.6620261669158936,-1.355669617652893,0.8228851556777954,0.8621551394462585,-0.63331538438797,0.20197680592536926,0.9001132249832153,-0.6843835115432739,0.9442993998527527,1.367355227470398,-0.488260418176651,0.1194247454404831,1.4598734378814697,-0.4934428334236145,0.8638498187065125,1.676148533821106,-0.7748396992683411,0.21205630898475647,1.8450961112976074,-0.9177681803703308,0.8760119676589966,1.8045140504837036,-0.8827167749404907,0.2012968510389328,1.9951988458633423,-1.0616551637649536,0.8253755569458008,1.792104959487915,-0.9582962989807129,0.26286113262176514,1.9671427011489868,-1.1418631076812744,0.8135231733322144,1.7380754947662354,-0.8265866041183472,0.27244940400123596,1.903822660446167,-0.9692986607551575,0.7233055830001831,1.8123232126235962,-0.06121879816055298,0.3433375358581543,1.8300832509994507,0.06812329590320587,0.7246959209442139,2.6168172359466553,-0.10049772262573242,0.38523420691490173,2.6157424449920654,-0.047038689255714417,0.7422956228256226,3.3438239097595215,0.5322749018669128,0.4317578375339508,3.334418296813965,0.4407176375389099,0.7561569809913635,3.4625895023345947,0.5525869727134705,0.4378042221069336,3.4508516788482666,0.46525388956069946,0.6735973954200745,3.590827226638794,-0.11542481184005737,0.4865526556968689,3.5737597942352295,-0.3488430380821228,0.41324500144555437,2
2026-09-24T12:32:29.987361,S013,S013_A5_Y_20260924_1231,elevated_20,A5,young,class_2,0.46302786469459534,0.556378960609436,-1.5590012073516846,0.4922385811805725,0.44782066345214844,-1.5144836902618408,0.521316409111023,0.44029465317726135,-1.5146452188491821,0.548524796962738,0.43532198667526245,-1.5147837400436401,0.4138724207878113,0.46588727831840515,-1.5003067255020142,0.3918900191783905,0.47000744938850403,-1.4996399879455566,0.370417058467865,0.475742906332016,-1.50016450881958,0.5910254716873169,0.4537281095981598,-1.0383458137512207,0.35404589772224426,0.49847739934921265,-0.9390355348587036,0.529808521270752,0.6379629969596863,-1.3625034093856812,0.43354687094688416,0.6530834436416626,-1.3352413177490234,0.8234559893608093,0.858142077922821,-0.6119811534881592,0.2093411237001419,0.8952669501304626,-0.5934240221977234,0.943973183631897,1.3657207489013672,-0.5713070034980774,0.12601052224636078,1.4502317905426025,-0.48528391122817993,0.8528362512588501,1.6487324237823486,-0.9820195436477661,0.2349921017885208,1.7967153787612915,-1.061079978942871,0.8619928359985352,1.7667021751403809,-1.1151697635650635,0.24021825194358826,1.942818522453308,-1.2236722707748413,0.8093863725662231,1.7392581701278687,-1.1742088794708252,0.29552116990089417,1.9000861644744873,-1.2928344011306763,0.7984441518783569,1.6873970031738281,-1.028427243232727,0.30266135931015015,1.8379772901535034,-1.1100305318832397,0.7247669696807861,1.8094192743301392,-0.07427164167165756,0.3471224308013916,1.825958251953125,0.08082759380340576,0.729094386100769,2.6061527729034424,-0.0639634057879448,0.38608795404434204,2.606454610824585,0.05909774452447891,0.7441366314888,3.321396827697754,0.6800563335418701,0.4301345944404602,3.3164923191070557,0.6156920194625854,0.7584639191627502,3.436845064163208,0.7137472629547119,0.43551984429359436,3.4319119453430176,0.6485360264778137,0.6743471026420593,3.5669033527374268,-0.034000687301158905,0.48746681213378906,3.5518507957458496,-0.19109511375427246,0.4125574907046746,2
2026-09-24T12:32:30.066280,S013,S013_A5_Y_20260924_1231,elevated_20,A5,young,class_2,0.46163052320480347,0.5510258078575134,-1.4342275857925415,0.4911431670188904,0.4434523284435272,-1.3888347148895264,0.5196002125740051,0.4359775185585022,-1.3890752792358398,0.5462738275527954,0.4311705529689789,-1.389392614364624,0.4134768545627594,0.46230438351631165,-1.3757683038711548,0.3916400969028473,0.46676236391067505,-1.374951720237732,0.3702627718448639,0.472869336605072,-1.3754080533981323,0.5888494849205017,0.45117345452308655,-0.9122427105903625,0.35391297936439514,0.4964679777622223,-0.8174117207527161,0.5274620652198792,0.6319794058799744,-1.2389771938323975,0.432481050491333,0.6476877331733704,-1.2125053405761719,0.8218698501586914,0.8552667498588562,-0.5212211608886719,0.21060745418071747,0.8915682435035706,-0.49424704909324646,0.9362596273422241,1.3598721027374268,-0.47854843735694885,0.12723997235298157,1.4401452541351318,-0.45052990317344666,0.8554460406303406,1.6547093391418457,-0.9084866642951965,0.22524864971637726,1.7498812675476074,-1.1166287660598755,0.8680206537246704,1.7871559858322144,-1.0582722425460815,0.22770461440086365,1.885693907737732,-1.263157606124878,0.8132367134094238,1.761619210243225,-1.129489541053772,0.28036314249038696,1.8377517461776733,-1.3296639919281006,0.7997196316719055,1.7038166522979736,-0.9619183540344238,0.2905401885509491,1.780622959136963,-1.1666615009307861,0.7246208786964417,1.805612564086914,-0.08724919706583023,0.3471222519874573,1.819128155708313,0.093557208776474,0.7282504439353943,2.5948643684387207,-0.03716278821229935,0.3816955089569092,2.5986015796661377,0.17658363282680511,0.7375158071517944,3.3034868240356445,0.7889007925987244,0.4218011796474457,3.2989752292633057,0.7767125964164734,0.7518168091773987,3.4169251918792725,0.8303707838058472,0.42583614587783813,3.412534236907959,0.8149674534797668,0.6671172976493835,3.5443661212921143,0.055854231119155884,0.4754997193813324,3.5314416885375977,-0.020554697141051292,0.41224616753243026,2
2026-09-24T12:32:30.138905,S013,S013_A5_Y_20260924_1231,elevated_20,A5,young,class_2,0.4579707980155945,0.54633629322052,-1.3306573629379272,0.4871842861175537,0.4384826421737671,-1.2866733074188232,0.5155308842658997,0.43111011385917664,-1.2867511510849,0.5420987010002136,0.42628541588783264,-1.286940574645996,0.4122030735015869,0.45855388045310974,-1.2715461254119873,0.39091843366622925,0.46363216638565063,-1.2707016468048096,0.3698292076587677,0.47025159001350403,-1.27116858959198,0.5866429209709167,0.44850265979766846,-0.8532489538192749,0.3541008532047272,0.494179904460907,-0.750329852104187,0.5246919989585876,0.6266306638717651,-1.1546556949615479,0.4314059317111969,0.6428859829902649,-1.1253643035888672,0.8211237192153931,0.8563610911369324,-0.4747936725616455,0.21196714043617249,0.8906143307685852,-0.4878273606300354,0.930638313293457,1.3605177402496338,-0.461638867855072,0.12231697887182236,1.440057396888733,-0.4036029875278473,0.8590347170829773,1.6731934547424316,-0.8918750882148743,0.2228066474199295,1.7601042985916138,-0.9344037175178528,0.8739286661148071,1.8051304817199707,-1.030807375907898,0.22127661108970642,1.893358588218689,-1.0894519090652466,0.8149243593215942,1.790446400642395,-1.0990240573883057,0.27455952763557434,1.8413196802139282,-1.1643257141113281,0.8031891584396362,1.7340466976165771,-0.9455745816230774,0.2853752374649048,1.7832032442092896,-0.9841782450675964,0.7252225279808044,1.8036800622940063,-0.08618884533643723,0.3507438004016876,1.8175712823867798,0.09249778836965561,0.7283650636672974,2.58612060546875,-0.07083843648433685,0.3817889988422394,2.592919111251831,0.07482971251010895,0.7379390597343445,3.2956464290618896,0.6501736044883728,0.4215526580810547,3.293632745742798,0.6624606847763062,0.7524909377098083,3.4117684364318848,0.681498110294342,0.42535123229026794,3.409163236618042,0.6734472513198853,0.6678978204727173,3.530111074447632,-0.06915028393268585,0.4755465090274811,3.520066022872925,-0.13140951097011566,0.4121693611107758,2
2026-09-24T12:32:30.201913,S013,S013_A5_Y_20260924_1231,elevated_20,A5,young,class_2,0.45672979950904846,0.5427847504615784,-1.3716247081756592,0.4862002730369568,0.4338659346103668,-1.322906732559204,0.5146929025650024,0.4268435835838318,-1.3230646848678589,0.5412595868110657,0.4223223626613617,-1.3233075141906738,0.41168656945228577,0.4538693130016327,-1.3095273971557617,0.3904026746749878,0.4594267010688782,-1.3087221384048462,0.3694048523902893,0.46648868918418884,-1.3092408180236816,0.5857049226760864,0.44610103964805603,-0.8679425120353699,0.3541874289512634,0.49194881319999695,-0.7728706002235413,0.5234845876693726,0.624057412147522,-1.187676191329956,0.43020138144493103,0.6406136751174927,-1.1612982749938965,0.8202565312385559,0.8574857711791992,-0.4906143248081207,0.21210706233978271,0.888711154460907,-0.5040803551673889,0.9281725883483887,1.3626459836959839,-0.4678584635257721,0.12030136585235596,1.4386860132217407,-0.469218909740448,0.8614514470100403,1.699731707572937,-0.8784795999526978,0.21736037731170654,1.752568006515503,-1.0225350856781006,0.8758298754692078,1.83183753490448,-1.0185317993164062,0.21469612419605255,1.8861676454544067,-1.2257848978042603,0.8190926313400269,1.8168365955352783,-1.085362434387207,0.26703372597694397,1.837290644645691,-1.2838690280914307,0.8059272766113281,1.760441541671753,-0.9316753149032593,0.27919548749923706,1.7816470861434937,-1.0733253955841064,0.7242490649223328,1.8053094148635864,-0.08589772135019302,0.3495456576347351,1.8183187246322632,0.0922468975186348,0.725792407989502,2.587996006011963,-0.0593135841190815,0.3761197030544281,2.5917370319366455,0.1012498289346695,0.7343505024909973,3.2940077781677246,0.7088953852653503,0.4167529046535492,3.289409875869751,0.6734665632247925,0.7489185333251953,3.409632682800293,0.7451620101928711,0.41941651701927185,3.4045279026031494,0.7038248777389526,0.6651343107223511,3.5284669399261475,-0.009702987968921661,0.4725055694580078,3.516775608062744,-0.11968568712472916,0.4120250342004345,2
2026-09-24T12:32:30.262586,S013,S013_A5_Y_20260924_1231,elevated_20,A5,young,class_2,0.4563118815422058,0.5395528674125671,-1.3137712478637695,0.4862649440765381,0.4309171736240387,-1.2731112241744995,0.5146857500076294,0.42443111538887024,-1.273103952407837,0.5410162210464478,0.4202058017253876,-1.2732245922088623,0.41206541657447815,0.4491240084171295,-1.257225751876831,0.3907472789287567,0.4546070098876953,-1.2563201189041138,0.36974141001701355,0.46161359548568726,-1.256809115409851,0.585273802280426,0.4444732964038849,-0.8601009249687195,0.3543800115585327,0.48883187770843506,-0.7540924549102783,0.5222464799880981,0.6218712329864502,-1.1460539102554321,0.4291786253452301,0.6375408172607422,-1.1156127452850342,0.8203713297843933,0.8565531373023987,-0.49133872985839844,0.21417026221752167,0.8849638104438782,-0.5134823322296143,0.9294087290763855,1.3633462190628052,-0.41788989305496216,0.11993950605392456,1.4380085468292236,-0.3958551287651062,0.8653725385665894,1.7234126329421997,-0.7544454336166382,0.21275043487548828,1.753324270248413,-0.8600785136222839,0.8894339799880981,1.851359486579895,-0.8816884160041809,0.20478136837482452,1.887939691543579,-1.011960744857788,0.8291949033737183,1.8420405387878418,-0.947696328163147,0.2617124021053314,1.8482024669647217,-1.088577389717102,0.8108183741569519,1.7872884273529053,-0.8071619272232056,0.27675119042396545,1.7938053607940674,-0.9111631512641907,0.7235004901885986,1.8026411533355713,-0.08563348650932312,0.34942683577537537,1.8142178058624268,0.09194551408290863,0.7195866703987122,2.5836338996887207,-0.06387399882078171,0.36879241466522217,2.5888330936431885,0.09483838081359863,0.725141704082489,3.2895796298980713,0.697730302810669,0.4077081084251404,3.2833473682403564,0.6397835612297058,0.7396593689918518,3.405179262161255,0.734307050704956,0.41050201654434204,3.3975625038146973,0.6707744002342224,0.6564853191375732,3.521453857421875,-0.011903972364962101,0.4589730203151703,3.5087382793426514,-0.13874970376491547,0.41192245761147095,2
2026-09-24T12:32:30.335057,S013,S013_A5_Y_20260924_1231,elevated_20,A5,young,class_2,0.4566948413848877,0.53721022605896,-1.38865327835083,0.48688116669654846,0.42901596426963806,-1.3419100046157837,0.5151698589324951,0.42273345589637756,-1.3419692516326904,0.5413613319396973,0.41871434450149536,-1.3420454263687134,0.41252654790878296,0.4465639889240265,-1.3293570280075073,0.3911285102367401,0.4520438313484192,-1.3286206722259521,0.3700818717479706,0.45905211567878723,-1.3291165828704834,0.585142970085144,0.44395387172698975,-0.9021576642990112,0.35450392961502075,0.48778459429740906,-0.8126376867294312,0.5221447348594666,0.6201898455619812,-1.2107497453689575,0.42910513281822205,0.635218620300293,-1.185566782951355,0.818693995475769,0.8570109009742737,-0.5226079225540161,0.21603253483772278,0.8852019906044006,-0.5363441109657288,0.9273627996444702,1.363061547279358,-0.4780952036380768,0.11940225213766098,1.4380667209625244,-0.43880605697631836,0.8647674322128296,1.717284083366394,-0.8729196786880493,0.21018867194652557,1.7583128213882446,-0.9707531929016113,0.889055609703064,1.8461931943893433,-1.0064842700958252,0.20488476753234863,1.8933016061782837,-1.1300570964813232,0.828508734703064,1.8387196063995361,-1.0727673768997192,0.2603357434272766,1.8540376424789429,-1.2028934955596924,0.8100115060806274,1.7801086902618408,-0.9247010350227356,0.2744702100753784,1.7980473041534424,-1.0211893320083618,0.7230309844017029,1.8035404682159424,-0.08452524244785309,0.34942469000816345,1.8144444227218628,0.09079531580209732,0.7196992039680481,2.585653066635132,-0.0957510694861412,0.36883577704429626,2.590620756149292,0.07456092536449432,0.725475013256073,3.292557716369629,0.6248211860656738,0.4086132049560547,3.2869479656219482,0.5243802070617676,0.7404170632362366,3.408827781677246,0.6555247902870178,0.41171059012413025,3.40204119682312,0.5466453433036804,0.6568211913108826,3.526005506515503,-0.10031845420598984,0.4600522518157959,3.511596441268921,-0.2458522766828537,0.41171473048840806,2
2026-09-24T12:32:30.408364,S013,S013_A5_Y_20260924_1231,elevated_20,A5,young,class_2,0.45701390504837036,0.5367804765701294,-1.3986217975616455,0.4872075617313385,0.42866626381874084,-1.3467748165130615,0.5153524875640869,0.4225519299507141,-1.3469531536102295,0.5414402484893799,0.4186479449272156,-1.3471800088882446,0.412883460521698,0.4454491436481476,-1.3362224102020264,0.3914399743080139,0.45075228810310364,-1.3355125188827515,0.370352566242218,0.45761820673942566,-1.3360157012939453,0.5848172903060913,0.44405597448349,-0.885771632194519,0.35472798347473145,0.48708024621009827,-0.8045471906661987,0.5218876600265503,0.6201881170272827,-1.2138718366622925,0.42917943000793457,0.634713351726532,-1.1911590099334717,0.8165672421455383,0.8576265573501587,-0.5128061771392822,0.21784789860248566,0.8854846954345703,-0.5221067667007446,0.9236758947372437,1.3637521266937256,-0.4831405282020569,0.12104447185993195,1.4382973909378052,-0.45497363805770874,0.8652529716491699,1.7158453464508057,-0.8972514271736145,0.21345262229442596,1.7614818811416626,-0.9761449694633484,0.8895554542541504,1.8430612087249756,-1.0349094867706299,0.2120482474565506,1.896674633026123,-1.1465473175048828,0.8294433355331421,1.8317081928253174,-1.1021325588226318,0.26653334498405457,1.8571312427520752,-1.2124375104904175,0.8107178807258606,1.7749370336532593,-0.9493231773376465,0.2781939208507538,1.8004080057144165,-1.0299489498138428,0.7223657369613647,1.8063092231750488,-0.0848039984703064,0.34940654039382935,1.8179528713226318,0.09104405343532562,0.7198361158370972,2.587855339050293,-0.09525913000106812,0.3691309094429016,2.5917861461639404,0.07510210573673248,0.7258668541908264,3.2945666313171387,0.6473240256309509,0.40892690420150757,3.2895727157592773,0.5568420886993408,0.7404860854148865,3.4109153747558594,0.6801984310150146,0.4117567539215088,3.4050755500793457,0.580734372138977,0.6574576497077942,3.529402732849121,-0.08646056801080704,0.4617841839790344,3.5156052112579346,-0.21412143111228943,0.4115495884545839,2
2026-09-24T12:32:30.488307,S013,S013_A5_Y_20260924_1231,elevated_20,A5,young,class_2,0.4572388231754303,0.5379145741462708,-1.3781402111053467,0.4875353276729584,0.42976662516593933,-1.3273885250091553,0.5155725479125977,0.4236502945423126,-1.3275511264801025,0.5415129661560059,0.4197338819503784,-1.3277473449707031,0.41319185495376587,0.44633954763412476,-1.316998839378357,0.3916846513748169,0.45148375630378723,-1.316156268119812,0.37056392431259155,0.45822152495384216,-1.3166311979293823,0.5845946669578552,0.4447241723537445,-0.8746941685676575,0.35488519072532654,0.4872104525566101,-0.7937182188034058,0.5215116143226624,0.6210678219795227,-1.19625723361969,0.42917218804359436,0.6352297067642212,-1.173753023147583,0.8163421750068665,0.8579591512680054,-0.5014785528182983,0.2183683216571808,0.8853791952133179,-0.5175343155860901,0.9242380857467651,1.3641736507415771,-0.4388084411621094,0.12019689381122589,1.4373270273208618,-0.3931804299354553,0.8672817349433899,1.7293368577957153,-0.8051847219467163,0.2093385010957718,1.7648484706878662,-0.8852615356445312,0.8959465026855469,1.861009955406189,-0.932867705821991,0.20703010261058807,1.9002574682235718,-1.0392218828201294,0.8324645161628723,1.8542511463165283,-1.003821849822998,0.2620755136013031,1.857578158378601,-1.11690092086792,0.8122965693473816,1.7948665618896484,-0.8581007122993469,0.273025780916214,1.8011912107467651,-0.9367518424987793,0.7210503816604614,1.806427240371704,-0.0844363123178482,0.3488144874572754,1.8179857730865479,0.09068798273801804,0.7190878391265869,2.5862021446228027,-0.1258440613746643,0.36901867389678955,2.5901427268981934,0.04605623334646225,0.7261067032814026,3.2932188510894775,0.5919821858406067,0.4086373448371887,3.2893660068511963,0.4920532703399658,0.7406591773033142,3.4102256298065186,0.6213852167129517,0.41140270233154297,3.4057860374450684,0.5134285688400269,0.6575466990470886,3.5284337997436523,-0.14918452501296997,0.4616974890232086,3.5148420333862305,-0.29906970262527466,0.411310368529457,2
2026-09-24T12:32:30.558250,S013,S013_A5_Y_20260924_1231,elevated_20,A5,young,class_2,0.45677265524864197,0.5373405814170837,-1.2443993091583252,0.48660311102867126,0.4294036626815796,-1.2049305438995361,0.514427125453949,0.4233151376247406,-1.2049975395202637,0.5400840640068054,0.4193490743637085,-1.2052247524261475,0.41311150789260864,0.4460931122303009,-1.1896135807037354,0.39170730113983154,0.4513089060783386,-1.1886582374572754,0.3705747425556183,0.45813843607902527,-1.1890442371368408,0.5833534002304077,0.44447505474090576,-0.8019468188285828,0.3549914062023163,0.48694655299186707,-0.6953566670417786,0.5208886861801147,0.6203299164772034,-1.081225037574768,0.4291371703147888,0.6341591477394104,-1.0505329370498657,0.8155977129936218,0.8584020733833313,-0.4737846255302429,0.218341663479805,0.8856334090232849,-0.4700733721256256,0.9245373010635376,1.3637639284133911,-0.4207092225551605,0.1198841780424118,1.4376742839813232,-0.3241734504699707,0.8773333430290222,1.7329394817352295,-0.7562884092330933,0.19442324340343475,1.7999267578125,-0.7565890550613403,0.9105027318000793,1.8616799116134644,-0.8839513659477234,0.18161584436893463,1.941205620765686,-0.894218921661377,0.8499376177787781,1.8572392463684082,-0.9461628198623657,0.23726406693458557,1.9165712594985962,-0.9829251170158386,0.8263117671012878,1.8006470203399658,-0.807145893573761,0.2542605698108673,1.857783555984497,-0.8108901977539062,0.7209699749946594,1.8053967952728271,-0.0884934514760971,0.34894898533821106,1.8179067373275757,0.09460285305976868,0.7190171480178833,2.5832626819610596,-0.11655914783477783,0.3693313002586365,2.5909230709075928,0.15285684168338776,0.72633957862854,3.290297508239746,0.6055519580841064,0.4091947078704834,3.289527177810669,0.7043538093566895,0.7407326102256775,3.4063682556152344,0.6412484645843506,0.411933034658432,3.405596971511841,0.7400277853012085,0.6578552722930908,3.524958610534668,-0.06754834949970245,0.46179088950157166,3.514455556869507,-0.046972908079624176,0.4112849338391904,2
2026-09-24T12:32:30.629762,S013,S013_A5_Y_20260924_1231,elevated_20,A5,young,class_2,0.4566716253757477,0.5371850728988647,-1.2601368427276611,0.4862745702266693,0.42927250266075134,-1.2232317924499512,0.5138886570930481,0.42314425110816956,-1.2233288288116455,0.5393133759498596,0.4191129803657532,-1.2235666513442993,0.41311782598495483,0.44619786739349365,-1.2076961994171143,0.39177095890045166,0.45146337151527405,-1.2067539691925049,0.37063318490982056,0.45833462476730347,-1.2071393728256226,0.5823982357978821,0.4440450072288513,-0.8182733654975891,0.35507306456565857,0.4867292642593384,-0.7107557058334351,0.5205175280570984,0.6199445724487305,-1.0942518711090088,0.429150253534317,0.6337200999259949,-1.0634143352508545,0.8146569132804871,0.8567612171173096,-0.48056572675704956,0.21887993812561035,0.8855317234992981,-0.4684895873069763,0.9249242544174194,1.3569226264953613,-0.41161423921585083,0.1205720454454422,1.4323322772979736,-0.3078323304653168,0.886832058429718,1.7310360670089722,-0.7395131587982178,0.19315101206302643,1.8001670837402344,-0.7361637353897095,0.9205307960510254,1.8588128089904785,-0.8653197288513184,0.18011653423309326,1.9412416219711304,-0.8726949691772461,0.862737774848938,1.8518288135528564,-0.9302617907524109,0.23427924513816833,1.9167710542678833,-0.9607795476913452,0.8384092450141907,1.7960586547851562,-0.7908645868301392,0.25176122784614563,1.8580422401428223,-0.7903103828430176,0.7210805416107178,1.7981480360031128,-0.09099366515874863,0.349848210811615,1.8122426271438599,0.09698276966810226,0.7191393375396729,2.572451114654541,-0.11098949611186981,0.37171411514282227,2.5858850479125977,0.14533573389053345,0.7263880968093872,3.2794487476348877,0.6361405253410339,0.4110491871833801,3.2816004753112793,0.687476634979248,0.7409164309501648,3.3939197063446045,0.6765580177307129,0.4141024649143219,3.3965673446655273,0.7217119932174683,0.658664345741272,3.51375150680542,-0.02837178483605385,0.46182504296302795,3.504131317138672,-0.07112428545951843,0.4111519914153398,2
2026-09-24T12:32:30.700537,S013,S013_A5_Y_20260924_1231,elevated_20,A5,young,class_2,0.45676860213279724,0.5360337495803833,-1.214130163192749,0.48611927032470703,0.42839279770851135,-1.1732168197631836,0.5136641263961792,0.42231547832489014,-1.1732177734375,0.5390496253967285,0.4183190166950226,-1.1733300685882568,0.4129924178123474,0.4456246495246887,-1.1597025394439697,0.3917253315448761,0.45114436745643616,-1.1586791276931763,0.37060385942459106,0.45822229981422424,-1.1590527296066284,0.5819701552391052,0.4438610374927521,-0.7738465666770935,0.3550589382648468,0.48684611916542053,-0.674160897731781,0.5206284523010254,0.6191616058349609,-1.0534149408340454,0.4292357861995697,0.6326141357421875,-1.0246922969818115,0.812788188457489,0.8569367527961731,-0.45873188972473145,0.21910583972930908,0.8855792284011841,-0.457951158285141,0.9119998812675476,1.3647187948226929,-0.3984738886356354,0.12375787645578384,1.4410898685455322,-0.3085615336894989,0.8740806579589844,1.7387748956680298,-0.7299894094467163,0.20182867348194122,1.8132966756820679,-0.7391387820243835,0.9089519381523132,1.8653279542922974,-0.8630290031433105,0.1908176690340042,1.9560456275939941,-0.8783279657363892,0.8513917922973633,1.8579771518707275,-0.9241954684257507,0.24454133212566376,1.927280068397522,-0.965397834777832,0.8260294198989868,1.8030675649642944,-0.7810205221176147,0.2620410919189453,1.867990493774414,-0.792293131351471,0.719490110874176,1.8004686832427979,-0.09060852229595184,0.34792983531951904,1.8151538372039795,0.09660963714122772,0.7180894613265991,2.5727155208587646,-0.09137178212404251,0.3711875379085541,2.588501214981079,0.15957240760326385,0.7231325507164001,3.281397581100464,0.6644436120986938,0.4064001142978668,3.2827460765838623,0.7356332540512085,0.7372391819953918,3.3960726261138916,0.7024961709976196,0.40810856223106384,3.3978819847106934,0.7737020254135132,0.6555033326148987,3.5164568424224854,-0.009250232018530369,0.4530991017818451,3.5062780380249023,-0.01398911140859127,0.41149590313723433,2
